tick,id,size,holding,elapsed,ahead,qpos,qsize,front,count,crowded,jam,n_train,n_hold,n_other,n_behind,n_missed,n_rest,n_rest_hold,n_rest_loop,count_rest,count_loop,count_all_loop,occ,occ_hold,occ_rest,n_corr,holder_corr,holder_stack_only,crowd_corr,check,guard,outcome,hopped
97,111,1,0,-1,5,2,3,0,5,0,0,5,0,0,0,0,0,0,0,5,5,5,0.1783,0.0000,0.0000,5,0,0,0,,0,pending,0
98,111,1,0,-1,5,2,3,0,5,0,0,5,0,0,0,0,0,0,0,5,5,5,0.1782,0.0000,0.0000,5,0,0,0,,0,hop,1
101,75,1,0,-1,10,1,3,0,10,0,0,10,0,0,0,0,0,0,0,10,10,10,0.3129,0.0000,0.0000,9,0,0,0,,0,hop,1
101,137,1,0,-1,4,1,3,0,3,0,0,3,0,0,0,1,0,0,0,3,4,4,0.1092,0.0000,0.0000,3,0,0,0,,0,hop,1
102,159,1,0,-1,24,1,3,0,27,0,0,27,0,0,0,0,0,0,0,27,27,27,0.2447,0.0000,0.0000,9,0,0,0,,0,hop,1
105,100,1,0,-1,22,1,2,0,25,0,0,25,0,0,0,1,0,0,0,25,26,26,0.3701,0.0000,0.0000,10,0,0,0,,0,hop,1
108,158,1,0,-1,24,0,2,1,29,0,0,29,0,0,2,1,0,0,0,29,28,28,0.2883,0.0000,0.0000,10,0,0,0,,0,hop,1
112,155,1,0,-1,0,0,3,1,1,0,0,1,0,0,1,0,0,0,0,1,0,0,0.0361,0.0000,0.0000,1,0,0,0,,0,pending,0
112,199,1,0,-1,24,2,3,0,25,0,0,25,0,0,0,0,0,0,0,25,25,25,0.3211,0.0000,0.0000,13,0,0,0,,0,hop,1
113,155,1,0,-1,0,0,3,1,1,0,0,1,0,0,1,0,0,0,0,1,0,0,0.0361,0.0000,0.0000,1,0,0,0,,0,hop,1
122,124,1,0,-1,9,1,2,0,8,0,0,8,0,0,0,1,0,0,0,8,9,9,0.2850,0.0000,0.0000,8,0,0,0,,0,pending,0
123,124,1,0,-1,9,1,2,0,8,0,0,8,0,0,0,1,0,0,0,8,9,9,0.2852,0.0000,0.0000,8,0,0,0,,0,hop,1
125,179,1,0,-1,4,4,5,0,5,0,0,5,0,0,1,0,0,0,0,5,4,4,0.1754,0.0000,0.0000,5,0,0,0,,0,hop,1
133,97,1,0,-1,8,0,4,0,9,0,0,9,0,0,1,0,0,0,0,9,8,8,0.2821,0.0000,0.0000,8,0,0,0,,0,hop,1
140,102,1,0,-1,2,2,5,0,4,0,0,4,0,0,2,0,0,0,0,4,2,2,0.1436,0.0000,0.0000,4,0,0,0,,0,pending,0
141,102,1,0,-1,2,2,5,0,4,0,0,4,0,0,2,0,0,0,0,4,2,2,0.1435,0.0000,0.0000,4,0,0,0,,0,hop,1
149,160,1,0,-1,6,0,2,1,10,0,0,10,0,0,4,0,0,0,0,10,6,6,0.2624,0.0000,0.0000,8,0,0,0,,0,pending,0
150,121,1,0,-1,1,1,5,0,1,0,0,1,0,0,0,0,0,0,0,1,1,1,0.0369,0.0000,0.0000,1,0,0,0,,0,hop,1
150,160,1,0,-1,6,0,2,1,10,0,0,10,0,0,4,0,0,0,0,10,6,6,0.2625,0.0000,0.0000,8,0,0,0,,0,hop,1
154,104,1,0,-1,9,1,4,0,8,0,0,8,0,0,0,1,0,0,0,8,9,9,0.2531,0.0000,0.0000,7,0,0,0,,0,hop,1
208,156,1,0,-1,11,0,1,0,12,0,0,12,0,0,1,0,0,0,0,12,11,11,0.3838,0.0000,0.0000,11,0,0,0,,0,pending,0
209,156,1,0,-1,11,0,1,0,12,0,0,12,0,0,1,0,0,0,0,12,11,11,0.3838,0.0000,0.0000,11,0,0,0,,0,hop,1
214,100,1,0,-1,23,1,2,0,23,0,0,23,0,0,0,1,0,0,0,23,24,24,0.4027,0.0000,0.0000,10,0,0,0,,0,hop,1
224,155,1,0,-1,2,2,6,0,2,0,0,2,0,0,0,0,0,0,0,2,2,2,0.0679,0.0000,0.0000,2,0,0,0,,0,hop,1
224,158,1,0,-1,21,0,2,0,26,0,0,26,0,0,2,0,0,0,0,26,24,24,0.3182,0.0000,0.0000,8,0,0,0,,0,hop,1
230,137,1,0,-1,4,4,6,0,4,0,0,4,0,0,0,0,0,0,0,4,4,4,0.1410,0.0000,0.0000,4,0,0,0,,0,pending,0
231,137,1,0,-1,4,4,6,0,4,0,0,4,0,0,0,0,0,0,0,4,4,4,0.1410,0.0000,0.0000,4,0,0,0,,0,hop,1
248,75,1,0,-1,10,2,3,0,10,0,0,10,0,0,0,0,0,0,0,10,10,10,0.3434,0.0000,0.0000,10,0,0,0,,0,hop,1
255,159,1,0,-1,18,0,1,0,20,0,0,20,0,0,0,1,0,0,0,20,21,21,0.3158,0.0000,0.0000,11,0,0,0,,0,hop,1
258,179,1,0,-1,5,5,6,0,6,0,0,6,0,0,1,0,0,0,0,6,5,5,0.2125,0.0000,0.0000,6,0,0,0,,0,hop,1
267,111,1,0,-1,6,0,1,0,6,0,0,6,0,0,0,0,0,0,0,6,6,6,0.2176,0.0000,0.0000,6,0,0,0,,0,hop,1
279,199,1,0,-1,20,1,2,0,24,0,0,24,0,0,0,0,0,0,0,24,24,24,0.3239,0.0000,0.0000,12,0,0,0,,0,hop,1
286,104,1,0,-1,9,1,3,0,8,0,0,8,0,0,0,1,0,0,0,8,9,9,0.2853,0.0000,0.0000,8,0,0,0,,0,pending,0
287,104,1,0,-1,9,1,3,0,8,0,0,8,0,0,0,1,0,0,0,8,9,9,0.2853,0.0000,0.0000,8,0,0,0,,0,hop,1
288,160,1,0,-1,0,0,6,1,1,0,0,1,0,0,1,0,0,0,0,1,0,0,0.0351,0.0000,0.0000,1,0,0,0,,0,pending,0
289,121,1,0,-1,1,1,6,0,1,0,0,1,0,0,0,0,0,0,0,1,1,1,0.0366,0.0000,0.0000,1,0,0,0,,0,hop,1
289,160,1,0,-1,0,0,6,1,1,0,0,1,0,0,1,0,0,0,0,1,0,0,0.0351,0.0000,0.0000,1,0,0,0,,0,hop,1
293,102,1,0,-1,3,1,4,0,3,0,0,3,0,0,0,0,0,0,0,3,3,3,0.1096,0.0000,0.0000,3,0,0,0,,0,pending,0
294,102,1,0,-1,3,1,4,0,3,0,0,3,0,0,0,0,0,0,0,3,3,3,0.1097,0.0000,0.0000,3,0,0,0,,0,hop,1
295,124,1,0,-1,7,0,1,0,8,0,0,8,0,0,1,0,0,0,0,8,7,7,0.3149,0.0000,0.0000,8,0,0,0,,0,pending,0
296,124,1,0,-1,7,0,1,0,8,0,0,8,0,0,1,0,0,0,0,8,7,7,0.3151,0.0000,0.0000,8,0,0,0,,0,hop,1
302,156,1,0,-1,10,0,1,1,11,0,0,11,0,0,1,0,0,0,0,11,10,10,0.3835,0.0000,0.0000,10,0,0,0,,0,hop,1
309,97,2,0,-1,7,1,3,0,7,0,0,7,0,0,0,0,0,0,0,7,7,7,0.2525,0.0000,0.0000,7,0,0,0,,0,hop,1
314,1,1,0,-1,22,0,2,0,26,0,0,26,0,0,1,0,0,0,0,26,25,25,0.3621,0.0000,0.0000,7,0,0,0,,0,pending,0
314,3,2,0,-1,21,0,1,0,28,0,0,28,0,0,0,0,0,0,0,28,28,28,0.3227,0.0000,0.0000,8,0,0,0,,0,pending,0
314,4,2,0,-1,22,0,1,0,30,0,0,30,0,0,0,0,0,0,0,30,30,30,0.3297,0.0000,0.0000,9,0,0,0,,0,pending,0
314,5,2,0,-1,25,0,1,0,31,1,0,31,0,0,0,0,0,0,0,31,31,31,0.3626,0.0000,0.0000,11,0,0,0,,0,pending,0
314,6,1,0,-1,25,0,1,1,27,0,0,27,0,0,0,0,0,0,0,27,27,27,0.3681,0.0000,0.0000,10,0,0,0,,0,pending,0
314,7,1,0,-1,23,0,1,0,30,0,0,30,0,0,0,0,0,0,0,30,30,30,0.3694,0.0000,0.0000,10,0,0,0,,0,pending,0
314,8,1,0,-1,20,0,2,1,30,0,0,30,0,0,1,0,0,0,0,30,29,29,0.3694,0.0000,0.0000,10,0,0,0,,0,pending,0
314,10,1,0,-1,23,1,2,0,30,0,0,30,0,0,0,0,0,0,0,30,30,30,0.4695,0.0000,0.0000,11,0,0,0,,0,pending,0
314,11,1,0,-1,25,1,2,0,30,0,0,30,0,0,0,0,0,0,0,30,30,30,0.5237,0.0000,0.0000,13,0,0,0,,0,pending,0
314,12,1,0,-1,24,1,2,0,27,0,0,27,0,0,0,0,0,0,0,27,27,27,0.5803,0.0000,0.0000,15,0,0,0,,0,pending,0
314,13,1,0,-1,26,1,2,0,29,0,0,29,0,0,0,0,0,0,0,29,29,29,0.6564,0.0000,0.0000,17,0,0,0,,0,pending,0
314,14,1,0,-1,26,0,1,0,30,0,0,30,0,0,1,0,0,0,0,30,29,29,0.5953,0.0000,0.0000,16,0,0,0,,0,pending,0
314,15,1,0,-1,24,2,3,0,28,0,0,28,0,0,0,0,0,0,0,28,28,28,0.6649,0.0000,0.0000,15,0,0,0,,0,pending,0
314,16,1,0,-1,24,1,2,0,27,0,0,27,0,0,0,0,0,0,0,27,27,27,0.5907,0.0000,0.0000,12,0,0,0,,0,pending,0
314,25,2,0,-1,24,1,2,0,33,1,0,33,0,0,0,0,0,0,0,33,33,33,0.5744,0.0000,0.0000,14,0,0,0,,0,pending,0
314,28,2,0,-1,25,0,2,0,31,1,0,31,0,0,1,0,0,0,0,31,30,30,0.6179,0.0000,0.0000,16,0,0,0,,0,pending,0
314,29,2,0,-1,22,1,2,0,31,1,0,31,0,0,1,0,0,0,0,31,30,30,0.5969,0.0000,0.0000,15,0,0,0,,0,pending,0
314,41,1,0,-1,23,0,1,0,28,0,0,28,0,0,0,2,0,0,0,28,30,30,0.3956,0.0000,0.0000,11,0,0,0,,0,pending,0
314,44,1,0,-1,24,0,2,0,27,0,0,27,0,0,0,2,0,0,0,27,29,29,0.4745,0.0000,0.0000,11,0,0,0,,0,pending,0
314,45,1,0,-1,24,0,2,0,27,0,0,27,0,0,0,2,0,0,0,27,29,29,0.4999,0.0000,0.0000,12,0,0,0,,0,pending,0
314,46,1,0,-1,23,0,2,1,26,0,0,26,0,0,0,1,0,0,0,26,27,27,0.5838,0.0000,0.0000,15,0,0,0,,0,pending,0
314,47,2,0,-1,26,0,2,0,29,0,0,29,0,0,0,2,0,0,0,29,31,31,0.6185,0.0000,0.0000,17,0,0,0,,0,pending,0
314,51,1,0,-1,22,0,2,0,24,0,0,24,0,0,0,0,0,0,0,24,24,24,0.5460,0.0000,0.0000,11,0,0,0,,0,pending,0
314,54,2,0,-1,22,0,1,1,26,0,0,26,0,0,0,0,0,0,0,26,26,26,0.5167,0.0000,0.0000,13,0,0,0,,0,pending,0
314,55,2,0,-1,23,0,2,0,28,0,0,28,0,0,0,0,0,0,0,28,28,28,0.5205,0.0000,0.0000,13,0,0,0,,0,pending,0
314,57,1,0,-1,23,2,3,0,26,0,0,26,0,0,0,0,0,0,0,26,26,26,0.5611,0.0000,0.0000,12,0,0,0,,0,pending,0
314,58,1,0,-1,22,0,1,0,29,0,0,29,0,0,0,1,0,0,0,29,30,30,0.5419,0.0000,0.0000,11,0,0,0,,0,pending,0
314,65,1,0,-1,20,0,1,0,27,0,0,27,0,0,0,0,0,0,0,27,27,27,0.5497,0.0000,0.0000,11,0,0,0,,0,pending,0
314,66,1,0,-1,21,0,1,0,26,0,0,26,0,0,1,1,0,0,0,26,26,26,0.6238,0.0000,0.0000,13,0,0,0,,0,pending,0
314,67,2,0,-1,20,0,2,0,24,0,0,24,0,0,0,1,0,0,0,24,25,25,0.5886,0.0000,0.0000,13,0,0,0,,0,pending,0
314,71,2,0,-1,17,4,5,0,21,0,0,21,0,0,0,0,0,0,0,21,21,21,0.4961,0.0000,0.0000,12,0,0,0,,0,pending,0
314,72,1,0,-1,20,0,2,0,23,0,0,23,0,0,1,0,0,0,0,23,22,22,0.4064,0.0000,0.0000,10,0,0,0,,0,pending,0
314,79,1,0,-1,22,1,2,0,24,0,0,24,0,0,0,1,0,0,0,24,25,25,0.5717,0.0000,0.0000,12,0,0,0,,0,pending,0
314,84,1,0,-1,23,1,3,0,26,0,0,26,0,0,0,0,0,0,0,26,26,26,0.4871,0.0000,0.0000,10,0,0,0,,0,pending,0
314,86,1,0,-1,23,0,2,0,29,0,0,29,0,0,1,1,0,0,0,29,29,29,0.5719,0.0000,0.0000,11,0,0,0,,0,pending,0
314,87,1,0,-1,24,1,2,0,31,1,0,31,0,0,0,0,0,0,0,31,31,31,0.6066,0.0000,0.0000,13,0,0,0,,0,pending,0
314,88,1,0,-1,25,1,2,0,31,1,0,31,0,0,0,0,0,0,0,31,31,31,0.6965,0.0000,0.0000,16,0,0,0,,0,pending,0
314,89,1,0,-1,27,1,2,0,31,1,0,31,0,0,0,0,0,0,0,31,31,31,0.6966,0.0000,0.0000,15,0,0,0,,0,pending,0
314,90,1,0,-1,24,0,1,0,28,0,0,28,0,0,0,1,0,0,0,28,29,29,0.6574,0.0000,0.0000,15,0,0,0,,0,pending,0
314,91,1,0,-1,23,0,1,0,28,0,0,28,0,0,0,1,0,0,0,28,29,29,0.5875,0.0000,0.0000,13,0,0,0,,0,pending,0
314,92,1,0,-1,23,1,3,0,28,0,0,28,0,0,0,2,0,0,0,28,30,30,0.6910,0.0000,0.0000,14,0,0,0,,0,pending,0
314,95,1,0,-1,20,1,2,0,24,0,0,24,0,0,0,0,0,0,0,24,24,24,0.3315,0.0000,0.0000,7,0,0,0,,0,pending,0
314,98,1,0,-1,21,1,2,0,24,0,0,24,0,0,0,0,0,0,0,24,24,24,0.4041,0.0000,0.0000,9,0,0,0,,0,pending,0
314,99,2,0,-1,16,3,5,0,18,0,0,18,0,0,0,0,0,0,0,18,18,18,0.6063,0.0000,0.0000,15,0,0,0,,0,pending,0
314,109,2,0,-1,18,0,2,0,22,0,0,22,0,0,0,0,0,0,0,22,22,22,0.6686,0.0000,0.0000,15,0,0,0,,0,pending,0
314,110,1,0,-1,18,0,2,0,20,0,0,20,0,0,0,1,0,0,0,20,21,21,0.6455,0.0000,0.0000,13,0,0,0,,0,pending,0
314,113,1,0,-1,21,2,3,0,27,0,0,27,0,0,3,1,0,0,0,27,25,25,0.2927,0.0000,0.0000,8,0,0,0,,0,pending,0
314,114,1,0,-1,23,0,3,0,28,0,0,28,0,0,1,1,0,0,0,28,28,28,0.2930,0.0000,0.0000,8,0,0,0,,0,pending,0
314,115,2,0,-1,26,0,2,0,33,1,0,33,0,0,1,0,0,0,0,33,32,32,0.3515,0.0000,0.0000,13,0,0,0,,0,pending,0
314,119,1,0,-1,22,1,2,0,34,1,0,34,0,0,4,0,0,0,0,34,30,30,0.3829,0.0000,0.0000,12,0,0,0,,0,pending,0
314,126,1,0,-1,22,1,2,0,30,0,0,30,0,0,5,0,0,0,0,30,25,25,0.3522,0.0000,0.0000,10,0,0,0,,0,pending,0
314,127,1,0,-1,22,0,1,0,28,0,0,28,0,0,2,0,0,0,0,28,26,26,0.2966,0.0000,0.0000,9,0,0,0,,0,pending,0
314,128,1,0,-1,22,0,1,0,30,0,0,30,0,0,2,0,0,0,0,30,28,28,0.3489,0.0000,0.0000,10,0,0,0,,0,pending,0
314,130,1,0,-1,25,0,2,0,27,0,0,27,0,0,0,2,0,0,0,27,29,29,0.6005,0.0000,0.0000,15,0,0,0,,0,pending,0
314,131,1,0,-1,22,0,1,0,32,1,0,32,0,0,3,0,0,0,0,32,29,29,0.3205,0.0000,0.0000,9,0,0,0,,0,pending,0
314,132,1,0,-1,20,2,3,0,28,0,0,28,0,0,0,0,0,0,0,28,28,28,0.7806,0.0000,0.0000,16,0,0,1,,0,start_crowd,0
314,135,1,0,-1,24,1,2,0,35,1,0,34,1,0,3,0,0,0,0,35,32,32,0.3721,0.0000,0.0000,11,0,0,0,,0,pending,0
314,138,1,0,-1,27,0,1,0,33,1,1,32,1,0,2,0,0,0,0,33,31,31,0.3968,0.0000,0.0000,13,0,0,0,,0,pending,0
314,139,1,0,-1,23,1,2,0,33,1,0,33,0,0,4,1,0,0,0,33,30,30,0.4420,0.0000,0.0000,12,0,0,0,,0,pending,0
314,140,1,0,-1,24,1,2,0,31,1,0,31,0,0,4,1,0,0,0,31,28,28,0.4412,0.0000,0.0000,12,0,0,0,,0,pending,0
314,141,2,0,-1,23,0,1,0,30,0,0,30,0,0,2,0,0,0,0,30,28,28,0.5130,0.0000,0.0000,16,0,0,0,,0,pending,0
314,142,2,0,-1,25,1,2,0,32,1,0,32,0,0,2,0,0,0,0,32,30,30,0.5405,0.0000,0.0000,18,0,0,0,,0,pending,0
314,143,1,0,-1,23,0,1,0,34,1,1,33,1,0,4,0,0,0,0,34,30,30,0.4739,0.0000,0.0000,14,0,0,0,,0,pending,0
314,144,2,0,-1,15,2,5,0,18,0,0,18,0,0,1,0,0,0,0,18,17,17,0.6077,0.0000,0.0000,15,0,0,0,,0,pending,0
314,153,1,0,-1,22,1,2,0,27,0,0,27,0,0,4,2,0,0,0,27,25,25,0.2898,0.0000,0.0000,8,0,0,0,,0,pending,0
314,154,2,0,-1,22,0,1,0,30,0,0,30,0,0,3,0,0,0,0,30,27,27,0.3450,0.0000,0.0000,10,0,0,0,,0,pending,0
314,157,2,0,-1,19,0,1,0,30,0,0,30,0,0,2,0,0,0,0,30,28,28,0.3177,0.0000,0.0000,8,0,0,0,,0,pending,0
314,163,1,0,-1,22,0,2,1,30,0,0,30,0,0,5,0,0,0,0,30,25,25,0.3750,0.0000,0.0000,12,0,0,0,,0,pending,0
314,166,1,0,-1,22,0,1,1,28,0,0,28,0,0,2,0,0,0,0,28,26,26,0.3225,0.0000,0.0000,10,0,0,0,,0,pending,0
314,167,1,0,-1,22,0,1,1,30,0,0,30,0,0,2,0,0,0,0,30,28,28,0.3716,0.0000,0.0000,12,0,0,0,,0,pending,0
314,168,1,0,-1,22,0,1,1,30,0,0,29,1,0,3,0,0,0,0,30,27,27,0.3209,0.0000,0.0000,10,0,0,0,,0,pending,0
314,169,1,0,-1,25,0,2,0,32,1,0,32,0,0,2,0,0,0,0,32,30,30,0.6544,0.0000,0.0000,18,0,0,0,,0,pending,0
314,171,1,0,-1,22,0,1,1,32,1,0,31,1,0,3,0,0,0,0,32,29,29,0.3205,0.0000,0.0000,11,0,0,0,,0,pending,0
314,172,1,0,-1,21,0,1,1,34,1,0,33,1,0,3,0,0,0,0,34,31,31,0.3194,0.0000,0.0000,10,0,0,0,,0,pending,0
314,174,1,0,-1,20,1,2,0,30,0,0,30,0,0,4,0,0,0,0,30,26,26,0.6477,0.0000,0.0000,14,0,0,0,,0,pending,0
314,176,1,0,-1,24,0,2,1,35,1,0,34,1,0,3,0,0,0,0,35,32,32,0.3926,0.0000,0.0000,13,0,0,0,,0,pending,0
314,180,1,0,-1,27,0,1,1,33,1,1,32,1,0,2,0,0,0,0,33,31,31,0.4641,0.0000,0.0000,17,0,0,0,,0,pending,0
314,181,1,0,-1,24,0,1,1,33,1,1,32,1,0,3,0,0,0,0,33,30,30,0.4481,0.0000,0.0000,15,0,0,0,,0,pending,0
314,183,1,0,-1,24,0,2,0,32,1,0,32,0,0,5,0,0,0,0,32,27,27,0.4886,0.0000,0.0000,14,0,0,0,,0,pending,0
314,186,1,0,-1,23,0,1,1,34,1,1,33,1,0,4,0,0,0,0,34,30,30,0.4619,0.0000,0.0000,15,0,0,0,,0,pending,0
314,188,1,0,-1,22,0,2,0,31,1,0,31,0,0,5,0,0,0,0,31,26,26,0.3800,0.0000,0.0000,11,0,0,0,,0,pending,0
314,189,1,0,-1,22,0,1,0,31,1,0,31,0,0,4,0,0,0,0,31,27,27,0.4237,0.0000,0.0000,14,0,0,0,,0,pending,0
314,194,1,0,-1,23,0,1,0,34,1,0,34,0,0,3,0,0,0,0,34,31,31,0.3799,0.0000,0.0000,13,0,0,0,,0,pending,0
314,195,1,0,-1,24,0,1,0,29,0,0,29,0,0,3,0,0,0,0,29,26,26,0.2921,0.0000,0.0000,9,0,0,0,,0,pending,0
315,1,1,0,-1,22,0,2,0,26,0,0,26,0,0,1,0,0,0,0,26,25,25,0.3620,0.0000,0.0000,7,0,0,0,,0,hop,1
315,3,2,0,-1,21,0,1,0,28,0,0,28,0,0,0,0,0,0,0,28,28,28,0.3227,0.0000,0.0000,8,0,0,0,,0,hop,1
315,4,2,0,-1,22,0,1,0,30,0,0,30,0,0,0,0,0,0,0,30,30,30,0.3297,0.0000,0.0000,9,0,0,0,,0,hop,1
315,5,2,0,-1,25,0,1,0,31,1,0,31,0,0,0,0,0,0,0,31,31,31,0.3626,0.0000,0.0000,11,0,0,0,,0,hop,1
315,6,1,0,-1,25,0,1,1,27,0,0,27,0,0,0,0,0,0,0,27,27,27,0.3681,0.0000,0.0000,10,0,0,0,,0,hop,1
315,7,1,0,-1,23,0,1,0,30,0,0,30,0,0,0,0,0,0,0,30,30,30,0.3694,0.0000,0.0000,10,0,0,0,,0,hop,1
315,8,1,0,-1,20,0,2,1,30,0,0,30,0,0,1,0,0,0,0,30,29,29,0.3694,0.0000,0.0000,10,0,0,0,,0,hop,1
315,10,1,0,-1,23,1,2,0,30,0,0,30,0,0,0,0,0,0,0,30,30,30,0.4695,0.0000,0.0000,11,0,0,0,,0,hop,1
315,11,1,0,-1,25,1,2,0,30,0,0,30,0,0,0,0,0,0,0,30,30,30,0.5237,0.0000,0.0000,13,0,0,0,,0,hop,1
315,12,1,0,-1,24,1,2,0,27,0,0,27,0,0,0,0,0,0,0,27,27,27,0.5802,0.0000,0.0000,15,0,0,0,,0,hop,1
315,13,1,0,-1,26,1,2,0,28,0,0,28,0,0,0,0,0,0,0,28,28,28,0.6563,0.0000,0.0000,17,0,0,0,,0,hop,1
315,14,1,0,-1,26,0,1,0,29,0,0,29,0,0,1,0,0,0,0,29,28,28,0.5950,0.0000,0.0000,16,0,0,0,,0,hop,1
315,15,1,0,-1,24,2,3,0,27,0,0,27,0,0,0,0,0,0,0,27,27,27,0.6649,0.0000,0.0000,15,0,0,0,,0,hop,1
315,16,1,0,-1,23,1,2,0,26,0,0,26,0,0,0,0,0,0,0,26,26,26,0.6277,0.0000,0.0000,12,0,0,0,,0,hop,1
315,25,2,0,-1,24,1,2,0,33,1,0,32,1,0,0,0,0,0,0,33,33,33,0.5736,0.0319,0.0000,14,1,0,0,,0,start_holder,0
315,28,2,0,-1,25,0,2,0,31,1,1,30,1,0,1,0,0,0,0,31,30,30,0.6180,0.0309,0.0000,16,1,0,0,,0,start_holder,0
315,29,2,0,-1,22,1,2,0,31,1,1,30,1,0,1,0,0,0,0,31,30,30,0.5967,0.0314,0.0000,15,1,0,0,,0,start_holder,0
315,41,1,0,-1,23,0,1,0,28,0,0,28,0,0,0,2,0,0,0,28,30,30,0.3956,0.0000,0.0000,11,0,0,0,,0,hop,1
315,44,1,0,-1,24,0,2,0,27,0,0,27,0,0,0,2,0,0,0,27,29,29,0.4745,0.0000,0.0000,11,0,0,0,,0,hop,1
315,45,1,0,-1,24,0,2,0,27,0,0,27,0,0,0,2,0,0,0,27,29,29,0.4998,0.0000,0.0000,12,0,0,0,,0,hop,1
315,46,1,0,-1,23,0,2,1,26,0,0,26,0,0,0,1,0,0,0,26,27,27,0.5837,0.0000,0.0000,15,0,0,0,,0,hop,1
315,47,2,0,-1,26,0,2,0,29,0,0,29,0,0,0,2,0,0,0,29,31,31,0.6185,0.0000,0.0000,17,0,0,0,,0,hop,1
315,51,1,0,-1,21,0,2,0,23,0,0,22,1,0,0,0,0,0,0,23,23,23,0.5460,0.0000,0.0000,10,0,0,0,,0,hop,1
315,54,2,0,-1,21,0,1,1,25,0,1,23,2,0,0,0,0,0,0,25,25,25,0.5167,0.0000,0.0000,12,0,0,0,,0,hop,1
315,55,2,0,-1,22,0,2,0,28,0,1,25,3,0,1,0,0,0,0,28,27,27,0.5531,0.0000,0.0000,13,0,0,0,,0,hop,1
315,56,1,0,-1,22,0,2,0,26,0,1,23,3,0,0,0,0,0,0,26,26,26,0.5151,0.0000,0.0000,11,0,0,0,,0,hop,1
315,57,1,0,-1,23,2,3,0,26,0,1,22,4,0,0,0,0,0,0,26,26,26,0.5614,0.0000,0.0000,12,0,0,0,,0,hop,1
315,58,1,0,-1,22,0,1,0,29,0,1,25,4,0,0,1,0,0,0,29,30,30,0.5419,0.0000,0.0000,11,0,0,0,,0,hop,1
315,65,1,0,-1,20,0,1,0,27,0,0,27,0,0,0,0,0,0,0,27,27,27,0.5494,0.0000,0.0000,11,0,0,0,,0,hop,1
315,66,1,0,-1,21,0,1,0,26,0,0,26,0,0,1,1,0,0,0,26,26,26,0.6235,0.0000,0.0000,13,0,0,0,,0,hop,1
315,67,2,0,-1,20,0,2,0,24,0,0,24,0,0,0,1,0,0,0,24,25,25,0.5887,0.0000,0.0000,13,0,0,0,,0,hop,1
315,71,2,0,-1,17,4,5,0,21,0,0,21,0,0,0,0,0,0,0,21,21,21,0.4961,0.0000,0.0000,12,0,0,0,,0,hop,1
315,72,1,0,-1,20,0,2,0,23,0,0,23,0,0,1,0,0,0,0,23,22,22,0.4064,0.0000,0.0000,10,0,0,0,,0,hop,1
315,79,1,0,-1,21,1,2,0,23,0,0,22,1,0,0,1,0,0,0,23,24,24,0.5717,0.0000,0.0000,11,0,0,0,,0,hop,1
315,84,1,0,-1,23,1,3,0,26,0,1,22,4,0,0,0,0,0,0,26,26,26,0.4868,0.0000,0.0000,10,0,0,0,,0,hop,1
315,86,1,0,-1,23,0,2,0,29,0,1,25,4,0,1,1,0,0,0,29,29,29,0.5719,0.0000,0.0000,11,0,0,0,,0,hop,1
315,87,1,0,-1,24,1,2,0,31,1,1,28,3,0,0,0,0,0,0,31,31,31,0.6066,0.0357,0.0000,13,1,0,0,,0,start_holder,0
315,88,1,0,-1,25,1,2,0,31,1,1,28,3,0,0,0,0,0,0,31,31,31,0.6970,0.0348,0.0000,16,1,0,0,,0,start_holder,0
315,89,1,0,-1,27,1,2,0,31,1,1,28,3,0,0,0,0,0,0,31,31,31,0.6967,0.0348,0.0000,15,1,0,0,,0,start_holder,0
315,90,1,0,-1,24,0,1,0,28,0,1,26,2,0,0,1,0,0,0,28,29,29,0.6573,0.0346,0.0000,15,1,0,0,,0,start_holder,0
315,91,1,0,-1,23,0,1,0,28,0,1,27,1,0,0,1,0,0,0,28,29,29,0.5874,0.0346,0.0000,13,0,1,0,,0,hop,1
315,92,1,0,-1,23,1,3,0,28,0,0,28,0,0,0,2,0,0,0,28,30,30,0.6909,0.0000,0.0000,14,0,0,0,,0,hop,1
315,95,1,0,-1,20,1,2,0,24,0,0,24,0,0,0,0,0,0,0,24,24,24,0.3315,0.0000,0.0000,7,0,0,0,,0,hop,1
315,98,1,0,-1,21,1,2,0,24,0,0,24,0,0,0,0,0,0,0,24,24,24,0.4041,0.0000,0.0000,9,0,0,0,,0,hop,1
315,99,2,0,-1,16,3,5,0,18,0,0,18,0,0,0,0,0,0,0,18,18,18,0.6061,0.0000,0.0000,15,0,0,0,,0,hop,1
315,109,2,0,-1,18,0,2,0,22,0,0,22,0,0,0,0,0,0,0,22,22,22,0.6688,0.0000,0.0000,15,0,0,0,,0,hop,1
315,110,1,0,-1,18,0,2,0,20,0,0,20,0,0,0,1,0,0,0,20,21,21,0.6455,0.0000,0.0000,13,0,0,0,,0,hop,1
315,113,1,0,-1,21,2,3,0,27,0,0,27,0,0,3,1,0,0,0,27,25,25,0.2927,0.0000,0.0000,8,0,0,0,,0,hop,1
315,114,1,0,-1,23,0,3,0,28,0,0,28,0,0,1,1,0,0,0,28,28,28,0.2929,0.0000,0.0000,8,0,0,0,,0,hop,1
315,115,2,0,-1,26,0,2,0,33,1,0,33,0,0,1,0,0,0,0,33,32,32,0.3514,0.0000,0.0000,13,0,0,0,,0,hop,1
315,119,1,0,-1,22,1,2,0,34,1,0,34,0,0,4,0,0,0,0,34,30,30,0.3829,0.0000,0.0000,12,0,0,0,,0,hop,1
315,126,1,0,-1,21,1,2,0,29,0,0,28,1,0,5,0,0,0,0,29,24,24,0.3522,0.0000,0.0000,9,0,0,0,,0,hop,1
315,127,1,0,-1,21,0,1,0,27,0,0,23,4,0,2,0,0,0,0,27,25,25,0.3236,0.0000,0.0000,9,0,0,0,,0,hop,1
315,128,1,0,-1,21,1,2,0,29,0,1,22,7,0,2,0,0,0,0,29,27,27,0.3489,0.0000,0.0000,10,0,0,0,,0,hop,1
315,130,1,0,-1,25,0,2,0,26,0,0,26,0,0,0,2,0,0,0,26,28,28,0.6008,0.0000,0.0000,15,0,0,0,,0,hop,1
315,131,1,0,-1,22,0,1,0,32,1,1,24,8,0,3,0,0,0,0,32,29,29,0.3205,0.0000,0.0000,9,0,0,0,,0,hop,1
315,135,1,0,-1,24,1,2,0,35,1,1,27,8,0,3,0,0,0,0,35,32,32,0.3721,0.0000,0.0000,11,0,0,0,,0,hop,1
315,138,1,0,-1,27,0,1,0,33,1,1,27,6,0,2,0,0,0,0,33,31,31,0.3968,0.0265,0.0000,13,1,0,0,,0,start_holder,0
315,139,1,0,-1,23,1,2,0,33,1,0,33,0,0,4,1,0,0,0,33,30,30,0.4420,0.0000,0.0000,12,0,0,0,,0,hop,1
315,140,1,0,-1,24,1,2,0,31,1,0,31,0,0,4,1,0,0,0,31,28,28,0.4412,0.0000,0.0000,12,0,0,0,,0,hop,1
315,141,2,0,-1,23,0,1,0,30,0,0,30,0,0,2,0,0,0,0,30,28,28,0.5130,0.0000,0.0000,16,0,0,0,,0,hop,1
315,142,2,0,-1,25,1,2,0,31,1,0,31,0,0,2,0,0,0,0,31,29,29,0.5405,0.0000,0.0000,18,0,0,0,,0,hop,1
315,143,1,0,-1,23,0,1,0,34,1,1,31,3,0,4,0,0,0,0,34,30,30,0.4739,0.0000,0.0000,14,0,0,0,,0,hop,1
315,144,2,0,-1,15,2,5,0,18,0,0,18,0,0,1,0,0,0,0,18,17,17,0.6078,0.0000,0.0000,15,0,0,0,,0,hop,1
315,153,1,0,-1,22,1,2,0,27,0,0,27,0,0,4,2,0,0,0,27,25,25,0.2899,0.0000,0.0000,8,0,0,0,,0,hop,1
315,154,2,0,-1,22,0,1,0,30,0,0,30,0,0,3,0,0,0,0,30,27,27,0.3450,0.0000,0.0000,10,0,0,0,,0,hop,1
315,157,2,0,-1,19,0,1,0,30,0,0,30,0,0,2,0,0,0,0,30,28,28,0.3177,0.0000,0.0000,8,0,0,0,,0,hop,1
315,163,1,0,-1,21,0,2,1,29,0,0,28,1,0,5,0,0,0,0,29,24,24,0.3750,0.0000,0.0000,11,0,0,0,,0,hop,1
315,166,1,0,-1,21,0,1,1,27,0,1,21,6,0,2,0,0,0,0,27,25,25,0.3225,0.0000,0.0000,10,0,0,0,,0,hop,1
315,167,1,0,-1,21,0,2,1,29,0,1,22,7,0,2,0,0,0,0,29,27,27,0.3716,0.0000,0.0000,12,0,0,0,,0,hop,1
315,168,1,0,-1,22,0,1,1,29,0,1,20,9,0,2,0,0,0,0,29,27,27,0.3209,0.0000,0.0000,10,0,0,0,,0,hop,1
315,169,1,0,-1,25,0,2,0,31,1,0,31,0,0,2,0,0,0,0,31,29,29,0.6546,0.0000,0.0000,18,0,0,0,,0,hop,1
315,171,1,0,-1,22,0,1,1,32,1,1,23,9,0,3,0,0,0,0,32,29,29,0.3205,0.0000,0.0000,11,0,0,0,,0,hop,1
315,172,1,0,-1,21,0,1,1,34,1,1,25,9,0,3,0,0,0,0,34,31,31,0.3194,0.0000,0.0000,10,0,0,0,,0,hop,1
315,174,1,0,-1,20,1,2,0,30,0,0,30,0,0,4,0,0,0,0,30,26,26,0.6478,0.0000,0.0000,14,0,0,0,,0,hop,1
315,176,1,0,-1,24,0,2,1,35,1,1,26,9,0,3,0,0,0,0,35,32,32,0.3926,0.0000,0.0000,13,0,0,0,,0,hop,1
315,180,1,0,-1,27,0,1,1,33,1,1,27,6,0,2,0,0,0,0,33,31,31,0.4641,0.0244,0.0000,17,1,0,0,,0,start_holder,0
315,181,1,0,-1,24,0,1,1,33,1,1,28,5,0,3,0,0,0,0,33,30,30,0.4481,0.0264,0.0000,15,1,0,0,,0,start_holder,0
315,183,1,0,-1,24,0,2,0,32,1,0,32,0,0,5,0,0,0,0,32,27,27,0.4886,0.0000,0.0000,14,0,0,0,,0,hop,1
315,186,1,0,-1,23,0,1,1,34,1,1,31,3,0,4,0,0,0,0,34,30,30,0.4619,0.0000,0.0000,15,0,0,0,,0,hop,1
315,188,1,0,-1,22,0,2,0,31,1,0,31,0,0,5,0,0,0,0,31,26,26,0.3800,0.0000,0.0000,11,0,0,0,,0,hop,1
315,189,1,0,-1,22,0,1,0,31,1,0,31,0,0,4,0,0,0,0,31,27,27,0.4237,0.0000,0.0000,14,0,0,0,,0,hop,1
315,194,1,0,-1,23,0,1,0,34,1,0,34,0,0,3,0,0,0,0,34,31,31,0.3799,0.0000,0.0000,13,0,0,0,,0,hop,1
315,195,1,0,-1,24,0,1,0,29,0,0,29,0,0,3,0,0,0,0,29,26,26,0.2922,0.0000,0.0000,9,0,0,0,,0,hop,1
316,117,1,0,-1,23,0,1,0,30,0,0,30,0,0,3,1,0,0,0,30,28,28,0.3532,0.0000,0.0000,11,0,0,0,,0,pending,0
316,123,2,0,-1,22,0,2,0,26,0,0,26,0,0,0,0,0,0,0,26,26,26,0.3176,0.0000,0.0000,10,0,0,0,,0,pending,0
317,123,2,0,-1,21,0,2,0,26,0,0,26,0,0,0,0,0,0,0,26,26,26,0.2646,0.0000,0.0000,9,0,0,0,,0,hop,1
319,108,1,0,-1,21,0,2,0,26,0,0,26,0,0,1,1,0,0,0,26,26,26,0.7205,0.0000,0.0000,15,0,0,1,,0,start_crowd,0
330,2,1,0,-1,23,0,2,1,25,0,0,25,0,0,0,0,0,0,0,25,25,25,0.2895,0.0000,0.0000,5,0,0,0,,0,pending,0
330,42,1,0,-1,21,1,2,0,29,0,0,29,0,0,0,1,0,0,0,29,30,30,0.4357,0.0000,0.0000,11,0,0,0,,0,pending,0
330,85,1,0,-1,23,0,2,0,26,0,1,16,10,0,0,1,0,0,0,26,27,27,0.5707,0.2854,0.0000,11,1,0,0,,0,start_holder,0
331,2,1,0,-1,23,0,2,1,25,0,0,25,0,0,0,0,0,0,0,25,25,25,0.2896,0.0000,0.0000,5,0,0,0,,0,hop,1
331,9,1,0,-1,23,0,2,1,30,0,0,30,0,0,0,0,0,0,0,30,30,30,0.4038,0.0000,0.0000,10,0,0,0,,0,pending,0
331,42,1,0,-1,21,1,2,0,29,0,0,29,0,0,0,1,0,0,0,29,30,30,0.4354,0.0000,0.0000,11,0,0,0,,0,hop,1
331,191,1,0,-1,25,1,2,0,32,1,0,32,0,0,2,0,0,0,0,32,30,30,0.4005,0.0000,0.0000,13,0,0,0,,0,pending,0
332,9,1,0,-1,23,0,2,1,30,0,0,30,0,0,0,0,0,0,0,30,30,30,0.4040,0.0000,0.0000,10,0,0,0,,0,hop,1
332,83,1,0,-1,23,0,1,0,26,0,1,17,9,0,1,0,0,0,0,26,25,25,0.6037,0.2486,0.0000,13,1,0,0,,0,start_holder,0
332,191,1,0,-1,25,1,2,0,32,1,0,32,0,0,2,0,0,0,0,32,30,30,0.4005,0.0000,0.0000,13,0,0,0,,0,hop,1
336,31,2,0,-1,23,0,3,0,29,0,1,27,2,0,0,1,0,0,0,29,30,30,0.5606,0.0330,0.0000,13,0,1,0,,0,pending,0
337,31,2,0,-1,23,0,3,0,29,0,1,27,2,0,0,1,0,0,0,29,30,30,0.5606,0.0330,0.0000,13,0,1,0,,0,hop,1
340,100,1,0,-1,20,1,2,0,21,0,0,21,0,0,0,0,0,0,0,21,21,21,0.4030,0.0000,0.0000,10,0,0,0,,0,pending,0
341,100,1,0,-1,20,1,2,0,21,0,0,21,0,0,0,0,0,0,0,21,21,21,0.4030,0.0000,0.0000,10,0,0,0,,0,hop,1
346,28,2,1,31,25,0,2,0,30,0,1,26,4,0,0,0,0,0,0,30,30,30,0.5909,0.1244,0.0000,15,1,0,0,recheck,0,still,0
346,75,1,0,-1,8,2,3,0,9,0,0,9,0,0,1,0,0,0,0,9,8,8,0.3426,0.0000,0.0000,8,0,0,0,,0,pending,0
347,35,1,0,-1,22,1,4,0,25,0,0,25,0,0,0,1,0,0,0,25,26,26,0.3282,0.0000,0.0000,6,0,0,0,,0,pending,0
347,75,1,0,-1,8,2,3,0,9,0,0,9,0,0,1,0,0,0,0,9,8,8,0.3425,0.0000,0.0000,8,0,0,0,,0,hop,1
348,35,1,0,-1,22,1,4,0,26,0,0,26,0,0,0,1,0,0,0,26,27,27,0.3282,0.0000,0.0000,6,0,0,0,,0,hop,1
353,177,1,0,-1,26,0,1,1,32,1,1,24,8,0,3,0,2,2,2,34,29,31,0.3972,0.1589,0.0000,13,1,0,0,,0,start_holder,0
354,88,1,1,39,26,0,2,0,29,0,1,23,6,0,0,0,2,2,2,31,29,31,0.5978,0.2462,0.0000,14,1,0,0,recheck,0,still,0
354,89,1,1,39,27,1,2,0,29,0,1,24,5,0,0,0,1,1,1,30,29,30,0.6673,0.2107,0.0000,15,1,0,0,recheck,0,still,0
355,29,2,1,40,22,2,3,0,32,1,1,29,3,0,1,0,0,0,0,32,31,31,0.5708,0.0634,0.0000,14,1,0,0,recheck,0,still,0
357,34,1,0,-1,10,0,1,0,12,0,0,12,0,0,2,0,0,0,0,12,10,10,0.4262,0.0000,0.0000,11,0,0,0,,0,pending,0
357,122,1,0,-1,12,0,2,0,12,0,0,12,0,0,0,0,0,0,0,12,12,12,0.4989,0.0000,0.0000,12,0,0,0,,0,pending,0
357,152,1,0,-1,14,0,1,0,15,0,0,15,0,0,1,0,0,0,0,15,14,14,0.5488,0.0000,0.0000,13,0,0,0,,0,pending,0
358,25,2,1,43,25,1,3,0,30,0,1,20,10,0,0,0,2,2,2,32,30,32,0.5059,0.2529,0.0000,12,1,0,0,recheck,0,still,0
358,34,1,0,-1,10,0,1,0,12,0,0,12,0,0,2,0,0,0,0,12,10,10,0.4260,0.0000,0.0000,11,0,0,0,,0,hop,1
358,62,1,0,-1,24,0,1,0,28,0,1,24,4,0,0,0,0,0,1,28,28,29,0.6845,0.1441,0.0000,15,1,0,0,,0,start_holder,0
358,87,1,1,43,27,0,1,0,28,0,1,19,9,0,0,0,2,2,2,30,28,30,0.6080,0.2861,0.0000,13,1,0,0,recheck,0,still,0
358,122,1,0,-1,12,0,2,0,12,0,0,12,0,0,0,0,0,0,0,12,12,12,0.4990,0.0000,0.0000,12,0,0,0,,0,hop,1
358,152,1,0,-1,14,0,1,0,15,0,0,15,0,0,1,0,0,0,0,15,14,14,0.5488,0.0000,0.0000,13,0,0,0,,0,hop,1
358,180,1,1,43,27,0,1,1,33,1,1,25,8,0,2,0,1,1,1,34,31,32,0.3663,0.1221,0.0000,14,1,0,0,recheck,0,still,0
359,181,1,1,44,24,0,1,1,33,1,1,26,7,0,3,0,0,0,0,33,30,30,0.4218,0.0527,0.0000,14,1,0,0,recheck,0,still,0
360,132,1,1,46,22,2,3,0,27,0,1,26,1,0,0,1,0,0,0,27,28,28,0.6430,0.0357,0.0000,13,1,0,0,recheck,0,still,0
361,138,1,1,46,27,0,1,0,32,1,1,24,8,0,2,0,1,1,1,33,30,31,0.4232,0.1058,0.0000,14,1,0,0,recheck,0,still,0
361,158,1,0,-1,20,0,1,0,26,0,0,26,0,0,2,0,0,0,0,26,24,24,0.3182,0.0000,0.0000,8,0,0,0,,0,pending,0
362,158,1,0,-1,20,0,1,0,26,0,0,26,0,0,2,0,0,0,0,26,24,24,0.3182,0.0000,0.0000,8,0,0,0,,0,hop,1
362,170,1,0,-1,22,0,2,0,24,0,0,24,0,0,0,0,0,0,0,24,24,24,0.6442,0.0000,0.0000,14,0,0,0,,0,pending,0
362,200,1,0,-1,19,0,4,1,26,0,0,25,1,0,3,0,0,0,0,26,23,23,0.5546,0.0000,0.0000,12,0,0,0,,0,pending,0
363,170,1,0,-1,22,0,2,0,24,0,0,24,0,0,0,0,0,0,0,24,24,24,0.7124,0.0000,0.0000,15,0,0,1,,0,start_crowd,0
363,200,1,0,-1,19,0,4,1,26,0,0,25,1,0,3,0,0,0,0,26,23,23,0.5546,0.0000,0.0000,12,0,0,0,,0,hop,1
367,90,1,1,52,24,0,1,0,27,0,1,24,3,0,0,0,0,0,0,27,27,27,0.6553,0.1380,0.0000,15,1,0,0,recheck,0,still,0
368,125,1,0,-1,20,0,3,1,23,0,0,22,1,0,1,2,0,0,0,23,24,24,0.5208,0.0000,0.0000,10,0,0,0,,0,pending,0
369,108,1,1,50,20,0,2,0,25,0,0,25,0,0,0,1,0,0,0,25,26,26,0.6574,0.0000,0.0000,13,0,0,0,recheck,0,end_clear,1
369,125,1,0,-1,20,0,3,1,23,0,0,22,1,0,1,2,0,0,0,23,24,24,0.5207,0.0000,0.0000,10,0,0,0,,0,hop,1
373,19,3,0,-1,21,0,2,0,25,0,1,17,8,0,0,0,0,0,0,25,25,25,0.4983,0.1173,0.0000,12,1,0,0,,0,start_holder,0
373,21,2,0,-1,23,1,2,0,26,0,1,15,11,0,0,0,0,0,0,26,26,26,0.5544,0.1630,0.0000,12,1,0,0,,0,start_holder,0
373,26,3,0,-1,23,1,2,0,30,0,1,23,7,0,0,0,2,2,2,32,30,32,0.5866,0.2640,0.0000,16,1,0,0,,0,start_holder,0
373,73,2,0,-1,15,2,3,0,15,0,0,15,0,0,0,0,0,0,0,15,15,15,0.4612,0.0000,0.0000,12,0,0,0,,0,pending,0
373,118,3,0,-1,22,0,1,0,34,1,0,33,1,0,2,0,0,0,0,34,32,32,0.3743,0.0000,0.0000,13,0,0,0,,0,pending,0
373,165,1,0,-1,20,1,2,0,26,0,1,16,10,0,2,0,0,0,0,26,24,24,0.2986,0.0498,0.0000,10,1,0,0,,0,start_holder,0
374,73,2,0,-1,15,2,3,0,15,0,0,15,0,0,0,0,0,0,0,15,15,15,0.4615,0.0000,0.0000,12,0,0,0,,0,hop,1
374,118,3,0,-1,22,0,1,0,34,1,0,33,1,0,2,0,0,0,0,34,32,32,0.3744,0.0000,0.0000,13,0,0,0,,0,hop,1
376,28,2,1,61,25,0,2,0,30,0,1,25,5,0,1,0,0,0,0,30,29,29,0.6439,0.1840,0.0000,17,1,0,0,recheck,0,still,0
381,159,1,0,-1,17,2,3,0,18,0,0,18,0,0,0,1,0,0,0,18,19,19,0.2621,0.0000,0.0000,8,0,0,0,,0,pending,0
382,159,1,0,-1,17,2,3,0,18,0,0,18,0,0,0,1,0,0,0,18,19,19,0.2621,0.0000,0.0000,8,0,0,0,,0,hop,1
384,83,1,1,52,21,0,1,0,26,0,1,14,12,0,0,0,1,1,1,27,26,27,0.5702,0.3564,0.0000,11,1,0,0,recheck,0,still,0
384,88,1,1,69,24,0,2,0,28,0,1,22,6,0,0,0,2,2,2,30,28,30,0.6476,0.2878,0.0000,14,1,0,0,recheck,0,still,0
384,89,1,1,69,27,0,1,0,28,0,1,23,5,0,0,0,1,1,1,29,28,29,0.6718,0.2475,0.0000,15,1,0,0,recheck,0,still,0
385,29,2,1,70,22,2,3,0,31,1,1,29,2,0,1,0,0,0,0,31,30,30,0.6288,0.0629,0.0000,16,1,0,0,recheck,0,still,0
385,85,1,1,55,23,0,2,0,25,0,1,14,11,0,0,1,2,2,2,27,26,28,0.5369,0.3938,0.0000,10,1,0,0,recheck,0,still,0
385,160,1,0,-1,1,1,5,0,1,0,0,1,0,0,0,0,0,0,0,1,1,1,0.0352,0.0000,0.0000,1,0,0,0,,0,pending,0
386,160,1,0,-1,1,1,5,0,1,0,0,1,0,0,0,0,0,0,0,1,1,1,0.0352,0.0000,0.0000,1,0,0,0,,0,hop,1
388,25,2,1,73,24,1,3,0,29,0,1,19,10,0,0,0,3,3,3,32,29,32,0.6044,0.4136,0.0000,14,1,0,0,recheck,0,still,0
388,87,1,1,73,26,0,1,0,27,0,1,19,8,0,0,1,2,2,2,29,28,30,0.6344,0.4229,0.0000,13,1,0,0,recheck,0,still,0
388,155,1,0,-1,2,0,3,0,2,0,0,2,0,0,0,0,0,0,0,2,2,2,0.0734,0.0000,0.0000,2,0,0,0,,0,pending,0
388,180,1,1,73,27,0,1,1,32,1,1,24,8,0,2,0,1,1,1,33,30,31,0.3663,0.1221,0.0000,14,1,0,0,recheck,0,still,0
389,155,1,0,-1,2,0,3,0,2,0,0,2,0,0,0,0,0,0,0,2,2,2,0.0735,0.0000,0.0000,2,0,0,0,,0,hop,1
389,181,1,1,74,24,0,1,1,31,1,1,25,6,0,3,0,0,0,0,31,28,28,0.4218,0.0264,0.0000,14,1,0,0,recheck,0,still,0
390,132,1,1,76,23,2,3,0,27,0,0,27,0,0,0,2,0,0,0,27,29,29,0.6450,0.0000,0.0000,13,0,0,0,recheck,0,end_clear,1
390,177,1,1,37,25,0,1,1,32,1,1,24,8,0,4,0,2,2,2,34,28,30,0.3972,0.1854,0.0000,13,1,0,0,recheck,0,still,0
391,138,1,1,76,27,0,1,0,32,1,1,25,7,0,2,0,1,1,1,33,30,31,0.3968,0.0529,0.0000,13,1,0,0,recheck,0,still,0
397,90,1,1,82,24,0,1,0,27,0,1,26,1,0,0,1,0,0,0,27,28,28,0.6579,0.0693,0.0000,15,0,1,0,recheck,0,end_clear,1
398,111,1,0,-1,5,0,1,0,5,0,0,5,0,0,0,0,0,0,0,5,5,5,0.2153,0.0000,0.0000,5,0,0,0,,0,hop,1
403,21,2,1,30,23,1,3,0,26,0,1,15,11,0,0,0,0,0,0,26,26,26,0.5426,0.2553,0.0000,12,1,0,0,recheck,0,still,0
406,28,2,1,91,24,0,1,0,30,0,1,27,3,0,1,0,0,0,0,30,29,29,0.6376,0.1215,0.0000,16,0,1,0,recheck,0,end_clear,1
406,128,1,0,-1,22,0,2,1,29,0,1,19,10,0,3,0,2,2,2,31,26,28,0.3218,0.1877,0.0000,8,1,0,0,,0,start_holder,0
407,113,1,0,-1,21,0,3,0,25,0,0,25,0,0,2,1,0,0,0,25,24,24,0.2646,0.0000,0.0000,7,0,0,0,,0,pending,0
408,51,1,0,-1,19,0,3,0,20,0,1,13,7,0,0,1,0,0,0,20,21,21,0.5466,0.2186,0.0000,9,1,0,0,,0,start_holder,0
408,113,1,0,-1,21,0,3,0,25,0,0,25,0,0,2,1,0,0,0,25,24,24,0.2647,0.0000,0.0000,7,0,0,0,,0,hop,1
411,32,1,0,-1,18,0,1,0,22,0,0,22,0,0,0,0,0,0,0,22,22,22,0.6304,0.0000,0.0000,10,0,0,0,,0,pending,0
411,33,3,0,-1,16,0,3,0,22,0,0,22,0,0,1,0,0,0,0,22,21,21,0.5454,0.0000,0.0000,13,0,0,0,,0,pending,0
411,136,2,0,-1,17,4,5,0,20,0,0,20,0,0,0,0,0,0,0,20,20,20,0.5537,0.0000,0.0000,13,0,0,0,,0,pending,0
412,32,1,0,-1,18,0,1,0,22,0,0,22,0,0,0,0,0,0,0,22,22,22,0.6304,0.0000,0.0000,10,0,0,0,,0,hop,1
412,33,3,0,-1,16,0,3,0,22,0,0,22,0,0,1,0,0,0,0,22,21,21,0.5454,0.0000,0.0000,13,0,0,0,,0,hop,1
412,136,2,0,-1,17,4,5,0,20,0,0,20,0,0,0,0,0,0,0,20,20,20,0.5541,0.0000,0.0000,13,0,0,0,,0,hop,1
413,135,1,0,-1,24,0,2,0,29,0,1,22,7,0,3,0,3,3,3,32,26,29,0.4250,0.1860,0.0000,13,1,0,0,,0,start_holder,0
414,62,1,1,56,23,0,1,0,27,0,1,26,1,0,0,0,0,0,1,27,27,28,0.6854,0.0722,0.0000,14,0,1,0,recheck,0,end_clear,0
414,66,1,0,-1,19,0,1,0,24,0,0,24,0,0,1,1,0,0,0,24,24,24,0.6233,0.0000,0.0000,11,0,0,0,,0,hop,1
414,83,1,1,82,21,0,1,0,25,0,1,17,8,0,0,0,2,2,2,27,25,27,0.5702,0.2851,0.0000,11,1,0,0,recheck,0,still,0
414,88,1,1,99,24,0,2,0,27,0,1,25,2,0,0,0,2,2,2,29,27,29,0.6826,0.1437,0.0000,15,1,0,0,recheck,0,still,0
414,89,1,1,99,26,1,2,0,27,0,1,26,1,0,0,0,1,1,1,28,27,28,0.6700,0.1058,0.0000,15,1,0,0,recheck,0,still,0
414,170,1,1,51,22,0,2,0,24,0,1,21,3,0,0,0,0,0,0,24,24,24,0.7316,0.1394,0.0000,15,1,0,1,recheck,0,still,0
415,12,1,0,-1,21,1,2,0,25,0,1,22,3,0,0,0,0,0,0,25,25,25,0.6249,0.0347,0.0000,14,1,0,0,,0,start_holder,0
415,29,2,1,100,21,2,3,0,30,0,0,30,0,0,1,0,0,0,0,30,29,29,0.5958,0.0000,0.0000,14,0,0,0,recheck,0,end_clear,1
415,85,1,1,85,23,0,2,0,23,0,1,17,6,0,0,1,3,3,3,26,24,27,0.6087,0.3581,0.0000,11,1,0,0,recheck,0,still,0
415,95,1,0,-1,19,0,2,0,26,0,0,26,0,0,1,0,0,0,0,26,25,25,0.3281,0.0000,0.0000,7,0,0,0,,0,hop,1
415,127,1,0,-1,19,0,2,1,26,0,1,16,10,0,2,0,0,0,0,26,24,24,0.3774,0.1078,0.0000,10,1,0,0,,0,start_holder,0
418,25,2,1,103,24,1,3,0,28,0,1,23,5,0,0,0,4,4,4,32,28,32,0.5744,0.1915,0.0000,13,1,0,0,recheck,0,still,0
418,44,1,0,-1,22,0,2,1,26,0,1,23,3,0,0,1,0,0,0,26,27,27,0.4645,0.0357,0.0000,11,1,0,0,,0,start_holder,0
418,87,1,1,103,26,0,1,0,26,0,1,23,3,0,0,0,2,2,3,28,26,29,0.5994,0.1763,0.0000,12,1,0,0,recheck,0,still,0
418,153,1,0,-1,21,2,3,0,26,0,0,26,0,0,3,2,0,0,0,26,25,25,0.3188,0.0000,0.0000,8,0,0,0,,0,pending,0
418,180,1,1,103,26,0,1,1,31,1,1,28,3,0,2,0,1,1,1,32,29,30,0.3663,0.0733,0.0000,14,1,0,0,recheck,0,still,0
419,26,3,1,46,23,1,2,0,29,0,1,27,2,0,0,0,2,2,2,31,29,31,0.5900,0.0590,0.0000,16,1,0,0,recheck,0,still,0
419,49,2,0,-1,21,2,6,0,24,0,1,17,7,0,0,2,0,0,0,24,26,26,0.6202,0.1958,0.0000,12,1,0,0,,0,start_holder,0
419,153,1,0,-1,21,2,3,0,26,0,0,26,0,0,3,2,0,0,0,26,25,25,0.3188,0.0000,0.0000,8,0,0,0,,0,hop,1
419,174,1,0,-1,18,0,1,1,27,0,0,27,0,0,4,0,0,0,0,27,23,23,0.6129,0.0000,0.0000,12,0,0,0,,0,hop,1
419,181,1,1,104,23,0,1,1,31,1,0,30,1,0,3,0,0,0,0,31,28,28,0.4481,0.0000,0.0000,14,0,0,0,recheck,0,end_clear,1
420,86,1,0,-1,25,0,3,0,25,0,1,21,4,0,0,1,3,3,3,28,26,29,0.5754,0.2158,0.0000,11,1,0,0,,0,start_holder,0
420,102,2,0,-1,3,3,6,0,3,0,0,3,0,0,0,0,0,0,0,3,3,3,0.0983,0.0000,0.0000,3,0,0,0,,0,hop,1
420,177,1,1,67,25,0,1,1,32,1,1,27,5,0,4,0,1,1,1,33,28,29,0.3972,0.0530,0.0000,13,1,0,0,recheck,0,still,0
420,179,1,0,-1,4,4,6,0,4,0,0,4,0,0,0,0,0,0,0,4,4,4,0.1826,0.0000,0.0000,4,0,0,0,,0,hop,1
420,186,1,0,-1,21,1,2,0,33,1,0,33,0,0,5,0,0,0,0,33,28,28,0.4879,0.0000,0.0000,14,0,0,0,,0,hop,1
421,138,1,1,106,26,0,1,0,32,1,1,29,3,0,2,0,0,0,0,32,30,30,0.3439,0.0000,0.0000,12,0,0,0,recheck,0,end_clear,1
421,189,1,0,-1,19,0,2,0,28,0,0,27,1,0,4,0,0,0,0,28,24,24,0.3812,0.0000,0.0000,12,0,0,0,,0,hop,1
422,165,1,1,49,20,1,2,0,27,0,1,16,11,0,3,0,0,0,0,27,24,24,0.2986,0.0746,0.0000,10,1,0,0,recheck,0,still,0
425,65,1,0,-1,18,0,1,0,25,0,0,25,0,0,0,0,0,0,0,25,25,25,0.5859,0.0000,0.0000,10,0,0,0,,0,hop,1
426,199,1,0,-1,17,1,3,0,21,0,0,21,0,0,0,0,0,0,0,21,21,21,0.3263,0.0000,0.0000,11,0,0,0,,0,hop,1
428,19,3,1,55,21,0,2,0,25,0,1,14,11,0,0,0,0,0,0,25,25,25,0.5053,0.2081,0.0000,12,1,0,0,recheck,0,still,0
428,167,1,0,-1,23,1,2,0,29,0,1,19,10,0,3,0,1,1,1,30,26,27,0.3713,0.2228,0.0000,11,1,0,0,,0,start_holder,0
429,47,2,0,-1,21,0,2,0,25,0,1,20,5,0,0,1,0,0,0,25,26,26,0.6490,0.1298,0.0000,15,1,0,0,,0,start_holder,0
430,71,2,0,-1,15,2,5,0,19,0,0,19,0,0,1,0,0,0,0,19,18,18,0.5355,0.0000,0.0000,13,0,0,0,,0,pending,0
430,123,2,0,-1,21,0,2,0,25,0,0,25,0,0,0,0,0,0,0,25,25,25,0.3173,0.0000,0.0000,10,0,0,0,,0,hop,1
431,71,2,0,-1,15,2,5,0,19,0,0,19,0,0,1,0,0,0,0,19,18,18,0.5356,0.0000,0.0000,13,0,0,0,,0,hop,1
433,21,2,1,60,23,1,3,0,25,0,1,15,10,0,0,0,1,1,1,26,25,26,0.5358,0.2837,0.0000,12,1,0,0,recheck,0,still,0
435,121,1,0,-1,1,1,6,0,0,0,0,0,0,0,0,1,0,0,0,0,1,1,0.0000,0.0000,0.0000,0,0,0,0,,0,hop,1
438,51,1,1,30,19,1,3,0,19,0,1,12,7,0,0,1,1,1,1,20,20,21,0.5425,0.1808,0.0000,8,1,0,0,recheck,0,still,0
439,91,1,0,-1,22,0,1,0,27,0,0,27,0,0,2,1,0,0,0,27,26,26,0.6210,0.0000,0.0000,13,0,0,0,,0,pending,0
439,169,1,0,-1,20,7,8,0,23,0,1,18,5,0,0,0,0,0,0,23,23,23,0.6095,0.1355,0.0000,12,1,0,0,,0,start_holder,0
440,91,1,0,-1,22,0,1,0,27,0,0,27,0,0,2,1,0,0,0,27,26,26,0.6210,0.0000,0.0000,13,0,0,0,,0,hop,1
441,76,3,0,-1,20,5,8,0,26,0,1,19,7,0,0,1,0,0,0,26,27,27,0.5651,0.2082,0.0000,13,1,0,0,,0,start_holder,0
444,83,1,1,112,21,0,1,0,24,0,1,17,7,0,0,0,2,2,2,26,24,26,0.5695,0.3204,0.0000,11,1,0,0,recheck,0,still,0
444,88,1,1,129,24,0,2,0,29,0,1,28,1,0,0,0,0,0,0,29,29,29,0.6468,0.0359,0.0000,14,0,1,0,recheck,0,end_clear,1
444,89,1,1,129,26,0,1,0,28,0,1,28,0,0,0,1,0,0,0,28,29,29,0.6714,0.0000,0.0000,15,0,0,0,recheck,0,end_clear,1
444,170,1,1,81,21,6,8,0,22,0,1,17,5,0,0,1,0,0,0,22,23,23,0.6672,0.2107,0.0000,13,1,0,0,recheck,0,still,0
445,85,1,1,115,23,0,2,0,23,0,1,19,4,0,0,1,2,2,2,25,24,26,0.5730,0.2507,0.0000,10,1,0,0,recheck,0,still,0
446,58,1,0,-1,20,2,3,0,27,0,1,22,5,0,0,0,2,2,2,29,27,29,0.5416,0.2527,0.0000,10,1,0,0,,0,start_holder,0
446,110,1,0,-1,16,3,5,0,18,0,0,18,0,0,0,1,0,0,0,18,19,19,0.6160,0.0000,0.0000,11,0,0,0,,0,pending,0
446,114,1,0,-1,20,1,2,0,28,0,0,26,2,0,1,0,0,0,0,28,27,27,0.3517,0.0000,0.0000,10,0,0,0,,0,pending,0
447,12,1,1,32,19,1,2,0,24,0,1,17,7,0,1,0,0,0,0,24,23,23,0.5392,0.2696,0.0000,12,1,0,0,recheck,0,still,0
447,110,1,0,-1,16,3,5,0,18,0,0,18,0,0,0,1,0,0,0,18,19,19,0.6161,0.0000,0.0000,11,0,0,0,,0,hop,1
447,114,1,0,-1,20,1,2,0,28,0,0,26,2,0,1,0,0,0,0,28,27,27,0.3517,0.0000,0.0000,10,0,0,0,,0,hop,1
448,17,3,0,-1,18,0,2,0,20,0,1,10,10,0,0,0,2,2,2,22,20,22,0.5359,0.2382,0.0000,12,1,0,0,,0,start_holder,0
448,25,2,1,133,24,1,3,0,30,0,1,26,4,0,0,0,2,2,2,32,30,32,0.6074,0.1598,0.0000,14,1,0,0,recheck,0,still,0
448,87,1,1,133,26,0,1,0,28,0,1,27,1,0,0,0,0,0,1,28,28,29,0.5990,0.1057,0.0000,12,0,1,0,recheck,0,end_clear,1
448,180,1,1,133,24,1,2,0,30,0,0,30,0,0,3,0,0,0,0,30,27,27,0.4398,0.0244,0.0000,16,0,1,0,recheck,0,end_clear,1
449,26,3,1,76,24,1,2,0,31,1,1,31,0,0,0,1,0,0,0,31,32,32,0.5918,0.0000,0.0000,16,0,0,0,recheck,0,end_clear,1
450,84,1,0,-1,22,0,2,0,24,0,1,20,4,0,0,1,2,2,2,26,25,27,0.5253,0.1751,0.0000,10,1,0,0,,0,start_holder,0
450,177,1,1,97,26,0,1,1,33,1,0,32,1,0,3,0,0,0,0,33,30,30,0.3972,0.0000,0.0000,13,0,0,0,recheck,0,end_clear,1
451,156,1,0,-1,9,0,1,0,9,0,0,9,0,0,0,0,0,0,0,9,9,9,0.3548,0.0000,0.0000,8,0,0,0,,0,pending,0
452,68,2,0,-1,20,1,2,0,27,0,0,27,0,0,0,0,0,0,0,27,27,27,0.3389,0.0000,0.0000,8,0,0,0,,0,pending,0
452,97,2,0,-1,7,1,3,0,7,0,0,7,0,0,0,0,0,0,0,7,7,7,0.2503,0.0000,0.0000,7,0,0,0,,0,hop,1
452,124,1,0,-1,6,0,3,0,6,0,0,6,0,0,0,0,0,0,0,6,6,6,0.2471,0.0000,0.0000,6,0,0,0,,0,pending,0
452,156,1,0,-1,9,0,1,0,9,0,0,9,0,0,0,0,0,0,0,9,9,9,0.3548,0.0000,0.0000,8,0,0,0,,0,hop,1
452,165,1,1,79,20,1,2,0,24,0,1,15,9,0,2,0,1,1,1,25,22,23,0.2985,0.0995,0.0000,10,1,0,0,recheck,0,still,0
452,176,1,0,-1,26,1,2,0,32,1,1,30,2,0,2,0,0,0,0,32,30,30,0.4414,0.0245,0.0000,15,0,1,0,,0,pending,0
453,56,1,0,-1,24,0,1,0,26,0,1,20,6,0,0,0,1,1,1,27,26,27,0.5197,0.2425,0.0000,11,1,0,0,,0,start_holder,0
453,68,2,0,-1,20,1,2,0,27,0,0,27,0,0,0,0,0,0,0,27,27,27,0.3389,0.0000,0.0000,8,0,0,0,,0,hop,1
453,124,1,0,-1,6,0,3,0,6,0,0,6,0,0,0,0,0,0,0,6,6,6,0.2468,0.0000,0.0000,6,0,0,0,,0,hop,1
453,176,1,0,-1,26,1,2,0,32,1,1,30,2,0,2,0,0,0,0,32,30,30,0.4414,0.0245,0.0000,15,0,1,0,,0,hop,1
454,31,2,0,-1,22,0,3,0,27,0,0,27,0,0,0,1,0,0,0,27,28,28,0.6266,0.0000,0.0000,13,0,0,0,,0,pending,0
455,10,1,0,-1,22,1,2,0,28,0,1,19,9,0,1,0,0,0,0,28,27,27,0.5146,0.2745,0.0000,12,1,0,0,,0,start_holder,0
455,31,2,0,-1,22,0,3,0,27,0,0,27,0,0,0,1,0,0,0,27,28,28,0.6266,0.0000,0.0000,13,0,0,0,,0,hop,1
455,158,1,0,-1,19,0,1,0,25,0,0,25,0,0,2,0,0,0,0,25,23,23,0.3180,0.0000,0.0000,8,0,0,0,,0,hop,1
456,14,1,0,-1,22,0,1,0,21,0,1,14,7,0,0,2,0,0,0,21,23,23,0.5171,0.2585,0.0000,10,1,0,0,,0,start_holder,0
456,34,1,0,-1,13,0,1,1,13,0,0,13,0,0,0,0,0,0,0,13,13,13,0.4434,0.0000,0.0000,10,0,0,0,,0,hop,1
456,109,2,0,-1,15,1,3,0,20,0,0,20,0,0,0,0,0,0,0,20,20,20,0.7111,0.0000,0.0000,13,0,0,1,,0,start_crowd,0
457,128,1,1,51,22,0,2,1,28,0,1,19,9,0,3,0,0,0,0,28,25,25,0.2949,0.1341,0.0000,7,1,0,0,recheck,0,still,0
457,131,1,0,-1,20,0,2,1,31,1,1,25,6,0,4,0,0,0,0,31,27,27,0.3736,0.0534,0.0000,10,1,0,0,,0,start_holder,0
458,15,1,0,-1,19,3,8,0,22,0,1,14,8,0,0,0,1,1,1,23,22,23,0.5093,0.3274,0.0000,9,1,0,0,,0,start_holder,0
458,19,3,1,85,21,0,2,0,24,0,1,14,10,0,0,0,1,1,1,25,24,25,0.5061,0.2977,0.0000,12,1,0,0,recheck,0,still,0
458,49,2,1,39,20,2,8,0,22,0,1,13,9,0,0,2,2,2,2,24,24,26,0.6236,0.2954,0.0000,11,1,0,0,recheck,0,still,0
460,130,1,0,-1,19,4,8,0,22,0,1,14,8,0,0,0,1,1,1,23,22,23,0.6205,0.3650,0.0000,11,1,0,0,,0,start_holder,0
461,44,1,1,43,21,0,2,0,25,0,1,14,11,0,0,1,0,0,0,25,26,26,0.5053,0.3609,0.0000,11,1,0,0,recheck,0,still,0
461,127,1,1,46,19,0,2,1,24,0,1,13,11,0,2,0,1,1,1,25,22,23,0.3235,0.1078,0.0000,9,1,0,0,recheck,0,still,0
462,135,1,1,49,25,0,2,1,30,0,0,27,3,0,2,0,0,0,0,30,28,28,0.4246,0.0000,0.0000,13,0,0,0,recheck,0,end_clear,1
463,21,2,1,90,22,1,3,0,24,0,1,16,8,0,0,0,1,1,1,25,24,25,0.5368,0.2526,0.0000,12,1,0,0,recheck,0,still,0
465,92,1,0,-1,19,2,4,0,24,0,1,23,1,0,0,1,0,0,0,24,25,25,0.6914,0.0691,0.0000,12,1,0,0,,0,start_holder,0
465,163,1,0,-1,21,1,2,0,25,0,1,12,13,0,4,0,2,2,2,27,21,23,0.3749,0.1750,0.0000,10,1,0,0,,0,start_holder,0
468,51,1,1,60,19,0,2,0,18,0,1,8,10,0,0,1,2,2,2,20,19,21,0.5360,0.3216,0.0000,8,1,0,0,recheck,0,still,0
468,62,1,0,-1,21,0,1,0,26,0,1,24,2,0,0,0,0,0,0,26,26,26,0.6872,0.0362,0.0000,13,1,0,0,,0,start_holder,0
468,63,1,0,-1,20,0,2,0,25,0,1,23,2,0,0,1,0,0,0,25,26,26,0.6143,0.0361,0.0000,12,1,0,0,,0,start_holder,0
468,188,1,0,-1,21,1,3,0,29,0,0,27,2,0,5,0,0,0,0,29,24,24,0.4359,0.0000,0.0000,12,0,0,0,,0,hop,1
469,107,2,0,-1,19,1,2,0,26,0,1,24,2,0,0,2,0,0,0,26,28,28,0.6951,0.0948,0.0000,14,1,0,0,,0,start_holder,0
469,169,1,1,30,21,7,8,0,23,0,1,12,11,0,0,1,0,0,0,23,24,24,0.6190,0.4127,0.0000,12,1,0,0,recheck,0,still,0
471,67,2,0,-1,17,2,3,0,22,0,1,21,1,0,0,0,0,0,0,22,22,22,0.6540,0.0654,0.0000,12,0,1,0,,0,pending,0
472,67,2,0,-1,17,2,3,0,22,0,1,21,1,0,0,0,0,0,0,22,22,22,0.6540,0.0654,0.0000,12,0,1,0,,0,hop,1
473,54,2,0,-1,20,2,3,0,24,0,1,14,10,0,0,0,1,1,1,25,24,25,0.4797,0.3198,0.0000,11,1,0,0,,0,start_holder,0
474,83,1,1,142,21,0,1,0,25,0,1,17,8,0,0,1,0,0,0,25,26,26,0.5334,0.2134,0.0000,10,1,0,0,recheck,0,still,0
474,170,1,1,111,21,6,8,0,21,0,1,11,10,0,0,1,1,1,1,22,22,23,0.6686,0.3871,0.0000,13,1,0,0,recheck,0,still,0
475,76,3,1,34,20,5,8,0,25,0,1,12,13,0,0,1,1,1,1,26,26,27,0.5654,0.3571,0.0000,13,1,0,0,recheck,0,still,0
475,85,1,1,145,22,0,2,0,25,0,1,18,7,0,0,1,0,0,0,25,26,26,0.5732,0.1791,0.0000,10,1,0,0,recheck,0,still,0
475,195,1,0,-1,23,0,2,0,29,0,0,29,0,0,3,0,0,0,0,29,26,26,0.3719,0.0000,0.0000,11,0,0,0,,0,hop,1
476,167,1,1,48,23,1,2,0,27,0,1,16,11,0,2,0,0,0,0,27,25,25,0.3466,0.1733,0.0000,10,1,0,0,recheck,0,still,0
477,12,1,1,62,19,1,2,0,24,0,1,13,11,0,1,0,0,0,0,24,23,23,0.6283,0.3968,0.0000,14,1,0,0,recheck,0,still,0
477,86,1,1,57,24,0,3,0,28,0,1,24,4,0,0,0,0,0,0,28,28,28,0.6110,0.1078,0.0000,12,1,0,0,recheck,0,still,0
478,25,2,1,163,23,1,3,0,30,0,1,25,5,0,0,0,0,0,0,30,30,30,0.5477,0.0966,0.0000,12,1,0,0,recheck,0,still,0
479,17,3,1,31,19,1,2,0,21,0,1,9,12,0,0,1,2,2,2,23,22,24,0.5356,0.3571,0.0000,12,1,0,0,recheck,0,still,0
479,144,2,0,-1,14,0,5,0,16,0,0,16,0,0,0,0,0,0,0,16,16,16,0.5086,0.0000,0.0000,13,0,0,0,,0,pending,0
480,144,2,0,-1,14,0,5,0,16,0,0,16,0,0,0,0,0,0,0,16,16,16,0.5086,0.0000,0.0000,13,0,0,0,,0,hop,1
482,79,1,0,-1,18,0,2,0,18,0,1,6,12,0,1,1,3,3,3,21,18,21,0.5609,0.4207,0.0000,9,1,0,0,,0,start_holder,0
482,165,1,1,109,20,1,2,0,24,0,1,12,12,0,2,0,1,1,1,25,22,23,0.2985,0.1244,0.0000,10,1,0,0,recheck,0,still,0
484,57,1,0,-1,22,1,2,0,26,0,1,17,9,0,0,0,0,0,0,26,26,26,0.5681,0.2130,0.0000,11,1,0,0,,0,start_holder,0
486,171,1,0,-1,21,1,2,0,32,1,1,22,10,0,4,0,0,0,0,32,28,28,0.3695,0.0739,0.0000,11,1,0,0,,0,start_holder,0
487,11,1,0,-1,22,1,2,0,26,0,1,14,12,0,1,0,0,0,0,26,25,25,0.5677,0.4341,0.0000,13,1,0,0,,0,start_holder,0
487,47,2,1,58,21,0,2,0,24,0,1,10,14,0,0,1,0,0,0,24,25,25,0.6178,0.4552,0.0000,13,1,0,0,recheck,0,still,0
487,128,1,1,81,21,0,2,1,27,0,1,16,11,0,2,0,2,2,1,29,25,26,0.2949,0.1341,0.0000,7,1,0,0,recheck,0,still,0
488,19,3,1,115,21,0,2,0,21,0,1,10,11,0,0,0,3,3,3,24,21,24,0.5061,0.3870,0.0000,12,1,0,0,recheck,0,still,0
488,49,2,1,69,20,2,8,0,20,0,1,9,11,0,0,2,4,4,4,24,22,26,0.6244,0.3943,0.0000,11,1,0,0,recheck,0,still,0
488,145,1,0,-1,19,1,2,0,27,0,0,24,3,0,3,0,0,0,0,27,24,24,0.3629,0.0000,0.0000,10,0,0,0,,0,pending,0
489,75,1,0,-1,9,0,1,0,9,0,0,9,0,0,0,0,0,0,0,9,9,9,0.3424,0.0000,0.0000,8,0,0,0,,0,hop,1
489,145,1,0,-1,19,1,2,0,27,0,0,24,3,0,3,0,0,0,0,27,24,24,0.3630,0.0000,0.0000,10,0,0,0,,0,hop,1
491,44,1,1,73,21,0,2,0,26,0,1,14,12,0,0,0,0,0,0,26,26,26,0.5403,0.4323,0.0000,12,1,0,0,recheck,0,still,0
491,109,2,1,35,16,1,3,0,20,0,0,20,0,0,0,0,0,0,0,20,20,20,0.7441,0.0000,0.0000,14,0,0,1,recheck,0,still,0
491,127,1,1,76,19,0,2,1,22,0,1,10,12,0,2,0,3,3,3,25,20,23,0.3235,0.1887,0.0000,9,1,0,0,recheck,0,still,0
492,100,1,0,-1,20,0,2,0,22,0,0,22,0,0,1,0,0,0,0,22,21,21,0.4023,0.0000,0.0000,9,0,0,0,,0,pending,0
493,21,2,1,120,22,1,3,0,22,0,1,12,10,0,0,0,3,3,3,25,22,25,0.5369,0.2843,0.0000,12,1,0,0,recheck,0,still,0
493,100,1,0,-1,20,0,2,0,22,0,0,22,0,0,1,0,0,0,0,22,21,21,0.4024,0.0000,0.0000,9,0,0,0,,0,hop,1
495,56,1,1,42,23,0,1,0,24,0,1,14,10,0,0,0,1,1,1,25,24,25,0.5198,0.2772,0.0000,11,1,0,0,recheck,0,still,0
495,84,1,1,45,22,0,2,0,24,0,1,17,7,0,0,1,1,1,1,25,25,26,0.5274,0.2109,0.0000,10,1,0,0,recheck,0,still,0
495,118,3,0,-1,21,0,1,0,31,1,1,19,12,0,1,0,0,0,0,31,30,30,0.4248,0.2499,0.0000,14,1,0,0,,0,start_holder,0
495,130,1,1,35,19,4,8,0,21,0,1,10,11,0,0,0,2,2,2,23,21,23,0.6557,0.4007,0.0000,12,1,0,0,recheck,0,still,0
498,51,1,1,90,18,0,3,0,15,0,1,4,11,0,0,1,4,4,4,19,16,20,0.5319,0.4256,0.0000,8,1,0,0,recheck,0,still,0
498,62,1,1,30,21,0,1,0,26,0,1,22,4,0,0,0,0,0,0,26,26,26,0.6878,0.1448,0.0000,13,1,0,0,recheck,0,still,0
499,169,1,1,60,20,7,8,0,20,0,1,8,12,0,0,2,0,0,0,20,22,22,0.6313,0.4209,0.0000,12,1,0,0,recheck,0,still,0
502,131,1,1,45,20,0,2,1,33,1,1,23,10,0,4,0,0,0,0,33,29,29,0.3469,0.0534,0.0000,9,1,0,0,recheck,0,still,0
503,58,1,1,57,19,2,3,0,30,0,1,24,6,0,0,0,0,0,0,30,30,30,0.5417,0.1806,0.0000,10,1,0,0,recheck,0,still,0
504,15,1,1,46,18,3,8,0,20,0,1,9,11,0,0,0,2,2,2,22,20,22,0.5730,0.3581,0.0000,10,1,0,0,recheck,0,still,0
504,83,1,1,172,21,0,1,0,25,0,1,16,9,0,0,1,1,1,1,26,26,27,0.5685,0.2487,0.0000,11,1,0,0,recheck,0,still,0
504,170,1,1,141,20,6,8,0,19,0,1,9,10,0,0,1,2,2,2,21,20,22,0.5987,0.3874,0.0000,11,1,0,0,recheck,0,still,0
505,76,3,1,64,20,5,8,0,23,0,1,9,14,0,0,1,2,2,2,25,24,26,0.5655,0.3869,0.0000,13,1,0,0,recheck,0,still,0
505,85,1,1,175,22,0,2,0,25,0,1,18,7,0,0,0,0,0,1,25,25,26,0.5731,0.1791,0.0000,10,1,0,0,recheck,0,still,0
505,99,2,0,-1,14,1,5,0,17,0,0,17,0,0,0,0,0,0,0,17,17,17,0.6267,0.0000,0.0000,14,0,0,0,,0,hop,1
506,163,1,1,41,19,0,1,0,23,0,1,9,14,0,4,0,4,4,4,27,19,23,0.3426,0.2203,0.0000,8,1,0,0,recheck,0,still,0
506,167,1,1,78,23,1,2,0,26,0,1,15,11,0,2,0,2,2,2,28,24,26,0.3468,0.1734,0.0000,10,1,0,0,recheck,0,still,0
507,12,1,1,92,19,1,2,0,24,0,1,12,12,0,1,0,0,0,0,24,23,23,0.5910,0.3940,0.0000,13,1,0,0,recheck,0,still,0
507,14,1,1,51,20,0,1,0,20,0,1,9,11,0,0,2,0,0,0,20,22,22,0.5540,0.3693,0.0000,11,1,0,0,recheck,0,still,0
507,86,1,1,87,24,0,3,0,28,0,1,24,4,0,0,0,0,0,0,28,28,28,0.5751,0.0719,0.0000,11,1,0,0,recheck,0,still,0
508,25,2,1,193,23,1,3,0,31,1,1,25,6,0,0,0,0,0,0,31,31,31,0.5476,0.0966,0.0000,12,1,0,0,recheck,0,still,0
509,10,1,1,54,22,1,2,0,28,0,1,15,13,0,1,0,0,0,0,28,27,27,0.5398,0.4386,0.0000,13,1,0,0,recheck,0,still,0
509,17,3,1,61,19,1,2,0,20,0,1,8,12,0,0,0,4,4,4,24,20,24,0.5651,0.4164,0.0000,13,1,0,0,recheck,0,still,0
509,200,1,0,-1,17,0,8,1,20,0,1,7,13,0,2,1,3,3,3,23,19,22,0.6340,0.4338,0.0000,12,1,0,0,,0,start_holder,0
510,107,2,1,41,19,1,2,0,26,0,1,24,2,0,0,2,0,0,0,26,28,28,0.6937,0.0946,0.0000,14,1,0,0,recheck,0,still,0
512,153,1,0,-1,20,2,3,0,28,0,0,26,2,0,4,1,0,0,0,28,25,25,0.3476,0.0000,0.0000,8,0,0,0,,0,pending,0
512,165,1,1,139,20,1,2,0,22,0,1,10,12,0,2,0,3,3,3,25,20,23,0.2736,0.1493,0.0000,9,1,0,0,recheck,0,still,0
513,63,1,1,45,20,0,2,0,25,0,1,22,3,0,0,0,0,0,0,25,25,25,0.6144,0.1084,0.0000,12,1,0,0,recheck,0,still,0
513,132,1,0,-1,20,0,1,0,24,0,1,21,3,0,0,2,0,0,0,24,26,26,0.7171,0.1793,0.0000,13,1,0,1,,0,start_both,0
513,153,1,0,-1,20,2,3,0,28,0,0,26,2,0,4,1,0,0,0,28,25,25,0.3476,0.0000,0.0000,8,0,0,0,,0,hop,1
514,3,2,0,-1,19,0,1,0,26,0,1,21,5,0,0,0,0,0,0,26,26,26,0.3563,0.0000,0.0000,8,0,0,0,,0,hop,1
516,57,1,1,32,22,1,2,0,25,0,1,16,9,0,0,0,1,1,1,26,25,26,0.5689,0.2134,0.0000,11,1,0,0,recheck,0,still,0
516,90,1,0,-1,22,0,1,0,25,0,1,20,5,0,0,1,0,0,0,25,26,26,0.6597,0.1736,0.0000,13,1,0,0,,0,start_holder,0
517,47,2,1,88,21,0,2,0,22,0,1,8,14,0,0,2,0,0,0,22,24,24,0.6179,0.4553,0.0000,13,1,0,0,recheck,0,still,0
517,128,1,1,111,21,0,2,1,25,0,1,14,11,0,2,0,4,4,3,29,23,26,0.3218,0.1341,0.0000,8,1,0,0,recheck,0,still,0
518,19,3,1,145,21,0,2,0,19,0,1,10,9,0,0,0,5,5,5,24,19,24,0.5061,0.3870,0.0000,12,1,0,0,recheck,0,still,0
518,49,2,1,99,19,2,8,0,17,0,1,8,9,0,0,2,5,5,5,22,19,24,0.6244,0.3943,0.0000,11,1,0,0,recheck,0,still,0
518,115,2,0,-1,21,0,1,0,30,0,1,23,7,0,1,0,0,0,0,30,29,29,0.3774,0.0809,0.0000,13,1,0,0,,0,start_holder,0
519,2,1,0,-1,20,0,2,1,25,0,1,22,3,0,0,0,0,0,0,25,25,25,0.3284,0.0000,0.0000,5,0,0,0,,0,pending,0
520,2,1,0,-1,20,0,2,1,25,0,1,22,3,0,0,0,0,0,0,25,25,25,0.3284,0.0000,0.0000,5,0,0,0,,0,hop,1
521,44,1,1,103,21,0,2,0,26,0,1,13,13,0,0,0,0,0,0,26,26,26,0.5723,0.4293,0.0000,13,1,0,0,recheck,0,still,0
521,109,2,1,65,15,1,3,0,20,0,0,20,0,0,0,0,0,0,0,20,20,20,0.7439,0.0000,0.0000,14,0,0,1,recheck,0,still,0
521,127,1,1,106,19,0,2,1,21,0,1,11,10,0,2,0,5,5,5,26,19,24,0.3235,0.1887,0.0000,9,1,0,0,recheck,0,still,0
523,21,2,1,150,22,1,3,0,20,0,1,11,9,0,0,0,5,5,5,25,20,25,0.5375,0.2846,0.0000,12,1,0,0,recheck,0,still,0
523,66,1,0,-1,17,0,1,0,23,0,1,22,1,0,1,1,0,0,0,23,23,23,0.6348,0.0668,0.0000,11,1,0,0,,0,start_holder,0
524,92,1,1,59,19,2,3,0,23,0,1,21,2,0,0,2,0,0,0,23,25,25,0.6323,0.1054,0.0000,11,1,0,0,recheck,0,still,0
525,56,1,1,72,23,0,1,0,23,0,1,13,10,0,0,0,3,3,3,26,23,26,0.5198,0.2772,0.0000,11,1,0,0,recheck,0,still,0
525,84,1,1,75,22,0,2,0,24,0,1,15,9,0,0,1,1,1,1,25,25,26,0.5292,0.2117,0.0000,10,1,0,0,recheck,0,still,0
525,130,1,1,65,18,4,8,0,19,0,1,8,11,0,0,0,3,3,3,22,19,22,0.6500,0.4334,0.0000,12,1,0,0,recheck,0,still,0
526,121,1,0,-1,0,0,6,1,0,0,0,0,0,0,0,0,0,0,0,0,0,0,0.0000,0.0000,0.0000,0,0,0,0,,0,hop,1
527,102,2,0,-1,3,3,6,0,3,0,0,3,0,0,0,0,0,0,0,3,3,3,0.0950,0.0000,0.0000,3,0,0,0,,0,hop,1
528,51,1,1,120,18,0,3,0,14,0,1,4,10,0,0,1,5,5,5,19,15,20,0.5307,0.4246,0.0000,8,1,0,0,recheck,0,still,0
528,62,1,1,60,21,0,1,0,26,0,1,19,7,0,0,0,0,0,0,26,26,26,0.6877,0.2534,0.0000,13,1,0,0,recheck,0,still,0
529,169,1,1,90,20,7,8,0,20,0,1,7,13,0,0,2,0,0,0,20,22,22,0.6323,0.4567,0.0000,12,1,0,0,recheck,0,still,0
530,54,2,1,57,20,2,3,0,20,0,1,12,8,0,0,0,5,5,5,25,20,25,0.4798,0.3519,0.0000,11,1,0,0,recheck,0,still,0
530,108,1,0,-1,18,0,2,0,23,0,1,21,2,0,0,1,0,0,0,23,24,24,0.7272,0.1039,0.0000,12,1,0,1,,0,start_both,0
531,111,1,0,-1,5,4,5,0,5,0,0,5,0,0,0,0,0,0,0,5,5,5,0.2159,0.0000,0.0000,5,0,0,0,,0,pending,0
532,111,1,0,-1,5,4,5,0,5,0,0,5,0,0,0,0,0,0,0,5,5,5,0.2160,0.0000,0.0000,5,0,0,0,,0,hop,1
532,131,1,1,75,20,0,2,1,33,1,1,20,13,0,3,0,1,1,0,34,30,30,0.3469,0.0534,0.0000,9,1,0,0,recheck,0,still,0
533,58,1,1,87,19,2,3,0,30,0,1,20,10,0,0,0,0,0,0,30,30,30,0.5416,0.1805,0.0000,10,1,0,0,recheck,0,still,0
534,15,1,1,76,18,3,8,0,19,0,1,8,11,0,0,0,3,3,3,22,19,22,0.5656,0.3535,0.0000,10,1,0,0,recheck,0,still,0
534,83,1,1,202,21,0,1,0,22,0,1,13,9,0,0,1,3,3,3,25,23,26,0.5688,0.2488,0.0000,11,1,0,0,recheck,0,still,0
534,170,1,1,171,20,6,8,0,19,0,1,8,11,0,0,1,2,2,2,21,20,22,0.5991,0.4229,0.0000,11,1,0,0,recheck,0,still,0
535,76,3,1,94,20,5,8,0,21,0,1,8,13,0,0,1,3,3,3,24,22,25,0.5655,0.3869,0.0000,13,1,0,0,recheck,0,still,0
535,85,1,1,205,22,0,2,0,25,0,1,16,9,0,0,0,0,0,1,25,25,26,0.5730,0.1791,0.0000,10,1,0,0,recheck,0,still,0
535,155,1,0,-1,2,1,5,0,2,0,0,2,0,0,0,0,0,0,0,2,2,2,0.0719,0.0000,0.0000,2,0,0,0,,0,hop,1
536,79,1,1,54,18,0,2,0,16,0,1,5,11,0,1,1,5,5,5,21,16,21,0.5941,0.4893,0.0000,10,1,0,0,recheck,0,still,0
536,163,1,1,71,18,0,1,0,22,0,1,9,13,0,5,0,5,5,5,27,17,22,0.3586,0.2305,0.0000,8,1,0,0,recheck,0,still,0
536,167,1,1,108,22,1,2,0,24,0,1,14,10,0,2,0,5,5,5,29,22,27,0.3472,0.1736,0.0000,10,1,0,0,recheck,0,still,0
536,171,1,1,50,21,1,2,0,33,1,1,20,13,0,3,0,1,1,0,34,30,30,0.3941,0.0739,0.0000,12,1,0,0,recheck,0,still,0
537,12,1,1,122,19,1,2,0,24,0,1,11,13,0,1,0,0,0,0,24,23,23,0.5952,0.3968,0.0000,13,1,0,0,recheck,0,still,0
537,14,1,1,81,20,0,3,0,21,0,1,8,13,0,1,2,0,0,0,21,22,22,0.5540,0.3693,0.0000,11,1,0,0,recheck,0,still,0
537,86,1,1,117,24,0,3,0,28,0,1,20,8,0,0,0,0,0,0,28,28,28,0.5751,0.1438,0.0000,11,1,0,0,recheck,0,still,0
538,25,2,1,223,23,1,3,0,31,1,1,21,10,0,0,0,0,0,0,31,31,31,0.5468,0.1608,0.0000,12,1,0,0,recheck,0,still,0
539,10,1,1,84,22,1,2,0,27,0,1,14,13,0,1,0,0,0,0,27,26,26,0.5492,0.4462,0.0000,13,1,0,0,recheck,0,still,0
539,17,3,1,91,19,1,2,0,18,0,1,8,10,0,0,1,5,5,5,23,19,24,0.5357,0.3869,0.0000,12,1,0,0,recheck,0,still,0
540,107,2,1,71,19,1,2,0,25,0,1,21,4,0,0,2,0,0,0,25,27,27,0.6934,0.1576,0.0000,14,1,0,0,recheck,0,still,0
540,117,3,0,-1,20,0,1,0,32,1,1,19,13,0,1,0,0,0,0,32,31,31,0.3417,0.1952,0.0000,12,1,0,0,,0,start_holder,0
542,165,1,1,169,20,1,2,0,21,0,1,10,11,0,3,0,5,5,5,26,18,23,0.2736,0.1493,0.0000,9,1,0,0,recheck,0,still,0
543,63,1,1,75,20,0,2,0,25,0,1,19,6,0,0,1,0,0,0,25,26,26,0.6142,0.2168,0.0000,12,1,0,0,recheck,0,still,0
544,71,2,0,-1,15,2,5,0,17,0,0,17,0,0,0,0,0,0,0,17,17,17,0.5447,0.0000,0.0000,13,0,0,0,,0,hop,1
545,11,1,1,58,22,1,2,0,26,0,1,13,13,0,1,0,0,0,0,26,25,25,0.5717,0.4372,0.0000,13,1,0,0,recheck,0,still,0
546,57,1,1,62,22,1,2,0,23,0,1,15,8,0,0,0,2,2,2,25,23,25,0.5689,0.2134,0.0000,11,1,0,0,recheck,0,still,0
547,47,2,1,118,21,1,3,0,23,0,1,8,15,0,0,2,0,0,0,23,25,25,0.6178,0.4552,0.0000,13,1,0,0,recheck,0,still,0
547,128,1,1,141,21,0,2,1,25,0,1,15,10,0,2,0,5,5,4,30,23,27,0.3218,0.1341,0.0000,8,1,0,0,recheck,0,still,0
548,19,3,1,175,21,0,2,0,19,0,1,11,8,0,0,0,6,6,6,25,19,25,0.5061,0.3870,0.0000,12,1,0,0,recheck,0,still,0
548,49,2,1,129,19,2,7,0,17,0,1,8,9,0,0,2,6,6,6,23,19,25,0.6259,0.3953,0.0000,11,1,0,0,recheck,0,still,0
548,200,1,1,39,17,0,7,1,18,0,1,7,11,0,2,1,5,5,5,23,17,22,0.5753,0.3722,0.0000,11,1,0,0,recheck,0,still,0
549,136,2,0,-1,16,4,5,0,19,0,0,19,0,0,0,0,0,0,0,19,19,19,0.5932,0.0000,0.0000,14,0,0,0,,0,hop,1
549,138,1,0,-1,22,0,1,0,29,0,1,20,9,0,3,0,0,0,0,29,26,26,0.5020,0.2114,0.0000,16,1,0,0,,0,start_holder,0
551,44,1,1,133,21,0,2,0,24,0,1,12,12,0,0,1,0,0,0,24,25,25,0.5436,0.4349,0.0000,12,1,0,0,recheck,0,still,0
551,109,2,1,95,15,2,4,0,20,0,0,20,0,0,0,0,0,0,0,20,20,20,0.7113,0.0000,0.0000,13,0,0,1,recheck,0,still,0
551,127,1,1,136,19,0,2,1,20,0,1,11,9,0,2,0,6,6,6,26,18,24,0.3235,0.1887,0.0000,9,1,0,0,recheck,0,still,0
551,156,1,0,-1,8,2,3,0,9,0,0,9,0,0,0,0,0,0,0,9,9,9,0.3198,0.0000,0.0000,7,0,0,0,,0,pending,0
552,89,1,0,-1,24,0,1,0,26,0,1,17,9,0,0,2,0,0,0,26,28,28,0.6659,0.2804,0.0000,14,1,0,0,,0,start_holder,0
552,118,3,1,57,20,0,1,0,30,0,1,16,14,0,1,0,0,0,0,30,29,29,0.4497,0.2748,0.0000,15,1,0,0,recheck,0,still,0
552,156,1,0,-1,8,2,3,0,9,0,0,9,0,0,0,0,0,0,0,9,9,9,0.3198,0.0000,0.0000,7,0,0,0,,0,hop,1
553,21,2,1,180,22,1,3,0,20,0,1,11,9,0,0,0,6,6,6,26,20,26,0.5393,0.2855,0.0000,12,1,0,0,recheck,0,still,0
553,159,1,0,-1,12,2,3,0,16,0,0,16,0,0,0,0,0,0,0,16,16,16,0.2324,0.0000,0.0000,6,0,0,0,,0,pending,0
554,88,1,0,-1,24,0,1,0,27,0,1,16,11,0,0,1,0,0,0,27,28,28,0.6100,0.2512,0.0000,13,1,0,0,,0,start_holder,0
554,92,1,1,89,19,0,1,0,23,0,1,20,3,0,0,2,0,0,0,23,25,25,0.6359,0.1413,0.0000,11,1,0,0,recheck,0,still,0
554,159,1,0,-1,12,2,3,0,16,0,0,16,0,0,0,0,0,0,0,16,16,16,0.2324,0.0000,0.0000,6,0,0,0,,0,hop,1
555,56,1,1,102,23,0,1,0,22,0,1,11,11,0,0,0,4,4,4,26,22,26,0.5198,0.3119,0.0000,11,1,0,0,recheck,0,still,0
555,84,1,1,105,22,0,2,0,25,0,1,12,13,0,0,1,1,1,1,26,26,27,0.5295,0.2471,0.0000,10,1,0,0,recheck,0,still,0
555,130,1,1,95,17,2,5,0,18,0,1,7,11,0,0,0,3,3,3,21,18,21,0.6484,0.4322,0.0000,11,1,0,0,recheck,0,still,0
558,51,1,1,150,18,0,3,0,15,0,1,5,10,0,0,1,6,6,6,21,16,22,0.5293,0.4234,0.0000,8,1,0,0,recheck,0,still,0
558,62,1,1,90,21,0,1,0,26,0,1,18,8,0,0,0,0,0,0,26,26,26,0.6877,0.2534,0.0000,13,1,0,0,recheck,0,still,0
559,91,1,0,-1,20,0,1,0,26,0,1,19,7,0,2,0,0,0,0,26,24,24,0.6901,0.2415,0.0000,14,1,0,0,,0,start_holder,0
559,169,1,1,120,19,0,1,0,19,0,1,6,13,0,0,2,0,0,0,19,21,21,0.6309,0.4557,0.0000,11,1,0,0,recheck,0,still,0
560,54,2,1,87,20,2,3,0,19,0,1,10,9,0,0,0,6,6,6,25,19,25,0.4796,0.3517,0.0000,11,1,0,0,recheck,0,still,0
560,108,1,1,30,17,0,2,0,22,0,1,20,2,0,0,1,0,0,0,22,23,23,0.6603,0.1043,0.0000,11,1,0,0,recheck,0,still,0
560,132,1,1,47,20,0,1,0,25,0,1,20,5,0,0,1,0,0,0,25,26,26,0.7173,0.2510,0.0000,13,1,0,1,recheck,0,still,0
561,160,1,0,-1,1,0,5,1,1,0,0,1,0,0,0,0,0,0,0,1,1,1,0.0361,0.0000,0.0000,1,0,0,0,,0,hop,1
562,77,3,0,-1,18,0,2,0,19,0,1,7,12,0,0,0,6,6,6,25,19,25,0.5209,0.3762,0.0000,11,1,0,0,,0,start_holder,0
562,131,1,1,105,20,0,2,1,32,1,1,16,16,0,2,0,2,2,0,34,30,30,0.3469,0.1067,0.0000,9,1,0,0,recheck,0,still,0
562,161,2,0,-1,20,0,1,0,20,0,1,7,13,0,1,0,6,6,6,26,19,25,0.3780,0.3528,0.0000,9,1,0,0,,0,start_holder,0
563,34,1,0,-1,12,0,1,1,12,0,0,12,0,0,0,0,0,0,0,12,12,12,0.4435,0.0000,0.0000,10,0,0,0,,0,hop,1
563,58,1,1,117,20,2,3,0,29,0,1,15,14,0,0,0,0,0,0,29,29,29,0.5417,0.2528,0.0000,10,1,0,0,recheck,0,still,0
564,15,1,1,106,17,1,5,0,18,0,1,5,13,0,1,0,4,4,4,22,17,21,0.6012,0.4951,0.0000,10,1,0,0,recheck,0,still,0
564,83,1,1,232,21,0,1,0,22,0,1,10,12,0,0,1,4,4,4,26,23,27,0.5682,0.2841,0.0000,11,1,0,0,recheck,0,still,0
564,170,1,1,201,19,4,5,0,18,0,1,5,13,0,0,1,2,2,2,20,19,21,0.6002,0.5296,0.0000,10,1,0,0,recheck,0,still,0
565,76,3,1,124,19,3,5,0,21,0,1,6,15,0,0,1,4,4,4,25,22,26,0.5951,0.5058,0.0000,13,1,0,0,recheck,0,still,0
565,85,1,1,235,23,0,2,0,25,0,1,12,13,0,0,0,0,0,1,25,25,26,0.5725,0.2147,0.0000,10,1,0,0,recheck,0,still,0
566,13,2,0,-1,17,2,3,0,21,0,1,5,16,0,0,0,0,0,0,21,21,21,0.6262,0.5603,0.0000,13,1,0,0,,0,start_holder,0
566,79,1,1,84,18,0,2,0,15,0,1,5,10,0,1,1,6,6,6,21,15,21,0.5594,0.4545,0.0000,9,1,0,0,recheck,0,still,0
566,90,1,1,50,22,0,1,0,24,0,1,16,8,0,0,1,0,0,0,24,25,25,0.6591,0.2775,0.0000,13,1,0,0,recheck,0,still,0
566,163,1,1,101,18,0,1,0,21,0,1,8,13,0,5,0,6,6,6,27,16,22,0.3792,0.2438,0.0000,8,1,0,0,recheck,0,still,0
566,167,1,1,138,22,1,2,0,24,0,1,11,13,0,3,0,6,6,6,30,21,27,0.3480,0.1740,0.0000,10,1,0,0,recheck,0,still,0
566,171,1,1,80,21,1,2,0,32,1,1,16,16,0,2,0,2,2,0,34,30,30,0.3941,0.1232,0.0000,12,1,0,0,recheck,0,still,0
567,12,1,1,152,17,0,1,0,23,0,1,6,17,0,1,0,0,0,0,23,22,22,0.6163,0.5839,0.0000,12,1,0,0,recheck,0,still,0
567,14,1,1,111,19,0,3,0,21,0,1,6,15,0,1,2,0,0,0,21,22,22,0.5541,0.4802,0.0000,10,1,0,0,recheck,0,still,0
567,86,1,1,147,24,0,3,0,28,0,1,16,12,0,0,0,0,0,0,28,28,28,0.5752,0.2157,0.0000,11,1,0,0,recheck,0,still,0
568,23,2,0,-1,22,1,2,0,31,1,1,16,15,0,0,1,0,0,0,31,32,32,0.5555,0.2941,0.0000,12,1,0,0,,0,start_holder,0
568,25,2,1,253,23,1,3,0,31,1,1,17,14,0,0,0,0,0,0,31,31,31,0.6087,0.2883,0.0000,13,1,0,0,recheck,0,still,0
569,10,1,1,114,21,1,2,0,25,0,1,10,15,0,0,0,0,0,0,25,25,25,0.5764,0.5425,0.0000,13,1,0,0,recheck,0,still,0
569,17,3,1,121,19,1,2,0,17,0,1,6,11,0,0,1,6,6,6,23,18,24,0.5358,0.4465,0.0000,12,1,0,0,recheck,0,still,0
569,32,1,0,-1,17,0,1,0,21,0,1,20,1,0,0,0,0,0,0,21,21,21,0.6865,0.0723,0.0000,11,1,0,0,,0,start_holder,0
570,107,2,1,101,21,1,2,0,25,0,1,20,5,0,0,4,0,0,0,25,29,29,0.6948,0.1895,0.0000,14,1,0,0,recheck,0,still,0
571,66,1,1,48,17,0,1,0,23,0,1,20,3,0,1,1,0,0,0,23,23,23,0.6365,0.1340,0.0000,11,1,0,0,recheck,0,still,0
572,165,1,1,199,20,1,2,0,21,0,1,8,13,0,3,0,6,6,6,27,18,24,0.2736,0.1990,0.0000,9,1,0,0,recheck,0,still,0
573,63,1,1,105,19,0,2,0,24,0,1,16,8,0,0,1,0,0,0,24,25,25,0.6139,0.2889,0.0000,12,1,0,0,recheck,0,still,0
573,65,1,0,-1,17,0,2,0,23,0,1,19,4,0,1,1,0,0,0,23,23,23,0.5549,0.1387,0.0000,9,1,0,0,,0,start_holder,0
575,11,1,1,88,20,1,2,0,24,0,1,8,16,0,1,0,0,0,0,24,23,23,0.5612,0.5282,0.0000,12,1,0,0,recheck,0,still,0
576,57,1,1,92,22,1,2,0,23,0,1,10,13,0,0,0,2,2,2,25,23,25,0.5689,0.3556,0.0000,11,1,0,0,recheck,0,still,0
576,115,2,1,58,18,0,1,0,26,0,1,17,9,0,1,0,0,0,0,26,25,25,0.4312,0.1617,0.0000,11,1,0,0,recheck,0,still,0
577,47,2,1,148,19,1,3,0,22,0,1,5,17,0,0,1,0,0,0,22,23,23,0.6462,0.5816,0.0000,13,1,0,0,recheck,0,still,0
577,128,1,1,171,21,0,2,1,24,0,1,11,13,0,2,0,6,6,5,30,22,27,0.3218,0.1877,0.0000,8,1,0,0,recheck,0,still,0
578,19,3,1,205,21,0,2,0,18,0,1,8,10,0,0,0,7,7,7,25,18,25,0.5061,0.4465,0.0000,12,1,0,0,recheck,0,still,0
578,49,2,1,159,17,1,2,0,16,0,1,6,10,0,0,0,7,7,7,23,16,23,0.6595,0.4946,0.0000,11,1,0,0,recheck,0,still,0
578,117,3,1,38,17,0,1,0,29,0,1,15,14,0,1,0,0,0,0,29,28,28,0.3422,0.2445,0.0000,11,1,0,0,recheck,0,still,0
578,200,1,1,69,16,0,1,0,17,0,1,5,12,0,2,0,5,5,5,22,15,20,0.6244,0.5203,0.0000,11,1,0,0,recheck,0,still,0
580,73,2,0,-1,13,2,3,0,15,0,0,15,0,0,1,0,0,0,0,15,14,14,0.4546,0.0000,0.0000,12,0,0,0,,0,hop,1
580,87,1,0,-1,25,1,2,0,27,0,1,12,15,0,0,2,0,0,0,27,29,29,0.6340,0.3170,0.0000,13,1,0,0,,0,start_holder,0
581,44,1,1,163,20,0,2,0,23,0,1,9,14,0,0,1,0,0,0,23,24,24,0.5357,0.5000,0.0000,11,1,0,0,recheck,0,still,0
581,109,2,1,125,15,3,5,0,20,0,0,20,0,0,0,0,0,0,0,20,20,20,0.7110,0.0000,0.0000,13,0,0,1,recheck,0,still,0
581,113,1,0,-1,17,0,2,0,24,0,1,18,6,0,4,0,0,0,0,24,20,20,0.3237,0.0000,0.0000,7,0,0,0,,0,pending,0
581,127,1,1,166,19,0,2,1,19,0,1,7,12,0,2,0,7,7,7,26,17,24,0.3235,0.2426,0.0000,9,1,0,0,recheck,0,still,0
582,113,1,0,-1,17,0,2,0,24,0,1,18,6,0,4,0,0,0,0,24,20,20,0.3237,0.0000,0.0000,7,0,0,0,,0,hop,1
582,118,3,1,87,19,0,1,0,29,0,1,13,16,0,1,0,0,0,0,29,28,28,0.3998,0.2748,0.0000,12,1,0,0,recheck,0,still,0
582,189,1,0,-1,16,0,2,0,25,0,1,19,6,0,3,0,0,0,0,25,22,22,0.4125,0.0516,0.0000,11,1,0,0,,0,start_holder,0
583,21,2,1,210,22,1,3,0,19,0,1,8,11,0,0,0,7,7,7,26,19,26,0.5402,0.3813,0.0000,12,1,0,0,recheck,0,still,0
584,92,1,1,119,19,2,3,0,23,0,1,18,5,0,0,2,0,0,0,23,25,25,0.6354,0.2118,0.0000,11,1,0,0,recheck,0,still,0
585,56,1,1,132,23,0,1,0,22,0,1,9,13,0,0,0,5,5,5,27,22,27,0.5198,0.4159,0.0000,11,1,0,0,recheck,0,still,0
585,84,1,1,135,22,0,2,0,26,0,1,9,17,0,0,1,1,1,1,27,27,28,0.5295,0.3530,0.0000,10,1,0,0,recheck,0,still,0
585,130,1,1,125,18,1,4,0,17,0,1,5,12,0,0,0,4,4,4,21,17,21,0.6569,0.5474,0.0000,11,1,0,0,recheck,0,still,0
586,124,1,0,-1,6,0,3,0,6,0,0,6,0,0,0,0,0,0,0,6,6,6,0.1766,0.0000,0.0000,4,0,0,0,,0,hop,1
587,33,3,0,-1,15,2,5,0,20,0,0,19,1,0,1,0,0,0,0,20,19,19,0.5602,0.0590,0.0000,13,0,1,0,,0,hop,1
588,51,1,1,180,18,0,3,0,14,0,1,4,10,0,0,1,7,7,7,21,15,22,0.5289,0.4231,0.0000,8,1,0,0,recheck,0,still,0
588,62,1,1,120,21,0,1,0,26,0,1,15,11,0,0,1,0,0,0,26,27,27,0.6879,0.3620,0.0000,13,1,0,0,recheck,0,still,0
588,179,1,0,-1,4,2,4,0,4,0,0,4,0,0,0,0,0,0,0,4,4,4,0.1465,0.0000,0.0000,3,0,0,0,,0,pending,0
589,89,1,1,37,24,0,1,0,27,0,1,15,12,0,0,1,0,0,0,27,28,28,0.6665,0.3859,0.0000,14,1,0,0,recheck,0,still,0
589,169,1,1,150,19,1,2,0,20,0,1,5,15,0,0,1,0,0,0,20,21,21,0.7003,0.5603,0.0000,12,1,0,1,recheck,0,still,0
589,174,1,0,-1,16,0,1,1,24,0,1,18,6,0,3,1,0,0,0,24,22,22,0.6198,0.1631,0.0000,11,1,0,0,,0,start_holder,0
589,179,1,0,-1,4,2,4,0,4,0,0,4,0,0,0,0,0,0,0,4,4,4,0.1465,0.0000,0.0000,3,0,0,0,,0,hop,1
590,54,2,1,117,20,2,3,0,19,0,1,8,11,0,0,0,7,7,7,26,19,26,0.5753,0.4155,0.0000,12,1,0,0,recheck,0,still,0
590,75,1,0,-1,7,0,1,0,9,0,0,9,0,0,0,0,0,0,0,9,9,9,0.2827,0.0000,0.0000,6,0,0,0,,0,hop,1
590,108,1,1,60,17,0,2,0,22,0,1,19,3,0,0,1,0,0,0,22,23,23,0.6608,0.1391,0.0000,11,1,0,0,recheck,0,still,0
590,132,1,1,77,20,0,1,0,25,0,1,17,8,0,0,1,0,0,0,25,26,26,0.6450,0.2508,0.0000,12,1,0,0,recheck,0,still,0
592,29,2,0,-1,20,1,2,0,27,0,1,16,11,0,0,0,0,0,0,27,27,27,0.6241,0.3745,0.0000,14,1,0,0,,0,start_holder,0
592,131,1,1,135,20,0,2,1,32,1,1,11,21,0,2,0,2,2,0,34,30,30,0.3469,0.1334,0.0000,9,1,0,0,recheck,0,still,0
592,145,1,0,-1,15,1,2,0,25,0,1,18,7,0,4,0,0,0,0,25,21,21,0.4188,0.0558,0.0000,9,1,0,0,,0,start_holder,0
593,58,1,1,147,20,2,3,0,29,0,1,11,18,0,0,0,0,0,0,29,29,29,0.5417,0.3611,0.0000,10,1,0,0,recheck,0,still,0
594,15,1,1,136,17,0,4,0,15,0,1,5,10,0,1,0,7,7,7,22,14,21,0.6433,0.5361,0.0000,11,1,0,0,recheck,0,still,0
594,83,1,1,262,21,0,1,0,22,0,1,7,15,0,0,1,4,4,4,26,23,27,0.5682,0.3906,0.0000,11,1,0,0,recheck,0,still,0
594,170,1,1,231,19,3,4,0,16,0,1,5,11,0,0,1,4,4,4,20,17,21,0.6728,0.5666,0.0000,12,1,0,0,recheck,0,still,0
595,76,3,1,154,20,2,6,0,18,0,1,6,12,0,0,1,7,7,7,25,19,26,0.5952,0.5059,0.0000,13,1,0,0,recheck,0,still,0
595,85,1,1,265,22,0,2,0,26,0,1,9,17,0,0,0,0,0,1,26,26,27,0.5722,0.3934,0.0000,10,1,0,0,recheck,0,still,0
596,79,1,1,114,19,1,2,0,14,0,1,4,10,0,0,1,7,7,7,21,15,22,0.5593,0.4544,0.0000,9,1,0,0,recheck,0,still,0
596,90,1,1,80,21,0,1,0,24,0,1,12,12,0,0,1,0,0,0,24,25,25,0.6936,0.4162,0.0000,14,1,0,0,recheck,0,still,0
596,163,1,1,131,18,0,1,0,20,0,1,7,13,0,5,0,7,7,7,27,15,22,0.3792,0.2438,0.0000,8,1,0,0,recheck,0,still,0
596,167,1,1,168,20,1,2,0,22,0,1,7,15,0,3,0,7,7,7,29,19,26,0.3747,0.2498,0.0000,11,1,0,0,recheck,0,still,0
596,171,1,1,110,21,1,2,0,32,1,1,11,21,0,2,0,2,2,0,34,30,30,0.3941,0.1970,0.0000,12,1,0,0,recheck,0,still,0
597,12,1,1,182,18,0,1,0,20,0,1,6,14,0,0,0,1,1,1,21,20,21,0.5541,0.5541,0.0000,10,1,0,0,recheck,0,still,0
597,14,1,1,141,20,0,3,0,19,0,1,6,13,0,1,2,2,2,2,21,20,22,0.5910,0.5171,0.0000,11,1,0,0,recheck,0,still,0
597,86,1,1,177,24,0,3,0,28,0,1,11,17,0,0,0,0,0,0,28,28,28,0.5752,0.3235,0.0000,11,1,0,0,recheck,0,still,0
598,25,2,1,283,23,1,3,0,31,1,1,12,19,0,0,0,0,0,0,31,31,31,0.6064,0.3830,0.0000,13,1,0,0,recheck,0,still,0
599,10,1,1,144,21,1,2,0,26,0,1,11,15,0,1,0,0,0,0,26,25,25,0.5693,0.5358,0.0000,13,1,0,0,recheck,0,still,0
599,17,3,1,151,18,0,2,0,16,0,1,5,11,0,0,0,7,7,7,23,16,23,0.5358,0.4465,0.0000,12,1,0,0,recheck,0,still,0
600,23,2,1,32,22,1,2,0,31,1,1,11,20,0,0,1,0,0,0,31,32,32,0.5538,0.3909,0.0000,12,1,0,0,recheck,0,still,0
600,67,2,0,-1,16,4,5,0,21,0,1,19,2,0,0,1,0,0,0,21,22,22,0.6218,0.0982,0.0000,11,0,1,0,,0,hop,1
600,107,2,1,131,21,1,2,0,24,0,1,17,7,0,0,4,0,0,0,24,28,28,0.6956,0.2530,0.0000,14,1,0,0,recheck,0,still,0
600,199,1,0,-1,16,1,3,0,19,0,0,19,0,0,0,0,0,0,0,19,19,19,0.2910,0.0000,0.0000,8,0,0,0,,0,pending,0
601,66,1,1,78,17,0,1,0,23,0,1,20,3,0,1,1,0,0,0,23,23,23,0.6373,0.1342,0.0000,11,1,0,0,recheck,0,still,0
601,88,1,1,47,23,0,1,0,28,0,1,12,16,0,0,0,0,0,0,28,28,28,0.5383,0.3948,0.0000,12,1,0,0,recheck,0,still,0
601,199,1,0,-1,16,1,3,0,19,0,0,19,0,0,0,0,0,0,0,19,19,19,0.2910,0.0000,0.0000,8,0,0,0,,0,hop,1
602,165,1,1,229,20,1,2,0,20,0,1,7,13,0,3,0,7,7,7,27,17,24,0.3234,0.2488,0.0000,10,1,0,0,recheck,0,still,0
603,63,1,1,135,19,0,2,0,23,0,1,14,9,0,0,1,1,1,1,24,24,25,0.5774,0.3248,0.0000,11,1,0,0,recheck,0,still,0
604,68,2,0,-1,21,1,2,0,25,0,1,21,4,0,0,0,0,0,0,25,25,25,0.3938,0.0000,0.0000,9,0,0,0,,0,pending,0
604,138,1,1,55,22,0,1,0,30,0,1,14,16,0,3,0,0,0,0,30,27,27,0.5283,0.3170,0.0000,17,1,0,0,recheck,0,still,0
605,11,1,1,118,18,0,1,0,23,0,1,9,14,0,0,0,0,0,0,23,23,23,0.5541,0.5541,0.0000,10,1,0,0,recheck,0,still,0
605,68,2,0,-1,21,1,2,0,25,0,1,21,4,0,0,0,0,0,0,25,25,25,0.3937,0.0000,0.0000,9,0,0,0,,0,hop,1
605,158,1,0,-1,19,0,1,0,25,0,0,22,3,0,2,0,0,0,0,25,23,23,0.3177,0.0000,0.0000,8,0,0,0,,0,pending,0
606,57,1,1,122,22,1,2,0,24,0,1,9,15,0,0,0,2,2,2,26,24,26,0.5689,0.3911,0.0000,11,1,0,0,recheck,0,still,0
606,115,2,1,88,16,0,1,0,25,0,1,16,9,0,1,0,0,0,0,25,24,24,0.3773,0.1617,0.0000,10,1,0,0,recheck,0,still,0
606,158,1,0,-1,19,0,1,0,25,0,0,22,3,0,2,0,0,0,0,25,23,23,0.3177,0.0000,0.0000,8,0,0,0,,0,hop,1
607,47,2,1,178,20,1,3,0,20,0,1,5,15,0,0,1,2,2,2,22,21,23,0.6472,0.5825,0.0000,13,1,0,0,recheck,0,still,0
607,128,1,1,201,21,0,2,1,24,0,1,9,15,0,2,0,6,6,5,30,22,27,0.3218,0.2145,0.0000,8,1,0,0,recheck,0,still,0
608,19,3,1,235,21,0,2,0,19,0,1,7,12,0,0,0,7,7,7,26,19,26,0.5060,0.4465,0.0000,12,1,0,0,recheck,0,still,0
608,49,2,1,189,17,1,2,0,16,0,1,6,10,0,0,0,8,8,8,24,16,24,0.6595,0.4946,0.0000,11,1,0,0,recheck,0,still,0
608,117,3,1,68,16,0,1,0,28,0,1,14,14,0,1,0,0,0,0,28,27,27,0.3425,0.2691,0.0000,10,1,0,0,recheck,0,still,0
608,200,1,1,99,16,0,1,0,15,0,1,5,10,0,2,0,7,7,7,22,13,20,0.6263,0.5219,0.0000,11,1,0,0,recheck,0,still,0
611,32,1,1,42,17,0,1,0,21,0,1,20,1,0,0,0,0,0,0,21,21,21,0.6922,0.0729,0.0000,11,1,0,0,recheck,0,still,0
611,44,1,1,193,19,0,2,0,22,0,1,8,14,0,0,1,0,0,0,22,23,23,0.5277,0.5277,0.0000,10,1,0,0,recheck,0,still,0
611,91,1,1,52,20,0,1,0,26,0,1,15,11,0,2,1,0,0,0,26,25,25,0.6889,0.3445,0.0000,14,1,0,0,recheck,0,still,0
611,109,2,1,155,15,3,5,0,20,0,0,20,0,0,0,0,0,0,0,20,20,20,0.7110,0.0000,0.0000,13,0,0,1,recheck,0,still,0
611,127,1,1,196,19,0,2,1,20,0,1,7,13,0,3,0,7,7,7,27,17,24,0.3774,0.2965,0.0000,10,1,0,0,recheck,0,still,0
612,28,2,0,-1,23,0,1,0,28,0,1,13,15,0,1,0,0,0,0,28,27,27,0.7254,0.5138,0.0000,17,1,0,1,,0,start_both,0
612,118,3,1,117,18,0,1,0,28,0,1,12,16,0,1,0,0,0,0,28,27,27,0.4248,0.3248,0.0000,12,1,0,0,recheck,0,still,0
612,146,2,0,-1,15,0,2,0,22,0,1,14,8,0,0,0,0,0,0,22,22,22,0.3495,0.0749,0.0000,10,1,0,0,,0,start_holder,0
612,189,1,1,30,16,0,2,0,24,0,1,16,8,0,3,0,0,0,0,24,21,21,0.4126,0.0774,0.0000,11,1,0,0,recheck,0,still,0
613,21,2,1,240,22,0,2,0,20,0,1,6,14,0,0,0,7,7,7,27,20,27,0.5409,0.3818,0.0000,12,1,0,0,recheck,0,still,0
613,110,1,0,-1,16,1,5,0,18,0,0,18,0,0,0,0,0,0,0,18,18,18,0.7257,0.0000,0.0000,13,0,0,1,,0,start_crowd,0
613,161,2,1,51,20,0,1,0,19,0,1,6,13,0,1,0,8,8,8,27,18,26,0.3780,0.3528,0.0000,9,1,0,0,recheck,0,still,0
614,92,1,1,149,18,0,1,0,23,0,1,16,7,0,0,2,0,0,0,23,25,25,0.6375,0.2479,0.0000,11,1,0,0,recheck,0,still,0
615,56,1,1,162,23,0,2,0,21,0,1,7,14,0,0,0,6,6,6,27,21,27,0.5198,0.4159,0.0000,11,1,0,0,recheck,0,still,0
615,84,1,1,165,22,0,2,0,25,0,1,7,18,0,0,1,2,2,2,27,26,28,0.5295,0.4236,0.0000,10,1,0,0,recheck,0,still,0
615,123,2,0,-1,18,0,1,0,23,0,0,21,2,0,0,0,0,0,0,23,23,23,0.3281,0.0000,0.0000,9,0,0,0,,0,hop,1
615,130,1,1,155,18,1,6,0,15,0,1,5,10,0,0,0,7,7,7,22,15,22,0.6571,0.5476,0.0000,11,1,0,0,recheck,0,still,0
617,13,2,1,51,17,2,3,0,20,0,1,5,15,0,0,0,2,2,2,22,20,22,0.6265,0.5606,0.0000,13,1,0,0,recheck,0,still,0
618,51,1,1,210,18,0,3,0,13,0,1,4,9,0,1,1,8,8,9,21,13,22,0.5638,0.4228,0.0000,9,1,0,0,recheck,0,still,0
618,62,1,1,150,21,0,1,0,25,0,1,11,14,0,0,1,0,0,0,25,26,26,0.6879,0.4345,0.0000,13,1,0,0,recheck,0,still,0
619,89,1,1,67,24,0,1,0,27,0,1,11,16,0,0,1,0,0,0,27,28,28,0.6664,0.5261,0.0000,14,1,0,0,recheck,0,still,0
619,169,1,1,180,19,5,6,0,18,0,1,5,13,0,0,1,2,2,2,20,19,21,0.7025,0.5620,0.0000,12,1,0,1,recheck,0,still,0
620,54,2,1,147,20,1,2,0,18,0,1,6,12,0,0,0,8,8,8,26,18,26,0.5751,0.4153,0.0000,12,1,0,0,recheck,0,still,0
620,77,3,1,58,19,0,2,0,17,0,1,7,10,0,0,0,8,8,8,25,17,25,0.5201,0.3756,0.0000,11,1,0,0,recheck,0,still,0
620,108,1,1,90,17,0,2,0,22,0,1,18,4,0,0,1,0,0,0,22,23,23,0.6618,0.1742,0.0000,11,1,0,0,recheck,0,still,0
620,132,1,1,107,20,0,1,0,24,0,1,15,9,0,0,2,0,0,0,24,26,26,0.6804,0.3581,0.0000,12,1,0,0,recheck,0,still,0
622,131,1,1,165,20,0,2,1,31,1,1,10,21,0,1,0,3,3,0,34,30,30,0.3469,0.2402,0.0000,9,1,0,0,recheck,0,still,0
623,58,1,1,177,20,2,3,0,29,0,1,10,19,0,0,0,0,0,0,29,29,29,0.5415,0.4332,0.0000,10,1,0,0,recheck,0,still,0
624,15,1,1,166,17,0,6,0,15,0,1,5,10,0,1,0,7,7,7,22,14,21,0.6490,0.5409,0.0000,11,1,0,0,recheck,0,still,0
624,83,1,1,292,21,0,1,0,21,0,1,6,15,0,0,1,5,5,5,26,22,27,0.5682,0.4616,0.0000,11,1,0,0,recheck,0,still,0
624,170,1,1,261,19,3,6,0,16,0,1,5,11,0,0,1,4,4,4,20,17,21,0.6382,0.5673,0.0000,11,1,0,0,recheck,0,still,0
625,76,3,1,184,19,2,6,0,18,0,1,6,12,0,0,1,7,7,7,25,19,26,0.5952,0.5059,0.0000,13,1,0,0,recheck,0,still,0
625,85,1,1,295,22,0,2,0,26,0,1,8,18,0,0,0,0,0,1,26,26,27,0.5721,0.4648,0.0000,10,1,0,0,recheck,0,still,0
625,87,1,1,45,25,1,2,0,27,0,1,9,18,0,0,1,0,0,0,27,28,28,0.6339,0.4578,0.0000,13,1,0,0,recheck,0,still,0
626,79,1,1,144,20,1,2,0,13,0,1,4,9,0,0,1,8,8,8,21,14,22,0.5588,0.4540,0.0000,9,1,0,0,recheck,0,still,0
626,90,1,1,110,21,0,1,0,24,0,1,11,13,0,0,2,0,0,0,24,26,26,0.6934,0.4160,0.0000,14,1,0,0,recheck,0,still,0
626,155,1,0,-1,2,0,4,1,2,0,0,2,0,0,0,0,0,0,0,2,2,2,0.0733,0.0000,0.0000,2,0,0,0,,0,hop,1
626,163,1,1,161,18,0,1,0,19,0,1,7,12,0,5,0,8,8,8,27,14,22,0.3792,0.2438,0.0000,8,1,0,0,recheck,0,still,0
626,167,1,1,198,20,1,2,0,21,0,1,6,15,0,3,0,8,8,8,29,18,26,0.3763,0.2509,0.0000,11,1,0,0,recheck,0,still,0
626,171,1,1,140,21,1,2,0,31,1,1,10,21,0,1,0,3,3,0,34,30,30,0.3941,0.2463,0.0000,12,1,0,0,recheck,0,still,0
627,12,2,1,212,20,0,1,0,21,0,1,7,14,0,0,2,2,2,2,23,23,25,0.4915,0.4915,0.0000,10,1,0,0,recheck,0,still,0
627,14,1,1,171,19,0,2,0,19,0,1,6,13,0,1,1,2,2,2,21,19,21,0.5910,0.5171,0.0000,11,1,0,0,recheck,0,still,0
627,86,1,1,207,24,0,3,0,28,0,1,10,18,0,0,0,0,0,0,28,28,28,0.5752,0.3954,0.0000,11,1,0,0,recheck,0,still,0
627,114,1,0,-1,16,1,2,0,21,0,1,14,7,0,1,0,0,0,0,21,20,20,0.3810,0.0586,0.0000,8,0,1,0,,0,hop,1
627,174,1,1,38,16,0,1,1,23,0,1,16,7,0,2,1,0,0,0,23,22,22,0.6217,0.1963,0.0000,11,1,0,0,recheck,0,still,0
628,25,2,1,313,23,1,3,0,31,1,1,11,20,0,0,0,0,0,0,31,31,31,0.6052,0.4460,0.0000,13,1,0,0,recheck,0,still,0
629,10,1,1,174,20,1,2,0,25,0,1,10,15,0,1,0,0,0,0,25,24,24,0.5269,0.5269,0.0000,11,1,0,0,recheck,0,still,0
629,17,3,1,181,19,0,2,0,15,0,1,5,10,0,0,0,8,8,8,23,15,23,0.5358,0.4465,0.0000,12,1,0,0,recheck,0,still,0
630,23,2,1,62,22,1,2,0,31,1,1,10,21,0,0,0,0,0,1,31,31,32,0.5529,0.4553,0.0000,12,1,0,0,recheck,0,still,0
630,65,1,1,57,17,0,2,0,22,0,1,16,6,0,0,1,0,0,0,22,23,23,0.5523,0.1726,0.0000,9,1,0,0,recheck,0,still,0
630,107,2,1,161,21,1,2,0,25,0,1,17,8,0,0,4,0,0,0,25,29,29,0.6953,0.2844,0.0000,14,1,0,0,recheck,0,still,0
630,111,1,0,-1,5,2,3,0,5,0,0,5,0,0,0,0,0,0,0,5,5,5,0.1803,0.0000,0.0000,4,0,0,0,,0,pending,0
631,6,2,0,-1,17,0,2,0,26,0,1,13,13,0,0,0,0,0,0,26,26,26,0.3616,0.2109,0.0000,8,1,0,0,,0,start_holder,0
631,66,1,1,108,17,0,1,0,23,0,1,19,4,0,1,1,0,0,0,23,23,23,0.6354,0.1672,0.0000,11,1,0,0,recheck,0,still,0
631,88,1,1,77,23,0,1,0,27,0,1,10,17,0,0,0,1,1,1,28,27,28,0.6102,0.4666,0.0000,13,1,0,0,recheck,0,still,0
631,111,1,0,-1,5,2,3,0,5,0,0,5,0,0,0,0,0,0,0,5,5,5,0.1804,0.0000,0.0000,4,0,0,0,,0,hop,1
631,154,2,0,-1,21,0,1,0,27,0,1,20,7,0,2,0,0,0,0,27,25,25,0.3718,0.0000,0.0000,10,0,0,0,,0,pending,0
632,5,2,0,-1,18,0,1,0,24,0,1,13,11,0,0,0,0,0,0,24,24,24,0.4004,0.2156,0.0000,9,1,0,0,,0,start_holder,0
632,154,2,0,-1,21,0,1,0,27,0,1,19,8,0,2,0,0,0,0,27,25,25,0.3718,0.0531,0.0000,10,1,0,0,,0,start_holder,0
632,165,1,1,259,20,1,2,0,19,0,1,6,13,0,3,0,8,8,8,27,16,24,0.3234,0.2488,0.0000,10,1,0,0,recheck,0,still,0
633,63,1,1,165,21,0,2,0,24,0,1,13,11,0,0,3,0,0,0,24,27,27,0.5771,0.3246,0.0000,11,1,0,0,recheck,0,still,0
633,188,1,0,-1,17,1,2,0,26,0,1,16,10,0,5,0,0,0,0,26,21,21,0.3543,0.1908,0.0000,9,1,0,0,,0,start_holder,0
634,4,2,0,-1,16,0,1,0,21,0,1,11,10,0,0,0,0,0,0,21,21,21,0.3410,0.1550,0.0000,7,1,0,0,,0,start_holder,0
634,138,1,1,85,22,0,1,0,29,0,1,12,17,0,3,0,1,1,1,30,26,27,0.5283,0.3170,0.0000,17,1,0,0,recheck,0,still,0
635,7,2,0,-1,18,0,1,0,26,0,1,12,14,0,0,0,0,0,0,26,26,26,0.3911,0.2933,0.0000,8,1,0,0,,0,start_holder,0
635,11,1,1,148,18,1,2,0,23,0,1,9,14,0,0,0,0,0,0,23,23,23,0.5540,0.5540,0.0000,10,1,0,0,recheck,0,still,0
636,57,1,1,152,22,1,2,0,22,0,1,8,14,0,0,0,4,4,4,26,22,26,0.5689,0.4623,0.0000,11,1,0,0,recheck,0,still,0
636,115,2,1,118,16,0,1,0,25,0,1,12,13,0,1,0,0,0,0,25,24,24,0.3772,0.2155,0.0000,10,1,0,0,recheck,0,still,0
637,47,2,1,208,20,1,2,0,20,0,1,5,15,0,0,2,2,2,2,22,22,24,0.7124,0.5828,0.0000,14,1,0,1,recheck,0,still,0
637,128,1,1,231,21,0,2,1,23,0,1,8,15,0,2,0,7,7,6,30,21,27,0.3218,0.2145,0.0000,8,1,0,0,recheck,0,still,0
637,168,1,0,-1,22,0,1,1,25,0,1,8,17,0,0,0,7,7,3,32,25,28,0.3473,0.2404,0.0000,9,1,0,0,,0,start_holder,0
637,172,1,0,-1,23,0,1,1,31,1,1,10,21,0,3,0,1,1,1,32,28,29,0.3723,0.2659,0.0000,11,1,0,0,,0,start_holder,0
638,19,3,1,265,21,0,2,0,18,0,1,4,14,0,0,0,8,8,8,26,18,26,0.5061,0.4466,0.0000,12,1,0,0,recheck,0,still,0
638,49,2,1,219,17,1,2,0,15,0,1,6,9,0,0,0,9,9,9,24,15,24,0.6595,0.4946,0.0000,11,1,0,0,recheck,0,still,0
638,117,3,1,98,16,0,1,0,27,0,1,12,15,0,0,0,0,0,0,27,27,27,0.3427,0.2692,0.0000,10,1,0,0,recheck,0,still,0
638,200,1,1,129,16,0,1,0,15,0,1,5,10,0,2,0,8,8,8,23,13,21,0.6275,0.5229,0.0000,11,1,0,0,recheck,0,still,0
641,32,1,1,72,17,0,1,0,21,0,1,19,2,0,0,0,0,0,0,21,21,21,0.6874,0.1085,0.0000,11,1,0,0,recheck,0,still,0
641,44,1,1,223,19,0,2,0,22,0,1,8,14,0,0,1,0,0,0,22,23,23,0.5252,0.5252,0.0000,10,1,0,0,recheck,0,still,0
641,91,1,1,82,19,0,1,0,25,0,1,13,12,0,2,1,0,0,0,25,24,24,0.6885,0.3442,0.0000,14,1,0,0,recheck,0,still,0
641,109,2,1,185,15,3,5,0,19,0,1,18,1,0,0,0,0,0,0,19,19,19,0.7110,0.0323,0.0000,13,0,1,1,recheck,0,still,0
641,127,1,1,226,19,0,2,1,19,0,1,4,15,0,3,0,8,8,8,27,16,24,0.3774,0.2965,0.0000,10,1,0,0,recheck,0,still,0
642,118,3,1,147,18,0,1,0,27,0,1,11,16,0,0,0,0,0,0,27,27,27,0.4248,0.3248,0.0000,12,1,0,0,recheck,0,still,0
642,189,1,1,60,16,0,2,0,25,0,1,12,13,0,3,0,0,0,0,25,22,22,0.4644,0.3096,0.0000,12,1,0,0,recheck,0,still,0
643,21,2,1,270,22,0,2,0,19,0,1,4,15,0,0,0,8,8,8,27,19,27,0.5413,0.3821,0.0000,12,1,0,0,recheck,0,still,0
643,85,1,1,313,22,0,2,0,25,0,1,7,18,0,0,0,1,1,2,26,25,27,0.5721,0.4648,0.0000,10,1,0,0,period_end,0,still,0
643,161,2,1,81,20,0,1,0,18,0,1,6,12,0,1,0,9,9,9,27,17,26,0.4284,0.3528,0.0000,10,1,0,0,recheck,0,still,0
644,92,1,1,179,18,0,1,0,22,0,1,15,7,0,0,2,0,0,0,22,24,24,0.6340,0.2465,0.0000,11,1,0,0,recheck,0,still,0
644,146,2,1,32,15,0,2,0,22,0,1,10,12,0,0,0,0,0,0,22,22,22,0.3498,0.1749,0.0000,10,1,0,0,recheck,0,still,0
645,56,1,1,192,23,0,2,0,21,0,1,5,16,0,0,0,6,6,6,27,21,27,0.5198,0.4159,0.0000,11,1,0,0,recheck,0,still,0
645,84,1,1,195,22,0,2,0,24,0,1,6,18,0,0,1,3,3,3,27,25,28,0.5295,0.4236,0.0000,10,1,0,0,recheck,0,still,0
645,130,1,1,185,18,1,2,0,15,0,1,5,10,0,0,0,7,7,7,22,15,22,0.6573,0.5478,0.0000,11,1,0,0,recheck,0,still,0
645,195,1,0,-1,20,0,1,0,26,0,1,15,11,0,3,0,0,0,0,26,23,23,0.3455,0.2392,0.0000,10,1,0,0,,0,start_holder,0
646,144,2,0,-1,12,0,3,0,13,0,0,13,0,0,0,0,0,0,0,13,13,13,0.4465,0.0000,0.0000,10,0,0,0,,0,pending,0
647,13,2,1,81,17,0,1,0,19,0,1,5,14,0,0,0,2,2,2,21,19,21,0.6266,0.5606,0.0000,13,1,0,0,recheck,0,still,0
647,25,2,1,332,23,1,3,0,30,0,1,11,19,0,0,0,1,1,1,31,30,31,0.6049,0.4457,0.0000,13,1,0,0,period_end,0,still,0
647,144,2,0,-1,12,0,3,0,13,0,0,13,0,0,0,0,0,0,0,13,13,13,0.4461,0.0000,0.0000,10,0,0,0,,0,hop,1
648,51,1,1,240,18,0,3,0,13,0,1,4,9,0,1,1,8,8,9,21,13,22,0.5988,0.4579,0.0000,10,1,0,0,recheck,0,still,0
648,62,1,1,180,21,0,1,0,25,0,1,11,14,0,0,1,0,0,0,25,26,26,0.6878,0.4344,0.0000,13,1,0,0,recheck,0,still,0
648,99,2,0,-1,13,0,2,0,13,0,0,13,0,0,0,0,0,0,0,13,13,13,0.6255,0.0000,0.0000,13,0,0,0,,0,pending,0
649,89,1,1,97,24,0,1,0,27,0,1,11,16,0,0,0,0,0,1,27,27,28,0.6662,0.5260,0.0000,14,1,0,0,recheck,0,still,0
649,99,2,0,-1,13,0,2,0,13,0,0,13,0,0,0,0,0,0,0,13,13,13,0.6254,0.0000,0.0000,13,0,0,0,,0,hop,1
649,149,1,0,-1,17,0,1,0,27,0,1,11,16,0,2,0,0,0,0,27,25,25,0.3819,0.3231,0.0000,9,1,0,0,,0,start_holder,0
649,169,1,1,210,19,3,4,0,18,0,1,5,13,0,0,1,2,2,2,20,19,21,0.7035,0.5628,0.0000,12,1,0,1,recheck,0,still,0
650,9,1,0,-1,21,0,1,0,26,0,1,11,15,0,0,0,0,0,0,26,26,26,0.4688,0.4688,0.0000,9,1,0,0,,0,start_holder,0
650,29,2,1,58,20,1,2,0,27,0,1,15,12,0,0,0,0,0,0,27,27,27,0.6839,0.4041,0.0000,15,1,0,0,recheck,0,still,0
650,54,2,1,177,20,1,2,0,18,0,1,4,14,0,0,0,8,8,8,26,18,26,0.5751,0.4153,0.0000,12,1,0,0,recheck,0,still,0
650,77,3,1,88,19,0,2,0,17,0,1,6,11,0,0,0,8,8,8,25,17,25,0.5201,0.3756,0.0000,11,1,0,0,recheck,0,still,0
650,108,1,1,120,16,0,2,0,20,0,1,16,4,0,0,1,0,0,0,20,21,21,0.6619,0.1742,0.0000,11,1,0,0,recheck,0,still,0
650,132,1,1,137,19,0,1,0,23,0,1,14,9,0,0,2,0,0,0,23,25,25,0.6802,0.3580,0.0000,12,1,0,0,recheck,0,still,0
651,31,2,0,-1,19,1,2,0,25,0,1,16,9,0,0,2,0,0,0,25,27,27,0.6266,0.3298,0.0000,12,1,0,0,,0,start_holder,0
651,145,1,1,59,15,1,2,0,23,0,1,9,14,0,3,0,0,0,0,23,20,20,0.3917,0.2798,0.0000,8,1,0,0,recheck,0,still,0
652,102,2,0,-1,3,0,3,1,3,0,0,3,0,0,0,0,0,0,0,3,3,3,0.0991,0.0000,0.0000,3,0,0,0,,0,pending,0
652,110,1,1,39,15,1,5,0,16,0,0,16,0,0,0,0,0,0,0,16,16,16,0.5802,0.0000,0.0000,9,0,0,0,recheck,0,end_clear,1
652,131,1,1,195,20,0,2,1,30,0,1,8,22,0,1,0,4,4,1,34,29,30,0.3469,0.2668,0.0000,9,1,0,0,recheck,0,still,0
652,159,1,0,-1,12,2,3,0,16,0,0,15,1,0,0,0,0,0,0,16,16,16,0.1742,0.0000,0.0000,5,0,0,0,,0,hop,1
653,58,1,1,207,20,2,3,0,28,0,1,8,20,0,0,0,1,1,1,29,28,29,0.5415,0.4332,0.0000,10,1,0,0,recheck,0,still,0
653,102,2,0,-1,3,0,3,1,3,0,0,3,0,0,0,0,0,0,0,3,3,3,0.0991,0.0000,0.0000,3,0,0,0,,0,hop,1
654,15,1,1,196,17,0,2,0,15,0,1,5,10,0,1,0,7,7,7,22,14,21,0.6506,0.5421,0.0000,11,1,0,0,recheck,0,still,0
654,83,1,1,322,21,0,1,0,20,0,1,4,16,0,0,1,6,6,6,26,21,27,0.5682,0.4616,0.0000,11,1,0,0,recheck,0,still,0
654,170,1,1,291,19,1,4,0,16,0,1,5,11,0,0,1,4,4,4,20,17,21,0.6748,0.5682,0.0000,12,1,0,0,recheck,0,still,0
655,76,3,1,214,19,0,4,0,18,0,1,6,12,0,0,1,7,7,7,25,19,26,0.5953,0.5060,0.0000,13,1,0,0,recheck,0,still,0
655,85,1,1,325,22,0,2,0,26,0,1,7,19,0,0,0,1,1,2,27,26,28,0.5721,0.4648,0.0000,10,1,0,0,recheck,0,still,0
655,87,1,1,75,25,1,2,0,26,0,1,8,18,0,0,1,1,1,1,27,27,28,0.6339,0.5282,0.0000,13,1,0,0,recheck,0,still,0
655,97,2,0,-1,6,1,3,0,7,0,0,7,0,0,0,0,0,0,0,7,7,7,0.2303,0.0000,0.0000,6,0,0,0,,0,pending,0
655,101,3,0,-1,10,1,3,0,13,0,0,13,0,0,0,0,0,0,0,13,13,13,0.3552,0.0000,0.0000,10,0,0,0,,0,pending,0
656,79,1,1,174,20,1,2,0,13,0,1,3,10,0,0,1,8,8,8,21,14,22,0.5591,0.4543,0.0000,9,1,0,0,recheck,0,still,0
656,90,1,1,140,21,0,1,0,25,0,1,12,13,0,0,1,0,0,0,25,26,26,0.6933,0.4853,0.0000,14,1,0,0,recheck,0,still,0
656,97,2,0,-1,6,1,3,0,7,0,0,7,0,0,0,0,0,0,0,7,7,7,0.2303,0.0000,0.0000,6,0,0,0,,0,hop,1
656,101,3,0,-1,10,1,3,0,13,0,0,13,0,0,0,0,0,0,0,13,13,13,0.3552,0.0000,0.0000,10,0,0,0,,0,hop,1
656,163,1,1,191,18,0,1,0,19,0,1,6,13,0,5,0,8,8,8,27,14,22,0.3792,0.2438,0.0000,8,1,0,0,recheck,0,still,0
656,167,1,1,228,20,1,2,0,21,0,1,4,17,0,3,0,8,8,8,29,18,26,0.3772,0.2766,0.0000,11,1,0,0,recheck,0,still,0
656,171,1,1,170,21,1,2,0,30,0,1,8,22,0,1,0,4,4,1,34,29,30,0.3941,0.2956,0.0000,12,1,0,0,recheck,0,still,0
657,12,2,1,242,20,0,1,0,21,0,1,7,14,0,0,2,2,2,2,23,23,25,0.4898,0.4898,0.0000,10,1,0,0,recheck,0,still,0
657,14,1,1,201,20,0,2,0,19,0,1,6,13,0,0,2,2,2,2,21,21,23,0.5910,0.5171,0.0000,11,1,0,0,recheck,0,still,0
657,86,1,1,237,24,0,3,0,27,0,1,9,18,0,0,0,1,1,1,28,27,28,0.5752,0.4673,0.0000,11,1,0,0,recheck,0,still,0
657,136,2,0,-1,15,0,2,0,16,0,0,16,0,0,0,0,0,0,0,16,16,16,0.5596,0.0000,0.0000,12,0,0,0,,0,pending,0
657,174,1,1,68,16,0,1,1,22,0,1,16,6,0,2,1,0,0,0,22,21,21,0.5555,0.1634,0.0000,10,1,0,0,recheck,0,still,0
658,25,2,1,343,23,1,3,0,30,0,1,10,20,0,0,0,1,1,1,31,30,31,0.6047,0.5092,0.0000,13,1,0,0,recheck,0,still,0
658,136,2,0,-1,15,0,2,0,16,0,0,16,0,0,0,0,0,0,0,16,16,16,0.5596,0.0000,0.0000,12,0,0,0,,0,hop,1
659,10,1,1,204,20,1,2,0,25,0,1,10,15,0,1,0,0,0,0,25,24,24,0.5259,0.5259,0.0000,11,1,0,0,recheck,0,still,0
659,17,3,1,211,19,0,2,0,15,0,1,4,11,0,0,0,8,8,8,23,15,23,0.5358,0.4465,0.0000,12,1,0,0,recheck,0,still,0
660,23,2,1,92,22,1,2,0,30,0,1,8,22,0,0,0,1,1,2,31,30,32,0.5520,0.4546,0.0000,12,1,0,0,recheck,0,still,0
660,65,1,1,87,16,0,2,0,21,0,1,16,5,0,0,1,0,0,0,21,22,22,0.5502,0.1375,0.0000,9,1,0,0,recheck,0,still,0
660,107,2,1,191,20,1,2,0,23,0,1,16,7,0,0,3,0,0,0,23,26,26,0.6943,0.2525,0.0000,14,1,0,0,recheck,0,still,0
661,66,1,1,138,16,0,1,0,22,0,1,19,3,0,1,1,0,0,0,22,22,22,0.6669,0.1334,0.0000,11,1,0,0,recheck,0,still,0
661,88,1,1,107,23,0,1,0,26,0,1,9,17,0,0,0,1,1,1,27,26,27,0.6096,0.5379,0.0000,13,1,0,0,recheck,0,still,0
662,28,2,1,50,23,0,1,0,28,0,1,12,16,0,1,0,0,0,0,28,27,27,0.7224,0.5719,0.0000,17,1,0,1,recheck,0,still,0
662,165,1,1,289,20,1,2,0,19,0,1,4,15,0,3,0,8,8,8,27,16,24,0.3234,0.2488,0.0000,10,1,0,0,recheck,0,still,0
663,63,1,1,195,21,0,2,0,24,0,1,13,11,0,0,3,0,0,0,24,27,27,0.6132,0.3968,0.0000,12,1,0,0,recheck,0,still,0
663,170,1,1,300,19,1,4,0,16,0,1,5,11,0,0,1,4,4,4,20,17,21,0.6751,0.5685,0.0000,12,1,0,0,period_end,0,still,0
664,138,1,1,115,22,0,1,0,30,0,1,12,18,0,3,0,0,0,0,30,27,27,0.5283,0.3698,0.0000,17,1,0,0,recheck,0,still,0
665,11,1,1,178,20,0,1,0,23,0,1,8,15,0,0,0,1,1,1,24,23,24,0.5500,0.5500,0.0000,11,1,0,0,recheck,0,still,0
666,57,1,1,182,22,1,2,0,22,0,1,5,17,0,0,0,4,4,4,26,22,26,0.5689,0.4623,0.0000,11,1,0,0,recheck,0,still,0
666,115,2,1,148,16,0,1,0,22,0,1,10,12,0,0,0,3,3,2,25,22,24,0.2963,0.1616,0.0000,9,1,0,0,recheck,0,still,0
667,47,2,1,238,20,1,2,0,20,0,1,5,15,0,0,2,2,2,2,22,22,24,0.7130,0.5834,0.0000,14,1,0,1,recheck,0,still,0
667,128,1,1,261,21,0,2,1,21,0,1,5,16,0,2,0,9,9,8,30,19,27,0.3218,0.2413,0.0000,8,1,0,0,recheck,0,still,0
668,19,3,1,295,21,0,2,0,16,0,1,4,12,0,0,0,10,10,10,26,16,26,0.5061,0.4466,0.0000,12,1,0,0,recheck,0,still,0
668,26,3,0,-1,25,0,2,0,29,0,1,11,18,0,0,0,1,1,1,30,29,30,0.6021,0.5447,0.0000,16,1,0,0,,0,start_holder,0
668,49,2,1,249,17,1,2,0,15,0,1,6,9,0,0,0,9,9,9,24,15,24,0.6595,0.4946,0.0000,11,1,0,0,recheck,0,still,0
668,100,1,0,-1,20,0,2,1,21,0,1,15,6,0,1,0,4,4,4,25,20,24,0.3867,0.0000,0.0000,9,0,0,0,,0,pending,0
668,117,3,1,128,16,0,1,0,27,0,1,10,17,0,0,0,0,0,0,27,27,27,0.3184,0.3184,0.0000,9,1,0,0,recheck,0,still,0
668,200,1,1,159,16,0,1,0,16,0,1,6,10,0,2,0,8,8,8,24,14,22,0.6277,0.5231,0.0000,11,1,0,0,recheck,0,still,0
669,7,2,1,34,18,0,1,0,26,0,1,10,16,0,0,0,0,0,0,26,26,26,0.3901,0.3251,0.0000,8,1,0,0,recheck,0,still,0
669,100,1,0,-1,20,0,2,1,21,0,1,15,6,0,1,0,4,4,4,25,20,24,0.3866,0.0000,0.0000,9,0,0,0,,0,hop,1
671,32,1,1,102,16,0,1,0,20,0,1,19,1,0,0,0,0,0,0,20,20,20,0.6533,0.0726,0.0000,9,1,0,0,recheck,0,still,0
671,44,1,1,253,19,0,2,0,22,0,1,8,14,0,0,1,0,0,0,22,23,23,0.5220,0.5220,0.0000,10,1,0,0,recheck,0,still,0
671,91,1,1,112,20,2,3,0,25,0,1,13,12,0,1,1,0,0,0,25,25,25,0.6549,0.4136,0.0000,14,1,0,0,recheck,0,still,0
671,109,2,1,215,14,2,3,0,17,0,0,17,0,0,0,0,0,0,0,17,17,17,0.7110,0.0000,0.0000,12,0,0,1,recheck,0,still,0
671,127,1,1,256,19,0,2,1,17,0,1,3,14,0,3,0,10,10,10,27,14,24,0.4044,0.3235,0.0000,11,1,0,0,recheck,0,still,0
671,154,2,1,39,21,0,1,0,24,0,1,14,10,0,2,0,3,3,3,27,22,25,0.3717,0.2124,0.0000,10,1,0,0,recheck,0,still,0
672,118,3,1,177,18,0,1,0,27,0,1,10,17,0,0,0,0,0,0,27,27,27,0.4248,0.3249,0.0000,12,1,0,0,recheck,0,still,0
672,189,1,1,90,16,0,2,0,22,0,1,10,12,0,3,0,3,3,3,25,19,22,0.4644,0.3096,0.0000,12,1,0,0,recheck,0,still,0
673,21,2,1,300,22,0,2,0,17,0,1,3,14,0,0,0,10,10,10,27,17,27,0.5415,0.4778,0.0000,12,1,0,0,recheck,0,still,0
673,103,1,0,-1,8,1,2,0,10,0,0,10,0,0,0,1,0,0,0,10,11,11,0.2592,0.0000,0.0000,6,0,0,0,,0,pending,0
673,153,1,0,-1,19,0,1,0,21,0,1,12,9,0,3,1,3,3,3,24,19,22,0.2896,0.2027,0.0000,7,1,0,0,,0,start_holder,0
673,161,2,1,111,20,0,1,0,18,0,1,6,12,0,1,0,9,9,9,27,17,26,0.4284,0.3528,0.0000,10,1,0,0,recheck,0,still,0
674,92,1,1,209,18,0,1,0,22,0,1,16,6,0,0,2,0,0,0,22,24,24,0.6326,0.2109,0.0000,11,1,0,0,recheck,0,still,0
674,103,1,0,-1,8,1,2,0,10,0,0,10,0,0,0,1,0,0,0,10,11,11,0.2592,0.0000,0.0000,6,0,0,0,,0,hop,1
674,146,2,1,62,15,0,2,0,19,0,1,8,11,0,0,0,3,3,3,22,19,22,0.3498,0.1999,0.0000,10,1,0,0,recheck,0,still,0
675,56,1,1,222,23,0,2,0,23,0,1,3,20,0,0,0,4,4,4,27,23,27,0.5198,0.5198,0.0000,11,1,0,0,recheck,0,still,0
675,84,1,1,225,22,0,2,0,24,0,1,4,20,0,0,0,3,3,4,27,24,28,0.5295,0.5295,0.0000,10,1,0,0,recheck,0,still,0
675,130,1,1,215,18,1,2,0,18,0,1,5,13,0,0,0,4,4,4,22,18,22,0.6574,0.5478,0.0000,11,1,0,0,recheck,0,still,0
677,13,2,1,111,19,0,1,0,19,0,1,5,14,0,0,2,2,2,2,21,21,23,0.6266,0.5606,0.0000,13,1,0,0,recheck,0,still,0
678,51,1,1,270,18,0,3,0,18,0,1,4,14,0,1,1,3,3,4,21,18,22,0.5987,0.4578,0.0000,10,1,0,0,recheck,0,still,0
678,62,1,1,210,22,0,1,0,25,0,1,11,14,0,0,1,0,0,0,25,26,26,0.5795,0.5071,0.0000,12,1,0,0,recheck,0,still,0
678,168,1,1,41,22,0,1,1,30,0,1,6,24,0,4,0,3,3,3,33,26,29,0.3473,0.3473,0.0000,9,1,0,0,recheck,0,still,0
679,89,1,1,127,24,0,1,0,27,0,1,11,16,0,0,0,0,0,1,27,27,28,0.7009,0.5958,0.0000,15,1,0,1,recheck,0,still,0
679,169,1,1,240,19,3,4,0,18,0,1,5,13,0,0,1,2,2,2,20,19,21,0.7046,0.5637,0.0000,12,1,0,1,recheck,0,still,0
680,29,2,1,88,20,1,2,0,26,0,1,14,12,0,0,0,0,0,0,26,26,26,0.6817,0.4338,0.0000,15,1,0,0,recheck,0,still,0
680,54,2,1,207,20,1,2,0,20,0,1,2,18,0,0,1,5,5,5,25,21,26,0.5750,0.5111,0.0000,12,1,0,0,recheck,0,still,0
680,77,3,1,118,19,0,2,0,21,0,1,6,15,0,0,0,4,4,4,25,21,25,0.5201,0.3756,0.0000,11,1,0,0,recheck,0,still,0
680,108,1,1,150,16,0,2,0,20,0,1,17,3,0,0,1,0,0,0,20,21,21,0.6619,0.1394,0.0000,11,1,0,0,recheck,0,still,0
680,132,1,1,167,19,0,1,0,23,0,1,14,9,0,0,2,0,0,0,23,25,25,0.6083,0.3220,0.0000,11,1,0,0,recheck,0,still,0
680,188,1,1,47,17,1,2,0,23,0,1,11,12,0,5,0,3,3,3,26,18,21,0.3544,0.2726,0.0000,9,1,0,0,recheck,0,still,0
681,145,1,1,89,15,1,2,0,20,0,1,9,11,0,3,0,3,3,3,23,17,20,0.3917,0.2798,0.0000,8,1,0,0,recheck,0,still,0
682,131,1,1,225,20,0,2,1,32,1,1,7,25,0,4,0,2,2,2,34,28,30,0.3469,0.3469,0.0000,9,1,0,0,recheck,0,still,0
683,4,2,1,49,16,0,1,0,19,0,1,8,11,0,0,0,2,2,2,21,19,21,0.3714,0.2785,0.0000,8,1,0,0,recheck,0,still,0
683,58,1,1,237,20,2,3,0,27,0,1,7,20,0,0,0,2,2,2,29,27,29,0.5414,0.5414,0.0000,10,1,0,0,recheck,0,still,0
683,156,1,0,-1,7,2,3,0,9,0,0,9,0,0,0,0,0,0,0,9,9,9,0.3269,0.0000,0.0000,7,0,0,0,,0,hop,1
684,15,1,1,226,17,0,2,0,19,0,1,5,14,0,1,0,3,3,3,22,18,21,0.6490,0.5409,0.0000,11,1,0,0,recheck,0,still,0
684,83,1,1,352,21,0,1,0,23,0,1,4,19,0,0,0,4,4,5,27,23,28,0.5679,0.5679,0.0000,11,1,0,0,period_end,0,still,0
684,170,1,1,321,19,1,4,0,17,0,1,5,12,0,0,1,3,3,3,20,18,21,0.6756,0.5690,0.0000,12,1,0,0,recheck,0,still,0
685,76,3,1,244,20,0,4,0,22,0,1,6,16,0,0,1,3,3,3,25,23,26,0.5953,0.5060,0.0000,13,1,0,0,recheck,0,still,0
685,85,1,1,355,22,0,2,0,25,0,1,6,19,0,0,0,2,2,3,27,25,28,0.5724,0.5724,0.0000,10,1,0,0,recheck,0,still,0
685,87,1,1,105,25,1,2,0,26,0,1,7,19,0,0,1,1,1,1,27,27,28,0.6337,0.6337,0.0000,13,1,0,0,recheck,0,still,0
686,79,1,1,204,20,1,2,0,17,0,1,3,14,0,0,1,4,4,4,21,18,22,0.5591,0.4543,0.0000,9,1,0,0,recheck,0,still,0
686,90,1,1,170,20,0,1,0,26,0,1,12,14,0,1,1,0,0,0,26,26,26,0.7287,0.5205,0.0000,15,1,0,1,recheck,0,still,0
686,160,1,0,-1,1,1,2,0,1,0,0,1,0,0,0,0,0,0,0,1,1,1,0.0364,0.0000,0.0000,1,0,0,0,,0,pending,0
686,163,1,1,221,18,0,1,0,23,0,1,6,17,0,5,0,4,4,4,27,18,22,0.3792,0.2438,0.0000,8,1,0,0,recheck,0,still,0
686,167,1,1,258,20,1,2,0,24,0,1,3,21,0,3,0,5,5,5,29,21,26,0.3785,0.3533,0.0000,11,1,0,0,recheck,0,still,0
686,171,1,1,200,21,1,2,0,32,1,1,7,25,0,4,0,2,2,2,34,28,30,0.3941,0.3695,0.0000,12,1,0,0,recheck,0,still,0
687,12,2,1,272,20,0,1,0,21,0,1,7,14,0,0,1,1,1,2,22,22,24,0.4890,0.4890,0.0000,10,1,0,0,recheck,0,still,0
687,14,1,1,231,20,0,1,0,19,0,1,6,13,0,0,2,2,2,2,21,21,23,0.5910,0.5171,0.0000,11,1,0,0,recheck,0,still,0
687,86,1,1,267,24,0,3,0,27,0,1,8,19,0,0,0,1,1,1,28,27,28,0.5749,0.5749,0.0000,11,1,0,0,recheck,0,still,0
687,160,1,0,-1,1,1,2,0,1,0,0,1,0,0,0,0,0,0,0,1,1,1,0.0364,0.0000,0.0000,1,0,0,0,,0,hop,1
687,174,1,1,98,16,0,1,1,22,0,1,16,6,0,2,1,0,0,0,22,21,21,0.6209,0.1634,0.0000,11,1,0,0,recheck,0,still,0
688,25,2,1,373,23,1,3,0,29,0,1,9,20,0,0,0,1,1,1,30,29,30,0.6064,0.6064,0.0000,13,1,0,0,recheck,0,still,0
688,195,1,1,43,20,0,1,0,21,0,1,12,9,0,3,0,5,5,5,26,18,23,0.3452,0.2655,0.0000,10,1,0,0,recheck,0,still,0
689,10,1,1,234,20,1,2,0,24,0,1,10,14,0,1,0,1,1,1,25,23,24,0.5255,0.5255,0.0000,11,1,0,0,recheck,0,still,0
689,17,3,1,241,19,0,2,0,19,0,1,3,16,0,0,0,5,5,5,24,19,24,0.5355,0.4463,0.0000,12,1,0,0,recheck,0,still,0
690,5,2,1,58,18,0,1,0,21,0,1,10,11,0,0,0,4,4,4,25,21,25,0.4003,0.3079,0.0000,9,1,0,0,recheck,0,still,0
690,6,2,1,59,17,0,2,0,23,0,1,10,13,0,0,0,3,3,3,26,23,26,0.3627,0.3022,0.0000,8,1,0,0,recheck,0,still,0
690,23,2,1,122,22,1,2,0,29,0,1,7,22,0,0,1,2,2,2,31,30,32,0.5565,0.5565,0.0000,12,1,0,0,recheck,0,still,0
690,65,1,1,117,16,0,2,0,22,0,1,16,6,0,1,1,0,0,0,22,22,22,0.5832,0.1715,0.0000,10,1,0,0,recheck,0,still,0
690,107,2,1,221,20,1,2,0,23,0,1,16,7,0,0,4,0,0,0,23,27,27,0.6952,0.2528,0.0000,14,1,0,0,recheck,0,still,0
690,149,1,1,41,17,0,1,0,23,0,1,10,13,0,1,0,4,4,3,27,22,25,0.3819,0.3525,0.0000,9,1,0,0,recheck,0,still,0
691,66,1,1,168,16,0,1,0,22,0,1,19,3,0,1,1,0,0,0,22,22,22,0.6697,0.1339,0.0000,11,1,0,0,recheck,0,still,0
691,88,1,1,137,23,0,1,0,27,0,1,10,17,0,0,0,1,1,1,28,27,28,0.6098,0.5381,0.0000,13,1,0,0,recheck,0,still,0
691,172,1,1,54,23,0,1,1,32,1,1,8,24,0,4,0,1,1,1,33,28,29,0.3723,0.3191,0.0000,11,1,0,0,recheck,0,still,0
692,28,2,1,80,23,0,1,0,28,0,1,12,16,0,1,0,0,0,0,28,27,27,0.7211,0.5709,0.0000,17,1,0,1,recheck,0,still,0
692,165,1,1,319,20,1,2,0,22,0,1,3,19,0,3,0,5,5,5,27,19,24,0.3483,0.2736,0.0000,11,1,0,0,recheck,0,still,0
693,63,1,1,225,21,0,2,0,24,0,1,13,11,0,0,3,0,0,0,24,27,27,0.6133,0.3968,0.0000,12,1,0,0,recheck,0,still,0
694,21,2,1,321,22,0,2,0,22,0,1,3,19,0,0,0,5,5,5,27,22,27,0.5425,0.4786,0.0000,12,1,0,0,period_end,0,still,0
694,138,1,1,145,22,0,1,0,30,0,1,12,18,0,3,0,0,0,0,30,27,27,0.5283,0.3698,0.0000,17,1,0,0,recheck,0,still,0
695,11,1,1,208,20,0,1,0,23,0,1,8,15,0,0,0,1,1,1,24,23,24,0.5503,0.5503,0.0000,11,1,0,0,recheck,0,still,0
696,9,1,1,46,21,0,1,0,24,0,1,11,13,0,0,0,2,2,2,26,24,26,0.4674,0.4674,0.0000,9,1,0,0,recheck,0,still,0
696,57,1,1,212,22,1,2,0,22,0,1,4,18,0,0,0,4,4,4,26,22,26,0.5684,0.5684,0.0000,11,1,0,0,recheck,0,still,0
696,115,2,1,178,16,0,1,0,19,0,1,10,9,0,0,0,6,6,5,25,19,24,0.2964,0.1617,0.0000,9,1,0,0,recheck,0,still,0
697,47,2,1,268,20,0,2,0,20,0,1,5,15,0,0,2,2,2,2,22,22,24,0.7138,0.5840,0.0000,14,1,0,1,recheck,0,still,0
697,72,2,0,-1,20,0,1,0,21,0,1,14,7,0,0,0,4,4,4,25,21,25,0.3937,0.0656,0.0000,9,1,0,0,,0,start_holder,0
697,128,1,1,291,21,0,2,1,25,0,1,4,21,0,3,0,5,5,5,30,22,27,0.3218,0.3218,0.0000,8,1,0,0,recheck,0,still,0
697,157,2,0,-1,20,0,1,0,23,0,1,14,9,0,2,0,4,4,4,27,21,25,0.3241,0.1891,0.0000,8,1,0,0,,0,start_holder,0
698,19,3,1,325,21,0,2,0,21,0,1,3,18,0,0,0,6,6,6,27,21,27,0.5059,0.4464,0.0000,12,1,0,0,recheck,0,still,0
698,49,2,1,279,17,1,2,0,20,0,1,6,14,0,0,0,4,4,4,24,20,24,0.6588,0.4941,0.0000,11,1,0,0,recheck,0,still,0
698,117,3,1,158,17,0,1,0,24,0,1,10,14,0,0,0,3,3,3,27,24,27,0.3187,0.3187,0.0000,9,1,0,0,recheck,0,still,0
698,124,1,0,-1,6,0,3,0,6,0,0,6,0,0,0,0,0,0,0,6,6,6,0.2136,0.0000,0.0000,5,0,0,0,,0,hop,1
698,200,1,1,189,16,0,1,0,20,0,1,6,14,0,2,0,4,4,4,24,18,22,0.6280,0.5233,0.0000,11,1,0,0,recheck,0,still,0
699,7,2,1,64,18,0,1,0,23,0,1,10,13,0,0,0,3,3,3,26,23,26,0.3899,0.3249,0.0000,8,1,0,0,recheck,0,still,0
699,19,3,1,326,21,0,2,0,21,0,1,3,18,0,0,0,6,6,6,27,21,27,0.5060,0.4464,0.0000,12,1,0,0,period_end,0,still,0
701,3,2,0,-1,16,0,1,0,13,0,1,6,7,0,0,0,6,6,6,19,13,19,0.3417,0.2485,0.0000,6,1,0,0,,0,start_holder,0
701,32,1,1,132,16,0,1,0,20,0,1,19,1,0,0,0,0,0,0,20,20,20,0.6564,0.0729,0.0000,9,1,0,0,recheck,0,still,0
701,44,1,1,283,19,0,2,0,22,0,1,9,13,0,0,0,1,1,1,23,22,23,0.5178,0.5178,0.0000,10,1,0,0,recheck,0,still,0
701,91,1,1,142,20,2,3,0,25,0,1,13,12,0,1,1,0,0,0,25,25,25,0.6538,0.4129,0.0000,14,1,0,0,recheck,0,still,0
701,109,2,1,245,14,3,4,0,17,0,0,17,0,0,0,0,0,0,0,17,17,17,0.7110,0.0000,0.0000,12,0,0,1,recheck,0,still,0
701,127,1,1,286,19,0,2,1,21,0,1,3,18,0,3,0,6,6,6,27,18,24,0.3235,0.2426,0.0000,9,1,0,0,recheck,0,still,0
701,154,2,1,69,21,0,1,0,22,0,1,12,10,0,2,0,5,5,5,27,20,25,0.3717,0.2390,0.0000,10,1,0,0,recheck,0,still,0
702,118,3,1,207,20,0,1,0,24,0,1,10,14,0,0,0,3,3,3,27,24,27,0.4248,0.3249,0.0000,12,1,0,0,recheck,0,still,0
702,189,1,1,120,15,0,2,0,19,0,1,9,10,0,4,0,6,6,6,25,15,21,0.4388,0.3097,0.0000,11,1,0,0,recheck,0,still,0
703,21,2,1,330,22,0,2,0,21,0,1,3,18,0,0,0,6,6,6,27,21,27,0.5429,0.4790,0.0000,12,1,0,0,recheck,0,still,0
703,161,2,1,141,20,0,1,0,23,0,1,6,17,0,1,0,4,4,4,27,22,26,0.4284,0.3528,0.0000,10,1,0,0,recheck,0,still,0
704,92,1,1,239,18,0,1,0,21,0,1,15,6,0,0,2,0,0,0,21,23,23,0.6339,0.2113,0.0000,11,1,0,0,recheck,0,still,0
704,121,1,0,-1,0,0,2,1,0,0,0,0,0,0,0,0,0,0,0,0,0,0,0.0000,0.0000,0.0000,0,0,0,0,,0,hop,1
704,146,2,1,92,15,0,2,0,16,0,1,8,8,0,0,0,6,6,6,22,16,22,0.3499,0.2000,0.0000,10,1,0,0,recheck,0,still,0
705,56,1,1,252,23,0,1,0,22,0,1,3,19,0,0,0,5,5,5,27,22,27,0.5241,0.5241,0.0000,11,1,0,0,recheck,0,still,0
705,84,1,1,255,22,0,2,0,23,0,1,4,19,0,0,0,4,4,5,27,23,28,0.5285,0.5285,0.0000,10,1,0,0,recheck,0,still,0
705,130,1,1,245,18,1,2,0,19,0,1,5,14,0,0,0,3,3,3,22,19,22,0.6566,0.5472,0.0000,11,1,0,0,recheck,0,still,0
706,31,2,1,55,19,1,2,0,25,0,1,17,8,0,0,2,0,0,0,25,27,27,0.6266,0.2968,0.0000,12,1,0,0,recheck,0,still,0
706,153,1,1,33,18,0,1,0,18,0,1,10,8,0,3,1,5,5,5,23,16,21,0.2896,0.2027,0.0000,7,1,0,0,recheck,0,still,0
707,13,2,1,141,19,1,2,0,20,0,1,6,14,0,0,1,2,2,2,22,21,23,0.6266,0.5606,0.0000,13,1,0,0,recheck,0,still,0
707,113,1,0,-1,16,0,2,0,17,0,1,8,9,0,4,0,6,6,6,23,13,19,0.3238,0.2649,0.0000,7,1,0,0,,0,start_holder,0
708,33,3,0,-1,13,2,5,0,18,0,0,17,1,0,1,0,0,0,0,18,17,17,0.5334,0.0593,0.0000,11,0,1,0,,0,hop,1
708,51,1,1,300,18,0,3,0,18,0,1,4,14,0,1,1,3,3,4,21,18,22,0.5986,0.4578,0.0000,10,1,0,0,recheck,0,still,0
708,62,1,1,240,22,0,1,0,25,0,1,11,14,0,0,1,0,0,0,25,26,26,0.6158,0.5071,0.0000,13,1,0,0,recheck,0,still,0
708,168,1,1,71,22,0,1,1,29,0,1,6,23,0,4,0,4,4,4,33,25,29,0.3473,0.3473,0.0000,9,1,0,0,recheck,0,still,0
709,89,1,1,157,24,0,1,0,27,0,1,11,16,0,0,0,0,0,1,27,27,28,0.7002,0.5952,0.0000,15,1,0,1,recheck,0,still,0
709,169,1,1,270,19,3,4,0,18,0,1,5,13,0,0,1,2,2,2,20,19,21,0.7050,0.5640,0.0000,12,1,0,1,recheck,0,still,0
710,29,2,1,118,20,1,2,0,27,0,1,15,12,0,0,0,0,0,0,27,27,27,0.5870,0.4016,0.0000,13,1,0,0,recheck,0,still,0
710,54,2,1,237,20,1,2,0,19,0,1,2,17,0,0,0,6,6,6,25,19,25,0.5752,0.5113,0.0000,12,1,0,0,recheck,0,still,0
710,77,3,1,148,19,0,2,0,21,0,1,6,15,0,0,0,4,4,4,25,21,25,0.5202,0.3757,0.0000,11,1,0,0,recheck,0,still,0
710,108,1,1,180,16,0,2,0,20,0,1,17,3,0,0,1,0,0,0,20,21,21,0.6627,0.1395,0.0000,11,1,0,0,recheck,0,still,0
710,132,1,1,197,20,0,1,0,23,0,1,14,9,0,0,2,0,0,0,23,25,25,0.6440,0.3220,0.0000,12,1,0,0,recheck,0,still,0
710,188,1,1,77,16,1,2,0,18,0,1,8,10,0,4,0,7,7,6,25,14,20,0.4086,0.3541,0.0000,10,1,0,0,recheck,0,still,0
710,199,1,0,-1,15,1,3,0,13,0,1,9,4,0,0,0,4,4,4,17,13,17,0.2621,0.0582,0.0000,6,1,0,0,,0,start_holder,0
711,145,1,1,119,14,1,2,0,16,0,1,7,9,0,3,0,6,6,6,22,13,19,0.3913,0.2795,0.0000,8,1,0,0,recheck,0,still,0
712,131,1,1,255,20,0,2,1,31,1,1,7,24,0,4,0,3,3,3,34,27,30,0.3469,0.3469,0.0000,9,1,0,0,recheck,0,still,0
713,4,2,1,79,15,0,1,0,17,0,1,7,10,0,0,0,5,5,5,22,17,22,0.3714,0.2785,0.0000,8,1,0,0,recheck,0,still,0
713,58,1,1,267,20,2,3,0,26,0,1,7,19,0,0,0,3,3,3,29,26,29,0.5411,0.5411,0.0000,10,1,0,0,recheck,0,still,0
714,15,1,1,256,17,0,2,0,19,0,1,5,14,0,1,0,3,3,3,22,18,21,0.6463,0.5386,0.0000,11,1,0,0,recheck,0,still,0
714,83,1,1,382,21,0,1,0,22,0,1,4,18,0,0,0,5,5,6,27,22,28,0.5678,0.5678,0.0000,11,1,0,0,recheck,0,still,0
714,143,1,0,-1,19,1,3,0,24,0,1,14,10,0,0,1,0,0,0,24,25,25,0.6362,0.3683,0.0000,13,1,0,0,,0,start_holder,0
714,170,1,1,351,19,1,4,0,17,0,1,5,12,0,0,1,3,3,3,20,18,21,0.6764,0.5696,0.0000,12,1,0,0,recheck,0,still,0
715,26,3,1,47,25,0,2,0,29,0,1,10,19,0,0,0,1,1,1,30,29,30,0.6316,0.5741,0.0000,17,1,0,0,recheck,0,still,0
715,34,1,0,-1,10,0,2,1,12,0,0,12,0,0,0,0,0,0,0,12,12,12,0.4065,0.0000,0.0000,8,0,0,0,,0,pending,0
715,76,3,1,274,19,0,4,0,22,0,1,6,16,0,0,1,3,3,3,25,23,26,0.5953,0.5060,0.0000,13,1,0,0,recheck,0,still,0
715,85,1,1,385,21,0,2,0,24,0,1,5,19,0,0,0,3,3,4,27,24,28,0.5720,0.5720,0.0000,10,1,0,0,recheck,0,still,0
715,87,1,1,135,25,1,2,0,25,0,1,6,19,0,0,1,2,2,2,27,26,28,0.6333,0.6333,0.0000,13,1,0,0,recheck,0,still,0
716,34,1,0,-1,10,0,2,1,12,0,0,12,0,0,0,0,0,0,0,12,12,12,0.4065,0.0000,0.0000,8,0,0,0,,0,hop,1
716,79,1,1,234,20,1,2,0,17,0,1,3,14,0,0,1,4,4,4,21,18,22,0.5593,0.4544,0.0000,9,1,0,0,recheck,0,still,0
716,90,1,1,200,21,0,1,0,26,0,1,11,15,0,0,1,0,0,0,26,27,27,0.7285,0.5550,0.0000,15,1,0,1,recheck,0,still,0
716,163,1,1,251,18,0,1,0,23,0,1,6,17,0,5,0,4,4,4,27,18,22,0.3792,0.2438,0.0000,8,1,0,0,recheck,0,still,0
716,167,1,1,288,20,1,2,0,23,0,1,3,20,0,3,0,6,6,6,29,20,26,0.3811,0.3557,0.0000,11,1,0,0,recheck,0,still,0
716,171,1,1,230,21,1,2,0,31,1,1,6,25,0,4,0,3,3,3,34,27,30,0.3941,0.3695,0.0000,12,1,0,0,recheck,0,still,0
717,12,2,1,302,19,0,1,0,21,0,1,7,14,0,0,1,1,1,2,22,22,24,0.4890,0.4890,0.0000,10,1,0,0,recheck,0,still,0
717,14,1,1,261,20,0,1,0,18,0,1,5,13,0,0,2,2,2,2,20,20,22,0.5910,0.5171,0.0000,11,1,0,0,recheck,0,still,0
717,86,1,1,297,24,0,3,0,25,0,1,6,19,0,0,1,2,2,2,27,26,28,0.5745,0.5745,0.0000,11,1,0,0,recheck,0,still,0
717,174,1,1,128,15,0,1,1,22,0,1,16,6,0,2,1,0,0,0,22,21,21,0.6223,0.1638,0.0000,11,1,0,0,recheck,0,still,0
718,25,2,1,403,23,1,3,0,29,0,1,8,21,0,0,0,2,2,2,31,29,31,0.6098,0.6098,0.0000,13,1,0,0,recheck,0,still,0
718,155,1,0,-1,2,0,1,1,2,0,0,2,0,0,0,0,0,0,0,2,2,2,0.0739,0.0000,0.0000,2,0,0,0,,0,pending,0
718,165,1,1,345,20,1,2,0,21,0,1,3,18,0,3,0,6,6,6,27,18,24,0.3483,0.2736,0.0000,11,1,0,0,period_end,0,still,0
718,195,1,1,73,18,1,2,0,17,0,1,8,9,0,3,0,7,7,7,24,14,21,0.3452,0.2921,0.0000,10,1,0,0,recheck,0,still,0
719,10,1,1,264,20,1,2,0,24,0,1,10,14,0,1,0,1,1,1,25,23,24,0.5583,0.5583,0.0000,12,1,0,0,recheck,0,still,0
719,17,3,1,271,19,0,2,0,18,0,1,3,15,0,0,0,6,6,6,24,18,24,0.5358,0.4465,0.0000,12,1,0,0,recheck,0,still,0
719,73,2,0,-1,10,2,3,0,14,0,0,14,0,0,1,0,0,0,0,14,13,13,0.4258,0.0000,0.0000,10,0,0,0,,0,hop,1
719,116,2,0,-1,17,0,1,0,20,0,1,10,10,0,0,0,6,6,5,26,20,25,0.3764,0.3226,0.0000,9,1,0,0,,0,start_holder,0
719,155,1,0,-1,2,0,1,1,2,0,0,2,0,0,0,0,0,0,0,2,2,2,0.0739,0.0000,0.0000,2,0,0,0,,0,hop,1
720,5,2,1,88,17,0,1,0,20,0,1,9,11,0,0,0,5,5,5,25,20,25,0.4003,0.3079,0.0000,9,1,0,0,recheck,0,still,0
720,6,2,1,89,17,0,2,0,22,0,1,10,12,0,0,0,4,4,4,26,22,26,0.3627,0.3022,0.0000,8,1,0,0,recheck,0,still,0
720,23,2,1,152,22,1,2,0,27,0,1,6,21,0,0,1,3,3,3,30,28,31,0.5595,0.5595,0.0000,12,1,0,0,recheck,0,still,0
720,65,1,1,147,16,0,2,0,22,0,1,16,6,0,1,1,0,0,0,22,22,22,0.5829,0.1714,0.0000,10,1,0,0,recheck,0,still,0
720,107,2,1,251,20,1,2,0,23,0,1,16,7,0,0,4,0,0,0,23,27,27,0.6966,0.2533,0.0000,14,1,0,0,recheck,0,still,0
720,149,1,1,71,17,0,1,0,22,0,1,10,12,0,0,0,5,5,3,27,22,25,0.3823,0.3529,0.0000,9,1,0,0,recheck,0,still,0
721,66,1,1,198,16,0,1,0,22,0,1,19,3,0,1,1,0,0,0,22,22,22,0.6708,0.1342,0.0000,11,1,0,0,recheck,0,still,0
721,88,1,1,167,23,0,1,0,27,0,1,9,18,0,0,0,1,1,1,28,27,28,0.6096,0.5379,0.0000,13,1,0,0,recheck,0,still,0
721,172,1,1,84,23,0,1,1,31,1,1,7,24,0,4,0,2,2,2,33,27,29,0.3723,0.3191,0.0000,11,1,0,0,recheck,0,still,0
722,28,2,1,110,23,0,1,0,28,0,1,11,17,0,1,0,0,0,0,28,27,27,0.7168,0.5674,0.0000,17,1,0,1,recheck,0,still,0
722,165,1,1,349,20,1,2,0,21,0,1,3,18,0,3,0,6,6,6,27,18,24,0.3483,0.2736,0.0000,11,1,0,0,recheck,0,still,0
723,63,1,1,255,22,0,2,0,23,0,1,11,12,0,0,3,0,0,0,23,26,26,0.6130,0.4327,0.0000,12,1,0,0,recheck,0,still,0
724,138,1,1,175,22,0,1,0,29,0,1,10,19,0,3,0,0,0,0,29,26,26,0.5283,0.3962,0.0000,17,1,0,0,recheck,0,still,0
725,11,1,1,238,20,0,1,0,23,0,1,8,15,0,0,0,1,1,1,24,23,24,0.5503,0.5503,0.0000,11,1,0,0,recheck,0,still,0
725,179,1,0,-1,3,0,2,1,5,0,0,5,0,0,1,0,0,0,0,5,4,4,0.1829,0.0000,0.0000,4,0,0,0,,0,hop,1
726,9,1,1,76,21,0,1,0,24,0,1,11,13,0,0,0,2,2,2,26,24,26,0.5008,0.5008,0.0000,10,1,0,0,recheck,0,still,0
726,57,1,1,242,22,1,2,0,21,0,1,3,18,0,0,0,5,5,5,26,21,26,0.5708,0.5708,0.0000,11,1,0,0,recheck,0,still,0
726,115,2,1,208,15,0,1,0,17,0,1,8,9,0,0,0,7,7,6,24,17,23,0.3502,0.2694,0.0000,9,1,0,0,recheck,0,still,0
727,47,2,1,298,20,0,2,0,20,0,1,5,15,0,0,2,2,2,2,22,22,24,0.7140,0.5842,0.0000,14,1,0,1,recheck,0,still,0
727,128,1,1,321,21,0,2,1,25,0,1,4,21,0,3,0,5,5,5,30,22,27,0.3218,0.3218,0.0000,8,1,0,0,recheck,0,still,0
728,19,3,1,355,21,0,2,0,21,0,1,3,18,0,0,0,7,7,7,28,21,28,0.5061,0.4466,0.0000,12,1,0,0,recheck,0,still,0
728,49,2,1,309,17,1,2,0,21,0,1,6,15,0,0,0,4,4,4,25,21,25,0.6571,0.4929,0.0000,11,1,0,0,recheck,0,still,0
728,117,3,1,188,19,0,1,0,24,0,1,10,14,0,0,0,4,4,4,28,24,28,0.3162,0.2918,0.0000,9,1,0,0,recheck,0,still,0
728,200,1,1,219,16,0,1,0,20,0,1,6,14,0,2,0,3,3,3,23,18,21,0.6285,0.5238,0.0000,11,1,0,0,recheck,0,still,0
729,7,2,1,94,19,0,1,0,23,0,1,10,13,0,0,0,3,3,3,26,23,26,0.3900,0.3250,0.0000,8,1,0,0,recheck,0,still,0
729,95,1,0,-1,18,0,2,0,14,0,1,6,8,0,0,0,7,7,7,21,14,21,0.3958,0.2159,0.0000,7,1,0,0,,0,start_holder,0
730,44,1,1,312,19,0,2,0,22,0,1,9,13,0,0,0,1,1,1,23,22,23,0.5162,0.5162,0.0000,10,1,0,0,period_end,0,still,0
731,32,1,1,162,16,0,1,0,19,0,1,18,1,0,0,0,0,0,0,19,19,19,0.6600,0.0733,0.0000,9,1,0,0,recheck,0,still,0
731,44,1,1,313,19,0,2,0,22,0,1,9,13,0,0,0,1,1,1,23,22,23,0.5161,0.5161,0.0000,10,1,0,0,recheck,0,still,0
731,91,1,1,172,20,2,3,0,25,0,1,12,13,0,1,1,0,0,0,25,25,25,0.6532,0.4469,0.0000,14,1,0,0,recheck,0,still,0
731,109,2,1,275,14,3,5,0,17,0,0,17,0,0,0,0,0,0,0,17,17,17,0.7439,0.0000,0.0000,13,0,0,1,recheck,0,still,0
731,127,1,1,316,19,0,2,1,20,0,1,3,17,0,3,0,7,7,7,27,17,24,0.3235,0.2426,0.0000,9,1,0,0,recheck,0,still,0
731,154,2,1,99,19,0,1,0,17,0,1,7,10,0,2,0,8,8,8,25,15,23,0.3452,0.3186,0.0000,9,1,0,0,recheck,0,still,0
732,118,3,1,237,20,0,1,0,24,0,1,10,14,0,0,0,3,3,3,27,24,27,0.3998,0.2999,0.0000,11,1,0,0,recheck,0,still,0
732,157,2,1,35,18,0,1,0,16,0,1,8,8,0,1,0,8,8,8,24,15,23,0.3241,0.2431,0.0000,7,1,0,0,recheck,0,still,0
732,189,1,1,150,15,0,2,0,15,0,1,5,10,0,3,0,8,8,8,23,12,20,0.4118,0.3603,0.0000,11,1,0,0,recheck,0,still,0
733,21,2,1,360,22,0,2,0,20,0,1,3,17,0,0,0,7,7,7,27,20,27,0.5442,0.4802,0.0000,12,1,0,0,recheck,0,still,0
733,40,1,0,-1,16,1,2,0,15,0,1,7,8,0,0,1,5,5,5,20,16,21,0.4329,0.3607,0.0000,8,1,0,0,,0,start_holder,0
733,51,1,1,325,18,0,3,0,18,0,1,4,14,0,1,1,3,3,4,21,18,22,0.5988,0.4579,0.0000,10,1,0,0,period_end,0,still,0
733,161,2,1,171,20,0,1,0,23,0,1,6,17,0,1,0,4,4,4,27,22,26,0.4284,0.3528,0.0000,10,1,0,0,recheck,0,still,0
734,92,1,1,269,18,0,1,0,21,0,1,15,6,0,0,2,0,0,0,21,23,23,0.6338,0.2113,0.0000,11,1,0,0,recheck,0,still,0
734,146,2,1,122,14,0,2,0,14,0,1,5,9,0,0,0,7,7,7,21,14,21,0.3488,0.2740,0.0000,9,1,0,0,recheck,0,still,0
735,56,1,1,282,23,0,1,0,21,0,1,3,18,0,0,0,6,6,6,27,21,27,0.5257,0.5257,0.0000,11,1,0,0,recheck,0,still,0
735,72,2,1,38,19,0,1,0,15,0,1,7,8,0,0,0,8,8,8,23,15,23,0.3885,0.1619,0.0000,8,1,0,0,recheck,0,still,0
735,84,1,1,285,22,0,2,0,22,0,1,3,19,0,0,0,5,5,6,27,22,28,0.5304,0.5304,0.0000,10,1,0,0,recheck,0,still,0
735,130,1,1,275,18,1,2,0,20,0,1,6,14,0,0,0,3,3,3,23,20,23,0.6551,0.5459,0.0000,11,1,0,0,recheck,0,still,0
736,31,2,1,85,19,1,2,0,25,0,1,16,9,0,0,2,0,0,0,25,27,27,0.6266,0.2968,0.0000,12,1,0,0,recheck,0,still,0
736,114,1,0,-1,15,1,2,0,11,0,1,2,9,0,0,0,8,8,7,19,11,18,0.3517,0.2931,0.0000,7,1,0,0,,0,start_holder,0
736,153,1,1,63,17,0,2,0,14,0,1,4,10,0,3,2,7,7,7,21,13,20,0.2896,0.2607,0.0000,7,1,0,0,recheck,0,still,0
737,13,2,1,171,19,1,2,0,20,0,1,6,14,0,0,1,2,2,2,22,21,23,0.5936,0.5276,0.0000,12,1,0,0,recheck,0,still,0
737,75,1,0,-1,6,2,3,0,7,0,0,7,0,0,0,0,0,0,0,7,7,7,0.3272,0.0000,0.0000,6,0,0,0,,0,hop,1
738,51,1,1,330,18,0,3,0,18,0,1,4,14,0,1,1,3,3,4,21,18,22,0.5636,0.4227,0.0000,9,1,0,0,recheck,0,still,0
738,62,1,1,270,22,0,1,0,25,0,1,10,15,0,0,1,0,0,0,25,26,26,0.6521,0.5796,0.0000,14,1,0,0,recheck,0,still,0
738,168,1,1,101,22,0,1,1,28,0,1,5,23,0,4,0,5,5,5,33,24,29,0.3473,0.3473,0.0000,9,1,0,0,recheck,0,still,0
739,89,1,1,187,24,0,1,0,27,0,1,10,17,0,0,0,0,0,1,27,27,28,0.7002,0.6302,0.0000,15,1,0,1,recheck,0,still,0
739,169,1,1,300,19,3,4,0,18,0,1,5,13,0,0,1,2,2,2,20,19,21,0.7053,0.5643,0.0000,12,1,0,1,recheck,0,still,0
740,29,2,1,148,20,1,2,0,26,0,1,13,13,0,0,0,0,0,0,26,26,26,0.5852,0.4004,0.0000,13,1,0,0,recheck,0,still,0
740,54,2,1,267,20,1,2,0,18,0,1,2,16,0,0,0,7,7,7,25,18,25,0.5752,0.5113,0.0000,12,1,0,0,recheck,0,still,0
740,77,3,1,178,19,0,2,0,21,0,1,6,15,0,0,0,4,4,4,25,21,25,0.5205,0.3759,0.0000,11,1,0,0,recheck,0,still,0
740,108,1,1,210,16,0,2,0,19,0,1,16,3,0,0,1,0,0,0,19,20,20,0.6649,0.1400,0.0000,11,1,0,0,recheck,0,still,0
740,132,1,1,227,20,0,1,0,23,0,1,14,9,0,0,2,0,0,0,23,25,25,0.6799,0.3579,0.0000,13,1,0,0,recheck,0,still,0
740,188,1,1,107,16,1,2,0,15,0,1,4,11,0,3,0,9,9,8,24,12,20,0.4088,0.4088,0.0000,10,1,0,0,recheck,0,still,0
741,145,1,1,149,14,1,2,0,14,0,1,3,11,0,2,0,8,8,7,22,12,19,0.4185,0.3627,0.0000,9,1,0,0,recheck,0,still,0
741,167,1,1,313,20,1,2,0,22,0,1,3,19,0,3,0,7,7,7,29,19,26,0.3598,0.3598,0.0000,10,1,0,0,period_end,0,still,0
741,181,1,0,-1,20,0,1,1,30,0,1,14,16,0,4,0,0,0,0,30,26,26,0.4736,0.2631,0.0000,12,1,0,0,,0,start_holder,0
742,131,1,1,285,20,0,2,1,30,0,1,5,25,0,4,0,4,4,4,34,26,30,0.3469,0.3469,0.0000,9,1,0,0,recheck,0,still,0
743,1,1,0,-1,19,0,1,0,15,0,1,3,12,0,0,0,8,8,8,23,15,23,0.4279,0.3209,0.0000,7,1,0,0,,0,start_holder,0
743,4,2,1,109,15,0,1,0,16,0,1,5,11,0,0,0,6,6,6,22,16,22,0.3714,0.3095,0.0000,8,1,0,0,recheck,0,still,0
743,58,1,1,297,20,2,3,0,25,0,1,5,20,0,0,0,4,4,4,29,25,29,0.5408,0.5408,0.0000,10,1,0,0,recheck,0,still,0
743,158,1,0,-1,18,0,1,0,16,0,1,4,12,0,1,0,7,7,7,23,15,22,0.3461,0.1442,0.0000,8,1,0,0,,0,start_holder,0
744,15,1,1,286,17,3,5,0,19,0,1,6,13,0,0,0,3,3,3,22,19,22,0.6090,0.5015,0.0000,10,1,0,0,recheck,0,still,0
744,83,1,1,412,21,0,1,0,21,0,1,3,18,0,0,0,6,6,7,27,21,28,0.5679,0.5679,0.0000,11,1,0,0,recheck,0,still,0
744,170,2,1,381,18,0,3,0,20,0,1,6,14,0,0,1,4,4,4,24,21,25,0.5716,0.4763,0.0000,11,1,0,0,recheck,0,still,0
745,26,3,1,77,25,0,2,0,28,0,1,9,19,0,0,0,2,2,2,30,28,30,0.6316,0.5741,0.0000,17,1,0,0,recheck,0,still,0
745,76,3,1,304,18,4,5,0,21,0,1,7,14,0,0,1,3,3,3,24,22,25,0.5953,0.5060,0.0000,12,1,0,0,recheck,0,still,0
745,85,1,1,415,21,0,2,0,23,0,1,5,18,0,0,0,4,4,5,27,23,28,0.5718,0.5718,0.0000,10,1,0,0,recheck,0,still,0
745,87,1,1,165,25,1,2,0,24,0,1,5,19,0,0,1,3,3,3,27,25,28,0.6333,0.6333,0.0000,13,1,0,0,recheck,0,still,0
746,79,1,1,264,20,1,2,0,17,0,1,3,14,0,0,1,4,4,4,21,18,22,0.5594,0.4545,0.0000,9,1,0,0,recheck,0,still,0
746,90,1,1,230,21,0,1,0,26,0,1,10,16,0,0,1,0,0,0,26,27,27,0.7285,0.5551,0.0000,15,1,0,1,recheck,0,still,0
746,163,1,1,281,18,0,1,0,23,0,1,6,17,0,5,0,4,4,4,27,18,22,0.3792,0.2438,0.0000,8,1,0,0,recheck,0,still,0
746,167,1,1,318,20,1,2,0,22,0,1,3,19,0,3,0,7,7,7,29,19,26,0.3609,0.3609,0.0000,10,1,0,0,recheck,0,still,0
746,171,1,1,260,21,1,2,0,30,0,1,5,25,0,4,0,4,4,4,34,26,30,0.3941,0.3695,0.0000,12,1,0,0,recheck,0,still,0
747,12,2,1,332,18,0,1,0,20,0,1,7,13,0,0,1,1,1,2,21,21,23,0.4886,0.4886,0.0000,9,1,0,0,recheck,0,still,0
747,14,1,1,291,19,0,1,0,17,0,1,5,12,0,0,2,2,2,2,19,19,21,0.5910,0.5171,0.0000,10,1,0,0,recheck,0,still,0
747,86,1,1,327,24,0,3,0,24,0,1,5,19,0,0,1,3,3,3,27,25,28,0.5743,0.5743,0.0000,11,1,0,0,recheck,0,still,0
747,174,1,1,158,16,0,1,1,21,0,1,15,6,0,1,1,0,0,0,21,21,21,0.6230,0.1639,0.0000,11,1,0,0,recheck,0,still,0
748,25,2,1,433,23,1,3,0,28,0,1,7,21,0,0,0,3,3,3,31,28,31,0.6102,0.6102,0.0000,13,1,0,0,recheck,0,still,0
748,195,1,1,103,18,1,2,0,16,0,1,3,13,0,3,0,8,8,8,24,13,21,0.3449,0.3449,0.0000,10,1,0,0,recheck,0,still,0
749,10,1,1,294,19,1,2,0,23,0,1,10,13,0,1,0,1,1,1,24,22,23,0.5583,0.5583,0.0000,11,1,0,0,recheck,0,still,0
749,17,3,1,301,19,0,2,0,17,0,1,3,14,0,0,0,7,7,7,24,17,24,0.5358,0.4465,0.0000,12,1,0,0,recheck,0,still,0
749,127,1,1,334,19,0,2,1,20,0,1,3,17,0,3,0,7,7,7,27,17,24,0.3235,0.2426,0.0000,9,1,0,0,period_end,0,still,0
749,199,1,1,39,14,1,3,0,12,0,1,5,7,0,0,0,5,5,5,17,12,17,0.2621,0.1165,0.0000,6,1,0,0,recheck,0,still,0
750,5,2,1,118,17,0,1,0,20,0,1,8,12,0,0,0,5,5,5,25,20,25,0.4003,0.3387,0.0000,9,1,0,0,recheck,0,still,0
750,6,2,1,119,17,0,2,0,21,0,1,10,11,0,0,0,4,4,4,25,21,25,0.3627,0.3022,0.0000,8,1,0,0,recheck,0,still,0
750,23,2,1,182,22,1,2,0,26,0,1,5,21,0,0,1,4,4,4,30,27,31,0.5606,0.5606,0.0000,12,1,0,0,recheck,0,still,0
750,65,1,1,177,16,0,2,0,21,0,1,15,6,0,1,1,0,0,0,21,21,21,0.6156,0.2052,0.0000,11,1,0,0,recheck,0,still,0
750,71,2,0,-1,12,2,3,0,14,0,0,14,0,0,0,0,0,0,0,14,14,14,0.4592,0.0000,0.0000,9,0,0,0,,0,hop,1
750,107,2,1,281,20,1,2,0,22,0,1,15,7,0,0,4,0,0,0,22,26,26,0.6969,0.2534,0.0000,14,1,0,0,recheck,0,still,0
750,143,1,1,36,19,1,3,0,24,0,1,14,10,0,0,1,0,0,0,24,25,25,0.8052,0.4361,0.0000,16,1,0,1,recheck,0,still,0
750,149,1,1,101,18,0,1,0,21,0,1,10,11,0,0,0,5,5,3,26,21,24,0.3823,0.3529,0.0000,9,1,0,0,recheck,0,still,0
751,66,1,1,228,16,0,1,0,19,0,1,16,3,0,1,1,0,0,0,19,19,19,0.6716,0.1343,0.0000,11,1,0,0,recheck,0,still,0
751,88,1,1,197,23,0,1,0,27,0,1,8,19,0,0,0,1,1,1,28,27,28,0.6097,0.5379,0.0000,13,1,0,0,recheck,0,still,0
751,172,1,1,114,23,0,1,1,30,0,1,6,24,0,4,0,3,3,3,33,26,29,0.3723,0.3191,0.0000,11,1,0,0,recheck,0,still,0
752,3,2,1,51,15,0,1,0,11,0,1,2,9,0,0,0,7,7,7,18,11,18,0.3416,0.2795,0.0000,6,1,0,0,recheck,0,still,0
752,28,2,1,140,23,0,1,0,28,0,1,10,18,0,1,0,0,0,0,28,27,27,0.7153,0.5663,0.0000,17,1,0,1,recheck,0,still,0
752,113,1,1,45,15,0,2,0,14,0,1,3,11,0,3,0,8,8,8,22,11,19,0.3239,0.3239,0.0000,7,1,0,0,recheck,0,still,0
752,165,1,1,379,20,1,2,0,20,0,1,3,17,0,3,0,7,7,7,27,17,24,0.3483,0.2736,0.0000,11,1,0,0,recheck,0,still,0
753,63,1,1,285,22,0,2,0,23,0,1,11,12,0,0,3,0,0,0,23,26,26,0.6128,0.4326,0.0000,12,1,0,0,recheck,0,still,0
754,12,2,1,339,18,0,1,0,20,0,1,7,13,0,0,1,1,1,2,21,21,23,0.4885,0.4885,0.0000,9,1,0,0,period_end,0,still,0
754,138,1,1,205,22,0,1,0,29,0,1,10,19,0,2,0,1,1,0,30,27,27,0.5283,0.4227,0.0000,17,1,0,0,recheck,0,still,0
754,159,1,0,-1,11,2,3,0,9,0,1,5,4,0,0,0,5,5,5,14,9,14,0.1742,0.0871,0.0000,4,1,0,0,,0,start_holder,0
755,11,1,1,268,19,0,1,0,22,0,1,8,14,0,0,0,1,1,1,23,22,23,0.5503,0.5503,0.0000,10,1,0,0,recheck,0,still,0
755,128,1,1,349,21,0,2,1,24,0,1,4,20,0,3,0,6,6,6,30,21,27,0.3486,0.3486,0.0000,9,1,0,0,period_end,0,still,0
756,9,1,1,106,21,0,1,0,23,0,1,11,12,0,0,0,2,2,2,25,23,25,0.4674,0.4674,0.0000,9,1,0,0,recheck,0,still,0
756,57,1,1,272,22,1,2,0,23,0,1,3,20,0,0,0,6,6,6,29,23,29,0.5718,0.5718,0.0000,11,1,0,0,recheck,0,still,0
756,84,1,1,306,22,0,2,0,22,0,1,3,19,0,0,0,5,5,6,27,22,28,0.5310,0.5310,0.0000,10,1,0,0,period_end,0,still,0
756,109,2,1,300,13,3,6,0,17,0,0,17,0,0,0,0,0,0,0,17,17,17,0.7441,0.0000,0.0000,12,0,0,1,period_end,0,still,0
756,115,2,1,238,15,0,1,0,17,0,1,7,10,0,0,0,7,7,6,24,17,23,0.3503,0.2964,0.0000,9,1,0,0,recheck,0,still,0
757,47,2,1,328,19,0,2,0,19,0,1,5,14,0,0,2,2,2,2,21,21,23,0.6492,0.5843,0.0000,12,1,0,0,recheck,0,still,0
757,128,1,1,351,21,0,2,1,21,0,1,4,17,0,3,0,8,8,8,29,18,26,0.3486,0.3486,0.0000,9,1,0,0,recheck,0,still,0
758,19,3,1,385,21,0,2,0,18,0,1,3,15,0,0,0,10,10,10,28,18,28,0.5061,0.4465,0.0000,12,1,0,0,recheck,0,still,0
758,49,2,1,339,17,1,5,0,21,0,1,6,15,0,0,0,4,4,4,25,21,25,0.6596,0.4947,0.0000,11,1,0,0,recheck,0,still,0
758,117,3,1,218,19,0,1,0,23,0,1,10,13,0,0,0,4,4,4,27,23,27,0.3647,0.3404,0.0000,10,1,0,0,recheck,0,still,0
759,7,2,1,124,18,0,1,0,22,0,1,10,12,0,0,0,3,3,3,25,22,25,0.3900,0.3250,0.0000,8,1,0,0,recheck,0,still,0
759,58,1,1,313,19,2,3,0,22,0,1,5,17,0,0,0,6,6,6,28,22,28,0.5408,0.5408,0.0000,9,1,0,0,period_end,0,still,0
761,32,1,1,192,15,0,1,0,18,0,1,17,1,0,0,0,0,0,0,18,18,18,0.6625,0.0736,0.0000,9,1,0,0,recheck,0,still,0
761,44,1,1,343,18,0,2,0,21,0,1,9,12,0,0,0,1,1,1,22,21,22,0.4807,0.4807,0.0000,9,1,0,0,recheck,0,still,0
761,91,1,1,202,19,2,3,0,22,0,1,12,10,0,1,1,2,2,2,24,22,24,0.6157,0.4105,0.0000,13,1,0,0,recheck,0,still,0
761,109,2,1,305,13,3,6,0,17,0,0,17,0,0,0,0,0,0,0,17,17,17,0.7442,0.0000,0.0000,12,0,0,1,recheck,0,still,0
761,127,1,1,346,19,0,2,1,18,0,1,3,15,0,3,0,9,9,9,27,15,24,0.3235,0.2426,0.0000,9,1,0,0,recheck,0,still,0
761,154,2,1,129,19,0,1,0,17,0,1,4,13,0,2,0,8,8,8,25,15,23,0.3452,0.3452,0.0000,9,1,0,0,recheck,0,still,0
762,55,2,0,-1,21,0,1,0,19,0,1,3,16,0,0,0,8,8,8,27,19,27,0.5165,0.5165,0.0000,12,1,0,0,,0,start_holder,0
762,118,3,1,267,20,0,1,0,23,0,1,10,13,0,0,0,3,3,3,26,23,26,0.3999,0.2999,0.0000,11,1,0,0,recheck,0,still,0
762,157,2,1,65,18,0,1,0,17,0,1,5,12,0,1,0,7,7,7,24,16,23,0.3241,0.2431,0.0000,7,1,0,0,recheck,0,still,0
762,169,1,1,323,17,2,3,0,17,0,1,5,12,0,0,1,2,2,2,19,18,20,0.7058,0.5646,0.0000,11,1,0,1,period_end,0,still,0
762,189,1,1,180,15,0,2,0,15,0,1,3,12,0,3,0,8,8,8,23,12,20,0.4120,0.4120,0.0000,11,1,0,0,recheck,0,still,0
763,21,2,1,390,22,0,2,0,17,0,1,2,15,0,0,0,9,9,9,26,17,26,0.5448,0.5448,0.0000,12,1,0,0,recheck,0,still,0
763,161,2,1,201,20,0,1,0,23,0,1,5,18,0,1,0,4,4,4,27,22,26,0.4284,0.3528,0.0000,10,1,0,0,recheck,0,still,0
764,92,1,1,299,18,0,1,0,20,0,1,14,6,0,0,2,0,0,0,20,22,22,0.6304,0.2101,0.0000,11,1,0,0,recheck,0,still,0
764,146,2,1,152,14,0,2,0,13,0,1,5,8,0,0,0,8,8,8,21,13,21,0.3492,0.2993,0.0000,9,1,0,0,recheck,0,still,0
765,56,1,1,312,23,0,1,0,18,0,1,3,15,0,0,0,8,8,8,26,18,26,0.5264,0.5264,0.0000,11,1,0,0,recheck,0,still,0
765,72,2,1,68,19,0,1,0,15,0,1,4,11,0,0,0,8,8,8,23,15,23,0.3826,0.1913,0.0000,8,1,0,0,recheck,0,still,0
765,84,1,1,315,22,0,2,0,19,0,1,3,16,0,0,0,7,7,8,26,19,27,0.4956,0.4956,0.0000,9,1,0,0,recheck,0,still,0
765,130,1,1,305,16,2,5,0,18,0,1,5,13,0,0,0,3,3,3,21,18,21,0.5850,0.4753,0.0000,9,1,0,0,recheck,0,still,0
766,31,2,1,115,19,1,2,0,23,0,1,15,8,0,0,3,0,0,0,23,26,26,0.6266,0.2968,0.0000,12,1,0,0,recheck,0,still,0
766,153,1,1,93,17,0,2,0,12,0,1,3,9,0,3,2,9,9,9,21,11,20,0.2896,0.2896,0.0000,7,1,0,0,recheck,0,still,0
767,13,2,1,201,18,1,2,0,19,0,1,6,13,0,0,1,2,2,2,21,20,22,0.5936,0.5277,0.0000,11,1,0,0,recheck,0,still,0
768,51,1,1,360,17,0,3,0,21,0,1,4,17,0,2,1,0,0,1,21,20,21,0.5981,0.4926,0.0000,10,1,0,0,recheck,0,still,0
768,62,2,1,300,21,0,1,0,26,0,1,12,14,0,0,1,0,0,0,26,27,27,0.6453,0.4517,0.0000,14,1,0,0,recheck,0,still,0
768,116,2,1,49,17,0,1,0,20,0,1,10,10,0,0,0,7,7,6,27,20,26,0.4302,0.3764,0.0000,10,1,0,0,recheck,0,still,0
768,168,1,1,131,21,0,1,1,25,0,1,5,20,0,4,0,7,7,7,32,21,28,0.3473,0.3473,0.0000,9,1,0,0,recheck,0,still,0
769,10,1,1,314,19,1,2,0,23,0,1,10,13,0,1,0,1,1,1,24,22,23,0.5583,0.5583,0.0000,11,1,0,0,period_end,0,still,0
769,89,1,1,217,23,0,1,0,26,0,1,9,17,0,0,0,0,0,1,26,26,27,0.7029,0.6326,0.0000,14,1,0,1,recheck,0,still,0
769,169,1,1,330,17,2,3,0,17,0,1,5,12,0,0,1,2,2,2,19,18,20,0.7060,0.5648,0.0000,11,1,0,1,recheck,0,still,0
770,29,2,1,178,19,0,1,0,27,0,1,14,13,0,1,0,0,0,0,27,26,26,0.6133,0.4293,0.0000,13,1,0,0,recheck,0,still,0
770,54,2,1,297,19,1,2,0,17,0,1,1,16,0,0,0,8,8,8,25,17,25,0.5752,0.5752,0.0000,12,1,0,0,recheck,0,still,0
770,77,3,1,208,18,0,5,0,24,0,1,5,19,0,1,0,1,1,1,25,23,24,0.5781,0.4914,0.0000,12,1,0,0,recheck,0,still,0
770,108,1,1,240,16,0,2,0,18,0,1,15,3,0,0,1,0,0,0,18,19,19,0.6667,0.1404,0.0000,11,1,0,0,recheck,0,still,0
770,132,1,1,257,20,0,1,0,23,0,1,14,9,0,0,2,0,0,0,23,25,25,0.6441,0.3221,0.0000,12,1,0,0,recheck,0,still,0
770,177,1,0,-1,22,0,1,0,26,0,1,8,18,0,0,0,4,4,1,30,26,27,0.4765,0.4500,0.0000,14,1,0,0,,0,start_holder,0
770,188,1,1,137,16,1,2,0,14,0,1,3,11,0,3,0,10,10,9,24,11,20,0.4089,0.4089,0.0000,10,1,0,0,recheck,0,still,0
771,133,2,0,-1,14,5,6,0,20,0,1,17,3,0,2,0,0,0,0,20,18,18,0.6752,0.0614,0.0000,12,0,1,0,,0,pending,0
771,145,1,1,179,14,1,2,0,13,0,1,3,10,0,2,0,9,9,8,22,11,19,0.4184,0.3627,0.0000,9,1,0,0,recheck,0,still,0
772,123,2,0,-1,16,0,3,0,14,0,1,4,10,0,0,0,7,7,7,21,14,21,0.3550,0.1912,0.0000,9,1,0,0,,0,start_holder,0
772,131,1,1,315,19,0,2,1,26,0,1,4,22,0,4,0,7,7,7,33,22,29,0.3202,0.3202,0.0000,8,1,0,0,recheck,0,still,0
772,133,2,0,-1,14,5,6,0,20,0,1,17,3,0,2,0,0,0,0,20,18,18,0.6752,0.0614,0.0000,12,0,1,0,,0,hop,1
773,4,2,1,139,15,0,1,0,15,0,1,5,10,0,0,0,7,7,7,22,15,22,0.3714,0.3095,0.0000,8,1,0,0,recheck,0,still,0
773,58,1,1,327,19,2,3,0,21,0,1,4,17,0,0,0,7,7,7,28,21,28,0.5407,0.5407,0.0000,9,1,0,0,recheck,0,still,0
774,15,1,1,316,17,3,5,0,17,0,1,4,13,0,0,0,4,4,4,21,17,21,0.6094,0.5019,0.0000,10,1,0,0,recheck,0,still,0
774,83,1,1,442,20,0,1,0,17,0,1,2,15,0,0,0,9,9,10,26,17,27,0.5679,0.5679,0.0000,11,1,0,0,recheck,0,still,0
774,170,2,1,411,18,0,3,0,19,0,1,4,15,0,0,1,4,4,4,23,20,24,0.5655,0.4713,0.0000,11,1,0,0,recheck,0,still,0
775,26,3,1,107,24,0,2,0,26,0,1,9,17,0,0,0,3,3,3,29,26,29,0.5741,0.5167,0.0000,14,1,0,0,recheck,0,still,0
775,76,3,1,334,18,4,5,0,18,0,1,4,14,0,0,2,4,4,4,22,20,24,0.5953,0.5060,0.0000,12,1,0,0,recheck,0,still,0
775,85,1,1,445,20,0,2,0,20,0,1,4,16,0,0,0,6,6,7,26,20,27,0.5717,0.5717,0.0000,10,1,0,0,recheck,0,still,0
775,87,1,1,195,24,1,2,0,22,0,1,5,17,0,0,1,4,4,4,26,23,27,0.5981,0.5981,0.0000,11,1,0,0,recheck,0,still,0
776,49,2,1,357,17,1,5,0,21,0,1,5,16,0,0,0,3,3,3,24,21,24,0.6581,0.5594,0.0000,11,1,0,0,period_end,0,still,0
776,79,1,1,294,18,1,2,0,16,0,1,2,14,0,0,1,4,4,4,20,17,21,0.5594,0.5245,0.0000,9,1,0,0,recheck,0,still,0
776,90,1,1,260,20,0,1,0,24,0,1,9,15,0,1,1,1,1,1,25,24,25,0.7008,0.5340,0.0000,14,1,0,1,recheck,0,still,0
776,95,1,1,47,18,0,2,0,12,0,1,3,9,0,0,0,8,8,9,20,12,21,0.3965,0.2883,0.0000,7,1,0,0,recheck,0,still,0
776,131,1,1,319,19,0,2,1,25,0,1,4,21,0,3,0,8,8,7,33,22,29,0.3202,0.3202,0.0000,8,1,0,0,period_end,0,still,0
776,163,1,1,311,17,0,1,0,23,0,1,5,18,0,5,0,3,3,3,26,18,21,0.3792,0.2980,0.0000,8,1,0,0,recheck,0,still,0
776,171,1,1,290,20,1,2,0,25,0,1,4,21,0,3,0,8,8,7,33,22,29,0.3695,0.3448,0.0000,11,1,0,0,recheck,0,still,0
777,12,2,1,362,18,0,1,0,20,0,1,7,13,0,0,1,1,1,2,21,21,23,0.4885,0.4885,0.0000,9,1,0,0,recheck,0,still,0
777,14,1,1,321,19,0,1,0,17,0,1,5,12,0,0,2,2,2,2,19,19,21,0.5910,0.5171,0.0000,10,1,0,0,recheck,0,still,0
777,86,1,1,357,23,0,3,0,21,0,1,4,17,0,0,1,5,5,5,26,22,27,0.5383,0.5383,0.0000,9,1,0,0,recheck,0,still,0
777,174,1,1,188,16,0,1,1,21,0,1,15,6,0,1,1,0,0,0,21,21,21,0.6235,0.1641,0.0000,11,1,0,0,recheck,0,still,0
777,176,1,0,-1,25,1,2,0,24,0,1,5,19,0,1,0,6,6,5,30,23,28,0.4413,0.4168,0.0000,15,1,0,0,,0,start_holder,0
778,1,1,1,35,19,0,1,0,13,0,1,3,10,0,0,0,9,9,9,22,13,22,0.4285,0.3214,0.0000,7,1,0,0,recheck,0,still,0
778,25,2,1,463,22,1,3,0,24,0,1,6,18,0,0,0,6,6,6,30,24,30,0.5780,0.5780,0.0000,11,1,0,0,recheck,0,still,0
778,86,1,1,358,23,0,3,0,21,0,1,4,17,0,0,1,5,5,5,26,22,27,0.5383,0.5383,0.0000,9,1,0,0,period_end,0,still,0
778,195,1,1,133,17,1,2,0,14,0,1,3,11,0,2,0,10,10,9,24,12,21,0.3449,0.3449,0.0000,10,1,0,0,recheck,0,still,0
779,10,1,1,324,19,1,2,0,23,0,1,10,13,0,1,0,1,1,1,24,22,23,0.5583,0.5583,0.0000,11,1,0,0,recheck,0,still,0
779,17,3,1,331,18,0,2,0,14,0,1,2,12,0,0,0,9,9,9,23,14,23,0.5350,0.5052,0.0000,12,1,0,0,recheck,0,still,0
779,47,2,1,350,19,0,2,0,20,0,1,6,14,0,0,1,2,2,2,22,21,23,0.7140,0.5841,0.0000,13,1,0,1,period_end,0,still,0
779,199,1,1,69,14,1,3,0,11,0,1,4,7,0,0,0,6,6,6,17,11,17,0.2621,0.1747,0.0000,6,1,0,0,recheck,0,still,0
780,5,2,1,148,17,0,1,0,18,0,1,7,11,0,0,0,6,6,6,24,18,24,0.4003,0.3387,0.0000,9,1,0,0,recheck,0,still,0
780,6,2,1,149,17,0,2,0,21,0,1,10,11,0,0,0,4,4,4,25,21,25,0.3627,0.3022,0.0000,8,1,0,0,recheck,0,still,0
780,23,2,1,212,21,1,2,0,22,0,1,3,19,0,0,1,7,7,7,29,23,30,0.5277,0.5277,0.0000,10,1,0,0,recheck,0,still,0
780,56,1,1,327,22,0,1,0,17,0,1,1,16,0,0,0,9,9,9,26,17,26,0.5263,0.5263,0.0000,11,1,0,0,period_end,0,still,0
780,65,1,1,207,16,0,2,0,20,0,1,15,5,0,0,1,0,0,0,20,21,21,0.5786,0.1702,0.0000,10,1,0,0,recheck,0,still,0
780,107,2,1,311,20,1,2,0,22,0,1,15,7,0,0,4,0,0,0,22,26,26,0.6962,0.2532,0.0000,14,1,0,0,recheck,0,still,0
780,143,1,1,66,19,1,3,0,24,0,1,14,10,0,0,1,0,0,0,24,25,25,0.6678,0.3673,0.0000,14,1,0,0,recheck,0,still,0
780,149,1,1,131,18,0,1,0,21,0,1,10,11,0,0,0,5,5,3,26,21,24,0.3823,0.3529,0.0000,9,1,0,0,recheck,0,still,0
780,166,2,0,-1,20,0,1,0,18,0,1,1,17,0,2,0,10,10,10,28,16,26,0.3486,0.3486,0.0000,10,1,0,0,,0,start_holder,0
781,40,1,1,48,16,1,2,0,15,0,1,7,8,0,0,1,5,5,5,20,16,21,0.4329,0.3607,0.0000,8,1,0,0,recheck,0,still,0
781,66,1,1,258,16,0,1,0,19,0,1,16,3,0,1,1,0,0,0,19,19,19,0.6728,0.1346,0.0000,11,1,0,0,recheck,0,still,0
781,88,1,1,227,22,0,1,0,25,0,1,8,17,0,0,0,2,2,2,27,25,27,0.6097,0.5379,0.0000,12,1,0,0,recheck,0,still,0
781,135,1,0,-1,25,0,2,0,24,0,1,5,19,0,1,0,6,6,5,30,23,28,0.4514,0.4514,0.0000,13,1,0,0,,0,start_holder,0
781,172,1,1,144,22,0,1,1,26,0,1,4,22,0,4,0,6,6,6,32,22,28,0.3723,0.3457,0.0000,10,1,0,0,recheck,0,still,0
782,3,2,1,81,15,0,1,0,10,0,1,2,8,0,0,0,8,8,8,18,10,18,0.3416,0.2795,0.0000,6,1,0,0,recheck,0,still,0
782,28,2,1,170,22,0,1,0,26,0,1,10,16,0,1,0,1,1,1,27,25,26,0.6557,0.5067,0.0000,14,1,0,0,recheck,0,still,0
782,113,1,1,75,15,0,2,0,12,0,1,3,9,0,2,0,10,10,9,22,10,19,0.3239,0.3239,0.0000,7,1,0,0,recheck,0,still,0
782,165,1,1,409,19,1,2,0,16,0,1,1,15,0,3,0,10,10,10,26,13,23,0.3484,0.3484,0.0000,10,1,0,0,recheck,0,still,0
784,138,1,1,235,21,0,1,0,27,0,1,10,17,0,2,0,2,2,1,29,25,26,0.5547,0.4491,0.0000,17,1,0,0,recheck,0,still,0
785,11,1,1,298,19,0,1,0,23,0,1,9,14,0,1,0,1,1,1,24,22,23,0.5503,0.5503,0.0000,10,1,0,0,recheck,0,still,0
786,9,1,1,136,21,0,1,0,23,0,1,11,12,0,0,0,2,2,2,25,23,25,0.4674,0.4674,0.0000,9,1,0,0,recheck,0,still,0
786,57,1,1,302,22,1,2,0,20,0,1,0,20,0,0,0,8,8,8,28,20,28,0.5719,0.5719,0.0000,11,1,0,0,recheck,0,still,0
786,102,2,0,-1,3,0,1,1,3,0,0,3,0,0,0,0,0,0,0,3,3,3,0.0989,0.0000,0.0000,3,0,0,0,,0,hop,1
786,115,2,1,268,15,0,1,0,16,0,1,7,9,0,0,0,8,8,7,24,16,23,0.3503,0.2964,0.0000,9,1,0,0,recheck,0,still,0
787,47,2,1,358,19,0,2,0,20,0,1,6,14,0,0,1,2,2,2,22,21,23,0.7138,0.5840,0.0000,13,1,0,1,recheck,0,still,0
787,128,1,1,381,21,0,1,1,19,0,1,0,19,0,2,0,10,10,9,29,17,26,0.3482,0.3482,0.0000,9,1,0,0,recheck,0,still,0
788,19,3,1,415,20,0,2,0,16,0,1,0,16,0,0,0,10,10,10,26,16,26,0.5055,0.5055,0.0000,12,1,0,0,recheck,0,still,0
788,49,2,1,369,17,1,4,0,21,0,1,4,17,0,0,0,3,3,3,24,21,24,0.6571,0.5585,0.0000,11,1,0,0,recheck,0,still,0
788,117,3,1,248,19,0,1,0,23,0,1,10,13,0,0,0,4,4,4,27,23,27,0.3648,0.3404,0.0000,10,1,0,0,recheck,0,still,0
789,7,2,1,154,18,0,1,0,22,0,1,10,12,0,0,0,3,3,3,25,22,25,0.3900,0.3250,0.0000,8,1,0,0,recheck,0,still,0
789,50,1,0,-1,18,1,3,0,19,0,1,2,17,0,0,0,2,2,3,21,19,22,0.5804,0.5441,0.0000,9,1,0,0,,0,start_holder,0
791,15,1,1,333,17,3,4,0,17,0,1,3,14,0,0,0,4,4,4,21,17,21,0.6097,0.5380,0.0000,10,1,0,0,period_end,0,still,0
791,32,1,1,222,15,0,1,0,18,0,1,17,1,0,0,0,0,0,0,18,18,18,0.6614,0.0735,0.0000,9,1,0,0,recheck,0,still,0
791,44,1,1,373,18,0,2,0,21,0,1,8,13,0,0,0,1,1,1,22,21,22,0.4806,0.4806,0.0000,9,1,0,0,recheck,0,still,0
791,91,1,1,232,18,2,3,0,25,0,1,12,13,0,2,0,0,0,1,25,23,24,0.6675,0.4673,0.0000,14,1,0,0,recheck,0,still,0
791,109,2,1,335,13,3,5,0,16,0,0,16,0,0,0,0,0,0,0,16,16,16,0.7433,0.0000,0.0000,12,0,0,1,recheck,0,still,0
791,111,1,0,-1,4,1,2,0,5,0,0,5,0,0,0,0,0,0,0,5,5,5,0.1847,0.0000,0.0000,4,0,0,0,,0,pending,0
791,127,1,1,376,19,0,2,1,16,0,1,1,15,0,3,0,10,10,10,26,13,23,0.3505,0.3505,0.0000,9,1,0,0,recheck,0,still,0
791,154,2,1,159,19,0,1,0,15,0,1,4,11,0,2,0,10,10,10,25,13,23,0.3452,0.3452,0.0000,9,1,0,0,recheck,0,still,0
791,180,1,0,-1,21,0,1,0,28,0,1,11,17,0,3,0,1,1,1,29,25,26,0.4745,0.3163,0.0000,14,1,0,0,,0,start_holder,0
792,103,1,0,-1,7,1,2,0,8,0,0,8,0,0,0,1,0,0,0,8,9,9,0.3262,0.0000,0.0000,6,0,0,0,,0,hop,1
792,111,1,0,-1,4,1,2,0,5,0,0,5,0,0,0,0,0,0,0,5,5,5,0.1847,0.0000,0.0000,4,0,0,0,,0,hop,1
792,118,3,1,297,20,0,1,0,23,0,1,9,14,0,0,0,3,3,3,26,23,26,0.3999,0.2999,0.0000,11,1,0,0,recheck,0,still,0
792,130,1,1,332,16,2,4,0,16,0,1,3,13,0,0,0,4,4,4,20,16,20,0.5818,0.5091,0.0000,9,1,0,0,period_end,0,still,0
792,157,2,1,95,18,0,1,0,15,0,1,5,10,0,1,0,9,9,9,24,14,23,0.3241,0.2431,0.0000,7,1,0,0,recheck,0,still,0
792,158,1,1,49,18,0,1,0,14,0,1,4,10,0,1,0,9,9,9,23,13,22,0.3173,0.1730,0.0000,7,1,0,0,recheck,0,still,0
792,189,1,1,210,15,0,2,0,14,0,1,3,11,0,3,0,9,9,9,23,11,20,0.4120,0.4120,0.0000,11,1,0,0,recheck,0,still,0
793,21,2,1,420,21,0,2,0,16,0,1,0,16,0,0,0,10,10,10,26,16,26,0.5446,0.5446,0.0000,12,1,0,0,recheck,0,still,0
793,161,2,1,231,19,0,1,0,23,0,1,3,20,0,1,0,3,3,3,26,22,25,0.4284,0.3528,0.0000,10,1,0,0,recheck,0,still,0
793,181,1,1,52,20,0,1,1,28,0,1,14,14,0,2,0,0,0,0,28,26,26,0.4736,0.2631,0.0000,12,1,0,0,recheck,0,still,0
794,54,2,1,321,19,1,2,0,15,0,1,0,15,0,0,0,10,10,10,25,15,25,0.5752,0.5752,0.0000,12,1,0,0,period_end,0,still,0
794,76,3,1,353,18,0,1,0,18,0,1,3,15,0,0,2,4,4,4,22,20,24,0.5953,0.5357,0.0000,12,1,0,0,period_end,0,still,0
794,92,1,1,329,18,0,1,0,20,0,1,14,6,0,0,2,0,0,0,20,22,22,0.6258,0.2086,0.0000,11,1,0,0,recheck,0,still,0
794,146,2,1,182,14,0,2,0,13,0,1,5,8,0,0,0,8,8,8,21,13,21,0.3493,0.2994,0.0000,9,1,0,0,recheck,0,still,0
795,17,3,1,347,18,0,2,0,14,0,1,1,13,0,0,0,9,9,9,23,14,23,0.5340,0.5044,0.0000,12,1,0,0,period_end,0,still,0
795,56,1,1,342,22,0,1,0,17,0,1,0,17,0,0,0,9,9,9,26,17,26,0.5263,0.5263,0.0000,11,1,0,0,recheck,0,still,0
795,72,2,1,98,19,0,1,0,14,0,1,4,10,0,0,0,9,9,9,23,14,23,0.3782,0.1891,0.0000,8,1,0,0,recheck,0,still,0
795,84,1,1,345,22,0,2,0,19,0,1,0,19,0,0,0,7,7,8,26,19,27,0.5318,0.5318,0.0000,10,1,0,0,recheck,0,still,0
795,114,1,1,59,13,1,2,0,10,0,1,2,8,0,0,0,9,9,8,19,10,18,0.3517,0.2931,0.0000,7,1,0,0,recheck,0,still,0
795,130,1,1,335,16,2,4,0,16,0,1,3,13,0,0,0,4,4,4,20,16,20,0.5816,0.5089,0.0000,9,1,0,0,recheck,0,still,0
796,31,2,1,145,20,1,2,0,24,0,1,15,9,0,0,2,0,0,0,24,26,26,0.6266,0.2968,0.0000,12,1,0,0,recheck,0,still,0
796,92,1,1,331,18,0,1,0,20,0,1,14,6,0,0,2,0,0,0,20,22,22,0.6256,0.2085,0.0000,11,1,0,0,period_end,0,still,0
796,153,1,1,123,17,0,2,0,12,0,1,3,9,0,2,2,9,9,8,21,12,20,0.2896,0.2896,0.0000,7,1,0,0,recheck,0,still,0
797,13,2,1,231,18,1,2,0,19,0,1,5,14,0,0,1,2,2,2,21,20,22,0.6266,0.5936,0.0000,12,1,0,0,recheck,0,still,0
797,142,2,0,-1,19,0,2,0,19,0,1,3,16,0,0,0,4,4,4,23,19,23,0.6019,0.5718,0.0000,12,1,0,0,,0,start_holder,0
797,159,1,1,43,11,2,3,0,8,0,1,4,4,0,0,0,6,6,6,14,8,14,0.1742,0.0871,0.0000,4,1,0,0,recheck,0,still,0
798,51,1,1,390,17,0,3,0,18,0,1,2,16,0,2,1,3,3,4,21,17,21,0.5972,0.5269,0.0000,10,1,0,0,recheck,0,still,0
798,62,2,1,330,22,0,1,0,25,0,1,12,13,0,0,1,1,1,1,26,26,27,0.6411,0.4488,0.0000,14,1,0,0,recheck,0,still,0
798,67,2,0,-1,15,4,5,0,18,0,1,16,2,0,0,1,0,0,0,18,19,19,0.6548,0.0982,0.0000,11,0,1,0,,0,hop,1
798,116,2,1,79,17,0,1,0,20,0,1,9,11,0,0,0,7,7,6,27,20,26,0.4304,0.3766,0.0000,10,1,0,0,recheck,0,still,0
798,168,1,1,161,21,0,1,1,23,0,1,1,22,0,2,0,9,9,7,32,21,28,0.3473,0.3473,0.0000,9,1,0,0,recheck,0,still,0
799,57,1,1,315,22,1,2,0,20,0,1,0,20,0,0,0,8,8,8,28,20,28,0.5719,0.5719,0.0000,11,1,0,0,period_end,0,still,0
799,89,1,1,247,23,1,2,0,25,0,1,8,17,0,0,0,1,1,2,26,25,27,0.7095,0.6385,0.0000,14,1,0,1,recheck,0,still,0
799,169,1,1,360,17,1,2,0,17,0,1,3,14,0,0,1,2,2,2,19,18,20,0.6710,0.6357,0.0000,10,1,0,0,recheck,0,still,0
799,171,1,1,313,20,1,2,0,25,0,1,1,24,0,3,0,8,8,7,33,22,29,0.3695,0.3695,0.0000,11,1,0,0,period_end,0,still,0
800,29,2,1,208,19,0,1,0,26,0,1,13,13,0,1,0,0,0,0,26,25,25,0.6108,0.4276,0.0000,13,1,0,0,recheck,0,still,0
800,54,2,1,327,19,1,2,0,15,0,1,0,15,0,0,0,10,10,10,25,15,25,0.5753,0.5753,0.0000,12,1,0,0,recheck,0,still,0
800,77,3,1,238,18,0,4,0,21,0,1,3,18,0,1,0,5,5,5,26,20,25,0.5779,0.5201,0.0000,12,1,0,0,recheck,0,still,0
800,108,1,1,270,16,0,2,0,18,0,1,15,3,0,0,1,0,0,0,18,19,19,0.6653,0.1401,0.0000,11,1,0,0,recheck,0,still,0
800,132,1,1,287,20,0,1,0,23,0,1,14,9,0,0,2,0,0,0,23,25,25,0.6442,0.3221,0.0000,12,1,0,0,recheck,0,still,0
800,188,1,1,167,16,1,2,0,13,0,1,3,10,0,2,0,11,11,9,24,11,20,0.4090,0.4090,0.0000,10,1,0,0,recheck,0,still,0
801,145,1,1,209,14,1,2,0,13,0,1,3,10,0,2,0,9,9,8,22,11,19,0.4185,0.3627,0.0000,9,1,0,0,recheck,0,still,0
802,131,1,1,345,19,0,2,1,25,0,1,1,24,0,3,0,8,8,7,33,22,29,0.3202,0.3202,0.0000,8,1,0,0,recheck,0,still,0
803,4,2,1,169,15,0,1,0,15,0,1,5,10,0,0,0,7,7,7,22,15,22,0.3714,0.3095,0.0000,8,1,0,0,recheck,0,still,0
803,58,1,1,357,19,2,3,0,21,0,1,1,20,0,0,0,7,7,7,28,21,28,0.5407,0.5407,0.0000,9,1,0,0,recheck,0,still,0
804,15,1,1,346,17,3,4,0,15,0,1,3,12,0,0,0,6,6,6,21,15,21,0.6096,0.5378,0.0000,10,1,0,0,recheck,0,still,0
804,83,1,1,472,20,0,1,0,16,0,1,0,16,0,0,0,10,10,11,26,16,27,0.5681,0.5681,0.0000,11,1,0,0,recheck,0,still,0
804,160,1,0,-1,2,0,3,1,1,0,0,1,0,0,0,1,0,0,0,1,2,2,0.0370,0.0000,0.0000,1,0,0,0,,0,pending,0
804,163,1,1,339,17,0,1,0,21,0,1,3,18,0,5,0,5,5,5,26,16,21,0.3792,0.2980,0.0000,8,1,0,0,period_end,0,still,0
804,170,2,1,441,17,0,1,0,17,0,1,3,14,0,0,0,6,6,6,23,17,23,0.5646,0.5019,0.0000,11,1,0,0,recheck,0,still,0
805,26,3,1,137,24,0,2,0,26,0,1,8,18,0,0,0,3,3,3,29,26,29,0.5741,0.5167,0.0000,14,1,0,0,recheck,0,still,0
805,76,3,1,364,18,0,1,0,17,0,1,3,14,0,0,2,5,5,5,22,19,24,0.5953,0.5357,0.0000,12,1,0,0,recheck,0,still,0
805,85,1,1,475,20,0,2,0,20,0,1,1,19,0,0,0,6,6,7,26,20,27,0.5716,0.5716,0.0000,10,1,0,0,recheck,0,still,0
805,87,1,1,225,24,1,2,0,22,0,1,4,18,0,0,1,4,4,4,26,23,27,0.5981,0.5981,0.0000,11,1,0,0,recheck,0,still,0
805,160,1,0,-1,2,0,3,1,1,0,0,1,0,0,0,1,0,0,0,1,2,2,0.0370,0.0000,0.0000,1,0,0,0,,0,hop,1
806,79,1,1,324,18,1,2,0,14,0,1,1,13,0,0,1,6,6,6,20,15,21,0.5591,0.5241,0.0000,9,1,0,0,recheck,0,still,0
806,90,1,1,290,21,0,1,1,25,0,1,9,16,0,2,1,1,1,1,26,24,25,0.7335,0.5668,0.0000,15,1,0,1,recheck,0,still,0
806,95,1,1,77,18,0,2,0,12,0,1,3,9,0,0,0,8,8,9,20,12,21,0.3973,0.2889,0.0000,7,1,0,0,recheck,0,still,0
806,136,2,0,-1,14,0,6,0,16,0,0,16,0,0,0,0,0,0,0,16,16,16,0.5616,0.0000,0.0000,11,0,0,0,,0,hop,1
806,163,1,1,341,17,0,1,0,21,0,1,3,18,0,5,0,5,5,5,26,16,21,0.3792,0.2980,0.0000,8,1,0,0,recheck,0,still,0
806,171,1,1,320,20,1,2,0,24,0,1,1,23,0,2,0,9,9,7,33,22,29,0.3695,0.3695,0.0000,11,1,0,0,recheck,0,still,0
807,12,2,1,392,18,0,1,0,21,0,1,6,15,0,0,0,1,1,2,22,21,23,0.4234,0.4234,0.0000,8,1,0,0,recheck,0,still,0
807,14,1,1,351,19,0,1,0,17,0,1,3,14,0,0,2,2,2,2,19,19,21,0.5910,0.5541,0.0000,10,1,0,0,recheck,0,still,0
807,86,1,1,387,23,0,3,0,23,0,1,3,20,0,0,1,3,3,3,26,24,27,0.5383,0.5383,0.0000,9,1,0,0,recheck,0,still,0
807,174,1,1,218,16,0,1,1,20,0,1,14,6,0,1,1,0,0,0,20,20,20,0.6230,0.1640,0.0000,11,1,0,0,recheck,0,still,0
808,1,1,1,65,19,0,1,0,13,0,1,3,10,0,0,0,9,9,9,22,13,22,0.4285,0.3214,0.0000,7,1,0,0,recheck,0,still,0
808,25,2,1,493,22,1,3,0,28,0,1,4,24,0,0,0,2,2,2,30,28,30,0.5780,0.5780,0.0000,11,1,0,0,recheck,0,still,0
808,79,1,1,326,18,1,2,0,15,0,1,1,14,0,0,1,5,5,5,20,16,21,0.5593,0.5243,0.0000,9,1,0,0,period_end,0,still,0
808,195,1,1,163,17,1,2,0,14,0,1,3,11,0,2,0,10,10,9,24,12,21,0.3450,0.3450,0.0000,10,1,0,0,recheck,0,still,0
809,10,1,1,354,19,1,2,0,23,0,1,8,15,0,1,0,1,1,1,24,22,23,0.5583,0.5583,0.0000,11,1,0,0,recheck,0,still,0
809,17,3,1,361,18,0,2,0,16,0,1,1,15,0,0,0,7,7,7,23,16,23,0.5336,0.5039,0.0000,12,1,0,0,recheck,0,still,0
809,97,3,0,-1,6,3,5,0,7,0,0,7,0,0,0,0,0,0,0,7,7,7,0.2087,0.0000,0.0000,6,0,0,0,,0,pending,0
809,126,2,0,-1,19,0,1,1,18,0,1,1,17,0,2,0,6,6,6,24,16,22,0.3513,0.3513,0.0000,10,1,0,0,,0,start_holder,0
809,199,1,1,99,14,1,3,0,9,0,1,4,5,0,0,0,8,8,8,17,9,17,0.2621,0.1747,0.0000,6,1,0,0,recheck,0,still,0
810,5,2,1,178,17,0,1,0,18,0,1,7,11,0,0,0,6,6,6,24,18,24,0.4003,0.3387,0.0000,9,1,0,0,recheck,0,still,0
810,6,2,1,179,17,0,2,0,22,0,1,9,13,0,0,0,4,4,4,26,22,26,0.3627,0.3022,0.0000,8,1,0,0,recheck,0,still,0
810,23,2,1,242,21,1,2,0,26,0,1,1,25,0,0,1,3,3,3,29,27,30,0.5268,0.5268,0.0000,10,1,0,0,recheck,0,still,0
810,65,1,1,237,16,0,2,0,20,0,1,15,5,0,0,1,0,0,0,20,21,21,0.5773,0.1698,0.0000,10,1,0,0,recheck,0,still,0
810,97,3,0,-1,6,3,5,0,7,0,0,7,0,0,0,0,0,0,0,7,7,7,0.2087,0.0000,0.0000,6,0,0,0,,0,hop,1
810,107,2,1,341,20,1,2,0,21,0,1,14,7,0,0,4,0,0,0,21,25,25,0.6965,0.2533,0.0000,14,1,0,0,recheck,0,still,0
810,143,1,1,96,19,1,3,0,24,0,1,14,10,0,0,1,0,0,0,24,25,25,0.7714,0.4360,0.0000,15,1,0,1,recheck,0,still,0
810,149,1,1,161,19,0,1,0,21,0,1,9,12,0,0,0,4,4,3,25,21,24,0.3529,0.3235,0.0000,8,1,0,0,recheck,0,still,0
811,14,1,1,355,19,0,1,0,17,0,1,3,14,0,0,2,2,2,2,19,19,21,0.5910,0.5541,0.0000,10,1,0,0,period_end,0,still,0
811,40,1,1,78,16,1,2,0,15,0,1,7,8,0,0,1,5,5,5,20,16,21,0.4329,0.3607,0.0000,8,1,0,0,recheck,0,still,0
811,66,1,1,288,16,0,1,0,19,0,1,16,3,0,1,1,0,0,0,19,19,19,0.6729,0.1346,0.0000,11,1,0,0,recheck,0,still,0
811,88,1,1,257,22,0,1,0,24,0,1,6,18,0,0,0,2,2,2,26,24,26,0.5731,0.5015,0.0000,11,1,0,0,recheck,0,still,0
811,172,1,1,174,22,0,1,1,28,0,1,3,25,0,4,0,4,4,4,32,24,28,0.3723,0.3723,0.0000,10,1,0,0,recheck,0,still,0
812,3,2,1,111,15,0,1,0,10,0,1,2,8,0,0,0,8,8,8,18,10,18,0.3416,0.2795,0.0000,6,1,0,0,recheck,0,still,0
812,28,2,1,200,22,0,2,0,26,0,1,10,16,0,1,0,1,1,1,27,25,26,0.6575,0.5081,0.0000,14,1,0,0,recheck,0,still,0
812,113,1,1,105,15,0,2,0,12,0,1,3,9,0,2,0,10,10,9,22,10,19,0.3239,0.3239,0.0000,7,1,0,0,recheck,0,still,0
812,165,1,1,439,19,1,2,0,16,0,1,1,15,0,3,0,9,9,9,25,13,22,0.3483,0.3483,0.0000,10,1,0,0,recheck,0,still,0
814,138,1,1,265,21,0,1,0,28,0,1,9,19,0,3,0,1,1,1,29,25,26,0.5547,0.4755,0.0000,17,1,0,0,recheck,0,still,0
815,11,1,1,328,19,0,1,0,23,0,1,7,16,0,1,0,1,1,1,24,22,23,0.5503,0.5503,0.0000,10,1,0,0,recheck,0,still,0
815,135,1,1,34,25,0,2,0,27,0,1,4,23,0,2,0,3,3,3,30,25,28,0.4780,0.4780,0.0000,14,1,0,0,recheck,0,still,0
816,9,1,1,166,21,0,1,0,24,0,1,9,15,0,1,0,2,2,2,26,23,25,0.4674,0.4674,0.0000,9,1,0,0,recheck,0,still,0
816,57,1,1,332,22,1,2,0,21,0,1,0,21,0,0,0,7,7,7,28,21,28,0.5719,0.5719,0.0000,11,1,0,0,recheck,0,still,0
816,115,2,1,298,15,0,1,0,16,0,1,7,9,0,0,0,8,8,7,24,16,23,0.3503,0.2964,0.0000,9,1,0,0,recheck,0,still,0
816,177,1,1,46,22,0,1,1,28,0,1,7,21,0,3,0,2,2,2,30,25,27,0.4765,0.4765,0.0000,14,1,0,0,recheck,0,still,0
817,47,2,1,388,19,0,2,0,20,0,1,3,17,0,0,1,2,2,2,22,21,23,0.6804,0.6480,0.0000,12,1,0,0,recheck,0,still,0
817,128,1,1,411,21,0,1,1,21,0,1,0,21,0,2,0,9,9,8,30,19,27,0.3482,0.3482,0.0000,9,1,0,0,recheck,0,still,0
818,19,3,1,445,20,0,2,0,16,0,1,0,16,0,0,0,9,9,9,25,16,25,0.5048,0.5048,0.0000,12,1,0,0,recheck,0,still,0
818,49,2,1,399,17,1,4,0,17,0,1,2,15,0,0,0,7,7,7,24,17,24,0.6557,0.5902,0.0000,11,1,0,0,recheck,0,still,0
818,55,2,1,56,20,0,1,0,18,0,1,0,18,0,0,0,9,9,9,27,18,27,0.5165,0.5165,0.0000,12,1,0,0,recheck,0,still,0
818,117,3,1,278,19,0,1,0,23,0,1,9,14,0,0,0,4,4,4,27,23,27,0.3652,0.3408,0.0000,10,1,0,0,recheck,0,still,0
819,7,2,1,184,18,0,1,0,22,0,1,9,13,0,0,0,3,3,3,25,22,25,0.3900,0.3250,0.0000,8,1,0,0,recheck,0,still,0
819,110,1,0,-1,12,0,5,0,15,0,0,15,0,0,0,0,0,0,0,15,15,15,0.6904,0.0000,0.0000,10,0,0,0,,0,pending,0
820,34,1,0,-1,9,0,2,1,9,0,0,9,0,0,0,1,0,0,0,9,10,10,0.3695,0.0000,0.0000,7,0,0,0,,0,hop,1
820,110,1,0,-1,12,1,6,0,15,0,0,15,0,0,0,0,0,0,0,15,15,15,0.6904,0.0000,0.0000,10,0,0,0,,0,hop,1
821,32,1,1,252,15,0,1,0,17,0,1,16,1,0,0,0,0,0,0,17,17,17,0.6629,0.0737,0.0000,9,1,0,0,recheck,0,still,0
821,44,1,1,403,18,0,2,0,21,0,1,7,14,0,0,0,1,1,1,22,21,22,0.4811,0.4811,0.0000,9,1,0,0,recheck,0,still,0
821,91,1,1,262,20,2,3,0,24,0,1,11,13,0,1,1,0,0,1,24,24,25,0.6592,0.4614,0.0000,14,1,0,0,recheck,0,still,0
821,109,2,1,365,12,3,6,0,16,0,0,16,0,0,0,0,0,0,0,16,16,16,0.7434,0.0000,0.0000,12,0,0,1,recheck,0,still,0
821,123,2,1,49,16,0,3,0,12,0,1,4,8,0,0,0,9,9,9,21,12,21,0.3550,0.1912,0.0000,9,1,0,0,recheck,0,still,0
821,127,1,1,406,19,0,2,1,17,0,1,1,16,0,3,0,9,9,9,26,14,23,0.3505,0.3505,0.0000,9,1,0,0,recheck,0,still,0
821,154,2,1,189,19,0,1,0,15,0,1,4,11,0,2,0,10,10,10,25,13,23,0.3452,0.3452,0.0000,9,1,0,0,recheck,0,still,0
822,118,3,1,327,20,0,1,0,23,0,1,8,15,0,0,0,3,3,3,26,23,26,0.3999,0.2999,0.0000,11,1,0,0,recheck,0,still,0
822,157,2,1,125,18,0,1,0,15,0,1,5,10,0,1,0,9,9,9,24,14,23,0.3241,0.2431,0.0000,7,1,0,0,recheck,0,still,0
822,158,1,1,79,18,0,1,0,14,0,1,4,10,0,1,0,9,9,9,23,13,22,0.3173,0.1730,0.0000,7,1,0,0,recheck,0,still,0
822,189,1,1,240,15,0,2,0,14,0,1,3,11,0,3,0,9,9,9,23,11,20,0.4121,0.4121,0.0000,11,1,0,0,recheck,0,still,0
823,21,2,1,450,21,0,2,0,16,0,1,0,16,0,0,0,10,10,10,26,16,26,0.5446,0.5446,0.0000,12,1,0,0,recheck,0,still,0
823,80,1,0,-1,18,1,2,0,12,0,1,0,12,0,0,0,8,8,8,20,12,20,0.5711,0.5711,0.0000,10,1,0,0,,0,start_holder,0
823,161,2,1,261,19,0,1,0,19,0,1,1,18,0,1,0,7,7,7,26,18,25,0.4284,0.4032,0.0000,10,1,0,0,recheck,0,still,0
823,181,1,1,82,20,0,1,1,28,0,1,14,14,0,2,0,0,0,0,28,26,26,0.4736,0.2631,0.0000,12,1,0,0,recheck,0,still,0
824,92,1,1,359,18,0,1,0,20,0,1,14,6,0,0,2,0,0,0,20,22,22,0.6249,0.2083,0.0000,11,1,0,0,recheck,0,still,0
824,118,3,1,329,20,0,1,0,23,0,1,8,15,0,0,0,3,3,3,26,23,26,0.3999,0.2999,0.0000,11,1,0,0,period_end,0,still,0
824,146,2,1,212,14,0,2,0,14,0,1,5,9,0,0,0,8,8,8,22,14,22,0.3494,0.2995,0.0000,9,1,0,0,recheck,0,still,0
825,56,1,1,372,22,0,1,0,18,0,1,0,18,0,0,0,8,8,8,26,18,26,0.5263,0.5263,0.0000,11,1,0,0,recheck,0,still,0
825,72,2,1,128,19,0,1,0,13,0,1,4,9,0,0,0,10,10,10,23,13,23,0.3743,0.1871,0.0000,8,1,0,0,recheck,0,still,0
825,84,1,1,375,22,0,2,0,22,0,1,1,21,0,0,0,5,5,6,27,22,28,0.5318,0.5318,0.0000,10,1,0,0,recheck,0,still,0
825,114,1,1,89,13,1,2,0,10,0,1,2,8,0,0,0,9,9,8,19,10,18,0.3517,0.2931,0.0000,7,1,0,0,recheck,0,still,0
825,130,1,1,365,16,2,4,0,14,0,1,1,13,0,0,0,6,6,6,20,14,20,0.5793,0.5431,0.0000,9,1,0,0,recheck,0,still,0
826,31,2,1,175,20,1,2,0,23,0,1,15,8,0,0,2,0,0,0,23,25,25,0.6266,0.2968,0.0000,12,1,0,0,recheck,0,still,0
826,62,2,1,358,22,0,1,0,24,0,1,12,12,0,0,2,1,1,1,25,26,27,0.5762,0.4161,0.0000,12,1,0,0,period_end,0,still,0
826,107,2,1,357,20,1,2,0,21,0,1,14,7,0,0,4,0,0,0,21,25,25,0.6966,0.2533,0.0000,14,1,0,0,period_end,0,still,0
826,153,1,1,153,17,0,2,0,12,0,1,3,9,0,2,2,9,9,8,21,12,20,0.2896,0.2896,0.0000,7,1,0,0,recheck,0,still,0
826,180,1,1,35,21,0,1,0,28,0,1,11,17,0,3,0,1,1,1,29,25,26,0.5272,0.3163,0.0000,15,1,0,0,recheck,0,still,0
827,13,2,1,261,18,1,2,0,19,0,1,3,16,0,0,1,2,2,2,21,20,22,0.6266,0.5936,0.0000,12,1,0,0,recheck,0,still,0
827,66,1,1,304,16,0,1,0,19,0,1,16,3,0,1,1,0,0,0,19,19,19,0.6735,0.1347,0.0000,11,1,0,0,period_end,0,still,0
827,159,1,1,73,11,2,3,0,6,0,1,4,2,0,0,0,8,8,8,14,6,14,0.1742,0.0871,0.0000,4,1,0,0,recheck,0,still,0
828,51,1,1,420,17,0,3,0,14,0,1,1,13,0,2,1,7,7,8,21,13,21,0.5968,0.5617,0.0000,10,1,0,0,recheck,0,still,0
828,62,2,1,360,22,0,1,0,24,0,1,12,12,0,0,2,1,1,1,25,26,27,0.5762,0.4161,0.0000,12,1,0,0,recheck,0,still,0
828,115,2,1,310,15,0,1,0,16,0,1,7,9,0,0,0,8,8,7,24,16,23,0.3503,0.2964,0.0000,9,1,0,0,period_end,0,still,0
828,116,2,1,109,17,0,1,0,20,0,1,9,11,0,0,0,7,7,6,27,20,26,0.4304,0.3766,0.0000,10,1,0,0,recheck,0,still,0
828,168,1,1,191,21,0,1,1,23,0,1,1,22,0,1,0,9,9,6,32,22,28,0.3473,0.3473,0.0000,9,1,0,0,recheck,0,still,0
829,89,1,1,277,23,1,2,0,24,0,1,8,16,0,0,0,2,2,3,26,24,27,0.7150,0.6435,0.0000,14,1,0,1,recheck,0,still,0
829,166,2,1,49,20,0,1,0,19,0,1,0,19,0,2,0,10,10,10,29,17,27,0.3487,0.3487,0.0000,10,1,0,0,recheck,0,still,0
829,169,1,1,390,17,1,2,0,17,0,1,1,16,0,0,1,2,2,2,19,18,20,0.6714,0.6360,0.0000,10,1,0,0,recheck,0,still,0
830,29,2,1,238,19,0,1,0,26,0,1,13,13,0,1,0,0,0,0,26,25,25,0.6142,0.4299,0.0000,13,1,0,0,recheck,0,still,0
830,54,2,1,357,19,1,2,0,16,0,1,0,16,0,0,0,9,9,9,25,16,25,0.5754,0.5754,0.0000,12,1,0,0,recheck,0,still,0
830,77,3,1,268,18,0,4,0,17,0,1,1,16,0,1,0,9,9,9,26,16,25,0.5777,0.5488,0.0000,12,1,0,0,recheck,0,still,0
830,108,1,1,300,16,0,2,0,18,0,1,15,3,0,0,1,0,0,0,18,19,19,0.6326,0.1406,0.0000,10,1,0,0,recheck,0,still,0
830,132,1,1,317,20,0,1,0,23,0,1,14,9,0,0,2,0,0,0,23,25,25,0.6445,0.3222,0.0000,12,1,0,0,recheck,0,still,0
830,188,1,1,197,16,1,2,0,12,0,1,3,9,0,2,0,12,12,10,24,10,20,0.4090,0.4090,0.0000,10,1,0,0,recheck,0,still,0
831,145,1,1,239,14,1,2,0,12,0,1,2,10,0,2,0,9,9,8,21,10,18,0.4185,0.3627,0.0000,9,1,0,0,recheck,0,still,0
831,176,1,1,54,25,1,2,0,26,0,1,4,22,0,2,0,4,4,4,30,24,28,0.4902,0.4902,0.0000,16,1,0,0,recheck,0,still,0
832,8,2,0,-1,19,0,1,0,15,0,1,8,7,0,0,0,10,10,10,25,15,25,0.4545,0.4545,0.0000,10,1,0,0,,0,start_holder,0
832,131,1,1,375,19,0,2,1,25,0,1,1,24,0,2,0,8,8,6,33,23,29,0.3202,0.3202,0.0000,8,1,0,0,recheck,0,still,0
833,4,2,1,199,15,0,1,0,11,0,1,4,7,0,0,0,11,11,11,22,11,22,0.3714,0.3714,0.0000,8,1,0,0,recheck,0,still,0
833,58,1,1,387,19,2,3,0,22,0,1,1,21,0,0,0,6,6,6,28,22,28,0.5415,0.5415,0.0000,9,1,0,0,recheck,0,still,0
834,15,1,1,376,17,3,4,0,14,0,1,1,13,0,0,0,7,7,7,21,14,21,0.6091,0.5733,0.0000,10,1,0,0,recheck,0,still,0
834,83,1,1,502,20,0,1,0,18,0,1,0,18,0,0,0,8,8,9,26,18,27,0.5677,0.5677,0.0000,11,1,0,0,recheck,0,still,0
834,170,2,1,471,17,0,1,0,15,0,1,1,14,0,0,0,8,8,8,23,15,23,0.5646,0.5332,0.0000,11,1,0,0,recheck,0,still,0
835,26,3,1,167,24,0,2,0,26,0,1,8,18,0,0,0,3,3,3,29,26,29,0.5748,0.5173,0.0000,14,1,0,0,recheck,0,still,0
835,76,3,1,394,18,0,1,0,16,0,1,1,15,0,0,2,6,6,6,22,18,24,0.5952,0.5655,0.0000,12,1,0,0,recheck,0,still,0
835,85,1,1,505,21,0,2,0,21,0,1,1,20,0,0,0,5,5,6,26,21,27,0.5717,0.5717,0.0000,10,1,0,0,recheck,0,still,0
835,87,1,1,255,24,1,2,0,23,0,1,4,19,0,0,0,3,3,4,26,23,27,0.5985,0.5985,0.0000,11,1,0,0,recheck,0,still,0
836,2,1,0,-1,16,0,1,0,11,0,1,0,11,0,0,0,10,10,9,21,11,20,0.3785,0.3785,0.0000,6,1,0,0,,0,start_holder,0
836,79,1,1,354,18,1,2,0,11,0,1,0,11,0,0,1,9,9,9,20,12,21,0.5596,0.5596,0.0000,9,1,0,0,recheck,0,still,0
836,90,1,1,320,23,0,1,1,24,0,1,8,16,0,0,0,1,1,2,25,24,26,0.7434,0.5745,0.0000,15,1,0,1,recheck,0,still,0
836,95,1,1,107,18,0,2,0,12,0,1,1,11,0,0,0,8,8,9,20,12,21,0.3977,0.2892,0.0000,7,1,0,0,recheck,0,still,0
836,163,1,1,371,17,0,1,0,17,0,1,1,16,0,5,0,9,9,9,26,12,21,0.3792,0.3792,0.0000,8,1,0,0,recheck,0,still,0
836,171,1,1,350,20,1,2,0,25,0,1,1,24,0,2,0,8,8,6,33,23,29,0.3695,0.3695,0.0000,11,1,0,0,recheck,0,still,0
837,12,2,1,422,18,0,1,0,19,0,1,5,14,0,0,0,3,3,4,22,19,23,0.4235,0.4235,0.0000,8,1,0,0,recheck,0,still,0
837,14,1,1,381,19,0,1,0,17,0,1,2,15,0,0,1,2,2,3,19,18,21,0.5910,0.5541,0.0000,10,1,0,0,recheck,0,still,0
837,86,1,1,417,23,0,3,0,22,0,1,3,19,0,0,0,4,4,5,26,22,27,0.5390,0.5390,0.0000,9,1,0,0,recheck,0,still,0
837,174,1,1,248,16,0,1,1,20,0,1,14,6,0,1,1,0,0,0,20,20,20,0.6234,0.1640,0.0000,11,1,0,0,recheck,0,still,0
838,1,1,1,95,19,0,1,0,13,0,1,1,12,0,0,0,9,9,9,22,13,22,0.4285,0.3571,0.0000,7,1,0,0,recheck,0,still,0
838,25,2,1,523,22,1,3,0,25,0,1,4,21,0,0,0,5,5,5,30,25,30,0.5755,0.5755,0.0000,11,1,0,0,recheck,0,still,0
838,195,1,1,193,17,1,2,0,14,0,1,1,13,0,2,0,10,10,9,24,12,21,0.3451,0.3451,0.0000,10,1,0,0,recheck,0,still,0
839,10,1,1,384,19,1,2,0,19,0,1,8,11,0,1,0,5,5,5,24,18,23,0.5583,0.5583,0.0000,11,1,0,0,recheck,0,still,0
839,17,3,1,391,18,0,2,0,12,0,1,0,12,0,0,0,11,11,11,23,12,23,0.5324,0.5324,0.0000,12,1,0,0,recheck,0,still,0
839,199,1,1,129,14,1,3,0,9,0,1,3,6,0,0,0,8,8,8,17,9,17,0.2621,0.1747,0.0000,6,1,0,0,recheck,0,still,0
840,5,2,1,208,17,0,1,0,14,0,1,6,8,0,0,0,10,10,10,24,14,24,0.4003,0.4003,0.0000,9,1,0,0,recheck,0,still,0
840,6,2,1,209,17,0,2,0,17,0,1,8,9,0,0,0,8,8,8,25,17,25,0.3627,0.3627,0.0000,8,1,0,0,recheck,0,still,0
840,11,1,1,353,19,0,1,0,20,0,1,7,13,0,1,0,4,4,4,24,19,23,0.5503,0.5503,0.0000,10,1,0,0,period_end,0,still,0
840,23,2,1,272,21,1,2,0,23,0,1,1,22,0,0,1,6,6,6,29,24,30,0.5232,0.5232,0.0000,10,1,0,0,recheck,0,still,0
840,65,1,1,267,16,0,2,0,20,0,1,14,6,0,1,1,0,0,0,20,20,20,0.6108,0.2036,0.0000,11,1,0,0,recheck,0,still,0
840,107,2,1,371,20,1,2,0,21,0,1,14,7,0,0,4,0,0,0,21,25,25,0.6963,0.2532,0.0000,14,1,0,0,recheck,0,still,0
840,143,1,1,126,20,1,3,0,24,0,1,14,10,0,0,1,0,0,0,24,25,25,0.7090,0.3714,0.0000,14,1,0,1,recheck,0,still,0
840,149,1,1,191,19,0,1,0,17,0,1,8,9,0,0,0,8,8,7,25,17,24,0.3528,0.3234,0.0000,8,1,0,0,recheck,0,still,0
841,40,1,1,108,16,1,2,0,11,0,1,6,5,0,0,1,9,9,9,20,12,21,0.4329,0.4329,0.0000,8,1,0,0,recheck,0,still,0
841,66,1,1,318,16,0,1,0,18,0,1,16,2,0,0,1,0,0,0,18,19,19,0.6412,0.1012,0.0000,10,1,0,0,recheck,0,still,0
841,88,1,1,287,22,0,1,0,24,0,1,7,17,0,0,0,3,3,3,27,24,27,0.6454,0.5737,0.0000,12,1,0,0,recheck,0,still,0
841,172,1,1,204,22,0,1,1,26,0,1,3,23,0,3,0,5,5,5,31,23,28,0.3723,0.3723,0.0000,10,1,0,0,recheck,0,still,0
842,3,2,1,141,15,0,1,0,8,0,1,1,7,0,0,0,10,10,10,18,8,18,0.3416,0.3416,0.0000,6,1,0,0,recheck,0,still,0
842,28,2,1,230,22,0,2,0,26,0,1,10,16,0,1,0,1,1,1,27,25,26,0.6622,0.5117,0.0000,14,1,0,0,recheck,0,still,0
842,113,1,1,135,15,0,2,0,11,0,1,1,10,0,2,0,11,11,10,22,9,19,0.3238,0.3238,0.0000,7,1,0,0,recheck,0,still,0
842,165,1,1,469,19,1,2,0,15,0,1,0,15,0,3,0,10,10,10,25,12,22,0.3483,0.3483,0.0000,10,1,0,0,recheck,0,still,0
843,50,1,1,54,18,1,3,0,12,0,1,0,12,0,0,0,9,9,10,21,12,22,0.5770,0.5770,0.0000,9,1,0,0,recheck,0,still,0
844,138,1,1,295,20,0,1,0,26,0,1,8,18,0,3,0,2,2,2,28,23,25,0.5547,0.5019,0.0000,16,1,0,0,recheck,0,still,0
845,11,1,1,358,19,0,1,0,20,0,1,7,13,0,1,0,4,4,4,24,19,23,0.5503,0.5503,0.0000,10,1,0,0,recheck,0,still,0
845,135,1,1,64,24,0,2,0,25,0,1,3,22,0,2,0,4,4,4,29,23,27,0.4780,0.4780,0.0000,14,1,0,0,recheck,0,still,0
846,9,1,1,196,21,0,1,0,20,0,1,9,11,0,1,0,6,6,6,26,19,25,0.4674,0.4674,0.0000,9,1,0,0,recheck,0,still,0
846,57,1,1,362,22,1,2,0,20,0,1,0,20,0,0,0,8,8,8,28,20,28,0.5719,0.5719,0.0000,11,1,0,0,recheck,0,still,0
846,115,2,1,328,15,0,1,0,11,0,1,6,5,0,0,0,13,13,12,24,11,23,0.2962,0.2962,0.0000,8,1,0,0,recheck,0,still,0
846,177,1,1,76,21,0,1,1,26,0,1,6,20,0,3,0,3,3,3,29,23,26,0.5030,0.5030,0.0000,14,1,0,0,recheck,0,still,0
847,47,2,1,418,18,0,2,0,18,0,1,2,16,0,0,0,4,4,5,22,18,23,0.6798,0.6474,0.0000,12,1,0,0,recheck,0,still,0
847,128,1,1,441,21,0,1,1,19,0,1,0,19,0,2,0,11,11,10,30,17,27,0.3482,0.3482,0.0000,9,1,0,0,recheck,0,still,0
848,19,3,1,475,20,0,2,0,15,0,1,0,15,0,0,0,10,10,10,25,15,25,0.5047,0.5047,0.0000,12,1,0,0,recheck,0,still,0
848,49,2,1,429,17,1,4,0,14,0,1,1,13,0,0,0,10,10,10,24,14,24,0.6537,0.6210,0.0000,11,1,0,0,recheck,0,still,0
848,55,2,1,86,20,0,1,0,17,0,1,0,17,0,0,0,11,11,11,28,17,28,0.5164,0.5164,0.0000,12,1,0,0,recheck,0,still,0
848,117,3,1,308,18,0,1,0,19,0,1,8,11,0,0,0,8,8,8,27,19,27,0.3656,0.3413,0.0000,10,1,0,0,recheck,0,still,0
849,7,2,1,214,18,0,1,0,18,0,1,8,10,0,0,0,7,7,7,25,18,25,0.3900,0.3900,0.0000,8,1,0,0,recheck,0,still,0
850,35,2,0,-1,18,0,1,0,11,0,1,0,11,0,0,0,10,10,11,21,11,22,0.3899,0.3899,0.0000,7,1,0,0,,0,start_holder,0
851,32,1,1,282,15,0,1,0,17,0,1,16,1,0,0,0,0,0,0,17,17,17,0.6646,0.0738,0.0000,9,1,0,0,recheck,0,still,0
851,44,1,1,433,18,0,2,0,18,0,1,7,11,0,0,0,4,4,4,22,18,22,0.4813,0.4813,0.0000,9,1,0,0,recheck,0,still,0
851,90,1,1,335,22,0,1,1,21,0,1,7,14,0,0,0,3,3,4,24,21,25,0.6775,0.6097,0.0000,14,1,0,0,period_end,0,still,0
851,91,1,1,292,20,2,3,0,21,0,1,9,12,0,2,1,2,2,3,23,20,23,0.6217,0.4581,0.0000,12,1,0,0,recheck,0,still,0
851,99,2,0,-1,11,1,3,0,13,0,0,13,0,0,0,0,0,0,0,13,13,13,0.5602,0.0000,0.0000,11,0,0,0,,0,pending,0
851,109,2,1,395,12,3,6,0,17,0,0,17,0,0,0,0,0,0,0,17,17,17,0.7436,0.0000,0.0000,12,0,0,1,recheck,0,still,0
851,123,2,1,79,16,0,3,0,12,0,1,2,10,0,0,0,9,9,9,21,12,21,0.3550,0.2731,0.0000,9,1,0,0,recheck,0,still,0
851,127,1,1,436,19,0,2,1,16,0,1,0,16,0,3,0,10,10,10,26,13,23,0.3505,0.3505,0.0000,9,1,0,0,recheck,0,still,0
851,142,2,1,54,19,0,2,0,16,0,1,1,15,0,0,1,5,5,6,21,17,23,0.5764,0.5461,0.0000,11,1,0,0,recheck,0,still,0
851,154,2,1,219,19,0,1,0,14,0,1,1,13,0,2,0,11,11,11,25,12,23,0.3452,0.3452,0.0000,9,1,0,0,recheck,0,still,0
851,179,1,0,-1,4,1,5,0,5,0,0,5,0,0,0,0,0,0,0,5,5,5,0.1442,0.0000,0.0000,3,0,0,0,,0,pending,0
852,99,2,0,-1,11,1,3,0,13,0,0,13,0,0,0,0,0,0,0,13,13,13,0.5602,0.0000,0.0000,11,0,0,0,,0,hop,1
852,118,3,1,357,21,0,1,0,19,0,1,8,11,0,0,0,7,7,7,26,19,26,0.3999,0.2999,0.0000,11,1,0,0,recheck,0,still,0
852,157,2,1,155,18,0,1,0,14,0,1,2,12,0,1,0,10,10,10,24,13,23,0.3241,0.3241,0.0000,7,1,0,0,recheck,0,still,0
852,158,1,1,109,18,0,1,0,14,0,1,2,12,0,1,0,9,9,9,23,13,22,0.3173,0.2596,0.0000,7,1,0,0,recheck,0,still,0
852,179,1,0,-1,4,1,5,0,5,0,0,5,0,0,0,0,0,0,0,5,5,5,0.1441,0.0000,0.0000,3,0,0,0,,0,hop,1
852,189,1,1,270,15,0,2,0,11,0,1,0,11,0,3,0,12,12,12,23,8,20,0.4123,0.4123,0.0000,11,1,0,0,recheck,0,still,0
853,21,2,1,480,21,0,2,0,15,0,1,0,15,0,0,0,11,11,11,26,15,26,0.5453,0.5453,0.0000,12,1,0,0,recheck,0,still,0
853,161,2,1,291,19,0,1,0,16,0,1,1,15,0,1,0,10,10,10,26,15,25,0.4284,0.4284,0.0000,10,1,0,0,recheck,0,still,0
853,181,1,1,112,19,0,1,1,27,0,1,13,14,0,2,0,0,0,0,27,25,25,0.4473,0.2631,0.0000,10,1,0,0,recheck,0,still,0
854,75,1,0,-1,6,2,3,0,6,0,0,6,0,0,0,0,0,0,0,6,6,6,0.3300,0.0000,0.0000,6,0,0,0,,0,pending,0
854,92,1,1,389,18,0,1,0,20,0,1,14,6,0,0,2,0,0,0,20,22,22,0.6254,0.2085,0.0000,11,1,0,0,recheck,0,still,0
854,146,2,1,242,14,0,2,0,10,0,1,4,6,0,0,0,12,12,12,22,10,22,0.3497,0.3497,0.0000,9,1,0,0,recheck,0,still,0
855,56,1,1,402,22,0,1,0,17,0,1,0,17,0,0,0,10,10,10,27,17,27,0.5263,0.5263,0.0000,11,1,0,0,recheck,0,still,0
855,72,2,1,158,19,0,1,0,13,0,1,2,11,0,0,0,10,10,10,23,13,23,0.3699,0.2774,0.0000,8,1,0,0,recheck,0,still,0
855,75,1,0,-1,6,2,3,0,6,0,0,6,0,0,0,0,0,0,0,6,6,6,0.3301,0.0000,0.0000,6,0,0,0,,0,hop,1
855,84,1,1,405,22,0,2,0,20,0,1,0,20,0,0,0,6,6,7,26,20,27,0.5318,0.5318,0.0000,10,1,0,0,recheck,0,still,0
855,114,1,1,119,13,1,2,0,6,0,1,1,5,0,0,0,13,13,12,19,6,18,0.3517,0.3517,0.0000,7,1,0,0,recheck,0,still,0
855,130,1,1,395,16,2,4,0,13,0,1,1,12,0,1,0,8,8,8,21,12,20,0.6116,0.5756,0.0000,10,1,0,0,recheck,0,still,0
856,31,2,1,205,19,1,2,0,21,0,1,13,8,0,0,2,0,0,0,21,23,23,0.5607,0.2309,0.0000,11,1,0,0,recheck,0,still,0
856,153,1,1,183,17,0,2,0,11,0,1,0,11,0,2,2,10,10,9,21,11,20,0.2896,0.2896,0.0000,7,1,0,0,recheck,0,still,0
856,180,1,1,65,20,0,1,0,27,0,1,10,17,0,3,0,1,1,1,28,24,25,0.5272,0.3427,0.0000,14,1,0,0,recheck,0,still,0
857,13,2,1,291,18,1,2,0,18,0,1,3,15,0,0,0,3,3,4,21,18,22,0.6266,0.5936,0.0000,12,1,0,0,recheck,0,still,0
857,159,1,1,103,11,2,3,0,6,0,1,2,4,0,0,0,8,8,8,14,6,14,0.1742,0.0871,0.0000,4,1,0,0,recheck,0,still,0
858,51,1,1,450,17,0,3,0,13,0,1,1,12,0,2,0,8,8,10,21,11,21,0.5970,0.5619,0.0000,10,1,0,0,recheck,0,still,0
858,62,2,1,390,21,0,1,0,23,0,1,11,12,0,0,2,1,1,1,24,25,26,0.6398,0.4479,0.0000,13,1,0,0,recheck,0,still,0
858,116,2,1,139,17,0,1,0,15,0,1,7,8,0,0,0,11,11,10,26,15,25,0.4305,0.4305,0.0000,10,1,0,0,recheck,0,still,0
858,126,2,1,49,19,0,1,1,15,0,1,0,15,0,2,0,9,9,9,24,13,22,0.3513,0.3513,0.0000,10,1,0,0,recheck,0,still,0
858,168,1,1,221,21,0,1,1,20,0,1,0,20,0,0,0,11,11,7,31,20,27,0.3473,0.3473,0.0000,9,1,0,0,recheck,0,still,0
859,89,1,1,307,22,1,2,0,22,0,1,7,15,0,0,1,2,2,3,24,23,26,0.7520,0.6804,0.0000,14,1,0,1,recheck,0,still,0
859,166,2,1,79,20,0,1,0,19,0,1,0,19,0,2,0,11,11,11,30,17,28,0.3487,0.3487,0.0000,10,1,0,0,recheck,0,still,0
859,169,1,1,420,17,1,2,0,16,0,1,1,15,0,0,0,3,3,4,19,16,20,0.6724,0.6370,0.0000,10,1,0,0,recheck,0,still,0
860,29,2,1,268,18,0,1,0,25,0,1,12,13,0,1,0,0,0,0,25,24,24,0.5550,0.3700,0.0000,12,1,0,0,recheck,0,still,0
860,54,2,1,387,19,1,2,0,15,0,1,0,15,0,0,0,10,10,10,25,15,25,0.5754,0.5754,0.0000,12,1,0,0,recheck,0,still,0
860,77,3,1,298,18,0,4,0,14,0,1,1,13,0,0,0,11,11,11,25,14,25,0.5198,0.4909,0.0000,11,1,0,0,recheck,0,still,0
860,108,1,1,330,15,0,2,0,18,0,1,15,3,0,0,1,0,0,0,18,19,19,0.6364,0.1414,0.0000,10,1,0,0,recheck,0,still,0
860,132,1,1,347,19,0,3,0,21,0,1,12,9,0,0,2,0,0,0,21,23,23,0.6452,0.3584,0.0000,11,1,0,0,recheck,0,still,0
860,188,1,1,227,16,1,2,0,10,0,1,0,10,0,2,0,13,13,11,23,8,19,0.3546,0.3546,0.0000,9,1,0,0,recheck,0,still,0
861,145,1,1,269,14,1,2,0,8,0,1,0,8,0,1,0,13,13,11,21,7,18,0.4188,0.4188,0.0000,9,1,0,0,recheck,0,still,0
861,176,1,1,84,23,1,2,0,25,0,1,3,22,0,2,0,4,4,4,29,23,27,0.4412,0.4412,0.0000,14,1,0,0,recheck,0,still,0
862,121,1,0,-1,0,0,1,1,0,0,0,0,0,0,0,0,0,0,0,0,0,0,0.0000,0.0000,0.0000,0,0,0,0,,0,hop,1
862,131,1,1,405,19,0,2,1,23,0,1,0,23,0,2,0,9,9,7,32,21,28,0.3469,0.3469,0.0000,9,1,0,0,recheck,0,still,0
863,4,2,1,229,15,0,1,0,9,0,1,4,5,0,0,0,13,13,13,22,9,22,0.3714,0.3714,0.0000,8,1,0,0,recheck,0,still,0
863,58,1,1,417,19,2,3,0,20,0,1,0,20,0,0,0,7,7,7,27,20,27,0.5417,0.5417,0.0000,9,1,0,0,recheck,0,still,0
864,15,1,1,406,17,3,4,0,13,0,1,1,12,0,1,0,9,9,9,22,12,21,0.6075,0.5717,0.0000,10,1,0,0,recheck,0,still,0
864,83,1,1,532,20,0,1,0,17,0,1,0,17,0,0,0,9,9,10,26,17,27,0.5677,0.5677,0.0000,11,1,0,0,recheck,0,still,0
864,170,2,1,501,17,0,1,0,13,0,1,1,12,0,0,0,10,10,10,23,13,23,0.5635,0.5322,0.0000,11,1,0,0,recheck,0,still,0
865,26,3,1,197,23,0,2,0,25,0,1,7,18,0,0,0,3,3,3,28,25,28,0.5183,0.4607,0.0000,13,1,0,0,recheck,0,still,0
865,76,3,1,424,18,0,1,0,14,0,1,1,13,0,0,2,8,8,8,22,16,24,0.5953,0.5655,0.0000,12,1,0,0,recheck,0,still,0
865,85,1,1,535,21,0,2,0,19,0,1,0,19,0,0,0,6,6,7,25,19,26,0.5717,0.5717,0.0000,10,1,0,0,recheck,0,still,0
865,87,1,1,285,23,1,2,0,22,0,1,3,19,0,0,0,3,3,4,25,22,26,0.5989,0.5989,0.0000,11,1,0,0,recheck,0,still,0
866,33,3,0,-1,12,2,6,0,16,0,0,16,0,0,0,0,0,0,0,16,16,16,0.4790,0.0000,0.0000,9,0,0,0,,0,hop,1
866,79,1,1,384,18,1,2,0,9,0,1,0,9,0,0,0,11,11,12,20,9,21,0.5596,0.5596,0.0000,9,1,0,0,recheck,0,still,0
866,90,1,1,350,22,0,1,1,23,0,1,7,16,0,0,0,1,1,2,24,23,25,0.6793,0.6114,0.0000,14,1,0,0,recheck,0,still,0
866,95,1,1,137,18,0,2,0,10,0,1,0,10,0,0,0,10,10,11,20,10,21,0.3980,0.3980,0.0000,7,1,0,0,recheck,0,still,0
866,117,3,1,326,18,0,1,0,18,0,1,8,10,0,0,0,9,9,9,27,18,27,0.3657,0.3413,0.0000,10,1,0,0,period_end,0,still,0
866,163,1,1,401,17,0,1,0,14,0,1,1,13,0,5,0,12,12,12,26,9,21,0.3792,0.3792,0.0000,8,1,0,0,recheck,0,still,0
866,171,1,1,380,20,1,2,0,22,0,1,0,22,0,1,0,10,10,7,32,21,28,0.3941,0.3941,0.0000,12,1,0,0,recheck,0,still,0
867,12,2,1,452,18,0,1,0,19,0,1,5,14,0,0,0,3,3,4,22,19,23,0.4235,0.4235,0.0000,8,1,0,0,recheck,0,still,0
867,14,1,1,411,19,0,1,0,17,0,1,2,15,0,0,1,2,2,3,19,18,21,0.5172,0.4802,0.0000,9,1,0,0,recheck,0,still,0
867,86,1,1,447,22,0,3,0,21,0,1,2,19,0,0,0,4,4,5,25,21,26,0.5752,0.5752,0.0000,10,1,0,0,recheck,0,still,0
867,174,1,1,278,15,0,1,0,21,0,1,15,6,0,2,0,0,0,0,21,19,19,0.6498,0.1300,0.0000,11,1,0,0,recheck,0,still,0
868,1,1,1,125,19,0,1,0,11,0,1,0,11,0,0,0,11,11,11,22,11,22,0.4285,0.4285,0.0000,7,1,0,0,recheck,0,still,0
868,25,2,1,553,21,1,3,0,23,0,1,2,21,0,0,0,5,5,5,28,23,28,0.5112,0.5112,0.0000,10,1,0,0,recheck,0,still,0
868,132,1,1,355,19,0,3,0,21,0,1,12,9,0,0,2,0,0,0,21,23,23,0.6451,0.3584,0.0000,11,1,0,0,period_end,0,still,0
868,195,1,1,223,17,1,2,0,12,0,1,0,12,0,2,0,12,12,11,24,10,21,0.3453,0.3453,0.0000,10,1,0,0,recheck,0,still,0
869,8,2,1,37,19,0,1,0,19,0,1,9,10,0,0,0,7,7,7,26,19,26,0.4545,0.4545,0.0000,10,1,0,0,recheck,0,still,0
869,10,1,1,414,19,1,2,0,19,0,1,8,11,0,1,0,5,5,5,24,18,23,0.5583,0.5583,0.0000,11,1,0,0,recheck,0,still,0
869,16,1,0,-1,18,2,3,0,10,0,1,0,10,0,0,0,12,12,12,22,10,22,0.6228,0.6228,0.0000,10,1,0,0,,0,start_holder,0
869,17,3,1,421,18,0,2,0,11,0,1,0,11,0,0,0,12,12,12,23,11,23,0.5322,0.5322,0.0000,12,1,0,0,recheck,0,still,0
869,124,1,0,-1,4,0,3,1,5,0,0,5,0,0,0,0,0,0,0,5,5,5,0.1784,0.0000,0.0000,4,0,0,0,,0,pending,0
869,199,1,1,159,14,1,3,0,8,0,1,2,6,0,0,0,8,8,8,16,8,16,0.2621,0.1747,0.0000,6,1,0,0,recheck,0,still,0
870,5,2,1,238,17,0,1,0,12,0,1,6,6,0,0,0,12,12,12,24,12,24,0.4003,0.4003,0.0000,9,1,0,0,recheck,0,still,0
870,6,2,1,239,17,0,2,0,16,0,1,8,8,0,0,0,9,9,9,25,16,25,0.3627,0.3627,0.0000,8,1,0,0,recheck,0,still,0
870,23,2,1,302,21,1,2,0,20,0,1,0,20,0,0,0,8,8,9,28,20,29,0.5213,0.5213,0.0000,10,1,0,0,recheck,0,still,0
870,65,1,1,297,16,0,2,0,20,0,1,14,6,0,1,1,0,0,0,20,20,20,0.6096,0.2032,0.0000,11,1,0,0,recheck,0,still,0
870,107,3,1,401,19,1,2,0,22,0,1,15,7,0,0,0,0,0,0,22,22,22,0.6280,0.1998,0.0000,14,1,0,0,recheck,0,still,0
870,124,1,0,-1,4,0,3,1,5,0,0,5,0,0,0,0,0,0,0,5,5,5,0.1784,0.0000,0.0000,4,0,0,0,,0,hop,1
870,143,1,1,156,19,1,3,0,22,0,1,11,11,0,1,1,0,0,1,22,22,23,0.6434,0.4064,0.0000,12,1,0,0,recheck,0,still,0
870,149,1,1,221,19,0,1,0,17,0,1,8,9,0,0,0,9,9,8,26,17,25,0.3527,0.3233,0.0000,8,1,0,0,recheck,0,still,0
871,40,1,1,138,16,1,2,0,10,0,1,6,4,0,0,0,10,10,11,20,10,21,0.4329,0.4329,0.0000,8,1,0,0,recheck,0,still,0
871,66,1,1,348,16,0,1,0,17,0,1,15,2,0,0,1,0,0,0,17,18,18,0.6442,0.1017,0.0000,10,1,0,0,recheck,0,still,0
871,80,1,1,48,18,1,2,0,8,0,1,0,8,0,0,0,12,12,12,20,8,20,0.5710,0.5710,0.0000,10,1,0,0,recheck,0,still,0
871,88,1,1,317,21,0,1,0,21,0,1,4,17,0,0,0,3,3,3,24,21,24,0.5378,0.5378,0.0000,11,1,0,0,recheck,0,still,0
871,172,1,1,234,21,0,1,1,24,0,1,2,22,0,3,0,6,6,6,30,21,27,0.3723,0.3723,0.0000,10,1,0,0,recheck,0,still,0
872,3,2,1,171,15,0,1,0,6,0,1,1,5,0,0,0,12,12,12,18,6,18,0.3416,0.3416,0.0000,6,1,0,0,recheck,0,still,0
872,28,2,1,260,21,0,2,0,25,0,1,9,16,0,1,0,1,1,1,26,24,25,0.5430,0.3922,0.0000,12,1,0,0,recheck,0,still,0
872,108,1,1,342,15,0,2,0,18,0,1,15,3,0,0,1,0,0,0,18,19,19,0.6379,0.1418,0.0000,10,1,0,0,period_end,0,still,0
872,113,1,1,165,15,0,2,0,9,0,1,0,9,0,2,0,13,13,12,22,7,19,0.3238,0.3238,0.0000,7,1,0,0,recheck,0,still,0
872,165,1,1,499,19,1,2,0,13,0,1,0,13,0,3,0,13,13,13,26,10,23,0.3483,0.3483,0.0000,10,1,0,0,recheck,0,still,0
873,23,2,1,305,21,1,2,0,20,0,1,0,20,0,0,0,8,8,9,28,20,29,0.5215,0.5215,0.0000,10,1,0,0,period_end,0,still,0
873,50,1,1,84,18,1,3,0,10,0,1,0,10,0,0,0,11,11,12,21,10,22,0.5769,0.5769,0.0000,9,1,0,0,recheck,0,still,0
874,101,3,0,-1,9,1,3,0,10,0,0,10,0,0,0,0,0,0,0,10,10,10,0.3849,0.0000,0.0000,10,0,0,0,,0,pending,0
874,138,1,1,325,20,0,1,0,26,0,1,8,18,0,3,0,2,2,2,28,23,25,0.5019,0.4491,0.0000,14,1,0,0,recheck,0,still,0
875,11,1,1,388,19,0,1,0,20,0,1,6,14,0,1,0,4,4,4,24,19,23,0.5503,0.5503,0.0000,10,1,0,0,recheck,0,still,0
875,101,3,0,-1,9,1,3,0,10,0,0,10,0,0,0,0,0,0,0,10,10,10,0.3848,0.0000,0.0000,10,0,0,0,,0,hop,1
875,135,1,1,94,23,0,2,0,24,0,1,3,21,0,2,0,5,5,5,29,22,27,0.4780,0.4780,0.0000,14,1,0,0,recheck,0,still,0
876,9,1,1,226,21,0,1,0,20,0,1,8,12,0,1,0,6,6,6,26,19,25,0.4674,0.4674,0.0000,9,1,0,0,recheck,0,still,0
876,57,1,1,392,22,1,2,0,18,0,1,0,18,0,0,0,10,10,10,28,18,28,0.5719,0.5719,0.0000,11,1,0,0,recheck,0,still,0
876,115,2,1,358,15,0,1,0,10,0,1,6,4,0,0,0,14,14,13,24,10,23,0.2963,0.2963,0.0000,8,1,0,0,recheck,0,still,0
876,177,1,1,106,21,0,1,1,25,0,1,6,19,0,2,0,4,4,3,29,23,26,0.5030,0.5030,0.0000,14,1,0,0,recheck,0,still,0
877,47,2,1,448,18,0,2,0,18,0,1,1,17,0,0,0,4,4,5,22,18,23,0.6796,0.6796,0.0000,12,1,0,0,recheck,0,still,0
877,128,1,1,471,21,0,1,1,16,0,1,0,16,0,1,0,14,14,12,30,15,27,0.3482,0.3482,0.0000,9,1,0,0,recheck,0,still,0
878,19,3,1,505,20,0,2,0,12,0,1,0,12,0,0,0,13,13,13,25,12,25,0.5050,0.5050,0.0000,12,1,0,0,recheck,0,still,0
878,49,2,1,459,17,1,4,0,12,0,1,0,12,0,0,0,12,12,12,24,12,24,0.6521,0.6521,0.0000,11,1,0,0,recheck,0,still,0
878,55,2,1,116,20,0,1,0,15,0,1,0,15,0,0,0,13,13,13,28,15,28,0.5164,0.5164,0.0000,12,1,0,0,recheck,0,still,0
878,117,3,1,338,18,0,1,0,18,0,1,8,10,0,0,0,9,9,9,27,18,27,0.3659,0.3415,0.0000,10,1,0,0,recheck,0,still,0
879,2,1,1,43,16,0,1,0,9,0,1,0,9,0,0,0,12,12,11,21,9,20,0.3782,0.3782,0.0000,6,1,0,0,recheck,0,still,0
879,7,2,1,244,18,0,1,0,17,0,1,8,9,0,0,0,8,8,8,25,17,25,0.3900,0.3900,0.0000,8,1,0,0,recheck,0,still,0
881,32,1,1,312,15,0,1,0,16,0,1,15,1,0,0,1,0,0,0,16,17,17,0.5906,0.0738,0.0000,8,1,0,0,recheck,0,still,0
881,44,1,1,463,18,0,2,0,18,0,1,6,12,0,0,0,4,4,4,22,18,22,0.4813,0.4813,0.0000,9,1,0,0,recheck,0,still,0
881,91,1,1,322,21,2,3,0,23,0,1,9,14,0,1,1,0,0,1,23,23,24,0.6246,0.4603,0.0000,12,1,0,0,recheck,0,still,0
881,109,2,1,425,13,3,4,0,17,0,0,17,0,0,0,0,0,0,0,17,17,17,0.7430,0.0000,0.0000,12,0,0,1,recheck,0,still,0
881,123,2,1,109,16,0,3,0,12,0,1,2,10,0,0,0,9,9,9,21,12,21,0.3550,0.2731,0.0000,9,1,0,0,recheck,0,still,0
881,127,1,1,466,19,0,2,1,13,0,1,0,13,0,3,0,13,13,13,26,10,23,0.3505,0.3505,0.0000,9,1,0,0,recheck,0,still,0
881,142,2,1,84,19,0,2,0,15,0,1,0,15,0,0,1,6,6,7,21,16,23,0.5776,0.5776,0.0000,11,1,0,0,recheck,0,still,0
881,154,2,1,249,19,0,1,0,13,0,1,1,12,0,2,0,12,12,12,25,11,23,0.3452,0.3452,0.0000,9,1,0,0,recheck,0,still,0
882,118,3,1,387,21,0,1,0,20,0,1,7,13,0,0,0,7,7,7,27,20,27,0.3999,0.3000,0.0000,11,1,0,0,recheck,0,still,0
882,157,2,1,185,18,0,1,0,12,0,1,2,10,0,1,0,12,12,12,24,11,23,0.3241,0.3241,0.0000,7,1,0,0,recheck,0,still,0
882,158,1,1,139,18,0,1,0,13,0,1,2,11,0,1,0,10,10,10,23,12,22,0.3173,0.2596,0.0000,7,1,0,0,recheck,0,still,0
882,189,1,1,300,15,0,2,0,9,0,1,0,9,0,3,0,14,14,14,23,6,20,0.4639,0.4639,0.0000,12,1,0,0,recheck,0,still,0
883,21,2,1,510,21,0,2,0,12,0,1,0,12,0,0,0,14,14,14,26,12,26,0.5453,0.5453,0.0000,12,1,0,0,recheck,0,still,0
883,161,2,1,321,19,0,1,0,14,0,1,0,14,0,1,0,12,12,12,26,13,25,0.4284,0.4284,0.0000,10,1,0,0,recheck,0,still,0
883,181,1,1,142,19,0,1,1,26,0,1,13,13,0,2,0,1,1,1,27,24,25,0.4473,0.2631,0.0000,10,1,0,0,recheck,0,still,0
884,92,1,1,419,18,0,1,0,19,0,1,14,5,0,0,2,1,1,1,20,21,22,0.6254,0.2085,0.0000,11,1,0,0,recheck,0,still,0
884,146,2,1,272,14,0,2,0,9,0,1,4,5,0,0,0,13,13,13,22,9,22,0.3495,0.3495,0.0000,9,1,0,0,recheck,0,still,0
885,56,1,1,432,22,0,1,0,15,0,1,0,15,0,0,0,12,12,12,27,15,27,0.5263,0.5263,0.0000,11,1,0,0,recheck,0,still,0
885,72,2,1,188,19,0,1,0,12,0,1,2,10,0,0,0,11,11,11,23,12,23,0.3649,0.2737,0.0000,8,1,0,0,recheck,0,still,0
885,84,1,1,435,22,0,2,0,17,0,1,0,17,0,0,0,9,9,10,26,17,27,0.5318,0.5318,0.0000,10,1,0,0,recheck,0,still,0
885,114,1,1,149,13,1,2,0,5,0,1,1,4,0,0,0,14,14,13,19,5,18,0.3517,0.3517,0.0000,7,1,0,0,recheck,0,still,0
885,130,1,1,425,16,2,4,0,12,0,1,0,12,0,1,0,9,9,9,21,11,20,0.6094,0.6094,0.0000,10,1,0,0,recheck,0,still,0
885,161,2,1,323,19,0,1,0,14,0,1,0,14,0,1,0,12,12,12,26,13,25,0.4284,0.4284,0.0000,10,1,0,0,period_end,0,still,0
886,31,2,1,235,19,1,2,0,20,0,1,13,7,0,0,2,1,1,1,21,22,23,0.5606,0.2309,0.0000,11,1,0,0,recheck,0,still,0
886,153,1,1,213,17,0,2,0,9,0,1,0,9,0,2,1,13,13,12,22,8,20,0.3186,0.3186,0.0000,8,1,0,0,recheck,0,still,0
886,180,1,1,95,20,0,1,0,25,0,1,9,16,0,3,0,2,2,2,27,22,24,0.5272,0.3427,0.0000,14,1,0,0,recheck,0,still,0
887,13,2,1,321,18,1,2,0,18,0,1,2,16,0,0,0,3,3,4,21,18,22,0.6266,0.6266,0.0000,12,1,0,0,recheck,0,still,0
887,159,1,1,133,11,2,3,0,5,0,1,2,3,0,0,0,9,9,9,14,5,14,0.1742,0.0871,0.0000,4,1,0,0,recheck,0,still,0
888,35,2,1,38,18,0,1,0,8,0,1,0,8,0,0,0,13,13,14,21,8,22,0.3900,0.3900,0.0000,7,1,0,0,recheck,0,still,0
888,51,1,1,480,17,0,3,0,10,0,1,0,10,0,1,0,10,10,12,20,9,21,0.5623,0.5623,0.0000,9,1,0,0,recheck,0,still,0
888,62,2,1,420,21,0,1,0,22,0,1,11,11,0,0,2,2,2,2,24,24,26,0.6405,0.4484,0.0000,13,1,0,0,recheck,0,still,0
888,116,2,1,169,17,0,1,0,14,0,1,7,7,0,0,0,12,12,11,26,14,25,0.4305,0.4305,0.0000,10,1,0,0,recheck,0,still,0
888,126,2,1,79,19,0,1,1,12,0,1,0,12,0,2,0,12,12,12,24,10,22,0.3513,0.3513,0.0000,10,1,0,0,recheck,0,still,0
888,168,1,1,251,21,0,1,1,17,0,1,0,17,0,0,0,14,14,10,31,17,27,0.3473,0.3473,0.0000,9,1,0,0,recheck,0,still,0
889,89,1,1,337,22,1,2,0,21,0,1,7,14,0,0,1,3,3,4,24,22,26,0.7529,0.6812,0.0000,14,1,0,1,recheck,0,still,0
889,166,2,1,109,20,0,1,0,17,0,1,0,17,0,2,0,14,14,14,31,15,29,0.3487,0.3487,0.0000,10,1,0,0,recheck,0,still,0
889,169,1,1,450,17,1,2,0,16,0,1,0,16,0,0,0,3,3,4,19,16,20,0.6729,0.6729,0.0000,10,1,0,0,recheck,0,still,0
890,29,2,1,298,18,0,1,0,23,0,1,12,11,0,1,1,1,1,1,24,23,24,0.5540,0.3693,0.0000,12,1,0,0,recheck,0,still,0
890,54,2,1,417,19,1,2,0,12,0,1,0,12,0,0,0,13,13,13,25,12,25,0.5753,0.5753,0.0000,12,1,0,0,recheck,0,still,0
890,77,3,1,328,18,0,4,0,12,0,1,0,12,0,0,0,12,12,12,24,12,24,0.5199,0.5199,0.0000,11,1,0,0,recheck,0,still,0
890,89,1,1,338,22,1,2,0,21,0,1,7,14,0,0,1,3,3,4,24,22,26,0.7529,0.6812,0.0000,14,1,0,1,period_end,0,still,0
890,108,1,1,360,15,0,2,0,17,0,1,14,3,0,0,1,0,0,0,17,18,18,0.6407,0.1424,0.0000,10,1,0,0,recheck,0,still,0
890,132,1,1,377,19,0,3,0,20,0,1,12,8,0,0,2,1,1,1,21,22,23,0.6451,0.3584,0.0000,11,1,0,0,recheck,0,still,0
890,188,1,1,257,16,1,2,0,7,0,1,0,7,0,1,0,16,16,13,23,6,19,0.3545,0.3545,0.0000,9,1,0,0,recheck,0,still,0
891,145,1,1,299,14,1,2,0,7,0,1,0,7,0,2,0,15,15,13,22,5,18,0.4189,0.4189,0.0000,9,1,0,0,recheck,0,still,0
891,176,1,1,114,23,1,2,0,23,0,1,3,20,0,2,0,6,6,6,29,21,27,0.3922,0.3922,0.0000,13,1,0,0,recheck,0,still,0
892,131,1,1,435,19,0,2,1,20,0,1,0,20,0,1,0,12,12,9,32,19,28,0.3469,0.3469,0.0000,9,1,0,0,recheck,0,still,0
893,4,2,1,259,15,0,1,0,9,0,1,4,5,0,0,0,13,13,13,22,9,22,0.3714,0.3714,0.0000,8,1,0,0,recheck,0,still,0
893,58,1,1,447,19,2,3,0,18,0,1,0,18,0,0,0,9,9,9,27,18,27,0.5417,0.5417,0.0000,9,1,0,0,recheck,0,still,0
894,15,1,1,436,17,3,4,0,13,0,1,0,13,0,1,0,9,9,9,22,12,21,0.6066,0.6066,0.0000,10,1,0,0,recheck,0,still,0
894,83,1,1,562,20,0,1,0,15,0,1,0,15,0,0,0,11,11,12,26,15,27,0.5677,0.5677,0.0000,11,1,0,0,recheck,0,still,0
894,170,2,1,531,18,0,1,0,13,0,1,0,13,0,0,0,11,11,11,24,13,24,0.5320,0.5320,0.0000,10,1,0,0,recheck,0,still,0
895,26,3,1,227,23,0,2,0,24,0,1,7,17,0,0,0,4,4,4,28,24,28,0.5184,0.4608,0.0000,13,1,0,0,recheck,0,still,0
895,76,3,1,454,18,0,1,0,14,0,1,0,14,0,0,2,8,8,8,22,16,24,0.5953,0.5953,0.0000,12,1,0,0,recheck,0,still,0
895,85,1,1,565,21,0,2,0,17,0,1,0,17,0,0,0,8,8,9,25,17,26,0.5717,0.5717,0.0000,10,1,0,0,recheck,0,still,0
895,87,1,1,315,23,1,2,0,20,0,1,3,17,0,0,0,5,5,6,25,20,26,0.5986,0.5986,0.0000,11,1,0,0,recheck,0,still,0
895,155,1,0,-1,2,0,1,1,1,0,0,1,0,0,0,1,0,0,0,1,2,2,0.0369,0.0000,0.0000,1,0,0,0,,0,hop,1
896,79,1,1,414,18,1,2,0,9,0,1,0,9,0,0,0,11,11,12,20,9,21,0.5597,0.5597,0.0000,9,1,0,0,recheck,0,still,0
896,90,1,1,380,22,0,1,0,22,0,1,7,15,0,0,0,2,2,3,24,22,25,0.6800,0.6120,0.0000,14,1,0,0,recheck,0,still,0
896,95,1,1,167,18,0,2,0,11,0,1,0,11,0,0,0,9,9,10,20,11,21,0.3980,0.3980,0.0000,7,1,0,0,recheck,0,still,0
896,163,1,1,431,17,0,1,0,14,0,1,0,14,0,5,0,12,12,12,26,9,21,0.3792,0.3792,0.0000,8,1,0,0,recheck,0,still,0
896,171,1,1,410,20,1,2,0,20,0,1,0,20,0,1,0,12,12,9,32,19,28,0.3941,0.3941,0.0000,12,1,0,0,recheck,0,still,0
897,12,2,1,482,18,0,1,0,19,0,1,5,14,0,0,0,4,4,5,23,19,24,0.4235,0.4235,0.0000,8,1,0,0,recheck,0,still,0
897,14,1,1,441,19,0,1,0,17,0,1,1,16,0,0,0,2,2,4,19,17,21,0.5172,0.5172,0.0000,9,1,0,0,recheck,0,still,0
897,86,1,1,477,22,0,3,0,19,0,1,2,17,0,0,0,6,6,7,25,19,26,0.5750,0.5750,0.0000,10,1,0,0,recheck,0,still,0
897,138,1,1,348,20,0,1,0,25,0,1,8,17,0,3,0,3,3,3,28,22,25,0.5019,0.4491,0.0000,14,1,0,0,period_end,0,still,0
897,174,1,1,308,15,0,1,0,20,0,1,15,5,0,1,0,1,1,0,21,19,19,0.6544,0.1309,0.0000,11,1,0,0,recheck,0,still,0
898,1,1,1,155,19,0,1,0,11,0,1,0,11,0,0,0,11,11,11,22,11,22,0.4269,0.4269,0.0000,7,1,0,0,recheck,0,still,0
898,25,2,1,583,21,1,3,0,21,0,1,3,18,0,0,0,7,7,7,28,21,28,0.5138,0.5138,0.0000,10,1,0,0,recheck,0,still,0
898,195,1,1,253,17,1,2,0,13,0,1,0,13,0,3,0,11,11,11,24,10,21,0.3453,0.3453,0.0000,10,1,0,0,recheck,0,still,0
899,8,2,1,67,19,0,1,0,18,0,1,8,10,0,0,0,8,8,8,26,18,26,0.4545,0.4545,0.0000,10,1,0,0,recheck,0,still,0
899,10,1,1,444,19,1,2,0,18,0,1,7,11,0,1,0,6,6,6,24,17,23,0.5583,0.5583,0.0000,11,1,0,0,recheck,0,still,0
899,17,3,1,451,18,0,2,0,10,0,1,0,10,0,0,0,13,13,13,23,10,23,0.5328,0.5328,0.0000,12,1,0,0,recheck,0,still,0
899,199,1,1,189,13,1,3,0,8,0,1,1,7,0,0,0,7,7,7,15,8,15,0.2621,0.1747,0.0000,5,1,0,0,recheck,0,still,0
900,5,2,1,268,17,0,1,0,11,0,1,6,5,0,0,0,13,13,13,24,11,24,0.4003,0.4003,0.0000,9,1,0,0,recheck,0,still,0
900,6,2,1,269,17,0,2,0,16,0,1,8,8,0,0,0,10,10,10,26,16,26,0.3627,0.3627,0.0000,8,1,0,0,recheck,0,still,0
900,23,2,1,332,21,1,2,0,16,0,1,0,16,0,0,0,12,12,13,28,16,29,0.5230,0.5230,0.0000,10,1,0,0,recheck,0,still,0
900,65,1,1,327,16,0,2,0,20,0,1,14,6,0,1,1,0,0,0,20,20,20,0.6093,0.2031,0.0000,11,1,0,0,recheck,0,still,0
900,107,3,1,431,19,1,2,0,21,0,1,15,6,0,0,0,1,1,1,22,21,22,0.6563,0.2283,0.0000,15,1,0,0,recheck,0,still,0
900,143,1,1,186,19,1,3,0,21,0,1,11,10,0,1,1,1,1,2,22,21,23,0.6436,0.4065,0.0000,12,1,0,0,recheck,0,still,0
900,149,1,1,251,19,0,1,0,16,0,1,8,8,0,0,0,10,10,9,26,16,25,0.3527,0.3233,0.0000,8,1,0,0,recheck,0,still,0
901,40,1,1,168,16,1,2,0,9,0,1,6,3,0,0,0,11,11,12,20,9,21,0.4329,0.4329,0.0000,8,1,0,0,recheck,0,still,0
901,66,1,1,378,16,0,1,0,17,0,1,15,2,0,0,1,0,0,0,17,18,18,0.6448,0.1018,0.0000,10,1,0,0,recheck,0,still,0
901,80,1,1,78,18,1,2,0,6,0,1,0,6,0,0,0,14,14,14,20,6,20,0.5710,0.5710,0.0000,10,1,0,0,recheck,0,still,0
901,88,1,1,347,21,0,1,0,20,0,1,4,16,0,0,0,4,4,4,24,20,24,0.6095,0.5378,0.0000,12,1,0,0,recheck,0,still,0
901,172,1,1,264,21,0,1,1,20,0,1,2,18,0,3,0,10,10,10,30,17,27,0.3989,0.3989,0.0000,11,1,0,0,recheck,0,still,0
902,3,2,1,201,15,0,1,0,6,0,1,1,5,0,0,0,12,12,12,18,6,18,0.3416,0.3416,0.0000,6,1,0,0,recheck,0,still,0
902,28,2,1,290,21,0,2,0,24,0,1,9,15,0,1,0,2,2,2,26,23,25,0.6005,0.4504,0.0000,13,1,0,0,recheck,0,still,0
902,91,1,1,343,20,2,3,0,22,0,1,9,13,0,1,1,1,1,2,23,22,24,0.6250,0.4605,0.0000,12,1,0,0,period_end,0,still,0
902,113,1,1,195,15,0,2,0,9,0,1,0,9,0,2,0,12,12,12,21,7,19,0.3238,0.3238,0.0000,7,1,0,0,recheck,0,still,0
902,165,1,1,529,19,1,2,0,10,0,1,0,10,0,3,0,16,16,16,26,7,23,0.3483,0.3483,0.0000,10,1,0,0,recheck,0,still,0
903,50,1,1,114,18,1,3,0,10,0,1,0,10,0,0,0,11,11,12,21,10,22,0.5776,0.5776,0.0000,9,1,0,0,recheck,0,still,0
903,73,2,0,-1,9,2,3,0,12,0,0,12,0,0,1,0,0,0,0,12,11,11,0.4309,0.0000,0.0000,9,0,0,0,,0,pending,0
904,73,2,0,-1,9,2,3,0,12,0,0,12,0,0,1,0,0,0,0,12,11,11,0.4308,0.0000,0.0000,9,0,0,0,,0,hop,1
904,88,1,1,350,21,0,1,0,20,0,1,4,16,0,0,0,4,4,4,24,20,24,0.6454,0.5737,0.0000,13,1,0,0,period_end,0,still,0
904,138,1,1,355,20,0,1,0,24,0,1,8,16,0,2,0,4,4,3,28,22,25,0.5019,0.4491,0.0000,14,1,0,0,recheck,0,still,0
905,11,1,1,418,19,0,1,0,19,0,1,6,13,0,1,0,5,5,5,24,18,23,0.5503,0.5503,0.0000,10,1,0,0,recheck,0,still,0
905,135,1,1,124,23,0,2,0,20,0,1,3,17,0,1,0,9,9,8,29,19,27,0.4780,0.4780,0.0000,14,1,0,0,recheck,0,still,0
906,9,1,1,256,21,0,1,0,19,0,1,8,11,0,1,0,7,7,7,26,18,25,0.4674,0.4674,0.0000,9,1,0,0,recheck,0,still,0
906,13,2,1,340,18,1,2,0,17,0,1,2,15,0,0,0,4,4,5,21,17,22,0.6266,0.6266,0.0000,12,1,0,0,period_end,0,still,0
906,57,1,1,422,22,1,2,0,14,0,1,0,14,0,0,0,14,14,14,28,14,28,0.5719,0.5719,0.0000,11,1,0,0,recheck,0,still,0
906,115,2,1,388,15,0,1,0,8,0,1,5,3,0,0,0,15,15,14,23,8,22,0.2963,0.2963,0.0000,8,1,0,0,recheck,0,still,0
906,177,1,1,136,21,0,1,1,22,0,1,6,16,0,0,0,7,7,4,29,22,26,0.5030,0.5030,0.0000,14,1,0,0,recheck,0,still,0
907,47,2,1,478,18,0,2,0,18,0,1,1,17,0,0,0,4,4,5,22,18,23,0.6795,0.6795,0.0000,12,1,0,0,recheck,0,still,0
907,68,3,0,-1,19,2,3,0,14,0,1,0,14,0,0,0,11,11,11,25,14,25,0.3788,0.3788,0.0000,9,1,0,0,,0,start_holder,0
907,128,1,1,501,21,0,1,1,13,0,1,0,13,0,1,0,17,17,15,30,12,27,0.3482,0.3482,0.0000,9,1,0,0,recheck,0,still,0
908,19,3,1,535,20,0,2,0,9,0,1,0,9,0,0,0,16,16,16,25,9,25,0.5054,0.5054,0.0000,12,1,0,0,recheck,0,still,0
908,49,2,1,489,17,1,4,0,12,0,1,0,12,0,0,0,12,12,12,24,12,24,0.6507,0.6507,0.0000,11,1,0,0,recheck,0,still,0
908,55,2,1,146,20,0,1,0,12,0,1,0,12,0,0,0,16,16,16,28,12,28,0.5164,0.5164,0.0000,12,1,0,0,recheck,0,still,0
908,117,3,1,368,18,0,1,0,17,0,1,8,9,0,0,0,10,10,10,27,17,27,0.3662,0.3418,0.0000,10,1,0,0,recheck,0,still,0
909,2,1,1,73,16,0,1,0,9,0,1,0,9,0,0,0,12,12,11,21,9,20,0.3777,0.3777,0.0000,6,1,0,0,recheck,0,still,0
909,7,2,1,274,18,0,1,0,16,0,1,8,8,0,0,0,9,9,9,25,16,25,0.3900,0.3900,0.0000,8,1,0,0,recheck,0,still,0
909,71,2,0,-1,12,2,3,0,13,0,0,13,0,0,0,0,0,0,0,13,13,13,0.4963,0.0000,0.0000,10,0,0,0,,0,pending,0
910,29,2,1,318,18,0,1,0,23,0,1,12,11,0,1,1,1,1,1,24,23,24,0.5532,0.3688,0.0000,12,1,0,0,period_end,0,still,0
910,71,2,0,-1,12,2,3,0,13,0,0,13,0,0,0,0,0,0,0,13,13,13,0.4965,0.0000,0.0000,10,0,0,0,,0,hop,1
910,77,3,1,348,18,0,4,0,12,0,1,0,12,0,0,0,12,12,12,24,12,24,0.5200,0.5200,0.0000,11,1,0,0,period_end,0,still,0
910,133,2,0,-1,14,1,2,0,20,0,1,17,3,0,1,0,0,0,0,20,19,19,0.6820,0.0620,0.0000,12,0,1,0,,0,pending,0
911,32,1,1,342,15,0,1,0,16,0,1,15,1,0,0,1,0,0,0,16,17,17,0.5906,0.0738,0.0000,8,1,0,0,recheck,0,still,0
911,44,1,1,493,18,0,2,0,17,0,1,6,11,0,0,0,5,5,5,22,17,22,0.4813,0.4813,0.0000,9,1,0,0,recheck,0,still,0
911,91,1,1,352,20,2,3,0,22,0,1,9,13,0,1,1,1,1,2,23,22,24,0.6251,0.4606,0.0000,12,1,0,0,recheck,0,still,0
911,109,2,1,455,13,3,4,0,17,0,0,17,0,0,0,0,0,0,0,17,17,17,0.7431,0.0000,0.0000,12,0,0,1,recheck,0,still,0
911,123,2,1,139,15,0,3,0,12,0,1,0,12,0,0,0,8,8,8,20,12,20,0.3550,0.3550,0.0000,8,1,0,0,recheck,0,still,0
911,127,1,1,496,19,0,2,1,10,0,1,0,10,0,3,0,16,16,16,26,7,23,0.3505,0.3505,0.0000,9,1,0,0,recheck,0,still,0
911,133,2,0,-1,14,1,2,0,20,0,1,17,3,0,1,0,0,0,0,20,19,19,0.6820,0.0620,0.0000,12,0,1,0,,0,hop,1
911,142,2,1,114,19,0,2,0,15,0,1,0,15,0,0,1,6,6,7,21,16,23,0.5782,0.5782,0.0000,11,1,0,0,recheck,0,still,0
911,154,2,1,279,19,0,1,0,13,0,1,0,13,0,1,0,11,11,11,24,12,23,0.3452,0.3452,0.0000,9,1,0,0,recheck,0,still,0
912,118,3,1,417,22,0,1,0,19,0,1,7,12,0,0,0,8,8,8,27,19,27,0.4250,0.3250,0.0000,12,1,0,0,recheck,0,still,0
912,157,2,1,215,18,0,2,0,13,0,1,0,13,0,0,0,10,10,10,23,13,23,0.3241,0.3241,0.0000,7,1,0,0,recheck,0,still,0
912,158,1,1,169,17,1,2,0,14,0,1,0,14,0,1,0,8,8,8,22,13,21,0.2596,0.2596,0.0000,6,1,0,0,recheck,0,still,0
912,189,1,1,330,15,0,2,0,10,0,1,0,10,0,3,0,13,13,13,23,7,20,0.4641,0.4641,0.0000,12,1,0,0,recheck,0,still,0
913,21,2,1,540,21,0,2,0,9,0,1,0,9,0,0,0,17,17,17,26,9,26,0.5453,0.5453,0.0000,12,1,0,0,recheck,0,still,0
913,161,2,1,351,19,0,1,0,14,0,1,0,14,0,1,0,12,12,12,26,13,25,0.4284,0.4284,0.0000,10,1,0,0,recheck,0,still,0
913,181,1,1,172,19,0,1,1,25,0,1,13,12,0,2,0,2,2,2,27,23,25,0.4473,0.2631,0.0000,10,1,0,0,recheck,0,still,0
914,92,1,1,449,18,0,1,0,19,0,1,14,5,0,0,2,1,1,1,20,21,22,0.6221,0.2074,0.0000,11,1,0,0,recheck,0,still,0
914,146,2,1,302,13,0,2,0,8,0,1,4,4,0,0,0,14,14,14,22,8,22,0.3496,0.3496,0.0000,9,1,0,0,recheck,0,still,0
915,16,1,1,46,18,2,3,0,10,0,1,0,10,0,0,0,12,12,12,22,10,22,0.6199,0.6199,0.0000,10,1,0,0,recheck,0,still,0
915,56,1,1,462,22,0,1,0,12,0,1,0,12,0,0,0,15,15,15,27,12,27,0.5263,0.5263,0.0000,11,1,0,0,recheck,0,still,0
915,72,2,1,218,18,0,1,1,13,0,1,0,13,0,0,0,9,9,9,22,13,22,0.3639,0.3639,0.0000,7,1,0,0,recheck,0,still,0
915,84,1,1,465,22,0,2,0,14,0,1,0,14,0,0,0,12,12,13,26,14,27,0.5318,0.5318,0.0000,10,1,0,0,recheck,0,still,0
915,114,1,1,179,13,1,2,0,5,0,1,1,4,0,0,0,14,14,13,19,5,18,0.3517,0.3517,0.0000,7,1,0,0,recheck,0,still,0
915,130,1,1,455,16,2,4,0,12,0,1,0,12,0,1,0,9,9,9,21,11,20,0.6074,0.6074,0.0000,10,1,0,0,recheck,0,still,0
916,31,2,1,265,19,1,2,0,20,0,1,13,7,0,0,2,1,1,1,21,22,23,0.5606,0.2309,0.0000,11,1,0,0,recheck,0,still,0
916,153,1,1,243,17,0,2,0,12,0,1,0,12,0,3,1,10,10,10,22,10,20,0.2896,0.2896,0.0000,7,1,0,0,recheck,0,still,0
916,180,1,1,125,20,0,1,0,25,0,1,9,16,0,3,0,2,2,2,27,22,24,0.4745,0.3427,0.0000,13,1,0,0,recheck,0,still,0
917,13,2,1,351,18,1,2,0,18,0,1,3,15,0,0,0,4,4,5,22,18,23,0.6266,0.6266,0.0000,12,1,0,0,recheck,0,still,0
917,159,1,1,163,10,2,3,0,6,0,1,0,6,0,0,0,7,7,7,13,6,13,0.1742,0.1742,0.0000,3,1,0,0,recheck,0,still,0
918,35,2,1,68,18,0,1,0,10,0,1,0,10,0,0,0,11,11,12,21,10,22,0.3900,0.3900,0.0000,7,1,0,0,recheck,0,still,0
918,51,1,1,510,17,0,3,0,10,0,1,0,10,0,1,0,10,10,12,20,9,21,0.5629,0.5629,0.0000,9,1,0,0,recheck,0,still,0
918,62,2,1,450,20,0,1,0,22,0,1,11,11,0,0,2,2,2,2,24,24,26,0.6087,0.4485,0.0000,12,1,0,0,recheck,0,still,0
918,116,2,1,199,17,0,1,0,13,0,1,7,6,0,0,0,13,13,12,26,13,25,0.4305,0.4305,0.0000,10,1,0,0,recheck,0,still,0
918,126,2,1,109,19,0,1,1,9,0,1,0,9,0,2,0,15,15,15,24,7,22,0.3513,0.3513,0.0000,10,1,0,0,recheck,0,still,0
918,168,1,1,281,21,0,1,1,14,0,1,0,14,0,0,0,17,17,13,31,14,27,0.3473,0.3473,0.0000,9,1,0,0,recheck,0,still,0
919,89,1,1,367,22,1,2,0,21,0,1,7,14,0,0,1,3,3,4,24,22,26,0.7523,0.6806,0.0000,14,1,0,1,recheck,0,still,0
919,166,2,1,139,20,0,1,0,14,0,1,0,14,0,2,0,17,17,17,31,12,29,0.3487,0.3487,0.0000,10,1,0,0,recheck,0,still,0
919,169,1,1,480,18,1,2,0,16,0,1,0,16,0,0,1,3,3,4,19,17,21,0.6728,0.6728,0.0000,10,1,0,0,recheck,0,still,0
920,29,2,1,328,18,0,1,0,22,0,1,12,10,0,0,1,1,1,1,23,23,24,0.4914,0.3071,0.0000,11,1,0,0,recheck,0,still,0
920,54,2,1,447,19,1,2,0,9,0,1,0,9,0,0,0,16,16,16,25,9,25,0.5753,0.5753,0.0000,12,1,0,0,recheck,0,still,0
920,77,3,1,358,18,0,4,0,12,0,1,0,12,0,0,0,12,12,12,24,12,24,0.5200,0.5200,0.0000,11,1,0,0,recheck,0,still,0
920,108,1,1,390,15,0,2,0,17,0,1,14,3,0,0,1,0,0,0,17,18,18,0.6435,0.1430,0.0000,10,1,0,0,recheck,0,still,0
920,132,1,1,407,19,0,3,0,20,0,1,12,8,0,0,2,1,1,1,21,22,23,0.5735,0.3584,0.0000,10,1,0,0,recheck,0,still,0
920,188,1,1,287,16,1,2,0,10,0,1,0,10,0,3,0,13,13,12,23,7,19,0.3545,0.3545,0.0000,9,1,0,0,recheck,0,still,0
921,145,1,1,329,14,1,2,0,8,0,1,0,8,0,2,0,13,13,12,21,6,18,0.3913,0.3913,0.0000,8,1,0,0,recheck,0,still,0
921,176,1,1,144,23,1,2,0,20,0,1,3,17,0,1,0,9,9,8,29,19,27,0.4167,0.4167,0.0000,14,1,0,0,recheck,0,still,0
921,189,1,1,339,14,0,2,0,10,0,1,0,10,0,3,0,13,13,12,23,7,19,0.4384,0.4384,0.0000,11,1,0,0,period_end,0,still,0
922,131,1,1,465,19,0,2,1,17,0,1,0,17,0,1,0,15,15,12,32,16,28,0.3469,0.3469,0.0000,9,1,0,0,recheck,0,still,0
923,4,2,1,289,15,0,1,0,8,0,1,4,4,0,0,0,14,14,14,22,8,22,0.3714,0.3714,0.0000,8,1,0,0,recheck,0,still,0
923,58,1,1,477,19,2,3,0,15,0,1,0,15,0,0,0,12,12,12,27,15,27,0.5417,0.5417,0.0000,9,1,0,0,recheck,0,still,0
923,65,1,1,350,16,0,2,0,19,0,1,14,5,0,0,1,0,0,0,19,20,20,0.5754,0.1692,0.0000,10,1,0,0,period_end,0,still,0
924,15,1,1,466,17,3,4,0,13,0,1,0,13,0,1,0,9,9,9,22,12,21,0.6057,0.6057,0.0000,10,1,0,0,recheck,0,still,0
924,83,1,1,592,20,0,1,0,12,0,1,0,12,0,0,0,14,14,15,26,12,27,0.5677,0.5677,0.0000,11,1,0,0,recheck,0,still,0
924,170,2,1,561,18,0,1,0,13,0,1,0,13,0,0,0,11,11,11,24,13,24,0.5323,0.5323,0.0000,10,1,0,0,recheck,0,still,0
925,26,3,1,257,23,0,2,0,23,0,1,7,16,0,0,0,5,5,5,28,23,28,0.5184,0.4608,0.0000,13,1,0,0,recheck,0,still,0
925,76,3,1,484,18,0,1,0,14,0,1,0,14,0,0,2,8,8,8,22,16,24,0.5953,0.5953,0.0000,12,1,0,0,recheck,0,still,0
925,85,1,1,595,21,0,2,0,14,0,1,0,14,0,0,0,11,11,12,25,14,26,0.5717,0.5717,0.0000,10,1,0,0,recheck,0,still,0
925,87,1,1,345,23,1,2,0,19,0,1,3,16,0,0,0,6,6,7,25,19,26,0.5986,0.5986,0.0000,11,1,0,0,recheck,0,still,0
925,174,1,1,336,15,0,1,0,20,0,1,15,5,0,1,0,1,1,0,21,19,19,0.5924,0.1317,0.0000,10,1,0,0,period_end,0,still,0
926,79,1,1,444,18,1,2,0,8,0,1,0,8,0,0,0,12,12,13,20,8,21,0.5597,0.5597,0.0000,9,1,0,0,recheck,0,still,0
926,90,1,1,410,22,0,1,0,22,0,1,7,15,0,0,0,2,2,3,24,22,25,0.6789,0.6110,0.0000,14,1,0,0,recheck,0,still,0
926,95,1,1,197,19,1,3,0,6,0,1,0,6,0,0,0,14,14,15,20,6,21,0.4006,0.4006,0.0000,7,1,0,0,recheck,0,still,0
926,111,1,0,-1,4,2,3,0,4,0,0,4,0,0,0,0,0,0,0,4,4,4,0.1458,0.0000,0.0000,3,0,0,0,,0,pending,0
926,163,1,1,461,17,0,1,0,14,0,1,0,14,0,5,0,12,12,12,26,9,21,0.3792,0.3792,0.0000,8,1,0,0,recheck,0,still,0
926,171,1,1,440,20,1,2,0,17,0,1,0,17,0,1,0,15,15,12,32,16,28,0.3941,0.3941,0.0000,12,1,0,0,recheck,0,still,0
927,12,2,1,512,19,0,1,0,19,0,1,5,14,0,0,0,4,4,5,23,19,24,0.4235,0.4235,0.0000,8,1,0,0,recheck,0,still,0
927,14,1,1,471,19,0,1,0,17,0,1,1,16,0,0,0,2,2,4,19,17,21,0.5172,0.5172,0.0000,9,1,0,0,recheck,0,still,0
927,86,1,1,507,22,0,3,0,17,0,1,2,15,0,0,0,8,8,9,25,17,26,0.6109,0.6109,0.0000,11,1,0,0,recheck,0,still,0
927,111,1,0,-1,4,2,3,0,4,0,0,4,0,0,0,0,0,0,0,4,4,4,0.1457,0.0000,0.0000,3,0,0,0,,0,hop,1
927,174,1,1,338,15,0,1,0,20,0,1,15,5,0,1,0,1,1,0,21,19,19,0.5927,0.1317,0.0000,10,1,0,0,recheck,0,still,0
928,1,1,1,185,19,0,3,0,6,0,1,0,6,0,0,0,16,16,16,22,6,22,0.4265,0.4265,0.0000,7,1,0,0,recheck,0,still,0
928,25,2,1,613,21,1,3,0,18,0,1,3,15,0,0,0,10,10,10,28,18,28,0.5463,0.5463,0.0000,11,1,0,0,recheck,0,still,0
928,32,1,1,359,15,0,1,0,16,0,1,15,1,0,0,1,0,0,0,16,17,17,0.5907,0.0738,0.0000,8,1,0,0,period_end,0,still,0
928,195,1,1,283,17,1,2,0,9,0,1,0,9,0,3,0,15,15,15,24,6,21,0.3453,0.3453,0.0000,10,1,0,0,recheck,0,still,0
929,8,2,1,97,19,0,1,0,18,0,1,8,10,0,0,0,8,8,8,26,18,26,0.4545,0.4545,0.0000,10,1,0,0,recheck,0,still,0
929,10,1,1,474,19,1,2,0,18,0,1,7,11,0,1,0,6,6,6,24,17,23,0.5583,0.5583,0.0000,11,1,0,0,recheck,0,still,0
929,17,3,1,481,18,0,2,0,7,0,1,0,7,0,0,0,16,16,16,23,7,23,0.5333,0.5333,0.0000,12,1,0,0,recheck,0,still,0
929,145,1,1,337,14,1,2,0,6,0,1,0,6,0,1,0,15,15,13,21,5,18,0.3916,0.3916,0.0000,8,1,0,0,period_end,0,still,0
929,199,1,1,219,13,1,3,0,4,0,1,0,4,0,0,0,11,11,11,15,4,15,0.2621,0.2621,0.0000,5,1,0,0,recheck,0,still,0
930,5,2,1,298,15,0,1,0,11,0,1,6,5,0,0,0,13,13,13,24,11,24,0.4003,0.4003,0.0000,9,1,0,0,recheck,0,still,0
930,6,2,1,299,17,0,2,0,16,0,1,8,8,0,0,0,10,10,10,26,16,26,0.3627,0.3627,0.0000,8,1,0,0,recheck,0,still,0
930,23,2,1,362,21,1,2,0,16,0,1,0,16,0,0,0,12,12,13,28,16,29,0.5240,0.5240,0.0000,10,1,0,0,recheck,0,still,0
930,65,1,1,357,16,0,2,0,19,0,1,14,5,0,0,1,0,0,0,19,20,20,0.5754,0.1692,0.0000,10,1,0,0,recheck,0,still,0
930,107,3,1,461,19,1,2,0,21,0,1,15,6,0,0,0,1,1,1,22,21,22,0.6278,0.2283,0.0000,14,1,0,0,recheck,0,still,0
930,143,1,1,216,18,1,3,0,21,0,1,11,10,0,1,1,1,1,2,22,21,23,0.5759,0.4065,0.0000,11,1,0,0,recheck,0,still,0
930,149,1,1,281,19,0,1,0,16,0,1,8,8,0,0,0,10,10,9,26,16,25,0.3233,0.3233,0.0000,7,1,0,0,recheck,0,still,0
931,40,1,1,198,16,1,2,0,9,0,1,6,3,0,0,0,11,11,12,20,9,21,0.4329,0.4329,0.0000,8,1,0,0,recheck,0,still,0
931,66,1,1,408,16,0,1,0,18,0,1,16,2,0,0,1,0,0,0,18,19,19,0.6462,0.1020,0.0000,10,1,0,0,recheck,0,still,0
931,80,1,1,108,18,1,2,0,6,0,1,0,6,0,0,0,14,14,14,20,6,20,0.5710,0.5710,0.0000,10,1,0,0,recheck,0,still,0
931,88,1,1,377,21,0,1,0,20,0,1,4,16,0,0,0,4,4,4,24,20,24,0.6454,0.5737,0.0000,13,1,0,0,recheck,0,still,0
931,172,1,1,294,21,0,1,1,20,0,1,2,18,0,3,0,10,10,10,30,17,27,0.3989,0.3989,0.0000,11,1,0,0,recheck,0,still,0
932,3,2,1,231,15,0,1,0,5,0,1,1,4,0,0,0,13,13,13,18,5,18,0.3416,0.3416,0.0000,6,1,0,0,recheck,0,still,0
932,28,2,1,320,21,0,2,0,24,0,1,9,15,0,1,0,2,2,2,26,23,25,0.5997,0.4498,0.0000,13,1,0,0,recheck,0,still,0
932,113,1,1,225,15,0,2,0,7,0,1,0,7,0,1,0,14,14,13,21,6,19,0.3238,0.3238,0.0000,7,1,0,0,recheck,0,still,0
932,165,1,1,559,19,1,2,0,10,0,1,0,10,0,3,0,16,16,16,26,7,23,0.3483,0.3483,0.0000,10,1,0,0,recheck,0,still,0
933,50,1,1,144,18,1,3,0,10,0,1,0,10,0,0,0,11,11,12,21,10,22,0.5786,0.5786,0.0000,9,1,0,0,recheck,0,still,0
934,136,2,0,-1,13,0,4,0,15,0,0,15,0,0,0,0,0,0,0,15,15,15,0.5626,0.0000,0.0000,11,0,0,0,,0,pending,0
934,138,1,1,385,20,0,1,0,24,0,1,8,16,0,2,0,4,4,3,28,22,25,0.5283,0.4755,0.0000,15,1,0,0,recheck,0,still,0
935,11,1,1,448,19,0,1,0,19,0,1,6,13,0,1,0,5,5,5,24,18,23,0.5503,0.5503,0.0000,10,1,0,0,recheck,0,still,0
935,135,1,1,154,23,0,2,0,20,0,1,3,17,0,1,0,9,9,8,29,19,27,0.4780,0.4780,0.0000,14,1,0,0,recheck,0,still,0
935,136,2,0,-1,13,0,4,0,15,0,0,15,0,0,0,0,0,0,0,15,15,15,0.5626,0.0000,0.0000,11,0,0,0,,0,hop,1
936,9,1,1,286,21,0,1,0,19,0,1,8,11,0,1,0,7,7,7,26,18,25,0.4674,0.4674,0.0000,9,1,0,0,recheck,0,still,0
936,57,1,1,452,22,1,2,0,14,0,1,0,14,0,0,0,14,14,14,28,14,28,0.5719,0.5719,0.0000,11,1,0,0,recheck,0,still,0
936,115,2,1,418,15,0,1,0,8,0,1,5,3,0,0,0,15,15,14,23,8,22,0.2964,0.2964,0.0000,8,1,0,0,recheck,0,still,0
936,177,1,1,166,21,0,1,1,22,0,1,6,16,0,0,0,7,7,4,29,22,26,0.5295,0.5295,0.0000,15,1,0,0,recheck,0,still,0
937,47,2,1,508,18,0,2,0,18,0,1,1,17,0,0,0,4,4,5,22,18,23,0.6795,0.6795,0.0000,12,1,0,0,recheck,0,still,0
937,128,1,1,531,21,0,1,1,13,0,1,0,13,0,1,0,17,17,15,30,12,27,0.3482,0.3482,0.0000,9,1,0,0,recheck,0,still,0
938,19,3,1,565,20,0,2,0,10,0,1,0,10,0,0,0,16,16,16,26,10,26,0.5057,0.5057,0.0000,12,1,0,0,recheck,0,still,0
938,49,2,1,519,17,1,4,0,12,0,1,0,12,0,0,0,12,12,12,24,12,24,0.6489,0.6489,0.0000,11,1,0,0,recheck,0,still,0
938,55,2,1,176,20,0,1,0,12,0,1,0,12,0,0,0,16,16,16,28,12,28,0.5164,0.5164,0.0000,12,1,0,0,recheck,0,still,0
938,87,1,1,358,23,1,2,0,19,0,1,3,16,0,0,0,6,6,7,25,19,26,0.5986,0.5986,0.0000,11,1,0,0,period_end,0,still,0
938,102,2,0,-1,2,0,3,1,2,0,0,2,0,0,0,0,0,0,0,2,2,2,0.0660,0.0000,0.0000,2,0,0,0,,0,hop,1
938,117,3,1,398,18,0,1,0,17,0,1,8,9,0,0,0,10,10,10,27,17,27,0.3664,0.3420,0.0000,10,1,0,0,recheck,0,still,0
939,2,1,1,103,16,0,1,0,6,0,1,0,6,0,0,0,15,15,14,21,6,20,0.3776,0.3776,0.0000,6,1,0,0,recheck,0,still,0
939,6,2,1,308,17,0,2,0,16,0,1,8,8,0,0,0,10,10,10,26,16,26,0.3627,0.3627,0.0000,8,1,0,0,period_end,0,still,0
939,7,2,1,304,18,0,1,0,16,0,1,8,8,0,0,0,9,9,9,25,16,25,0.3900,0.3900,0.0000,8,1,0,0,recheck,0,still,0
941,32,1,1,372,15,0,1,0,16,0,1,15,1,0,0,1,0,0,0,16,17,17,0.5906,0.0738,0.0000,8,1,0,0,recheck,0,still,0
941,44,1,1,523,18,0,1,0,17,0,1,6,11,0,0,0,5,5,5,22,17,22,0.4813,0.4813,0.0000,9,1,0,0,recheck,0,still,0
941,91,1,1,382,20,2,3,0,22,0,1,9,13,0,1,1,1,1,2,23,22,24,0.6255,0.4609,0.0000,12,1,0,0,recheck,0,still,0
941,109,2,1,485,13,2,3,0,17,0,0,17,0,0,0,0,0,0,0,17,17,17,0.7434,0.0000,0.0000,12,0,0,1,recheck,0,still,0
941,123,2,1,169,15,0,3,0,6,0,1,0,6,0,0,0,14,14,14,20,6,20,0.3550,0.3550,0.0000,8,1,0,0,recheck,0,still,0
941,127,1,1,526,19,0,2,1,10,0,1,0,10,0,3,0,16,16,16,26,7,23,0.3505,0.3505,0.0000,9,1,0,0,recheck,0,still,0
941,142,2,1,144,19,0,2,0,15,0,1,0,15,0,0,1,6,6,7,21,16,23,0.5786,0.5786,0.0000,11,1,0,0,recheck,0,still,0
941,154,2,1,309,19,0,1,0,9,0,1,0,9,0,1,0,15,15,15,24,8,23,0.3452,0.3452,0.0000,9,1,0,0,recheck,0,still,0
942,28,2,1,330,21,0,2,0,24,0,1,9,15,0,1,0,2,2,2,26,23,25,0.5993,0.4495,0.0000,13,1,0,0,period_end,0,still,0
942,118,3,1,447,22,0,1,0,19,0,1,7,12,0,0,0,8,8,8,27,19,27,0.4250,0.3250,0.0000,12,1,0,0,recheck,0,still,0
942,146,2,1,330,12,0,2,0,7,0,1,3,4,0,0,0,14,14,14,21,7,21,0.3497,0.3497,0.0000,9,1,0,0,period_end,0,still,0
942,157,2,1,245,18,0,2,0,8,0,1,0,8,0,0,0,15,15,15,23,8,23,0.3241,0.3241,0.0000,7,1,0,0,recheck,0,still,0
942,158,1,1,199,17,1,2,0,8,0,1,0,8,0,0,0,14,14,13,22,8,21,0.2596,0.2596,0.0000,6,1,0,0,recheck,0,still,0
942,189,1,1,360,14,0,2,0,7,0,1,0,7,0,1,0,16,16,13,23,6,19,0.4647,0.4647,0.0000,12,1,0,0,recheck,0,still,0
943,21,2,1,570,21,0,2,0,9,0,1,0,9,0,0,0,17,17,17,26,9,26,0.5454,0.5454,0.0000,12,1,0,0,recheck,0,still,0
943,161,2,1,381,19,0,1,0,14,0,1,0,14,0,1,0,12,12,12,26,13,25,0.4284,0.4284,0.0000,10,1,0,0,recheck,0,still,0
943,181,1,1,202,19,0,1,1,26,0,1,13,13,0,2,0,1,1,1,27,24,25,0.4473,0.2631,0.0000,10,1,0,0,recheck,0,still,0
944,92,1,1,479,18,2,3,0,19,0,1,14,5,0,0,2,1,1,1,20,21,22,0.6149,0.2050,0.0000,11,1,0,0,recheck,0,still,0
944,119,1,0,-1,21,0,1,0,17,0,1,6,11,0,0,1,8,8,7,25,18,25,0.4418,0.3534,0.0000,10,1,0,0,,0,start_holder,0
944,146,2,1,332,12,0,2,0,7,0,1,2,5,0,0,0,14,14,14,21,7,21,0.3498,0.3498,0.0000,9,1,0,0,recheck,0,still,0
944,194,1,0,-1,19,0,1,0,18,0,1,6,12,0,1,0,8,8,6,26,17,23,0.4618,0.3260,0.0000,12,1,0,0,,0,start_holder,0
945,7,2,1,310,18,0,1,0,16,0,1,6,10,0,0,0,9,9,9,25,16,25,0.3900,0.3900,0.0000,8,1,0,0,period_end,0,still,0
945,16,1,1,76,18,2,3,0,10,0,1,0,10,0,0,0,12,12,12,22,10,22,0.6167,0.6167,0.0000,10,1,0,0,recheck,0,still,0
945,56,1,1,492,22,0,1,0,12,0,1,0,12,0,0,0,15,15,15,27,12,27,0.5263,0.5263,0.0000,11,1,0,0,recheck,0,still,0
945,72,2,1,248,18,0,1,1,8,0,1,0,8,0,0,0,14,14,14,22,8,22,0.3642,0.3642,0.0000,7,1,0,0,recheck,0,still,0
945,84,1,1,495,22,0,2,0,14,0,1,0,14,0,0,0,12,12,13,26,14,27,0.5318,0.5318,0.0000,10,1,0,0,recheck,0,still,0
945,114,1,1,209,13,1,2,0,5,0,1,0,5,0,0,0,14,14,13,19,5,18,0.3517,0.3517,0.0000,7,1,0,0,recheck,0,still,0
945,130,1,1,485,16,2,4,0,12,0,1,0,12,0,1,0,9,9,9,21,11,20,0.6038,0.6038,0.0000,10,1,0,0,recheck,0,still,0
946,31,2,1,295,19,1,3,0,19,0,1,13,6,0,0,2,2,2,2,21,21,23,0.5607,0.2309,0.0000,11,1,0,0,recheck,0,still,0
946,153,1,1,273,17,0,2,0,9,0,1,0,9,0,3,0,13,13,14,22,6,20,0.2896,0.2896,0.0000,7,1,0,0,recheck,0,still,0
946,180,1,1,155,20,0,1,0,25,0,1,10,15,0,3,0,3,3,3,28,22,25,0.5272,0.3427,0.0000,14,1,0,0,recheck,0,still,0
947,13,2,1,381,18,1,2,0,18,0,1,3,15,0,0,0,4,4,5,22,18,23,0.5936,0.5936,0.0000,11,1,0,0,recheck,0,still,0
947,159,1,1,193,10,2,3,0,4,0,1,0,4,0,0,0,9,9,9,13,4,13,0.1742,0.1742,0.0000,3,1,0,0,recheck,0,still,0
948,35,2,1,98,18,0,1,0,6,0,1,0,6,0,0,0,15,15,16,21,6,22,0.3902,0.3902,0.0000,7,1,0,0,recheck,0,still,0
948,51,1,1,540,17,0,3,0,9,0,1,0,9,0,0,0,10,10,12,19,9,21,0.5286,0.5286,0.0000,8,1,0,0,recheck,0,still,0
948,62,2,1,480,20,0,1,0,21,0,1,11,10,0,0,2,3,3,3,24,23,26,0.6088,0.4486,0.0000,12,1,0,0,recheck,0,still,0
948,116,2,1,229,17,0,1,0,13,0,1,5,8,0,0,0,13,13,12,26,13,25,0.4305,0.4305,0.0000,10,1,0,0,recheck,0,still,0
948,126,2,1,139,19,0,1,1,9,0,1,0,9,0,2,0,15,15,15,24,7,22,0.3513,0.3513,0.0000,10,1,0,0,recheck,0,still,0
948,168,1,1,311,21,0,1,1,14,0,1,0,14,0,0,0,17,17,13,31,14,27,0.3473,0.3473,0.0000,9,1,0,0,recheck,0,still,0
949,89,1,1,397,22,1,2,0,20,0,1,7,13,0,0,1,4,4,5,24,21,26,0.7512,0.6797,0.0000,14,1,0,1,recheck,0,still,0
949,166,2,1,169,20,0,1,0,14,0,1,0,14,0,2,0,17,17,17,31,12,29,0.3487,0.3487,0.0000,10,1,0,0,recheck,0,still,0
949,169,1,1,510,18,1,2,0,16,0,1,0,16,0,0,1,3,3,4,19,17,21,0.6726,0.6726,0.0000,10,1,0,0,recheck,0,still,0
950,29,2,1,358,18,0,1,0,21,0,1,12,9,0,0,1,2,2,2,23,22,24,0.4892,0.3057,0.0000,11,1,0,0,recheck,0,still,0
950,54,2,1,477,19,1,2,0,9,0,1,0,9,0,0,0,16,16,16,25,9,25,0.5752,0.5752,0.0000,12,1,0,0,recheck,0,still,0
950,77,3,1,388,18,0,4,0,12,0,1,0,12,0,0,0,12,12,12,24,12,24,0.5202,0.5202,0.0000,11,1,0,0,recheck,0,still,0
950,108,1,1,420,15,0,2,0,16,0,1,14,2,0,0,2,1,1,1,17,18,19,0.6459,0.1435,0.0000,10,1,0,0,recheck,0,still,0
950,132,1,1,437,19,0,3,0,19,0,1,12,7,0,0,2,2,2,2,21,21,23,0.5738,0.3586,0.0000,10,1,0,0,recheck,0,still,0
950,188,1,1,317,16,1,2,0,7,0,1,0,7,0,2,0,16,16,14,23,5,19,0.3545,0.3545,0.0000,9,1,0,0,recheck,0,still,0
951,145,1,1,359,14,1,2,0,6,0,1,0,6,0,1,0,15,15,13,21,5,18,0.3918,0.3918,0.0000,8,1,0,0,recheck,0,still,0
951,176,1,1,174,23,1,2,0,19,0,1,3,16,0,1,0,10,10,9,29,18,27,0.4167,0.4167,0.0000,14,1,0,0,recheck,0,still,0
952,9,1,1,302,21,0,1,0,19,0,1,6,13,0,1,0,7,7,7,26,18,25,0.4674,0.4674,0.0000,9,1,0,0,period_end,0,still,0
952,131,1,1,495,19,0,2,1,16,0,1,0,16,0,1,0,16,16,13,32,15,28,0.3469,0.3469,0.0000,9,1,0,0,recheck,0,still,0
953,4,2,1,319,15,0,1,0,8,0,1,2,6,0,0,0,14,14,14,22,8,22,0.3714,0.3714,0.0000,8,1,0,0,recheck,0,still,0
953,58,1,1,507,19,2,3,0,14,0,1,0,14,0,0,0,13,13,13,27,14,27,0.5416,0.5416,0.0000,9,1,0,0,recheck,0,still,0
953,160,1,0,-1,1,0,1,1,0,0,0,0,0,0,0,0,0,0,0,0,0,0,0.0000,0.0000,0.0000,0,0,0,0,,0,hop,1
954,15,1,1,496,17,3,4,0,13,0,1,0,13,0,1,0,9,9,9,22,12,21,0.6038,0.6038,0.0000,10,1,0,0,recheck,0,still,0
954,83,1,1,622,20,0,1,0,12,0,1,0,12,0,0,0,14,14,15,26,12,27,0.5677,0.5677,0.0000,11,1,0,0,recheck,0,still,0
954,170,2,1,591,18,0,1,0,13,0,1,0,13,0,0,0,11,11,11,24,13,24,0.5955,0.5955,0.0000,11,1,0,0,recheck,0,still,0
955,26,3,1,287,22,0,2,0,22,0,1,7,15,0,0,0,6,6,6,28,22,28,0.5184,0.4608,0.0000,13,1,0,0,recheck,0,still,0
955,34,1,0,-1,8,0,2,1,9,0,0,9,0,0,0,1,0,0,0,9,10,10,0.2956,0.0000,0.0000,6,0,0,0,,0,pending,0
955,68,3,1,48,18,2,3,0,5,0,1,0,5,0,0,0,17,17,17,22,5,22,0.3583,0.3583,0.0000,8,1,0,0,recheck,0,still,0
955,76,3,1,514,18,0,1,0,15,0,1,0,15,0,0,1,8,8,8,23,16,24,0.5953,0.5953,0.0000,12,1,0,0,recheck,0,still,0
955,85,1,1,625,21,0,2,0,15,0,1,0,15,0,0,0,11,11,12,26,15,27,0.5717,0.5717,0.0000,10,1,0,0,recheck,0,still,0
955,87,1,1,375,23,1,2,0,18,0,1,3,15,0,0,0,7,7,8,25,18,26,0.5986,0.5986,0.0000,11,1,0,0,recheck,0,still,0
955,103,1,0,-1,7,1,2,0,7,0,0,7,0,0,0,1,0,0,0,7,8,8,0.2585,0.0000,0.0000,5,0,0,0,,0,hop,1
956,34,1,0,-1,8,0,1,1,9,0,0,9,0,0,0,1,0,0,0,9,10,10,0.2956,0.0000,0.0000,6,0,0,0,,0,hop,1
956,79,1,1,474,18,1,2,0,8,0,1,0,8,0,0,0,12,12,13,20,8,21,0.5597,0.5597,0.0000,9,1,0,0,recheck,0,still,0
956,90,1,1,440,22,0,1,0,21,0,1,7,14,0,0,0,3,3,4,24,21,25,0.6775,0.6098,0.0000,14,1,0,0,recheck,0,still,0
956,95,1,1,227,19,1,3,0,4,0,1,0,4,0,0,0,16,16,17,20,4,21,0.3982,0.3982,0.0000,7,1,0,0,recheck,0,still,0
956,163,1,1,491,17,0,1,0,14,0,1,0,14,0,5,0,12,12,12,26,9,21,0.3792,0.3792,0.0000,8,1,0,0,recheck,0,still,0
956,171,1,1,470,20,1,2,0,16,0,1,0,16,0,1,0,16,16,13,32,15,28,0.3941,0.3941,0.0000,12,1,0,0,recheck,0,still,0
957,12,2,1,542,19,0,1,0,19,0,1,5,14,0,0,0,4,4,5,23,19,24,0.4235,0.4235,0.0000,8,1,0,0,recheck,0,still,0
957,14,1,1,501,19,0,1,0,17,0,1,1,16,0,0,0,2,2,4,19,17,21,0.5910,0.5910,0.0000,10,1,0,0,recheck,0,still,0
957,86,1,1,537,22,0,3,0,16,0,1,2,14,0,0,0,9,9,10,25,16,26,0.6109,0.6109,0.0000,11,1,0,0,recheck,0,still,0
957,174,1,1,368,15,0,1,0,18,0,1,14,4,0,1,0,2,2,1,20,17,18,0.5970,0.1327,0.0000,10,1,0,0,recheck,0,still,0
958,1,1,1,215,19,0,3,0,4,0,1,0,4,0,0,0,18,18,18,22,4,22,0.4269,0.4269,0.0000,7,1,0,0,recheck,0,still,0
958,4,2,1,324,15,0,1,0,8,0,1,2,6,0,0,0,14,14,14,22,8,22,0.3714,0.3714,0.0000,8,1,0,0,period_end,0,still,0
958,25,2,1,643,21,1,3,0,17,0,1,3,14,0,0,0,11,11,11,28,17,28,0.5463,0.5463,0.0000,11,1,0,0,recheck,0,still,0
958,195,1,1,313,17,1,2,0,7,0,1,0,7,0,3,0,17,17,17,24,4,21,0.3453,0.3453,0.0000,10,1,0,0,recheck,0,still,0
959,8,2,1,127,19,0,1,0,18,0,1,6,12,0,0,0,8,8,8,26,18,26,0.4545,0.4545,0.0000,10,1,0,0,recheck,0,still,0
959,10,1,1,504,20,1,2,0,19,0,1,6,13,0,1,0,6,6,6,25,18,24,0.5583,0.5583,0.0000,11,1,0,0,recheck,0,still,0
959,17,3,1,511,18,0,2,0,7,0,1,0,7,0,0,0,16,16,16,23,7,23,0.5341,0.5341,0.0000,12,1,0,0,recheck,0,still,0
959,199,1,1,249,13,1,3,0,4,0,1,0,4,0,0,0,11,11,11,15,4,15,0.2621,0.2621,0.0000,5,1,0,0,recheck,0,still,0
960,5,2,1,328,15,0,1,0,11,0,1,4,7,0,0,0,13,13,13,24,11,24,0.4003,0.4003,0.0000,9,1,0,0,recheck,0,still,0
960,6,2,1,329,17,0,2,0,16,0,1,6,10,0,0,0,10,10,10,26,16,26,0.3627,0.3627,0.0000,8,1,0,0,recheck,0,still,0
960,23,2,1,392,21,1,2,0,16,0,1,1,15,0,0,0,13,13,14,29,16,30,0.5245,0.5245,0.0000,10,1,0,0,recheck,0,still,0
960,25,2,1,645,21,1,3,0,17,0,1,3,14,0,0,0,11,11,11,28,17,28,0.5463,0.5463,0.0000,11,1,0,0,period_end,0,still,0
960,65,1,1,387,16,0,3,0,18,0,1,14,4,0,0,1,1,1,1,19,19,20,0.5754,0.1692,0.0000,10,1,0,0,recheck,0,still,0
960,107,3,1,491,19,1,2,0,20,0,1,15,5,0,0,0,2,2,2,22,20,22,0.6279,0.2283,0.0000,14,1,0,0,recheck,0,still,0
960,143,1,1,246,18,1,3,0,19,0,1,10,9,0,1,1,2,2,3,21,19,22,0.5762,0.4067,0.0000,11,1,0,0,recheck,0,still,0
960,149,1,1,311,19,0,1,0,16,0,1,6,10,0,0,0,10,10,9,26,16,25,0.3233,0.3233,0.0000,7,1,0,0,recheck,0,still,0
961,40,1,1,228,16,1,2,0,9,0,1,4,5,0,0,0,11,11,12,20,9,21,0.4329,0.4329,0.0000,8,1,0,0,recheck,0,still,0
961,66,1,1,438,16,0,1,0,18,0,1,16,2,0,0,1,0,0,0,18,19,19,0.6119,0.1020,0.0000,9,1,0,0,recheck,0,still,0
961,80,1,1,138,18,1,2,0,7,0,1,0,7,0,0,0,13,13,13,20,7,20,0.5707,0.5707,0.0000,10,1,0,0,recheck,0,still,0
961,88,1,1,407,21,0,1,0,19,0,1,4,15,0,0,0,5,5,5,24,19,24,0.6454,0.5737,0.0000,13,1,0,0,recheck,0,still,0
961,144,2,0,-1,10,0,3,0,11,0,0,11,0,0,0,0,0,0,0,11,11,11,0.4120,0.0000,0.0000,9,0,0,0,,0,pending,0
961,172,1,1,324,21,0,1,1,19,0,1,2,17,0,3,0,11,11,11,30,16,27,0.3989,0.3989,0.0000,11,1,0,0,period_end,0,still,0
962,3,2,1,261,15,0,1,0,5,0,1,0,5,0,0,0,13,13,13,18,5,18,0.3416,0.3416,0.0000,6,1,0,0,recheck,0,still,0
962,28,2,1,350,21,0,2,0,23,0,1,9,14,0,1,0,3,3,3,26,22,25,0.5383,0.3888,0.0000,12,1,0,0,recheck,0,still,0
962,113,1,1,255,15,0,2,0,6,0,1,0,6,0,1,0,15,15,14,21,5,19,0.3238,0.3238,0.0000,7,1,0,0,recheck,0,still,0
962,144,2,0,-1,10,0,3,0,10,0,0,10,0,0,0,0,0,0,0,10,10,10,0.4120,0.0000,0.0000,9,0,0,0,,0,hop,1
962,165,1,1,589,19,1,2,0,11,0,1,0,11,0,3,0,15,15,15,26,8,23,0.3483,0.3483,0.0000,10,1,0,0,recheck,0,still,0
963,50,1,1,174,18,1,3,0,11,0,1,0,11,0,0,0,10,10,11,21,11,22,0.5803,0.5803,0.0000,9,1,0,0,recheck,0,still,0
964,138,1,1,415,20,0,1,0,22,0,1,7,15,0,2,0,5,5,4,27,20,24,0.5283,0.4755,0.0000,15,1,0,0,recheck,0,still,0
965,11,1,1,478,19,0,1,0,19,0,1,6,13,0,1,0,5,5,5,24,18,23,0.5503,0.5503,0.0000,10,1,0,0,recheck,0,still,0
965,135,1,1,184,23,0,2,0,19,0,1,3,16,0,1,0,10,10,9,29,18,27,0.4780,0.4780,0.0000,14,1,0,0,recheck,0,still,0
966,9,1,1,316,21,0,1,0,19,0,1,6,13,0,1,0,7,7,7,26,18,25,0.4674,0.4674,0.0000,9,1,0,0,recheck,0,still,0
966,57,1,1,482,22,1,2,0,14,0,1,0,14,0,0,0,14,14,14,28,14,28,0.5719,0.5719,0.0000,11,1,0,0,recheck,0,still,0
966,115,2,1,448,15,0,1,0,8,0,1,3,5,0,0,0,15,15,14,23,8,22,0.2964,0.2964,0.0000,8,1,0,0,recheck,0,still,0
966,177,1,1,196,21,0,1,1,21,0,1,6,15,0,0,0,8,8,5,29,21,26,0.5295,0.5295,0.0000,15,1,0,0,recheck,0,still,0
967,47,2,1,538,18,0,2,0,18,0,1,1,17,0,0,0,4,4,5,22,18,23,0.7118,0.7118,0.0000,13,1,0,1,recheck,0,still,0
967,128,1,1,561,21,0,1,1,14,0,1,0,14,0,2,0,16,16,15,30,12,27,0.3482,0.3482,0.0000,9,1,0,0,recheck,0,still,0
967,152,1,0,-1,7,0,3,1,10,0,0,10,0,0,1,0,0,0,0,10,9,9,0.3709,0.0000,0.0000,7,0,0,0,,0,pending,0
968,19,3,1,595,20,0,2,0,11,0,1,0,11,0,0,0,15,15,15,26,11,26,0.5059,0.5059,0.0000,12,1,0,0,recheck,0,still,0
968,49,2,1,549,17,1,4,0,13,0,1,0,13,0,0,0,11,11,11,24,13,24,0.6462,0.6462,0.0000,11,1,0,0,recheck,0,still,0
968,55,2,1,206,20,0,1,0,12,0,1,0,12,0,0,0,16,16,16,28,12,28,0.5164,0.5164,0.0000,12,1,0,0,recheck,0,still,0
968,117,3,1,428,18,0,1,0,17,0,1,6,11,0,0,0,10,10,10,27,17,27,0.3422,0.3422,0.0000,9,1,0,0,recheck,0,still,0
968,152,1,0,-1,7,0,3,1,10,0,0,10,0,0,1,0,0,0,0,10,9,9,0.3711,0.0000,0.0000,7,0,0,0,,0,hop,1
969,2,1,1,133,16,0,1,0,4,0,1,0,4,0,0,0,17,17,16,21,4,20,0.3776,0.3776,0.0000,6,1,0,0,recheck,0,still,0
969,7,2,1,334,18,0,1,0,16,0,1,6,10,0,0,0,9,9,9,25,16,25,0.3900,0.3900,0.0000,8,1,0,0,recheck,0,still,0
969,188,1,1,336,16,1,2,0,6,0,1,0,6,0,2,0,17,17,15,23,4,19,0.3545,0.3545,0.0000,9,1,0,0,period_end,0,still,0
971,32,1,1,402,15,0,1,0,16,0,1,15,1,0,0,1,0,0,0,16,17,17,0.5894,0.0737,0.0000,8,1,0,0,recheck,0,still,0
971,44,1,1,553,19,0,1,0,17,0,1,6,11,0,0,1,5,5,5,22,18,23,0.4813,0.4813,0.0000,9,1,0,0,recheck,0,still,0
971,91,1,1,412,20,2,3,0,21,0,1,9,12,0,1,1,2,2,4,23,21,25,0.6250,0.4605,0.0000,12,1,0,0,recheck,0,still,0
971,109,2,1,515,13,3,4,0,16,0,0,16,0,0,0,0,0,0,0,16,16,16,0.7436,0.0000,0.0000,12,0,0,1,recheck,0,still,0
971,123,2,1,199,15,0,3,0,4,0,1,0,4,0,0,0,16,16,16,20,4,20,0.3550,0.3550,0.0000,8,1,0,0,recheck,0,still,0
971,127,1,1,556,19,0,2,1,11,0,1,0,11,0,3,0,15,15,15,26,8,23,0.3505,0.3505,0.0000,9,1,0,0,recheck,0,still,0
971,142,2,1,174,18,0,2,0,16,0,1,0,16,0,0,1,5,5,5,21,17,22,0.5790,0.5790,0.0000,11,1,0,0,recheck,0,still,0
971,154,2,1,339,18,0,1,0,7,0,1,0,7,0,1,0,17,17,17,24,6,23,0.3452,0.3452,0.0000,9,1,0,0,recheck,0,still,0
972,118,3,1,477,22,0,1,0,19,0,1,6,13,0,0,0,8,8,8,27,19,27,0.4250,0.3750,0.0000,12,1,0,0,recheck,0,still,0
972,157,2,1,275,18,0,2,0,6,0,1,0,6,0,0,0,17,17,17,23,6,23,0.3241,0.3241,0.0000,7,1,0,0,recheck,0,still,0
972,158,1,1,229,17,1,2,0,6,0,1,0,6,0,0,0,16,16,15,22,6,21,0.2596,0.2596,0.0000,6,1,0,0,recheck,0,still,0
972,168,1,1,335,21,0,1,1,14,0,1,0,14,0,0,0,17,17,13,31,14,27,0.3473,0.3473,0.0000,9,1,0,0,period_end,0,still,0
972,189,1,1,390,14,0,2,0,6,0,1,0,6,0,1,0,17,17,14,23,5,19,0.4648,0.4648,0.0000,12,1,0,0,recheck,0,still,0
973,21,2,1,600,21,0,2,0,11,0,1,0,11,0,0,0,16,16,16,27,11,27,0.5456,0.5456,0.0000,12,1,0,0,recheck,0,still,0
973,161,2,1,411,19,0,1,0,15,0,1,0,15,0,1,0,11,11,11,26,14,25,0.4284,0.4284,0.0000,10,1,0,0,recheck,0,still,0
973,181,1,1,232,19,0,1,1,23,0,1,11,12,0,2,0,2,2,2,25,21,23,0.4473,0.2631,0.0000,10,1,0,0,recheck,0,still,0
974,92,1,1,509,18,2,3,0,18,0,1,14,4,0,0,2,2,2,2,20,20,22,0.6438,0.2372,0.0000,12,1,0,0,recheck,0,still,0
974,146,2,1,362,12,0,2,0,7,0,1,1,6,0,0,0,14,14,14,21,7,21,0.3498,0.3498,0.0000,9,1,0,0,recheck,0,still,0
975,16,1,1,106,18,2,3,0,11,0,1,0,11,0,0,0,11,11,11,22,11,22,0.6121,0.6121,0.0000,10,1,0,0,recheck,0,still,0
975,56,1,1,522,22,0,1,0,12,0,1,0,12,0,0,0,15,15,15,27,12,27,0.5263,0.5263,0.0000,11,1,0,0,recheck,0,still,0
975,72,2,1,278,18,0,1,0,6,0,1,0,6,0,0,0,16,16,16,22,6,22,0.3642,0.3642,0.0000,7,1,0,0,recheck,0,still,0
975,84,1,1,525,22,0,2,0,14,0,1,0,14,0,0,0,12,12,13,26,14,27,0.5318,0.5318,0.0000,10,1,0,0,recheck,0,still,0
975,114,1,1,239,13,1,2,0,5,0,1,0,5,0,0,0,14,14,13,19,5,18,0.3517,0.3517,0.0000,7,1,0,0,recheck,0,still,0
975,130,1,1,515,16,2,4,0,13,0,1,0,13,0,1,0,8,8,8,21,12,20,0.6007,0.6007,0.0000,10,1,0,0,recheck,0,still,0
976,31,2,1,325,19,1,3,0,18,0,1,12,6,0,0,2,2,2,2,20,20,22,0.5607,0.2309,0.0000,11,1,0,0,recheck,0,still,0
976,153,1,1,303,17,0,2,0,7,0,1,0,7,0,3,0,15,15,16,22,4,20,0.2896,0.2896,0.0000,7,1,0,0,recheck,0,still,0
976,180,1,1,185,20,0,1,0,24,0,1,9,15,0,3,0,3,3,3,27,21,24,0.5272,0.3427,0.0000,14,1,0,0,recheck,0,still,0
976,194,1,1,32,18,1,2,0,18,0,1,6,12,0,1,0,8,8,5,26,17,22,0.4619,0.3532,0.0000,12,1,0,0,recheck,0,still,0
977,13,2,1,411,18,1,2,0,18,0,1,3,15,0,0,0,4,4,5,22,18,23,0.5936,0.5936,0.0000,11,1,0,0,recheck,0,still,0
977,159,1,1,223,10,2,3,0,4,0,1,0,4,0,0,0,9,9,9,13,4,13,0.1742,0.1742,0.0000,3,1,0,0,recheck,0,still,0
978,31,2,1,327,19,1,3,0,18,0,1,12,6,0,0,2,2,2,2,20,20,22,0.5607,0.2309,0.0000,11,1,0,0,period_end,0,still,0
978,35,2,1,128,18,0,1,0,4,0,1,0,4,0,0,0,17,17,18,21,4,22,0.3904,0.3904,0.0000,7,1,0,0,recheck,0,still,0
978,51,1,1,570,17,0,3,0,10,0,1,0,10,0,0,0,9,9,11,19,10,21,0.5295,0.5295,0.0000,8,1,0,0,recheck,0,still,0
978,62,2,1,510,20,0,1,0,21,0,1,11,10,0,0,2,3,3,3,24,23,26,0.6087,0.4485,0.0000,12,1,0,0,recheck,0,still,0
978,116,2,1,259,17,0,1,0,13,0,1,5,8,0,0,0,13,13,12,26,13,25,0.4305,0.4305,0.0000,10,1,0,0,recheck,0,still,0
978,126,2,1,169,19,0,1,1,10,0,1,0,10,0,2,0,14,14,14,24,8,22,0.3513,0.3513,0.0000,10,1,0,0,recheck,0,still,0
978,168,1,1,341,21,0,1,1,14,0,1,0,14,0,0,0,17,17,13,31,14,27,0.3473,0.3473,0.0000,9,1,0,0,recheck,0,still,0
979,89,1,1,427,22,1,2,0,20,0,1,7,13,0,0,1,4,4,5,24,21,26,0.7504,0.6789,0.0000,14,1,0,1,recheck,0,still,0
979,110,1,0,-1,12,1,4,0,13,0,0,13,0,0,0,1,0,0,0,13,14,14,0.5462,0.0000,0.0000,8,0,0,0,,0,pending,0
979,166,2,1,199,20,0,1,0,15,0,1,0,15,0,2,0,16,16,16,31,13,29,0.3487,0.3487,0.0000,10,1,0,0,recheck,0,still,0
979,169,1,1,540,18,1,2,0,16,0,1,0,16,0,0,1,3,3,4,19,17,21,0.7072,0.7072,0.0000,11,1,0,1,recheck,0,still,0
980,29,2,1,388,18,0,1,0,20,0,1,11,9,0,0,1,2,2,2,22,21,23,0.4875,0.3047,0.0000,11,1,0,0,recheck,0,still,0
980,54,2,1,507,19,1,2,0,10,0,1,0,10,0,0,0,15,15,15,25,10,25,0.5753,0.5753,0.0000,12,1,0,0,recheck,0,still,0
980,77,3,1,418,18,0,4,0,13,0,1,0,13,0,0,0,11,11,11,24,13,24,0.5207,0.5207,0.0000,11,1,0,0,recheck,0,still,0
980,108,1,1,450,15,0,2,0,16,0,1,14,2,0,0,2,1,1,1,17,18,19,0.6451,0.1434,0.0000,10,1,0,0,recheck,0,still,0
980,110,1,0,-1,12,1,4,0,13,0,0,13,0,0,0,1,0,0,0,13,14,14,0.5462,0.0000,0.0000,8,0,0,0,,0,hop,1
980,132,1,1,467,19,0,3,0,18,0,1,11,7,0,0,2,2,2,2,20,20,22,0.6100,0.3947,0.0000,11,1,0,0,recheck,0,still,0
980,188,1,1,347,16,1,2,0,6,0,1,0,6,0,2,0,17,17,15,23,4,19,0.3545,0.3545,0.0000,9,1,0,0,recheck,0,still,0
981,145,1,1,389,14,1,2,0,5,0,1,0,5,0,0,0,15,15,13,20,5,18,0.3918,0.3918,0.0000,8,1,0,0,recheck,0,still,0
981,176,1,1,204,23,1,2,0,19,0,1,3,16,0,1,0,10,10,9,29,18,27,0.4167,0.4167,0.0000,14,1,0,0,recheck,0,still,0
982,131,1,1,525,19,0,2,1,16,0,1,0,16,0,1,0,16,16,13,32,15,28,0.3469,0.3469,0.0000,9,1,0,0,recheck,0,still,0
983,4,2,1,349,15,0,1,0,8,0,1,2,6,0,0,0,14,14,14,22,8,22,0.3714,0.3714,0.0000,8,1,0,0,recheck,0,still,0
983,5,2,1,351,15,0,1,0,11,0,1,4,7,0,0,0,13,13,13,24,11,24,0.4003,0.4003,0.0000,9,1,0,0,period_end,0,still,0
983,58,1,1,537,19,2,3,0,14,0,1,0,14,0,0,0,13,13,13,27,14,27,0.5416,0.5416,0.0000,9,1,0,0,recheck,0,still,0
984,15,1,1,526,17,3,4,0,14,0,1,0,14,0,1,0,8,8,8,22,13,21,0.6003,0.6003,0.0000,10,1,0,0,recheck,0,still,0
984,83,1,1,652,20,0,1,0,12,0,1,0,12,0,0,0,14,14,15,26,12,27,0.5677,0.5677,0.0000,11,1,0,0,recheck,0,still,0
984,170,2,1,621,18,0,1,0,14,0,1,0,14,0,0,0,10,10,10,24,14,24,0.5958,0.5958,0.0000,11,1,0,0,recheck,0,still,0
985,26,3,1,317,22,0,2,0,21,0,1,6,15,0,0,0,6,6,6,27,21,27,0.5184,0.4608,0.0000,13,1,0,0,recheck,0,still,0
985,68,3,1,78,18,2,3,0,5,0,1,0,5,0,0,0,17,17,17,22,5,22,0.3583,0.3583,0.0000,8,1,0,0,recheck,0,still,0
985,76,3,1,544,18,0,1,0,16,0,1,0,16,0,0,1,7,7,7,23,17,24,0.5953,0.5953,0.0000,12,1,0,0,recheck,0,still,0
985,85,1,1,655,21,0,2,0,15,0,1,0,15,0,0,0,11,11,12,26,15,27,0.5717,0.5717,0.0000,10,1,0,0,recheck,0,still,0
985,87,1,1,405,23,1,2,0,18,0,1,3,15,0,0,0,7,7,8,25,18,26,0.5986,0.5986,0.0000,11,1,0,0,recheck,0,still,0
986,79,1,1,504,19,1,2,0,9,0,1,0,9,0,0,0,11,11,12,20,9,21,0.5592,0.5592,0.0000,9,1,0,0,recheck,0,still,0
986,85,1,1,656,21,0,2,0,15,0,1,0,15,0,0,0,11,11,12,26,15,27,0.5717,0.5717,0.0000,10,1,0,0,period_end,0,still,0
986,90,1,1,470,22,0,1,0,21,0,1,7,14,0,0,0,3,3,4,24,21,25,0.6766,0.6089,0.0000,14,1,0,0,recheck,0,still,0
986,95,1,1,257,19,1,3,0,4,0,1,0,4,0,0,0,17,17,17,21,4,21,0.3951,0.3951,0.0000,7,1,0,0,recheck,0,still,0
986,163,1,1,521,17,0,1,0,15,0,1,0,15,0,5,0,11,11,11,26,10,21,0.3792,0.3792,0.0000,8,1,0,0,recheck,0,still,0
986,171,1,1,500,20,1,2,0,16,0,1,0,16,0,1,0,16,16,13,32,15,28,0.3941,0.3941,0.0000,12,1,0,0,recheck,0,still,0
987,12,2,1,572,19,0,1,0,19,0,1,5,14,0,0,0,4,4,5,23,19,24,0.4235,0.4235,0.0000,8,1,0,0,recheck,0,still,0
987,14,1,1,531,19,0,1,0,17,0,1,1,16,0,0,0,2,2,4,19,17,21,0.5910,0.5910,0.0000,10,1,0,0,recheck,0,still,0
987,86,1,1,567,22,0,3,0,16,0,1,2,14,0,0,0,9,9,10,25,16,26,0.6109,0.6109,0.0000,11,1,0,0,recheck,0,still,0
987,174,1,1,398,14,0,1,0,17,0,1,13,4,0,1,0,2,2,1,19,16,17,0.6037,0.1342,0.0000,10,1,0,0,recheck,0,still,0
987,179,1,0,-1,3,0,2,1,3,0,0,3,0,0,0,0,0,0,0,3,3,3,0.1468,0.0000,0.0000,3,0,0,0,,0,pending,0
988,1,1,1,245,18,0,3,0,4,0,1,0,4,0,0,0,18,18,18,22,4,22,0.4267,0.4267,0.0000,7,1,0,0,recheck,0,still,0
988,25,2,1,673,21,1,3,0,16,0,1,2,14,0,0,0,11,11,11,27,16,27,0.5463,0.5463,0.0000,11,1,0,0,recheck,0,still,0
988,179,1,0,-1,3,0,2,1,3,0,0,3,0,0,0,0,0,0,0,3,3,3,0.1468,0.0000,0.0000,3,0,0,0,,0,hop,1
988,195,1,1,343,17,1,2,0,7,0,1,0,7,0,3,0,17,17,17,24,4,21,0.3453,0.3453,0.0000,10,1,0,0,period_end,0,still,0
989,8,2,1,157,19,0,1,0,18,0,1,6,12,0,0,0,8,8,8,26,18,26,0.4545,0.4545,0.0000,10,1,0,0,recheck,0,still,0
989,10,1,1,534,21,1,3,0,19,0,1,6,13,0,0,0,6,6,6,25,19,25,0.5583,0.5583,0.0000,11,1,0,0,recheck,0,still,0
989,17,3,1,541,18,0,2,0,8,0,1,0,8,0,0,0,15,15,15,23,8,23,0.5347,0.5347,0.0000,12,1,0,0,recheck,0,still,0
989,199,1,1,279,13,1,3,0,4,0,1,0,4,0,0,0,11,11,11,15,4,15,0.2621,0.2621,0.0000,5,1,0,0,recheck,0,still,0
990,5,2,1,358,15,0,1,0,11,0,1,4,7,0,0,0,13,13,13,24,11,24,0.4003,0.4003,0.0000,9,1,0,0,recheck,0,still,0
990,6,2,1,359,17,0,2,0,16,0,1,6,10,0,0,0,10,10,10,26,16,26,0.3627,0.3627,0.0000,8,1,0,0,recheck,0,still,0
990,23,2,1,422,21,1,2,0,16,0,1,1,15,0,0,0,13,13,14,29,16,30,0.5245,0.5245,0.0000,10,1,0,0,recheck,0,still,0
990,65,1,1,417,16,0,3,0,17,0,1,13,4,0,0,1,1,1,1,18,18,19,0.5754,0.1692,0.0000,10,1,0,0,recheck,0,still,0
990,107,3,1,521,19,1,2,0,19,0,1,14,5,0,0,0,2,2,2,21,19,21,0.6284,0.2285,0.0000,14,1,0,0,recheck,0,still,0
990,143,1,1,276,18,1,3,0,20,0,1,11,9,0,1,1,2,2,3,22,20,23,0.5763,0.4068,0.0000,11,1,0,0,recheck,0,still,0
990,149,1,1,341,19,0,1,0,16,0,1,6,10,0,0,0,10,10,9,26,16,25,0.3233,0.3233,0.0000,7,1,0,0,recheck,0,still,0
991,40,1,1,258,16,1,2,0,8,0,1,3,5,0,0,0,11,11,12,19,8,20,0.4329,0.4329,0.0000,8,1,0,0,recheck,0,still,0
991,66,1,1,468,15,0,1,0,18,0,1,16,2,0,0,1,0,0,0,18,19,19,0.6459,0.1020,0.0000,10,1,0,0,recheck,0,still,0
991,67,2,0,-1,13,0,2,1,19,0,1,17,2,0,0,0,0,0,0,19,19,19,0.6558,0.0984,0.0000,11,0,1,0,,0,pending,0
991,80,1,1,168,18,1,2,0,6,0,1,0,6,0,0,0,14,14,14,20,6,20,0.5708,0.5708,0.0000,10,1,0,0,recheck,0,still,0
991,88,1,1,437,21,0,1,0,19,0,1,4,15,0,0,0,5,5,5,24,19,24,0.6454,0.5737,0.0000,13,1,0,0,recheck,0,still,0
991,172,1,1,354,21,0,1,1,19,0,1,2,17,0,3,0,11,11,11,30,16,27,0.3989,0.3989,0.0000,11,1,0,0,recheck,0,still,0
992,3,2,1,291,15,0,1,0,5,0,1,0,5,0,0,0,13,13,13,18,5,18,0.3416,0.3416,0.0000,6,1,0,0,recheck,0,still,0
992,28,2,1,380,21,0,2,0,23,0,1,9,14,0,1,0,3,3,3,26,22,25,0.5377,0.3883,0.0000,12,1,0,0,recheck,0,still,0
992,67,2,0,-1,13,0,2,1,19,0,1,17,2,0,0,0,0,0,0,19,19,19,0.6558,0.0984,0.0000,11,0,1,0,,0,hop,1
992,113,1,1,285,15,0,2,0,6,0,1,0,6,0,1,0,15,15,14,21,5,19,0.3238,0.3238,0.0000,7,1,0,0,recheck,0,still,0
992,154,2,1,360,18,0,1,0,7,0,1,0,7,0,1,0,17,17,17,24,6,23,0.3452,0.3452,0.0000,9,1,0,0,period_end,0,still,0
992,165,1,1,619,19,1,2,0,10,0,1,0,10,0,3,0,16,16,16,26,7,23,0.3483,0.3483,0.0000,10,1,0,0,recheck,0,still,0
993,50,1,1,204,18,1,3,0,10,0,1,0,10,0,0,0,11,11,12,21,10,22,0.6173,0.6173,0.0000,10,1,0,0,recheck,0,still,0
994,138,1,1,445,20,0,1,0,23,0,1,7,16,0,2,0,4,4,3,27,21,24,0.5283,0.4755,0.0000,15,1,0,0,recheck,0,still,0
995,11,1,1,508,19,0,1,0,19,0,1,6,13,0,1,0,5,5,5,24,18,23,0.5503,0.5503,0.0000,10,1,0,0,recheck,0,still,0
995,135,1,1,214,23,0,2,0,20,0,1,3,17,0,1,0,9,9,8,29,19,27,0.4780,0.4780,0.0000,14,1,0,0,recheck,0,still,0
996,9,1,1,346,21,2,3,0,19,0,1,6,13,0,1,0,7,7,7,26,18,25,0.4674,0.4674,0.0000,9,1,0,0,recheck,0,still,0
996,57,1,1,512,22,1,2,0,14,0,1,0,14,0,0,0,14,14,14,28,14,28,0.5719,0.5719,0.0000,11,1,0,0,recheck,0,still,0
996,115,2,1,478,15,0,1,0,8,0,1,3,5,0,0,0,15,15,14,23,8,22,0.2964,0.2964,0.0000,8,1,0,0,recheck,0,still,0
996,119,1,1,52,19,2,3,0,17,0,1,6,11,0,0,1,8,8,5,25,18,23,0.4418,0.3534,0.0000,10,1,0,0,recheck,0,still,0
996,177,1,1,226,21,0,1,1,22,0,1,6,16,0,0,0,7,7,4,29,22,26,0.5295,0.5295,0.0000,15,1,0,0,recheck,0,still,0
997,47,2,1,568,19,0,2,0,18,0,1,1,17,0,0,1,4,4,5,22,19,24,0.7118,0.7118,0.0000,13,1,0,1,recheck,0,still,0
997,128,1,1,591,21,0,1,1,13,0,1,0,13,0,1,0,17,17,15,30,12,27,0.3482,0.3482,0.0000,9,1,0,0,recheck,0,still,0
998,19,3,1,625,20,0,2,0,10,0,1,0,10,0,0,0,16,16,16,26,10,26,0.5061,0.5061,0.0000,12,1,0,0,recheck,0,still,0
998,49,2,1,579,17,1,4,0,12,0,1,0,12,0,0,0,12,12,12,24,12,24,0.6433,0.6433,0.0000,11,1,0,0,recheck,0,still,0
998,55,2,1,236,20,0,1,0,12,0,1,0,12,0,0,0,16,16,16,28,12,28,0.5164,0.5164,0.0000,12,1,0,0,recheck,0,still,0
998,117,3,1,458,18,0,1,0,17,0,1,6,11,0,0,0,10,10,10,27,17,27,0.3425,0.3425,0.0000,9,1,0,0,recheck,0,still,0
999,2,1,1,163,16,0,1,0,4,0,1,0,4,0,0,0,17,17,16,21,4,20,0.3776,0.3776,0.0000,6,1,0,0,recheck,0,still,0
999,7,2,1,364,18,0,1,0,16,0,1,6,10,0,0,0,9,9,9,25,16,25,0.3900,0.3900,0.0000,8,1,0,0,recheck,0,still,0
1001,3,2,1,300,15,0,1,0,5,0,1,0,5,0,0,0,13,13,13,18,5,18,0.3416,0.3416,0.0000,6,1,0,0,period_end,0,still,0
1001,26,3,1,333,22,0,2,0,23,0,1,7,16,0,0,0,5,5,5,28,23,28,0.5184,0.4608,0.0000,13,1,0,0,period_end,0,still,0
1001,32,1,1,432,14,0,1,0,16,0,1,15,1,0,0,1,0,0,0,16,17,17,0.5905,0.0738,0.0000,8,1,0,0,recheck,0,still,0
1001,44,1,1,583,20,0,3,0,17,0,1,6,11,0,0,2,5,5,5,22,19,24,0.4813,0.4813,0.0000,9,1,0,0,recheck,0,still,0
1001,91,1,1,442,20,2,3,0,22,0,1,9,13,0,1,1,1,1,3,23,22,25,0.6576,0.4932,0.0000,13,1,0,0,recheck,0,still,0
1001,109,2,1,545,13,3,4,0,16,0,0,16,0,0,0,0,0,0,0,16,16,16,0.7432,0.0000,0.0000,12,0,0,1,recheck,0,still,0
1001,123,2,1,229,15,0,3,0,4,0,1,0,4,0,0,0,16,16,16,20,4,20,0.3550,0.3550,0.0000,8,1,0,0,recheck,0,still,0
1001,127,1,1,586,19,0,2,1,10,0,1,0,10,0,3,0,16,16,16,26,7,23,0.3505,0.3505,0.0000,9,1,0,0,recheck,0,still,0
1001,142,2,1,204,19,0,2,0,15,0,1,0,15,0,0,1,6,6,6,21,16,22,0.5794,0.5794,0.0000,11,1,0,0,recheck,0,still,0
1001,154,2,1,369,18,0,1,0,7,0,1,0,7,0,1,0,17,17,17,24,6,23,0.3452,0.3452,0.0000,9,1,0,0,recheck,0,still,0
1002,118,3,1,507,22,0,1,0,19,0,1,6,13,0,0,0,8,8,8,27,19,27,0.4250,0.3750,0.0000,12,1,0,0,recheck,0,still,0
1002,157,2,1,305,18,0,2,0,6,0,1,0,6,0,0,0,17,17,17,23,6,23,0.3241,0.3241,0.0000,7,1,0,0,recheck,0,still,0
1002,158,1,1,259,17,1,2,0,6,0,1,0,6,0,0,0,16,16,15,22,6,21,0.2596,0.2596,0.0000,6,1,0,0,recheck,0,still,0
1002,189,1,1,420,14,0,2,0,6,0,1,0,6,0,1,0,17,17,14,23,5,19,0.4648,0.4648,0.0000,12,1,0,0,recheck,0,still,0
1003,21,2,1,630,21,0,2,0,9,0,1,0,9,0,0,0,18,18,18,27,9,27,0.5457,0.5457,0.0000,12,1,0,0,recheck,0,still,0
1003,161,2,1,441,19,0,1,0,14,0,1,0,14,0,1,0,12,12,12,26,13,25,0.4284,0.4284,0.0000,10,1,0,0,recheck,0,still,0
1003,181,1,1,262,19,0,1,1,25,0,1,12,13,0,2,0,1,1,1,26,23,24,0.4473,0.2631,0.0000,10,1,0,0,recheck,0,still,0
1004,92,1,1,539,18,2,3,0,18,0,1,13,5,0,0,2,1,1,1,19,20,21,0.6424,0.2367,0.0000,12,1,0,0,recheck,0,still,0
1004,146,2,1,392,12,0,2,0,7,0,1,1,6,0,0,0,14,14,14,21,7,21,0.3499,0.3499,0.0000,9,1,0,0,recheck,0,still,0
1005,16,1,1,136,18,2,3,0,10,0,1,0,10,0,0,0,12,12,12,22,10,22,0.6068,0.6068,0.0000,10,1,0,0,recheck,0,still,0
1005,56,1,1,552,22,0,1,0,11,0,1,0,11,0,0,0,16,16,16,27,11,27,0.5263,0.5263,0.0000,11,1,0,0,recheck,0,still,0
1005,72,2,1,308,18,0,1,0,6,0,1,0,6,0,0,0,16,16,16,22,6,22,0.3642,0.3642,0.0000,7,1,0,0,recheck,0,still,0
1005,84,1,1,555,22,0,2,0,13,0,1,0,13,0,0,0,13,13,14,26,13,27,0.5318,0.5318,0.0000,10,1,0,0,recheck,0,still,0
1005,114,1,1,269,13,1,2,0,5,0,1,0,5,0,0,0,14,14,13,19,5,18,0.3517,0.3517,0.0000,7,1,0,0,recheck,0,still,0
1005,130,1,1,545,16,2,4,0,12,0,1,0,12,0,1,0,9,9,9,21,11,20,0.5988,0.5988,0.0000,10,1,0,0,recheck,0,still,0
1005,149,1,1,356,19,0,1,0,16,0,1,6,10,0,0,0,10,10,9,26,16,25,0.3233,0.3233,0.0000,7,1,0,0,period_end,0,still,0
1006,31,2,1,355,19,1,3,0,19,0,1,12,7,0,0,2,1,1,1,20,21,22,0.5607,0.2309,0.0000,11,1,0,0,recheck,0,still,0
1006,99,2,0,-1,11,1,3,0,11,0,0,11,0,0,0,0,0,0,0,11,11,11,0.5280,0.0000,0.0000,10,0,0,0,,0,hop,1
1006,153,1,1,333,16,0,2,0,7,0,1,0,7,0,3,0,15,15,16,22,4,20,0.2896,0.2896,0.0000,7,1,0,0,recheck,0,still,0
1006,180,1,1,215,20,0,1,0,24,0,1,9,15,0,2,0,3,3,2,27,22,24,0.5272,0.3427,0.0000,14,1,0,0,recheck,0,still,0
1006,194,1,1,62,18,1,3,0,18,0,1,6,12,0,1,0,8,8,5,26,17,22,0.4619,0.3532,0.0000,12,1,0,0,recheck,0,still,0
1007,13,2,1,441,18,1,2,0,18,0,1,3,15,0,0,0,4,4,5,22,18,23,0.5936,0.5936,0.0000,11,1,0,0,recheck,0,still,0
1007,21,2,1,634,21,0,2,0,9,0,1,0,9,0,0,0,18,18,18,27,9,27,0.5457,0.5457,0.0000,12,1,0,0,period_end,0,still,0
1007,159,1,1,253,10,2,3,0,4,0,1,0,4,0,0,0,9,9,9,13,4,13,0.1742,0.1742,0.0000,3,1,0,0,recheck,0,still,0
1008,35,2,1,158,18,0,1,0,4,0,1,0,4,0,0,0,18,18,18,22,4,22,0.3905,0.3905,0.0000,7,1,0,0,recheck,0,still,0
1008,51,1,1,600,17,0,3,0,9,0,1,0,9,0,0,0,10,10,12,19,9,21,0.5308,0.5308,0.0000,8,1,0,0,recheck,0,still,0
1008,62,2,1,540,20,0,1,0,22,0,1,11,11,0,0,2,2,2,2,24,24,26,0.6407,0.4805,0.0000,13,1,0,0,recheck,0,still,0
1008,97,3,0,-1,6,0,2,0,6,0,0,6,0,0,0,0,0,0,0,6,6,6,0.1783,0.0000,0.0000,5,0,0,0,,0,pending,0
1008,116,2,1,289,17,0,1,0,13,0,1,5,8,0,0,0,13,13,12,26,13,25,0.4305,0.4305,0.0000,10,1,0,0,recheck,0,still,0
1008,126,2,1,199,19,0,1,1,9,0,1,0,9,0,2,0,15,15,15,24,7,22,0.3513,0.3513,0.0000,10,1,0,0,recheck,0,still,0
1008,168,1,1,371,21,0,1,1,13,0,1,0,13,0,0,0,18,18,14,31,13,27,0.3473,0.3473,0.0000,9,1,0,0,recheck,0,still,0
1009,89,1,1,457,22,1,2,0,20,0,1,6,14,0,0,1,3,3,4,23,21,25,0.7500,0.6786,0.0000,14,1,0,1,recheck,0,still,0
1009,97,3,0,-1,6,0,2,0,5,0,0,5,0,0,0,1,0,0,0,5,6,6,0.1783,0.0000,0.0000,5,0,0,0,,0,hop,1
1009,166,2,1,229,20,0,1,0,13,0,1,0,13,0,2,0,18,18,18,31,11,29,0.3487,0.3487,0.0000,10,1,0,0,recheck,0,still,0
1009,169,1,1,570,18,1,2,0,16,0,1,0,16,0,0,1,3,3,4,19,17,21,0.7070,0.7070,0.0000,11,1,0,1,recheck,0,still,0
1010,29,2,1,418,18,0,1,0,19,0,1,11,8,0,0,1,3,3,3,22,20,23,0.4873,0.3046,0.0000,11,1,0,0,recheck,0,still,0
1010,54,2,1,537,19,1,2,0,8,0,1,0,8,0,0,0,17,17,17,25,8,25,0.5752,0.5752,0.0000,12,1,0,0,recheck,0,still,0
1010,77,3,1,448,18,0,4,0,12,0,1,0,12,0,0,0,12,12,12,24,12,24,0.5211,0.5211,0.0000,11,1,0,0,recheck,0,still,0
1010,108,1,1,480,15,0,2,0,16,0,1,13,3,0,0,2,0,0,0,16,18,18,0.6475,0.1439,0.0000,10,1,0,0,recheck,0,still,0
1010,132,1,1,497,19,0,3,0,17,0,1,11,6,0,0,2,3,3,3,20,19,22,0.6100,0.3947,0.0000,11,1,0,0,recheck,0,still,0
1010,170,2,1,647,18,0,1,0,13,0,1,0,13,0,0,0,11,11,11,24,13,24,0.5957,0.5957,0.0000,11,1,0,0,period_end,0,still,0
1010,188,1,1,377,16,1,2,0,6,0,1,0,6,0,2,0,17,17,15,23,4,19,0.3545,0.3545,0.0000,9,1,0,0,recheck,0,still,0
1011,145,1,1,419,14,1,2,0,5,0,1,0,5,0,0,0,15,15,13,20,5,18,0.3918,0.3918,0.0000,8,1,0,0,recheck,0,still,0
1011,176,1,1,234,23,1,2,0,18,0,1,3,15,0,1,0,11,11,10,29,17,27,0.4167,0.4167,0.0000,14,1,0,0,recheck,0,still,0
1012,131,1,1,555,19,0,2,1,15,0,1,0,15,0,1,0,17,17,14,32,14,28,0.3469,0.3469,0.0000,9,1,0,0,recheck,0,still,0
1013,4,2,1,379,15,0,1,0,8,0,1,2,6,0,0,0,14,14,14,22,8,22,0.3714,0.3714,0.0000,8,1,0,0,recheck,0,still,0
1013,58,1,1,567,19,2,3,0,13,0,1,0,13,0,0,0,14,14,14,27,13,27,0.5416,0.5416,0.0000,9,1,0,0,recheck,0,still,0
1014,15,1,1,556,17,3,4,0,13,0,1,0,13,0,1,0,9,9,9,22,12,21,0.5978,0.5978,0.0000,10,1,0,0,recheck,0,still,0
1014,83,1,1,682,20,0,1,0,10,0,1,0,10,0,0,0,16,16,17,26,10,27,0.5677,0.5677,0.0000,11,1,0,0,recheck,0,still,0
1014,170,2,1,651,18,0,1,0,13,0,1,0,13,0,0,0,11,11,11,24,13,24,0.5956,0.5956,0.0000,11,1,0,0,recheck,0,still,0
1015,26,3,1,347,22,0,2,0,20,0,1,6,14,0,0,0,7,7,7,27,20,27,0.5184,0.4608,0.0000,13,1,0,0,recheck,0,still,0
1015,68,3,1,108,17,2,3,0,5,0,1,0,5,0,0,0,17,17,17,22,5,22,0.3583,0.3583,0.0000,8,1,0,0,recheck,0,still,0
1015,76,3,1,574,18,0,1,0,15,0,1,0,15,0,0,1,8,8,8,23,16,24,0.5953,0.5953,0.0000,12,1,0,0,recheck,0,still,0
1015,85,1,1,685,21,0,2,0,13,0,1,0,13,0,0,0,13,13,14,26,13,27,0.5717,0.5717,0.0000,10,1,0,0,recheck,0,still,0
1015,87,1,1,435,23,1,2,0,17,0,1,3,14,0,0,0,8,8,9,25,17,26,0.5986,0.5986,0.0000,11,1,0,0,recheck,0,still,0
1015,153,1,1,342,16,0,2,0,7,0,1,0,7,0,3,0,15,15,16,22,4,20,0.2896,0.2896,0.0000,7,1,0,0,period_end,0,still,0
1016,79,1,1,534,19,1,2,0,8,0,1,0,8,0,0,0,12,12,13,20,8,21,0.5600,0.5600,0.0000,9,1,0,0,recheck,0,still,0
1016,90,1,1,500,22,0,1,0,20,0,1,7,13,0,0,0,4,4,5,24,20,25,0.6768,0.6091,0.0000,14,1,0,0,recheck,0,still,0
1016,95,1,1,287,19,1,3,0,4,0,1,0,4,0,0,0,17,17,17,21,4,21,0.3916,0.3916,0.0000,7,1,0,0,recheck,0,still,0
1016,163,1,1,551,17,0,1,0,14,0,1,0,14,0,5,0,12,12,12,26,9,21,0.3792,0.3792,0.0000,8,1,0,0,recheck,0,still,0
1016,171,1,1,530,20,1,2,0,15,0,1,0,15,0,1,0,17,17,14,32,14,28,0.3941,0.3941,0.0000,12,1,0,0,recheck,0,still,0
1017,12,2,1,602,19,0,1,0,19,0,1,5,14,0,0,0,4,4,5,23,19,24,0.4235,0.4235,0.0000,8,1,0,0,recheck,0,still,0
1017,14,1,1,561,19,0,1,0,17,0,1,1,16,0,0,0,2,2,4,19,17,21,0.5910,0.5910,0.0000,10,1,0,0,recheck,0,still,0
1017,75,1,0,-1,5,0,1,1,7,0,0,7,0,0,0,0,0,0,0,7,7,7,0.2205,0.0000,0.0000,4,0,0,0,,0,pending,0
1017,86,1,1,597,22,0,3,0,15,0,1,2,13,0,0,0,10,10,11,25,15,26,0.6109,0.6109,0.0000,11,1,0,0,recheck,0,still,0
1017,113,1,1,310,15,0,2,0,6,0,1,0,6,0,1,0,15,15,14,21,5,19,0.3238,0.3238,0.0000,7,1,0,0,period_end,0,still,0
1017,174,1,1,428,14,0,1,0,17,0,1,13,4,0,0,0,1,1,0,18,17,17,0.6473,0.1703,0.0000,11,1,0,0,recheck,0,still,0
1018,1,1,1,275,18,0,3,0,4,0,1,0,4,0,0,0,18,18,18,22,4,22,0.4263,0.4263,0.0000,7,1,0,0,recheck,0,still,0
1018,25,2,1,703,21,1,3,0,21,0,1,2,19,0,0,0,6,6,6,27,21,27,0.5463,0.5463,0.0000,11,1,0,0,recheck,0,still,0
1018,75,1,0,-1,5,0,1,0,7,0,0,7,0,0,0,0,0,0,0,7,7,7,0.2207,0.0000,0.0000,4,0,0,0,,0,hop,1
1018,195,1,1,373,17,1,2,0,7,0,1,0,7,0,3,0,17,17,17,24,4,21,0.3453,0.3453,0.0000,10,1,0,0,recheck,0,still,0
1019,8,2,1,187,19,0,1,0,18,0,1,6,12,0,0,0,8,8,8,26,18,26,0.4545,0.4545,0.0000,10,1,0,0,recheck,0,still,0
1019,10,1,1,564,21,1,3,0,19,0,1,6,13,0,0,0,6,6,6,25,19,25,0.5583,0.5583,0.0000,11,1,0,0,recheck,0,still,0
1019,17,3,1,571,18,0,2,0,11,0,1,0,11,0,0,0,12,12,12,23,11,23,0.5350,0.5350,0.0000,12,1,0,0,recheck,0,still,0
1019,143,1,1,305,18,1,3,0,21,0,1,11,10,0,1,1,1,1,2,22,21,23,0.5764,0.4069,0.0000,11,1,0,0,period_end,0,still,0
1019,155,1,0,-1,2,0,2,1,1,0,0,1,0,0,0,1,0,0,0,1,2,2,0.0370,0.0000,0.0000,1,0,0,0,,0,hop,1
1019,199,1,1,309,13,1,3,0,4,0,1,0,4,0,0,0,11,11,11,15,4,15,0.2621,0.2621,0.0000,5,1,0,0,recheck,0,still,0
1020,5,2,1,388,15,0,1,0,12,0,1,4,8,0,0,0,12,12,12,24,12,24,0.4003,0.4003,0.0000,9,1,0,0,recheck,0,still,0
1020,6,2,1,389,17,0,2,0,16,0,1,6,10,0,0,0,10,10,10,26,16,26,0.3627,0.3627,0.0000,8,1,0,0,recheck,0,still,0
1020,23,2,1,452,21,1,2,0,20,0,1,0,20,0,0,0,8,8,9,28,20,29,0.5244,0.5244,0.0000,10,1,0,0,recheck,0,still,0
1020,65,1,1,447,16,0,3,0,18,0,1,13,5,0,0,1,0,0,0,18,19,19,0.5754,0.1692,0.0000,10,1,0,0,recheck,0,still,0
1020,107,3,1,551,19,1,2,0,21,0,1,15,6,0,0,0,1,1,1,22,21,22,0.6285,0.2285,0.0000,14,1,0,0,recheck,0,still,0
1020,143,1,1,306,18,1,3,0,21,0,1,11,10,0,1,1,1,1,2,22,21,23,0.5763,0.4068,0.0000,11,1,0,0,recheck,0,still,0
1020,149,1,1,371,19,0,1,0,16,0,1,6,10,0,0,0,10,10,9,26,16,25,0.3233,0.3233,0.0000,7,1,0,0,recheck,0,still,0
1021,40,1,1,288,16,1,2,0,8,0,1,3,5,0,0,1,11,11,11,19,9,20,0.4329,0.4329,0.0000,8,1,0,0,recheck,0,still,0
1021,66,1,1,498,15,0,1,0,17,0,1,15,2,0,0,1,0,0,0,17,18,18,0.6468,0.1021,0.0000,10,1,0,0,recheck,0,still,0
1021,80,1,1,198,19,1,2,0,9,0,1,0,9,0,0,0,11,11,11,20,9,20,0.5710,0.5710,0.0000,10,1,0,0,recheck,0,still,0
1021,88,1,1,467,21,0,1,0,20,0,1,4,16,0,0,0,4,4,5,24,20,25,0.6448,0.5732,0.0000,13,1,0,0,recheck,0,still,0
1021,172,1,1,384,21,0,1,1,24,0,1,2,22,0,3,0,6,6,6,30,21,27,0.3989,0.3989,0.0000,11,1,0,0,recheck,0,still,0
1022,3,2,1,321,15,0,1,0,7,0,1,0,7,0,0,0,11,11,11,18,7,18,0.3416,0.3416,0.0000,6,1,0,0,recheck,0,still,0
1022,28,2,1,410,21,0,2,0,24,0,1,9,15,0,1,0,2,2,2,26,23,25,0.5392,0.3894,0.0000,12,1,0,0,recheck,0,still,0
1022,113,1,1,315,15,0,2,0,9,0,1,0,9,0,1,0,12,12,11,21,8,19,0.3238,0.3238,0.0000,7,1,0,0,recheck,0,still,0
1022,165,1,1,649,19,1,2,0,14,0,1,0,14,0,3,0,12,12,12,26,11,23,0.3483,0.3483,0.0000,10,1,0,0,recheck,0,still,0
1023,50,1,1,234,18,1,3,0,10,0,1,0,10,0,0,0,11,11,12,21,10,22,0.5824,0.5824,0.0000,9,1,0,0,recheck,0,still,0
1024,138,1,1,475,20,0,1,0,23,0,1,7,16,0,3,0,4,4,4,27,20,24,0.5283,0.4755,0.0000,15,1,0,0,recheck,0,still,0
1025,11,1,1,538,19,0,1,0,19,0,1,6,13,0,1,0,5,5,5,24,18,23,0.5503,0.5503,0.0000,10,1,0,0,recheck,0,still,0
1025,116,2,1,306,17,0,1,0,13,0,1,5,8,0,0,0,13,13,12,26,13,25,0.4308,0.4308,0.0000,10,1,0,0,period_end,0,still,0
1025,135,1,1,244,23,0,2,0,23,0,1,3,20,0,2,0,6,6,6,29,21,27,0.4780,0.4780,0.0000,14,1,0,0,recheck,0,still,0
1026,9,1,1,376,21,2,3,0,19,0,1,6,13,0,1,0,7,7,7,26,18,25,0.4674,0.4674,0.0000,9,1,0,0,recheck,0,still,0
1026,57,1,1,542,22,1,2,0,18,0,1,0,18,0,0,0,10,10,10,28,18,28,0.5719,0.5719,0.0000,11,1,0,0,recheck,0,still,0
1026,115,2,1,508,15,0,1,0,9,0,1,3,6,0,0,0,14,14,13,23,9,22,0.2964,0.2964,0.0000,8,1,0,0,recheck,0,still,0
1026,119,1,1,82,19,2,3,0,17,0,1,6,11,0,0,1,8,8,5,25,18,23,0.4417,0.3534,0.0000,10,1,0,0,recheck,0,still,0
1026,177,1,1,256,21,0,1,1,24,0,1,6,18,0,3,0,5,5,5,29,21,26,0.5295,0.5295,0.0000,15,1,0,0,recheck,0,still,0
1027,47,2,1,598,20,0,2,0,18,0,1,1,17,0,0,1,4,4,5,22,19,24,0.7118,0.7118,0.0000,13,1,0,1,recheck,0,still,0
1027,128,1,1,621,21,0,1,1,17,0,1,0,17,0,1,0,13,13,11,30,16,27,0.3482,0.3482,0.0000,9,1,0,0,recheck,0,still,0
1028,19,3,1,655,20,0,2,0,14,0,1,0,14,0,0,0,12,12,12,26,14,26,0.5061,0.5061,0.0000,12,1,0,0,recheck,0,still,0
1028,49,2,1,609,17,1,4,0,12,0,1,0,12,0,0,0,12,12,12,24,12,24,0.6406,0.6406,0.0000,11,1,0,0,recheck,0,still,0
1028,55,2,1,266,20,0,1,0,16,0,1,0,16,0,0,0,12,12,12,28,16,28,0.5164,0.5164,0.0000,12,1,0,0,recheck,0,still,0
1028,117,3,1,488,18,0,1,0,17,0,1,6,11,0,0,0,10,10,10,27,17,27,0.3425,0.3425,0.0000,9,1,0,0,recheck,0,still,0
1028,165,1,1,655,19,1,2,0,14,0,1,0,14,0,3,0,12,12,12,26,11,23,0.3483,0.3483,0.0000,10,1,0,0,period_end,0,still,0
1029,2,1,1,193,16,0,1,0,10,0,1,0,10,0,0,0,11,11,10,21,10,20,0.3776,0.3776,0.0000,6,1,0,0,recheck,0,still,0
1029,7,2,1,394,18,0,1,0,16,0,1,6,10,0,0,0,9,9,9,25,16,25,0.3900,0.3900,0.0000,8,1,0,0,recheck,0,still,0
1029,83,1,1,697,20,0,1,0,16,0,1,0,16,0,0,0,10,10,11,26,16,27,0.5677,0.5677,0.0000,11,1,0,0,period_end,0,still,0
1030,33,3,0,-1,12,2,4,0,15,0,0,15,0,0,0,0,0,0,0,15,15,15,0.4791,0.0000,0.0000,9,0,0,0,,0,hop,1
1031,32,1,1,462,13,0,1,0,16,0,1,15,1,0,0,1,0,0,0,16,17,17,0.5907,0.0738,0.0000,8,1,0,0,recheck,0,still,0
1031,44,1,1,613,20,0,3,0,17,0,1,6,11,0,0,2,5,5,5,22,19,24,0.4813,0.4813,0.0000,9,1,0,0,recheck,0,still,0
1031,91,1,1,472,20,2,3,0,21,0,1,9,12,0,1,1,2,2,4,23,21,25,0.6582,0.4937,0.0000,13,1,0,0,recheck,0,still,0
1031,109,2,1,575,11,3,4,0,16,0,0,16,0,0,0,0,0,0,0,16,16,16,0.6459,0.0000,0.0000,11,0,0,0,recheck,0,end_clear,1
1031,123,2,1,259,15,0,3,0,9,0,1,0,9,0,0,0,11,11,11,20,9,20,0.3550,0.3550,0.0000,8,1,0,0,recheck,0,still,0
1031,127,1,1,616,19,0,2,1,14,0,1,0,14,0,3,0,12,12,12,26,11,23,0.3505,0.3505,0.0000,9,1,0,0,recheck,0,still,0
1031,142,2,1,234,19,0,2,0,15,0,1,0,15,0,0,1,6,6,6,21,16,22,0.5815,0.5815,0.0000,11,1,0,0,recheck,0,still,0
1031,154,2,1,399,18,0,1,0,12,0,1,0,12,0,1,0,12,12,12,24,11,23,0.3452,0.3452,0.0000,9,1,0,0,recheck,0,still,0
1032,118,3,1,537,22,0,1,0,19,0,1,6,13,0,0,0,8,8,8,27,19,27,0.4250,0.3750,0.0000,12,1,0,0,recheck,0,still,0
1032,157,2,1,335,18,0,2,0,12,0,1,0,12,0,0,0,11,11,11,23,12,23,0.3241,0.3241,0.0000,7,1,0,0,recheck,0,still,0
1032,158,1,1,289,17,1,2,0,11,0,1,0,11,0,0,0,11,11,10,22,11,21,0.2596,0.2596,0.0000,6,1,0,0,recheck,0,still,0
1032,189,1,1,450,14,0,2,0,9,0,1,0,9,0,1,0,14,14,11,23,8,19,0.4643,0.4643,0.0000,12,1,0,0,recheck,0,still,0
1033,21,2,1,660,21,0,2,0,14,0,1,0,14,0,0,0,13,13,13,27,14,27,0.5458,0.5458,0.0000,12,1,0,0,recheck,0,still,0
1033,161,2,1,471,19,0,1,0,14,0,1,0,14,0,1,0,12,12,12,26,13,25,0.4284,0.4284,0.0000,10,1,0,0,recheck,0,still,0
1033,181,1,1,292,19,0,1,1,24,0,1,13,11,0,2,0,2,2,2,26,22,24,0.4473,0.2105,0.0000,10,1,0,0,recheck,0,still,0
1034,19,3,1,661,20,0,2,0,18,0,1,0,18,0,0,0,8,8,8,26,18,26,0.5061,0.5061,0.0000,12,1,0,0,period_end,0,still,0
1034,92,1,1,569,19,2,3,0,17,0,1,14,3,0,0,4,2,2,2,19,21,23,0.4750,0.1827,0.0000,9,1,0,0,recheck,0,still,0
1034,146,2,1,422,12,0,2,0,8,0,1,1,7,0,0,0,13,13,13,21,8,21,0.3498,0.3498,0.0000,9,1,0,0,recheck,0,still,0
1035,16,1,1,166,18,2,3,0,15,0,1,0,15,0,0,0,7,7,7,22,15,22,0.6016,0.6016,0.0000,10,1,0,0,recheck,0,still,0
1035,56,1,1,582,22,0,1,0,20,0,1,0,20,0,0,0,7,7,7,27,20,27,0.5263,0.5263,0.0000,11,1,0,0,recheck,0,still,0
1035,72,2,1,338,18,0,1,0,11,0,1,0,11,0,0,0,11,11,11,22,11,22,0.3642,0.3642,0.0000,7,1,0,0,recheck,0,still,0
1035,84,1,1,585,22,0,2,0,19,0,1,0,19,0,0,0,7,7,8,26,19,27,0.5298,0.5298,0.0000,10,1,0,0,recheck,0,still,0
1035,114,1,1,299,13,1,2,0,6,0,1,0,6,0,0,0,13,13,12,19,6,18,0.3517,0.3517,0.0000,7,1,0,0,recheck,0,still,0
1035,130,1,1,575,16,2,4,0,16,0,1,0,16,0,1,0,5,5,5,21,15,20,0.5980,0.5980,0.0000,10,1,0,0,recheck,0,still,0
1036,31,2,1,385,19,1,3,0,18,0,1,13,5,0,0,2,2,2,2,20,20,22,0.4947,0.1649,0.0000,10,1,0,0,recheck,0,still,0
1036,153,1,1,363,16,0,2,0,11,0,1,0,11,0,2,1,11,11,10,22,10,20,0.2896,0.2896,0.0000,7,1,0,0,recheck,0,still,0
1036,180,1,1,245,20,0,1,0,24,0,1,10,14,0,3,0,3,3,3,27,21,24,0.5272,0.3427,0.0000,14,1,0,0,recheck,0,still,0
1036,194,1,1,92,18,1,3,0,18,0,1,6,12,0,1,0,8,8,5,26,17,22,0.4619,0.3532,0.0000,12,1,0,0,recheck,0,still,0
1036,199,1,1,326,13,1,3,0,5,0,1,0,5,0,0,0,10,10,10,15,5,15,0.2621,0.2621,0.0000,5,1,0,0,period_end,0,still,0
1037,13,2,1,471,18,1,2,0,18,0,1,3,15,0,0,0,4,4,5,22,18,23,0.5936,0.5936,0.0000,11,1,0,0,recheck,0,still,0
1037,159,1,1,283,10,2,3,0,3,0,1,0,3,0,0,0,10,10,10,13,3,13,0.1742,0.1742,0.0000,3,1,0,0,recheck,0,still,0
1038,35,2,1,188,18,0,1,0,10,0,1,0,10,0,0,0,12,12,12,22,10,22,0.3905,0.3905,0.0000,7,1,0,0,recheck,0,still,0
1038,51,1,1,630,17,0,3,0,14,0,1,0,14,0,0,0,5,5,7,19,14,21,0.5325,0.5325,0.0000,8,1,0,0,recheck,0,still,0
1038,62,2,1,570,20,0,1,0,21,0,1,12,9,0,0,2,3,3,3,24,23,26,0.6409,0.4807,0.0000,13,1,0,0,recheck,0,still,0
1038,116,2,1,319,17,0,1,0,13,0,1,5,8,0,0,0,13,13,12,26,13,25,0.4307,0.4307,0.0000,10,1,0,0,recheck,0,still,0
1038,126,2,1,229,19,0,1,1,19,0,1,0,19,0,3,0,6,6,6,25,16,22,0.3513,0.3513,0.0000,10,1,0,0,recheck,0,still,0
1038,168,1,1,401,21,0,1,1,22,0,1,0,22,0,3,0,9,9,8,31,19,27,0.3473,0.3473,0.0000,9,1,0,0,recheck,0,still,0
1039,89,1,1,487,22,1,2,0,19,0,1,7,12,0,0,1,4,4,5,23,20,25,0.7516,0.6800,0.0000,14,1,0,1,recheck,0,still,0
1039,166,2,1,259,20,0,1,0,23,0,1,0,23,0,2,0,8,8,8,31,21,29,0.3487,0.3487,0.0000,10,1,0,0,recheck,0,still,0
1039,169,1,1,600,18,1,2,0,16,0,1,0,16,0,0,1,3,3,4,19,17,21,0.7075,0.7075,0.0000,11,1,0,1,recheck,0,still,0
1040,29,2,1,448,18,0,1,0,20,0,1,12,8,0,0,1,2,2,2,22,21,23,0.4278,0.2444,0.0000,10,1,0,0,recheck,0,still,0
1040,54,2,1,567,19,1,2,0,18,0,1,0,18,0,0,0,7,7,7,25,18,25,0.5752,0.5752,0.0000,12,1,0,0,recheck,0,still,0
1040,77,3,1,478,18,0,4,0,18,0,1,0,18,0,0,0,7,7,7,25,18,25,0.5213,0.5213,0.0000,11,1,0,0,recheck,0,still,0
1040,108,1,1,510,15,0,2,0,16,0,1,15,1,0,0,2,1,1,1,17,18,19,0.6500,0.0722,0.0000,10,1,0,0,recheck,0,still,0
1040,132,1,1,527,19,0,3,0,18,0,1,12,6,0,0,2,2,2,2,20,20,22,0.5737,0.3944,0.0000,10,1,0,0,recheck,0,still,0
1040,188,1,1,407,16,1,2,0,9,0,1,0,9,0,1,0,14,14,11,23,8,19,0.3545,0.3545,0.0000,9,1,0,0,recheck,0,still,0
1041,145,1,1,449,14,1,2,0,7,0,1,0,7,0,0,0,13,13,11,20,7,18,0.3917,0.3917,0.0000,8,1,0,0,recheck,0,still,0
1041,176,1,1,264,23,1,2,0,23,0,1,4,19,0,2,0,6,6,6,29,21,27,0.4167,0.4167,0.0000,14,1,0,0,recheck,0,still,0
1042,124,1,0,-1,3,0,3,1,3,0,0,3,0,0,0,0,0,0,0,3,3,3,0.1783,0.0000,0.0000,3,0,0,0,,0,pending,0
1042,131,1,1,585,19,0,2,1,23,0,1,0,23,0,4,0,9,9,9,32,19,28,0.3469,0.3469,0.0000,9,1,0,0,recheck,0,still,0
1043,4,2,1,409,15,0,1,0,9,0,1,2,7,0,0,0,13,13,13,22,9,22,0.3714,0.3714,0.0000,8,1,0,0,recheck,0,still,0
1043,58,1,1,597,19,2,3,0,18,0,1,0,18,0,0,0,9,9,9,27,18,27,0.5413,0.5413,0.0000,9,1,0,0,recheck,0,still,0
1043,124,1,0,-1,3,0,3,1,3,0,0,3,0,0,0,0,0,0,0,3,3,3,0.1783,0.0000,0.0000,3,0,0,0,,0,hop,1
1044,15,1,1,586,18,0,2,0,17,0,1,0,17,0,0,0,5,5,5,22,17,22,0.5964,0.5964,0.0000,10,1,0,0,recheck,0,still,0
1044,72,2,1,347,18,0,1,0,11,0,1,0,11,0,0,0,11,11,11,22,11,22,0.3642,0.3642,0.0000,7,1,0,0,period_end,0,still,0
1044,73,2,0,-1,8,3,4,0,10,0,0,10,0,0,1,0,0,0,0,10,9,9,0.4058,0.0000,0.0000,8,0,0,0,,0,hop,1
1044,83,1,1,712,20,0,1,0,19,0,1,0,19,0,0,0,7,7,8,26,19,27,0.5674,0.5674,0.0000,11,1,0,0,recheck,0,still,0
1044,170,2,1,681,17,3,4,0,17,0,1,0,17,0,1,0,7,7,7,24,16,23,0.5954,0.5954,0.0000,11,1,0,0,recheck,0,still,0
1045,26,3,1,377,22,0,2,0,22,0,1,7,15,0,0,0,5,5,5,27,22,27,0.5164,0.4590,0.0000,13,1,0,0,recheck,0,still,0
1045,68,3,1,138,17,2,3,0,11,0,1,0,11,0,0,0,11,11,11,22,11,22,0.3583,0.3583,0.0000,8,1,0,0,recheck,0,still,0
1045,76,3,1,604,18,1,2,0,18,0,1,0,18,0,0,1,5,5,5,23,19,24,0.5953,0.5953,0.0000,12,1,0,0,recheck,0,still,0
1045,85,1,1,715,20,0,2,0,19,0,1,0,19,0,0,0,7,7,8,26,19,27,0.5719,0.5719,0.0000,10,1,0,0,recheck,0,still,0
1045,87,1,1,465,23,1,2,0,20,0,1,4,16,0,0,0,5,5,6,25,20,26,0.5985,0.5985,0.0000,11,1,0,0,recheck,0,still,0
1045,157,2,1,348,18,0,2,0,12,0,1,0,12,0,0,0,11,11,11,23,12,23,0.3241,0.3241,0.0000,7,1,0,0,period_end,0,still,0
1046,79,1,1,564,18,0,2,0,14,0,1,0,14,0,1,0,6,6,6,20,13,19,0.5606,0.5606,0.0000,9,1,0,0,recheck,0,still,0
1046,90,1,1,530,22,0,1,0,21,0,1,8,13,0,0,0,3,3,4,24,21,25,0.6786,0.6108,0.0000,14,1,0,0,recheck,0,still,0
1046,95,1,1,317,19,1,3,0,10,0,1,0,10,0,0,0,11,11,11,21,10,21,0.3879,0.3879,0.0000,7,1,0,0,recheck,0,still,0
1046,163,1,1,581,17,0,1,0,19,0,1,0,19,0,5,0,7,7,7,26,14,21,0.3792,0.3792,0.0000,8,1,0,0,recheck,0,still,0
1046,171,1,1,560,20,1,2,0,23,0,1,0,23,0,4,0,9,9,9,32,19,28,0.3941,0.3941,0.0000,12,1,0,0,recheck,0,still,0
1047,12,2,1,632,19,0,1,0,19,0,1,5,14,0,0,0,4,4,5,23,19,24,0.4235,0.4235,0.0000,8,1,0,0,recheck,0,still,0
1047,14,1,1,591,19,0,1,0,17,0,1,1,16,0,0,0,2,2,4,19,17,21,0.5172,0.5172,0.0000,9,1,0,0,recheck,0,still,0
1047,86,1,1,627,22,0,3,0,19,0,1,2,17,0,0,0,7,7,7,26,19,26,0.6110,0.6110,0.0000,11,1,0,0,recheck,0,still,0
1047,174,1,1,458,14,0,1,0,18,0,1,16,2,0,0,0,2,2,1,20,18,19,0.6535,0.1032,0.0000,11,1,0,0,recheck,0,still,0
1048,1,1,1,305,18,0,3,0,10,0,1,0,10,0,0,0,12,12,12,22,10,22,0.4259,0.4259,0.0000,7,1,0,0,recheck,0,still,0
1048,25,2,1,733,21,1,3,0,18,0,1,2,16,0,0,0,9,9,9,27,18,27,0.5433,0.5433,0.0000,11,1,0,0,recheck,0,still,0
1048,101,3,0,-1,7,2,4,0,9,0,0,9,0,0,0,0,0,0,0,9,9,9,0.2958,0.0000,0.0000,7,0,0,0,,0,hop,1
1048,195,1,1,403,17,1,2,0,12,0,1,0,12,0,2,0,12,12,11,24,10,21,0.3453,0.3453,0.0000,10,1,0,0,recheck,0,still,0
1049,8,2,1,217,19,0,1,0,18,0,1,6,12,0,0,0,8,8,8,26,18,26,0.4545,0.4545,0.0000,10,1,0,0,recheck,0,still,0
1049,10,1,1,594,21,1,3,0,19,0,1,6,13,0,0,0,6,6,6,25,19,25,0.5583,0.5583,0.0000,11,1,0,0,recheck,0,still,0
1049,17,3,1,601,19,1,2,0,16,0,1,0,16,0,0,1,7,7,7,23,17,24,0.5350,0.5350,0.0000,12,1,0,0,recheck,0,still,0
1049,199,1,1,339,13,1,3,0,5,0,1,0,5,0,0,0,10,10,10,15,5,15,0.2621,0.2621,0.0000,5,1,0,0,recheck,0,still,0
1050,5,2,1,418,15,0,1,0,12,0,1,4,8,0,0,0,12,12,12,24,12,24,0.4003,0.4003,0.0000,9,1,0,0,recheck,0,still,0
1050,6,2,1,419,17,0,2,0,16,0,1,6,10,0,0,0,10,10,10,26,16,26,0.3627,0.3627,0.0000,8,1,0,0,recheck,0,still,0
1050,23,2,1,482,21,1,2,0,20,0,1,0,20,0,0,1,8,8,8,28,21,29,0.5247,0.5247,0.0000,10,1,0,0,recheck,0,still,0
1050,65,1,1,477,16,0,3,0,18,0,1,15,3,0,0,1,1,1,1,19,19,20,0.5754,0.1015,0.0000,10,1,0,0,recheck,0,still,0
1050,107,3,1,581,19,0,1,0,21,0,1,16,5,0,0,0,1,1,1,22,21,22,0.6281,0.1713,0.0000,14,1,0,0,recheck,0,still,0
1050,143,1,1,336,18,1,3,0,20,0,1,11,9,0,1,1,1,1,2,21,20,22,0.5766,0.4070,0.0000,11,1,0,0,recheck,0,still,0
1050,149,1,1,401,19,0,1,0,16,0,1,6,10,0,0,0,10,10,9,26,16,25,0.3527,0.3527,0.0000,8,1,0,0,recheck,0,still,0
1051,40,1,1,318,16,1,2,0,9,0,1,3,6,0,0,1,11,11,11,20,10,21,0.4329,0.4329,0.0000,8,1,0,0,recheck,0,still,0
1051,66,1,1,528,15,0,1,0,17,0,1,16,1,0,0,1,0,0,0,17,18,18,0.6468,0.0340,0.0000,10,1,0,0,recheck,0,still,0
1051,80,1,1,228,19,1,2,0,14,0,1,0,14,0,0,0,5,5,6,19,14,20,0.5712,0.5712,0.0000,10,1,0,0,recheck,0,still,0
1051,88,1,1,497,21,0,1,0,21,0,1,5,16,0,0,0,3,3,4,24,21,25,0.5729,0.5729,0.0000,12,1,0,0,recheck,0,still,0
1051,172,1,1,414,21,0,1,1,26,0,1,2,24,0,4,0,5,5,5,31,22,27,0.3989,0.3989,0.0000,11,1,0,0,recheck,0,still,0
1052,3,2,1,351,15,0,1,0,7,0,1,0,7,0,0,0,11,11,11,18,7,18,0.3416,0.3416,0.0000,6,1,0,0,recheck,0,still,0
1052,28,2,1,440,21,0,2,0,25,0,1,10,15,0,1,0,1,1,1,26,24,25,0.5398,0.3899,0.0000,12,1,0,0,recheck,0,still,0
1052,113,1,1,345,15,0,2,0,8,0,1,0,8,0,0,0,13,13,11,21,8,19,0.3238,0.3238,0.0000,7,1,0,0,recheck,0,still,0
1052,165,1,1,679,19,1,2,0,19,0,1,0,19,0,3,0,7,7,7,26,16,23,0.3483,0.3483,0.0000,10,1,0,0,recheck,0,still,0
1053,50,1,1,264,18,1,3,0,15,0,1,0,15,0,0,0,6,6,7,21,15,22,0.5844,0.5844,0.0000,9,1,0,0,recheck,0,still,0
1054,138,1,1,505,20,0,1,0,25,0,1,8,17,0,3,0,2,2,2,27,22,24,0.5283,0.4755,0.0000,15,1,0,0,recheck,0,still,0
1055,11,1,1,568,19,0,1,0,19,0,1,6,13,0,1,0,5,5,5,24,18,23,0.5503,0.5503,0.0000,10,1,0,0,recheck,0,still,0
1055,135,1,1,274,23,0,2,0,25,0,1,4,21,0,2,0,4,4,4,29,23,27,0.4780,0.4780,0.0000,14,1,0,0,recheck,0,still,0
1056,9,1,1,406,21,2,3,0,19,0,1,6,13,0,1,0,7,7,7,26,18,25,0.4674,0.4674,0.0000,9,1,0,0,recheck,0,still,0
1056,57,1,1,572,22,1,2,0,21,0,1,0,21,0,0,0,7,7,7,28,21,28,0.5700,0.5700,0.0000,11,1,0,0,recheck,0,still,0
1056,115,2,1,538,15,0,1,0,9,0,1,3,6,0,0,0,14,14,13,23,9,22,0.2965,0.2965,0.0000,8,1,0,0,recheck,0,still,0
1056,119,1,1,112,19,2,3,0,17,0,1,6,11,0,0,1,8,8,5,25,18,23,0.4418,0.3534,0.0000,10,1,0,0,recheck,0,still,0
1056,177,1,1,286,21,0,1,1,26,0,1,7,19,0,3,0,3,3,3,29,23,26,0.5295,0.5295,0.0000,15,1,0,0,recheck,0,still,0
1057,47,2,1,628,20,0,2,0,18,0,1,1,17,0,0,1,4,4,5,22,19,24,0.7118,0.7118,0.0000,13,1,0,1,recheck,0,still,0
1057,128,1,1,651,21,0,1,1,22,0,1,0,22,0,2,0,8,8,7,30,20,27,0.3482,0.3482,0.0000,9,1,0,0,recheck,0,still,0
1057,160,1,0,-1,1,0,1,1,0,0,0,0,0,0,0,0,0,0,0,0,0,0,0.0000,0.0000,0.0000,0,0,0,0,,0,pending,0
1058,19,3,1,685,20,0,2,0,18,0,1,0,18,0,0,0,8,8,8,26,18,26,0.5051,0.5051,0.0000,12,1,0,0,recheck,0,still,0
1058,49,2,1,639,17,1,4,0,17,0,1,0,17,0,0,0,7,7,7,24,17,24,0.6385,0.6385,0.0000,11,1,0,0,recheck,0,still,0
1058,55,2,1,296,20,0,1,0,19,0,1,0,19,0,0,0,9,9,9,28,19,28,0.5163,0.5163,0.0000,12,1,0,0,recheck,0,still,0
1058,117,3,1,518,18,0,1,0,17,0,1,6,11,0,0,0,10,10,10,27,17,27,0.3429,0.3429,0.0000,9,1,0,0,recheck,0,still,0
1058,160,1,0,-1,1,0,1,1,0,0,0,0,0,0,0,0,0,0,0,0,0,0,0.0000,0.0000,0.0000,0,0,0,0,,0,hop,1
1059,2,1,1,223,16,0,1,0,10,0,1,0,10,0,0,0,11,11,10,21,10,20,0.3776,0.3776,0.0000,6,1,0,0,recheck,0,still,0
1059,7,2,1,424,18,0,1,0,16,0,1,6,10,0,0,0,9,9,9,25,16,25,0.3900,0.3900,0.0000,8,1,0,0,recheck,0,still,0
1061,32,1,1,492,13,0,1,0,15,0,0,15,0,0,0,1,0,0,0,15,16,16,0.5880,0.0000,0.0000,8,0,0,0,recheck,0,end_clear,1
1061,44,1,1,643,20,0,3,0,17,0,1,6,11,0,0,2,5,5,5,22,19,24,0.4813,0.4813,0.0000,9,1,0,0,recheck,0,still,0
1061,91,1,1,502,20,2,3,0,23,0,1,11,12,0,1,1,0,0,2,23,23,25,0.6583,0.4937,0.0000,13,1,0,0,recheck,0,still,0
1061,123,2,1,289,15,0,3,0,9,0,1,0,9,0,0,0,11,11,11,20,9,20,0.3550,0.3550,0.0000,8,1,0,0,recheck,0,still,0
1061,127,1,1,646,19,0,2,1,19,0,1,0,19,0,3,0,7,7,7,26,16,23,0.3505,0.3505,0.0000,9,1,0,0,recheck,0,still,0
1061,142,2,1,264,18,0,2,0,16,0,1,0,16,0,0,0,5,5,5,21,16,21,0.6144,0.6144,0.0000,12,1,0,0,recheck,0,still,0
1061,154,2,1,429,18,0,1,0,12,0,1,0,12,0,1,0,12,12,12,24,11,23,0.3452,0.3452,0.0000,9,1,0,0,recheck,0,still,0
1062,118,3,1,567,22,0,1,0,19,0,1,6,13,0,0,0,8,8,8,27,19,27,0.4249,0.3749,0.0000,12,1,0,0,recheck,0,still,0
1062,157,2,1,365,18,0,2,0,12,0,1,0,12,0,0,0,11,11,11,23,12,23,0.3241,0.3241,0.0000,7,1,0,0,recheck,0,still,0
1062,158,1,1,319,17,1,2,0,11,0,1,0,11,0,0,0,11,11,10,22,11,21,0.2596,0.2596,0.0000,6,1,0,0,recheck,0,still,0
1062,189,1,1,480,14,0,2,0,9,0,1,0,9,0,1,0,14,14,11,23,8,19,0.4387,0.4387,0.0000,11,1,0,0,recheck,0,still,0
1063,21,2,1,690,21,0,2,0,18,0,1,0,18,0,0,0,8,8,8,26,18,26,0.5450,0.5450,0.0000,12,1,0,0,recheck,0,still,0
1063,161,2,1,501,19,0,1,0,19,0,1,0,19,0,1,0,7,7,7,26,18,25,0.4284,0.4284,0.0000,10,1,0,0,recheck,0,still,0
1063,181,1,1,322,19,0,1,1,25,0,1,13,12,0,2,0,0,0,0,25,23,23,0.4473,0.1842,0.0000,10,1,0,0,recheck,0,still,0
1064,92,1,1,599,19,2,3,0,19,0,1,15,4,0,0,4,0,0,0,19,23,23,0.6212,0.1462,0.0000,11,1,0,0,recheck,0,still,0
1064,128,1,1,658,21,0,1,1,21,0,1,0,21,0,2,0,9,9,8,30,19,27,0.3482,0.3482,0.0000,9,1,0,0,period_end,0,still,0
1064,146,2,1,452,12,0,2,0,7,0,1,1,6,0,0,0,14,14,14,21,7,21,0.3500,0.3500,0.0000,9,1,0,0,recheck,0,still,0
1065,16,1,1,196,18,2,3,0,14,0,1,0,14,0,0,0,8,8,8,22,14,22,0.5963,0.5963,0.0000,10,1,0,0,recheck,0,still,0
1065,51,1,1,657,18,0,3,0,13,0,1,0,13,0,0,0,7,7,9,20,13,22,0.5339,0.5339,0.0000,8,1,0,0,period_end,0,still,0
1065,56,1,1,612,22,0,1,0,19,0,1,0,19,0,0,0,8,8,8,27,19,27,0.5263,0.5263,0.0000,11,1,0,0,recheck,0,still,0
1065,72,2,1,368,18,0,1,0,11,0,1,0,11,0,0,0,11,11,11,22,11,22,0.3642,0.3642,0.0000,7,1,0,0,recheck,0,still,0
1065,84,1,1,615,22,0,2,0,20,0,1,0,20,0,0,0,6,6,7,26,20,27,0.5300,0.5300,0.0000,10,1,0,0,recheck,0,still,0
1065,114,1,1,329,13,1,2,0,5,0,1,0,5,0,0,0,14,14,13,19,5,18,0.3517,0.3517,0.0000,7,1,0,0,recheck,0,still,0
1065,130,1,1,605,16,2,4,0,16,0,1,0,16,0,2,0,6,6,6,22,14,20,0.6673,0.6673,0.0000,11,1,0,0,recheck,0,still,0
1066,31,2,1,415,19,1,3,0,20,0,1,14,6,0,0,2,0,0,0,20,22,22,0.5936,0.1649,0.0000,12,1,0,0,recheck,0,still,0
1066,153,1,1,393,16,0,2,0,10,0,1,0,10,0,2,1,12,12,11,22,9,20,0.2896,0.2896,0.0000,7,1,0,0,recheck,0,still,0
1066,180,1,1,275,20,0,1,0,26,0,1,11,15,0,3,0,1,1,1,27,23,24,0.4745,0.3163,0.0000,13,1,0,0,recheck,0,still,0
1066,194,1,1,122,18,1,3,0,19,0,1,6,13,0,1,0,8,8,5,27,18,23,0.4075,0.2988,0.0000,11,1,0,0,recheck,0,still,0
1067,13,2,1,501,18,1,2,0,18,0,1,3,15,0,0,0,4,4,5,22,18,23,0.5936,0.5936,0.0000,11,1,0,0,recheck,0,still,0
1067,159,1,1,313,10,2,3,0,3,0,1,0,3,0,0,0,10,10,10,13,3,13,0.1742,0.1742,0.0000,3,1,0,0,recheck,0,still,0
1068,35,2,1,218,18,0,1,0,9,0,1,0,9,0,0,0,13,13,13,22,9,22,0.3905,0.3905,0.0000,7,1,0,0,recheck,0,still,0
1068,51,1,1,660,18,0,3,0,13,0,1,0,13,0,0,0,7,7,9,20,13,22,0.5341,0.5341,0.0000,8,1,0,0,recheck,0,still,0
1068,55,2,1,306,20,0,1,0,19,0,1,0,19,0,0,0,9,9,9,28,19,28,0.5164,0.5164,0.0000,12,1,0,0,period_end,0,still,0
1068,62,2,1,600,20,0,1,0,21,0,1,11,10,0,0,2,1,1,1,22,23,24,0.6408,0.4486,0.0000,13,1,0,0,recheck,0,still,0
1068,116,2,1,349,17,0,1,0,13,0,1,5,8,0,0,0,13,13,12,26,13,25,0.4308,0.4308,0.0000,10,1,0,0,recheck,0,still,0
1068,126,2,1,259,19,0,1,1,18,0,1,0,18,0,3,0,7,7,7,25,15,22,0.3513,0.3513,0.0000,10,1,0,0,recheck,0,still,0
1068,168,1,1,431,21,0,1,1,22,0,1,0,22,0,2,0,9,9,7,31,20,27,0.3473,0.3473,0.0000,9,1,0,0,recheck,0,still,0
1069,89,1,1,517,22,1,2,0,22,0,1,9,13,0,0,1,2,2,3,24,23,26,0.7518,0.6444,0.0000,14,1,0,1,recheck,0,still,0
1069,139,1,0,-1,19,0,2,0,17,0,1,3,14,0,0,0,8,8,6,25,17,23,0.5895,0.4716,0.0000,13,1,0,0,,0,start_holder,0
1069,158,1,1,326,17,1,2,0,11,0,1,0,11,0,0,0,11,11,10,22,11,21,0.2596,0.2596,0.0000,6,1,0,0,period_end,0,still,0
1069,166,2,1,289,20,0,1,0,22,0,1,0,22,0,2,0,9,9,9,31,20,29,0.3487,0.3487,0.0000,10,1,0,0,recheck,0,still,0
1069,169,1,1,630,18,1,2,0,16,0,1,0,16,0,0,1,3,3,4,19,17,21,0.7071,0.7071,0.0000,11,1,0,1,recheck,0,still,0
1070,29,2,1,478,18,0,1,0,22,0,1,13,9,0,0,1,0,0,0,22,23,23,0.5198,0.2446,0.0000,12,1,0,0,recheck,0,still,0
1070,54,2,1,597,19,1,2,0,17,0,1,0,17,0,0,0,8,8,8,25,17,25,0.5754,0.5754,0.0000,12,1,0,0,recheck,0,still,0
1070,77,3,1,508,18,0,2,0,17,0,1,0,17,0,0,0,8,8,8,25,17,25,0.5215,0.5215,0.0000,11,1,0,0,recheck,0,still,0
1070,108,1,1,540,14,1,2,0,17,0,1,16,1,0,0,1,0,0,0,17,18,18,0.6568,0.0365,0.0000,10,0,1,0,recheck,0,end_clear,1
1070,132,1,1,557,19,0,3,0,20,0,1,14,6,0,0,2,0,0,0,20,22,22,0.6094,0.3585,0.0000,11,1,0,0,recheck,0,still,0
1070,182,1,0,-1,20,1,2,0,18,0,1,3,15,0,0,0,8,8,6,26,18,24,0.5438,0.4351,0.0000,13,1,0,0,,0,start_holder,0
1070,188,1,1,437,16,1,2,0,8,0,1,0,8,0,1,0,15,15,12,23,7,19,0.3817,0.3817,0.0000,10,1,0,0,recheck,0,still,0
1071,145,1,1,479,14,1,2,0,6,0,1,0,6,0,0,0,14,14,12,20,6,18,0.3919,0.3919,0.0000,8,1,0,0,recheck,0,still,0
1071,176,1,1,294,23,1,2,0,25,0,1,6,19,0,2,0,4,4,4,29,23,27,0.4167,0.4167,0.0000,14,1,0,0,recheck,0,still,0
1072,131,1,1,615,19,0,2,1,24,0,1,1,23,0,3,0,8,8,7,32,21,28,0.3469,0.3469,0.0000,9,1,0,0,recheck,0,still,0
1073,4,2,1,439,15,0,1,0,8,0,1,1,7,0,0,0,14,14,14,22,8,22,0.3714,0.3714,0.0000,8,1,0,0,recheck,0,still,0
1073,58,1,1,627,19,2,3,0,20,0,1,1,19,0,0,0,7,7,7,27,20,27,0.5407,0.5407,0.0000,9,1,0,0,recheck,0,still,0
1074,15,1,1,616,18,2,4,0,16,0,1,0,16,0,0,0,6,6,6,22,16,22,0.5945,0.5945,0.0000,10,1,0,0,recheck,0,still,0
1074,83,1,1,742,20,0,1,0,18,0,1,0,18,0,0,0,8,8,9,26,18,27,0.5675,0.5675,0.0000,11,1,0,0,recheck,0,still,0
1074,102,2,0,-1,1,1,3,0,1,0,0,1,0,0,0,0,0,0,0,1,1,1,0.0330,0.0000,0.0000,1,0,0,0,,0,hop,1
1074,170,2,1,711,16,0,4,0,16,0,1,0,16,0,2,0,8,8,8,24,14,22,0.5951,0.5951,0.0000,11,1,0,0,recheck,0,still,0
1075,26,3,1,407,22,0,2,0,24,0,1,9,15,0,0,0,3,3,3,27,24,27,0.5453,0.4305,0.0000,14,1,0,0,recheck,0,still,0
1075,68,3,1,168,17,2,3,0,10,0,1,0,10,0,0,0,12,12,12,22,10,22,0.3284,0.3284,0.0000,7,1,0,0,recheck,0,still,0
1075,76,3,1,634,19,3,4,0,17,0,1,0,17,0,0,1,6,6,6,23,18,24,0.5953,0.5953,0.0000,12,1,0,0,recheck,0,still,0
1075,85,1,1,745,20,0,2,0,19,0,1,0,19,0,0,0,6,6,7,25,19,26,0.5715,0.5715,0.0000,10,1,0,0,recheck,0,still,0
1075,87,1,1,495,23,1,2,0,22,0,1,6,16,0,0,0,3,3,4,25,22,26,0.5984,0.5984,0.0000,11,1,0,0,recheck,0,still,0
1076,79,1,1,594,18,0,2,0,13,0,1,0,13,0,1,0,7,7,7,20,12,19,0.5612,0.5612,0.0000,9,1,0,0,recheck,0,still,0
1076,90,1,1,560,22,0,1,0,23,0,1,10,13,0,0,0,1,1,2,24,23,25,0.6787,0.5429,0.0000,14,1,0,0,recheck,0,still,0
1076,95,1,1,347,19,1,3,0,9,0,1,0,9,0,0,0,12,12,12,21,9,21,0.3868,0.3868,0.0000,7,1,0,0,recheck,0,still,0
1076,163,1,1,611,17,0,1,0,18,0,1,0,18,0,5,0,8,8,8,26,13,21,0.3792,0.3792,0.0000,8,1,0,0,recheck,0,still,0
1076,171,1,1,590,20,1,2,0,24,0,1,1,23,0,3,0,8,8,7,32,21,28,0.3941,0.3941,0.0000,12,1,0,0,recheck,0,still,0
1077,12,2,1,662,19,0,1,0,19,0,1,3,16,0,0,1,4,4,5,23,20,25,0.4235,0.4235,0.0000,8,1,0,0,recheck,0,still,0
1077,14,1,1,621,19,0,1,0,17,0,1,1,16,0,0,0,2,2,4,19,17,21,0.5172,0.5172,0.0000,9,1,0,0,recheck,0,still,0
1077,86,1,1,657,22,0,3,0,21,0,1,4,17,0,0,0,4,4,5,25,21,26,0.6110,0.6110,0.0000,11,1,0,0,recheck,0,still,0
1077,174,1,1,488,14,0,1,0,19,0,1,18,1,0,0,0,0,0,0,19,19,19,0.6632,0.0349,0.0000,11,0,1,0,recheck,0,end_clear,1
1078,1,1,1,335,18,0,3,0,9,0,1,0,9,0,0,0,13,13,13,22,9,22,0.4257,0.4257,0.0000,7,1,0,0,recheck,0,still,0
1078,25,2,1,763,21,1,3,0,22,0,1,5,17,0,0,0,5,5,5,27,22,27,0.5430,0.5430,0.0000,11,1,0,0,recheck,0,still,0
1078,133,2,0,-1,13,5,6,0,18,0,0,17,1,0,1,0,0,0,0,18,17,17,0.6782,0.0000,0.0000,12,0,0,0,,0,hop,1
1078,136,2,0,-1,10,0,6,0,13,0,0,13,0,0,1,0,0,0,0,13,12,12,0.5326,0.0000,0.0000,10,0,0,0,,0,pending,0
1078,195,1,1,433,17,1,2,0,11,0,1,0,11,0,2,0,13,13,12,24,9,21,0.3454,0.3454,0.0000,10,1,0,0,recheck,0,still,0
1079,8,2,1,247,19,0,1,0,18,0,1,4,14,0,0,0,8,8,8,26,18,26,0.4545,0.4545,0.0000,10,1,0,0,recheck,0,still,0
1079,10,1,1,624,21,1,3,0,19,0,1,4,15,0,0,0,6,6,6,25,19,25,0.5583,0.5583,0.0000,11,1,0,0,recheck,0,still,0
1079,17,3,1,631,19,1,2,0,15,0,1,0,15,0,0,1,8,8,8,23,16,24,0.5347,0.5347,0.0000,12,1,0,0,recheck,0,still,0
1079,136,2,0,-1,10,0,5,0,13,0,0,13,0,0,1,0,0,0,0,13,12,12,0.5326,0.0000,0.0000,10,0,0,0,,0,hop,1
1079,199,1,1,369,13,1,3,0,5,0,1,0,5,0,0,0,10,10,10,15,5,15,0.2621,0.2621,0.0000,5,1,0,0,recheck,0,still,0
1080,5,2,1,448,15,0,1,0,11,0,1,2,9,0,0,0,13,13,13,24,11,24,0.4003,0.4003,0.0000,9,1,0,0,recheck,0,still,0
1080,6,2,1,449,17,0,2,0,16,0,1,4,12,0,0,0,10,10,10,26,16,26,0.3627,0.3627,0.0000,8,1,0,0,recheck,0,still,0
1080,23,2,1,512,21,1,2,0,21,0,1,2,19,0,0,1,7,7,7,28,22,29,0.5260,0.5260,0.0000,10,1,0,0,recheck,0,still,0
1080,65,1,1,507,16,0,3,0,19,0,1,18,1,0,0,1,0,0,0,19,20,20,0.5754,0.0338,0.0000,10,1,0,0,recheck,0,still,0
1080,107,3,1,611,19,0,1,1,22,0,1,19,3,0,0,0,0,0,0,22,22,22,0.6284,0.0857,0.0000,14,1,0,0,recheck,0,still,0
1080,143,1,1,366,18,1,3,0,22,0,1,15,7,0,1,1,0,0,1,22,22,23,0.5769,0.3054,0.0000,11,1,0,0,recheck,0,still,0
1080,149,1,1,431,19,0,1,0,16,0,1,4,12,0,0,0,10,10,9,26,16,25,0.4115,0.4115,0.0000,9,1,0,0,recheck,0,still,0
1081,40,1,1,348,16,1,2,0,9,0,1,1,8,0,0,0,11,11,12,20,9,21,0.4329,0.4329,0.0000,8,1,0,0,recheck,0,still,0
1081,44,1,1,663,20,0,3,0,17,0,1,4,13,0,0,2,5,5,5,22,19,24,0.4813,0.4813,0.0000,9,1,0,0,period_end,0,still,0
1081,66,1,1,558,15,0,2,0,18,0,0,18,0,0,0,0,0,0,0,18,18,18,0.6473,0.0000,0.0000,10,0,0,0,recheck,0,end_clear,1
1081,80,1,1,258,19,1,2,0,13,0,1,0,13,0,0,0,6,6,7,19,13,20,0.5713,0.5713,0.0000,10,1,0,0,recheck,0,still,0
1081,88,1,1,527,21,0,1,0,21,0,1,9,12,0,0,0,3,3,4,24,21,25,0.5728,0.5370,0.0000,12,1,0,0,recheck,0,still,0
1081,172,1,1,444,21,0,1,1,26,0,1,6,20,0,4,0,5,5,5,31,22,27,0.3989,0.3989,0.0000,11,1,0,0,recheck,0,still,0
1082,3,2,1,381,14,0,1,0,7,0,1,0,7,0,0,0,12,12,12,19,7,19,0.3416,0.3416,0.0000,6,1,0,0,recheck,0,still,0
1082,10,1,1,627,21,1,3,0,19,0,1,4,15,0,0,0,6,6,6,25,19,25,0.5583,0.5583,0.0000,11,1,0,0,period_end,0,still,0
1082,28,2,1,470,21,0,2,0,25,0,1,14,11,0,1,0,1,1,1,26,24,25,0.5405,0.3003,0.0000,12,1,0,0,recheck,0,still,0
1082,71,2,0,-1,10,2,3,0,12,0,0,12,0,0,1,0,0,0,0,12,11,11,0.5039,0.0000,0.0000,9,0,0,0,,0,hop,1
1082,113,1,1,375,15,0,2,0,7,0,1,0,7,0,0,0,14,14,12,21,7,19,0.3237,0.3237,0.0000,7,1,0,0,recheck,0,still,0
1082,165,1,1,709,19,1,2,0,18,0,1,0,18,0,3,0,8,8,8,26,15,23,0.3483,0.3483,0.0000,10,1,0,0,recheck,0,still,0
1083,50,1,1,294,18,1,3,0,14,0,1,0,14,0,0,0,7,7,8,21,14,22,0.5860,0.5860,0.0000,9,1,0,0,recheck,0,still,0
1084,40,1,1,351,16,1,2,0,9,0,1,1,8,0,0,0,11,11,12,20,9,21,0.4329,0.4329,0.0000,8,1,0,0,period_end,0,still,0
1084,95,1,1,355,19,1,3,0,9,0,1,0,9,0,0,0,12,12,12,21,9,21,0.3869,0.3869,0.0000,7,1,0,0,period_end,0,still,0
1084,138,1,1,535,20,0,1,0,25,0,1,12,13,0,3,0,2,2,2,27,22,24,0.4491,0.3698,0.0000,13,1,0,0,recheck,0,still,0
1084,144,2,0,-1,8,0,3,0,10,0,0,10,0,0,0,0,0,0,0,10,10,10,0.3807,0.0000,0.0000,7,0,0,0,,0,pending,0
1085,11,1,1,598,19,0,1,0,19,0,1,4,15,0,1,0,5,5,5,24,18,23,0.5503,0.5503,0.0000,10,1,0,0,recheck,0,still,0
1085,135,1,1,304,23,0,2,0,25,0,1,8,17,0,2,0,4,4,4,29,23,27,0.4780,0.4780,0.0000,14,1,0,0,recheck,0,still,0
1085,144,2,0,-1,8,0,3,0,10,0,0,10,0,0,0,0,0,0,0,10,10,10,0.3805,0.0000,0.0000,7,0,0,0,,0,hop,1
1086,9,1,1,436,21,2,3,0,19,0,1,4,15,0,1,0,7,7,7,26,18,25,0.4674,0.4674,0.0000,9,1,0,0,recheck,0,still,0
1086,57,1,1,602,22,1,2,0,21,0,1,0,21,0,0,0,7,7,7,28,21,28,0.5701,0.5701,0.0000,11,1,0,0,recheck,0,still,0
1086,115,2,1,568,15,0,1,0,8,0,1,1,7,0,0,0,15,15,14,23,8,22,0.2963,0.2963,0.0000,8,1,0,0,recheck,0,still,0
1086,119,1,1,142,19,2,3,0,18,0,1,4,14,0,0,1,8,8,5,26,19,24,0.4418,0.4123,0.0000,10,1,0,0,recheck,0,still,0
1086,177,1,1,316,21,0,1,1,26,0,1,11,15,0,3,0,3,3,3,29,23,26,0.5295,0.4765,0.0000,15,1,0,0,recheck,0,still,0
1087,47,2,1,658,20,0,2,0,18,0,1,1,17,0,0,1,4,4,5,22,19,24,0.7118,0.7118,0.0000,13,1,0,1,recheck,0,still,0
1087,128,1,1,681,21,0,1,1,21,0,1,0,21,0,2,0,9,9,8,30,19,27,0.3482,0.3482,0.0000,9,1,0,0,recheck,0,still,0
1088,19,3,1,715,20,0,2,0,18,0,1,0,18,0,0,0,8,8,8,26,18,26,0.5053,0.5053,0.0000,12,1,0,0,recheck,0,still,0
1088,49,2,1,669,17,1,2,0,16,0,1,0,16,0,0,0,8,8,8,24,16,24,0.6360,0.6360,0.0000,11,1,0,0,recheck,0,still,0
1088,55,2,1,326,20,0,1,0,19,0,1,0,19,0,0,0,9,9,9,28,19,28,0.5164,0.5164,0.0000,12,1,0,0,recheck,0,still,0
1088,117,3,1,548,18,0,1,0,17,0,1,4,13,0,0,0,10,10,10,27,17,27,0.3432,0.3432,0.0000,9,1,0,0,recheck,0,still,0
1088,159,1,1,334,9,2,3,0,4,0,1,0,4,0,0,0,8,8,8,12,4,12,0.1742,0.1742,0.0000,3,1,0,0,period_end,0,still,0
1089,2,1,1,253,16,0,1,0,9,0,1,0,9,0,0,0,12,12,11,21,9,20,0.3776,0.3776,0.0000,6,1,0,0,recheck,0,still,0
1089,7,2,1,454,18,0,1,0,16,0,1,4,12,0,0,0,9,9,9,25,16,25,0.3900,0.3900,0.0000,8,1,0,0,recheck,0,still,0
1089,50,1,1,300,18,1,3,0,14,0,1,0,14,0,0,0,7,7,8,21,14,22,0.5860,0.5860,0.0000,9,1,0,0,period_end,0,still,0
1091,44,1,1,673,20,0,3,0,17,0,1,4,13,0,0,2,5,5,5,22,19,24,0.4813,0.4813,0.0000,9,1,0,0,recheck,0,still,0
1091,91,1,1,532,20,2,3,0,22,0,1,13,9,0,1,1,0,0,1,22,22,23,0.6581,0.3620,0.0000,13,1,0,0,recheck,0,still,0
1091,123,2,1,319,14,0,3,0,10,0,1,0,10,0,0,0,9,9,9,19,10,19,0.3550,0.3550,0.0000,7,1,0,0,recheck,0,still,0
1091,127,1,1,676,19,0,2,1,18,0,1,0,18,0,3,0,8,8,8,26,15,23,0.3505,0.3505,0.0000,9,1,0,0,recheck,0,still,0
1091,142,2,1,294,18,0,2,0,17,0,1,0,17,0,0,0,5,5,5,22,17,22,0.7103,0.7103,0.0000,13,1,0,1,recheck,0,still,0
1091,154,2,1,459,18,0,1,0,12,0,1,0,12,0,0,0,11,11,11,23,12,23,0.3452,0.3452,0.0000,9,1,0,0,recheck,0,still,0
1092,118,3,1,597,22,0,1,0,19,0,1,4,15,0,0,0,8,8,8,27,19,27,0.4250,0.4000,0.0000,12,1,0,0,recheck,0,still,0
1092,157,2,1,395,17,0,2,0,12,0,1,0,12,0,0,0,10,10,10,22,12,22,0.3241,0.3241,0.0000,7,1,0,0,recheck,0,still,0
1092,158,1,1,349,16,1,2,0,12,0,1,0,12,0,0,0,9,9,8,21,12,20,0.2596,0.2596,0.0000,5,1,0,0,recheck,0,still,0
1092,189,1,1,510,14,0,2,0,10,0,1,0,10,0,3,0,13,13,12,23,7,19,0.4390,0.4390,0.0000,11,1,0,0,recheck,0,still,0
1093,21,2,1,720,21,0,2,0,17,0,1,0,17,0,0,0,9,9,9,26,17,26,0.5454,0.5454,0.0000,12,1,0,0,recheck,0,still,0
1093,114,1,1,357,13,1,2,0,5,0,1,0,5,0,0,0,14,14,13,19,5,18,0.3517,0.3517,0.0000,7,1,0,0,period_end,0,still,0
1093,127,1,1,678,19,0,2,1,18,0,1,0,18,0,3,0,8,8,8,26,15,23,0.3505,0.3505,0.0000,9,1,0,0,period_end,0,still,0
1093,161,2,1,531,19,0,1,0,18,0,1,0,18,0,1,0,8,8,8,26,17,25,0.4284,0.4284,0.0000,10,1,0,0,recheck,0,still,0
1093,166,2,1,313,20,0,1,0,21,0,1,0,21,0,2,0,9,9,9,30,19,28,0.3487,0.3487,0.0000,10,1,0,0,period_end,0,still,0
1093,181,1,1,352,19,0,1,1,25,0,1,16,9,0,2,0,0,0,0,25,23,23,0.4473,0.1052,0.0000,10,1,0,0,period_end,0,still,0
1094,92,1,1,629,17,2,3,0,20,0,1,19,1,0,0,2,0,0,0,20,22,22,0.6472,0.0341,0.0000,12,0,1,0,recheck,0,end_clear,1
1094,146,2,1,482,12,0,2,0,7,0,1,1,6,0,0,0,14,14,14,21,7,21,0.3501,0.3501,0.0000,9,1,0,0,recheck,0,still,0
1095,12,2,1,680,19,0,1,0,19,0,1,3,16,0,0,1,4,4,5,23,20,25,0.4235,0.4235,0.0000,8,1,0,0,period_end,0,still,0
1095,16,1,1,226,18,2,3,0,13,0,1,0,13,0,0,0,9,9,9,22,13,22,0.5932,0.5932,0.0000,10,1,0,0,recheck,0,still,0
1095,56,1,1,642,22,0,1,0,18,0,1,0,18,0,0,0,9,9,9,27,18,27,0.5263,0.5263,0.0000,11,1,0,0,recheck,0,still,0
1095,72,2,1,398,17,0,1,0,12,0,1,0,12,0,0,0,9,9,9,21,12,21,0.3642,0.3642,0.0000,6,1,0,0,recheck,0,still,0
1095,84,1,1,645,22,0,2,0,20,0,1,1,19,0,0,0,6,6,7,26,20,27,0.5310,0.5310,0.0000,10,1,0,0,recheck,0,still,0
1095,114,1,1,359,13,1,2,0,5,0,1,0,5,0,0,0,14,14,13,19,5,18,0.3517,0.3517,0.0000,7,1,0,0,recheck,0,still,0
1095,130,1,1,635,17,1,4,0,15,0,1,0,15,0,1,0,7,7,7,22,14,21,0.6633,0.6633,0.0000,11,1,0,0,recheck,0,still,0
1096,31,2,1,445,19,1,2,0,20,0,1,18,2,0,0,2,0,0,0,20,22,22,0.5936,0.0330,0.0000,12,1,0,0,recheck,0,still,0
1096,135,1,1,315,23,0,2,0,25,0,1,9,16,0,2,0,4,4,4,29,23,27,0.4780,0.4514,0.0000,14,1,0,0,period_end,0,still,0
1096,153,1,1,423,16,0,2,0,11,0,1,0,11,0,2,1,10,10,10,21,10,20,0.2896,0.2896,0.0000,7,1,0,0,recheck,0,still,0
1096,180,1,1,305,20,0,1,0,26,0,1,15,11,0,3,0,1,1,1,27,23,24,0.4745,0.2109,0.0000,13,1,0,0,recheck,0,still,0
1096,194,1,1,152,18,1,3,0,19,0,1,4,15,0,1,0,8,8,5,27,18,23,0.4075,0.3532,0.0000,11,1,0,0,recheck,0,still,0
1097,13,2,1,531,18,1,2,0,18,0,1,3,15,0,0,0,4,4,5,22,18,23,0.5936,0.5936,0.0000,11,1,0,0,recheck,0,still,0
1097,56,1,1,644,22,0,1,0,18,0,1,0,18,0,0,0,9,9,9,27,18,27,0.5263,0.5263,0.0000,11,1,0,0,period_end,0,still,0
1097,159,1,1,343,9,2,3,0,4,0,1,0,4,0,0,0,8,8,8,12,4,12,0.1742,0.1742,0.0000,3,1,0,0,recheck,0,still,0
1098,35,2,1,248,18,0,1,0,10,0,1,0,10,0,0,0,11,11,12,21,10,22,0.3898,0.3898,0.0000,7,1,0,0,recheck,0,still,0
1098,51,1,1,690,18,0,3,0,12,0,1,0,12,0,0,0,8,8,9,20,12,21,0.5350,0.5350,0.0000,8,1,0,0,recheck,0,still,0
1098,62,2,1,630,20,0,1,0,22,0,1,16,6,0,0,2,1,1,1,23,24,25,0.6407,0.3203,0.0000,13,1,0,0,recheck,0,still,0
1098,116,2,1,379,17,0,1,0,13,0,1,3,10,0,0,0,13,13,12,26,13,25,0.4308,0.4308,0.0000,10,1,0,0,recheck,0,still,0
1098,126,2,1,289,19,0,1,1,17,0,1,0,17,0,3,0,8,8,8,25,14,22,0.3513,0.3513,0.0000,10,1,0,0,recheck,0,still,0
1098,168,1,1,461,21,0,1,1,21,0,1,1,20,0,1,0,10,10,7,31,20,27,0.3473,0.3473,0.0000,9,1,0,0,recheck,0,still,0
1099,89,1,1,547,22,1,2,0,21,0,1,12,9,0,0,1,2,2,3,23,22,25,0.6446,0.4297,0.0000,13,1,0,0,recheck,0,still,0
1099,166,2,1,319,20,0,1,0,20,0,1,0,20,0,2,0,10,10,10,30,18,28,0.3487,0.3487,0.0000,10,1,0,0,recheck,0,still,0
1099,169,1,1,660,18,1,2,0,16,0,1,0,16,0,0,1,4,4,4,20,17,21,0.7389,0.7389,0.0000,12,1,0,1,recheck,0,still,0
1100,1,2,1,357,18,0,2,0,10,0,1,0,10,0,0,0,12,12,12,22,10,22,0.3622,0.3622,0.0000,7,1,0,0,period_end,0,still,0
1100,29,2,1,508,18,0,1,0,22,0,1,17,5,0,0,1,0,0,0,22,23,23,0.5223,0.1229,0.0000,12,1,0,0,recheck,0,still,0
1100,54,2,1,627,19,1,2,0,16,0,1,0,16,0,0,0,9,9,9,25,16,25,0.5754,0.5754,0.0000,12,1,0,0,recheck,0,still,0
1100,77,3,1,538,19,0,2,0,16,0,1,0,16,0,0,0,9,9,9,25,16,25,0.5506,0.5506,0.0000,12,1,0,0,recheck,0,still,0
1100,132,1,1,587,19,0,3,0,20,0,1,17,3,0,0,2,0,0,0,20,22,22,0.6094,0.2151,0.0000,11,1,0,0,recheck,0,still,0
1100,188,1,1,467,16,1,2,0,8,0,1,0,8,0,2,0,14,14,13,22,6,19,0.3816,0.3816,0.0000,10,1,0,0,recheck,0,still,0
1101,145,1,1,509,15,1,2,0,6,0,1,0,6,0,1,0,14,14,13,20,5,18,0.3920,0.3920,0.0000,8,1,0,0,recheck,0,still,0
1101,176,1,1,324,23,1,2,0,25,0,1,9,16,0,2,0,4,4,4,29,23,27,0.4657,0.4412,0.0000,15,1,0,0,recheck,0,still,0
1102,111,2,0,-1,3,0,3,1,3,0,0,3,0,0,0,0,0,0,0,3,3,3,0.1315,0.0000,0.0000,3,0,0,0,,0,hop,1
1102,131,1,1,645,19,0,2,1,23,0,1,4,19,0,2,0,9,9,7,32,21,28,0.3469,0.3469,0.0000,9,1,0,0,recheck,0,still,0
1103,4,2,1,469,14,0,1,0,7,0,1,1,6,0,0,0,14,14,14,21,7,21,0.3714,0.3714,0.0000,8,1,0,0,recheck,0,still,0
1103,58,1,1,657,19,2,3,0,20,0,1,4,16,0,0,0,7,7,7,27,20,27,0.5406,0.5406,0.0000,9,1,0,0,recheck,0,still,0
1103,142,2,1,306,18,0,2,0,16,0,1,0,16,0,0,0,5,5,5,21,16,21,0.7122,0.7122,0.0000,13,1,0,1,period_end,0,still,0
1104,15,1,1,646,18,2,4,0,15,0,1,0,15,0,0,0,7,7,7,22,15,22,0.5919,0.5919,0.0000,10,1,0,0,recheck,0,still,0
1104,83,1,1,772,20,0,1,0,17,0,1,0,17,0,0,0,9,9,10,26,17,27,0.5672,0.5672,0.0000,11,1,0,0,recheck,0,still,0
1104,170,2,1,741,16,0,4,0,15,0,1,0,15,0,2,0,9,9,9,24,13,22,0.5954,0.5954,0.0000,11,1,0,0,recheck,0,still,0
1105,26,3,1,437,22,0,2,0,24,0,1,12,12,0,0,0,3,3,3,27,24,27,0.5463,0.3450,0.0000,14,1,0,0,recheck,0,still,0
1105,68,3,1,198,16,1,2,0,10,0,1,0,10,0,0,0,11,11,11,21,10,21,0.3284,0.3284,0.0000,6,1,0,0,recheck,0,still,0
1105,76,3,1,664,19,3,4,0,17,0,1,0,17,0,0,0,6,6,6,23,17,23,0.6548,0.6548,0.0000,13,1,0,0,recheck,0,still,0
1105,85,1,1,775,20,0,2,0,19,0,1,1,18,0,0,0,6,6,7,25,19,26,0.5713,0.5713,0.0000,10,1,0,0,recheck,0,still,0
1105,87,1,1,525,23,1,2,0,22,0,1,9,13,0,0,0,3,3,4,25,22,26,0.5986,0.5633,0.0000,11,1,0,0,recheck,0,still,0
1105,123,2,1,333,14,0,3,0,9,0,1,0,9,0,0,0,10,10,10,19,9,19,0.3550,0.3550,0.0000,7,1,0,0,period_end,0,still,0
1105,177,1,1,335,21,0,1,1,26,0,1,12,14,0,3,0,3,3,3,29,23,26,0.5295,0.4500,0.0000,15,1,0,0,period_end,0,still,0
1106,79,1,1,624,18,0,2,0,12,0,1,0,12,0,1,0,8,8,8,20,11,19,0.5617,0.5617,0.0000,9,1,0,0,recheck,0,still,0
1106,90,1,1,590,22,0,1,0,23,0,1,13,10,0,0,0,1,1,2,24,23,25,0.6791,0.4754,0.0000,14,1,0,0,recheck,0,still,0
1106,163,1,1,641,17,0,1,0,17,0,1,0,17,0,5,0,9,9,9,26,12,21,0.3792,0.3792,0.0000,8,1,0,0,recheck,0,still,0
1106,171,1,1,620,20,1,2,0,23,0,1,4,19,0,2,0,9,9,7,32,21,28,0.3941,0.3941,0.0000,12,1,0,0,recheck,0,still,0
1107,12,2,1,692,19,0,1,0,19,0,1,3,16,0,0,1,4,4,5,23,20,25,0.4235,0.4235,0.0000,8,1,0,0,recheck,0,still,0
1107,14,1,1,651,19,0,1,0,17,0,1,1,16,0,0,0,2,2,4,19,17,21,0.5172,0.5172,0.0000,9,1,0,0,recheck,0,still,0
1107,86,1,1,687,22,0,3,0,21,0,1,7,14,0,0,0,4,4,5,25,21,26,0.6112,0.5752,0.0000,11,1,0,0,recheck,0,still,0
1108,1,2,1,365,18,0,2,0,10,0,1,0,10,0,0,0,12,12,12,22,10,22,0.3625,0.3625,0.0000,7,1,0,0,recheck,0,still,0
1108,25,2,1,793,21,1,3,0,22,0,1,7,15,0,0,0,5,5,5,27,22,27,0.5430,0.5111,0.0000,11,1,0,0,recheck,0,still,0
1108,195,1,1,463,17,1,2,0,11,0,1,0,11,0,2,0,12,12,12,23,9,21,0.3455,0.3455,0.0000,10,1,0,0,recheck,0,still,0
1109,8,2,1,277,19,0,1,0,18,0,1,4,14,0,0,0,8,8,8,26,18,26,0.4545,0.4545,0.0000,10,1,0,0,recheck,0,still,0
1109,10,1,1,654,21,1,3,0,19,0,1,4,15,0,0,0,6,6,6,25,19,25,0.5583,0.5583,0.0000,11,1,0,0,recheck,0,still,0
1109,17,3,1,661,19,1,2,0,14,0,1,0,14,0,0,1,9,9,9,23,15,24,0.5353,0.5353,0.0000,12,1,0,0,recheck,0,still,0
1109,54,2,1,636,19,1,2,0,16,0,1,0,16,0,0,0,9,9,9,25,16,25,0.5754,0.5754,0.0000,12,1,0,0,period_end,0,still,0
1109,199,1,1,399,12,1,3,0,6,0,1,0,6,0,0,0,8,8,8,14,6,14,0.2621,0.2621,0.0000,4,1,0,0,recheck,0,still,0
1110,5,2,1,478,15,0,1,0,11,0,1,2,9,0,0,0,13,13,13,24,11,24,0.4003,0.4003,0.0000,9,1,0,0,recheck,0,still,0
1110,6,2,1,479,17,0,2,0,16,0,1,4,12,0,0,0,10,10,10,26,16,26,0.3627,0.3627,0.0000,8,1,0,0,recheck,0,still,0
1110,23,2,1,542,21,1,2,0,21,0,1,4,17,0,0,1,7,7,7,28,22,29,0.5247,0.5247,0.0000,10,1,0,0,recheck,0,still,0
1110,49,2,1,691,17,1,2,0,15,0,1,0,15,0,0,0,9,9,9,24,15,24,0.6349,0.6349,0.0000,11,1,0,0,period_end,0,still,0
1110,65,1,1,537,16,0,3,0,19,0,1,19,0,0,0,1,0,0,0,19,20,20,0.6131,0.0000,0.0000,11,0,0,0,recheck,0,end_clear,1
1110,103,1,0,-1,6,1,4,0,7,0,0,7,0,0,0,1,0,0,0,7,8,8,0.2955,0.0000,0.0000,5,0,0,0,,0,pending,0
1110,107,3,1,641,19,0,1,0,22,0,1,22,0,0,0,0,0,0,0,22,22,22,0.6284,0.0286,0.0000,14,0,1,0,recheck,0,end_clear,1
1110,143,1,1,396,18,1,3,0,22,0,1,19,3,0,1,1,0,0,1,22,22,23,0.5775,0.2378,0.0000,11,1,0,0,recheck,0,still,0
1110,149,1,1,461,20,0,1,0,16,0,1,4,12,0,0,0,10,10,9,26,16,25,0.4114,0.4114,0.0000,9,1,0,0,recheck,0,still,0
1111,40,1,1,378,15,1,2,0,9,0,1,1,8,0,0,0,11,11,12,20,9,21,0.4329,0.4329,0.0000,8,1,0,0,recheck,0,still,0
1111,80,1,1,288,19,1,2,0,12,0,1,0,12,0,0,0,7,7,8,19,12,20,0.5712,0.5712,0.0000,10,1,0,0,recheck,0,still,0
1111,88,1,1,557,21,0,1,0,21,0,1,12,9,0,0,0,3,3,4,24,21,25,0.5732,0.4299,0.0000,12,1,0,0,recheck,0,still,0
1111,103,1,0,-1,6,1,4,0,7,0,0,7,0,0,0,1,0,0,0,7,8,8,0.2955,0.0000,0.0000,5,0,0,0,,0,hop,1
1111,172,1,1,474,21,0,1,1,26,0,1,9,17,0,4,0,5,5,5,31,22,27,0.3989,0.3989,0.0000,11,1,0,0,recheck,0,still,0
1112,3,2,1,411,14,0,1,0,6,0,1,0,6,0,0,0,13,13,13,19,6,19,0.3416,0.3416,0.0000,6,1,0,0,recheck,0,still,0
1112,28,2,1,500,21,0,2,0,25,0,1,17,8,0,1,0,1,1,1,26,24,25,0.5730,0.2413,0.0000,13,1,0,0,recheck,0,still,0
1112,79,1,1,630,18,0,2,0,12,0,1,0,12,0,1,0,8,8,8,20,11,19,0.5618,0.5618,0.0000,9,1,0,0,period_end,0,still,0
1112,84,1,1,662,22,0,2,0,20,0,1,3,17,0,0,0,6,6,7,26,20,27,0.5310,0.5310,0.0000,10,1,0,0,period_end,0,still,0
1112,113,1,1,405,15,0,2,0,7,0,1,0,7,0,2,0,13,13,13,20,5,18,0.3237,0.3237,0.0000,7,1,0,0,recheck,0,still,0
1112,165,1,1,739,19,1,2,0,17,0,1,0,17,0,3,0,9,9,9,26,14,23,0.3483,0.3483,0.0000,10,1,0,0,recheck,0,still,0
1113,15,1,1,655,18,2,4,0,15,0,1,0,15,0,0,0,7,7,7,22,15,22,0.5917,0.5917,0.0000,10,1,0,0,period_end,0,still,0
1113,50,1,1,324,18,1,3,0,13,0,1,0,13,0,0,0,8,8,9,21,13,22,0.5866,0.5866,0.0000,9,1,0,0,recheck,0,still,0
1113,58,1,1,667,19,2,3,0,20,0,1,6,14,0,0,0,7,7,7,27,20,27,0.5410,0.5410,0.0000,9,1,0,0,period_end,0,still,0
1114,138,1,1,565,20,0,1,0,25,0,1,15,10,0,3,0,2,2,2,27,22,24,0.4755,0.2377,0.0000,14,1,0,0,recheck,0,still,0
1115,11,1,1,628,19,0,1,0,20,0,1,4,16,0,2,0,5,5,5,25,18,23,0.5503,0.5503,0.0000,10,1,0,0,recheck,0,still,0
1115,86,1,1,695,22,0,3,0,21,0,1,9,12,0,0,0,4,4,5,25,21,26,0.6112,0.5753,0.0000,11,1,0,0,period_end,0,still,0
1115,135,1,1,334,23,0,2,0,25,0,1,11,14,0,2,0,4,4,4,29,23,27,0.4780,0.4249,0.0000,14,1,0,0,recheck,0,still,0
1116,9,1,1,466,21,2,3,0,19,0,1,4,15,0,1,0,7,7,7,26,18,25,0.4674,0.4674,0.0000,9,1,0,0,recheck,0,still,0
1116,57,1,1,632,22,1,2,0,18,0,1,1,17,0,0,0,8,8,8,26,18,26,0.5701,0.5701,0.0000,11,1,0,0,recheck,0,still,0
1116,115,2,1,598,14,0,1,0,8,0,1,1,7,0,0,0,15,15,14,23,8,22,0.2964,0.2964,0.0000,8,1,0,0,recheck,0,still,0
1116,119,1,1,172,19,2,3,0,18,0,1,4,14,0,0,1,8,8,5,26,19,24,0.4712,0.4417,0.0000,11,1,0,0,recheck,0,still,0
1116,131,1,1,659,19,0,2,1,23,0,1,6,17,0,2,0,9,9,7,32,21,28,0.3469,0.3469,0.0000,9,1,0,0,period_end,0,still,0
1116,177,1,1,346,21,0,1,1,26,0,1,14,12,0,3,0,3,3,3,29,23,26,0.5295,0.3442,0.0000,15,1,0,0,recheck,0,still,0
1117,47,2,1,688,20,0,2,0,18,0,1,1,17,0,0,1,4,4,5,22,19,24,0.7118,0.7118,0.0000,13,1,0,1,recheck,0,still,0
1117,128,1,1,711,21,0,1,1,20,0,1,0,20,0,2,0,10,10,9,30,18,27,0.3482,0.3482,0.0000,9,1,0,0,recheck,0,still,0
1117,152,1,0,-1,4,1,2,0,6,0,0,6,0,0,0,0,0,0,0,6,6,6,0.1841,0.0000,0.0000,3,0,0,0,,0,hop,1
1117,176,1,1,340,23,1,2,0,25,0,1,11,14,0,2,0,4,4,4,29,23,27,0.4657,0.4167,0.0000,15,1,0,0,period_end,0,still,0
1118,19,3,1,745,20,0,2,0,16,0,1,0,16,0,0,0,9,9,9,25,16,25,0.5061,0.5061,0.0000,12,1,0,0,recheck,0,still,0
1118,49,2,1,699,17,1,2,0,15,0,1,0,15,0,0,0,9,9,9,24,15,24,0.6347,0.6347,0.0000,11,1,0,0,recheck,0,still,0
1118,55,2,1,356,20,0,1,0,18,0,1,0,18,0,0,0,10,10,10,28,18,28,0.5162,0.5162,0.0000,12,1,0,0,recheck,0,still,0
1118,117,3,1,578,18,0,1,0,17,0,1,4,13,0,0,0,10,10,10,27,17,27,0.3435,0.3435,0.0000,9,1,0,0,recheck,0,still,0
1119,2,1,1,283,16,0,1,0,9,0,1,0,9,0,0,0,12,12,11,21,9,20,0.3775,0.3775,0.0000,6,1,0,0,recheck,0,still,0
1119,7,2,1,484,18,0,1,0,16,0,1,4,12,0,0,0,9,9,9,25,16,25,0.3900,0.3900,0.0000,8,1,0,0,recheck,0,still,0
1119,17,3,1,671,19,1,2,0,14,0,1,0,14,0,0,1,9,9,9,23,15,24,0.5356,0.5356,0.0000,12,1,0,0,period_end,0,still,0
1120,47,2,1,691,20,0,2,0,18,0,1,1,17,0,0,1,4,4,5,22,19,24,0.7118,0.7118,0.0000,13,1,0,1,period_end,0,still,0
1120,169,1,1,681,18,1,2,0,16,0,1,0,16,0,0,1,4,4,4,20,17,21,0.7392,0.7392,0.0000,12,1,0,1,period_end,0,still,0
1121,44,1,1,703,20,0,3,0,18,0,1,4,14,0,0,1,5,5,5,23,19,24,0.4813,0.4813,0.0000,9,1,0,0,recheck,0,still,0
1121,91,1,1,562,20,0,1,1,23,0,1,17,6,0,1,1,0,0,1,23,23,24,0.6578,0.1973,0.0000,13,1,0,0,recheck,0,still,0
1121,123,2,1,349,14,0,3,0,8,0,1,0,8,0,0,0,11,11,11,19,8,19,0.3550,0.3550,0.0000,7,1,0,0,recheck,0,still,0
1121,127,1,1,706,19,0,2,1,17,0,1,0,17,0,3,0,9,9,9,26,14,23,0.3505,0.3505,0.0000,9,1,0,0,recheck,0,still,0
1121,142,2,1,324,18,0,2,0,16,0,1,0,16,0,0,0,5,5,5,21,16,21,0.7139,0.7139,0.0000,13,1,0,1,recheck,0,still,0
1121,154,2,1,489,18,0,1,0,11,0,1,0,11,0,0,0,12,12,12,23,11,23,0.3452,0.3452,0.0000,9,1,0,0,recheck,0,still,0
1122,118,3,1,627,22,0,1,0,19,0,1,4,15,0,0,0,8,8,8,27,19,27,0.4750,0.4500,0.0000,13,1,0,0,recheck,0,still,0
1122,130,1,1,662,17,1,4,0,15,0,1,0,15,0,1,0,7,7,7,22,14,21,0.6606,0.6606,0.0000,11,1,0,0,period_end,0,still,0
1122,157,2,1,425,17,0,2,0,10,0,1,0,10,0,0,0,12,12,12,22,10,22,0.3241,0.3241,0.0000,7,1,0,0,recheck,0,still,0
1122,158,1,1,379,16,1,2,0,10,0,1,0,10,0,0,0,11,11,10,21,10,20,0.2596,0.2596,0.0000,5,1,0,0,recheck,0,still,0
1122,189,1,1,540,13,0,2,0,9,0,1,0,9,0,2,0,14,14,12,23,7,19,0.4388,0.4388,0.0000,11,1,0,0,recheck,0,still,0
1123,21,2,1,750,21,0,2,0,16,0,1,0,16,0,0,0,10,10,10,26,16,26,0.5463,0.5463,0.0000,12,1,0,0,recheck,0,still,0
1123,155,1,0,-1,0,0,1,1,0,0,0,0,0,0,0,0,0,0,0,0,0,0,0.0000,0.0000,0.0000,0,0,0,0,,0,pending,0
1123,161,2,1,561,19,0,1,0,17,0,1,0,17,0,1,0,9,9,9,26,16,25,0.4284,0.4284,0.0000,10,1,0,0,recheck,0,still,0
1123,181,1,1,382,19,0,1,1,25,0,1,19,6,0,2,0,0,0,0,25,23,23,0.4473,0.0000,0.0000,10,0,0,0,recheck,0,end_clear,1
1124,146,2,1,512,12,0,2,0,7,0,1,1,6,0,0,0,14,14,14,21,7,21,0.3501,0.3501,0.0000,9,1,0,0,recheck,0,still,0
1124,155,1,0,-1,0,0,1,1,0,0,0,0,0,0,0,0,0,0,0,0,0,0,0.0000,0.0000,0.0000,0,0,0,0,,0,hop,1
1125,16,1,1,256,18,2,3,0,13,0,1,0,13,0,0,0,9,9,9,22,13,22,0.5920,0.5920,0.0000,10,1,0,0,recheck,0,still,0
1125,56,1,1,672,22,0,1,0,18,0,1,0,18,0,0,0,9,9,9,27,18,27,0.5263,0.5263,0.0000,11,1,0,0,recheck,0,still,0
1125,72,2,1,428,17,0,1,0,10,0,1,0,10,0,0,0,11,11,11,21,10,21,0.3642,0.3642,0.0000,6,1,0,0,recheck,0,still,0
1125,84,1,1,675,22,0,2,0,20,0,1,3,17,0,0,0,6,6,7,26,20,27,0.5310,0.5310,0.0000,10,1,0,0,recheck,0,still,0
1125,114,1,1,389,13,1,2,0,5,0,1,0,5,0,0,0,14,14,13,19,5,18,0.3517,0.3517,0.0000,7,1,0,0,recheck,0,still,0
1125,130,1,1,665,17,1,4,0,15,0,1,0,15,0,1,0,7,7,7,22,14,21,0.6604,0.6604,0.0000,11,1,0,0,recheck,0,still,0
1126,31,2,1,475,19,1,3,0,20,0,1,20,0,0,0,2,0,0,0,20,22,22,0.5936,0.0000,0.0000,12,0,0,0,recheck,0,end_clear,1
1126,153,1,1,453,16,0,2,0,10,0,1,0,10,0,2,1,11,11,11,21,9,20,0.2896,0.2896,0.0000,7,1,0,0,recheck,0,still,0
1126,180,1,1,335,20,0,1,1,27,0,1,19,8,0,3,0,0,0,0,27,24,24,0.4745,0.0791,0.0000,13,1,0,0,recheck,0,still,0
1126,182,1,1,56,20,1,3,0,18,0,1,3,15,0,0,0,7,7,6,25,18,24,0.5440,0.4352,0.0000,13,1,0,0,recheck,0,still,0
1126,194,1,1,182,18,0,2,0,19,0,1,4,15,0,1,0,8,8,5,27,18,23,0.4075,0.3531,0.0000,11,1,0,0,recheck,0,still,0
1127,13,2,1,561,19,1,2,0,18,0,1,3,15,0,0,1,4,4,5,22,19,24,0.5936,0.5936,0.0000,11,1,0,0,recheck,0,still,0
1127,139,1,1,58,19,0,3,0,18,0,1,3,15,0,0,0,7,7,6,25,18,24,0.5896,0.4717,0.0000,13,1,0,0,recheck,0,still,0
1127,159,1,1,373,9,2,3,0,3,0,1,0,3,0,0,0,9,9,9,12,3,12,0.1742,0.1742,0.0000,3,1,0,0,recheck,0,still,0
1128,35,2,1,278,18,0,1,0,9,0,1,0,9,0,0,0,12,12,13,21,9,22,0.3900,0.3900,0.0000,7,1,0,0,recheck,0,still,0
1128,51,1,1,720,18,0,3,0,12,0,1,0,12,0,0,0,8,8,9,20,12,21,0.5710,0.5710,0.0000,9,1,0,0,recheck,0,still,0
1128,62,2,1,660,20,0,1,0,23,0,1,20,3,0,0,2,0,0,0,23,25,25,0.6404,0.1281,0.0000,13,0,1,0,recheck,0,end_clear,1
1128,76,3,1,687,19,3,4,0,14,0,1,0,14,0,0,0,9,9,9,23,14,23,0.6548,0.6548,0.0000,13,1,0,0,period_end,0,still,0
1128,116,2,1,409,17,0,1,0,11,0,1,3,8,0,0,0,15,15,14,26,11,25,0.4308,0.4308,0.0000,10,1,0,0,recheck,0,still,0
1128,126,2,1,319,19,0,1,1,17,0,1,0,17,0,3,0,8,8,8,25,14,22,0.3513,0.3513,0.0000,10,1,0,0,recheck,0,still,0
1128,168,1,1,491,21,0,1,1,22,0,1,5,17,0,1,0,9,9,6,31,21,27,0.3473,0.3473,0.0000,9,1,0,0,recheck,0,still,0
1129,89,1,1,577,22,1,2,0,23,0,1,17,6,0,0,1,0,0,1,23,24,25,0.6451,0.2509,0.0000,13,1,0,0,recheck,0,still,0
1129,163,1,1,664,18,0,1,0,17,0,1,0,17,0,4,0,9,9,9,26,13,22,0.3792,0.3792,0.0000,8,1,0,0,period_end,0,still,0
1129,166,2,1,349,20,0,1,0,18,0,1,1,17,0,2,0,10,10,10,28,16,26,0.3487,0.3487,0.0000,10,1,0,0,recheck,0,still,0
1129,169,1,1,690,18,1,2,0,15,0,1,0,15,0,0,1,5,5,5,20,16,21,0.7394,0.7394,0.0000,12,1,0,1,recheck,0,still,0
1130,29,2,1,538,18,0,1,1,23,0,1,21,2,0,1,1,0,0,0,23,23,23,0.5887,0.0310,0.0000,13,0,1,0,recheck,0,end_clear,1
1130,34,1,0,-1,6,2,5,0,8,0,0,8,0,0,0,0,0,0,0,8,8,8,0.2269,0.0000,0.0000,5,0,0,0,,0,hop,1
1130,54,2,1,657,19,1,2,0,16,0,1,2,14,0,0,0,9,9,9,25,16,25,0.5754,0.5754,0.0000,12,1,0,0,recheck,0,still,0
1130,77,3,1,568,19,0,2,0,16,0,1,0,16,0,0,0,9,9,9,25,16,25,0.5795,0.5795,0.0000,13,1,0,0,recheck,0,still,0
1130,132,1,1,617,19,0,2,0,20,0,1,20,0,0,0,2,0,0,0,20,22,22,0.6072,0.0000,0.0000,11,0,0,0,recheck,0,end_clear,1
1130,188,1,1,497,16,1,2,0,8,0,1,0,8,0,1,0,14,14,12,22,7,19,0.3812,0.3812,0.0000,10,1,0,0,recheck,0,still,0
1131,126,2,1,322,19,0,1,1,17,0,1,0,17,0,3,0,8,8,8,25,14,22,0.3513,0.3513,0.0000,10,1,0,0,period_end,0,still,0
1131,145,1,1,539,15,1,2,0,7,0,1,0,7,0,1,0,14,14,12,21,6,18,0.3920,0.3920,0.0000,8,1,0,0,recheck,0,still,0
1131,176,1,1,354,23,1,2,0,27,0,1,16,11,0,2,0,2,2,2,29,25,27,0.4412,0.2451,0.0000,14,1,0,0,recheck,0,still,0
1132,131,1,1,675,19,0,2,1,24,0,1,10,14,0,2,0,7,7,5,31,22,27,0.3469,0.2935,0.0000,9,1,0,0,recheck,0,still,0
1133,4,2,1,499,13,0,1,0,7,0,1,1,6,0,0,0,14,14,14,21,7,21,0.3714,0.3714,0.0000,8,1,0,0,recheck,0,still,0
1133,58,1,1,687,18,2,3,0,21,0,1,10,11,0,0,0,5,5,5,26,21,26,0.4695,0.3973,0.0000,8,1,0,0,recheck,0,still,0
1134,15,1,1,676,18,2,4,0,15,0,1,0,15,0,0,0,7,7,7,22,15,22,0.5916,0.5916,0.0000,10,1,0,0,recheck,0,still,0
1134,83,1,1,802,20,0,1,0,17,0,1,4,13,0,0,0,9,9,10,26,17,27,0.5669,0.5669,0.0000,11,1,0,0,recheck,0,still,0
1134,97,3,0,-1,3,0,2,1,4,0,0,4,0,0,0,0,0,0,0,4,4,4,0.1490,0.0000,0.0000,3,0,0,0,,0,pending,0
1134,170,2,1,771,16,0,4,0,17,0,1,0,17,0,2,0,9,9,9,26,15,24,0.5951,0.5951,0.0000,11,1,0,0,recheck,0,still,0
1135,26,3,1,467,22,0,2,0,26,0,1,19,7,0,0,0,1,1,1,27,26,27,0.5477,0.1153,0.0000,14,1,0,0,recheck,0,still,0
1135,67,2,0,-1,13,4,6,0,15,0,0,15,0,0,0,1,0,0,0,15,16,16,0.6551,0.0000,0.0000,11,0,0,0,,0,pending,0
1135,68,3,1,228,16,1,2,0,9,0,1,0,9,0,0,0,12,12,12,21,9,21,0.3284,0.3284,0.0000,6,1,0,0,recheck,0,still,0
1135,76,3,1,694,19,3,4,0,17,0,1,0,17,0,0,0,6,6,6,23,17,23,0.6548,0.6548,0.0000,13,1,0,0,recheck,0,still,0
1135,85,1,1,805,21,0,2,0,20,0,1,7,13,0,0,0,5,5,6,25,20,26,0.5002,0.5002,0.0000,9,1,0,0,recheck,0,still,0
1135,87,1,1,555,23,1,2,0,23,0,1,15,8,0,0,0,1,1,2,24,23,25,0.6341,0.2818,0.0000,12,1,0,0,recheck,0,still,0
1135,97,3,0,-1,3,0,2,1,4,0,0,4,0,0,0,0,0,0,0,4,4,4,0.1491,0.0000,0.0000,3,0,0,0,,0,hop,1
1135,151,1,0,-1,19,2,3,0,16,0,1,3,13,0,0,0,10,10,7,26,16,23,0.4845,0.4275,0.0000,12,1,0,0,,0,start_holder,0
1136,67,2,0,-1,13,4,6,0,15,0,0,15,0,0,0,1,0,0,0,15,16,16,0.6551,0.0000,0.0000,11,0,0,0,,0,hop,1
1136,79,1,1,654,19,0,2,0,12,0,1,0,12,0,1,0,8,8,8,20,11,19,0.5619,0.5619,0.0000,9,1,0,0,recheck,0,still,0
1136,90,1,1,620,22,0,1,1,24,0,1,20,4,0,0,1,0,0,0,24,25,25,0.6801,0.1020,0.0000,14,1,0,0,recheck,0,still,0
1136,163,1,1,671,18,0,1,0,17,0,1,0,17,0,4,0,9,9,9,26,13,22,0.3792,0.3792,0.0000,8,1,0,0,recheck,0,still,0
1136,171,1,1,650,19,1,2,0,24,0,1,10,14,0,2,0,7,7,5,31,22,27,0.3941,0.3448,0.0000,12,1,0,0,recheck,0,still,0
1137,12,2,1,722,19,0,1,0,17,0,1,3,14,0,0,1,6,6,7,23,18,25,0.4887,0.4887,0.0000,9,1,0,0,recheck,0,still,0
1137,14,1,1,681,19,0,1,0,15,0,1,1,14,0,0,0,4,4,6,19,15,21,0.5172,0.5172,0.0000,9,1,0,0,recheck,0,still,0
1137,86,1,1,717,22,0,3,0,22,0,1,13,9,0,0,0,2,2,3,24,22,25,0.6114,0.3237,0.0000,11,1,0,0,recheck,0,still,0
1138,1,2,1,395,18,0,2,0,10,0,1,0,10,0,0,0,12,12,12,22,10,22,0.3623,0.3623,0.0000,7,1,0,0,recheck,0,still,0
1138,25,2,1,823,21,1,3,0,23,0,1,13,10,0,0,0,3,3,3,26,23,26,0.5433,0.2876,0.0000,11,1,0,0,recheck,0,still,0
1138,195,1,1,493,17,1,2,0,11,0,1,0,11,0,2,0,12,12,12,23,9,21,0.3455,0.3455,0.0000,10,1,0,0,recheck,0,still,0
1139,8,2,1,307,19,0,1,0,16,0,1,3,13,0,0,0,10,10,10,26,16,26,0.4545,0.4545,0.0000,10,1,0,0,recheck,0,still,0
1139,10,1,1,684,21,1,3,0,17,0,1,3,14,0,0,0,8,8,8,25,17,25,0.5583,0.5583,0.0000,11,1,0,0,recheck,0,still,0
1139,17,3,1,691,19,1,2,0,15,0,1,0,15,0,0,0,9,9,9,24,15,24,0.5656,0.5656,0.0000,13,1,0,0,recheck,0,still,0
1139,199,1,1,429,12,1,3,0,4,0,1,0,4,0,0,0,10,10,10,14,4,14,0.2621,0.2621,0.0000,4,1,0,0,recheck,0,still,0
1140,5,2,1,508,15,0,1,0,9,0,1,1,8,0,0,0,15,15,15,24,9,24,0.4003,0.4003,0.0000,9,1,0,0,recheck,0,still,0
1140,6,2,1,509,17,0,2,0,14,0,1,3,11,0,0,0,12,12,12,26,14,26,0.3627,0.3627,0.0000,8,1,0,0,recheck,0,still,0
1140,23,2,1,572,20,1,2,0,22,0,1,10,12,0,0,1,5,5,5,27,23,28,0.5224,0.3918,0.0000,10,1,0,0,recheck,0,still,0
1140,143,1,1,426,19,0,1,0,22,0,1,22,0,0,1,1,0,0,0,22,22,22,0.6411,0.0000,0.0000,12,0,0,0,recheck,0,end_clear,0
1140,149,1,1,491,20,0,1,0,14,0,1,3,11,0,0,0,12,12,11,26,14,25,0.4114,0.4114,0.0000,9,1,0,0,recheck,0,still,0
1140,180,1,1,349,20,0,1,1,27,0,1,23,4,0,3,0,0,0,0,27,24,24,0.4482,0.0527,0.0000,12,1,0,0,period_end,0,still,0
1141,40,1,1,408,14,1,2,0,8,0,1,0,8,0,0,0,12,12,13,20,8,21,0.4329,0.4329,0.0000,8,1,0,0,recheck,0,still,0
1141,80,1,1,318,19,1,2,0,12,0,1,0,12,0,0,0,7,7,8,19,12,20,0.5707,0.5707,0.0000,10,1,0,0,recheck,0,still,0
1141,88,1,1,587,21,0,1,0,23,0,1,18,5,0,0,0,1,1,1,24,23,24,0.5377,0.1434,0.0000,11,0,1,0,recheck,0,end_clear,1
1141,172,1,1,504,21,0,1,1,26,0,1,15,11,0,3,0,3,3,3,29,23,26,0.3723,0.2128,0.0000,10,1,0,0,recheck,0,still,0
1142,3,2,1,441,14,0,1,0,7,0,1,0,7,0,0,0,12,12,12,19,7,19,0.3416,0.3416,0.0000,6,1,0,0,recheck,0,still,0
1142,28,2,1,530,21,0,2,0,26,0,1,23,3,0,1,0,0,0,0,26,25,25,0.5778,0.0304,0.0000,13,0,1,0,recheck,0,end_clear,1
1142,113,1,1,435,15,0,2,0,7,0,1,0,7,0,1,0,13,13,12,20,6,18,0.3236,0.3236,0.0000,7,1,0,0,recheck,0,still,0
1142,165,1,1,769,19,1,2,0,17,0,1,2,15,0,4,0,9,9,9,26,13,22,0.3483,0.3483,0.0000,10,1,0,0,recheck,0,still,0
1143,50,1,1,354,18,1,3,0,13,0,1,0,13,0,0,0,8,8,9,21,13,22,0.5884,0.5884,0.0000,9,1,0,0,recheck,0,still,0
1144,138,1,1,595,20,0,1,0,27,0,1,23,4,0,3,0,0,0,0,27,24,24,0.4491,0.0528,0.0000,13,1,0,0,recheck,0,still,0
1145,11,1,1,658,20,0,1,0,18,0,1,3,15,0,1,0,7,7,7,25,17,24,0.5503,0.5503,0.0000,10,1,0,0,recheck,0,still,0
1145,135,1,1,364,23,0,2,0,27,0,1,19,8,0,2,0,2,2,2,29,25,27,0.4780,0.1328,0.0000,14,1,0,0,recheck,0,still,0
1146,9,1,1,496,21,2,3,0,17,0,1,3,14,0,1,0,9,9,9,26,16,25,0.4674,0.4674,0.0000,9,1,0,0,recheck,0,still,0
1146,14,1,1,690,19,0,3,0,15,0,1,1,14,0,0,0,4,4,6,19,15,21,0.5172,0.5172,0.0000,9,1,0,0,period_end,0,still,0
1146,57,1,1,662,22,1,2,0,18,0,1,8,10,0,0,0,8,8,8,26,18,26,0.5701,0.4632,0.0000,11,1,0,0,recheck,0,still,0
1146,115,2,1,628,14,0,1,0,7,0,1,0,7,0,0,0,16,16,15,23,7,22,0.2964,0.2964,0.0000,8,1,0,0,recheck,0,still,0
1146,119,1,1,202,19,1,2,0,16,0,1,3,13,0,0,1,10,10,7,26,17,24,0.4712,0.4712,0.0000,11,1,0,0,recheck,0,still,0
1146,177,1,1,376,21,0,1,1,28,0,1,22,6,0,3,0,1,1,1,29,25,26,0.5295,0.1324,0.0000,15,1,0,0,recheck,0,still,0
1147,47,2,1,718,20,1,3,0,16,0,1,1,15,0,0,1,6,6,7,22,17,24,0.7118,0.7118,0.0000,13,1,0,1,recheck,0,still,0
1147,128,1,1,741,21,0,1,1,19,0,1,7,12,0,2,0,11,11,10,30,17,27,0.3482,0.3482,0.0000,9,1,0,0,recheck,0,still,0
1147,171,1,1,661,19,1,2,0,24,0,1,13,11,0,2,0,7,7,5,31,22,27,0.3941,0.2709,0.0000,12,1,0,0,period_end,0,still,0
1148,2,1,1,312,16,0,1,0,6,0,1,0,6,0,0,0,15,15,14,21,6,20,0.3775,0.3775,0.0000,6,1,0,0,period_end,0,still,0
1148,19,3,1,775,20,0,2,0,15,0,1,3,12,0,0,0,10,10,10,25,15,25,0.5061,0.5061,0.0000,12,1,0,0,recheck,0,still,0
1148,49,2,1,729,17,1,2,0,14,0,1,0,14,0,0,0,10,10,10,24,14,24,0.6333,0.6333,0.0000,11,1,0,0,recheck,0,still,0
1148,55,2,1,386,20,0,1,0,17,0,1,7,10,0,0,0,11,11,11,28,17,28,0.5161,0.4838,0.0000,12,1,0,0,recheck,0,still,0
1148,115,2,1,630,14,0,1,0,7,0,1,0,7,0,0,0,16,16,15,23,7,22,0.2964,0.2964,0.0000,8,1,0,0,period_end,0,still,0
1148,117,3,1,608,18,0,1,0,15,0,1,3,12,0,0,0,12,12,12,27,15,27,0.3441,0.3441,0.0000,9,1,0,0,recheck,0,still,0
1149,2,1,1,313,16,0,1,0,6,0,1,0,6,0,0,0,15,15,14,21,6,20,0.3775,0.3775,0.0000,6,1,0,0,recheck,0,still,0
1149,7,2,1,514,18,0,1,0,14,0,1,3,11,0,0,0,11,11,11,25,14,25,0.3900,0.3900,0.0000,8,1,0,0,recheck,0,still,0
1151,44,1,1,733,20,0,3,0,16,0,1,3,13,0,0,1,7,7,7,23,17,24,0.4813,0.4813,0.0000,9,1,0,0,recheck,0,still,0
1151,91,1,1,592,20,2,3,0,24,0,1,24,0,0,1,1,0,0,0,24,24,24,0.6568,0.0000,0.0000,13,0,0,0,recheck,0,end_clear,1
1151,123,2,1,379,14,0,3,0,2,0,1,0,2,0,0,0,17,17,17,19,2,19,0.3550,0.3550,0.0000,7,1,0,0,recheck,0,still,0
1151,127,1,1,736,19,0,2,1,16,0,1,2,14,0,3,0,10,10,10,26,13,23,0.3505,0.3505,0.0000,9,1,0,0,recheck,0,still,0
1151,142,2,1,354,18,4,6,0,15,0,1,0,15,0,0,0,6,6,6,21,15,21,0.7183,0.7183,0.0000,13,1,0,1,recheck,0,still,0
1151,154,2,1,519,18,0,1,0,6,0,1,0,6,0,0,0,17,17,17,23,6,23,0.3452,0.3452,0.0000,9,1,0,0,recheck,0,still,0
1152,57,1,1,668,22,1,2,0,18,0,1,9,9,0,0,0,8,8,8,26,18,26,0.5701,0.4632,0.0000,11,1,0,0,period_end,0,still,0
1152,99,2,0,-1,7,1,3,0,11,0,0,11,0,0,0,0,0,0,0,11,11,11,0.3635,0.0000,0.0000,7,0,0,0,,0,hop,1
1152,118,3,1,657,22,0,1,0,17,0,1,3,14,0,0,0,10,10,10,27,17,27,0.4750,0.4750,0.0000,13,1,0,0,recheck,0,still,0
1152,157,2,1,455,17,0,2,0,4,0,1,0,4,0,0,0,18,18,18,22,4,22,0.3241,0.3241,0.0000,7,1,0,0,recheck,0,still,0
1152,158,1,1,409,16,1,2,0,4,0,1,0,4,0,0,0,17,17,16,21,4,20,0.2596,0.2596,0.0000,5,1,0,0,recheck,0,still,0
1152,189,1,1,570,13,0,2,0,6,0,1,0,6,0,0,0,17,17,13,23,6,19,0.4394,0.4394,0.0000,11,1,0,0,recheck,0,still,0
1153,21,2,1,780,21,0,2,0,15,0,1,5,10,0,0,0,11,11,11,26,15,26,0.5475,0.5475,0.0000,12,1,0,0,recheck,0,still,0
1153,143,1,0,-1,18,1,3,0,23,0,0,23,0,0,1,1,0,0,0,23,23,23,0.5760,0.0000,0.0000,11,0,0,0,,0,pending,0
1153,161,2,1,591,19,0,1,0,16,0,1,0,16,0,1,0,10,10,10,26,15,25,0.4284,0.4284,0.0000,10,1,0,0,recheck,0,still,0
1154,143,1,0,-1,18,1,3,0,23,0,0,23,0,0,1,1,0,0,0,23,23,23,0.5761,0.0000,0.0000,11,0,0,0,,0,hop,1
1154,146,2,1,542,12,0,2,0,7,0,1,0,7,0,0,0,14,14,14,21,7,21,0.3505,0.3505,0.0000,9,1,0,0,recheck,0,still,0
1155,16,1,1,286,18,2,3,0,12,0,1,0,12,0,0,0,10,10,10,22,12,22,0.5912,0.5912,0.0000,10,1,0,0,recheck,0,still,0
1155,56,1,1,702,22,0,1,0,17,0,1,8,9,0,0,0,10,10,10,27,17,27,0.5263,0.4912,0.0000,11,1,0,0,recheck,0,still,0
1155,72,2,1,458,17,0,1,0,4,0,1,0,4,0,0,0,17,17,17,21,4,21,0.3642,0.3642,0.0000,6,1,0,0,recheck,0,still,0
1155,84,1,1,705,22,0,2,0,20,0,1,11,9,0,0,0,6,6,7,26,20,27,0.5310,0.4248,0.0000,10,1,0,0,recheck,0,still,0
1155,114,1,1,419,13,1,2,0,5,0,1,0,5,0,0,0,14,14,13,19,5,18,0.3517,0.3517,0.0000,7,1,0,0,recheck,0,still,0
1155,130,1,1,695,17,1,6,0,14,0,1,0,14,0,1,0,8,8,8,22,13,21,0.6581,0.6581,0.0000,11,1,0,0,recheck,0,still,0
1156,153,1,1,483,16,0,2,0,6,0,1,0,6,0,0,0,15,15,14,21,6,20,0.2896,0.2896,0.0000,7,1,0,0,recheck,0,still,0
1156,180,1,1,365,20,0,1,1,27,0,1,25,2,0,3,0,0,0,0,27,24,24,0.4482,0.0000,0.0000,12,0,0,0,recheck,0,end_clear,1
1156,182,1,1,86,20,1,3,0,16,0,1,3,13,0,0,0,9,9,8,25,16,24,0.5441,0.4353,0.0000,13,1,0,0,recheck,0,still,0
1156,194,1,1,212,18,0,2,0,17,0,1,3,14,0,1,0,10,10,7,27,16,23,0.4618,0.4346,0.0000,12,1,0,0,recheck,0,still,0
1157,13,2,1,591,19,2,3,0,16,0,1,3,13,0,0,1,6,6,7,22,17,24,0.5936,0.5936,0.0000,11,1,0,0,recheck,0,still,0
1157,110,1,0,-1,10,1,6,0,10,0,0,10,0,0,0,1,0,0,0,10,11,11,0.4739,0.0000,0.0000,8,0,0,0,,0,pending,0
1157,139,1,1,88,19,0,3,0,16,0,1,3,13,0,0,0,9,9,8,25,16,24,0.5602,0.4422,0.0000,12,1,0,0,recheck,0,still,0
1157,159,1,1,403,9,2,3,0,0,0,1,0,0,0,0,0,12,12,12,12,0,12,0.1742,0.1742,0.0000,3,1,0,0,recheck,0,still,0
1158,35,2,1,308,18,0,1,0,6,0,1,0,6,0,0,0,15,15,16,21,6,22,0.3900,0.3900,0.0000,7,1,0,0,recheck,0,still,0
1158,51,1,1,750,18,0,3,0,11,0,1,0,11,0,0,0,9,9,10,20,11,21,0.5712,0.5712,0.0000,9,1,0,0,recheck,0,still,0
1158,110,1,0,-1,10,1,6,0,10,0,0,10,0,0,0,1,0,0,0,10,11,11,0.4739,0.0000,0.0000,8,0,0,0,,0,hop,1
1158,116,2,1,439,17,0,1,0,11,0,1,2,9,0,0,0,15,15,14,26,11,25,0.4308,0.4308,0.0000,10,1,0,0,recheck,0,still,0
1158,126,2,1,349,19,0,1,1,16,0,1,1,15,0,3,0,9,9,9,25,13,22,0.3513,0.3513,0.0000,10,1,0,0,recheck,0,still,0
1158,168,1,1,521,21,0,1,1,21,0,1,11,10,0,0,0,9,9,5,30,21,26,0.3473,0.2671,0.0000,9,1,0,0,recheck,0,still,0
1159,89,1,1,607,22,1,2,0,23,0,1,23,0,0,0,2,0,0,0,23,25,25,0.6451,0.0000,0.0000,13,0,0,0,recheck,0,end_clear,1
1159,166,2,1,379,20,0,1,0,17,0,1,6,11,0,2,0,11,11,11,28,15,26,0.3487,0.3487,0.0000,10,1,0,0,recheck,0,still,0
1159,169,1,1,720,18,5,6,0,13,0,1,1,12,0,0,0,8,8,8,21,13,21,0.7394,0.7394,0.0000,12,1,0,1,recheck,0,still,0
1160,54,2,1,687,19,1,2,0,15,0,1,5,10,0,0,0,10,10,10,25,15,25,0.5753,0.5753,0.0000,12,1,0,0,recheck,0,still,0
1160,77,3,1,598,19,0,2,0,15,0,1,0,15,0,0,0,10,10,10,25,15,25,0.5797,0.5797,0.0000,13,1,0,0,recheck,0,still,0
1160,188,1,1,527,16,1,2,0,5,0,1,0,5,0,0,0,17,17,14,22,5,19,0.3812,0.3812,0.0000,10,1,0,0,recheck,0,still,0
1161,145,1,1,569,15,1,2,0,5,0,1,0,5,0,0,0,15,15,13,20,5,18,0.3948,0.3948,0.0000,8,1,0,0,recheck,0,still,0
1161,176,1,1,384,23,1,2,0,28,0,1,22,6,0,2,0,1,1,1,29,26,27,0.4902,0.1226,0.0000,16,1,0,0,recheck,0,still,0
1162,131,1,1,705,18,0,2,1,23,0,1,15,8,0,1,0,7,7,4,30,22,26,0.3202,0.1601,0.0000,8,1,0,0,recheck,0,still,0
1163,4,2,1,529,13,0,1,0,7,0,1,0,7,0,0,0,14,14,14,21,7,21,0.3714,0.3714,0.0000,8,1,0,0,recheck,0,still,0
1163,11,1,1,676,20,0,1,0,16,0,1,3,13,0,1,0,9,9,9,25,15,24,0.6151,0.6151,0.0000,11,1,0,0,period_end,0,still,0
1163,58,1,1,717,18,2,3,0,21,0,1,15,6,0,0,0,4,4,4,25,21,25,0.5418,0.2528,0.0000,9,1,0,0,recheck,0,still,0
1164,8,2,1,332,19,0,1,0,14,0,1,3,11,0,0,0,12,12,12,26,14,26,0.4545,0.4545,0.0000,10,1,0,0,period_end,0,still,0
1164,15,1,1,706,18,2,6,0,13,0,1,0,13,0,0,0,9,9,9,22,13,22,0.5912,0.5912,0.0000,10,1,0,0,recheck,0,still,0
1164,83,1,1,832,20,0,1,0,17,0,1,9,8,0,0,0,9,9,10,26,17,27,0.5667,0.4604,0.0000,11,1,0,0,recheck,0,still,0
1164,170,2,1,801,16,0,6,0,12,0,1,0,12,0,0,0,13,13,12,25,12,24,0.5633,0.5633,0.0000,10,1,0,0,recheck,0,still,0
1165,26,3,1,497,22,0,2,0,27,0,1,25,2,0,0,0,0,0,0,27,27,27,0.5517,0.0000,0.0000,14,0,0,0,recheck,0,end_clear,1
1165,68,3,1,258,16,1,2,0,4,0,1,0,4,0,0,0,17,17,17,21,4,21,0.3583,0.3583,0.0000,7,1,0,0,recheck,0,still,0
1165,76,3,1,724,19,3,6,0,15,0,1,1,14,0,0,0,9,9,9,24,15,24,0.6548,0.6548,0.0000,13,1,0,0,recheck,0,still,0
1165,85,1,1,835,21,0,2,0,20,0,1,13,7,0,0,0,4,4,5,24,20,25,0.5718,0.3574,0.0000,10,1,0,0,recheck,0,still,0
1165,87,1,1,585,23,1,2,0,25,0,1,23,2,0,0,0,0,0,1,25,25,26,0.6341,0.1409,0.0000,12,1,0,0,recheck,0,still,0
1165,140,1,0,-1,20,0,2,1,12,0,1,1,11,0,0,0,9,9,9,21,12,21,0.5602,0.5012,0.0000,11,1,0,0,,0,start_holder,0
1166,79,1,1,684,19,0,2,0,10,0,1,0,10,0,1,0,10,10,10,20,9,19,0.5615,0.5615,0.0000,9,1,0,0,recheck,0,still,0
1166,90,1,1,650,22,0,2,1,24,0,1,24,0,0,0,0,0,0,0,24,24,24,0.7105,0.0000,0.0000,15,0,0,1,recheck,0,still,0
1166,163,1,1,701,18,0,1,0,14,0,1,0,14,0,3,0,12,12,11,26,11,22,0.3792,0.3792,0.0000,8,1,0,0,recheck,0,still,0
1166,171,1,1,680,19,1,2,0,23,0,1,16,7,0,1,0,7,7,4,30,22,26,0.3941,0.1724,0.0000,12,1,0,0,recheck,0,still,0
1167,12,2,1,752,19,0,1,0,15,0,1,2,13,0,0,1,8,8,9,23,16,25,0.4887,0.4887,0.0000,9,1,0,0,recheck,0,still,0
1167,14,1,1,711,19,0,3,0,13,0,1,1,12,0,0,0,6,6,8,19,13,21,0.5172,0.5172,0.0000,9,1,0,0,recheck,0,still,0
1167,86,1,1,747,21,0,3,0,24,0,1,21,3,0,0,0,1,1,2,25,24,26,0.6110,0.0719,0.0000,11,1,0,0,recheck,0,still,0
1168,1,2,1,425,18,0,2,0,6,0,1,0,6,0,0,0,16,16,16,22,6,22,0.3623,0.3623,0.0000,7,1,0,0,recheck,0,still,0
1168,25,2,1,853,20,1,3,0,25,0,1,21,4,0,0,0,2,2,2,27,25,27,0.5461,0.0642,0.0000,11,1,0,0,recheck,0,still,0
1168,195,1,1,523,17,1,2,0,6,0,1,0,6,0,0,0,17,17,15,23,6,21,0.3455,0.3455,0.0000,10,1,0,0,recheck,0,still,0
1169,8,2,1,337,19,0,1,0,14,0,1,2,12,0,0,0,12,12,12,26,14,26,0.4545,0.4545,0.0000,10,1,0,0,recheck,0,still,0
1169,10,1,1,714,21,1,3,0,15,0,1,2,13,0,0,0,10,10,10,25,15,25,0.5583,0.5583,0.0000,11,1,0,0,recheck,0,still,0
1169,17,3,1,721,19,1,2,0,13,0,1,2,11,0,0,0,11,11,11,24,13,24,0.5655,0.5655,0.0000,13,1,0,0,recheck,0,still,0
1169,199,1,1,459,12,1,3,0,0,0,1,0,0,0,0,0,14,14,14,14,0,14,0.2621,0.2621,0.0000,4,1,0,0,recheck,0,still,0
1170,5,2,1,538,15,0,1,0,9,0,1,0,9,0,0,0,15,15,15,24,9,24,0.4003,0.4003,0.0000,9,1,0,0,recheck,0,still,0
1170,6,2,1,539,17,0,2,0,13,0,1,2,11,0,0,0,13,13,13,26,13,26,0.3627,0.3627,0.0000,8,1,0,0,recheck,0,still,0
1170,23,2,1,602,20,1,2,0,22,0,1,16,6,0,0,0,4,4,5,26,22,27,0.5237,0.1637,0.0000,10,1,0,0,recheck,0,still,0
1170,149,1,1,521,20,0,1,0,12,0,1,2,10,0,0,0,14,14,13,26,12,25,0.4114,0.4114,0.0000,9,1,0,0,recheck,0,still,0
1170,183,1,0,-1,21,1,2,0,13,0,1,1,12,0,0,0,9,9,9,22,13,22,0.5711,0.5167,0.0000,13,1,0,0,,0,start_holder,0
1171,40,1,1,438,14,1,2,0,7,0,1,0,7,0,0,0,12,12,13,19,7,20,0.4329,0.4329,0.0000,8,1,0,0,recheck,0,still,0
1171,80,1,1,348,19,1,2,0,10,0,1,1,9,0,0,0,9,9,10,19,10,20,0.5699,0.5699,0.0000,10,1,0,0,recheck,0,still,0
1171,172,1,1,534,20,0,1,1,27,0,1,20,7,0,3,0,3,3,2,30,24,26,0.4521,0.1064,0.0000,11,1,0,0,recheck,0,still,0
1172,3,2,1,471,14,0,1,0,6,0,1,0,6,0,0,0,13,13,13,19,6,19,0.3416,0.3416,0.0000,6,1,0,0,recheck,0,still,0
1172,113,1,1,465,15,0,2,0,5,0,1,0,5,0,0,0,15,15,13,20,5,18,0.3236,0.3236,0.0000,7,1,0,0,recheck,0,still,0
1172,165,1,1,799,19,1,2,0,15,0,1,3,12,0,4,0,11,11,11,26,11,22,0.3483,0.3483,0.0000,10,1,0,0,recheck,0,still,0
1173,50,1,1,384,18,1,3,0,11,0,1,0,11,0,0,0,10,10,11,21,11,22,0.5885,0.5885,0.0000,9,1,0,0,recheck,0,still,0
1174,138,1,1,625,20,0,1,1,28,0,1,27,1,0,4,0,0,0,0,28,24,24,0.4491,0.0264,0.0000,13,1,0,0,recheck,0,still,0
1174,174,1,0,-1,15,0,1,0,18,0,0,18,0,0,0,1,0,0,0,18,19,19,0.6699,0.0000,0.0000,11,0,0,0,,0,hop,1
1175,11,1,1,688,20,0,1,0,16,0,1,1,15,0,1,0,9,9,9,25,15,24,0.6151,0.6151,0.0000,11,1,0,0,recheck,0,still,0
1175,135,1,1,394,23,0,2,0,28,0,1,23,5,0,2,0,1,1,1,29,26,27,0.4780,0.0797,0.0000,14,1,0,0,recheck,0,still,0
1176,9,1,1,526,21,2,3,0,15,0,1,1,14,0,1,0,11,11,11,26,14,25,0.5342,0.5342,0.0000,10,1,0,0,recheck,0,still,0
1176,23,2,1,608,19,1,2,0,22,0,1,16,6,0,0,0,4,4,5,26,22,27,0.5244,0.1639,0.0000,10,1,0,0,period_end,0,still,0
1176,57,1,1,692,21,1,2,0,18,0,1,11,7,0,0,0,8,8,8,26,18,26,0.5701,0.3207,0.0000,11,1,0,0,recheck,0,still,0
1176,115,2,1,658,14,0,1,0,7,0,1,0,7,0,0,0,16,16,15,23,7,22,0.2964,0.2964,0.0000,8,1,0,0,recheck,0,still,0
1176,119,1,1,232,19,1,2,0,14,0,1,1,13,0,0,1,12,12,9,26,15,24,0.4712,0.4712,0.0000,11,1,0,0,recheck,0,still,0
1176,177,1,1,406,21,0,1,1,30,0,1,26,4,0,4,0,0,0,0,30,26,26,0.5030,0.0529,0.0000,14,1,0,0,recheck,0,still,0
1177,47,2,1,748,20,1,3,0,14,0,1,1,13,0,0,1,8,8,9,22,15,24,0.6148,0.6148,0.0000,12,1,0,0,recheck,0,still,0
1177,128,1,1,771,21,0,1,1,18,0,1,10,8,0,2,0,12,12,11,30,16,27,0.3482,0.2678,0.0000,9,1,0,0,recheck,0,still,0
1178,19,3,1,805,20,0,2,0,14,0,1,5,9,0,0,0,11,11,11,25,14,25,0.5061,0.5061,0.0000,12,1,0,0,recheck,0,still,0
1178,49,2,1,759,17,1,2,0,13,0,1,0,13,0,0,0,11,11,11,24,13,24,0.6328,0.6328,0.0000,11,1,0,0,recheck,0,still,0
1178,55,2,1,416,20,0,1,0,16,0,1,10,6,0,0,0,12,12,12,28,16,28,0.5163,0.3873,0.0000,12,1,0,0,recheck,0,still,0
1178,117,3,1,638,18,0,1,0,13,0,1,1,12,0,0,0,14,14,14,27,13,27,0.3448,0.3448,0.0000,9,1,0,0,recheck,0,still,0
1178,118,3,1,683,22,0,1,0,15,0,1,1,14,0,0,0,12,12,12,27,15,27,0.5250,0.5250,0.0000,14,1,0,0,period_end,0,still,0
1179,2,1,1,343,15,0,1,0,6,0,1,0,6,0,0,0,15,15,14,21,6,20,0.3775,0.3775,0.0000,6,1,0,0,recheck,0,still,0
1179,7,2,1,544,18,0,1,0,12,0,1,1,11,0,0,0,12,12,12,24,12,24,0.3900,0.3900,0.0000,8,1,0,0,recheck,0,still,0
1179,33,3,0,-1,11,2,6,0,13,0,0,13,0,0,0,0,0,0,0,13,13,13,0.4189,0.0000,0.0000,9,0,0,0,,0,pending,0
1180,33,3,0,-1,11,2,6,0,13,0,0,13,0,0,0,0,0,0,0,13,13,13,0.4189,0.0000,0.0000,9,0,0,0,,0,hop,1
1181,44,1,1,763,20,0,3,0,14,0,1,1,13,0,0,1,9,9,9,23,15,24,0.4813,0.4813,0.0000,9,1,0,0,recheck,0,still,0
1181,123,2,1,409,14,0,3,0,2,0,1,0,2,0,0,0,17,17,17,19,2,19,0.3550,0.3550,0.0000,7,1,0,0,recheck,0,still,0
1181,127,1,1,766,19,0,2,1,14,0,1,3,11,0,3,0,11,11,11,25,11,22,0.3505,0.3505,0.0000,9,1,0,0,recheck,0,still,0
1181,142,2,1,384,18,4,6,0,13,0,1,0,13,0,0,0,9,9,9,22,13,22,0.7225,0.7225,0.0000,13,1,0,1,recheck,0,still,0
1181,151,1,1,46,20,2,3,0,14,0,1,1,13,0,0,0,12,12,9,26,14,23,0.4856,0.4856,0.0000,12,1,0,0,recheck,0,still,0
1181,154,2,1,549,18,0,1,0,6,0,1,0,6,0,0,0,17,17,17,23,6,23,0.3452,0.3452,0.0000,9,1,0,0,recheck,0,still,0
1182,80,1,1,359,19,1,2,0,10,0,1,1,9,0,0,0,9,9,10,19,10,20,0.5702,0.5702,0.0000,10,1,0,0,period_end,0,still,0
1182,118,3,1,687,22,0,1,0,15,0,1,1,14,0,0,0,12,12,12,27,15,27,0.5250,0.5250,0.0000,14,1,0,0,recheck,0,still,0
1182,157,2,1,485,17,0,2,0,4,0,1,0,4,0,0,0,18,18,18,22,4,22,0.3241,0.3241,0.0000,7,1,0,0,recheck,0,still,0
1182,158,1,1,439,16,1,2,0,4,0,1,0,4,0,0,0,17,17,16,21,4,20,0.2596,0.2596,0.0000,5,1,0,0,recheck,0,still,0
1182,189,1,1,600,13,0,2,0,6,0,1,0,6,0,0,0,17,17,13,23,6,19,0.4653,0.4653,0.0000,12,1,0,0,recheck,0,still,0
1183,21,2,1,810,21,0,2,0,13,0,1,7,6,0,0,0,13,13,13,26,13,26,0.5479,0.4512,0.0000,12,1,0,0,recheck,0,still,0
1183,161,2,1,621,19,0,1,0,13,0,1,0,13,0,0,0,13,13,12,26,13,25,0.4284,0.4284,0.0000,10,1,0,0,recheck,0,still,0
1184,35,2,1,334,18,0,1,0,6,0,1,0,6,0,0,0,15,15,16,21,6,22,0.3900,0.3900,0.0000,7,1,0,0,period_end,0,still,0
1184,146,2,1,572,12,0,2,0,7,0,1,0,7,0,0,0,14,14,14,21,7,21,0.3509,0.3509,0.0000,9,1,0,0,recheck,0,still,0
1185,16,1,1,316,18,2,3,0,10,0,1,0,10,0,0,0,12,12,12,22,10,22,0.5891,0.5891,0.0000,10,1,0,0,recheck,0,still,0
1185,56,1,1,732,22,0,1,0,16,0,1,10,6,0,0,0,11,11,11,27,16,27,0.5263,0.3860,0.0000,11,1,0,0,recheck,0,still,0
1185,72,2,1,488,17,0,1,0,4,0,1,0,4,0,0,0,17,17,17,21,4,21,0.3642,0.3642,0.0000,6,1,0,0,recheck,0,still,0
1185,84,1,1,735,21,0,2,0,20,0,1,13,7,0,0,0,6,6,7,26,20,27,0.5310,0.2832,0.0000,10,1,0,0,recheck,0,still,0
1185,114,1,1,449,13,1,2,0,5,0,1,0,5,0,0,0,14,14,13,19,5,18,0.3517,0.3517,0.0000,7,1,0,0,recheck,0,still,0
1185,130,1,1,725,17,1,6,0,11,0,1,0,11,0,0,0,11,11,10,22,11,21,0.6573,0.6573,0.0000,11,1,0,0,recheck,0,still,0
1186,153,1,1,513,16,0,2,0,6,0,1,0,6,0,0,0,15,15,14,21,6,20,0.2896,0.2896,0.0000,7,1,0,0,recheck,0,still,0
1186,182,1,1,116,20,1,3,0,14,0,1,1,13,0,0,0,11,11,10,25,14,24,0.5443,0.4899,0.0000,13,1,0,0,recheck,0,still,0
1186,194,1,1,242,19,1,2,0,15,0,1,1,14,0,0,0,12,12,9,27,15,24,0.4889,0.4889,0.0000,13,1,0,0,recheck,0,still,0
1187,13,2,1,621,20,2,3,0,15,0,1,1,14,0,0,0,8,8,9,23,15,24,0.5936,0.5936,0.0000,11,1,0,0,recheck,0,still,0
1187,71,2,0,-1,8,2,3,0,12,0,0,12,0,0,0,0,0,0,0,12,12,12,0.3540,0.0000,0.0000,7,0,0,0,,0,pending,0
1187,139,1,1,118,19,0,3,0,14,0,1,1,13,0,0,0,11,11,10,25,14,24,0.5603,0.5013,0.0000,12,1,0,0,recheck,0,still,0
1187,159,1,1,433,9,2,3,0,0,0,1,0,0,0,0,0,12,12,12,12,0,12,0.1742,0.1742,0.0000,3,1,0,0,recheck,0,still,0
1188,35,2,1,338,18,0,1,0,6,0,1,0,6,0,0,0,15,15,16,21,6,22,0.3900,0.3900,0.0000,7,1,0,0,recheck,0,still,0
1188,51,1,1,780,18,0,3,0,9,0,1,0,9,0,0,0,11,11,12,20,9,21,0.5713,0.5713,0.0000,9,1,0,0,recheck,0,still,0
1188,71,2,0,-1,8,2,3,0,12,0,0,12,0,0,0,0,0,0,0,12,12,12,0.3538,0.0000,0.0000,7,0,0,0,,0,hop,1
1188,116,2,1,469,17,0,1,0,11,0,1,0,11,0,0,0,15,15,14,26,11,25,0.4308,0.4308,0.0000,10,1,0,0,recheck,0,still,0
1188,126,2,1,379,19,0,1,1,14,0,1,2,12,0,3,0,11,11,11,25,11,22,0.3513,0.3513,0.0000,10,1,0,0,recheck,0,still,0
1188,168,1,1,551,20,0,1,1,19,0,1,13,6,0,0,0,11,11,7,30,19,26,0.3473,0.1870,0.0000,9,1,0,0,recheck,0,still,0
1189,117,3,1,649,18,0,1,0,12,0,1,1,11,0,0,0,15,15,15,27,12,27,0.3451,0.3451,0.0000,9,1,0,0,period_end,0,still,0
1189,136,2,0,-1,9,0,6,0,13,0,0,13,0,0,1,0,0,0,0,13,12,12,0.5005,0.0000,0.0000,10,0,0,0,,0,pending,0
1189,166,2,1,409,20,0,1,0,15,0,1,7,8,0,2,0,13,13,13,28,13,26,0.3487,0.2740,0.0000,10,1,0,0,recheck,0,still,0
1189,169,1,1,750,18,0,1,0,13,0,1,1,12,0,0,0,8,8,8,21,13,21,0.7394,0.7394,0.0000,12,1,0,1,recheck,0,still,0
1190,54,2,1,717,19,1,2,0,13,0,1,6,7,0,0,0,12,12,12,25,13,25,0.5750,0.4792,0.0000,12,1,0,0,recheck,0,still,0
1190,77,3,1,628,19,0,2,0,11,0,1,0,11,0,0,0,14,14,14,25,11,25,0.5805,0.5805,0.0000,13,1,0,0,recheck,0,still,0
1190,90,1,1,674,22,0,2,1,25,0,1,25,0,0,0,0,0,0,0,25,25,25,0.6797,0.0000,0.0000,14,0,0,0,period_end,0,end_period,1
1190,136,2,0,-1,9,0,6,0,13,0,0,13,0,0,1,0,0,0,0,13,12,12,0.5005,0.0000,0.0000,10,0,0,0,,0,hop,1
1190,188,1,1,557,16,1,2,0,5,0,1,0,5,0,0,0,17,17,14,22,5,19,0.3812,0.3812,0.0000,10,1,0,0,recheck,0,still,0
1191,66,1,0,-1,15,0,2,0,18,0,0,18,0,0,1,0,0,0,0,18,17,17,0.6623,0.0000,0.0000,10,0,0,0,,0,pending,0
1191,75,1,0,-1,5,1,6,0,4,0,0,4,0,0,0,1,0,0,0,4,5,5,0.2956,0.0000,0.0000,4,0,0,0,,0,pending,0
1191,145,1,1,599,15,1,2,0,5,0,1,0,5,0,0,0,15,15,13,20,5,18,0.3949,0.3949,0.0000,8,1,0,0,recheck,0,still,0
1191,176,1,1,414,23,1,2,0,27,0,1,24,3,0,2,0,2,2,2,29,25,27,0.4657,0.0980,0.0000,15,1,0,0,recheck,0,still,0
1192,66,1,0,-1,15,0,2,0,18,0,0,18,0,0,1,0,0,0,0,18,17,17,0.6624,0.0000,0.0000,10,0,0,0,,0,hop,1
1192,75,1,0,-1,5,1,6,0,4,0,0,4,0,0,0,1,0,0,0,4,5,5,0.2956,0.0000,0.0000,4,0,0,0,,0,hop,1
1192,131,1,1,735,17,0,2,1,23,0,1,18,5,0,1,0,8,8,5,31,22,27,0.3202,0.0801,0.0000,8,1,0,0,recheck,0,still,0
1193,4,2,1,559,13,0,1,0,7,0,1,0,7,0,0,0,14,14,14,21,7,21,0.3714,0.3714,0.0000,8,1,0,0,recheck,0,still,0
1193,58,1,1,747,17,2,3,0,21,0,1,18,3,0,0,0,5,5,5,26,21,26,0.5417,0.1445,0.0000,9,1,0,0,recheck,0,still,0
1194,15,1,1,736,18,2,6,0,11,0,1,0,11,0,0,0,11,11,11,22,11,22,0.5912,0.5912,0.0000,10,1,0,0,recheck,0,still,0
1194,83,1,1,862,20,0,1,0,16,0,1,11,5,0,0,0,10,10,11,26,16,27,0.5667,0.3542,0.0000,11,1,0,0,recheck,0,still,0
1194,170,2,1,831,16,0,6,0,11,0,1,0,11,0,0,0,14,14,13,25,11,24,0.5635,0.5635,0.0000,10,1,0,0,recheck,0,still,0
1195,68,3,1,288,16,1,2,0,2,0,1,0,2,0,0,0,19,19,19,21,2,21,0.3583,0.3583,0.0000,7,1,0,0,recheck,0,still,0
1195,76,3,1,754,19,3,6,0,13,0,1,1,12,0,0,0,11,11,11,24,13,24,0.6548,0.6548,0.0000,13,1,0,0,recheck,0,still,0
1195,85,1,1,865,20,0,2,0,19,0,1,14,5,0,0,0,5,5,6,24,19,25,0.5718,0.2502,0.0000,10,1,0,0,recheck,0,still,0
1195,87,1,1,615,23,1,2,0,24,0,1,24,0,0,0,0,1,1,2,25,24,26,0.5990,0.0000,0.0000,11,0,0,0,recheck,0,end_clear,1
1196,79,1,1,714,19,0,2,0,9,0,1,0,9,0,1,0,11,11,11,20,8,19,0.5972,0.5972,0.0000,10,1,0,0,recheck,0,still,0
1196,163,1,1,731,18,0,1,0,13,0,1,0,13,0,3,0,13,13,12,26,10,22,0.3792,0.3792,0.0000,8,1,0,0,recheck,0,still,0
1196,171,1,1,710,18,1,2,0,23,0,1,19,4,0,1,0,8,8,5,31,22,27,0.3695,0.1232,0.0000,11,1,0,0,recheck,0,still,0
1197,12,2,1,782,19,0,1,0,14,0,1,1,13,0,0,1,9,9,10,23,15,25,0.4887,0.4887,0.0000,9,1,0,0,recheck,0,still,0
1197,14,1,1,741,19,0,3,0,13,0,1,1,12,0,1,0,7,7,9,20,12,21,0.5910,0.5910,0.0000,10,1,0,0,recheck,0,still,0
1197,86,1,1,777,21,0,3,0,23,0,1,23,0,0,0,0,2,2,3,25,23,26,0.5755,0.0000,0.0000,10,0,0,0,recheck,0,end_clear,1
1198,1,2,1,455,18,0,2,0,4,0,1,0,4,0,0,0,18,18,18,22,4,22,0.3623,0.3623,0.0000,7,1,0,0,recheck,0,still,0
1198,25,2,1,883,20,0,2,0,24,0,1,24,0,0,0,0,3,3,3,27,24,27,0.5146,0.0000,0.0000,10,0,0,0,recheck,0,end_clear,1
1198,195,1,1,553,17,1,2,0,4,0,1,0,4,0,0,0,19,19,17,23,4,21,0.3455,0.3455,0.0000,10,1,0,0,recheck,0,still,0
1199,8,2,1,367,19,0,1,0,13,0,1,1,12,0,0,0,13,13,13,26,13,26,0.4545,0.4545,0.0000,10,1,0,0,recheck,0,still,0
1199,10,1,1,744,21,1,3,0,14,0,1,1,13,0,0,0,11,11,11,25,14,25,0.5583,0.5583,0.0000,11,1,0,0,recheck,0,still,0
1199,17,3,1,751,19,1,2,0,12,0,1,5,7,0,0,0,12,12,12,24,12,24,0.5656,0.5656,0.0000,13,1,0,0,recheck,0,still,0
1199,199,1,1,489,12,1,3,0,0,0,1,0,0,0,0,0,14,14,14,14,0,14,0.2621,0.2621,0.0000,4,1,0,0,recheck,0,still,0
1200,5,2,1,568,15,0,1,0,10,0,1,0,10,0,0,0,14,14,14,24,10,24,0.4003,0.4003,0.0000,9,1,0,0,recheck,0,still,0
1200,6,2,1,569,17,0,2,0,12,0,1,1,11,0,0,0,14,14,14,26,12,26,0.3627,0.3627,0.0000,8,1,0,0,recheck,0,still,0
1200,23,2,1,632,19,1,2,0,22,0,1,21,1,0,0,0,5,5,6,27,22,28,0.5247,0.0328,0.0000,10,0,1,0,recheck,0,end_clear,1
1200,149,1,1,551,20,0,1,0,11,0,1,1,10,0,0,0,15,15,14,26,11,25,0.4114,0.4114,0.0000,9,1,0,0,recheck,0,still,0
1201,40,1,1,468,14,1,2,0,7,0,1,0,7,0,0,1,12,12,12,19,8,20,0.4329,0.4329,0.0000,8,1,0,0,recheck,0,still,0
1201,80,1,1,378,19,1,2,0,12,0,1,5,7,0,0,0,7,7,8,19,12,20,0.5701,0.4989,0.0000,10,1,0,0,recheck,0,still,0
1201,172,1,1,564,20,0,1,1,28,0,1,26,2,0,4,0,3,3,3,31,24,27,0.4787,0.0532,0.0000,12,0,1,0,recheck,0,end_clear,1
1202,3,2,1,501,14,0,1,0,7,0,1,0,7,0,0,0,11,11,11,18,7,18,0.3416,0.3416,0.0000,6,1,0,0,recheck,0,still,0
1202,113,1,1,495,15,0,2,0,7,0,1,0,7,0,0,0,13,13,11,20,7,18,0.3236,0.3236,0.0000,7,1,0,0,recheck,0,still,0
1202,165,1,1,829,19,1,2,0,20,0,1,8,12,0,4,0,6,6,6,26,16,22,0.3483,0.2985,0.0000,10,1,0,0,recheck,0,still,0
1203,50,1,1,414,18,1,3,0,15,0,1,2,13,0,0,0,6,6,7,21,15,22,0.5888,0.5888,0.0000,9,1,0,0,recheck,0,still,0
1204,138,1,1,655,20,0,1,1,28,0,0,28,0,0,4,0,0,0,0,28,24,24,0.4491,0.0000,0.0000,13,0,0,0,recheck,0,end_clear,1
1205,11,1,1,718,20,0,1,0,15,0,1,1,14,0,1,0,10,10,10,25,14,24,0.6151,0.6151,0.0000,11,1,0,0,recheck,0,still,0
1205,135,1,1,424,23,0,2,0,28,0,1,28,0,0,2,0,1,1,1,29,26,27,0.4514,0.0266,0.0000,13,0,1,0,recheck,0,end_clear,1
1206,9,1,1,556,21,2,3,0,14,0,1,1,13,0,1,0,12,12,12,26,13,25,0.5342,0.5342,0.0000,10,1,0,0,recheck,0,still,0
1206,57,1,1,722,21,1,2,0,24,0,1,19,5,0,0,0,2,2,2,26,24,26,0.5711,0.1071,0.0000,11,1,0,0,recheck,0,still,0
1206,115,2,1,688,14,0,1,0,8,0,1,0,8,0,0,0,15,15,14,23,8,22,0.2964,0.2964,0.0000,8,1,0,0,recheck,0,still,0
1206,119,1,1,262,18,0,2,0,13,0,1,1,12,0,0,0,13,13,10,26,13,23,0.5301,0.5301,0.0000,12,1,0,0,recheck,0,still,0
1206,177,1,1,436,21,0,1,1,29,0,0,29,0,0,4,0,0,0,0,29,25,25,0.5030,0.0000,0.0000,14,0,0,0,recheck,0,end_clear,1
1207,47,2,1,778,20,1,3,0,12,0,1,1,11,0,0,1,9,9,10,21,13,23,0.6148,0.6148,0.0000,12,1,0,0,recheck,0,still,0
1207,128,1,1,801,21,0,1,1,25,0,1,18,7,0,2,0,4,4,3,29,23,26,0.3482,0.1339,0.0000,9,1,0,0,recheck,0,still,0
1207,161,2,1,645,19,0,1,0,17,0,1,1,16,0,0,0,8,8,7,25,17,24,0.4284,0.4284,0.0000,10,1,0,0,period_end,0,still,0
1208,19,3,1,835,20,0,2,0,20,0,1,12,8,0,0,0,5,5,5,25,20,25,0.5061,0.3573,0.0000,12,1,0,0,recheck,0,still,0
1208,49,2,1,789,17,1,2,0,16,0,1,1,15,0,0,0,7,7,7,23,16,23,0.6328,0.6328,0.0000,11,1,0,0,recheck,0,still,0
1208,55,2,1,446,20,0,1,0,23,0,1,18,5,0,0,0,4,4,4,27,23,27,0.4841,0.1936,0.0000,11,1,0,0,recheck,0,still,0
1208,117,3,1,668,18,0,1,0,12,0,1,1,11,0,0,0,15,15,15,27,12,27,0.3459,0.3459,0.0000,9,1,0,0,recheck,0,still,0
1209,2,1,1,373,15,0,1,0,9,0,1,0,9,0,0,0,12,12,11,21,9,20,0.3775,0.3775,0.0000,6,1,0,0,recheck,0,still,0
1209,7,2,1,574,18,0,1,0,11,0,1,1,10,0,0,1,13,13,13,24,12,25,0.3900,0.3900,0.0000,8,1,0,0,recheck,0,still,0
1209,16,1,1,340,18,2,3,0,15,0,1,1,14,0,0,0,7,7,7,22,15,22,0.5887,0.5887,0.0000,10,1,0,0,period_end,0,still,0
1210,124,1,0,-1,3,0,1,1,3,0,0,3,0,0,0,0,0,0,0,3,3,3,0.1297,0.0000,0.0000,2,0,0,0,,0,pending,0
1211,44,1,1,793,20,0,3,0,13,0,1,1,12,0,0,1,10,10,10,23,14,24,0.4813,0.4813,0.0000,9,1,0,0,recheck,0,still,0
1211,123,2,1,439,14,0,3,0,4,0,1,0,4,0,0,0,15,15,15,19,4,19,0.3550,0.3550,0.0000,7,1,0,0,recheck,0,still,0
1211,124,1,0,-1,3,0,1,1,3,0,0,3,0,0,0,0,0,0,0,3,3,3,0.1296,0.0000,0.0000,2,0,0,0,,0,hop,1
1211,127,1,1,796,19,0,2,1,19,0,1,7,12,0,4,0,6,6,6,25,15,21,0.3505,0.2965,0.0000,9,1,0,0,recheck,0,still,0
1211,142,2,1,414,18,4,6,0,13,0,1,0,13,0,0,0,9,9,9,22,13,22,0.7243,0.7243,0.0000,13,1,0,1,recheck,0,still,0
1211,151,1,1,76,20,1,2,0,13,0,1,1,12,0,0,0,13,13,10,26,13,23,0.4865,0.4865,0.0000,12,1,0,0,recheck,0,still,0
1211,154,2,1,579,18,0,1,0,9,0,1,0,9,0,0,0,14,14,14,23,9,23,0.3452,0.3452,0.0000,9,1,0,0,recheck,0,still,0
1212,118,3,1,717,22,0,1,0,14,0,1,1,13,0,0,0,13,13,13,27,14,27,0.5249,0.5249,0.0000,14,1,0,0,recheck,0,still,0
1212,157,2,1,515,17,0,2,0,7,0,1,0,7,0,0,0,15,15,15,22,7,22,0.3241,0.3241,0.0000,7,1,0,0,recheck,0,still,0
1212,158,1,1,469,16,1,2,0,6,0,1,0,6,0,0,0,15,15,14,21,6,20,0.2596,0.2596,0.0000,5,1,0,0,recheck,0,still,0
1212,189,1,1,630,13,0,2,0,8,0,1,0,8,0,0,0,15,15,11,23,8,19,0.4387,0.4387,0.0000,11,1,0,0,recheck,0,still,0
1213,21,2,1,840,21,0,2,0,20,0,1,14,6,0,0,0,5,5,5,25,20,25,0.5485,0.2581,0.0000,12,1,0,0,recheck,0,still,0
1213,161,2,1,651,19,0,1,0,18,0,1,2,16,0,0,0,8,8,7,26,18,25,0.4284,0.4284,0.0000,10,1,0,0,recheck,0,still,0
1214,73,2,0,-1,7,0,3,0,10,0,0,10,0,0,0,0,0,0,0,10,10,10,0.3216,0.0000,0.0000,6,0,0,0,,0,hop,1
1214,146,2,1,602,12,0,2,0,8,0,1,0,8,0,0,0,13,13,13,21,8,21,0.3507,0.3507,0.0000,9,1,0,0,recheck,0,still,0
1215,16,1,1,346,18,2,3,0,15,0,1,1,14,0,0,0,7,7,7,22,15,22,0.5887,0.5887,0.0000,10,1,0,0,recheck,0,still,0
1215,56,1,1,762,21,0,2,0,22,0,1,17,5,0,0,0,3,3,3,25,22,25,0.5263,0.1754,0.0000,11,1,0,0,recheck,0,still,0
1215,72,2,1,518,17,0,1,0,6,0,1,0,6,0,0,0,15,15,15,21,6,21,0.3642,0.3642,0.0000,6,1,0,0,recheck,0,still,0
1215,84,1,1,765,21,0,2,0,23,0,1,20,3,0,0,0,1,1,2,24,23,25,0.5367,0.0716,0.0000,10,1,0,0,recheck,0,still,0
1215,114,1,1,479,13,1,2,0,6,0,1,0,6,0,0,0,13,13,12,19,6,18,0.3519,0.3519,0.0000,7,1,0,0,recheck,0,still,0
1215,130,1,1,755,17,1,6,0,15,0,1,0,15,0,0,0,7,7,6,22,15,21,0.6573,0.6573,0.0000,11,1,0,0,recheck,0,still,0
1216,153,1,1,543,16,0,2,0,8,0,1,0,8,0,0,1,13,13,11,21,9,20,0.2896,0.2896,0.0000,7,1,0,0,recheck,0,still,0
1216,182,1,1,146,20,0,2,0,14,0,1,1,13,0,0,0,12,12,11,26,14,25,0.5445,0.4901,0.0000,13,1,0,0,recheck,0,still,0
1216,194,1,1,272,19,1,2,0,14,0,1,1,13,0,0,0,13,13,10,27,14,24,0.4888,0.4888,0.0000,13,1,0,0,recheck,0,still,0
1217,13,2,1,651,20,2,3,0,14,0,1,1,13,0,0,0,9,9,10,23,14,24,0.6596,0.6596,0.0000,12,1,0,0,recheck,0,still,0
1217,139,1,1,148,18,0,1,0,13,0,1,1,12,0,0,0,12,12,10,25,13,23,0.5604,0.5014,0.0000,12,1,0,0,recheck,0,still,0
1217,159,1,1,463,9,2,3,0,0,0,1,0,0,0,0,0,12,12,12,12,0,12,0.1742,0.1742,0.0000,3,1,0,0,recheck,0,still,0
1218,35,2,1,368,18,0,1,0,9,0,1,0,9,0,0,0,12,12,13,21,9,22,0.3900,0.3900,0.0000,7,1,0,0,recheck,0,still,0
1218,51,1,1,810,18,0,3,0,14,0,1,2,12,0,0,0,6,6,7,20,14,21,0.5360,0.5360,0.0000,8,1,0,0,recheck,0,still,0
1218,116,2,1,499,17,0,1,0,11,0,1,0,11,0,0,0,15,15,14,26,11,25,0.4312,0.4312,0.0000,10,1,0,0,recheck,0,still,0
1218,126,2,1,409,19,0,1,1,18,0,1,5,13,0,3,0,6,6,6,24,15,21,0.3513,0.3011,0.0000,10,1,0,0,recheck,0,still,0
1218,168,1,1,581,20,0,1,1,26,0,1,20,6,0,3,0,2,2,1,28,23,24,0.3206,0.0534,0.0000,8,1,0,0,recheck,0,still,0
1219,166,2,1,439,20,0,1,0,22,0,1,14,8,0,2,0,5,5,5,27,20,25,0.3487,0.1494,0.0000,10,1,0,0,recheck,0,still,0
1219,169,1,1,780,18,0,1,0,13,0,1,1,12,0,0,0,8,8,8,21,13,21,0.8098,0.7394,0.0000,13,1,0,1,recheck,0,still,0
1219,183,1,1,49,21,1,2,0,13,0,1,1,12,0,0,0,10,10,10,23,13,23,0.5710,0.5167,0.0000,13,1,0,0,recheck,0,still,0
1220,54,2,1,747,19,1,2,0,20,0,1,13,7,0,0,0,5,5,5,25,20,25,0.5749,0.3194,0.0000,12,1,0,0,recheck,0,still,0
1220,77,3,1,658,19,0,2,0,18,0,1,3,15,0,0,0,7,7,7,25,18,25,0.5812,0.5812,0.0000,13,1,0,0,recheck,0,still,0
1220,188,1,1,587,16,1,2,0,7,0,1,0,7,0,0,0,15,15,12,22,7,19,0.3810,0.3810,0.0000,10,1,0,0,recheck,0,still,0
1221,13,2,1,655,20,2,3,0,13,0,1,1,12,0,0,0,10,10,11,23,13,24,0.6596,0.6596,0.0000,12,1,0,0,period_end,0,still,0
1221,101,3,0,-1,6,4,6,0,8,0,0,8,0,0,0,0,0,0,0,8,8,8,0.3560,0.0000,0.0000,8,0,0,0,,0,hop,1
1221,140,1,1,56,20,0,2,1,11,0,1,1,10,0,0,0,12,12,12,23,11,23,0.5602,0.5012,0.0000,11,1,0,0,recheck,0,still,0
1221,145,1,1,629,15,1,2,0,7,0,1,0,7,0,0,0,13,13,11,20,7,18,0.3943,0.3943,0.0000,8,1,0,0,recheck,0,still,0
1221,176,1,1,444,21,1,2,0,29,0,0,29,0,0,4,0,0,0,0,29,25,25,0.4163,0.0000,0.0000,13,0,0,0,recheck,0,end_clear,1
1222,131,1,1,765,17,0,2,1,29,0,1,25,4,0,4,0,0,0,0,29,25,25,0.3202,0.0000,0.0000,8,0,0,0,recheck,0,end_clear,1
1223,4,2,1,589,13,0,1,0,8,0,1,0,8,0,0,0,13,13,13,21,8,21,0.3714,0.3714,0.0000,8,1,0,0,recheck,0,still,0
1223,58,1,1,777,16,2,3,0,25,0,0,25,0,0,0,0,0,0,0,25,25,25,0.5416,0.0000,0.0000,9,0,0,0,recheck,0,end_clear,1
1224,15,1,1,766,18,2,6,0,14,0,1,0,14,0,0,0,7,7,7,21,14,21,0.5912,0.5912,0.0000,10,1,0,0,recheck,0,still,0
1224,83,1,1,892,19,0,1,0,22,0,1,19,3,0,0,0,0,0,1,22,22,23,0.5684,0.1066,0.0000,11,1,0,0,recheck,0,still,0
1224,170,2,1,861,16,0,6,0,15,0,1,0,15,0,0,0,9,9,8,24,15,23,0.5638,0.5638,0.0000,10,1,0,0,recheck,0,still,0
1225,68,3,1,318,16,1,2,0,7,0,1,0,7,0,0,0,14,14,14,21,7,21,0.3583,0.3583,0.0000,7,1,0,0,recheck,0,still,0
1225,76,3,1,784,19,3,6,0,16,0,1,1,15,0,0,0,8,8,8,24,16,24,0.6548,0.6548,0.0000,13,1,0,0,recheck,0,still,0
1225,85,1,1,895,19,0,2,0,22,0,1,22,0,0,0,1,0,0,0,22,23,23,0.5728,0.0000,0.0000,10,0,0,0,recheck,0,end_clear,1
1226,79,1,1,744,18,0,2,0,14,0,1,5,9,0,1,0,6,6,6,20,13,19,0.5974,0.5974,0.0000,10,1,0,0,recheck,0,still,0
1226,163,1,1,761,18,0,1,0,18,0,1,4,14,0,3,0,8,8,7,26,15,22,0.3792,0.3792,0.0000,8,1,0,0,recheck,0,still,0
1226,171,1,1,740,18,1,2,0,29,0,0,27,2,0,4,0,0,0,0,29,25,25,0.3901,0.0244,0.0000,12,0,1,0,recheck,0,end_clear,1
1227,12,2,1,812,19,0,1,0,14,0,1,1,13,0,0,1,9,9,10,23,15,25,0.4887,0.4887,0.0000,9,1,0,0,recheck,0,still,0
1227,14,1,1,771,20,0,3,0,13,0,1,1,12,0,0,0,7,7,9,20,13,22,0.5910,0.5910,0.0000,10,1,0,0,recheck,0,still,0
1227,68,3,1,320,16,1,2,0,7,0,1,0,7,0,0,0,14,14,14,21,7,21,0.3583,0.3583,0.0000,7,1,0,0,period_end,0,still,0
1227,111,2,0,-1,3,1,3,0,3,0,0,3,0,0,0,0,0,0,0,3,3,3,0.1296,0.0000,0.0000,3,0,0,0,,0,hop,1
1228,1,2,1,485,18,0,2,0,9,0,1,0,9,0,0,0,13,13,13,22,9,22,0.3623,0.3623,0.0000,7,1,0,0,recheck,0,still,0
1228,195,1,1,583,17,1,2,0,9,0,1,0,9,0,0,0,14,14,12,23,9,21,0.3455,0.3455,0.0000,10,1,0,0,recheck,0,still,0
1229,8,2,1,397,19,0,1,0,13,0,1,1,12,0,0,0,13,13,13,26,13,26,0.4545,0.4545,0.0000,10,1,0,0,recheck,0,still,0
1229,10,1,1,774,21,1,3,0,14,0,1,1,13,0,0,0,11,11,11,25,14,25,0.5583,0.5583,0.0000,11,1,0,0,recheck,0,still,0
1229,17,3,1,781,18,1,2,0,17,0,1,9,8,0,0,1,5,5,5,22,18,23,0.5061,0.4168,0.0000,11,1,0,0,recheck,0,still,0
1229,199,1,1,519,12,1,3,0,0,0,1,0,0,0,0,0,14,14,14,14,0,14,0.2621,0.2621,0.0000,4,1,0,0,recheck,0,still,0
1230,5,2,1,598,15,0,1,0,10,0,1,0,10,0,0,0,14,14,14,24,10,24,0.4003,0.4003,0.0000,9,1,0,0,recheck,0,still,0
1230,6,2,1,599,15,0,2,0,12,0,1,1,11,0,0,0,14,14,14,26,12,26,0.3627,0.3627,0.0000,8,1,0,0,recheck,0,still,0
1230,149,1,1,581,20,0,1,0,11,0,1,1,10,0,0,0,15,15,14,26,11,25,0.4115,0.4115,0.0000,9,1,0,0,recheck,0,still,0
1231,40,1,1,498,14,1,2,0,7,0,1,0,7,0,0,1,12,12,12,19,8,20,0.4329,0.4329,0.0000,8,1,0,0,recheck,0,still,0
1231,77,3,1,669,19,0,2,0,18,0,1,5,13,0,0,0,7,7,7,25,18,25,0.5815,0.5815,0.0000,13,1,0,0,period_end,0,still,0
1231,80,1,1,408,19,1,2,0,15,0,1,8,7,0,0,0,4,4,5,19,15,20,0.5342,0.4630,0.0000,9,1,0,0,recheck,0,still,0
1232,3,2,1,531,14,0,1,0,8,0,1,0,8,0,0,0,11,11,11,19,8,19,0.3416,0.3416,0.0000,6,1,0,0,recheck,0,still,0
1232,113,1,1,525,15,0,2,0,7,0,1,0,7,0,0,0,13,13,11,20,7,18,0.3236,0.3236,0.0000,7,1,0,0,recheck,0,still,0
1232,165,1,1,859,19,1,2,0,19,0,1,10,9,0,4,0,5,5,5,24,15,20,0.3483,0.2737,0.0000,10,1,0,0,recheck,0,still,0
1233,50,1,1,444,18,1,3,0,14,0,1,4,10,0,0,0,7,7,8,21,14,22,0.5891,0.5891,0.0000,9,1,0,0,recheck,0,still,0
1235,11,1,1,748,20,0,1,0,15,0,1,1,14,0,1,0,10,10,10,25,14,24,0.6151,0.6151,0.0000,11,1,0,0,recheck,0,still,0
1236,9,1,1,586,22,0,2,0,14,0,1,1,13,0,0,0,12,12,12,26,14,26,0.5342,0.5342,0.0000,10,1,0,0,recheck,0,still,0
1236,57,1,1,752,20,1,2,0,23,0,1,22,1,0,0,0,1,1,1,24,23,24,0.5704,0.0356,0.0000,11,0,1,0,recheck,0,end_clear,1
1236,115,2,1,718,15,0,1,0,8,0,1,0,8,0,0,0,15,15,14,23,8,22,0.2963,0.2963,0.0000,8,1,0,0,recheck,0,still,0
1236,119,1,1,292,18,0,2,0,13,0,1,1,12,0,0,0,13,13,10,26,13,23,0.5300,0.5300,0.0000,12,1,0,0,recheck,0,still,0
1237,47,2,1,808,20,1,3,0,12,0,1,1,11,0,0,1,9,9,10,21,13,23,0.6148,0.6148,0.0000,12,1,0,0,recheck,0,still,0
1237,102,2,0,-1,1,0,2,1,1,0,0,1,0,0,0,0,0,0,0,1,1,1,0.0330,0.0000,0.0000,1,0,0,0,,0,pending,0
1237,128,1,1,831,19,0,1,1,26,0,1,21,5,0,3,0,1,1,1,27,23,24,0.3750,0.0803,0.0000,10,1,0,0,recheck,0,still,0
1238,19,3,1,865,19,0,2,0,22,0,1,16,6,0,0,0,2,2,2,24,22,24,0.5061,0.2679,0.0000,12,1,0,0,recheck,0,still,0
1238,49,2,1,819,17,1,2,0,17,0,1,3,14,0,0,0,6,6,6,23,17,23,0.6328,0.6328,0.0000,11,1,0,0,recheck,0,still,0
1238,55,2,1,476,19,1,2,0,24,0,1,21,3,0,0,0,1,1,1,25,24,25,0.5168,0.0969,0.0000,12,1,0,0,recheck,0,still,0
1238,102,2,0,-1,1,0,2,1,1,0,0,1,0,0,0,0,0,0,0,1,1,1,0.0330,0.0000,0.0000,1,0,0,0,,0,hop,1
1238,117,3,1,698,18,0,1,0,12,0,1,1,11,0,0,0,15,15,15,27,12,27,0.3480,0.3480,0.0000,9,1,0,0,recheck,0,still,0
1239,2,1,1,403,15,0,1,0,8,0,1,0,8,0,0,0,13,13,12,21,8,20,0.3775,0.3775,0.0000,6,1,0,0,recheck,0,still,0
1239,7,2,1,604,18,0,1,0,11,0,1,1,10,0,0,1,13,13,13,24,12,25,0.3900,0.3900,0.0000,8,1,0,0,recheck,0,still,0
1239,189,1,1,657,13,0,2,0,8,0,1,0,8,0,0,0,15,15,11,23,8,19,0.4396,0.4396,0.0000,11,1,0,0,period_end,0,still,0
1241,44,1,1,823,20,0,2,0,13,0,1,1,12,0,0,1,10,10,10,23,14,24,0.4813,0.4813,0.0000,9,1,0,0,recheck,0,still,0
1241,123,2,1,469,14,0,3,0,3,0,1,0,3,0,0,0,16,16,16,19,3,19,0.3550,0.3550,0.0000,7,1,0,0,recheck,0,still,0
1241,127,1,1,826,19,0,2,1,21,0,1,11,10,0,4,0,3,3,3,24,17,20,0.3505,0.2426,0.0000,9,1,0,0,recheck,0,still,0
1241,142,2,1,444,18,4,6,0,13,0,1,0,13,0,0,0,7,7,8,20,13,21,0.6308,0.6308,0.0000,12,1,0,0,recheck,0,still,0
1241,151,1,1,106,20,1,2,0,13,0,1,1,12,0,0,0,13,13,10,26,13,23,0.4873,0.4873,0.0000,12,1,0,0,recheck,0,still,0
1241,154,2,1,609,18,0,1,0,8,0,1,0,8,0,0,0,15,15,15,23,8,23,0.3452,0.3452,0.0000,9,1,0,0,recheck,0,still,0
1242,118,3,1,747,21,0,1,0,14,0,1,1,13,0,0,0,13,13,12,27,14,26,0.5249,0.5249,0.0000,14,1,0,0,recheck,0,still,0
1242,157,2,1,545,17,0,2,0,6,0,1,0,6,0,0,0,16,16,16,22,6,22,0.3241,0.3241,0.0000,7,1,0,0,recheck,0,still,0
1242,158,1,1,499,16,1,2,0,5,0,1,0,5,0,0,0,16,16,15,21,5,20,0.2596,0.2596,0.0000,5,1,0,0,recheck,0,still,0
1242,189,1,1,660,13,0,2,0,8,0,1,0,8,0,0,0,15,15,11,23,8,19,0.4396,0.4396,0.0000,11,1,0,0,recheck,0,still,0
1243,21,2,1,870,21,0,2,0,22,0,1,18,4,0,0,0,2,2,2,24,22,24,0.5519,0.1623,0.0000,12,1,0,0,recheck,0,still,0
1243,161,2,1,681,18,0,1,0,19,0,1,5,14,0,0,0,7,7,6,26,19,25,0.4284,0.4284,0.0000,10,1,0,0,recheck,0,still,0
1244,146,2,1,632,12,0,2,0,8,0,1,0,8,0,0,0,13,13,13,21,8,21,0.3507,0.3507,0.0000,9,1,0,0,recheck,0,still,0
1245,16,1,1,376,18,2,3,0,16,0,1,4,12,0,0,0,6,6,6,22,16,22,0.5885,0.5885,0.0000,10,1,0,0,recheck,0,still,0
1245,56,1,1,792,20,0,2,1,23,0,1,21,2,0,0,0,1,1,1,24,23,24,0.5333,0.0711,0.0000,11,1,0,0,recheck,0,still,0
1245,72,2,1,548,17,0,1,0,5,0,1,0,5,0,0,0,16,16,16,21,5,21,0.3642,0.3642,0.0000,6,1,0,0,recheck,0,still,0
1245,84,1,1,795,20,0,2,0,24,0,1,24,0,0,0,0,0,0,1,24,24,25,0.5465,0.0000,0.0000,10,0,0,0,recheck,0,end_clear,1
1245,114,1,1,509,13,1,2,0,6,0,1,0,6,0,0,0,13,13,12,19,6,18,0.3520,0.3520,0.0000,7,1,0,0,recheck,0,still,0
1245,130,1,1,785,17,1,6,0,15,0,1,1,14,0,0,0,6,6,5,21,15,20,0.6573,0.6573,0.0000,11,1,0,0,recheck,0,still,0
1246,153,1,1,573,16,0,2,0,8,0,1,0,8,0,0,0,13,13,12,21,8,20,0.2896,0.2896,0.0000,7,1,0,0,recheck,0,still,0
1246,182,1,1,176,20,0,2,0,14,0,1,1,13,0,0,0,12,12,11,26,14,25,0.5447,0.4902,0.0000,13,1,0,0,recheck,0,still,0
1246,194,1,1,302,19,1,2,0,14,0,1,1,13,0,0,0,13,13,10,27,14,24,0.4888,0.4888,0.0000,13,1,0,0,recheck,0,still,0
1247,13,2,1,681,20,2,3,0,14,0,1,1,13,0,0,0,9,9,10,23,14,24,0.6596,0.6596,0.0000,12,1,0,0,recheck,0,still,0
1247,139,1,1,178,19,0,1,0,13,0,1,1,12,0,0,0,12,12,10,25,13,23,0.5605,0.5015,0.0000,12,1,0,0,recheck,0,still,0
1247,159,1,1,493,9,2,3,0,0,0,1,0,0,0,0,0,12,12,12,12,0,12,0.1742,0.1742,0.0000,3,1,0,0,recheck,0,still,0
1248,35,2,1,398,18,0,1,0,8,0,1,0,8,0,0,0,13,13,14,21,8,22,0.3900,0.3900,0.0000,7,1,0,0,recheck,0,still,0
1248,51,1,1,840,18,0,3,0,15,0,1,6,9,0,0,0,5,5,6,20,15,21,0.5367,0.5367,0.0000,8,1,0,0,recheck,0,still,0
1248,116,2,1,529,17,0,1,0,11,0,1,0,11,0,0,0,15,15,14,26,11,25,0.4311,0.4311,0.0000,10,1,0,0,recheck,0,still,0
1248,126,2,1,439,17,0,1,1,20,0,1,10,10,0,3,0,4,4,4,24,17,21,0.3764,0.2761,0.0000,11,1,0,0,recheck,0,still,0
1248,168,1,1,611,19,0,1,1,30,0,0,27,3,0,5,0,0,0,0,30,25,25,0.3473,0.0000,0.0000,9,0,0,0,recheck,0,end_clear,1
1249,133,2,0,-1,13,5,6,0,17,0,0,17,0,0,1,0,0,0,0,17,16,16,0.5575,0.0000,0.0000,10,0,0,0,,0,hop,1
1249,166,2,1,469,20,0,1,0,25,0,1,20,5,0,2,0,1,1,1,26,23,24,0.3238,0.0498,0.0000,9,1,0,0,recheck,0,still,0
1249,169,1,1,810,18,0,1,0,13,0,1,1,12,0,0,0,8,8,8,21,13,21,0.8098,0.7394,0.0000,13,1,0,1,recheck,0,still,0
1249,183,1,1,79,21,1,2,0,12,0,1,1,11,0,0,0,11,11,11,23,12,23,0.5711,0.5167,0.0000,13,1,0,0,recheck,0,still,0
1250,54,2,1,777,19,1,2,0,23,0,1,19,4,0,0,0,1,1,1,24,23,24,0.5751,0.1917,0.0000,12,1,0,0,recheck,0,still,0
1250,77,3,1,688,18,0,2,0,19,0,1,7,12,0,0,0,5,5,5,24,19,24,0.5238,0.5238,0.0000,11,1,0,0,recheck,0,still,0
1250,188,1,1,617,16,1,2,0,7,0,1,0,7,0,0,0,15,15,12,22,7,19,0.3810,0.3810,0.0000,10,1,0,0,recheck,0,still,0
1251,140,1,1,86,20,0,2,1,12,0,1,1,11,0,0,0,11,11,11,23,12,23,0.5602,0.5012,0.0000,11,1,0,0,recheck,0,still,0
1251,145,1,1,659,15,1,2,0,7,0,1,0,7,0,0,0,13,13,11,20,7,18,0.3949,0.3949,0.0000,8,1,0,0,recheck,0,still,0
1252,9,1,1,602,22,0,2,0,12,0,1,1,11,0,0,0,13,13,13,25,12,25,0.5342,0.5342,0.0000,10,1,0,0,period_end,0,still,0
1253,4,2,1,619,13,0,1,0,8,0,1,0,8,0,0,0,13,13,13,21,8,21,0.3714,0.3714,0.0000,8,1,0,0,recheck,0,still,0
1254,15,1,1,796,18,2,6,0,15,0,1,1,14,0,0,0,6,6,6,21,15,21,0.5912,0.5912,0.0000,10,1,0,0,recheck,0,still,0
1254,83,1,1,922,18,0,1,0,24,0,0,24,0,0,0,1,0,0,0,24,25,25,0.5673,0.0000,0.0000,11,0,0,0,recheck,0,end_clear,1
1254,170,2,1,891,16,0,6,0,15,0,1,3,12,0,0,0,8,8,7,23,15,22,0.5645,0.5645,0.0000,10,1,0,0,recheck,0,still,0
1255,68,3,1,348,16,1,2,0,6,0,1,0,6,0,0,0,15,15,15,21,6,21,0.3583,0.3583,0.0000,7,1,0,0,recheck,0,still,0
1255,76,3,1,814,19,3,6,0,15,0,1,1,14,0,0,0,7,7,7,22,15,22,0.6548,0.6548,0.0000,13,1,0,0,recheck,0,still,0
1256,79,1,1,774,17,0,2,0,15,0,1,8,7,0,1,0,4,4,4,19,14,18,0.5627,0.4923,0.0000,9,1,0,0,recheck,0,still,0
1256,163,1,1,791,17,0,1,0,19,0,1,7,12,0,3,0,6,6,5,25,16,21,0.3792,0.3792,0.0000,8,1,0,0,recheck,0,still,0
1257,12,2,1,842,19,0,1,0,14,0,1,1,13,0,0,1,9,9,10,23,15,25,0.5864,0.5864,0.0000,10,1,0,0,recheck,0,still,0
1257,14,1,1,801,21,0,3,0,13,0,1,1,12,0,0,0,7,7,9,20,13,22,0.6649,0.6649,0.0000,11,1,0,0,recheck,0,still,0
1258,1,2,1,515,18,0,2,0,8,0,1,0,8,0,0,0,14,14,14,22,8,22,0.3623,0.3623,0.0000,7,1,0,0,recheck,0,still,0
1258,195,1,1,613,17,1,2,0,8,0,1,0,8,0,0,0,15,15,13,23,8,21,0.3455,0.3455,0.0000,10,1,0,0,recheck,0,still,0
1259,8,2,1,427,19,1,2,0,14,0,1,1,13,0,1,0,13,13,13,27,13,26,0.4545,0.4545,0.0000,10,1,0,0,recheck,0,still,0
1259,10,1,1,804,21,1,2,0,14,0,1,1,13,0,0,0,11,11,11,25,14,25,0.5583,0.5583,0.0000,11,1,0,0,recheck,0,still,0
1259,17,3,1,811,18,1,2,0,19,0,1,13,6,0,0,1,3,3,3,22,20,23,0.5061,0.3275,0.0000,11,1,0,0,recheck,0,still,0
1259,199,1,1,549,12,1,3,0,0,0,1,0,0,0,0,0,14,14,14,14,0,14,0.2621,0.2621,0.0000,4,1,0,0,recheck,0,still,0
1260,5,2,1,628,15,0,1,0,9,0,1,0,9,0,0,0,14,14,14,23,9,23,0.4003,0.4003,0.0000,9,1,0,0,recheck,0,still,0
1260,6,2,1,629,15,0,2,0,12,0,1,1,11,0,0,0,14,14,14,26,12,26,0.3627,0.3627,0.0000,8,1,0,0,recheck,0,still,0
1260,107,3,0,-1,21,1,2,0,22,0,0,22,0,0,0,1,0,0,0,22,23,23,0.6588,0.0000,0.0000,15,0,0,0,,0,hop,1
1260,149,1,1,611,20,0,1,0,11,0,1,1,10,0,0,0,15,15,14,26,11,25,0.4115,0.4115,0.0000,9,1,0,0,recheck,0,still,0
1261,40,1,1,528,14,1,2,0,7,0,1,0,7,0,0,1,12,12,12,19,8,20,0.4329,0.4329,0.0000,8,1,0,0,recheck,0,still,0
1261,80,1,1,438,18,1,2,0,17,0,1,12,5,0,0,0,2,2,3,19,17,20,0.5703,0.3564,0.0000,10,1,0,0,recheck,0,still,0
1261,92,1,0,-1,19,1,2,0,20,0,0,20,0,0,0,3,0,0,0,20,23,23,0.5917,0.0000,0.0000,11,0,0,0,,0,hop,1
1262,3,2,1,561,14,0,1,0,8,0,1,0,8,0,0,0,11,11,11,19,8,19,0.3416,0.3416,0.0000,6,1,0,0,recheck,0,still,0
1262,113,1,1,555,15,0,2,0,7,0,1,0,7,0,0,0,13,13,11,20,7,18,0.3236,0.3236,0.0000,7,1,0,0,recheck,0,still,0
1262,165,1,1,889,18,1,2,0,23,0,1,15,8,0,4,0,2,2,2,25,19,21,0.3483,0.1990,0.0000,10,1,0,0,recheck,0,still,0
1263,50,1,1,474,18,1,3,0,16,0,1,7,9,0,0,0,5,5,6,21,16,22,0.5897,0.5897,0.0000,9,1,0,0,recheck,0,still,0
1265,11,1,1,778,20,0,1,0,15,0,1,1,14,0,1,0,10,10,10,25,14,24,0.6151,0.6151,0.0000,11,1,0,0,recheck,0,still,0
1266,9,1,1,616,22,0,2,0,13,0,1,1,12,0,0,0,12,12,12,25,13,25,0.5342,0.5342,0.0000,10,1,0,0,recheck,0,still,0
1266,115,2,1,748,15,0,1,0,8,0,1,0,8,0,0,0,15,15,14,23,8,22,0.2963,0.2963,0.0000,8,1,0,0,recheck,0,still,0
1266,119,1,1,322,19,0,2,0,13,0,1,1,12,0,0,0,13,13,10,26,13,23,0.5300,0.5300,0.0000,12,1,0,0,recheck,0,still,0
1267,47,2,1,838,20,1,3,0,12,0,1,1,11,0,0,1,9,9,10,21,13,23,0.6148,0.6148,0.0000,12,1,0,0,recheck,0,still,0
1267,128,1,1,861,19,0,1,1,29,0,0,25,4,0,4,0,0,0,0,29,25,25,0.3750,0.0000,0.0000,10,0,0,0,recheck,0,end_clear,1
1268,19,3,1,895,19,0,2,0,25,0,1,21,4,0,0,0,0,0,0,25,25,25,0.5061,0.2084,0.0000,12,1,0,0,recheck,0,still,0
1268,28,2,0,-1,22,0,3,0,27,0,0,27,0,0,1,0,0,0,0,27,26,26,0.5538,0.0000,0.0000,13,0,0,0,,0,pending,0
1268,31,2,0,-1,20,0,2,0,22,0,0,22,0,0,0,2,0,0,0,22,24,24,0.5936,0.0000,0.0000,12,0,0,0,,0,pending,0
1268,49,2,1,849,17,1,2,0,19,0,1,6,13,0,0,0,4,4,4,23,19,23,0.5695,0.5695,0.0000,10,1,0,0,recheck,0,still,0
1268,55,2,1,506,19,1,2,0,26,0,1,25,1,0,0,0,0,0,0,26,26,26,0.5178,0.0324,0.0000,12,0,1,0,recheck,0,end_clear,1
1268,117,3,1,728,18,0,1,0,12,0,1,1,11,0,0,0,15,15,15,27,12,27,0.3493,0.3493,0.0000,9,1,0,0,recheck,0,still,0
1269,2,1,1,433,15,0,1,0,8,0,1,0,8,0,0,0,13,13,12,21,8,20,0.3775,0.3775,0.0000,6,1,0,0,recheck,0,still,0
1269,7,2,1,634,18,0,1,0,11,0,1,1,10,0,0,1,13,13,13,24,12,25,0.3900,0.3900,0.0000,8,1,0,0,recheck,0,still,0
1269,28,2,0,-1,22,0,3,0,27,0,0,27,0,0,1,0,0,0,0,27,26,26,0.5539,0.0000,0.0000,13,0,0,0,,0,hop,1
1269,31,2,0,-1,20,0,2,0,22,0,0,22,0,0,0,2,0,0,0,22,24,24,0.5936,0.0000,0.0000,12,0,0,0,,0,hop,1
1271,44,1,1,853,20,0,2,0,14,0,1,1,13,0,0,0,10,10,10,24,14,24,0.4813,0.4813,0.0000,9,1,0,0,recheck,0,still,0
1271,123,2,1,499,14,0,3,0,3,0,1,0,3,0,0,0,16,16,16,19,3,19,0.3550,0.3550,0.0000,7,1,0,0,recheck,0,still,0
1271,127,1,1,856,19,0,2,1,25,0,1,17,8,0,4,0,0,0,0,25,21,21,0.4044,0.1887,0.0000,10,1,0,0,recheck,0,still,0
1271,142,2,1,474,18,4,6,0,13,0,1,1,12,0,0,0,7,7,8,20,13,21,0.6309,0.6309,0.0000,12,1,0,0,recheck,0,still,0
1271,151,1,1,136,20,1,2,0,13,0,1,1,12,0,0,0,13,13,10,26,13,23,0.4884,0.4884,0.0000,12,1,0,0,recheck,0,still,0
1271,154,2,1,639,18,0,1,0,8,0,1,0,8,0,0,0,15,15,15,23,8,23,0.3452,0.3452,0.0000,9,1,0,0,recheck,0,still,0
1272,118,3,1,777,21,0,1,0,15,0,1,1,14,0,0,0,13,13,12,28,15,27,0.5250,0.5250,0.0000,14,1,0,0,recheck,0,still,0
1272,157,2,1,575,17,0,2,0,6,0,1,0,6,0,0,0,16,16,16,22,6,22,0.3241,0.3241,0.0000,7,1,0,0,recheck,0,still,0
1272,158,1,1,529,16,1,2,0,5,0,1,0,5,0,0,0,16,16,15,21,5,20,0.2596,0.2596,0.0000,5,1,0,0,recheck,0,still,0
1272,189,1,1,690,13,0,2,0,8,0,1,0,8,0,0,0,15,15,11,23,8,19,0.4658,0.4658,0.0000,12,1,0,0,recheck,0,still,0
1272,194,1,1,328,19,1,2,0,14,0,1,1,13,0,0,0,13,13,10,27,14,24,0.4887,0.4887,0.0000,13,1,0,0,period_end,0,still,0
1273,21,2,1,900,21,0,2,0,25,0,1,24,1,0,0,0,0,0,0,25,25,25,0.5606,0.0330,0.0000,12,0,1,0,recheck,0,end_clear,1
1273,65,1,0,-1,16,0,1,0,21,0,0,21,0,0,1,1,0,0,0,21,21,21,0.6307,0.0000,0.0000,11,0,0,0,,0,pending,0
1273,132,1,0,-1,20,0,3,0,22,0,0,22,0,0,0,2,0,0,0,22,24,24,0.6079,0.0000,0.0000,11,0,0,0,,0,hop,1
1273,161,2,1,711,17,0,1,0,20,0,1,9,11,0,0,0,5,5,4,25,20,24,0.4284,0.4284,0.0000,10,1,0,0,recheck,0,still,0
1274,65,1,0,-1,16,0,1,0,21,0,0,21,0,0,1,1,0,0,0,21,21,21,0.6307,0.0000,0.0000,11,0,0,0,,0,hop,1
1274,146,2,1,662,12,0,2,0,8,0,1,0,8,0,0,0,13,13,13,21,8,21,0.3507,0.3507,0.0000,9,1,0,0,recheck,0,still,0
1275,16,1,1,406,18,2,4,0,17,0,1,8,9,0,0,0,4,4,4,21,17,21,0.5543,0.4157,0.0000,9,1,0,0,recheck,0,still,0
1275,56,1,1,822,20,0,1,0,25,0,0,25,0,0,0,0,0,0,0,25,25,25,0.5441,0.0000,0.0000,11,0,0,0,recheck,0,end_clear,1
1275,72,2,1,578,17,0,1,0,5,0,1,0,5,0,0,0,16,16,16,21,5,21,0.3642,0.3642,0.0000,6,1,0,0,recheck,0,still,0
1275,114,1,1,539,13,1,2,0,6,0,1,0,6,0,0,0,13,13,12,19,6,18,0.3521,0.3521,0.0000,7,1,0,0,recheck,0,still,0
1275,130,1,1,815,16,1,6,0,15,0,1,5,10,0,0,0,6,6,5,21,15,20,0.6573,0.6573,0.0000,11,1,0,0,recheck,0,still,0
1276,7,2,1,641,18,0,1,0,11,0,1,1,10,0,0,1,13,13,13,24,12,25,0.3900,0.3900,0.0000,8,1,0,0,period_end,0,still,0
1276,153,1,1,603,16,0,2,0,8,0,1,0,8,0,0,0,13,13,12,21,8,20,0.3186,0.3186,0.0000,8,1,0,0,recheck,0,still,0
1276,182,1,1,206,19,1,2,0,13,0,1,1,12,0,0,0,12,12,10,25,13,23,0.5723,0.5178,0.0000,14,1,0,0,recheck,0,still,0
1276,194,1,1,332,20,1,2,0,13,0,1,1,12,0,0,0,13,13,10,26,13,23,0.4887,0.4887,0.0000,13,1,0,0,recheck,0,still,0
1277,6,2,1,646,15,0,2,0,12,0,1,1,11,0,0,0,14,14,14,26,12,26,0.3627,0.3627,0.0000,8,1,0,0,period_end,0,still,0
1277,13,2,1,711,20,2,3,0,14,0,1,1,13,0,0,0,9,9,10,23,14,24,0.6596,0.6596,0.0000,12,1,0,0,recheck,0,still,0
1277,139,1,1,208,19,0,2,0,13,0,1,1,12,0,0,0,12,12,10,25,13,23,0.5606,0.5016,0.0000,12,1,0,0,recheck,0,still,0
1277,159,1,1,523,9,2,3,0,0,0,1,0,0,0,0,0,12,12,12,12,0,12,0.1742,0.1742,0.0000,3,1,0,0,recheck,0,still,0
1278,35,2,1,428,18,0,1,0,8,0,1,0,8,0,0,0,13,13,14,21,8,22,0.3900,0.3900,0.0000,7,1,0,0,recheck,0,still,0
1278,51,1,1,870,17,0,4,0,16,0,1,10,6,0,0,0,2,2,3,18,16,19,0.4665,0.3588,0.0000,7,1,0,0,recheck,0,still,0
1278,116,2,1,559,17,0,1,0,10,0,1,0,10,0,0,0,15,15,14,25,10,24,0.4310,0.4310,0.0000,10,1,0,0,recheck,0,still,0
1278,126,2,1,469,17,0,1,1,24,0,1,16,8,0,4,0,1,1,1,25,20,21,0.3764,0.1255,0.0000,11,1,0,0,recheck,0,still,0
1279,34,1,0,-1,6,3,6,0,7,0,0,7,0,0,1,0,0,0,0,7,6,6,0.4005,0.0000,0.0000,7,0,0,0,,0,pending,0
1279,166,2,1,499,21,0,1,1,26,0,0,25,1,0,1,0,0,0,0,26,25,25,0.3736,0.0000,0.0000,10,0,0,0,recheck,0,end_clear,1
1279,169,1,1,840,18,0,1,0,12,0,1,1,11,0,0,0,8,8,8,20,12,20,0.8098,0.7394,0.0000,13,1,0,1,recheck,0,still,0
1279,183,1,1,109,21,1,2,0,12,0,1,1,11,0,0,0,11,11,11,23,12,23,0.5711,0.5167,0.0000,13,1,0,0,recheck,0,still,0
1280,34,1,0,-1,6,3,6,0,7,0,0,7,0,0,1,0,0,0,0,7,6,6,0.4005,0.0000,0.0000,7,0,0,0,,0,hop,1
1280,54,2,1,807,20,1,2,0,24,0,0,24,0,0,0,0,0,0,0,24,24,24,0.5739,0.0000,0.0000,12,0,0,0,recheck,0,end_clear,1
1280,77,3,1,718,16,3,4,0,20,0,1,13,7,0,0,0,3,3,3,23,20,23,0.5251,0.3792,0.0000,11,1,0,0,recheck,0,still,0
1280,188,1,1,647,16,1,2,0,7,0,1,0,7,0,0,0,15,15,12,22,7,19,0.3810,0.3810,0.0000,10,1,0,0,recheck,0,still,0
1281,140,1,1,116,20,0,2,1,11,0,1,1,10,0,0,0,11,11,11,22,11,22,0.5602,0.5012,0.0000,11,1,0,0,recheck,0,still,0
1281,145,1,1,689,15,1,2,0,7,0,1,0,7,0,0,0,13,13,11,20,7,18,0.3953,0.3953,0.0000,8,1,0,0,recheck,0,still,0
1282,4,2,1,648,13,0,1,0,8,0,1,0,8,0,0,0,13,13,13,21,8,21,0.3714,0.3714,0.0000,8,1,0,0,period_end,0,still,0
1283,4,2,1,649,13,0,1,0,8,0,1,0,8,0,0,0,13,13,13,21,8,21,0.3714,0.3714,0.0000,8,1,0,0,recheck,0,still,0
1283,146,2,1,671,12,0,2,0,8,0,1,0,8,0,0,0,13,13,13,21,8,21,0.3507,0.3507,0.0000,9,1,0,0,period_end,0,still,0
1284,15,1,1,826,17,2,6,0,14,0,1,5,9,0,0,0,6,6,6,20,14,20,0.5912,0.5912,0.0000,10,1,0,0,recheck,0,still,0
1284,152,1,0,-1,4,0,6,1,4,0,0,4,0,0,0,0,0,0,0,4,4,4,0.2590,0.0000,0.0000,4,0,0,0,,0,pending,0
1284,170,2,1,921,16,0,6,0,15,0,1,7,8,0,0,0,7,7,6,22,15,21,0.5658,0.5029,0.0000,10,1,0,0,recheck,0,still,0
1285,68,3,1,378,16,1,2,0,6,0,1,0,6,0,0,0,15,15,15,21,6,21,0.3583,0.3583,0.0000,7,1,0,0,recheck,0,still,0
1285,76,3,1,844,18,3,6,0,15,0,1,5,10,0,0,0,7,7,7,22,15,22,0.6548,0.6548,0.0000,13,1,0,0,recheck,0,still,0
1285,152,1,0,-1,4,0,6,1,4,0,0,4,0,0,0,0,0,0,0,4,4,4,0.2590,0.0000,0.0000,4,0,0,0,,0,hop,1
1286,79,1,1,804,18,1,2,0,18,0,1,15,3,0,0,0,2,2,2,20,18,20,0.5634,0.2465,0.0000,9,1,0,0,recheck,0,still,0
1286,145,1,1,694,14,1,2,0,7,0,1,0,7,0,0,0,13,13,11,20,7,18,0.3953,0.3953,0.0000,8,1,0,0,period_end,0,still,0
1286,163,1,1,821,17,0,1,0,20,0,1,12,8,0,3,0,4,4,3,24,17,20,0.3250,0.1896,0.0000,7,1,0,0,recheck,0,still,0
1287,12,2,1,872,19,0,1,0,13,0,1,1,12,0,0,1,9,9,10,22,14,24,0.5864,0.5864,0.0000,10,1,0,0,recheck,0,still,0
1287,14,1,1,831,21,0,2,0,13,0,1,1,12,0,0,0,7,7,9,20,13,22,0.6649,0.6649,0.0000,11,1,0,0,recheck,0,still,0
1288,1,2,1,545,18,0,2,0,8,0,1,0,8,0,0,0,14,14,14,22,8,22,0.3623,0.3623,0.0000,7,1,0,0,recheck,0,still,0
1288,195,1,1,643,17,1,2,0,8,0,1,0,8,0,0,0,15,15,13,23,8,21,0.3455,0.3455,0.0000,10,1,0,0,recheck,0,still,0
1289,8,2,1,457,19,1,2,0,14,0,1,1,13,0,1,0,13,13,13,27,13,26,0.4545,0.4545,0.0000,10,1,0,0,recheck,0,still,0
1289,10,1,1,834,21,1,2,0,14,0,1,1,13,0,0,0,11,11,11,25,14,25,0.5583,0.5583,0.0000,11,1,0,0,recheck,0,still,0
1289,17,3,1,841,17,0,2,0,20,0,1,18,2,0,0,0,1,1,1,21,20,21,0.5359,0.1191,0.0000,12,0,1,0,recheck,0,end_clear,1
1289,103,1,0,-1,5,1,5,0,5,0,0,5,0,0,0,0,0,0,0,5,5,5,0.2950,0.0000,0.0000,5,0,0,0,,0,pending,0
1289,143,1,0,-1,20,1,3,0,24,0,0,24,0,0,1,1,0,0,0,24,24,24,0.6115,0.0000,0.0000,12,0,0,0,,0,hop,1
1289,199,1,1,579,12,1,3,0,0,0,1,0,0,0,0,0,14,14,14,14,0,14,0.2621,0.2621,0.0000,4,1,0,0,recheck,0,still,0
1290,5,2,1,658,15,0,1,0,9,0,1,0,9,0,0,0,14,14,14,23,9,23,0.4003,0.4003,0.0000,9,1,0,0,recheck,0,still,0
1290,6,2,1,659,15,0,2,0,12,0,1,1,11,0,0,0,14,14,14,26,12,26,0.3627,0.3627,0.0000,8,1,0,0,recheck,0,still,0
1290,103,1,0,-1,5,1,5,0,5,0,0,5,0,0,0,0,0,0,0,5,5,5,0.2950,0.0000,0.0000,5,0,0,0,,0,hop,1
1290,149,1,1,641,20,0,1,0,11,0,1,1,10,0,0,0,15,15,14,26,11,25,0.4113,0.4113,0.0000,9,1,0,0,recheck,0,still,0
1291,40,1,1,558,14,1,2,0,7,0,1,0,7,0,0,1,12,12,12,19,8,20,0.4329,0.4329,0.0000,8,1,0,0,recheck,0,still,0
1291,67,2,0,-1,13,4,6,0,15,0,0,15,0,0,0,1,0,0,0,15,16,16,0.6562,0.0000,0.0000,11,0,0,0,,0,pending,0
1291,80,1,1,468,18,1,2,0,19,0,1,18,1,0,0,0,0,0,1,19,19,20,0.5695,0.1068,0.0000,10,0,1,0,recheck,0,end_clear,1
1292,3,2,1,591,14,0,1,0,9,0,1,0,9,0,0,0,11,11,11,20,9,20,0.3416,0.3416,0.0000,6,1,0,0,recheck,0,still,0
1292,67,2,0,-1,13,4,6,0,15,0,0,15,0,0,0,1,0,0,0,15,16,16,0.6562,0.0000,0.0000,11,0,0,0,,0,hop,1
1292,113,1,1,585,15,0,2,0,7,0,1,0,7,0,0,0,13,13,11,20,7,18,0.3236,0.3236,0.0000,7,1,0,0,recheck,0,still,0
1292,165,1,1,919,19,1,2,0,24,0,1,22,2,0,3,0,0,0,0,24,21,21,0.3483,0.0249,0.0000,10,0,1,0,recheck,0,end_clear,1
1293,50,1,1,504,18,1,4,0,18,0,1,14,4,0,0,0,1,1,2,19,18,20,0.5907,0.1846,0.0000,9,1,0,0,recheck,0,still,0
1295,11,1,1,808,20,0,1,0,15,0,1,2,13,0,1,0,10,10,10,25,14,24,0.6151,0.6151,0.0000,11,1,0,0,recheck,0,still,0
1295,154,2,1,663,18,0,1,0,5,0,1,0,5,0,0,0,18,18,18,23,5,23,0.3452,0.3452,0.0000,9,1,0,0,period_end,0,still,0
1296,9,1,1,646,22,0,2,0,13,0,1,1,12,0,0,0,12,12,12,25,13,25,0.5342,0.5342,0.0000,10,1,0,0,recheck,0,still,0
1296,115,2,1,778,15,0,1,0,8,0,1,0,8,0,0,0,15,15,14,23,8,22,0.2964,0.2964,0.0000,8,1,0,0,recheck,0,still,0
1296,119,1,1,352,19,0,2,0,12,0,1,1,11,0,0,0,13,13,10,25,12,22,0.5300,0.5300,0.0000,12,1,0,0,recheck,0,still,0
1297,47,2,1,868,19,1,2,0,12,0,1,4,8,0,0,1,9,9,10,21,13,23,0.6148,0.6148,0.0000,12,1,0,0,recheck,0,still,0
1297,155,1,0,-1,0,0,1,1,0,0,0,0,0,0,0,0,0,0,0,0,0,0,0.0000,0.0000,0.0000,0,0,0,0,,0,pending,0
1298,19,3,1,925,20,0,2,0,25,0,1,25,0,0,0,0,0,0,0,25,25,25,0.5353,0.0000,0.0000,13,0,0,0,recheck,0,end_clear,1
1298,49,2,1,879,16,0,1,0,19,0,1,13,6,0,0,0,2,2,2,21,19,21,0.5695,0.3164,0.0000,10,1,0,0,recheck,0,still,0
1298,117,3,1,758,18,0,1,0,12,0,1,1,11,0,0,0,15,15,15,27,12,27,0.3498,0.3498,0.0000,9,1,0,0,recheck,0,still,0
1298,155,1,0,-1,0,0,1,1,0,0,0,0,0,0,0,0,0,0,0,0,0,0,0.0000,0.0000,0.0000,0,0,0,0,,0,hop,1
1299,2,1,1,463,15,0,1,0,5,0,1,0,5,0,0,0,16,16,15,21,5,20,0.3775,0.3775,0.0000,6,1,0,0,recheck,0,still,0
1299,7,2,1,664,18,0,1,0,11,0,1,1,10,0,0,1,13,13,13,24,12,25,0.3900,0.3900,0.0000,8,1,0,0,recheck,0,still,0
1301,44,1,1,883,20,0,2,0,14,0,1,1,13,0,0,0,10,10,10,24,14,24,0.4813,0.4813,0.0000,9,1,0,0,recheck,0,still,0
1301,123,2,1,529,14,0,3,0,0,0,1,0,0,0,0,0,19,19,19,19,0,19,0.3550,0.3550,0.0000,7,1,0,0,recheck,0,still,0
1301,127,1,1,886,20,0,1,1,25,0,0,24,1,0,3,0,0,0,0,25,22,22,0.3501,0.0000,0.0000,9,0,0,0,recheck,0,end_clear,1
1301,142,2,1,504,18,4,6,0,14,0,1,8,6,0,0,0,6,6,7,20,14,21,0.5992,0.4100,0.0000,11,1,0,0,recheck,0,still,0
1301,151,1,1,166,19,0,1,0,13,0,1,2,11,0,0,0,13,13,10,26,13,23,0.5483,0.4905,0.0000,13,1,0,0,recheck,0,still,0
1301,154,2,1,669,18,0,1,0,5,0,1,0,5,0,0,0,18,18,18,23,5,23,0.3452,0.3452,0.0000,9,1,0,0,recheck,0,still,0
1302,118,3,1,807,21,0,1,0,14,0,1,2,12,0,0,0,12,12,12,26,14,26,0.5251,0.5251,0.0000,14,1,0,0,recheck,0,still,0
1302,157,2,1,605,17,0,2,0,3,0,1,0,3,0,0,0,19,19,19,22,3,22,0.3241,0.3241,0.0000,7,1,0,0,recheck,0,still,0
1302,158,1,1,559,16,1,2,0,2,0,1,0,2,0,0,0,19,19,18,21,2,20,0.2596,0.2596,0.0000,5,1,0,0,recheck,0,still,0
1302,189,1,1,720,13,0,2,0,6,0,1,0,6,0,0,0,17,17,13,23,6,19,0.4661,0.4661,0.0000,12,1,0,0,recheck,0,still,0
1303,161,2,1,741,17,0,1,0,20,0,1,15,5,0,0,0,3,3,2,23,20,22,0.4284,0.1260,0.0000,10,1,0,0,recheck,0,still,0
1303,195,1,1,658,17,1,2,0,5,0,1,0,5,0,0,0,18,18,16,23,5,21,0.3455,0.3455,0.0000,10,1,0,0,period_end,0,still,0
1304,119,1,1,360,19,0,2,0,12,0,1,1,11,0,0,0,13,13,10,25,12,22,0.5300,0.5300,0.0000,12,1,0,0,period_end,0,still,0
1304,146,2,1,692,12,0,2,0,8,0,1,0,8,0,0,0,14,14,13,22,8,21,0.3513,0.3513,0.0000,9,1,0,0,recheck,0,still,0
1305,16,1,1,436,17,1,3,0,19,0,1,15,4,0,1,0,2,2,2,21,18,20,0.6611,0.2088,0.0000,10,1,0,0,recheck,0,still,0
1305,72,2,1,608,17,0,1,0,2,0,1,0,2,0,0,0,19,19,19,21,2,21,0.3642,0.3642,0.0000,6,1,0,0,recheck,0,still,0
1305,114,1,1,569,13,1,2,0,6,0,1,0,6,0,0,0,13,13,12,19,6,18,0.3521,0.3521,0.0000,7,1,0,0,recheck,0,still,0
1305,130,1,1,845,16,1,6,0,15,0,1,9,6,0,0,0,5,5,4,20,15,19,0.6573,0.4151,0.0000,11,1,0,0,recheck,0,still,0
1306,23,2,0,-1,19,1,2,0,28,0,0,28,0,0,0,1,0,0,0,28,29,29,0.5277,0.0000,0.0000,10,0,0,0,,0,hop,1
1306,88,1,0,-1,23,0,1,0,25,0,0,25,0,0,0,0,0,0,0,25,25,25,0.5735,0.0000,0.0000,12,0,0,0,,0,pending,0
1306,153,1,1,633,16,0,2,0,5,0,1,0,5,0,0,0,16,16,15,21,5,20,0.3186,0.3186,0.0000,8,1,0,0,recheck,0,still,0
1306,182,1,1,236,19,1,2,0,14,0,1,3,11,0,1,0,12,12,10,26,13,23,0.5728,0.5182,0.0000,14,1,0,0,recheck,0,still,0
1306,194,1,1,362,20,1,2,0,13,0,1,1,12,0,0,0,13,13,10,26,13,23,0.4887,0.4887,0.0000,13,1,0,0,recheck,0,still,0
1307,13,2,1,741,20,0,1,0,14,0,1,4,10,0,0,0,9,9,10,23,14,24,0.6266,0.6266,0.0000,11,1,0,0,recheck,0,still,0
1307,26,3,0,-1,22,0,2,0,28,0,0,28,0,0,0,0,0,0,0,28,28,28,0.5329,0.0000,0.0000,13,0,0,0,,0,pending,0
1307,88,1,0,-1,23,0,1,0,25,0,0,25,0,0,0,0,0,0,0,25,25,25,0.5735,0.0000,0.0000,12,0,0,0,,0,hop,1
1307,139,1,1,238,19,0,2,0,12,0,1,3,9,0,0,0,12,12,10,24,12,22,0.5605,0.5015,0.0000,12,1,0,0,recheck,0,still,0
1307,159,1,1,553,9,2,3,0,0,0,1,0,0,0,0,0,12,12,12,12,0,12,0.1742,0.1742,0.0000,3,1,0,0,recheck,0,still,0
1308,26,3,0,-1,22,0,2,0,28,0,0,28,0,0,0,0,0,0,0,28,28,28,0.5335,0.0000,0.0000,13,0,0,0,,0,hop,1
1308,35,2,1,458,18,0,1,0,5,0,1,0,5,0,0,0,16,16,17,21,5,22,0.3900,0.3900,0.0000,7,1,0,0,recheck,0,still,0
1308,51,1,1,900,17,0,1,0,18,0,1,17,1,0,0,0,0,0,1,18,18,19,0.5405,0.0360,0.0000,8,0,1,0,recheck,0,end_clear,1
1308,116,2,1,589,17,0,1,0,10,0,1,0,10,0,0,0,15,15,14,25,10,24,0.4310,0.4310,0.0000,10,1,0,0,recheck,0,still,0
1308,126,2,1,499,17,0,1,1,25,0,0,23,2,0,3,0,0,0,0,25,22,22,0.4266,0.0000,0.0000,11,0,0,0,recheck,0,end_clear,1
1308,149,1,1,659,20,0,1,0,11,0,1,1,10,0,0,0,15,15,14,26,11,25,0.4112,0.4112,0.0000,9,1,0,0,period_end,0,still,0
1309,62,2,0,-1,22,0,1,0,23,0,0,23,0,0,0,2,0,0,0,23,25,25,0.6406,0.0000,0.0000,13,0,0,0,,0,hop,1
1309,169,1,1,870,17,0,1,0,14,0,1,7,7,0,0,0,6,6,6,20,14,20,0.8098,0.5985,0.0000,13,1,0,1,recheck,0,still,0
1309,183,1,1,139,21,0,1,0,13,0,1,5,8,0,0,0,9,9,9,22,13,22,0.4895,0.4351,0.0000,12,1,0,0,recheck,0,still,0
1310,77,3,1,748,16,2,3,0,23,0,1,20,3,0,0,0,0,0,0,23,23,23,0.5548,0.0876,0.0000,12,1,0,0,recheck,0,still,0
1310,86,1,0,-1,22,0,3,0,26,0,0,26,0,0,0,1,0,0,0,26,27,27,0.6098,0.0000,0.0000,11,0,0,0,,0,hop,1
1310,89,1,0,-1,23,1,2,0,25,0,0,25,0,0,0,2,0,0,0,25,27,27,0.7524,0.0000,0.0000,14,0,0,1,,0,start_crowd,0
1310,188,1,1,677,16,1,2,0,5,0,1,0,5,0,0,0,17,17,14,22,5,19,0.3810,0.3810,0.0000,10,1,0,0,recheck,0,still,0
1311,140,1,1,146,19,0,2,1,12,0,1,5,7,0,0,0,9,9,8,21,12,20,0.5602,0.5013,0.0000,11,1,0,0,recheck,0,still,0
1311,145,1,1,719,14,1,2,0,6,0,1,0,6,0,0,0,14,14,12,20,6,18,0.3954,0.3954,0.0000,8,1,0,0,recheck,0,still,0
1312,25,2,0,-1,21,0,2,0,28,0,1,27,1,0,0,0,0,0,0,28,28,28,0.5276,0.0330,0.0000,10,1,0,0,,0,start_holder,0
1312,71,2,0,-1,8,2,3,0,11,0,0,11,0,0,0,0,0,0,0,11,11,11,0.4596,0.0000,0.0000,8,0,0,0,,0,pending,0
1313,4,2,1,679,13,0,1,0,8,0,1,0,8,0,0,0,13,13,13,21,8,21,0.3714,0.3714,0.0000,8,1,0,0,recheck,0,still,0
1313,71,2,0,-1,8,2,3,0,11,0,0,11,0,0,0,0,0,0,0,11,11,11,0.4597,0.0000,0.0000,8,0,0,0,,0,hop,1
1314,15,1,1,856,17,2,6,0,16,0,1,10,6,0,0,0,3,3,3,19,16,19,0.6608,0.3825,0.0000,11,1,0,0,recheck,0,still,0
1314,170,2,1,951,16,0,6,0,19,0,1,14,5,0,0,0,2,2,2,21,19,21,0.5674,0.2522,0.0000,10,1,0,0,recheck,0,still,0
1314,188,1,1,681,16,1,2,0,5,0,1,0,5,0,0,0,17,17,14,22,5,19,0.3810,0.3810,0.0000,10,1,0,0,period_end,0,still,0
1315,68,3,1,408,16,1,2,0,3,0,1,0,3,0,0,0,18,18,18,21,3,21,0.3583,0.3583,0.0000,7,1,0,0,recheck,0,still,0
1315,76,3,1,874,18,3,6,0,18,0,1,11,7,0,0,0,4,4,4,22,18,22,0.6548,0.4167,0.0000,13,1,0,0,recheck,0,still,0
1316,79,1,1,834,18,1,2,0,20,0,0,19,1,0,0,0,0,0,0,20,20,20,0.5621,0.0000,0.0000,9,0,0,0,recheck,0,end_clear,0
1316,163,1,1,851,17,0,1,1,21,0,0,17,4,0,3,0,1,1,0,22,18,18,0.3521,0.0271,0.0000,7,1,0,0,recheck,0,still,0
1317,12,2,1,902,19,0,1,0,14,0,1,4,10,0,0,0,9,9,10,23,14,24,0.5864,0.5864,0.0000,10,1,0,0,recheck,0,still,0
1317,14,1,1,861,20,0,2,0,14,0,1,6,8,0,0,0,6,6,8,20,14,22,0.6280,0.6280,0.0000,10,1,0,0,recheck,0,still,0
1318,1,2,1,575,18,0,2,0,5,0,1,0,5,0,0,0,17,17,17,22,5,22,0.3623,0.3623,0.0000,7,1,0,0,recheck,0,still,0
1318,195,1,1,673,17,1,2,0,5,0,1,0,5,0,0,0,18,18,16,23,5,21,0.3455,0.3455,0.0000,10,1,0,0,recheck,0,still,0
1319,8,2,1,487,19,1,2,0,14,0,1,1,13,0,1,0,13,13,13,27,13,26,0.4545,0.4545,0.0000,10,1,0,0,recheck,0,still,0
1319,10,1,1,864,21,1,2,0,14,0,1,2,12,0,0,0,11,11,11,25,14,25,0.5583,0.5583,0.0000,11,1,0,0,recheck,0,still,0
1319,199,1,1,609,12,1,3,0,0,0,1,0,0,0,0,0,14,14,14,14,0,14,0.2621,0.2621,0.0000,4,1,0,0,recheck,0,still,0
1320,5,2,1,688,15,0,1,0,9,0,1,0,9,0,0,0,14,14,14,23,9,23,0.4003,0.4003,0.0000,9,1,0,0,recheck,0,still,0
1320,6,2,1,689,15,0,2,0,12,0,1,1,11,0,0,0,14,14,14,26,12,26,0.3627,0.3627,0.0000,8,1,0,0,recheck,0,still,0
1320,149,1,1,671,20,0,1,0,11,0,1,1,10,0,0,0,15,15,14,26,11,25,0.4112,0.4112,0.0000,9,1,0,0,recheck,0,still,0
1321,40,1,1,588,14,1,2,0,7,0,1,0,7,0,0,1,12,12,12,19,8,20,0.4329,0.4329,0.0000,8,1,0,0,recheck,0,still,0
1322,3,2,1,621,14,0,1,0,7,0,1,0,7,0,0,0,13,13,13,20,7,20,0.3416,0.3416,0.0000,6,1,0,0,recheck,0,still,0
1322,113,1,1,615,15,0,2,0,5,0,1,0,5,0,0,0,15,15,13,20,5,18,0.3236,0.3236,0.0000,7,1,0,0,recheck,0,still,0
1323,50,1,1,534,18,0,3,0,19,0,1,17,2,0,0,0,0,0,0,19,19,19,0.5902,0.0000,0.0000,9,0,0,0,recheck,0,end_clear,0
1323,75,1,0,-1,4,0,5,1,5,0,0,5,0,0,0,0,0,0,0,5,5,5,0.2559,0.0000,0.0000,4,0,0,0,,0,hop,1
1323,91,1,0,-1,22,2,3,0,25,0,0,25,0,0,1,2,0,0,0,25,26,26,0.6567,0.0000,0.0000,13,0,0,0,,0,hop,1
1323,174,1,0,-1,16,0,1,0,18,0,0,18,0,0,0,1,0,0,0,18,19,19,0.6707,0.0000,0.0000,11,0,0,0,,0,hop,1
1325,11,1,1,838,20,0,1,0,15,0,1,5,10,0,1,0,10,10,10,25,14,24,0.6151,0.6151,0.0000,11,1,0,0,recheck,0,still,0
1325,110,1,0,-1,10,1,6,0,11,0,0,11,0,0,0,1,0,0,0,11,12,12,0.5114,0.0000,0.0000,8,0,0,0,,0,hop,1
1325,113,1,1,618,15,0,2,0,5,0,1,0,5,0,0,0,15,15,13,20,5,18,0.3236,0.3236,0.0000,7,1,0,0,period_end,0,still,0
1326,9,1,1,676,21,0,2,0,13,0,1,1,12,0,0,0,12,12,12,25,13,25,0.5342,0.5342,0.0000,10,1,0,0,recheck,0,still,0
1326,115,2,1,808,15,0,1,0,8,0,1,0,8,0,0,0,15,15,14,23,8,22,0.2964,0.2964,0.0000,8,1,0,0,recheck,0,still,0
1326,119,1,1,382,19,0,2,0,12,0,1,3,9,0,0,0,13,13,10,25,12,22,0.5299,0.5299,0.0000,12,1,0,0,recheck,0,still,0
1327,47,2,1,898,18,0,1,0,13,0,1,7,6,0,0,0,7,7,8,20,13,21,0.6148,0.5500,0.0000,12,1,0,0,recheck,0,still,0
1327,116,2,1,608,17,0,1,0,10,0,1,0,10,0,0,0,15,15,14,25,10,24,0.4310,0.4310,0.0000,10,1,0,0,period_end,0,still,0
1327,153,1,1,654,16,0,2,0,5,0,1,0,5,0,0,0,16,16,15,21,5,20,0.3186,0.3186,0.0000,8,1,0,0,period_end,0,still,0
1328,49,2,1,909,15,0,1,0,21,0,1,18,3,0,0,0,0,0,0,21,21,21,0.5695,0.1266,0.0000,10,0,1,0,recheck,0,end_clear,1
1328,97,3,0,-1,3,0,1,1,3,0,0,3,0,0,0,0,0,0,0,3,3,3,0.1493,0.0000,0.0000,3,0,0,0,,0,hop,1
1328,117,3,1,788,18,0,1,0,14,0,1,2,12,0,0,0,13,13,13,27,14,27,0.3498,0.3498,0.0000,9,1,0,0,recheck,0,still,0
1329,2,1,1,493,15,0,1,0,5,0,1,0,5,0,0,0,16,16,15,21,5,20,0.3775,0.3775,0.0000,6,1,0,0,recheck,0,still,0
1329,7,2,1,694,18,0,1,0,12,0,1,1,11,0,0,1,12,12,12,24,13,25,0.3900,0.3900,0.0000,8,1,0,0,recheck,0,still,0
1329,29,2,0,-1,20,0,1,0,25,0,0,25,0,0,0,0,0,0,0,25,25,25,0.5430,0.0000,0.0000,12,0,0,0,,0,pending,0
1329,99,2,0,-1,7,1,3,0,10,0,0,10,0,0,0,0,0,0,0,10,10,10,0.4634,0.0000,0.0000,8,0,0,0,,0,pending,0
1330,29,2,0,-1,20,0,1,0,25,0,0,25,0,0,0,0,0,0,0,25,25,25,0.5431,0.0000,0.0000,12,0,0,0,,0,hop,1
1330,99,2,0,-1,7,1,3,0,10,0,0,10,0,0,0,0,0,0,0,10,10,10,0.4634,0.0000,0.0000,8,0,0,0,,0,hop,1
1330,124,1,0,-1,3,1,3,0,2,0,0,2,0,0,0,1,0,0,0,2,3,3,0.1478,0.0000,0.0000,2,0,0,0,,0,hop,1
1331,44,1,1,913,20,0,2,0,16,0,1,4,12,0,0,0,8,8,8,24,16,24,0.4813,0.4813,0.0000,9,1,0,0,recheck,0,still,0
1331,123,2,1,559,14,0,3,0,0,0,1,0,0,0,0,0,19,19,19,19,0,19,0.3550,0.3550,0.0000,7,1,0,0,recheck,0,still,0
1331,142,2,1,534,16,5,7,0,18,0,1,13,5,0,0,0,2,2,3,20,18,21,0.5994,0.2524,0.0000,11,1,0,0,recheck,0,still,0
1331,151,1,1,196,19,0,1,0,14,0,1,6,8,0,0,1,11,11,8,25,15,23,0.4964,0.3796,0.0000,11,1,0,0,recheck,0,still,0
1331,154,2,1,699,18,0,1,0,5,0,1,0,5,0,0,0,18,18,18,23,5,23,0.3452,0.3452,0.0000,9,1,0,0,recheck,0,still,0
1332,118,3,1,837,21,0,1,0,16,0,1,5,11,0,0,0,11,11,11,27,16,27,0.5251,0.4750,0.0000,14,1,0,0,recheck,0,still,0
1332,157,2,1,635,17,0,2,0,3,0,1,0,3,0,0,0,19,19,19,22,3,22,0.3241,0.3241,0.0000,7,1,0,0,recheck,0,still,0
1332,158,1,1,589,16,1,2,0,2,0,1,0,2,0,0,0,19,19,18,21,2,20,0.2596,0.2596,0.0000,5,1,0,0,recheck,0,still,0
1332,189,1,1,750,13,0,2,0,6,0,1,0,6,0,0,0,17,17,13,23,6,19,0.4661,0.4661,0.0000,12,1,0,0,recheck,0,still,0
1333,161,2,1,771,17,0,1,0,23,0,1,20,3,0,1,0,0,0,0,23,22,22,0.3780,0.0252,0.0000,9,0,1,0,recheck,0,end_clear,1
1334,146,2,1,722,12,0,2,0,8,0,1,0,8,0,0,0,14,14,13,22,8,21,0.3515,0.3515,0.0000,9,1,0,0,recheck,0,still,0
1334,170,2,1,971,16,1,7,0,22,0,1,19,3,0,0,0,0,0,0,22,22,22,0.5679,0.1262,0.0000,10,1,0,0,period_end,0,still,0
1335,16,1,1,466,17,1,3,0,21,0,1,19,2,0,1,0,0,0,0,21,20,20,0.5922,0.1045,0.0000,9,0,1,0,recheck,0,end_clear,1
1335,72,2,1,638,17,0,1,0,2,0,1,0,2,0,0,0,19,19,19,21,2,21,0.3642,0.3642,0.0000,6,1,0,0,recheck,0,still,0
1335,114,1,1,599,13,1,2,0,6,0,1,0,6,0,0,0,13,13,12,19,6,18,0.3521,0.3521,0.0000,7,1,0,0,recheck,0,still,0
1335,130,1,1,875,16,2,7,0,20,0,1,16,4,0,1,0,0,0,0,20,19,19,0.6576,0.2423,0.0000,11,1,0,0,recheck,0,still,0
1336,5,2,1,704,15,0,1,0,15,0,1,0,15,0,0,0,8,8,8,23,15,23,0.4003,0.4003,0.0000,9,1,0,0,period_end,0,still,0
1336,153,1,1,663,16,0,2,0,5,0,1,0,5,0,0,0,16,16,15,21,5,20,0.3186,0.3186,0.0000,8,1,0,0,recheck,0,still,0
1336,182,1,1,266,19,1,2,0,25,0,1,9,16,0,2,0,1,1,0,26,23,23,0.5733,0.4368,0.0000,14,1,0,0,recheck,0,still,0
1336,194,1,1,392,19,1,2,0,22,0,1,5,17,0,0,0,4,4,1,26,22,23,0.4884,0.4884,0.0000,13,1,0,0,recheck,0,still,0
1337,13,2,1,771,19,0,1,0,23,0,1,10,13,0,0,1,0,0,0,23,24,24,0.6266,0.5277,0.0000,11,1,0,0,recheck,0,still,0
1337,139,1,1,268,19,0,2,0,24,0,1,10,14,0,1,0,1,1,0,25,23,23,0.5595,0.4122,0.0000,12,1,0,0,recheck,0,still,0
1337,159,1,1,583,9,2,3,0,0,0,1,0,0,0,0,0,12,12,12,12,0,12,0.1742,0.1742,0.0000,3,1,0,0,recheck,0,still,0
1338,35,2,1,488,18,0,1,0,5,0,1,0,5,0,0,0,16,16,17,21,5,22,0.3900,0.3900,0.0000,7,1,0,0,recheck,0,still,0
1338,116,2,1,619,17,0,1,0,16,0,1,0,16,0,0,0,9,9,8,25,16,24,0.4310,0.4310,0.0000,10,1,0,0,recheck,0,still,0
1339,3,2,1,638,14,0,1,0,7,0,1,0,7,0,0,0,12,12,12,19,7,19,0.3416,0.3416,0.0000,6,1,0,0,period_end,0,still,0
1339,169,1,1,900,16,0,1,0,18,0,1,11,7,0,0,1,0,0,0,18,19,19,0.7727,0.4215,0.0000,12,1,0,1,recheck,0,still,0
1339,183,1,1,169,19,0,1,0,22,0,1,10,12,0,1,0,0,0,0,22,21,21,0.4896,0.3264,0.0000,12,1,0,0,recheck,0,still,0
1340,77,3,1,778,16,2,3,0,24,0,1,23,1,0,0,0,0,0,0,24,24,24,0.5832,0.0000,0.0000,13,0,0,0,recheck,0,end_clear,1
1340,188,1,1,707,16,1,2,0,5,0,1,0,5,0,0,0,17,17,14,22,5,19,0.3810,0.3810,0.0000,10,1,0,0,recheck,0,still,0
1341,140,1,1,176,17,0,1,1,21,0,1,11,10,0,2,0,0,0,0,21,19,19,0.5603,0.2949,0.0000,11,1,0,0,recheck,0,still,0
1341,145,1,1,749,14,1,2,0,7,0,1,0,7,0,0,0,13,13,11,20,7,18,0.3954,0.3954,0.0000,8,1,0,0,recheck,0,still,0
1342,33,3,0,-1,11,2,6,0,14,0,0,14,0,0,0,0,0,0,0,14,14,14,0.4186,0.0000,0.0000,9,0,0,0,,0,pending,0
1342,136,2,0,-1,9,0,6,0,13,0,0,13,0,0,1,0,0,0,0,13,12,12,0.5031,0.0000,0.0000,10,0,0,0,,0,hop,1
1343,4,2,1,709,13,0,1,0,12,0,1,0,12,0,0,0,9,9,9,21,12,21,0.3714,0.3714,0.0000,8,1,0,0,recheck,0,still,0
1343,33,3,0,-1,11,1,5,0,14,0,0,14,0,0,0,0,0,0,0,14,14,14,0.4186,0.0000,0.0000,9,0,0,0,,0,hop,1
1344,15,1,1,886,17,2,6,0,19,0,1,16,3,0,0,0,0,0,0,19,19,19,0.6648,0.1050,0.0000,11,0,1,0,recheck,0,end_clear,1
1344,170,2,1,981,16,0,6,1,22,0,1,21,1,0,0,0,0,0,0,22,22,22,0.5686,0.0000,0.0000,10,0,0,0,recheck,0,end_clear,0
1345,68,3,1,438,16,1,2,0,3,0,1,0,3,0,0,0,18,18,18,21,3,21,0.3583,0.3583,0.0000,7,1,0,0,recheck,0,still,0
1345,76,3,1,904,18,4,7,0,22,0,1,19,3,0,0,0,0,0,0,22,22,22,0.6548,0.0893,0.0000,13,0,1,0,recheck,0,end_clear,1
1346,90,1,0,-1,21,0,2,1,26,0,0,25,1,0,2,1,0,0,0,26,25,25,0.6793,0.0340,0.0000,14,0,1,0,,0,pending,0
1346,163,1,1,881,17,0,1,1,25,0,0,24,1,0,4,0,0,0,0,25,21,21,0.4063,0.0000,0.0000,8,0,0,0,recheck,0,end_clear,0
1347,12,2,1,932,18,0,1,0,23,0,1,12,11,0,0,0,0,0,1,23,23,24,0.4883,0.2930,0.0000,9,1,0,0,recheck,0,still,0
1347,14,1,1,891,20,0,1,1,20,0,1,15,5,0,0,2,0,0,0,20,22,22,0.6280,0.1478,0.0000,10,1,0,0,recheck,0,still,0
1347,89,1,1,37,22,1,2,0,24,0,0,24,0,0,0,2,0,0,0,24,26,26,0.7526,0.0000,0.0000,14,0,0,1,recheck,0,still,0
1347,90,1,0,-1,21,0,2,1,26,0,0,25,1,0,2,1,0,0,0,26,25,25,0.6793,0.0340,0.0000,14,0,1,0,,0,hop,1
1348,1,2,1,605,18,0,2,0,5,0,1,0,5,0,0,0,17,17,17,22,5,22,0.3623,0.3623,0.0000,7,1,0,0,recheck,0,still,0
1348,195,1,1,703,17,1,2,0,5,0,1,0,5,0,0,0,18,18,16,23,5,21,0.3455,0.3455,0.0000,10,1,0,0,recheck,0,still,0
1349,8,2,1,517,19,1,2,0,22,0,1,6,16,0,1,0,4,4,4,26,21,25,0.4545,0.3636,0.0000,10,1,0,0,recheck,0,still,0
1349,10,1,1,894,21,1,2,0,23,0,1,9,14,0,0,0,2,2,2,25,23,25,0.5583,0.4269,0.0000,11,1,0,0,recheck,0,still,0
1349,199,1,1,639,12,1,3,0,0,0,1,0,0,0,0,0,14,14,14,14,0,14,0.2621,0.2621,0.0000,4,1,0,0,recheck,0,still,0
1350,5,2,1,718,15,0,1,0,15,0,1,1,14,0,0,0,8,8,8,23,15,23,0.4003,0.4003,0.0000,9,1,0,0,recheck,0,still,0
1350,6,2,1,719,15,0,2,0,20,0,1,3,17,0,0,0,6,6,6,26,20,26,0.3627,0.3627,0.0000,8,1,0,0,recheck,0,still,0
1350,141,2,0,-1,17,6,7,0,23,0,1,20,3,0,1,0,0,0,0,23,22,22,0.6060,0.1154,0.0000,12,1,0,0,,0,start_holder,0
1350,149,1,1,701,20,0,1,0,20,0,1,4,16,0,0,0,6,6,5,26,20,25,0.4112,0.4112,0.0000,9,1,0,0,recheck,0,still,0
1351,40,1,1,618,14,1,2,0,12,0,1,0,12,0,0,1,7,7,7,19,13,20,0.4329,0.4329,0.0000,8,1,0,0,recheck,0,still,0
1351,73,2,0,-1,7,0,3,0,9,0,0,9,0,0,0,0,0,0,0,9,9,9,0.3634,0.0000,0.0000,7,0,0,0,,0,hop,1
1352,3,2,1,651,14,0,1,0,7,0,1,0,7,0,0,0,12,12,12,19,7,19,0.3416,0.3416,0.0000,6,1,0,0,recheck,0,still,0
1352,113,1,1,645,15,0,2,0,5,0,1,0,5,0,0,0,15,15,13,20,5,18,0.3236,0.3236,0.0000,7,1,0,0,recheck,0,still,0
1355,11,1,1,868,20,0,1,0,25,0,1,11,14,0,1,0,0,0,0,25,24,24,0.6151,0.3561,0.0000,11,1,0,0,recheck,0,still,0
1355,72,2,1,658,17,0,1,0,2,0,1,0,2,0,0,0,19,19,19,21,2,21,0.3642,0.3642,0.0000,6,1,0,0,period_end,0,still,0
1356,9,1,1,706,21,0,2,0,22,0,1,6,16,0,0,0,3,3,3,25,22,25,0.5342,0.4340,0.0000,10,1,0,0,recheck,0,still,0
1356,115,2,1,838,15,0,1,0,12,0,1,0,12,0,0,0,10,10,9,22,12,21,0.2964,0.2964,0.0000,8,1,0,0,recheck,0,still,0
1356,119,1,1,412,18,0,2,0,21,0,1,8,13,0,0,0,4,4,1,25,21,22,0.4710,0.3532,0.0000,11,1,0,0,recheck,0,still,0
1357,25,2,1,45,22,1,3,0,28,0,1,27,1,0,0,0,0,0,0,28,28,28,0.5262,0.0329,0.0000,10,1,0,0,recheck,0,still,0
1357,47,2,1,928,18,0,2,0,20,0,1,14,6,0,0,1,0,0,0,20,21,21,0.5179,0.1619,0.0000,11,1,0,0,recheck,0,still,0
1358,87,1,0,-1,23,1,2,0,26,0,1,25,1,0,0,1,0,0,0,26,27,27,0.6328,0.0352,0.0000,12,1,0,0,,0,start_holder,0
1358,117,3,1,818,18,0,1,0,21,0,1,4,17,0,0,0,6,6,6,27,21,27,0.3498,0.3498,0.0000,9,1,0,0,recheck,0,still,0
1359,2,1,1,523,15,0,1,0,5,0,1,0,5,0,0,0,16,16,15,21,5,20,0.3775,0.3775,0.0000,6,1,0,0,recheck,0,still,0
1359,7,2,1,724,18,0,1,0,19,0,1,2,17,0,0,1,5,5,5,24,20,25,0.3900,0.3900,0.0000,8,1,0,0,recheck,0,still,0
1361,44,1,1,943,20,0,2,0,23,0,1,8,15,0,0,0,1,1,1,24,23,24,0.4813,0.3438,0.0000,9,1,0,0,recheck,0,still,0
1361,123,2,1,589,14,0,3,0,0,0,1,0,0,0,0,0,19,19,19,19,0,19,0.3550,0.3550,0.0000,7,1,0,0,recheck,0,still,0
1361,142,2,1,564,16,5,7,0,20,0,1,19,1,0,0,1,0,0,0,20,21,21,0.6307,0.0315,0.0000,12,0,1,0,recheck,0,end_clear,0
1361,151,1,1,226,19,0,1,0,22,0,1,12,10,0,0,1,2,2,0,24,23,23,0.4982,0.3224,0.0000,11,1,0,0,recheck,0,still,0
1361,154,2,1,729,18,0,1,0,5,0,1,0,5,0,0,0,18,18,18,23,5,23,0.3452,0.3452,0.0000,9,1,0,0,recheck,0,still,0
1362,118,3,1,867,20,0,1,0,22,0,1,9,13,0,0,0,3,3,3,25,22,25,0.5251,0.3251,0.0000,14,1,0,0,recheck,0,still,0
1362,157,2,1,665,17,0,2,0,3,0,1,0,3,0,0,0,19,19,19,22,3,22,0.3241,0.3241,0.0000,7,1,0,0,recheck,0,still,0
1362,158,1,1,619,16,1,2,0,2,0,1,0,2,0,0,0,19,19,18,21,2,20,0.2596,0.2596,0.0000,5,1,0,0,recheck,0,still,0
1362,189,1,1,780,13,0,2,0,7,0,1,0,7,0,0,0,16,16,12,23,7,19,0.4661,0.4661,0.0000,12,1,0,0,recheck,0,still,0
1364,146,2,1,752,12,0,2,0,11,0,1,0,11,0,0,0,11,11,10,22,11,21,0.3515,0.3515,0.0000,9,1,0,0,recheck,0,still,0
1365,65,1,0,-1,16,0,1,0,19,0,0,19,0,0,1,1,0,0,0,19,19,19,0.5702,0.0000,0.0000,10,0,0,0,,0,pending,0
1365,66,1,0,-1,14,0,2,0,17,0,0,17,0,0,0,0,0,0,0,17,17,17,0.5763,0.0000,0.0000,9,0,0,0,,0,pending,0
1365,72,2,1,668,17,0,1,0,2,0,1,0,2,0,0,0,19,19,19,21,2,21,0.3642,0.3642,0.0000,6,1,0,0,recheck,0,still,0
1365,114,1,1,629,13,1,2,0,8,0,1,0,8,0,0,0,11,11,10,19,8,18,0.3521,0.3521,0.0000,7,1,0,0,recheck,0,still,0
1365,130,1,1,905,16,2,7,0,20,0,0,20,0,0,1,0,0,0,0,20,19,19,0.6669,0.0000,0.0000,11,0,0,0,recheck,0,end_clear,1
1366,65,1,0,-1,16,0,1,0,19,0,0,19,0,0,1,1,0,0,0,19,19,19,0.5703,0.0000,0.0000,10,0,0,0,,0,hop,1
1366,66,1,0,-1,14,0,2,0,17,0,0,17,0,0,0,0,0,0,0,17,17,17,0.5764,0.0000,0.0000,9,0,0,0,,0,hop,1
1366,153,1,1,693,16,0,2,0,5,0,1,0,5,0,0,0,16,16,15,21,5,20,0.3186,0.3186,0.0000,8,1,0,0,recheck,0,still,0
1366,182,1,1,296,19,1,2,0,25,0,1,15,10,0,2,0,1,1,0,26,23,23,0.5748,0.2463,0.0000,14,1,0,0,recheck,0,still,0
1366,194,1,1,422,19,1,2,0,22,0,1,10,12,0,0,0,4,4,1,26,22,23,0.4885,0.2985,0.0000,13,1,0,0,recheck,0,still,0
1367,13,2,1,801,19,1,2,0,23,0,1,16,7,0,0,1,0,0,0,23,24,24,0.6266,0.1319,0.0000,11,1,0,0,recheck,0,still,0
1367,139,1,1,298,19,0,2,0,24,0,1,16,8,0,1,0,0,0,0,24,23,23,0.5588,0.2059,0.0000,12,1,0,0,recheck,0,still,0
1367,159,1,1,613,9,2,3,0,0,0,1,0,0,0,0,0,12,12,12,12,0,12,0.1742,0.1742,0.0000,3,1,0,0,recheck,0,still,0
1368,35,2,1,518,18,0,1,0,5,0,1,0,5,0,0,0,16,16,17,21,5,22,0.3900,0.3900,0.0000,7,1,0,0,recheck,0,still,0
1368,116,2,1,649,16,0,1,0,16,0,1,2,14,0,0,0,9,9,8,25,16,24,0.4310,0.4310,0.0000,10,1,0,0,recheck,0,still,0
1368,168,1,0,-1,20,0,1,0,31,1,1,28,3,0,5,0,0,0,0,31,26,26,0.3735,0.1067,0.0000,10,1,0,0,,0,start_holder,0
1368,199,1,1,658,12,1,3,0,0,0,1,0,0,0,0,0,14,14,14,14,0,14,0.2621,0.2621,0.0000,4,1,0,0,period_end,0,still,0
1369,57,1,0,-1,22,0,1,0,24,0,1,20,4,0,0,0,0,0,0,24,24,24,0.5910,0.1477,0.0000,11,1,0,0,,0,start_holder,0
1369,169,1,1,930,16,0,1,0,18,0,1,17,1,0,0,1,0,0,0,18,19,19,0.7746,0.0704,0.0000,12,0,1,1,recheck,0,still,0
1369,183,1,1,199,18,1,2,0,22,0,1,16,6,0,2,0,0,0,0,22,20,20,0.4897,0.1360,0.0000,12,1,0,0,recheck,0,still,0
1370,188,1,1,737,16,1,2,0,5,0,1,0,5,0,0,0,17,17,14,22,5,19,0.3810,0.3810,0.0000,10,1,0,0,recheck,0,still,0
1371,140,1,1,206,17,0,2,1,21,0,1,16,5,0,2,0,0,0,0,21,19,19,0.4719,0.0885,0.0000,10,1,0,0,recheck,0,still,0
1371,145,1,1,779,14,1,2,0,7,0,1,0,7,0,0,0,13,13,11,20,7,18,0.3954,0.3954,0.0000,8,1,0,0,recheck,0,still,0
1372,85,1,0,-1,20,1,2,0,24,0,1,21,3,0,0,1,0,0,0,24,25,25,0.5723,0.1431,0.0000,10,1,0,0,,0,start_holder,0
1373,4,2,1,739,13,0,1,0,12,0,1,0,12,0,0,0,9,9,9,21,12,21,0.3714,0.3714,0.0000,8,1,0,0,recheck,0,still,0
1373,133,2,0,-1,13,0,1,0,17,0,0,17,0,0,1,0,0,0,0,17,16,16,0.6507,0.0000,0.0000,11,0,0,0,,0,hop,1
1374,132,1,0,-1,20,0,3,0,22,0,0,22,0,0,0,2,0,0,0,22,24,24,0.6097,0.0000,0.0000,11,0,0,0,,0,hop,1
1375,32,1,0,-1,12,5,6,0,14,0,0,14,0,0,1,1,0,0,0,14,14,14,0.5907,0.0000,0.0000,8,0,0,0,,0,pending,0
1375,68,3,1,468,16,1,2,0,3,0,1,0,3,0,0,0,18,18,18,21,3,21,0.3583,0.3583,0.0000,7,1,0,0,recheck,0,still,0
1376,32,1,0,-1,12,5,6,0,15,0,0,15,0,0,1,1,0,0,0,15,15,15,0.5907,0.0000,0.0000,8,0,0,0,,0,hop,1
1377,12,2,1,962,18,0,1,0,23,0,1,13,10,0,0,0,0,0,1,23,23,24,0.4880,0.1952,0.0000,9,1,0,0,recheck,0,still,0
1377,14,1,1,921,20,0,1,0,20,0,1,16,4,0,0,2,0,0,0,20,22,22,0.6280,0.0369,0.0000,10,0,1,0,recheck,0,end_clear,1
1377,89,1,1,67,22,1,2,0,24,0,0,24,0,0,0,2,0,0,0,24,26,26,0.7517,0.0000,0.0000,14,0,0,1,recheck,0,still,0
1378,1,2,1,635,18,0,2,0,5,0,1,0,5,0,0,0,17,17,17,22,5,22,0.3623,0.3623,0.0000,7,1,0,0,recheck,0,still,0
1378,92,1,0,-1,19,1,2,0,19,0,0,19,0,0,0,3,0,0,0,19,22,22,0.6080,0.0000,0.0000,11,0,0,0,,0,pending,0
1378,195,1,1,733,17,1,2,0,5,0,1,0,5,0,0,0,18,18,16,23,5,21,0.3455,0.3455,0.0000,10,1,0,0,recheck,0,still,0
1379,8,2,1,547,20,0,2,0,22,0,1,8,14,0,0,0,4,4,4,26,22,26,0.4545,0.3333,0.0000,10,1,0,0,recheck,0,still,0
1379,10,1,1,924,21,1,2,0,23,0,1,11,12,0,0,0,2,2,2,25,23,25,0.5583,0.2956,0.0000,11,1,0,0,recheck,0,still,0
1379,92,1,0,-1,19,1,2,0,19,0,0,19,0,0,0,3,0,0,0,19,22,22,0.6081,0.0000,0.0000,11,0,0,0,,0,hop,1
1379,199,1,1,669,12,1,3,0,0,0,1,0,0,0,0,0,14,14,14,14,0,14,0.2621,0.2621,0.0000,4,1,0,0,recheck,0,still,0
1380,5,2,1,748,15,0,1,0,15,0,1,2,13,0,0,0,8,8,8,23,15,23,0.4003,0.4003,0.0000,9,1,0,0,recheck,0,still,0
1380,6,2,1,749,15,0,2,0,20,0,1,5,15,0,0,0,6,6,6,26,20,26,0.3627,0.3627,0.0000,8,1,0,0,recheck,0,still,0
1380,149,1,1,731,19,0,1,0,20,0,1,7,13,0,0,0,6,6,4,26,20,24,0.3818,0.3525,0.0000,8,1,0,0,recheck,0,still,0
1381,40,1,1,648,14,1,2,0,11,0,1,1,10,0,0,1,7,7,7,18,12,19,0.4329,0.4329,0.0000,8,1,0,0,recheck,0,still,0
1381,135,1,0,-1,21,0,1,0,30,0,1,27,3,0,4,0,0,0,0,30,26,26,0.4509,0.0265,0.0000,13,1,0,0,,0,start_holder,0
1382,3,2,1,681,14,0,1,0,8,0,1,0,8,0,0,0,10,10,10,18,8,18,0.3416,0.3416,0.0000,6,1,0,0,recheck,0,still,0
1382,101,3,0,-1,7,4,6,0,8,0,0,8,0,0,0,0,0,0,0,8,8,8,0.2975,0.0000,0.0000,7,0,0,0,,0,hop,1
1382,113,1,1,675,15,0,2,0,7,0,1,0,7,0,0,0,13,13,11,20,7,18,0.3237,0.3237,0.0000,7,1,0,0,recheck,0,still,0
1384,158,1,1,641,16,1,2,0,9,0,1,0,9,0,0,0,12,12,11,21,9,20,0.2596,0.2596,0.0000,5,1,0,0,period_end,0,still,0
1385,11,1,1,898,20,0,1,0,25,0,1,14,11,0,1,0,0,0,0,25,24,24,0.6151,0.2266,0.0000,11,1,0,0,recheck,0,still,0
1385,103,1,0,-1,5,2,3,0,6,0,0,6,0,0,0,0,0,0,0,6,6,6,0.2896,0.0000,0.0000,5,0,0,0,,0,hop,1
1386,9,1,1,736,21,0,1,0,22,0,1,9,13,0,0,0,3,3,3,25,22,25,0.5342,0.3339,0.0000,10,1,0,0,recheck,0,still,0
1386,115,2,1,868,15,0,1,0,12,0,1,1,11,0,0,0,10,10,9,22,12,21,0.2963,0.2963,0.0000,8,1,0,0,recheck,0,still,0
1386,119,1,1,442,18,0,2,0,21,0,1,11,10,0,0,0,4,4,1,25,21,22,0.5299,0.2944,0.0000,12,1,0,0,recheck,0,still,0
1387,25,2,1,75,21,1,3,0,28,0,1,25,3,0,0,0,0,0,0,28,28,28,0.5269,0.0659,0.0000,10,1,0,0,recheck,0,still,0
1387,47,2,1,958,18,0,2,0,20,0,1,17,3,0,0,2,0,0,0,20,22,22,0.6149,0.0324,0.0000,12,0,1,0,recheck,0,end_clear,1
1387,111,2,0,-1,2,0,2,1,1,0,0,1,0,0,0,1,0,0,0,1,2,2,0.0660,0.0000,0.0000,1,0,0,0,,0,hop,1
1388,10,1,1,933,21,1,2,0,23,0,1,12,11,0,0,0,2,2,2,25,23,25,0.5583,0.2299,0.0000,11,1,0,0,period_end,0,still,0
1388,117,3,1,848,18,0,1,0,21,0,1,8,13,0,0,0,6,6,6,27,21,27,0.3498,0.2749,0.0000,9,1,0,0,recheck,0,still,0
1389,2,1,1,553,15,0,1,0,11,0,1,0,11,0,1,0,10,10,10,21,10,20,0.3775,0.3775,0.0000,6,1,0,0,recheck,0,still,0
1389,7,2,1,754,17,1,2,0,19,0,1,6,13,0,0,1,5,5,5,24,20,25,0.3900,0.3250,0.0000,8,1,0,0,recheck,0,still,0
1389,157,2,1,692,17,0,2,0,10,0,1,0,10,0,0,0,12,12,12,22,10,22,0.3241,0.3241,0.0000,7,1,0,0,period_end,0,still,0
1391,44,1,1,973,20,0,2,0,23,0,1,12,11,0,0,0,1,1,1,24,23,24,0.4813,0.2063,0.0000,9,1,0,0,recheck,0,still,0
1391,123,2,1,619,14,0,3,0,7,0,1,0,7,0,0,0,12,12,12,19,7,19,0.3550,0.3550,0.0000,7,1,0,0,recheck,0,still,0
1391,151,1,1,256,19,0,1,0,22,0,1,15,7,0,0,1,2,2,0,24,23,23,0.4987,0.1467,0.0000,11,1,0,0,recheck,0,still,0
1391,154,2,1,759,18,0,1,0,11,0,1,0,11,0,0,0,12,12,12,23,11,23,0.3452,0.3452,0.0000,9,1,0,0,recheck,0,still,0
1392,118,3,1,897,21,0,1,0,23,0,1,13,10,0,0,0,3,3,3,26,23,26,0.5252,0.2251,0.0000,14,1,0,0,recheck,0,still,0
1392,157,2,1,695,17,0,2,0,10,0,1,0,10,0,0,0,12,12,12,22,10,22,0.3241,0.3241,0.0000,7,1,0,0,recheck,0,still,0
1392,158,1,1,649,16,1,2,0,9,0,1,0,9,0,0,0,12,12,11,21,9,20,0.2596,0.2596,0.0000,5,1,0,0,recheck,0,still,0
1392,189,1,1,810,13,0,2,0,10,0,1,0,10,0,1,0,13,13,10,23,9,19,0.4394,0.4394,0.0000,11,1,0,0,recheck,0,still,0
1394,146,2,1,782,12,0,2,0,10,0,1,0,10,0,0,0,10,10,10,20,10,20,0.3508,0.3508,0.0000,9,1,0,0,recheck,0,still,0
1395,72,2,1,698,17,0,1,0,9,0,1,0,9,0,0,0,12,12,12,21,9,21,0.3642,0.3642,0.0000,6,1,0,0,recheck,0,still,0
1395,114,1,1,659,13,1,2,0,8,0,1,0,8,0,0,0,11,11,10,19,8,18,0.3519,0.3519,0.0000,7,1,0,0,recheck,0,still,0
1396,153,1,1,723,16,0,2,0,9,0,1,0,9,0,0,1,12,12,10,21,10,20,0.2897,0.2897,0.0000,7,1,0,0,recheck,0,still,0
1396,182,1,1,326,19,1,2,0,25,0,1,17,8,0,2,0,1,1,0,26,23,23,0.5748,0.1916,0.0000,14,1,0,0,recheck,0,still,0
1396,194,1,1,452,19,1,2,0,22,0,1,12,10,0,0,0,4,4,1,26,22,23,0.4886,0.2171,0.0000,13,1,0,0,recheck,0,still,0
1397,13,2,1,831,19,0,1,0,23,0,1,18,5,0,0,1,0,0,0,23,24,24,0.6266,0.0330,0.0000,11,1,0,0,recheck,0,still,0
1397,139,1,1,328,19,0,2,0,24,0,1,18,6,0,1,0,0,0,0,24,23,23,0.5582,0.1469,0.0000,12,1,0,0,recheck,0,still,0
1397,159,1,1,643,9,2,3,0,1,0,1,0,1,0,0,0,11,11,11,12,1,12,0.1742,0.1742,0.0000,3,1,0,0,recheck,0,still,0
1398,35,2,1,548,18,0,1,0,10,0,1,0,10,0,0,1,11,11,11,21,11,22,0.3900,0.3900,0.0000,7,1,0,0,recheck,0,still,0
1398,116,2,1,679,16,0,1,0,16,0,1,4,12,0,0,0,9,9,8,25,16,24,0.4311,0.4311,0.0000,10,1,0,0,recheck,0,still,0
1398,141,2,1,48,17,6,7,0,23,0,0,22,1,0,1,0,0,0,0,23,22,22,0.6133,0.0292,0.0000,12,0,1,0,recheck,0,end_clear,1
1399,169,1,1,960,18,0,1,0,19,0,0,19,0,0,0,1,0,0,0,19,20,20,0.7755,0.0000,0.0000,12,0,0,1,recheck,0,still,0
1399,183,1,1,229,18,1,2,0,22,0,1,19,3,0,2,0,0,0,0,22,20,20,0.4897,0.0816,0.0000,12,1,0,0,recheck,0,still,0
1400,188,1,1,767,16,1,2,0,9,0,1,0,9,0,1,0,13,13,11,22,8,19,0.3814,0.3814,0.0000,10,1,0,0,recheck,0,still,0
1401,140,1,1,236,17,0,2,1,21,0,1,19,2,0,2,0,0,0,0,21,19,19,0.5604,0.0295,0.0000,11,1,0,0,recheck,0,still,0
1401,145,1,1,809,14,1,2,0,8,0,1,0,8,0,0,0,12,12,10,20,8,18,0.3944,0.3944,0.0000,8,1,0,0,recheck,0,still,0
1402,144,2,0,-1,6,0,1,1,9,0,0,9,0,0,1,0,0,0,0,9,8,8,0.3398,0.0000,0.0000,7,0,0,0,,0,pending,0
1403,4,2,1,769,13,0,1,0,12,0,1,2,10,0,0,0,9,9,9,21,12,21,0.3714,0.3714,0.0000,8,1,0,0,recheck,0,still,0
1403,144,2,0,-1,6,0,1,1,9,0,0,9,0,0,1,0,0,0,0,9,8,8,0.3399,0.0000,0.0000,7,0,0,0,,0,hop,1
1405,12,2,1,990,18,0,1,0,23,0,1,16,7,0,0,0,0,0,1,23,23,24,0.4884,0.0977,0.0000,9,1,0,0,period_end,0,still,0
1405,68,3,1,498,16,1,2,0,10,0,1,0,10,0,0,0,11,11,11,21,10,21,0.3583,0.3583,0.0000,7,1,0,0,recheck,0,still,0
1405,114,1,1,669,13,1,2,0,8,0,1,0,8,0,0,0,11,11,10,19,8,18,0.3519,0.3519,0.0000,7,1,0,0,period_end,0,still,0
1406,57,1,1,37,22,0,1,0,26,0,1,20,6,0,1,0,0,0,0,26,25,25,0.6279,0.1847,0.0000,12,1,0,0,recheck,0,still,0
1406,182,1,1,336,19,1,2,0,25,0,1,18,7,0,2,0,1,1,0,26,23,23,0.5748,0.1369,0.0000,14,1,0,0,period_end,0,still,0
1407,12,2,1,992,18,0,1,0,23,0,1,16,7,0,0,0,0,0,1,23,23,24,0.4885,0.0977,0.0000,9,1,0,0,recheck,0,still,0
1407,89,1,1,97,22,1,2,0,24,0,0,24,0,0,0,2,0,0,0,24,26,26,0.7880,0.0000,0.0000,15,0,0,1,recheck,0,still,0
1408,1,2,1,665,18,0,2,0,11,0,1,0,11,0,0,0,11,11,11,22,11,22,0.3623,0.3623,0.0000,7,1,0,0,recheck,0,still,0
1408,87,1,1,50,23,1,2,0,26,0,1,25,1,0,0,1,0,0,0,26,27,27,0.6334,0.0352,0.0000,12,1,0,0,recheck,0,still,0
1408,195,1,1,763,17,1,2,0,11,0,1,0,11,0,0,0,12,12,10,23,11,21,0.3450,0.3450,0.0000,10,1,0,0,recheck,0,still,0
1409,8,2,1,577,19,0,2,0,22,0,1,10,12,0,0,0,4,4,4,26,22,26,0.4545,0.2727,0.0000,10,1,0,0,recheck,0,still,0
1409,10,1,1,954,21,1,2,0,23,0,1,13,10,0,0,0,2,2,2,25,23,25,0.5583,0.2299,0.0000,11,1,0,0,recheck,0,still,0
1409,199,1,1,699,12,1,3,0,3,0,1,0,3,0,0,0,11,11,11,14,3,14,0.2621,0.2621,0.0000,4,1,0,0,recheck,0,still,0
1410,5,2,1,778,15,1,2,0,15,0,1,3,12,0,0,0,8,8,8,23,15,23,0.4003,0.4003,0.0000,9,1,0,0,recheck,0,still,0
1410,6,2,1,779,15,0,1,0,19,0,1,6,13,0,0,0,6,6,6,25,19,25,0.3627,0.3627,0.0000,8,1,0,0,recheck,0,still,0
1410,149,1,1,761,18,0,1,0,20,0,1,9,11,0,0,0,6,6,4,26,20,24,0.3818,0.2937,0.0000,8,1,0,0,recheck,0,still,0
1411,40,1,1,678,14,0,2,0,11,0,1,2,9,0,0,1,7,7,7,18,12,19,0.4329,0.4329,0.0000,8,1,0,0,recheck,0,still,0
1412,3,2,1,711,14,0,1,0,9,0,1,0,9,0,0,0,10,10,10,19,9,19,0.3416,0.3416,0.0000,6,1,0,0,recheck,0,still,0
1412,113,1,1,705,15,0,2,0,7,0,1,0,7,0,0,0,13,13,11,20,7,18,0.3235,0.3235,0.0000,7,1,0,0,recheck,0,still,0
1413,102,2,0,-1,1,0,2,1,0,0,0,0,0,0,0,0,0,0,0,0,0,0,0.0000,0.0000,0.0000,0,0,0,0,,0,hop,1
1415,11,1,1,928,20,0,1,0,25,0,1,16,9,0,1,0,0,0,0,25,24,24,0.6151,0.1619,0.0000,11,1,0,0,recheck,0,still,0
1416,9,1,1,766,21,0,1,0,22,0,1,11,11,0,0,0,3,3,3,25,22,25,0.5342,0.2671,0.0000,10,1,0,0,recheck,0,still,0
1416,115,2,1,898,15,0,1,0,13,0,1,2,11,0,0,0,10,10,9,23,13,22,0.2963,0.2963,0.0000,8,1,0,0,recheck,0,still,0
1416,119,1,1,472,19,0,2,0,22,0,1,14,8,0,0,0,4,4,1,26,22,23,0.5299,0.2355,0.0000,12,1,0,0,recheck,0,still,0
1417,25,2,1,105,21,1,3,0,28,0,1,25,3,0,0,0,0,0,0,28,28,28,0.5261,0.0658,0.0000,10,1,0,0,recheck,0,still,0
1418,117,3,1,878,18,0,1,0,21,0,1,9,12,0,0,0,6,6,6,27,21,27,0.3498,0.2749,0.0000,9,1,0,0,recheck,0,still,0
1419,2,1,1,583,15,0,1,0,11,0,1,0,11,0,1,0,10,10,10,21,10,20,0.3775,0.3775,0.0000,6,1,0,0,recheck,0,still,0
1419,7,2,1,784,16,1,2,0,19,0,1,7,12,0,0,1,5,5,5,24,20,25,0.3900,0.3250,0.0000,8,1,0,0,recheck,0,still,0
1421,34,1,0,-1,6,1,2,0,8,0,0,8,0,0,1,0,0,0,0,8,7,7,0.3466,0.0000,0.0000,6,0,0,0,,0,pending,0
1421,44,1,1,1003,20,0,2,0,23,0,1,13,10,0,0,0,1,1,1,24,23,24,0.4813,0.2063,0.0000,9,1,0,0,recheck,0,still,0
1421,123,2,1,649,14,0,3,0,7,0,1,0,7,0,0,0,12,12,12,19,7,19,0.3550,0.3550,0.0000,7,1,0,0,recheck,0,still,0
1421,151,1,1,286,19,0,1,0,22,0,1,16,6,0,0,1,2,2,0,24,23,23,0.4401,0.0880,0.0000,10,1,0,0,recheck,0,still,0
1421,154,2,1,789,18,0,1,0,11,0,1,0,11,0,0,0,12,12,12,23,11,23,0.3452,0.3452,0.0000,9,1,0,0,recheck,0,still,0
1422,1,2,1,679,18,0,2,0,11,0,1,0,11,0,0,0,11,11,11,22,11,22,0.3623,0.3623,0.0000,7,1,0,0,period_end,0,still,0
1422,34,1,0,-1,6,2,3,0,8,0,0,8,0,0,1,0,0,0,0,8,7,7,0.3464,0.0000,0.0000,6,0,0,0,,0,hop,1
1422,118,3,1,927,21,0,1,0,24,0,1,15,9,0,0,0,3,3,3,27,24,27,0.5252,0.2251,0.0000,14,1,0,0,recheck,0,still,0
1422,139,1,1,353,19,0,2,0,24,0,1,19,5,0,1,0,0,0,0,24,23,23,0.5581,0.0881,0.0000,12,1,0,0,period_end,0,still,0
1422,157,2,1,725,17,0,2,0,10,0,1,0,10,0,0,0,12,12,12,22,10,22,0.3241,0.3241,0.0000,7,1,0,0,recheck,0,still,0
1422,158,1,1,679,16,1,2,0,9,0,1,0,9,0,0,0,12,12,11,21,9,20,0.2596,0.2596,0.0000,5,1,0,0,recheck,0,still,0
1422,168,1,1,54,20,0,1,0,30,0,1,25,5,0,4,0,1,1,0,31,26,26,0.3736,0.1067,0.0000,10,1,0,0,recheck,0,still,0
1422,189,1,1,840,13,0,2,0,10,0,1,0,10,0,1,0,13,13,10,23,9,19,0.4145,0.4145,0.0000,10,1,0,0,recheck,0,still,0
1424,146,2,1,812,14,0,2,0,12,0,1,1,11,0,1,0,10,10,10,22,11,21,0.3512,0.3512,0.0000,9,1,0,0,recheck,0,still,0
1425,72,2,1,728,17,0,1,0,9,0,1,0,9,0,0,0,12,12,12,21,9,21,0.3642,0.3642,0.0000,6,1,0,0,recheck,0,still,0
1425,114,1,1,689,13,1,2,0,8,0,1,0,8,0,0,0,11,11,10,19,8,18,0.3520,0.3520,0.0000,7,1,0,0,recheck,0,still,0
1426,153,1,1,753,16,0,2,0,9,0,1,0,9,0,0,1,12,12,10,21,10,20,0.2897,0.2897,0.0000,7,1,0,0,recheck,0,still,0
1426,182,1,1,356,19,1,2,0,25,0,1,18,7,0,2,0,1,1,0,26,23,23,0.5748,0.1369,0.0000,14,1,0,0,recheck,0,still,0
1426,194,1,1,482,20,1,2,0,23,0,1,14,9,0,0,0,4,4,1,27,23,24,0.4886,0.2171,0.0000,13,1,0,0,recheck,0,still,0
1427,13,2,1,861,19,1,2,0,23,0,1,19,4,0,0,1,0,0,0,23,24,24,0.6266,0.0330,0.0000,11,1,0,0,recheck,0,still,0
1427,40,1,1,694,14,0,2,0,12,0,1,2,10,0,0,1,7,7,7,19,13,20,0.4329,0.4329,0.0000,8,1,0,0,period_end,0,still,0
1427,139,1,1,358,19,0,2,0,24,0,1,19,5,0,1,0,0,0,0,24,23,23,0.5581,0.0881,0.0000,12,1,0,0,recheck,0,still,0
1427,159,1,1,673,9,2,3,0,1,0,1,0,1,0,0,0,11,11,11,12,1,12,0.1742,0.1742,0.0000,3,1,0,0,recheck,0,still,0
1428,35,2,1,578,18,0,1,0,10,0,1,0,10,0,0,1,11,11,11,21,11,22,0.3900,0.3900,0.0000,7,1,0,0,recheck,0,still,0
1428,116,2,1,709,15,0,1,0,16,0,1,4,12,0,0,0,9,9,7,25,16,23,0.4311,0.4311,0.0000,10,1,0,0,recheck,0,still,0
1429,169,1,1,990,16,2,3,0,18,0,0,18,0,0,0,1,0,0,0,18,19,19,0.6006,0.0000,0.0000,10,0,0,0,recheck,0,end_clear,1
1429,183,1,1,259,18,1,2,0,22,0,1,20,2,0,2,0,0,0,0,22,20,20,0.4897,0.0816,0.0000,12,1,0,0,recheck,0,still,0
1430,85,1,1,58,20,1,2,0,25,0,1,21,4,0,0,1,0,0,0,25,26,26,0.5726,0.1432,0.0000,10,1,0,0,recheck,0,still,0
1430,188,1,1,797,16,1,2,0,10,0,1,0,10,0,1,0,13,13,11,23,9,20,0.3813,0.3813,0.0000,10,1,0,0,recheck,0,still,0
1431,140,1,1,266,17,0,2,1,21,0,0,20,1,0,2,0,0,0,0,21,19,19,0.5603,0.0000,0.0000,11,0,0,0,recheck,0,end_clear,0
1431,145,1,1,839,14,1,2,0,8,0,1,0,8,0,0,0,12,12,10,20,8,18,0.3950,0.3950,0.0000,8,1,0,0,recheck,0,still,0
1432,31,2,0,-1,20,0,2,1,22,0,0,22,0,0,0,2,0,0,0,22,24,24,0.6266,0.0000,0.0000,12,0,0,0,,0,hop,1
1432,124,1,0,-1,2,0,4,1,2,0,0,2,0,0,0,1,0,0,0,2,3,3,0.0739,0.0000,0.0000,1,0,0,0,,0,hop,1
1433,4,2,1,799,13,0,1,0,12,0,1,2,10,0,0,0,9,9,9,21,12,21,0.3714,0.3714,0.0000,8,1,0,0,recheck,0,still,0
1434,49,2,0,-1,15,0,4,0,21,0,0,20,1,0,0,0,1,1,1,22,21,22,0.5845,0.0000,0.0000,10,0,0,0,,0,hop,1
1435,68,3,1,528,16,1,2,0,10,0,1,0,10,0,0,0,11,11,11,21,10,21,0.3583,0.3583,0.0000,7,1,0,0,recheck,0,still,0
1436,44,1,1,1018,20,0,2,0,23,0,1,15,8,0,0,0,1,1,1,24,23,24,0.4813,0.1719,0.0000,9,1,0,0,period_end,0,still,0
1436,57,1,1,67,22,0,1,0,25,0,1,19,6,0,1,0,0,0,0,25,24,24,0.6279,0.1847,0.0000,12,1,0,0,recheck,0,still,0
1436,135,1,1,55,21,0,1,0,30,0,1,27,3,0,4,0,0,0,0,30,26,26,0.3977,0.0265,0.0000,12,1,0,0,recheck,0,still,0
1437,12,2,1,1022,18,0,1,0,23,0,1,18,5,0,0,0,0,0,1,23,23,24,0.4882,0.0651,0.0000,9,0,1,0,recheck,0,end_clear,1
1437,89,1,1,127,22,1,2,0,24,0,0,24,0,0,0,2,0,0,0,24,26,26,0.7879,0.0000,0.0000,15,0,0,1,recheck,0,still,0
1438,1,2,1,695,18,0,2,0,10,0,1,0,10,0,0,0,11,11,11,21,10,21,0.3623,0.3623,0.0000,7,1,0,0,recheck,0,still,0
1438,21,2,0,-1,20,2,4,0,25,0,1,19,6,0,0,0,1,1,1,26,25,26,0.5606,0.1649,0.0000,12,1,0,0,,0,start_holder,0
1438,87,1,1,80,23,1,2,0,27,0,1,26,1,0,0,1,0,0,0,27,28,28,0.6338,0.0352,0.0000,12,1,0,0,recheck,0,still,0
1438,195,1,1,793,17,1,2,0,11,0,1,0,11,0,0,0,12,12,10,23,11,21,0.3450,0.3450,0.0000,10,1,0,0,recheck,0,still,0
1439,8,2,1,607,19,0,2,0,23,0,1,13,10,0,0,0,3,3,3,26,23,26,0.4545,0.1818,0.0000,10,1,0,0,recheck,0,still,0
1439,10,1,1,984,21,1,2,0,24,0,1,16,8,0,0,0,1,1,1,25,24,25,0.5583,0.1314,0.0000,11,1,0,0,recheck,0,still,0
1439,199,1,1,729,12,1,3,0,3,0,1,0,3,0,0,0,11,11,11,14,3,14,0.2621,0.2621,0.0000,4,1,0,0,recheck,0,still,0
1440,5,2,1,808,14,1,2,0,16,0,1,5,11,0,0,0,7,7,7,23,16,23,0.4003,0.3387,0.0000,9,1,0,0,recheck,0,still,0
1440,6,2,1,809,15,0,1,0,20,0,1,9,11,0,0,0,5,5,5,25,20,25,0.3627,0.3022,0.0000,8,1,0,0,recheck,0,still,0
1440,149,1,1,791,18,0,1,0,21,0,1,12,9,0,0,0,5,5,3,26,21,24,0.3819,0.2350,0.0000,8,1,0,0,recheck,0,still,0
1441,40,1,1,708,14,0,2,0,12,0,1,3,9,0,0,1,6,6,6,18,13,19,0.3607,0.3607,0.0000,7,1,0,0,recheck,0,still,0
1442,3,2,1,741,14,0,1,0,10,0,1,1,9,0,0,0,9,9,9,19,10,19,0.3416,0.3416,0.0000,6,1,0,0,recheck,0,still,0
1442,113,1,1,735,15,0,2,0,8,0,1,0,8,0,0,0,12,12,10,20,8,18,0.3236,0.3236,0.0000,7,1,0,0,recheck,0,still,0
1443,152,1,0,-1,3,1,3,0,3,0,0,3,0,0,0,1,0,0,0,3,4,4,0.1465,0.0000,0.0000,2,0,0,0,,0,pending,0
1444,17,3,0,-1,19,1,3,0,23,0,1,18,5,0,0,0,1,1,1,24,23,24,0.5358,0.1191,0.0000,12,1,0,0,,0,start_holder,0
1444,152,1,0,-1,3,1,3,0,3,0,0,3,0,0,0,1,0,0,0,3,4,4,0.1465,0.0000,0.0000,2,0,0,0,,0,hop,1
1445,11,1,1,958,20,0,1,1,25,0,1,18,7,0,1,0,0,0,0,25,24,24,0.6151,0.0647,0.0000,11,1,0,0,recheck,0,still,0
1445,56,1,0,-1,21,0,4,0,26,0,1,20,6,0,0,0,1,1,1,27,26,27,0.5542,0.1847,0.0000,11,1,0,0,,0,start_holder,0
1445,159,1,1,691,9,2,3,0,1,0,1,0,1,0,0,0,11,11,11,12,1,12,0.1742,0.1742,0.0000,3,1,0,0,period_end,0,still,0
1446,9,1,1,796,21,0,1,0,23,0,1,14,9,0,0,0,2,2,2,25,23,25,0.5342,0.1669,0.0000,10,1,0,0,recheck,0,still,0
1446,115,2,1,928,15,0,1,0,14,0,1,4,10,0,0,0,9,9,8,23,14,22,0.2963,0.2963,0.0000,8,1,0,0,recheck,0,still,0
1446,119,1,1,502,19,0,2,0,23,0,1,17,6,0,1,0,3,3,1,26,22,23,0.5299,0.1472,0.0000,12,1,0,0,recheck,0,still,0
1446,174,1,0,-1,15,0,2,0,18,0,0,18,0,0,0,1,0,0,0,18,19,19,0.6755,0.0000,0.0000,11,0,0,0,,0,hop,1
1447,25,2,1,135,21,1,3,0,28,0,1,25,3,0,0,0,0,0,0,28,28,28,0.5245,0.0656,0.0000,10,1,0,0,recheck,0,still,0
1448,28,2,0,-1,22,0,2,0,27,0,0,26,1,0,1,0,0,0,0,27,26,26,0.5033,0.0315,0.0000,12,0,1,0,,0,pending,0
1448,117,3,1,908,18,0,1,0,22,0,1,12,10,0,0,0,5,5,5,27,22,27,0.4248,0.2249,0.0000,10,1,0,0,recheck,0,still,0
1449,2,1,1,613,15,0,1,0,12,0,1,0,12,0,1,0,9,9,9,21,11,20,0.3775,0.3775,0.0000,6,1,0,0,recheck,0,still,0
1449,7,2,1,814,16,1,2,0,20,0,1,10,10,0,0,1,4,4,4,24,21,25,0.3900,0.2600,0.0000,8,1,0,0,recheck,0,still,0
1449,28,2,0,-1,22,0,2,0,27,0,0,26,1,0,1,0,0,0,0,27,26,26,0.5032,0.0314,0.0000,12,0,1,0,,0,hop,1
1450,107,3,0,-1,19,0,2,0,23,0,0,23,0,0,0,0,0,0,0,23,23,23,0.6888,0.0000,0.0000,16,0,0,0,,0,hop,1
1451,44,1,1,1033,20,0,2,0,23,0,1,16,7,0,0,0,1,1,1,24,23,24,0.4846,0.1038,0.0000,9,1,0,0,recheck,0,still,0
1451,86,1,0,-1,22,0,3,0,27,0,1,24,3,0,0,0,0,0,0,27,27,27,0.5753,0.0719,0.0000,10,1,0,0,,0,start_holder,0
1451,123,2,1,679,13,0,3,0,7,0,1,0,7,0,0,0,12,12,12,19,7,19,0.3550,0.3550,0.0000,7,1,0,0,recheck,0,still,0
1451,151,1,1,316,19,0,1,0,23,0,1,18,5,0,1,1,1,1,0,24,23,23,0.4401,0.0293,0.0000,10,0,1,0,recheck,0,end_clear,0
1451,154,2,1,819,18,0,1,0,10,0,1,0,10,0,0,0,12,12,12,22,10,22,0.3452,0.3452,0.0000,9,1,0,0,recheck,0,still,0
1452,118,3,1,957,21,0,1,0,25,0,1,19,6,0,0,0,2,2,2,27,25,27,0.5252,0.1250,0.0000,14,1,0,0,recheck,0,still,0
1452,157,2,1,755,17,0,2,0,10,0,1,0,10,0,0,0,12,12,12,22,10,22,0.3241,0.3241,0.0000,7,1,0,0,recheck,0,still,0
1452,158,1,1,709,16,1,2,0,9,0,1,0,9,0,0,0,12,12,11,21,9,20,0.2596,0.2596,0.0000,5,1,0,0,recheck,0,still,0
1452,168,1,1,84,20,0,1,0,30,0,1,23,7,0,4,0,1,1,0,31,26,26,0.3469,0.1067,0.0000,9,1,0,0,recheck,0,still,0
1452,189,1,1,870,13,0,2,0,11,0,1,1,10,0,1,0,12,12,9,23,10,19,0.4155,0.4155,0.0000,10,1,0,0,recheck,0,still,0
1454,146,2,1,842,14,0,2,0,13,0,1,3,10,0,1,0,9,9,9,22,12,21,0.3514,0.3514,0.0000,9,1,0,0,recheck,0,still,0
1455,72,2,1,758,17,0,1,0,9,0,1,0,9,0,0,0,12,12,12,21,9,21,0.3642,0.3642,0.0000,6,1,0,0,recheck,0,still,0
1455,114,1,1,719,13,1,2,0,9,0,1,1,8,0,0,0,10,10,9,19,9,18,0.3520,0.3520,0.0000,7,1,0,0,recheck,0,still,0
1456,153,1,1,783,16,0,2,0,9,0,1,0,9,0,0,1,12,12,10,21,10,20,0.2897,0.2897,0.0000,7,1,0,0,recheck,0,still,0
1456,182,1,1,386,19,1,2,0,25,0,1,21,4,0,2,0,1,1,0,26,23,23,0.5747,0.0547,0.0000,14,0,1,0,recheck,0,end_clear,0
1456,194,1,1,512,20,1,2,0,24,0,1,19,5,0,1,0,3,3,1,27,23,24,0.4886,0.1357,0.0000,13,1,0,0,recheck,0,still,0
1457,13,2,1,891,19,1,2,0,23,0,1,20,3,0,0,1,0,0,0,23,24,24,0.6266,0.0000,0.0000,11,0,0,0,recheck,0,end_clear,1
1457,139,1,1,388,19,0,2,0,24,0,1,22,2,0,1,0,0,0,0,24,23,23,0.5580,0.0294,0.0000,12,0,1,0,recheck,0,end_clear,0
1457,159,1,1,703,9,2,3,0,1,0,1,0,1,0,0,0,11,11,11,12,1,12,0.1742,0.1742,0.0000,3,1,0,0,recheck,0,still,0
1458,35,2,1,608,18,0,1,0,11,0,1,0,11,0,0,1,10,10,10,21,12,22,0.3900,0.3900,0.0000,7,1,0,0,recheck,0,still,0
1458,116,2,1,739,15,0,1,0,18,0,1,11,7,0,0,0,7,7,5,25,18,23,0.4311,0.3233,0.0000,10,1,0,0,recheck,0,still,0
1459,143,1,0,-1,20,1,2,0,23,0,0,23,0,0,1,1,0,0,0,23,23,23,0.6126,0.0000,0.0000,12,0,0,0,,0,hop,1
1459,183,1,1,289,18,1,2,0,22,0,0,21,1,0,2,0,0,0,0,22,20,20,0.4896,0.0000,0.0000,12,0,0,0,recheck,0,end_clear,0
1460,85,1,1,88,20,1,2,0,24,0,1,19,5,0,0,1,0,0,0,24,25,25,0.5726,0.1790,0.0000,10,1,0,0,recheck,0,still,0
1460,188,1,1,827,16,1,2,0,12,0,1,0,12,0,1,0,11,11,9,23,11,20,0.3813,0.3813,0.0000,10,1,0,0,recheck,0,still,0
1461,115,2,1,943,15,0,1,0,15,0,1,7,8,0,0,0,8,8,7,23,15,22,0.2963,0.2963,0.0000,8,1,0,0,period_end,0,still,0
1461,145,1,1,869,14,1,2,0,10,0,1,1,9,0,0,0,10,10,8,20,10,18,0.3956,0.3956,0.0000,8,1,0,0,recheck,0,still,0
1463,4,2,1,829,13,0,1,0,14,0,1,5,9,0,0,0,7,7,7,21,14,21,0.3714,0.3714,0.0000,8,1,0,0,recheck,0,still,0
1464,123,2,1,692,13,0,3,0,7,0,1,0,7,0,0,0,12,12,12,19,7,19,0.3550,0.3550,0.0000,7,1,0,0,period_end,0,still,0
1465,68,3,1,558,16,1,2,0,10,0,1,0,10,0,0,0,11,11,11,21,10,21,0.3583,0.3583,0.0000,7,1,0,0,recheck,0,still,0
1466,57,1,1,97,23,0,1,0,25,0,1,18,7,0,0,0,0,0,0,25,25,25,0.6276,0.2215,0.0000,12,1,0,0,recheck,0,still,0
1466,91,1,0,-1,20,0,1,1,24,0,0,24,0,0,2,2,0,0,0,24,24,24,0.6569,0.0000,0.0000,13,0,0,0,,0,pending,0
1466,135,1,1,85,21,0,1,0,30,0,1,26,4,0,4,0,0,0,0,30,26,26,0.3711,0.0265,0.0000,11,1,0,0,recheck,0,still,0
1467,89,1,1,157,22,1,2,0,24,0,0,24,0,0,0,2,0,0,0,24,26,26,0.7879,0.0000,0.0000,15,0,0,1,recheck,0,still,0
1467,91,1,0,-1,20,2,3,0,24,0,0,24,0,0,2,2,0,0,0,24,24,24,0.6569,0.0000,0.0000,13,0,0,0,,0,hop,1
1468,1,2,1,725,18,0,2,0,10,0,1,0,10,0,0,0,11,11,11,21,10,21,0.3623,0.3623,0.0000,7,1,0,0,recheck,0,still,0
1468,67,2,0,-1,13,4,6,0,15,0,0,15,0,0,0,1,0,0,0,15,16,16,0.5592,0.0000,0.0000,10,0,0,0,,0,pending,0
1468,87,1,1,110,23,1,2,0,27,0,1,26,1,0,0,1,0,0,0,27,28,28,0.6341,0.0352,0.0000,12,1,0,0,recheck,0,still,0
1468,195,1,1,823,17,1,2,0,11,0,1,0,11,0,0,0,12,12,10,23,11,21,0.3450,0.3450,0.0000,10,1,0,0,recheck,0,still,0
1469,8,2,1,637,19,0,2,0,25,0,1,19,6,0,0,0,2,2,2,27,25,27,0.4545,0.1212,0.0000,10,1,0,0,recheck,0,still,0
1469,10,1,1,1014,21,1,2,0,25,0,1,21,4,0,0,0,0,0,0,25,25,25,0.5583,0.0657,0.0000,11,0,1,0,recheck,0,end_clear,1
1469,67,2,0,-1,13,4,6,0,15,0,0,15,0,0,0,1,0,0,0,15,16,16,0.5592,0.0000,0.0000,10,0,0,0,,0,hop,1
1469,199,1,1,759,12,1,3,0,3,0,1,0,3,0,0,0,11,11,11,14,3,14,0.2621,0.2621,0.0000,4,1,0,0,recheck,0,still,0
1470,5,2,1,838,14,1,2,0,19,0,1,10,9,0,0,0,4,4,4,23,19,23,0.4003,0.3079,0.0000,9,1,0,0,recheck,0,still,0
1470,6,2,1,839,15,0,1,0,23,0,1,15,8,0,0,0,2,2,2,25,23,25,0.3627,0.2116,0.0000,8,1,0,0,recheck,0,still,0
1470,149,1,1,821,18,0,1,0,24,0,1,18,6,0,0,0,2,2,0,26,24,24,0.3819,0.1469,0.0000,8,1,0,0,recheck,0,still,0
1471,15,1,0,-1,17,3,4,0,20,0,1,17,3,0,1,0,0,0,0,20,19,19,0.6728,0.1062,0.0000,11,1,0,0,,0,start_holder,0
1471,40,1,1,738,14,0,2,0,17,0,1,7,10,0,0,1,1,1,1,18,18,19,0.4329,0.3246,0.0000,8,1,0,0,recheck,0,still,0
1471,182,1,0,-1,19,1,2,0,26,0,1,23,3,0,3,0,0,0,0,26,23,23,0.5747,0.0000,0.0000,14,0,0,0,,0,pending,0
1472,3,2,1,771,14,0,1,0,15,0,1,2,13,0,0,0,4,4,4,19,15,19,0.3416,0.3416,0.0000,6,1,0,0,recheck,0,still,0
1472,113,1,1,765,15,0,2,0,13,0,1,1,12,0,0,0,7,7,5,20,13,18,0.3235,0.3235,0.0000,7,1,0,0,recheck,0,still,0
1472,182,1,0,-1,19,1,2,0,26,0,1,23,3,0,3,0,0,0,0,26,23,23,0.5747,0.0274,0.0000,14,1,0,0,,0,start_holder,0
1475,11,1,1,988,20,0,1,0,25,0,1,21,4,0,1,0,0,0,0,25,24,24,0.6197,0.0326,0.0000,11,1,0,0,recheck,0,still,0
1476,9,1,1,826,21,0,1,0,25,0,1,18,7,0,0,0,0,0,0,25,25,25,0.5361,0.0670,0.0000,10,1,0,0,recheck,0,still,0
1476,88,1,0,-1,23,0,1,0,25,0,1,24,1,0,0,1,0,0,0,25,26,26,0.5734,0.0358,0.0000,12,0,1,0,,0,hop,1
1476,115,2,1,958,15,0,1,0,19,0,1,8,11,0,0,0,4,4,3,23,19,22,0.2963,0.2694,0.0000,8,1,0,0,recheck,0,still,0
1476,119,1,1,532,19,0,2,0,26,0,1,21,5,0,3,0,0,0,0,26,23,23,0.5299,0.0589,0.0000,12,1,0,0,recheck,0,still,0
1476,130,1,0,-1,16,2,4,0,19,0,1,15,4,0,1,0,0,0,0,19,18,18,0.6659,0.1402,0.0000,11,1,0,0,,0,start_holder,0
1476,132,1,0,-1,20,0,3,0,21,0,0,21,0,0,0,2,0,0,0,21,23,23,0.5737,0.0000,0.0000,10,0,0,0,,0,hop,1
1477,25,2,1,165,19,1,2,0,28,0,1,24,4,0,0,0,0,0,0,28,28,28,0.5264,0.0987,0.0000,10,1,0,0,recheck,0,still,0
1478,117,3,1,938,18,0,1,0,27,0,1,15,12,0,0,0,0,0,0,27,27,27,0.4248,0.1499,0.0000,10,1,0,0,recheck,0,still,0
1479,2,1,1,643,15,0,1,0,16,0,1,1,15,0,1,0,5,5,5,21,15,20,0.3775,0.3775,0.0000,6,1,0,0,recheck,0,still,0
1479,7,2,1,844,16,1,2,0,24,0,1,13,11,0,0,1,0,0,0,24,25,25,0.3900,0.1625,0.0000,8,1,0,0,recheck,0,still,0
1481,44,1,1,1063,20,0,2,0,24,0,1,18,6,0,0,0,0,0,0,24,24,24,0.4845,0.1038,0.0000,9,1,0,0,recheck,0,still,0
1481,56,1,1,36,20,0,4,0,26,0,1,18,8,0,0,0,0,0,0,26,26,26,0.5487,0.2195,0.0000,11,1,0,0,recheck,0,still,0
1481,123,2,1,709,13,0,3,0,7,0,1,0,7,0,0,0,12,12,12,19,7,19,0.3550,0.3550,0.0000,7,1,0,0,recheck,0,still,0
1481,154,2,1,849,18,0,1,0,13,0,1,0,13,0,0,0,8,8,8,21,13,21,0.3452,0.3452,0.0000,9,1,0,0,recheck,0,still,0
1482,118,3,1,987,21,0,1,0,28,0,1,21,7,0,0,0,0,0,0,28,28,28,0.5252,0.1000,0.0000,14,1,0,0,recheck,0,still,0
1482,157,2,1,785,17,0,2,0,12,0,1,0,12,0,0,0,10,10,10,22,12,22,0.3241,0.3241,0.0000,7,1,0,0,recheck,0,still,0
1482,158,1,1,739,16,1,2,0,9,0,1,0,9,0,0,0,12,12,11,21,9,20,0.2596,0.2596,0.0000,5,1,0,0,recheck,0,still,0
1482,168,1,1,114,19,0,1,1,30,0,1,22,8,0,5,0,0,0,0,30,25,25,0.3470,0.1068,0.0000,8,1,0,0,recheck,0,still,0
1482,189,1,1,900,13,0,2,0,16,0,1,2,14,0,1,0,7,7,4,23,15,19,0.4164,0.4164,0.0000,10,1,0,0,recheck,0,still,0
1484,86,1,1,33,21,0,2,0,27,0,1,24,3,0,0,0,0,0,0,27,27,27,0.6110,0.0719,0.0000,11,1,0,0,recheck,0,still,0
1484,110,1,0,-1,10,1,6,0,10,0,0,10,0,0,0,1,0,0,0,10,11,11,0.5483,0.0000,0.0000,9,0,0,0,,0,pending,0
1484,146,2,1,872,14,0,2,0,18,0,1,5,13,0,1,0,4,4,4,22,17,21,0.3515,0.3264,0.0000,9,1,0,0,recheck,0,still,0
1485,11,1,1,998,20,0,1,0,25,0,1,20,5,0,1,0,0,0,0,25,24,24,0.6173,0.0650,0.0000,11,1,0,0,period_end,0,still,0
1485,14,1,0,-1,20,0,1,0,20,0,1,17,3,0,0,2,0,0,0,20,22,22,0.6649,0.0739,0.0000,11,1,0,0,,0,start_holder,0
1485,72,2,1,788,17,0,1,0,9,0,1,0,9,0,0,0,12,12,12,21,9,21,0.3642,0.3642,0.0000,6,1,0,0,recheck,0,still,0
1485,110,1,0,-1,10,1,6,0,10,0,0,10,0,0,0,1,0,0,0,10,11,11,0.5483,0.0000,0.0000,9,0,0,0,,0,hop,1
1485,114,1,1,749,13,1,2,0,14,0,1,3,11,0,0,0,5,5,4,19,14,18,0.3521,0.3521,0.0000,7,1,0,0,recheck,0,still,0
1486,118,3,1,991,21,0,1,0,28,0,1,20,8,0,0,0,0,0,0,28,28,28,0.5252,0.1250,0.0000,14,1,0,0,period_end,0,still,0
1486,153,1,1,813,16,0,2,0,13,0,1,1,12,0,0,1,8,8,6,21,14,20,0.2897,0.2897,0.0000,7,1,0,0,recheck,0,still,0
1486,194,1,1,542,20,1,2,0,27,0,1,19,8,0,3,0,0,0,0,27,24,24,0.4343,0.1357,0.0000,12,1,0,0,recheck,0,still,0
1487,62,2,0,-1,21,1,2,0,23,0,0,23,0,0,0,2,0,0,0,23,25,25,0.6399,0.0000,0.0000,13,0,0,0,,0,hop,1
1487,159,1,1,733,9,2,3,0,1,0,1,0,1,0,0,0,11,11,11,12,1,12,0.1742,0.1742,0.0000,3,1,0,0,recheck,0,still,0
1488,35,2,1,638,18,0,1,0,15,0,1,1,14,0,0,1,6,6,6,21,16,22,0.3900,0.3900,0.0000,7,1,0,0,recheck,0,still,0
1488,116,2,1,769,16,0,1,0,22,0,1,10,12,0,0,0,2,2,1,24,22,23,0.4311,0.2964,0.0000,10,1,0,0,recheck,0,still,0
1490,85,1,1,118,19,2,3,0,25,0,1,20,5,0,0,0,0,0,0,25,25,25,0.5720,0.1787,0.0000,10,1,0,0,recheck,0,still,0
1490,161,2,0,-1,17,0,1,0,26,0,1,21,5,0,2,0,0,0,0,26,24,24,0.3780,0.1512,0.0000,9,1,0,0,,0,start_holder,0
1490,188,1,1,857,16,1,2,0,16,0,1,1,15,0,1,0,7,7,5,23,15,20,0.3813,0.3813,0.0000,10,1,0,0,recheck,0,still,0
1491,21,2,1,53,19,2,4,0,24,0,1,16,8,0,0,0,1,1,1,25,24,25,0.5568,0.2293,0.0000,12,1,0,0,recheck,0,still,0
1491,145,1,1,899,14,1,2,0,14,0,1,2,12,0,0,0,6,6,4,20,14,18,0.3963,0.3963,0.0000,8,1,0,0,recheck,0,still,0
1493,4,2,1,859,13,0,1,0,18,0,1,5,13,0,0,0,3,3,3,21,18,21,0.3714,0.3404,0.0000,8,1,0,0,recheck,0,still,0
1493,75,1,0,-1,3,2,3,0,4,0,0,4,0,0,0,0,0,0,0,4,4,4,0.1750,0.0000,0.0000,3,0,0,0,,0,hop,1
1494,2,1,1,658,15,0,1,0,16,0,1,1,15,0,1,0,5,5,5,21,15,20,0.3775,0.3775,0.0000,6,1,0,0,period_end,0,still,0
1495,23,2,0,-1,18,1,3,0,28,0,1,23,5,0,0,0,0,0,0,28,28,28,0.5276,0.1649,0.0000,10,1,0,0,,0,start_holder,0
1495,68,3,1,588,16,1,2,0,12,0,1,0,12,0,0,0,9,9,9,21,12,21,0.3583,0.3583,0.0000,7,1,0,0,recheck,0,still,0
1495,92,1,0,-1,18,1,2,0,20,0,0,20,0,0,0,2,0,0,0,20,22,22,0.6121,0.0000,0.0000,11,0,0,0,,0,pending,0
1495,109,2,0,-1,12,3,6,0,13,0,0,13,0,0,0,0,0,0,0,13,13,13,0.6383,0.0000,0.0000,11,0,0,0,,0,pending,0
1496,57,1,1,127,22,0,1,0,25,0,1,18,7,0,0,0,1,1,1,26,25,26,0.6279,0.2955,0.0000,12,1,0,0,recheck,0,still,0
1496,92,1,0,-1,18,1,2,0,20,0,0,20,0,0,0,2,0,0,0,20,22,22,0.6120,0.0000,0.0000,11,0,0,0,,0,hop,1
1496,109,2,0,-1,12,3,6,0,13,0,0,13,0,0,0,0,0,0,0,13,13,13,0.6383,0.0000,0.0000,11,0,0,0,,0,hop,1
1496,135,1,1,115,22,0,1,0,30,0,1,26,4,0,4,0,0,0,0,30,26,26,0.3710,0.0265,0.0000,11,1,0,0,recheck,0,still,0
1497,33,3,0,-1,11,2,4,0,13,0,0,13,0,0,1,0,0,0,0,13,12,12,0.6274,0.0000,0.0000,12,0,0,0,,0,pending,0
1497,89,1,1,187,21,1,2,0,24,0,0,24,0,0,0,2,0,0,0,24,26,26,0.7883,0.0000,0.0000,15,0,0,1,recheck,0,still,0
1498,1,2,1,755,18,0,2,0,14,0,1,1,13,0,0,0,7,7,7,21,14,21,0.3623,0.3623,0.0000,7,1,0,0,recheck,0,still,0
1498,8,2,1,666,19,0,2,0,27,0,1,16,11,0,0,0,0,0,0,27,27,27,0.4542,0.1211,0.0000,10,1,0,0,period_end,0,still,0
1498,33,3,0,-1,11,2,4,0,13,0,0,13,0,0,1,0,0,0,0,13,12,12,0.6274,0.0000,0.0000,12,0,0,0,,0,hop,1
1498,87,1,1,140,23,1,2,0,27,0,1,26,1,0,0,1,0,0,0,27,28,28,0.6333,0.0352,0.0000,12,1,0,0,recheck,0,still,0
1498,90,1,0,-1,21,0,2,1,26,0,0,25,1,0,2,1,0,0,0,26,25,25,0.7131,0.0340,0.0000,15,0,1,1,,0,start_crowd,0
1498,195,1,1,853,17,1,2,0,15,0,1,1,14,0,0,0,8,8,6,23,15,21,0.3450,0.3450,0.0000,10,1,0,0,recheck,0,still,0
1499,8,2,1,667,19,0,2,0,27,0,1,16,11,0,0,0,0,0,0,27,27,27,0.4541,0.1211,0.0000,10,1,0,0,recheck,0,still,0
1499,199,1,1,789,12,1,3,0,3,0,1,0,3,0,0,0,11,11,11,14,3,14,0.2621,0.2621,0.0000,4,1,0,0,recheck,0,still,0
1500,5,2,1,868,14,1,2,0,21,0,1,8,13,0,0,0,2,2,2,23,21,23,0.4003,0.3079,0.0000,9,1,0,0,recheck,0,still,0
1500,6,2,1,869,15,0,1,0,25,0,1,11,14,0,0,0,0,0,0,25,25,25,0.3627,0.2116,0.0000,8,1,0,0,recheck,0,still,0
1500,17,3,1,56,18,1,3,0,22,0,1,14,8,0,0,0,1,1,1,23,22,23,0.5354,0.2082,0.0000,12,1,0,0,recheck,0,still,0
1500,149,1,1,851,18,0,1,0,26,0,1,14,12,0,2,0,0,0,0,26,24,24,0.3819,0.1762,0.0000,8,1,0,0,recheck,0,still,0
1501,40,1,1,768,14,0,2,0,18,0,1,7,11,0,0,1,1,1,1,19,19,20,0.4329,0.3246,0.0000,8,1,0,0,recheck,0,still,0
1502,3,2,1,801,14,0,1,0,15,0,1,2,13,0,0,0,4,4,4,19,15,19,0.3416,0.3416,0.0000,6,1,0,0,recheck,0,still,0
1502,113,1,1,795,15,0,2,0,13,0,1,1,12,0,0,1,7,7,5,20,14,19,0.3235,0.3235,0.0000,7,1,0,0,recheck,0,still,0
1505,11,1,1,1018,20,0,1,0,25,0,1,18,7,0,1,0,0,0,0,25,24,24,0.6141,0.0970,0.0000,11,1,0,0,recheck,0,still,0
1506,9,1,1,856,21,0,1,0,25,0,1,16,9,0,0,0,0,0,0,25,25,25,0.5338,0.1001,0.0000,10,1,0,0,recheck,0,still,0
1506,26,3,0,-1,22,0,2,0,28,0,1,26,2,0,0,0,0,0,0,28,28,28,0.5613,0.0295,0.0000,13,1,0,0,,0,start_holder,0
1506,115,2,1,988,15,0,1,0,19,0,1,7,12,0,0,0,3,3,3,22,19,22,0.2963,0.2694,0.0000,8,1,0,0,recheck,0,still,0
1506,119,1,1,562,19,0,2,0,25,0,1,19,6,0,2,0,0,0,0,25,23,23,0.4710,0.1178,0.0000,11,1,0,0,recheck,0,still,0
1506,180,1,0,-1,16,1,2,0,22,0,0,22,0,0,2,0,0,0,0,22,20,20,0.6303,0.0000,0.0000,12,0,0,0,,0,pending,0
1507,25,2,1,195,19,1,2,0,28,0,1,22,6,0,0,0,0,0,0,28,28,28,0.5276,0.1979,0.0000,10,1,0,0,recheck,0,still,0
1507,29,2,0,-1,20,0,1,0,25,0,0,25,0,0,1,0,0,0,0,25,24,24,0.6127,0.0000,0.0000,12,0,0,0,,0,hop,1
1507,180,1,0,-1,16,1,2,0,22,0,0,22,0,0,2,0,0,0,0,22,20,20,0.6305,0.0000,0.0000,12,0,0,0,,0,hop,1
1508,117,3,1,968,18,0,1,0,27,0,1,14,13,0,0,0,0,0,0,27,27,27,0.4248,0.1749,0.0000,10,1,0,0,recheck,0,still,0
1509,2,1,1,673,15,0,1,0,16,0,1,1,15,0,1,0,5,5,5,21,15,20,0.3775,0.3775,0.0000,6,1,0,0,recheck,0,still,0
1509,7,2,1,874,16,1,2,0,24,0,1,12,12,0,0,1,0,0,0,24,25,25,0.4223,0.1949,0.0000,9,1,0,0,recheck,0,still,0
1511,44,1,1,1093,20,0,2,0,24,0,1,17,7,0,0,0,0,0,0,24,24,24,0.4815,0.1376,0.0000,9,1,0,0,recheck,0,still,0
1511,56,1,1,66,20,0,4,0,25,0,1,15,10,0,0,0,1,1,1,26,25,26,0.5499,0.4032,0.0000,11,1,0,0,recheck,0,still,0
1511,123,2,1,739,13,0,3,0,7,0,1,0,7,0,0,0,12,12,12,19,7,19,0.3550,0.3550,0.0000,7,1,0,0,recheck,0,still,0
1511,154,2,1,879,18,0,1,0,14,0,1,1,13,0,0,0,8,8,8,22,14,22,0.3452,0.3452,0.0000,9,1,0,0,recheck,0,still,0
1512,16,1,0,-1,15,2,4,0,21,0,1,15,6,0,0,0,0,0,0,21,21,21,0.5046,0.1802,0.0000,8,1,0,0,,0,start_holder,0
1512,66,1,0,-1,12,0,1,0,16,0,0,16,0,0,0,0,0,0,0,16,16,16,0.5544,0.0000,0.0000,8,0,0,0,,0,pending,0
1512,71,2,0,-1,8,2,3,0,10,0,0,10,0,0,0,0,0,0,0,10,10,10,0.5286,0.0000,0.0000,9,0,0,0,,0,hop,1
1512,118,3,1,1017,21,0,1,0,28,0,1,18,10,0,0,0,0,0,0,28,28,28,0.5252,0.1250,0.0000,14,1,0,0,recheck,0,still,0
1512,157,2,1,815,17,0,2,0,12,0,1,0,12,0,0,0,10,10,10,22,12,22,0.3241,0.3241,0.0000,7,1,0,0,recheck,0,still,0
1512,158,1,1,769,16,1,2,0,9,0,1,0,9,0,0,0,12,12,11,21,9,20,0.2596,0.2596,0.0000,5,1,0,0,recheck,0,still,0
1512,168,1,1,144,19,0,1,1,30,0,1,19,11,0,5,0,0,0,0,30,25,25,0.3470,0.1868,0.0000,8,1,0,0,recheck,0,still,0
1512,189,1,1,930,13,0,2,0,16,0,1,2,14,0,1,0,7,7,4,23,15,19,0.4176,0.4176,0.0000,10,1,0,0,recheck,0,still,0
1513,15,1,1,42,17,3,4,0,20,0,1,14,6,0,1,0,0,0,0,20,19,19,0.6690,0.1761,0.0000,11,1,0,0,recheck,0,still,0
1513,66,1,0,-1,12,0,1,0,16,0,0,16,0,0,0,0,0,0,0,16,16,16,0.5544,0.0000,0.0000,8,0,0,0,,0,hop,1
1514,86,1,1,63,21,0,2,0,27,0,1,22,5,0,0,0,0,0,0,27,27,27,0.5751,0.2157,0.0000,10,1,0,0,recheck,0,still,0
1514,146,2,1,902,14,0,2,0,19,0,1,5,14,0,1,0,4,4,4,23,18,22,0.3517,0.3266,0.0000,9,1,0,0,recheck,0,still,0
1514,182,1,1,42,20,1,2,0,26,0,1,19,7,0,3,0,0,0,0,26,23,23,0.5747,0.0821,0.0000,14,1,0,0,recheck,0,still,0
1515,72,2,1,818,17,0,1,0,9,0,1,0,9,0,0,0,12,12,12,21,9,21,0.3642,0.3642,0.0000,6,1,0,0,recheck,0,still,0
1515,114,1,1,779,15,1,2,0,14,0,1,3,11,0,0,0,5,5,4,19,14,18,0.3522,0.3522,0.0000,7,1,0,0,recheck,0,still,0
1516,153,1,1,843,16,0,2,0,13,0,1,1,12,0,0,1,8,8,6,21,14,20,0.2898,0.2898,0.0000,7,1,0,0,recheck,0,still,0
1516,194,1,1,572,20,1,2,0,26,0,1,18,8,0,2,0,0,0,0,26,24,24,0.4343,0.1357,0.0000,12,1,0,0,recheck,0,still,0
1517,159,1,1,763,9,2,3,0,1,0,1,0,1,0,0,0,11,11,11,12,1,12,0.1742,0.1742,0.0000,3,1,0,0,recheck,0,still,0
1518,35,2,1,668,18,0,1,0,15,0,1,1,14,0,0,1,6,6,6,21,16,22,0.3900,0.3900,0.0000,7,1,0,0,recheck,0,still,0
1518,116,2,1,799,16,0,1,0,22,0,1,10,12,0,0,0,2,2,1,24,22,23,0.4311,0.2964,0.0000,10,1,0,0,recheck,0,still,0
1520,85,1,1,148,19,2,3,0,25,0,1,17,8,0,0,0,0,0,0,25,25,25,0.5721,0.3575,0.0000,10,1,0,0,recheck,0,still,0
1520,188,1,1,887,16,1,2,0,16,0,1,1,15,0,1,0,7,7,5,23,15,20,0.3813,0.3813,0.0000,10,1,0,0,recheck,0,still,0
1521,21,2,1,83,19,2,4,0,24,0,1,13,11,0,0,0,1,1,1,25,24,25,0.5563,0.3927,0.0000,12,1,0,0,recheck,0,still,0
1521,111,2,0,-1,1,0,1,1,1,0,0,1,0,0,0,0,0,0,0,1,1,1,0.0661,0.0000,0.0000,1,0,0,0,,0,hop,1
1521,145,1,1,929,14,1,2,0,14,0,1,2,12,0,0,0,6,6,4,20,14,18,0.3972,0.3972,0.0000,8,1,0,0,recheck,0,still,0
1522,161,2,1,32,17,0,1,0,26,0,1,19,7,0,2,0,0,0,0,26,24,24,0.3780,0.1512,0.0000,9,1,0,0,recheck,0,still,0
1523,4,2,1,889,13,0,1,0,19,0,1,5,14,0,1,0,3,3,3,22,18,21,0.3714,0.3404,0.0000,8,1,0,0,recheck,0,still,0
1524,19,3,0,-1,19,0,2,0,25,0,1,13,12,0,0,0,1,1,1,26,25,26,0.5337,0.3262,0.0000,13,1,0,0,,0,start_holder,0
1524,103,1,0,-1,5,1,3,0,5,0,0,5,0,0,0,1,0,0,0,5,6,6,0.2160,0.0000,0.0000,4,0,0,0,,0,pending,0
1525,68,3,1,618,16,1,2,0,12,0,1,0,12,0,0,0,9,9,9,21,12,21,0.3583,0.3583,0.0000,7,1,0,0,recheck,0,still,0
1525,103,1,0,-1,5,1,3,0,5,0,0,5,0,0,0,1,0,0,0,5,6,6,0.2161,0.0000,0.0000,4,0,0,0,,0,hop,1
1526,35,2,1,676,18,0,1,0,15,0,1,1,14,0,0,1,6,6,6,21,16,22,0.3900,0.3900,0.0000,7,1,0,0,period_end,0,still,0
1526,57,1,1,157,22,0,1,0,24,0,1,16,8,0,0,0,2,2,2,26,24,26,0.6279,0.4063,0.0000,12,1,0,0,recheck,0,still,0
1526,135,1,1,145,22,0,1,0,30,0,1,24,6,0,4,0,0,0,0,30,26,26,0.3709,0.0530,0.0000,11,1,0,0,recheck,0,still,0
1527,89,1,1,217,21,1,2,0,24,0,1,24,0,0,0,2,0,0,0,24,26,26,0.7885,0.0000,0.0000,15,0,0,1,recheck,0,still,0
1527,140,1,0,-1,17,0,2,1,20,0,1,14,6,0,2,0,1,1,1,21,18,19,0.4719,0.0885,0.0000,10,1,0,0,,0,start_holder,0
1528,1,2,1,785,18,0,2,0,14,0,1,1,13,0,0,0,7,7,7,21,14,21,0.3623,0.3623,0.0000,7,1,0,0,recheck,0,still,0
1528,87,1,1,170,23,1,2,0,27,0,1,24,3,0,0,0,0,0,1,27,27,28,0.6336,0.1760,0.0000,12,1,0,0,recheck,0,still,0
1528,195,1,1,883,17,1,2,0,15,0,1,1,14,0,0,0,8,8,6,23,15,21,0.3450,0.3450,0.0000,10,1,0,0,recheck,0,still,0
1529,8,2,1,697,19,0,1,0,27,0,1,14,13,0,0,0,0,0,0,27,27,27,0.4514,0.1204,0.0000,10,1,0,0,recheck,0,still,0
1529,199,1,1,819,12,1,3,0,3,0,1,0,3,0,0,0,11,11,11,14,3,14,0.2621,0.2621,0.0000,4,1,0,0,recheck,0,still,0
1530,5,2,1,898,14,1,2,0,21,0,1,8,13,0,0,0,2,2,2,23,21,23,0.4003,0.3079,0.0000,9,1,0,0,recheck,0,still,0
1530,6,2,1,899,15,1,2,0,25,0,1,10,15,0,0,0,0,0,0,25,25,25,0.3627,0.2116,0.0000,8,1,0,0,recheck,0,still,0
1530,17,3,1,86,18,0,2,0,22,0,1,12,10,0,0,0,1,1,1,23,22,23,0.5357,0.2976,0.0000,12,1,0,0,recheck,0,still,0
1530,149,1,1,881,18,0,1,0,26,0,1,13,13,0,2,0,0,0,0,26,24,24,0.3819,0.1762,0.0000,8,1,0,0,recheck,0,still,0
1531,40,1,1,798,14,0,2,0,18,0,1,7,11,0,0,1,1,1,1,19,19,20,0.4329,0.3246,0.0000,8,1,0,0,recheck,0,still,0
1531,130,1,1,55,16,2,4,0,18,0,1,12,6,0,1,0,1,1,1,19,17,18,0.6549,0.2758,0.0000,11,1,0,0,recheck,0,still,0
1532,3,2,1,831,14,0,1,0,15,0,1,2,13,0,0,0,4,4,4,19,15,19,0.3416,0.3416,0.0000,6,1,0,0,recheck,0,still,0
1532,14,1,1,47,20,0,1,0,19,0,1,13,6,0,0,2,1,1,1,20,21,22,0.6280,0.1108,0.0000,10,1,0,0,recheck,0,still,0
1532,113,1,1,825,15,0,2,0,13,0,1,1,12,0,0,1,7,7,5,20,14,19,0.3235,0.3235,0.0000,7,1,0,0,recheck,0,still,0
1535,11,1,1,1048,19,0,1,0,23,0,1,15,8,0,0,0,0,0,0,23,23,23,0.5542,0.1108,0.0000,9,1,0,0,recheck,0,still,0
1536,9,1,1,886,21,0,1,0,25,0,1,14,11,0,0,0,0,0,0,25,25,25,0.5306,0.0995,0.0000,10,1,0,0,recheck,0,still,0
1536,115,2,1,1018,15,0,1,0,19,0,1,7,12,0,0,0,3,3,3,22,19,22,0.2963,0.2693,0.0000,8,1,0,0,recheck,0,still,0
1536,119,1,1,592,19,0,2,0,25,0,1,17,8,0,2,0,1,1,1,26,23,24,0.4710,0.1178,0.0000,11,1,0,0,recheck,0,still,0
1536,151,1,0,-1,19,0,1,0,24,0,1,16,8,0,2,1,1,1,1,25,23,24,0.4990,0.1174,0.0000,11,1,0,0,,0,start_holder,0
1537,25,2,1,225,19,1,2,0,26,0,1,22,4,0,0,0,2,2,2,28,26,28,0.5277,0.1979,0.0000,10,1,0,0,recheck,0,still,0
1537,58,1,0,-1,17,0,3,0,25,0,1,20,5,0,0,0,2,2,2,27,25,27,0.5414,0.2888,0.0000,9,1,0,0,,0,start_holder,0
1538,117,3,1,998,17,0,1,0,26,0,1,12,14,0,0,0,0,0,0,26,26,26,0.4248,0.1749,0.0000,10,1,0,0,recheck,0,still,0
1539,2,1,1,703,15,0,1,0,16,0,1,1,15,0,1,0,5,5,5,21,15,20,0.3775,0.3775,0.0000,6,1,0,0,recheck,0,still,0
1539,7,2,1,904,16,0,2,0,23,0,1,9,14,0,0,1,0,0,0,23,24,24,0.4220,0.1948,0.0000,9,1,0,0,recheck,0,still,0
1539,73,2,0,-1,7,0,3,0,8,0,0,8,0,0,0,0,0,0,0,8,8,8,0.3961,0.0000,0.0000,7,0,0,0,,0,pending,0
1539,170,2,0,-1,16,1,4,0,22,0,1,14,8,0,0,0,1,1,1,23,22,23,0.5733,0.2866,0.0000,10,1,0,0,,0,start_holder,0
1540,73,2,0,-1,7,0,3,0,8,0,0,8,0,0,0,0,0,0,0,8,8,8,0.3962,0.0000,0.0000,7,0,0,0,,0,hop,1
1540,77,3,0,-1,16,3,4,0,22,0,1,13,9,0,0,0,3,3,3,25,22,25,0.5543,0.2918,0.0000,12,1,0,0,,0,start_holder,0
1540,138,1,0,-1,20,0,1,1,26,0,0,26,0,0,2,0,0,0,0,26,24,24,0.5000,0.0000,0.0000,13,0,0,0,,0,pending,0
1540,177,1,0,-1,21,0,1,0,29,0,1,27,2,0,3,0,0,0,0,29,26,26,0.5011,0.0000,0.0000,15,0,0,0,,0,pending,0
1541,44,1,1,1123,20,0,2,0,24,0,1,12,12,0,0,0,0,0,0,24,24,24,0.4788,0.1368,0.0000,9,1,0,0,recheck,0,still,0
1541,56,1,1,96,20,0,4,0,23,0,1,14,9,0,0,0,3,3,3,26,23,26,0.5500,0.4400,0.0000,11,1,0,0,recheck,0,still,0
1541,123,2,1,769,13,0,3,0,7,0,1,0,7,0,0,0,12,12,12,19,7,19,0.3550,0.3550,0.0000,7,1,0,0,recheck,0,still,0
1541,133,2,0,-1,13,0,1,0,17,0,0,17,0,0,1,0,0,0,0,17,16,16,0.6233,0.0000,0.0000,11,0,0,0,,0,pending,0
1541,138,1,0,-1,20,0,1,1,25,0,0,25,0,0,2,0,0,0,0,25,23,23,0.5000,0.0000,0.0000,13,0,0,0,,0,hop,1
1541,154,2,1,909,18,0,1,0,14,0,1,1,13,0,0,0,8,8,8,22,14,22,0.3452,0.3452,0.0000,9,1,0,0,recheck,0,still,0
1541,177,1,0,-1,21,0,1,0,29,0,1,27,2,0,3,0,0,0,0,29,26,26,0.5011,0.0000,0.0000,15,0,0,0,,0,hop,1
1542,118,3,1,1047,21,0,1,0,26,0,1,14,12,0,0,0,2,2,2,28,26,28,0.5252,0.1501,0.0000,14,1,0,0,recheck,0,still,0
1542,133,2,0,-1,13,0,1,0,17,0,0,17,0,0,1,0,0,0,0,17,16,16,0.5610,0.0000,0.0000,10,0,0,0,,0,hop,1
1542,157,2,1,845,17,0,2,0,12,0,1,0,12,0,0,0,10,10,10,22,12,22,0.3241,0.3241,0.0000,7,1,0,0,recheck,0,still,0
1542,158,1,1,799,16,1,2,0,9,0,1,0,9,0,0,0,12,12,11,21,9,20,0.2596,0.2596,0.0000,5,1,0,0,recheck,0,still,0
1542,168,1,1,174,19,0,1,1,28,0,1,18,10,0,5,0,2,2,2,30,23,25,0.3470,0.2135,0.0000,8,1,0,0,recheck,0,still,0
1542,189,1,1,960,13,0,2,0,16,0,1,2,14,0,1,0,7,7,4,23,15,19,0.4188,0.4188,0.0000,10,1,0,0,period_end,0,still,0
1543,15,1,1,72,17,3,4,0,17,0,1,11,6,0,1,1,2,2,2,19,17,19,0.6324,0.4216,0.0000,10,1,0,0,recheck,0,still,0
1543,90,1,1,45,21,0,2,1,26,0,0,25,1,0,2,1,0,0,0,26,25,25,0.6792,0.0340,0.0000,14,0,1,0,recheck,0,end_clear,1
1544,26,3,1,38,22,0,2,0,28,0,1,27,1,0,0,0,0,0,0,28,28,28,0.5624,0.0296,0.0000,13,1,0,0,recheck,0,still,0
1544,86,1,1,93,21,0,2,0,25,0,1,23,2,0,0,0,2,2,2,27,25,27,0.5748,0.1796,0.0000,10,1,0,0,recheck,0,still,0
1544,146,2,1,932,14,0,2,0,19,0,1,4,15,0,1,0,4,4,4,23,18,22,0.3519,0.3268,0.0000,9,1,0,0,recheck,0,still,0
1544,182,1,1,72,20,1,2,0,24,0,1,15,9,0,3,0,2,2,2,26,21,23,0.5747,0.1916,0.0000,14,1,0,0,recheck,0,still,0
1545,16,1,1,33,15,2,4,0,20,0,1,13,7,0,0,0,1,1,1,21,20,21,0.5054,0.2888,0.0000,8,1,0,0,recheck,0,still,0
1545,72,2,1,848,17,0,1,0,9,0,1,0,9,0,0,0,12,12,12,21,9,21,0.3642,0.3642,0.0000,6,1,0,0,recheck,0,still,0
1545,114,1,1,809,15,1,2,0,14,0,1,3,11,0,0,0,5,5,4,19,14,18,0.2935,0.2935,0.0000,6,1,0,0,recheck,0,still,0
1546,47,2,0,-1,19,0,2,0,18,0,1,11,7,0,0,2,3,3,3,21,20,23,0.6149,0.2913,0.0000,12,1,0,0,,0,start_holder,0
1546,117,3,1,1006,17,0,1,0,26,0,1,10,16,0,0,0,0,0,0,26,26,26,0.4248,0.1749,0.0000,10,1,0,0,period_end,0,still,0
1546,153,1,1,873,16,0,2,0,14,0,1,1,13,0,0,1,8,8,6,22,15,21,0.2608,0.2608,0.0000,6,1,0,0,recheck,0,still,0
1546,194,1,1,602,20,1,2,0,25,0,1,13,12,0,2,0,1,1,1,26,23,24,0.4343,0.1900,0.0000,12,1,0,0,recheck,0,still,0
1547,159,1,1,793,9,2,3,0,1,0,1,0,1,0,0,0,11,11,11,12,1,12,0.1742,0.1742,0.0000,3,1,0,0,recheck,0,still,0
1548,35,2,1,698,18,0,1,0,15,0,1,1,14,0,0,1,6,6,6,21,16,22,0.3900,0.3900,0.0000,7,1,0,0,recheck,0,still,0
1548,116,2,1,829,16,0,1,0,22,0,1,7,15,0,0,0,2,2,1,24,22,23,0.4311,0.2963,0.0000,10,1,0,0,recheck,0,still,0
1548,183,1,0,-1,18,1,2,0,18,0,1,11,7,0,2,0,4,4,4,22,16,20,0.4624,0.2448,0.0000,11,1,0,0,,0,start_holder,0
1550,85,1,1,178,18,2,3,0,22,0,1,16,6,0,0,0,2,2,2,24,22,24,0.5722,0.3934,0.0000,10,1,0,0,recheck,0,still,0
1550,188,1,1,917,16,1,2,0,16,0,1,1,15,0,1,0,7,7,5,23,15,20,0.3812,0.3812,0.0000,10,1,0,0,recheck,0,still,0
1551,21,2,1,113,19,2,4,0,22,0,1,13,9,0,0,0,3,3,3,25,22,25,0.5575,0.4263,0.0000,12,1,0,0,recheck,0,still,0
1551,145,1,1,959,14,1,2,0,14,0,1,2,12,0,0,0,6,6,4,20,14,18,0.3981,0.3981,0.0000,8,1,0,0,recheck,0,still,0
1552,23,2,1,57,17,1,3,0,24,0,1,19,5,0,0,0,2,2,2,26,24,26,0.5276,0.2968,0.0000,10,1,0,0,recheck,0,still,0
1552,161,2,1,62,17,0,1,0,24,0,1,15,9,0,2,0,2,2,2,26,22,24,0.3780,0.2268,0.0000,9,1,0,0,recheck,0,still,0
1553,4,2,1,919,13,0,1,0,19,0,1,3,16,0,1,0,3,3,3,22,18,21,0.3714,0.3404,0.0000,8,1,0,0,recheck,0,still,0
1553,101,3,0,-1,5,0,3,0,5,0,0,5,0,0,0,0,0,0,0,5,5,5,0.2092,0.0000,0.0000,5,0,0,0,,0,hop,1
1554,31,2,0,-1,21,0,2,1,22,0,0,22,0,0,0,2,0,0,0,22,24,24,0.6266,0.0000,0.0000,12,0,0,0,,0,pending,0
1555,31,2,0,-1,21,0,2,1,22,0,0,22,0,0,0,2,0,0,0,22,24,24,0.6266,0.0000,0.0000,12,0,0,0,,0,hop,1
1555,68,3,1,648,16,1,2,0,12,0,1,0,12,0,0,0,9,9,9,21,12,21,0.3583,0.3583,0.0000,7,1,0,0,recheck,0,still,0
1556,57,1,1,187,21,0,1,0,22,0,1,15,7,0,0,0,3,3,3,25,22,25,0.6279,0.4432,0.0000,12,1,0,0,recheck,0,still,0
1556,135,1,1,175,21,0,1,0,29,0,1,25,4,0,3,0,1,1,0,30,26,26,0.3709,0.0265,0.0000,11,1,0,0,recheck,0,still,0
1557,89,1,1,247,21,1,2,0,26,0,0,26,0,0,0,0,0,0,0,26,26,26,0.8229,0.0000,0.0000,16,0,0,1,recheck,0,still,0
1558,1,2,1,815,18,0,2,0,14,0,1,1,13,0,0,0,7,7,7,21,14,21,0.3623,0.3623,0.0000,7,1,0,0,recheck,0,still,0
1558,87,1,1,200,22,1,2,0,25,0,1,24,1,0,0,0,1,1,2,26,25,27,0.6334,0.1408,0.0000,11,1,0,0,recheck,0,still,0
1558,195,1,1,913,17,1,2,0,15,0,1,1,14,0,0,0,8,8,6,23,15,21,0.3450,0.3450,0.0000,10,1,0,0,recheck,0,still,0
1559,8,2,1,727,19,0,1,0,25,0,1,9,16,0,0,0,2,2,2,27,25,27,0.4485,0.1794,0.0000,10,1,0,0,recheck,0,still,0
1559,19,3,1,35,19,0,2,0,23,0,1,13,10,0,0,0,3,3,3,26,23,26,0.5352,0.3568,0.0000,13,1,0,0,recheck,0,still,0
1559,199,1,1,849,12,1,3,0,3,0,1,0,3,0,0,0,11,11,11,14,3,14,0.2621,0.2621,0.0000,4,1,0,0,recheck,0,still,0
1560,5,2,1,928,14,1,2,0,21,0,1,6,15,0,0,0,2,2,2,23,21,23,0.4003,0.3079,0.0000,9,1,0,0,recheck,0,still,0
1560,6,2,1,929,15,1,2,0,24,0,1,7,17,0,0,0,1,1,1,25,24,25,0.4231,0.2720,0.0000,9,1,0,0,recheck,0,still,0
1560,17,3,1,116,18,0,2,0,21,0,1,11,10,0,0,0,2,2,2,23,21,23,0.5355,0.3273,0.0000,12,1,0,0,recheck,0,still,0
1560,97,3,0,-1,1,0,3,1,3,0,0,3,0,0,0,0,0,0,0,3,3,3,0.0299,0.0000,0.0000,1,0,0,0,,0,pending,0
1560,149,1,1,911,18,0,1,0,25,0,1,9,16,0,2,0,1,1,1,26,23,24,0.3525,0.2350,0.0000,7,1,0,0,recheck,0,still,0
1560,174,1,0,-1,13,0,2,0,17,0,0,17,0,0,0,0,0,0,0,17,17,17,0.6418,0.0000,0.0000,10,0,0,0,,0,hop,1
1561,40,1,1,828,14,0,2,0,18,0,1,5,13,0,0,1,1,1,1,19,19,20,0.4329,0.3246,0.0000,8,1,0,0,recheck,0,still,0
1561,97,3,0,-1,1,0,3,1,3,0,0,3,0,0,0,0,0,0,0,3,3,3,0.0299,0.0000,0.0000,1,0,0,0,,0,hop,1
1561,130,1,1,85,16,2,4,0,15,0,1,10,5,0,0,0,4,4,3,19,15,18,0.6518,0.4460,0.0000,11,1,0,0,recheck,0,still,0
1562,3,2,1,861,14,0,1,0,16,0,1,3,13,0,0,0,4,4,4,20,16,20,0.3726,0.3726,0.0000,7,1,0,0,recheck,0,still,0
1562,14,1,1,77,19,0,1,0,16,0,1,10,6,0,0,2,4,4,4,20,18,22,0.6280,0.2955,0.0000,10,1,0,0,recheck,0,still,0
1562,113,1,1,855,15,0,2,0,13,0,1,1,12,0,0,1,7,7,5,20,14,19,0.3235,0.3235,0.0000,7,1,0,0,recheck,0,still,0
1562,124,1,0,-1,2,0,1,1,2,0,0,2,0,0,0,0,0,0,0,2,2,2,0.0739,0.0000,0.0000,1,0,0,0,,0,pending,0
1563,124,1,0,-1,2,0,1,1,2,0,0,2,0,0,0,0,0,0,0,2,2,2,0.0739,0.0000,0.0000,1,0,0,0,,0,hop,1
1565,11,1,1,1078,19,0,1,0,21,0,1,10,11,0,0,0,2,2,2,23,21,23,0.5542,0.1847,0.0000,9,1,0,0,recheck,0,still,0
1566,9,1,1,916,21,0,1,0,23,0,1,9,14,0,0,0,2,2,2,25,23,25,0.5272,0.1647,0.0000,10,1,0,0,recheck,0,still,0
1566,115,2,1,1048,15,0,1,0,19,0,1,5,14,0,0,0,3,3,3,22,19,22,0.2693,0.2424,0.0000,7,1,0,0,recheck,0,still,0
1566,119,1,1,622,19,0,2,0,23,0,1,12,11,0,2,0,3,3,3,26,21,24,0.4710,0.2061,0.0000,11,1,0,0,recheck,0,still,0
1567,25,2,1,255,18,1,2,0,25,0,1,22,3,0,0,0,2,2,2,27,25,27,0.5598,0.1976,0.0000,11,1,0,0,recheck,0,still,0
1567,102,2,0,-1,0,0,2,1,0,0,0,0,0,0,0,0,0,0,0,0,0,0,0.0000,0.0000,0.0000,0,0,0,0,,0,pending,0
1567,152,1,0,-1,2,0,2,1,3,0,0,3,0,0,1,0,0,0,0,3,2,2,0.1831,0.0000,0.0000,3,0,0,0,,0,hop,1
1567,171,1,0,-1,20,0,1,0,27,0,1,22,5,0,3,0,2,2,2,29,24,26,0.4248,0.0797,0.0000,12,1,0,0,,0,start_holder,0
1568,102,2,0,-1,0,0,2,1,0,0,0,0,0,0,0,0,0,0,0,0,0,0,0.0000,0.0000,0.0000,0,0,0,0,,0,hop,1
1568,117,3,1,1028,17,0,1,0,25,0,1,9,16,0,0,0,1,1,1,26,25,26,0.4248,0.2249,0.0000,10,1,0,0,recheck,0,still,0
1569,2,1,1,733,15,0,1,0,16,0,1,1,15,0,1,0,5,5,5,21,15,20,0.3775,0.3775,0.0000,6,1,0,0,recheck,0,still,0
1569,7,2,1,934,16,0,2,0,23,0,1,7,16,0,0,0,1,1,1,24,23,24,0.4217,0.2595,0.0000,9,1,0,0,recheck,0,still,0
1569,79,1,0,-1,18,1,2,0,18,0,1,9,9,0,0,1,2,2,2,20,19,21,0.5649,0.3531,0.0000,9,1,0,0,,0,start_holder,0
1571,44,1,1,1153,20,0,2,0,22,0,1,10,12,0,0,0,2,2,2,24,22,24,0.4759,0.2040,0.0000,9,1,0,0,recheck,0,still,0
1571,56,1,1,126,20,0,4,0,23,0,1,14,9,0,0,0,3,3,3,26,23,26,0.5517,0.4414,0.0000,11,1,0,0,recheck,0,still,0
1571,91,1,0,-1,21,0,1,0,25,0,0,25,0,0,1,1,0,0,0,25,25,25,0.6902,0.0000,0.0000,13,0,0,0,,0,pending,0
1571,123,2,1,799,13,0,3,0,7,0,1,0,7,0,0,0,12,12,12,19,7,19,0.3550,0.3550,0.0000,7,1,0,0,recheck,0,still,0
1571,140,1,1,44,17,0,2,1,17,0,1,10,7,0,2,0,4,4,4,21,15,19,0.5014,0.2359,0.0000,11,1,0,0,recheck,0,still,0
1571,154,2,1,939,18,0,1,0,14,0,1,1,13,0,0,0,8,8,8,22,14,22,0.3452,0.3452,0.0000,9,1,0,0,recheck,0,still,0
1572,68,3,1,665,16,1,2,0,12,0,1,0,12,0,0,0,9,9,9,21,12,21,0.3583,0.3583,0.0000,7,1,0,0,period_end,0,still,0
1572,91,1,0,-1,21,0,1,0,25,0,0,25,0,0,1,1,0,0,0,25,25,25,0.6901,0.0000,0.0000,13,0,0,0,,0,hop,1
1572,118,3,1,1077,21,0,1,0,23,0,1,11,12,0,0,0,5,5,5,28,23,28,0.5252,0.2001,0.0000,14,1,0,0,recheck,0,still,0
1572,157,2,1,875,17,0,2,0,12,0,1,0,12,0,0,0,10,10,10,22,12,22,0.3241,0.3241,0.0000,7,1,0,0,recheck,0,still,0
1572,158,1,1,829,16,1,2,0,9,0,1,0,9,0,0,0,12,12,11,21,9,20,0.2596,0.2596,0.0000,5,1,0,0,recheck,0,still,0
1572,168,1,1,204,17,0,1,1,25,0,1,17,8,0,3,0,4,4,2,29,22,24,0.3470,0.2135,0.0000,8,1,0,0,recheck,0,still,0
1572,189,1,1,990,14,0,2,0,16,0,1,2,14,0,1,0,7,7,4,23,15,19,0.4202,0.4202,0.0000,10,1,0,0,recheck,0,still,0
1573,15,1,1,102,17,3,4,0,14,0,1,10,4,0,1,1,5,5,5,19,14,19,0.6327,0.4570,0.0000,10,1,0,0,recheck,0,still,0
1573,143,1,0,-1,20,1,2,0,22,0,0,22,0,0,1,2,0,0,0,22,23,23,0.6450,0.0000,0.0000,12,0,0,0,,0,pending,0
1574,26,3,1,68,21,0,2,0,27,0,1,26,1,0,0,0,0,0,0,27,27,27,0.5624,0.0296,0.0000,12,1,0,0,recheck,0,still,0
1574,86,1,1,123,21,0,2,0,24,0,1,22,2,0,0,0,2,2,2,26,24,26,0.6105,0.1796,0.0000,11,1,0,0,recheck,0,still,0
1574,143,1,0,-1,20,1,2,0,22,0,0,22,0,0,1,2,0,0,0,22,23,23,0.6449,0.0000,0.0000,12,0,0,0,,0,hop,1
1574,146,2,1,962,14,0,2,0,19,0,1,3,16,0,1,0,4,4,4,23,18,22,0.3519,0.3268,0.0000,9,1,0,0,recheck,0,still,0
1574,182,1,1,102,20,1,2,0,21,0,1,12,9,0,3,0,5,5,5,26,18,23,0.5199,0.2189,0.0000,13,1,0,0,recheck,0,still,0
1575,16,1,1,63,15,2,4,0,21,0,1,13,8,0,0,0,1,1,1,22,21,22,0.5054,0.3249,0.0000,8,1,0,0,recheck,0,still,0
1575,72,2,1,878,17,0,1,0,10,0,1,0,10,0,0,0,12,12,12,22,10,22,0.3642,0.3642,0.0000,6,1,0,0,recheck,0,still,0
1575,76,3,0,-1,18,0,3,0,17,0,1,11,6,0,0,0,5,5,5,22,17,22,0.5655,0.3572,0.0000,12,1,0,0,,0,start_holder,0
1575,114,1,1,839,15,1,2,0,14,0,1,3,11,0,0,0,5,5,4,19,14,18,0.2936,0.2936,0.0000,6,1,0,0,recheck,0,still,0
1576,50,1,0,-1,18,1,4,0,20,0,1,11,9,0,0,0,1,1,1,21,20,21,0.5902,0.3689,0.0000,9,1,0,0,,0,start_holder,0
1576,153,1,1,903,16,0,2,0,14,0,1,1,13,0,0,1,8,8,6,22,15,21,0.2609,0.2609,0.0000,6,1,0,0,recheck,0,still,0
1576,194,1,1,632,20,1,2,0,23,0,1,9,14,0,2,0,4,4,4,27,21,25,0.4343,0.3257,0.0000,12,1,0,0,recheck,0,still,0
1577,159,1,1,823,9,2,3,0,1,0,1,0,1,0,0,0,11,11,11,12,1,12,0.1742,0.1742,0.0000,3,1,0,0,recheck,0,still,0
1577,169,1,0,-1,16,2,3,0,12,0,1,6,6,0,0,1,5,5,5,17,13,18,0.6018,0.4248,0.0000,10,1,0,0,,0,start_holder,0
1578,35,2,1,728,18,0,1,0,15,0,1,1,14,0,0,1,6,6,6,21,16,22,0.3900,0.3900,0.0000,7,1,0,0,recheck,0,still,0
1578,77,3,1,38,16,3,4,0,22,0,1,11,11,0,0,0,3,3,3,25,22,25,0.5543,0.3501,0.0000,12,1,0,0,recheck,0,still,0
1578,116,2,1,859,16,0,1,0,22,0,1,5,17,0,0,0,2,2,1,24,22,23,0.4311,0.2964,0.0000,10,1,0,0,recheck,0,still,0
1580,13,2,0,-1,19,1,2,0,17,0,1,7,10,0,0,2,5,5,5,22,19,24,0.6266,0.4947,0.0000,11,1,0,0,,0,start_holder,0
1580,85,1,1,208,17,2,3,0,21,0,1,14,7,0,0,0,2,2,2,23,21,23,0.5722,0.3934,0.0000,10,1,0,0,recheck,0,still,0
1580,188,1,1,947,15,1,2,0,16,0,1,1,15,0,1,0,7,7,5,23,15,20,0.3811,0.3811,0.0000,10,1,0,0,recheck,0,still,0
1581,21,2,1,143,19,2,4,0,23,0,1,13,10,0,0,0,3,3,3,26,23,26,0.5588,0.4273,0.0000,12,1,0,0,recheck,0,still,0
1581,145,1,1,989,14,1,2,0,14,0,1,2,12,0,0,0,6,6,4,20,14,18,0.3993,0.3993,0.0000,8,1,0,0,recheck,0,still,0
1582,9,1,1,932,21,0,1,0,22,0,1,6,16,0,0,0,3,3,3,25,22,25,0.5253,0.3612,0.0000,10,1,0,0,period_end,0,still,0
1582,23,2,1,87,16,1,3,0,23,0,1,17,6,0,0,0,2,2,2,25,23,25,0.5276,0.2968,0.0000,10,1,0,0,recheck,0,still,0
1582,161,2,1,92,17,0,1,0,23,0,1,13,10,0,2,0,3,3,3,26,21,24,0.3780,0.2520,0.0000,9,1,0,0,recheck,0,still,0
1583,4,2,1,949,14,0,1,0,19,0,1,2,17,0,1,0,3,3,3,22,18,21,0.3714,0.3404,0.0000,8,1,0,0,recheck,0,still,0
1583,55,2,0,-1,21,1,4,0,23,0,1,13,10,0,0,0,3,3,3,26,23,26,0.6158,0.4537,0.0000,14,1,0,0,,0,start_holder,0
1585,68,3,1,678,16,1,2,0,12,0,1,0,12,0,0,0,9,9,9,21,12,21,0.3583,0.3583,0.0000,7,1,0,0,recheck,0,still,0
1586,49,2,0,-1,15,0,4,0,19,0,1,10,9,0,0,0,3,3,3,22,19,22,0.5831,0.4535,0.0000,10,1,0,0,,0,start_holder,0
1586,57,1,1,217,21,0,1,0,22,0,1,14,8,0,0,0,3,3,3,25,22,25,0.6279,0.4432,0.0000,12,1,0,0,recheck,0,still,0
1586,135,1,1,205,20,0,1,0,28,0,1,24,4,0,3,0,1,1,0,29,25,25,0.3974,0.0265,0.0000,11,1,0,0,recheck,0,still,0
1587,89,1,1,277,20,1,2,0,24,0,0,24,0,0,0,1,0,0,0,24,25,25,0.7501,0.0000,0.0000,13,0,0,1,recheck,0,still,0
1588,1,2,1,845,18,0,2,0,14,0,1,1,13,0,0,0,7,7,7,21,14,21,0.3623,0.3623,0.0000,7,1,0,0,recheck,0,still,0
1588,87,1,1,230,21,1,2,0,25,0,1,24,1,0,0,0,1,1,2,26,25,27,0.6333,0.1407,0.0000,11,1,0,0,recheck,0,still,0
1588,195,1,1,943,17,1,2,0,14,0,1,1,13,0,0,0,8,8,6,22,14,20,0.3449,0.3449,0.0000,10,1,0,0,recheck,0,still,0
1589,7,2,1,954,16,0,2,0,23,0,1,4,19,0,0,0,1,1,1,24,23,24,0.4216,0.3243,0.0000,9,1,0,0,period_end,0,still,0
1589,8,2,1,757,19,0,1,0,24,0,1,5,19,0,0,0,3,3,3,27,24,27,0.4453,0.3563,0.0000,10,1,0,0,recheck,0,still,0
1589,19,3,1,65,19,0,2,0,23,0,1,11,12,0,0,0,3,3,3,26,23,26,0.5357,0.4167,0.0000,13,1,0,0,recheck,0,still,0
1589,199,1,1,879,12,1,3,0,3,0,1,0,3,0,0,0,11,11,11,14,3,14,0.2621,0.2621,0.0000,4,1,0,0,recheck,0,still,0
1590,5,2,1,958,14,1,2,0,21,0,1,3,18,0,0,0,2,2,2,23,21,23,0.4003,0.3079,0.0000,9,1,0,0,recheck,0,still,0
1590,6,2,1,959,15,1,2,0,24,0,1,4,20,0,0,0,1,1,1,25,24,25,0.4231,0.3324,0.0000,9,1,0,0,recheck,0,still,0
1590,17,3,1,146,18,0,2,0,21,0,1,10,11,0,0,0,2,2,2,23,21,23,0.5355,0.3868,0.0000,12,1,0,0,recheck,0,still,0
1590,149,1,1,941,18,0,1,0,25,0,1,5,20,0,2,0,1,1,1,26,23,24,0.3525,0.2938,0.0000,7,1,0,0,recheck,0,still,0
1591,40,1,1,858,14,0,2,0,18,0,1,2,16,0,0,0,1,1,1,19,18,19,0.4329,0.3246,0.0000,8,1,0,0,recheck,0,still,0
1591,128,1,0,-1,17,0,1,0,25,0,1,14,11,0,3,0,3,3,3,28,22,25,0.4012,0.2942,0.0000,9,1,0,0,,0,start_holder,0
1591,130,1,1,115,16,2,4,0,14,0,1,6,8,0,0,0,5,5,4,19,14,18,0.6494,0.5810,0.0000,11,1,0,0,recheck,0,still,0
1592,3,2,1,891,14,0,1,0,16,0,1,2,14,0,0,0,4,4,4,20,16,20,0.3726,0.3726,0.0000,7,1,0,0,recheck,0,still,0
1592,14,1,1,107,19,0,1,0,15,0,1,5,10,0,0,2,5,5,5,20,17,22,0.6280,0.5541,0.0000,10,1,0,0,recheck,0,still,0
1592,113,1,1,885,15,0,2,0,13,0,1,1,12,0,0,1,7,7,5,20,14,19,0.3820,0.3820,0.0000,8,1,0,0,recheck,0,still,0
1593,151,1,1,57,20,0,1,0,19,0,1,6,13,0,1,1,5,5,5,24,19,24,0.4990,0.4110,0.0000,11,1,0,0,recheck,0,still,0
1595,11,1,1,1108,19,0,1,0,20,0,1,5,15,0,0,0,3,3,3,23,20,23,0.5541,0.4064,0.0000,9,1,0,0,recheck,0,still,0
1595,34,1,0,-1,4,2,3,0,5,0,0,5,0,0,0,0,0,0,0,5,5,5,0.2157,0.0000,0.0000,4,0,0,0,,0,hop,1
1595,170,2,1,56,16,1,4,0,17,0,1,9,8,0,0,0,4,4,4,21,17,21,0.5107,0.4469,0.0000,9,1,0,0,recheck,0,still,0
1596,9,1,1,946,21,0,1,0,22,0,1,5,17,0,0,0,3,3,3,25,22,25,0.5237,0.3600,0.0000,10,1,0,0,recheck,0,still,0
1596,58,1,1,59,16,0,2,0,21,0,1,16,5,0,0,0,2,2,2,23,21,23,0.5414,0.2887,0.0000,9,1,0,0,recheck,0,still,0
1596,115,2,1,1078,15,0,3,0,20,0,1,3,17,0,0,0,3,3,3,23,20,23,0.2693,0.2424,0.0000,7,1,0,0,recheck,0,still,0
1596,119,1,1,652,19,0,2,0,22,0,1,6,16,0,2,0,4,4,4,26,20,24,0.4122,0.3239,0.0000,10,1,0,0,recheck,0,still,0
1597,25,2,1,285,18,1,2,0,25,0,1,22,3,0,0,0,2,2,2,27,25,27,0.5598,0.1976,0.0000,11,1,0,0,recheck,0,still,0
1597,183,1,1,49,18,1,2,0,17,0,1,5,12,0,2,0,5,5,5,22,15,20,0.4624,0.3264,0.0000,11,1,0,0,recheck,0,still,0
1598,117,3,1,1058,17,0,1,0,25,0,1,5,20,0,0,0,1,1,1,26,25,26,0.3998,0.3499,0.0000,9,1,0,0,recheck,0,still,0
1599,2,1,1,763,15,0,1,0,16,0,1,1,15,0,1,0,5,5,5,21,15,20,0.3775,0.3775,0.0000,6,1,0,0,recheck,0,still,0
1599,7,2,1,964,16,0,2,0,23,0,1,4,19,0,0,0,1,1,1,24,23,24,0.4215,0.3242,0.0000,9,1,0,0,recheck,0,still,0
1599,47,2,1,53,19,0,2,0,15,0,1,5,10,0,0,2,6,6,6,21,17,23,0.6148,0.5177,0.0000,12,1,0,0,recheck,0,still,0
1601,44,1,1,1183,20,0,2,0,20,0,1,4,16,0,0,1,3,3,3,23,21,24,0.5112,0.4381,0.0000,9,1,0,0,recheck,0,still,0
1601,56,1,1,156,19,0,4,0,20,0,1,12,8,0,0,0,4,4,4,24,20,24,0.5505,0.4037,0.0000,10,1,0,0,recheck,0,still,0
1601,123,2,1,829,13,0,3,0,7,0,1,0,7,0,0,0,12,12,12,19,7,19,0.3550,0.3550,0.0000,7,1,0,0,recheck,0,still,0
1601,140,1,1,74,17,0,2,1,16,0,1,6,10,0,2,0,6,6,6,22,14,20,0.5015,0.3540,0.0000,11,1,0,0,recheck,0,still,0
1601,154,2,1,969,18,0,1,0,14,0,1,1,13,0,0,0,8,8,8,22,14,22,0.3452,0.3452,0.0000,9,1,0,0,recheck,0,still,0
1602,118,3,1,1107,21,0,1,0,22,0,1,6,16,0,0,0,6,6,6,28,22,28,0.5252,0.4001,0.0000,14,1,0,0,recheck,0,still,0
1602,157,2,1,905,17,0,2,0,12,0,1,0,12,0,0,0,10,10,10,22,12,22,0.3241,0.3241,0.0000,7,1,0,0,recheck,0,still,0
1602,158,1,1,859,16,1,2,0,9,0,1,0,9,0,0,0,12,12,11,21,9,20,0.2596,0.2596,0.0000,5,1,0,0,recheck,0,still,0
1602,166,2,0,-1,18,0,1,0,25,0,1,14,11,0,2,0,4,4,4,29,23,27,0.3489,0.2742,0.0000,9,1,0,0,,0,start_holder,0
1602,168,1,1,234,16,0,1,1,25,0,1,16,9,0,5,0,3,3,3,28,20,23,0.3470,0.2135,0.0000,8,1,0,0,recheck,0,still,0
1602,189,1,1,1020,14,0,2,0,16,0,1,2,14,0,1,0,7,7,4,23,15,19,0.4228,0.4228,0.0000,10,1,0,0,recheck,0,still,0
1603,15,1,1,132,17,3,4,0,14,0,1,7,7,0,1,1,5,5,5,19,14,19,0.6327,0.5624,0.0000,10,1,0,0,recheck,0,still,0
1604,26,3,1,98,21,0,2,0,27,0,1,26,1,0,0,0,0,0,0,27,27,27,0.5624,0.0296,0.0000,12,1,0,0,recheck,0,still,0
1604,86,1,1,153,20,0,2,0,24,0,1,22,2,0,0,0,2,2,2,26,24,26,0.6109,0.1797,0.0000,11,1,0,0,recheck,0,still,0
1604,146,2,1,992,13,1,3,0,19,0,1,2,17,0,1,0,4,4,3,23,18,21,0.3519,0.3267,0.0000,9,1,0,0,recheck,0,still,0
1604,182,1,1,132,20,1,2,0,19,0,1,7,12,0,2,0,6,6,6,25,17,23,0.5200,0.3831,0.0000,13,1,0,0,recheck,0,still,0
1605,16,1,1,93,15,2,4,0,19,0,1,9,10,0,0,0,2,2,2,21,19,21,0.5054,0.3610,0.0000,8,1,0,0,recheck,0,still,0
1605,72,2,1,908,17,0,1,0,10,0,1,0,10,0,0,0,12,12,12,22,10,22,0.3642,0.3642,0.0000,6,1,0,0,recheck,0,still,0
1605,84,1,0,-1,18,1,2,0,21,0,1,14,7,0,1,0,3,3,4,24,20,24,0.6186,0.4367,0.0000,11,1,0,0,,0,start_holder,0
1605,114,1,1,869,14,2,3,0,14,0,1,2,12,0,0,0,5,5,3,19,14,17,0.3229,0.2935,0.0000,7,1,0,0,recheck,0,still,0
1606,28,2,0,-1,20,0,2,0,26,0,0,25,1,0,1,0,0,0,0,26,25,25,0.5920,0.0312,0.0000,12,0,1,0,,0,hop,1
1606,153,1,1,933,16,0,2,0,14,0,1,1,13,0,0,1,8,8,6,22,15,21,0.2898,0.2898,0.0000,7,1,0,0,recheck,0,still,0
1606,194,1,1,662,20,1,2,0,21,0,1,6,15,0,2,0,6,6,6,27,19,25,0.4343,0.3529,0.0000,12,1,0,0,recheck,0,still,0
1607,159,1,1,853,9,2,3,0,1,0,1,0,1,0,0,0,11,11,11,12,1,12,0.1742,0.1742,0.0000,3,1,0,0,recheck,0,still,0
1608,35,2,1,758,18,0,1,0,15,0,1,1,14,0,0,1,6,6,6,21,16,22,0.3900,0.3900,0.0000,7,1,0,0,recheck,0,still,0
1608,77,3,1,68,16,3,4,0,22,0,1,7,15,0,0,0,2,2,2,24,22,24,0.5543,0.4376,0.0000,12,1,0,0,recheck,0,still,0
1608,116,2,1,889,16,0,1,0,23,0,1,4,19,0,0,0,3,3,2,26,23,25,0.4310,0.3502,0.0000,10,1,0,0,recheck,0,still,0
1610,188,1,1,977,15,1,2,0,16,0,1,1,15,0,1,0,7,7,5,23,15,20,0.3265,0.3265,0.0000,9,1,0,0,recheck,0,still,0
1611,21,2,1,173,18,2,4,0,22,0,1,10,12,0,0,0,3,3,3,25,22,25,0.5582,0.4926,0.0000,11,1,0,0,recheck,0,still,0
1611,119,1,1,667,19,0,2,0,24,0,1,6,18,0,2,0,3,3,3,27,22,25,0.4711,0.3827,0.0000,11,1,0,0,period_end,0,still,0
1611,145,1,1,1019,14,1,2,0,14,0,1,2,12,0,0,0,6,6,4,20,14,18,0.4028,0.4028,0.0000,8,1,0,0,recheck,0,still,0
1612,23,2,1,117,16,1,2,0,24,0,1,18,6,0,0,0,2,2,2,26,24,26,0.5251,0.2954,0.0000,10,1,0,0,recheck,0,still,0
1612,88,1,0,-1,21,0,1,0,23,0,1,22,1,0,0,1,0,0,0,23,24,24,0.6434,0.0357,0.0000,11,0,1,0,,0,hop,1
1612,161,2,1,122,17,0,1,0,24,0,1,8,16,0,2,0,1,1,1,25,22,23,0.3780,0.2520,0.0000,9,1,0,0,recheck,0,still,0
1613,4,2,1,979,15,0,1,0,18,0,1,2,16,0,0,0,3,3,3,21,18,21,0.3714,0.3404,0.0000,8,1,0,0,recheck,0,still,0
1613,75,1,0,-1,2,1,2,0,3,0,0,3,0,0,0,0,0,0,0,3,3,3,0.0366,0.0000,0.0000,1,0,0,0,,0,pending,0
1613,171,1,1,46,20,0,1,0,28,0,1,22,6,0,3,0,1,1,1,29,25,26,0.4514,0.0797,0.0000,13,1,0,0,recheck,0,still,0
1613,194,1,1,669,20,1,2,0,26,0,1,6,20,0,2,0,1,1,1,27,24,25,0.4343,0.3529,0.0000,12,1,0,0,period_end,0,still,0
1614,75,1,0,-1,2,1,2,0,3,0,0,3,0,0,0,0,0,0,0,3,3,3,0.0366,0.0000,0.0000,1,0,0,0,,0,hop,1
1615,68,3,1,708,16,1,2,0,12,0,1,0,12,0,0,0,9,9,9,21,12,21,0.3583,0.3583,0.0000,7,1,0,0,recheck,0,still,0
1615,154,2,1,983,18,0,1,0,14,0,1,1,13,0,0,0,8,8,8,22,14,22,0.3452,0.3452,0.0000,9,1,0,0,period_end,0,still,0
1616,57,1,1,247,20,0,1,0,21,0,1,13,8,0,0,0,3,3,3,24,21,24,0.6253,0.4414,0.0000,11,1,0,0,recheck,0,still,0
1616,135,1,1,235,20,0,1,0,29,0,1,24,5,0,4,0,0,0,0,29,25,25,0.4239,0.0265,0.0000,12,1,0,0,recheck,0,still,0
1617,6,2,1,986,15,1,2,0,25,0,1,4,21,0,0,0,0,0,0,25,25,25,0.4231,0.3324,0.0000,9,1,0,0,period_end,0,still,0
1617,89,1,1,307,20,1,2,0,24,0,0,24,0,0,0,1,0,0,0,24,25,25,0.7489,0.0000,0.0000,13,0,0,1,recheck,0,still,0
1617,188,1,1,984,15,1,2,0,16,0,1,1,15,0,1,0,7,7,5,23,15,20,0.3264,0.3264,0.0000,9,1,0,0,period_end,0,still,0
1618,1,2,1,875,18,0,2,0,14,0,1,1,13,0,0,0,7,7,7,21,14,21,0.3623,0.3623,0.0000,7,1,0,0,recheck,0,still,0
1618,87,1,1,260,21,1,2,0,25,0,1,23,2,0,0,0,0,0,1,25,25,26,0.5622,0.1406,0.0000,10,1,0,0,recheck,0,still,0
1618,195,1,1,973,17,1,2,0,14,0,1,1,13,0,0,0,8,8,6,22,14,20,0.3976,0.3976,0.0000,11,1,0,0,recheck,0,still,0
1619,8,2,1,787,19,0,1,0,27,0,1,5,22,0,0,0,0,0,0,27,27,27,0.4422,0.3538,0.0000,10,1,0,0,recheck,0,still,0
1619,19,3,1,95,18,0,2,0,22,0,1,8,14,0,0,0,3,3,3,25,22,25,0.6241,0.5052,0.0000,13,1,0,0,recheck,0,still,0
1619,199,1,1,909,12,1,3,0,3,0,1,0,3,0,0,0,11,11,11,14,3,14,0.2621,0.2621,0.0000,4,1,0,0,recheck,0,still,0
1620,5,2,1,988,14,1,2,0,21,0,1,3,18,0,0,0,2,2,2,23,21,23,0.4003,0.3079,0.0000,9,1,0,0,recheck,0,still,0
1620,6,2,1,989,15,1,2,0,25,0,1,4,21,0,0,0,0,0,0,25,25,25,0.4231,0.3324,0.0000,9,1,0,0,recheck,0,still,0
1620,17,3,1,176,17,0,2,0,21,0,1,7,14,0,0,0,1,1,1,22,21,22,0.5354,0.3866,0.0000,11,1,0,0,recheck,0,still,0
1620,50,1,1,44,18,1,4,0,20,0,1,7,13,0,0,0,0,0,0,20,20,20,0.5908,0.4431,0.0000,9,1,0,0,recheck,0,still,0
1620,132,1,0,-1,20,0,2,0,21,0,0,21,0,0,0,3,0,0,0,21,24,24,0.6096,0.0000,0.0000,10,0,0,0,,0,pending,0
1620,149,1,1,971,18,0,1,0,25,0,1,5,20,0,1,0,0,0,0,25,24,24,0.3525,0.2938,0.0000,7,1,0,0,recheck,0,still,0
1621,40,1,1,888,14,0,2,0,18,0,1,2,16,0,0,0,1,1,1,19,18,19,0.4329,0.3246,0.0000,8,1,0,0,recheck,0,still,0
1621,130,1,1,145,16,2,4,0,18,0,1,6,12,0,1,0,1,1,1,19,17,18,0.6486,0.5803,0.0000,11,1,0,0,recheck,0,still,0
1621,132,1,0,-1,20,0,2,0,21,0,0,21,0,0,0,3,0,0,0,21,24,24,0.6096,0.0000,0.0000,10,0,0,0,,0,hop,1
1622,3,2,1,921,14,0,1,0,16,0,1,2,14,0,0,0,4,4,4,20,16,20,0.3726,0.3726,0.0000,7,1,0,0,recheck,0,still,0
1622,14,1,1,137,19,0,1,0,19,0,1,5,14,0,0,2,1,1,1,20,21,22,0.5910,0.5172,0.0000,9,1,0,0,recheck,0,still,0
1622,113,1,1,915,15,0,2,0,13,0,1,1,12,0,0,1,7,7,5,20,14,19,0.3818,0.3818,0.0000,8,1,0,0,recheck,0,still,0
1623,127,1,0,-1,19,0,2,1,22,0,1,6,16,0,3,0,2,2,2,24,19,21,0.4308,0.3231,0.0000,10,1,0,0,,0,start_holder,0
1623,151,1,1,87,20,0,1,0,23,0,1,6,17,0,1,1,1,1,1,24,23,24,0.4991,0.4110,0.0000,11,1,0,0,recheck,0,still,0
1624,13,2,1,44,19,1,2,0,22,0,1,6,16,0,0,1,1,1,1,23,23,24,0.6266,0.5607,0.0000,11,1,0,0,recheck,0,still,0
1624,79,1,1,55,17,1,2,0,18,0,1,4,14,0,0,1,1,1,1,19,19,20,0.5652,0.4592,0.0000,9,1,0,0,recheck,0,still,0
1625,11,1,1,1138,21,0,1,0,23,0,1,5,18,0,0,2,0,0,0,23,25,25,0.5541,0.4064,0.0000,9,1,0,0,recheck,0,still,0
1625,170,2,1,86,16,1,4,0,20,0,1,7,13,0,0,0,1,1,1,21,20,21,0.5109,0.4470,0.0000,9,1,0,0,recheck,0,still,0
1626,4,2,1,992,15,0,1,0,18,0,1,2,16,0,0,0,3,3,3,21,18,21,0.3714,0.3404,0.0000,8,1,0,0,period_end,0,still,0
1626,9,1,1,976,21,0,1,0,26,0,1,5,21,0,1,0,0,0,0,26,25,25,0.5202,0.3577,0.0000,10,1,0,0,recheck,0,still,0
1626,58,1,1,89,16,0,2,0,22,0,1,17,5,0,0,0,2,2,2,24,22,24,0.5414,0.2888,0.0000,9,1,0,0,recheck,0,still,0
1626,115,2,1,1108,15,0,3,0,20,0,1,3,17,0,0,0,3,3,3,23,20,23,0.2693,0.2423,0.0000,7,1,0,0,recheck,0,still,0
1626,119,1,1,682,19,0,2,0,26,0,1,6,20,0,2,0,1,1,1,27,24,25,0.4711,0.3828,0.0000,11,1,0,0,recheck,0,still,0
1627,25,2,1,315,18,1,2,0,26,0,1,22,4,0,0,0,1,1,1,27,26,27,0.5550,0.1959,0.0000,11,1,0,0,recheck,0,still,0
1627,183,1,1,79,18,1,2,0,22,0,1,6,16,0,2,0,1,1,1,23,20,21,0.4636,0.3273,0.0000,11,1,0,0,recheck,0,still,0
1628,76,3,1,53,18,0,3,0,21,0,1,7,14,0,0,0,1,1,1,22,21,22,0.5655,0.4465,0.0000,12,1,0,0,recheck,0,still,0
1628,117,3,1,1088,17,0,1,0,26,0,1,5,21,0,0,0,0,0,0,26,26,26,0.3998,0.3499,0.0000,9,1,0,0,recheck,0,still,0
1628,146,2,1,1016,13,1,3,0,19,0,1,2,17,0,1,0,4,4,3,23,18,21,0.3765,0.3514,0.0000,10,1,0,0,period_end,0,still,0
1629,2,1,1,793,15,0,1,0,16,0,1,1,15,0,1,0,5,5,5,21,15,20,0.3775,0.3775,0.0000,6,1,0,0,recheck,0,still,0
1629,7,2,1,994,16,0,2,0,24,0,1,4,20,0,0,0,0,0,0,24,24,24,0.4212,0.3240,0.0000,9,1,0,0,recheck,0,still,0
1629,47,2,1,83,19,0,2,0,20,0,1,5,15,0,0,2,1,1,1,21,22,23,0.6147,0.5177,0.0000,12,1,0,0,recheck,0,still,0
1630,153,1,1,957,16,0,2,0,14,0,1,1,13,0,0,1,8,8,6,22,15,21,0.2895,0.2895,0.0000,7,1,0,0,period_end,0,still,0
1631,44,1,1,1213,21,0,2,0,22,0,1,4,18,0,0,2,0,0,0,22,24,24,0.5113,0.4382,0.0000,9,1,0,0,recheck,0,still,0
1631,56,1,1,186,19,0,4,0,21,0,1,11,10,0,0,0,3,3,3,24,21,24,0.5501,0.4400,0.0000,10,1,0,0,recheck,0,still,0
1631,123,2,1,859,13,0,3,0,7,0,1,0,7,0,0,0,12,12,12,19,7,19,0.3550,0.3550,0.0000,7,1,0,0,recheck,0,still,0
1631,140,1,1,104,17,0,2,1,21,0,1,6,15,0,2,0,1,1,1,22,19,20,0.5028,0.3549,0.0000,11,1,0,0,recheck,0,still,0
1631,154,2,1,999,18,0,1,0,14,0,1,1,13,0,0,0,8,8,8,22,14,22,0.3717,0.3717,0.0000,10,1,0,0,recheck,0,still,0
1632,118,3,1,1137,21,0,1,0,27,0,1,6,21,0,0,0,1,1,1,28,27,28,0.5252,0.4001,0.0000,14,1,0,0,recheck,0,still,0
1632,157,2,1,935,17,0,2,0,12,0,1,0,12,0,0,0,10,10,10,22,12,22,0.3241,0.3241,0.0000,7,1,0,0,recheck,0,still,0
1632,158,1,1,889,16,1,2,0,8,0,1,0,8,0,0,0,12,12,11,20,8,19,0.2596,0.2596,0.0000,5,1,0,0,recheck,0,still,0
1632,168,1,1,264,17,0,1,1,25,0,1,14,11,0,4,0,2,2,2,27,21,23,0.3737,0.2402,0.0000,9,1,0,0,recheck,0,still,0
1632,189,1,1,1050,14,0,2,0,16,0,1,2,14,0,1,0,6,6,4,22,15,19,0.4317,0.4317,0.0000,10,1,0,0,recheck,0,still,0
1633,15,1,1,162,17,3,4,0,18,0,1,6,12,0,1,1,1,1,1,19,18,19,0.6300,0.5600,0.0000,10,1,0,0,recheck,0,still,0
1633,126,2,0,-1,18,0,1,1,21,0,1,6,15,0,2,0,3,3,3,24,19,22,0.3257,0.2506,0.0000,9,1,0,0,,0,start_holder,0
1633,128,1,1,42,17,0,1,0,25,0,1,13,12,0,3,0,3,3,3,28,22,25,0.4012,0.2942,0.0000,9,1,0,0,recheck,0,still,0
1634,26,3,1,128,21,0,2,0,27,0,1,26,1,0,0,0,0,0,0,27,27,27,0.5569,0.0293,0.0000,12,1,0,0,recheck,0,still,0
1634,86,1,1,183,20,0,2,0,25,0,1,22,3,0,0,0,1,1,2,26,25,27,0.6103,0.1795,0.0000,11,1,0,0,recheck,0,still,0
1634,146,2,1,1022,13,1,3,0,19,0,1,2,17,0,1,0,4,4,3,23,18,21,0.3763,0.3512,0.0000,10,1,0,0,recheck,0,still,0
1634,166,2,1,32,18,0,1,0,25,0,1,13,12,0,2,0,4,4,4,29,23,27,0.3739,0.3240,0.0000,10,1,0,0,recheck,0,still,0
1634,182,1,1,162,20,1,2,0,24,0,1,7,17,0,2,0,1,1,1,25,22,23,0.5200,0.3832,0.0000,13,1,0,0,recheck,0,still,0
1635,16,1,1,123,15,2,4,0,19,0,1,6,13,0,0,0,2,2,2,21,19,21,0.5055,0.3611,0.0000,8,1,0,0,recheck,0,still,0
1635,72,2,1,938,17,0,1,0,10,0,1,0,10,0,0,0,12,12,12,22,10,22,0.3642,0.3642,0.0000,6,1,0,0,recheck,0,still,0
1635,114,1,1,899,14,2,3,0,14,0,1,2,12,0,0,0,5,5,3,19,14,17,0.3225,0.2932,0.0000,7,1,0,0,recheck,0,still,0
1636,153,1,1,963,16,0,2,0,14,0,1,1,13,0,0,1,8,8,6,22,15,21,0.2895,0.2895,0.0000,7,1,0,0,recheck,0,still,0
1636,169,1,1,59,18,2,3,0,16,0,1,5,11,0,0,3,1,1,1,17,19,20,0.6026,0.4962,0.0000,10,1,0,0,recheck,0,still,0
1636,194,1,1,692,20,1,2,0,27,0,1,6,21,0,2,0,1,1,1,28,25,26,0.4343,0.3529,0.0000,12,1,0,0,recheck,0,still,0
1637,159,1,1,883,9,2,3,0,1,0,1,0,1,0,0,0,11,11,11,12,1,12,0.1742,0.1742,0.0000,3,1,0,0,recheck,0,still,0
1637,165,1,0,-1,18,1,2,0,20,0,1,6,14,0,3,0,4,4,4,24,17,21,0.4225,0.3231,0.0000,11,1,0,0,,0,start_holder,0
1638,35,2,1,788,17,0,1,0,15,0,1,1,14,0,0,1,6,6,6,21,16,22,0.3900,0.3900,0.0000,7,1,0,0,recheck,0,still,0
1638,62,2,0,-1,20,1,2,0,24,0,0,24,0,0,0,2,0,0,0,24,26,26,0.6714,0.0000,0.0000,13,0,0,0,,0,pending,0
1638,77,3,1,98,16,3,4,0,21,0,1,4,17,0,0,0,3,3,3,24,21,24,0.5546,0.4379,0.0000,12,1,0,0,recheck,0,still,0
1638,116,2,1,919,16,0,1,0,24,0,1,4,20,0,0,0,2,2,1,26,24,25,0.4310,0.3502,0.0000,10,1,0,0,recheck,0,still,0
1638,145,1,1,1046,14,1,2,0,13,0,1,2,11,0,0,1,6,6,4,19,14,18,0.3804,0.3804,0.0000,8,1,0,0,period_end,0,still,0
1639,55,2,1,56,20,1,4,0,22,0,1,12,10,0,0,0,3,3,3,25,22,25,0.6157,0.4537,0.0000,13,1,0,0,recheck,0,still,0
1639,62,2,0,-1,20,1,2,0,24,0,0,24,0,0,0,2,0,0,0,24,26,26,0.6714,0.0000,0.0000,13,0,0,0,,0,hop,1
1640,188,1,1,1007,15,1,2,0,16,0,1,1,15,0,1,0,7,7,5,23,15,20,0.3257,0.3257,0.0000,9,1,0,0,recheck,0,still,0
1641,12,2,0,-1,20,0,1,0,22,0,1,4,18,0,0,2,1,1,1,23,24,25,0.5536,0.4885,0.0000,10,1,0,0,,0,start_holder,0
1641,21,2,1,203,18,2,4,0,21,0,1,10,11,0,0,0,4,4,4,25,21,25,0.5903,0.4919,0.0000,12,1,0,0,recheck,0,still,0
1641,25,2,1,329,18,1,2,0,26,0,1,22,4,0,0,0,1,1,1,27,26,27,0.5529,0.1952,0.0000,11,1,0,0,period_end,0,still,0
1641,107,3,0,-1,19,1,2,0,22,0,0,22,0,0,0,0,0,0,0,22,22,22,0.7319,0.0000,0.0000,16,0,0,1,,0,start_crowd,0
1641,145,1,1,1049,14,1,2,0,13,0,1,1,12,0,0,1,6,6,4,19,14,18,0.3806,0.3806,0.0000,8,1,0,0,recheck,0,still,0
1642,23,2,1,147,16,1,2,0,24,0,1,17,7,0,0,0,2,2,2,26,24,26,0.5220,0.2936,0.0000,10,1,0,0,recheck,0,still,0
1642,161,2,1,152,17,0,1,0,23,0,1,5,18,0,2,0,2,2,2,25,21,23,0.3780,0.2520,0.0000,9,1,0,0,recheck,0,still,0
1643,4,2,1,1009,15,0,1,0,16,0,1,1,15,0,0,0,5,5,5,21,16,21,0.3714,0.3404,0.0000,8,1,0,0,recheck,0,still,0
1643,10,1,0,-1,20,1,2,0,21,0,1,3,18,0,0,0,3,3,3,24,21,24,0.5541,0.4803,0.0000,9,1,0,0,,0,start_holder,0
1643,171,1,1,76,19,0,1,0,28,0,1,21,7,0,3,0,1,1,1,29,25,26,0.4514,0.0797,0.0000,13,1,0,0,recheck,0,still,0
1644,49,2,1,58,15,0,4,0,19,0,1,5,14,0,0,0,2,2,2,21,19,21,0.5809,0.4518,0.0000,10,1,0,0,recheck,0,still,0
1644,99,2,0,-1,7,2,4,0,8,0,0,8,0,0,0,0,0,0,0,8,8,8,0.3548,0.0000,0.0000,7,0,0,0,,0,pending,0
1645,68,3,1,738,16,1,2,0,12,0,1,0,12,0,0,0,9,9,9,21,12,21,0.3583,0.3583,0.0000,7,1,0,0,recheck,0,still,0
1645,99,2,0,-1,7,2,4,0,8,0,0,8,0,0,0,0,0,0,0,8,8,8,0.3547,0.0000,0.0000,7,0,0,0,,0,hop,1
1645,113,1,1,938,15,0,2,0,13,0,1,0,13,0,0,1,7,7,5,20,14,19,0.3809,0.3809,0.0000,8,1,0,0,period_end,0,still,0
1646,57,1,1,277,20,0,1,0,21,0,1,13,8,0,0,0,3,3,3,24,21,24,0.6227,0.4395,0.0000,11,1,0,0,recheck,0,still,0
1646,135,1,1,265,20,0,1,0,29,0,1,23,6,0,4,0,0,0,0,29,25,25,0.3974,0.0265,0.0000,11,1,0,0,recheck,0,still,0
1647,80,1,0,-1,18,1,2,0,17,0,1,4,13,0,0,0,3,3,3,20,17,20,0.4972,0.4261,0.0000,8,1,0,0,,0,start_holder,0
1647,89,1,1,337,20,1,2,0,24,0,1,23,1,0,0,1,0,0,0,24,25,25,0.7507,0.1072,0.0000,13,1,0,1,recheck,0,still,0
1647,103,1,0,-1,4,3,5,0,5,0,0,5,0,0,0,0,0,0,0,5,5,5,0.1847,0.0000,0.0000,3,0,0,0,,0,pending,0
1648,1,2,1,905,18,0,2,0,14,0,1,0,14,0,0,0,7,7,7,21,14,21,0.3623,0.3623,0.0000,7,1,0,0,recheck,0,still,0
1648,87,1,1,290,21,1,2,0,24,0,1,21,3,0,0,0,0,0,1,24,24,25,0.5626,0.1406,0.0000,10,1,0,0,recheck,0,still,0
1648,103,1,0,-1,4,3,5,0,5,0,0,5,0,0,0,0,0,0,0,5,5,5,0.1847,0.0000,0.0000,3,0,0,0,,0,hop,1
1648,195,1,1,1003,17,1,2,0,14,0,1,0,14,0,0,0,8,8,6,22,14,20,0.3971,0.3971,0.0000,11,1,0,0,recheck,0,still,0
1649,8,2,1,817,16,0,1,0,23,0,1,3,20,0,0,0,2,2,2,25,23,25,0.3957,0.3957,0.0000,9,1,0,0,recheck,0,still,0
1649,19,3,1,125,18,0,2,0,20,0,1,8,12,0,0,0,5,5,5,25,20,25,0.6236,0.5048,0.0000,13,1,0,0,recheck,0,still,0
1649,67,2,0,-1,12,1,3,0,14,0,0,14,0,0,0,0,0,0,0,14,14,14,0.6272,0.0000,0.0000,11,0,0,0,,0,hop,1
1649,90,1,0,-1,18,0,2,1,25,0,1,23,2,0,2,0,0,0,0,25,23,23,0.6435,0.1355,0.0000,13,1,0,0,,0,start_holder,0
1649,199,1,1,939,12,1,3,0,3,0,1,0,3,0,0,0,11,11,11,14,3,14,0.2621,0.2621,0.0000,4,1,0,0,recheck,0,still,0
1650,5,2,1,1018,14,1,2,0,19,0,1,1,18,0,0,0,4,4,4,23,19,23,0.4003,0.4003,0.0000,9,1,0,0,recheck,0,still,0
1650,6,2,1,1019,15,1,2,0,23,0,1,2,21,0,0,0,2,2,2,25,23,25,0.4231,0.4231,0.0000,9,1,0,0,recheck,0,still,0
1650,17,3,1,206,17,0,2,0,19,0,1,5,14,0,0,0,3,3,3,22,19,22,0.5345,0.4157,0.0000,11,1,0,0,recheck,0,still,0
1650,50,1,1,74,18,1,4,0,18,0,1,3,15,0,0,0,2,2,2,20,18,20,0.5898,0.4792,0.0000,9,1,0,0,recheck,0,still,0
1650,142,2,0,-1,17,1,3,0,20,0,1,4,16,0,0,0,2,2,2,22,20,22,0.6629,0.5682,0.0000,12,1,0,0,,0,start_holder,0
1650,149,1,1,1001,18,0,1,0,23,0,1,2,21,0,1,0,2,2,2,25,22,24,0.3819,0.3819,0.0000,8,1,0,0,recheck,0,still,0
1651,40,1,1,918,13,0,2,0,16,0,1,0,16,0,0,0,3,3,3,19,16,19,0.4329,0.4329,0.0000,8,1,0,0,recheck,0,still,0
1651,130,1,1,175,16,2,4,0,17,0,1,3,14,0,1,0,2,2,2,19,16,18,0.6459,0.6119,0.0000,11,1,0,0,recheck,0,still,0
1651,180,1,0,-1,16,0,2,0,21,0,1,20,1,0,1,0,0,0,0,21,20,20,0.7232,0.0986,0.0000,13,0,1,1,,0,start_crowd,0
1652,3,2,1,951,14,0,1,0,15,0,1,0,15,0,0,0,5,5,5,20,15,20,0.3726,0.3726,0.0000,7,1,0,0,recheck,0,still,0
1652,14,1,1,167,19,0,1,0,18,0,1,3,15,0,0,1,2,2,3,20,19,22,0.5910,0.5910,0.0000,9,1,0,0,recheck,0,still,0
1652,113,1,1,945,15,0,2,0,13,0,1,0,13,0,0,1,7,7,5,20,14,19,0.3808,0.3808,0.0000,8,1,0,0,recheck,0,still,0
1653,151,1,1,117,20,0,1,0,21,0,1,4,17,0,1,1,4,4,4,25,21,25,0.4991,0.4697,0.0000,11,1,0,0,recheck,0,still,0
1654,13,2,1,74,19,1,2,0,21,0,1,4,17,0,0,1,3,3,3,24,22,25,0.6266,0.6266,0.0000,11,1,0,0,recheck,0,still,0
1654,51,1,0,-1,18,0,4,0,18,0,1,2,16,0,1,0,4,4,4,22,17,21,0.5663,0.4955,0.0000,9,1,0,0,,0,start_holder,0
1654,79,1,1,85,17,1,2,0,15,0,1,2,13,0,0,1,4,4,4,19,16,20,0.5651,0.4945,0.0000,9,1,0,0,recheck,0,still,0
1655,11,1,1,1168,21,0,1,0,20,0,1,2,18,0,0,2,3,3,3,23,22,25,0.5541,0.5541,0.0000,9,1,0,0,recheck,0,still,0
1655,72,2,1,958,17,0,1,0,10,0,1,0,10,0,0,0,12,12,12,22,10,22,0.3642,0.3642,0.0000,6,1,0,0,period_end,0,still,0
1655,89,1,1,345,20,1,2,0,24,0,1,22,2,0,0,1,0,0,0,24,25,25,0.7511,0.1073,0.0000,13,1,0,1,period_end,0,still,0
1655,170,2,1,116,16,1,4,0,19,0,1,3,16,0,0,0,3,3,3,22,19,22,0.5111,0.5111,0.0000,9,1,0,0,recheck,0,still,0
1655,174,1,0,-1,13,1,2,0,16,0,0,16,0,0,0,0,0,0,0,16,16,16,0.6574,0.0000,0.0000,10,0,0,0,,0,hop,1
1655,195,1,1,1010,17,1,2,0,14,0,1,0,14,0,0,0,8,8,6,22,14,20,0.3971,0.3971,0.0000,11,1,0,0,period_end,0,still,0
1656,9,1,1,1006,18,0,1,0,22,0,1,2,20,0,0,0,2,2,2,24,22,24,0.5172,0.5172,0.0000,9,1,0,0,recheck,0,still,0
1656,58,1,1,119,16,0,2,0,22,0,1,14,8,0,0,0,2,2,2,24,22,24,0.5413,0.2887,0.0000,9,1,0,0,recheck,0,still,0
1656,115,2,1,1138,15,0,3,0,18,0,1,1,17,0,0,0,5,5,5,23,18,23,0.2693,0.2693,0.0000,7,1,0,0,recheck,0,still,0
1656,119,1,1,712,20,0,2,0,23,0,1,2,21,0,2,0,4,4,4,27,21,25,0.4711,0.4416,0.0000,11,1,0,0,recheck,0,still,0
1656,136,2,0,-1,9,0,4,0,10,0,0,10,0,0,1,0,0,0,0,10,9,9,0.4416,0.0000,0.0000,9,0,0,0,,0,pending,0
1657,25,2,1,345,18,1,2,0,26,0,1,19,7,0,0,0,1,1,1,27,26,27,0.5510,0.1945,0.0000,11,1,0,0,recheck,0,still,0
1657,136,2,0,-1,9,0,4,0,10,0,0,10,0,0,1,0,0,0,0,10,9,9,0.4418,0.0000,0.0000,9,0,0,0,,0,hop,1
1657,183,1,1,109,17,0,2,1,19,0,1,3,16,0,2,0,3,3,3,22,17,20,0.4647,0.4100,0.0000,11,1,0,0,recheck,0,still,0
1658,76,3,1,83,18,0,3,0,19,0,1,3,16,0,0,0,3,3,3,22,19,22,0.5656,0.5656,0.0000,12,1,0,0,recheck,0,still,0
1658,84,1,1,53,18,1,2,0,22,0,1,12,10,0,1,0,2,2,3,24,21,24,0.6154,0.4344,0.0000,11,1,0,0,recheck,0,still,0
1658,117,3,1,1118,17,0,1,0,24,0,1,2,22,0,0,0,2,2,2,26,24,26,0.3998,0.3998,0.0000,9,1,0,0,recheck,0,still,0
1659,2,1,1,823,15,0,1,0,16,0,1,0,16,0,1,0,5,5,5,21,15,20,0.3775,0.3775,0.0000,6,1,0,0,recheck,0,still,0
1659,7,2,1,1024,16,0,2,0,21,0,1,1,20,0,0,0,3,3,3,24,21,24,0.4210,0.4210,0.0000,9,1,0,0,recheck,0,still,0
1659,47,2,1,113,19,0,2,0,17,0,1,2,15,0,0,1,4,4,5,21,18,23,0.6143,0.6143,0.0000,12,1,0,0,recheck,0,still,0
1659,54,2,0,-1,18,3,4,0,19,0,1,6,13,0,0,0,4,4,4,23,19,23,0.5739,0.5101,0.0000,11,1,0,0,,0,start_holder,0
1660,29,2,0,-1,18,0,1,0,25,0,1,23,2,0,1,0,0,0,0,25,24,24,0.6235,0.0935,0.0000,12,1,0,0,,0,start_holder,0
1661,44,1,1,1243,21,0,2,0,18,0,1,2,16,0,0,2,4,4,4,22,20,24,0.4749,0.4749,0.0000,8,1,0,0,recheck,0,still,0
1661,56,1,1,216,19,0,4,0,21,0,1,10,11,0,0,0,4,4,4,25,21,25,0.5478,0.4383,0.0000,10,1,0,0,recheck,0,still,0
1661,123,2,1,889,13,0,3,0,7,0,1,0,7,0,0,0,12,12,12,19,7,19,0.3550,0.3550,0.0000,7,1,0,0,recheck,0,still,0
1661,133,2,0,-1,13,2,3,0,16,0,0,16,0,0,1,0,0,0,0,16,15,15,0.6267,0.0000,0.0000,11,0,0,0,,0,pending,0
1661,140,1,1,134,18,1,2,0,17,0,1,2,15,0,1,1,5,5,4,22,17,21,0.5040,0.4447,0.0000,11,1,0,0,recheck,0,still,0
1661,154,2,1,1029,18,0,1,0,14,0,1,0,14,0,0,0,8,8,8,22,14,22,0.3717,0.3717,0.0000,10,1,0,0,recheck,0,still,0
1662,118,3,1,1167,21,0,1,0,23,0,1,2,21,0,0,0,5,5,5,28,23,28,0.4752,0.4502,0.0000,13,1,0,0,recheck,0,still,0
1662,133,2,0,-1,13,2,3,0,16,0,0,16,0,0,1,0,0,0,0,16,15,15,0.6268,0.0000,0.0000,11,0,0,0,,0,hop,1
1662,157,2,1,965,17,0,2,0,12,0,1,0,12,0,0,0,10,10,10,22,12,22,0.3241,0.3241,0.0000,7,1,0,0,recheck,0,still,0
1662,158,1,1,919,16,1,2,0,8,0,1,0,8,0,0,0,12,12,11,20,8,19,0.2596,0.2596,0.0000,5,1,0,0,recheck,0,still,0
1662,168,1,1,294,17,0,1,1,25,0,1,11,14,0,4,0,2,2,2,27,21,23,0.3737,0.2402,0.0000,9,1,0,0,recheck,0,still,0
1662,189,1,1,1080,14,0,2,1,16,0,1,0,16,0,1,0,6,6,4,22,15,19,0.4342,0.4342,0.0000,10,1,0,0,recheck,0,still,0
1663,15,1,1,192,17,3,4,0,15,0,1,2,13,0,1,1,4,4,4,19,15,19,0.6291,0.6291,0.0000,10,1,0,0,recheck,0,still,0
1663,128,1,1,72,17,0,1,0,25,0,1,11,14,0,3,0,3,3,3,28,22,25,0.4012,0.2942,0.0000,9,1,0,0,recheck,0,still,0
1664,26,3,1,158,20,0,2,0,25,0,1,20,5,0,0,0,0,0,0,25,25,25,0.5537,0.1748,0.0000,12,1,0,0,recheck,0,still,0
1664,86,1,1,213,19,0,2,0,24,0,1,17,7,0,0,0,1,1,2,25,24,26,0.6102,0.2871,0.0000,11,1,0,0,recheck,0,still,0
1664,92,1,0,-1,18,1,2,0,21,0,1,19,2,0,0,1,0,0,0,21,22,22,0.6617,0.1045,0.0000,11,0,1,0,,0,pending,0
1664,146,2,1,1052,13,1,3,0,17,0,1,0,17,0,1,0,6,6,5,23,16,21,0.4014,0.4014,0.0000,11,1,0,0,recheck,0,still,0
1664,166,2,1,62,18,0,1,0,25,0,1,10,15,0,2,0,4,4,4,29,23,27,0.3739,0.3240,0.0000,10,1,0,0,recheck,0,still,0
1664,182,1,1,192,20,1,2,0,20,0,1,3,17,0,2,0,5,5,5,25,18,23,0.5200,0.4379,0.0000,13,1,0,0,recheck,0,still,0
1665,16,1,1,153,15,2,4,0,17,0,1,2,15,0,0,0,4,4,4,21,17,21,0.5051,0.5051,0.0000,8,1,0,0,recheck,0,still,0
1665,72,2,1,968,17,0,1,0,10,0,1,0,10,0,0,0,12,12,12,22,10,22,0.3642,0.3642,0.0000,6,1,0,0,recheck,0,still,0
1665,92,1,0,-1,18,1,2,0,21,0,1,19,2,0,0,1,0,0,0,21,22,22,0.6616,0.1045,0.0000,11,0,1,0,,0,hop,1
1665,114,1,1,929,14,2,3,0,13,0,1,0,13,0,0,0,6,6,4,19,13,17,0.3226,0.3226,0.0000,7,1,0,0,recheck,0,still,0
1666,153,1,1,993,16,0,2,0,14,0,1,0,14,0,0,1,8,8,6,22,15,21,0.2897,0.2897,0.0000,7,1,0,0,recheck,0,still,0
1666,169,1,1,89,18,2,3,0,14,0,1,2,12,0,0,2,3,3,4,17,16,20,0.6033,0.6033,0.0000,10,1,0,0,recheck,0,still,0
1666,194,1,1,722,21,1,2,0,23,0,1,2,21,0,2,0,5,5,5,28,21,26,0.4343,0.4072,0.0000,12,1,0,0,recheck,0,still,0
1667,149,1,1,1018,18,0,1,0,22,0,1,2,20,0,1,0,3,3,3,25,21,24,0.4700,0.4700,0.0000,9,1,0,0,period_end,0,still,0
1667,159,1,1,913,9,2,3,0,1,0,1,0,1,0,0,0,11,11,11,12,1,12,0.1742,0.1742,0.0000,3,1,0,0,recheck,0,still,0
1668,35,2,1,818,17,0,1,0,15,0,1,0,15,0,0,1,6,6,6,21,16,22,0.3900,0.3900,0.0000,7,1,0,0,recheck,0,still,0
1668,77,3,1,128,16,3,4,0,18,0,1,1,17,0,0,0,6,6,6,24,18,24,0.5836,0.5836,0.0000,13,1,0,0,recheck,0,still,0
1668,116,2,1,949,16,0,1,0,21,0,1,1,20,0,0,0,5,5,4,26,21,25,0.3772,0.3772,0.0000,9,1,0,0,recheck,0,still,0
1668,163,1,0,-1,17,0,1,1,19,0,1,1,18,0,2,0,5,5,4,24,17,21,0.4063,0.4063,0.0000,8,1,0,0,,0,start_holder,0
1669,55,2,1,86,20,1,4,0,22,0,1,10,12,0,0,0,3,3,3,25,22,25,0.6157,0.4537,0.0000,13,1,0,0,recheck,0,still,0
1670,188,1,1,1037,15,1,2,0,16,0,1,0,16,0,1,0,7,7,5,23,15,20,0.3252,0.3252,0.0000,9,1,0,0,recheck,0,still,0
1671,21,2,1,233,18,2,4,0,21,0,1,8,13,0,0,0,4,4,4,25,21,25,0.5880,0.4900,0.0000,12,1,0,0,recheck,0,still,0
1671,145,1,1,1079,14,1,2,0,13,0,1,0,13,0,0,1,6,6,4,19,14,18,0.3809,0.3809,0.0000,8,1,0,0,recheck,0,still,0
1672,23,2,1,177,16,1,2,0,23,0,1,13,10,0,0,0,2,2,2,25,23,25,0.5195,0.3571,0.0000,10,1,0,0,recheck,0,still,0
1672,71,2,0,-1,8,3,4,0,8,0,0,8,0,0,0,0,0,0,0,8,8,8,0.4308,0.0000,0.0000,8,0,0,0,,0,hop,1
1672,161,2,1,182,17,0,1,0,20,0,1,1,19,0,2,0,5,5,5,25,18,23,0.3780,0.3780,0.0000,9,1,0,0,recheck,0,still,0
1673,4,2,1,1039,15,0,1,0,16,0,1,0,16,0,0,0,5,5,5,21,16,21,0.3714,0.3714,0.0000,8,1,0,0,recheck,0,still,0
1673,171,1,1,106,19,0,1,0,28,0,1,18,10,0,3,0,1,1,1,29,25,26,0.4514,0.1593,0.0000,13,1,0,0,recheck,0,still,0
1674,49,2,1,88,15,0,4,0,15,0,1,1,14,0,0,0,6,6,6,21,15,21,0.5809,0.5809,0.0000,10,1,0,0,recheck,0,still,0
1675,68,3,1,768,15,1,2,0,11,0,1,0,11,0,0,0,10,10,10,21,11,21,0.3583,0.3583,0.0000,7,1,0,0,recheck,0,still,0
1676,57,1,1,307,20,0,1,0,21,0,1,11,10,0,0,0,3,3,3,24,21,24,0.6195,0.4373,0.0000,11,1,0,0,recheck,0,still,0
1676,127,1,1,53,19,0,2,1,20,0,1,4,16,0,3,0,4,4,4,24,17,21,0.4309,0.3770,0.0000,10,1,0,0,recheck,0,still,0
1676,135,1,1,295,20,0,1,0,29,0,1,20,9,0,4,0,0,0,0,29,25,25,0.3444,0.1060,0.0000,10,1,0,0,recheck,0,still,0
1677,89,1,1,367,20,1,2,0,23,0,1,20,3,0,0,2,0,0,0,23,25,25,0.6807,0.1791,0.0000,12,1,0,0,recheck,0,still,0
1677,91,1,0,-1,18,0,1,0,24,0,1,21,3,0,2,0,0,0,0,24,22,22,0.7221,0.1313,0.0000,14,1,0,1,,0,start_both,0
1678,1,2,1,935,18,0,2,0,14,0,1,0,14,0,0,0,7,7,7,21,14,21,0.3623,0.3623,0.0000,7,1,0,0,recheck,0,still,0
1678,87,1,1,320,21,1,2,0,24,0,1,17,7,0,0,0,0,0,1,24,24,25,0.5630,0.2463,0.0000,10,1,0,0,recheck,0,still,0
1678,165,1,1,41,18,1,2,0,20,0,1,4,16,0,3,0,4,4,4,24,17,21,0.4224,0.3727,0.0000,11,1,0,0,recheck,0,still,0
1678,195,1,1,1033,17,1,2,0,14,0,1,0,14,0,0,0,8,8,6,22,14,20,0.3971,0.3971,0.0000,11,1,0,0,recheck,0,still,0
1679,8,2,1,847,17,0,1,0,22,0,1,2,20,0,0,0,3,3,3,25,22,25,0.3957,0.3957,0.0000,9,1,0,0,recheck,0,still,0
1679,19,3,1,155,18,0,2,0,20,0,1,5,15,0,0,0,5,5,5,25,20,25,0.6216,0.5624,0.0000,13,1,0,0,recheck,0,still,0
1679,199,1,1,969,12,1,3,0,2,0,1,0,2,0,0,0,12,12,12,14,2,14,0.2621,0.2621,0.0000,4,1,0,0,recheck,0,still,0
1680,5,2,1,1048,14,1,2,0,19,0,1,1,18,0,0,0,4,4,4,23,19,23,0.4003,0.4003,0.0000,9,1,0,0,recheck,0,still,0
1680,6,2,1,1049,15,1,2,0,21,0,1,1,20,0,0,0,3,3,3,24,21,24,0.4231,0.4231,0.0000,9,1,0,0,recheck,0,still,0
1680,17,3,1,236,17,0,2,0,18,0,1,4,14,0,0,0,4,4,4,22,18,22,0.5334,0.4741,0.0000,11,1,0,0,recheck,0,still,0
1680,50,1,1,104,18,1,4,0,16,0,1,1,15,0,0,0,4,4,4,20,16,20,0.5890,0.5890,0.0000,9,1,0,0,recheck,0,still,0
1680,116,2,1,961,16,0,1,0,21,0,1,1,20,0,0,0,5,5,4,26,21,25,0.3772,0.3772,0.0000,9,1,0,0,period_end,0,still,0
1680,126,2,1,47,18,0,1,1,20,0,1,4,16,0,2,0,4,4,4,24,18,22,0.3258,0.3258,0.0000,9,1,0,0,recheck,0,still,0
1680,149,1,1,1031,19,0,1,0,22,0,1,2,20,0,1,0,3,3,3,25,21,24,0.4700,0.4700,0.0000,9,1,0,0,recheck,0,still,0
1681,40,1,1,948,13,0,2,0,16,0,1,0,16,0,0,0,3,3,3,19,16,19,0.4329,0.4329,0.0000,8,1,0,0,recheck,0,still,0
1681,130,1,1,205,18,2,4,0,14,0,1,0,14,0,0,2,5,5,5,19,16,21,0.5839,0.5839,0.0000,10,1,0,0,recheck,0,still,0
1682,3,2,1,981,14,0,1,0,15,0,1,0,15,0,0,0,5,5,5,20,15,20,0.3726,0.3726,0.0000,7,1,0,0,recheck,0,still,0
1682,14,1,1,197,19,0,1,0,18,0,1,2,16,0,1,1,3,3,4,21,18,22,0.5910,0.5910,0.0000,9,1,0,0,recheck,0,still,0
1682,31,2,0,-1,20,0,2,1,23,0,1,21,2,0,0,1,0,0,0,23,24,24,0.5607,0.0989,0.0000,11,0,1,0,,0,pending,0
1682,113,1,1,975,15,0,2,0,13,0,1,0,13,0,0,1,7,7,5,20,14,19,0.3800,0.3800,0.0000,8,1,0,0,recheck,0,still,0
1683,31,2,0,-1,20,0,2,1,23,0,1,21,2,0,0,1,0,0,0,23,24,24,0.5607,0.0989,0.0000,11,0,1,0,,0,hop,1
1683,151,1,1,147,20,0,1,0,20,0,1,2,18,0,1,1,5,5,5,25,20,25,0.4991,0.4697,0.0000,11,1,0,0,recheck,0,still,0
1684,13,2,1,104,19,1,2,0,20,0,1,2,18,0,0,1,4,4,4,24,21,25,0.6266,0.6266,0.0000,11,1,0,0,recheck,0,still,0
1684,79,1,1,115,17,1,2,0,14,0,1,1,13,0,0,0,5,5,6,19,14,20,0.5651,0.5651,0.0000,9,1,0,0,recheck,0,still,0
1684,90,1,1,35,18,0,2,1,25,0,1,20,5,0,2,0,0,0,0,25,23,23,0.6108,0.2375,0.0000,12,1,0,0,recheck,0,still,0
1684,111,2,0,-1,1,0,1,1,0,0,0,0,0,0,0,0,0,0,0,0,0,0,0.0000,0.0000,0.0000,0,0,0,0,,0,pending,0
1685,11,1,1,1198,21,0,1,0,19,0,1,2,17,0,0,2,4,4,4,23,21,25,0.5541,0.5541,0.0000,9,1,0,0,recheck,0,still,0
1685,12,2,1,44,20,0,1,0,18,0,1,2,16,0,0,2,5,5,5,23,20,25,0.5542,0.5542,0.0000,10,1,0,0,recheck,0,still,0
1685,111,2,0,-1,1,0,1,1,0,0,0,0,0,0,0,0,0,0,0,0,0,0,0.0000,0.0000,0.0000,0,0,0,0,,0,hop,1
1685,139,1,0,-1,20,0,2,0,18,0,1,1,17,0,0,0,5,5,5,23,18,23,0.5285,0.4698,0.0000,12,1,0,0,,0,start_holder,0
1685,170,2,1,146,16,1,4,0,17,0,1,1,16,0,0,0,5,5,5,22,17,22,0.5111,0.5111,0.0000,9,1,0,0,recheck,0,still,0
1686,9,1,1,1036,18,0,1,0,21,0,1,1,20,0,0,0,3,3,3,24,21,24,0.5172,0.5172,0.0000,9,1,0,0,recheck,0,still,0
1686,58,1,1,149,15,0,2,0,22,0,1,12,10,0,0,0,2,2,2,24,22,24,0.5412,0.3608,0.0000,9,1,0,0,recheck,0,still,0
1686,80,1,1,39,18,1,2,0,16,0,1,3,13,0,0,0,4,4,4,20,16,20,0.4972,0.4972,0.0000,8,1,0,0,recheck,0,still,0
1686,115,2,1,1168,15,0,3,0,18,0,1,0,18,0,0,0,5,5,5,23,18,23,0.2694,0.2694,0.0000,7,1,0,0,recheck,0,still,0
1686,119,1,1,742,21,0,2,0,22,0,1,1,21,0,2,0,5,5,5,27,20,25,0.4711,0.4711,0.0000,11,1,0,0,recheck,0,still,0
1687,10,1,1,44,21,1,2,0,20,0,1,1,19,0,0,1,4,4,4,24,21,25,0.5542,0.5542,0.0000,9,1,0,0,recheck,0,still,0
1687,25,2,1,375,18,1,2,0,26,0,1,17,9,0,0,0,1,1,1,27,26,27,0.5479,0.2578,0.0000,11,1,0,0,recheck,0,still,0
1687,183,1,1,139,18,0,2,1,19,0,1,1,18,0,2,0,4,4,4,23,17,21,0.4664,0.4115,0.0000,11,1,0,0,recheck,0,still,0
1688,76,3,1,113,18,0,3,0,17,0,1,1,16,0,0,0,5,5,5,22,17,22,0.5656,0.5656,0.0000,12,1,0,0,recheck,0,still,0
1688,84,1,1,83,18,1,2,0,22,0,1,10,12,0,1,0,2,2,3,24,21,24,0.6125,0.4323,0.0000,11,1,0,0,recheck,0,still,0
1688,117,3,1,1148,17,0,1,0,23,0,1,1,22,0,0,0,3,3,3,26,23,26,0.3999,0.3999,0.0000,9,1,0,0,recheck,0,still,0
1689,2,1,1,853,15,0,1,0,16,0,1,0,16,0,1,0,5,5,5,21,15,20,0.3775,0.3775,0.0000,6,1,0,0,recheck,0,still,0
1689,5,2,1,1057,14,1,2,0,19,0,1,0,19,0,0,0,4,4,4,23,19,23,0.4003,0.4003,0.0000,9,1,0,0,period_end,0,still,0
1689,7,2,1,1054,16,0,2,0,20,0,1,0,20,0,0,0,4,4,4,24,20,24,0.4209,0.4209,0.0000,9,1,0,0,recheck,0,still,0
1689,47,2,1,143,19,0,2,0,16,0,1,1,15,0,0,1,5,5,6,21,17,23,0.6138,0.6138,0.0000,12,1,0,0,recheck,0,still,0
1689,107,3,1,48,19,1,2,0,22,0,1,21,1,0,0,0,0,0,0,22,22,22,0.7339,0.0294,0.0000,16,0,1,1,recheck,0,still,0
1691,44,1,1,1273,21,0,2,0,17,0,1,1,16,0,0,2,5,5,5,22,19,24,0.4749,0.4749,0.0000,8,1,0,0,recheck,0,still,0
1691,56,1,1,246,19,0,4,0,20,0,1,8,12,0,0,0,4,4,4,24,20,24,0.5454,0.4363,0.0000,10,1,0,0,recheck,0,still,0
1691,123,2,1,919,13,0,3,0,6,0,1,0,6,0,0,0,13,13,13,19,6,19,0.3550,0.3550,0.0000,7,1,0,0,recheck,0,still,0
1691,140,1,1,164,18,1,2,0,16,0,1,1,15,0,1,1,5,5,5,21,16,21,0.5054,0.4459,0.0000,11,1,0,0,recheck,0,still,0
1691,154,2,1,1059,18,0,1,0,14,0,1,0,14,0,0,0,8,8,8,22,14,22,0.3717,0.3717,0.0000,10,1,0,0,recheck,0,still,0
1692,118,3,1,1197,21,0,1,0,22,0,1,1,21,0,0,0,6,6,6,28,22,28,0.4252,0.4252,0.0000,12,1,0,0,recheck,0,still,0
1692,157,2,1,995,17,0,2,0,11,0,1,0,11,0,0,0,11,11,11,22,11,22,0.3241,0.3241,0.0000,7,1,0,0,recheck,0,still,0
1692,158,1,1,949,16,1,2,0,7,0,1,0,7,0,0,0,13,13,12,20,7,19,0.2596,0.2596,0.0000,5,1,0,0,recheck,0,still,0
1692,168,1,1,324,17,0,1,1,25,0,1,10,15,0,4,0,2,2,2,27,21,23,0.3737,0.2402,0.0000,9,1,0,0,recheck,0,still,0
1692,189,1,1,1110,13,0,2,1,15,0,1,0,15,0,1,0,7,7,4,22,14,18,0.4350,0.4350,0.0000,10,1,0,0,recheck,0,still,0
1693,15,1,1,222,17,3,4,0,15,0,1,1,14,0,1,0,4,4,5,19,14,19,0.6291,0.6291,0.0000,10,1,0,0,recheck,0,still,0
1693,29,2,1,33,18,0,1,0,25,0,1,22,3,0,1,0,0,0,0,25,24,24,0.6258,0.0939,0.0000,12,1,0,0,recheck,0,still,0
1693,51,1,1,39,18,0,4,0,16,0,1,1,15,0,1,0,6,6,6,22,15,21,0.5649,0.5649,0.0000,9,1,0,0,recheck,0,still,0
1693,128,1,1,102,17,0,1,0,24,0,1,9,15,0,3,0,3,3,3,27,21,24,0.4012,0.2942,0.0000,9,1,0,0,recheck,0,still,0
1694,26,3,1,188,20,0,2,0,26,0,1,20,6,0,0,0,0,0,0,26,26,26,0.5815,0.1744,0.0000,13,1,0,0,recheck,0,still,0
1694,86,1,1,243,19,0,2,0,25,0,1,17,8,0,0,0,1,1,2,26,25,27,0.5745,0.2872,0.0000,10,1,0,0,recheck,0,still,0
1694,146,2,1,1082,13,1,3,0,17,0,1,0,17,0,1,0,6,6,5,23,16,21,0.4015,0.4015,0.0000,11,1,0,0,recheck,0,still,0
1694,166,2,1,92,18,0,1,0,25,0,1,9,16,0,2,0,4,4,4,29,23,27,0.3739,0.3240,0.0000,10,1,0,0,recheck,0,still,0
1694,182,1,1,222,20,1,2,0,19,0,1,1,18,0,2,0,6,6,6,25,17,23,0.5200,0.4653,0.0000,13,1,0,0,recheck,0,still,0
1695,16,1,1,183,15,2,4,0,16,0,1,1,15,0,0,0,5,5,5,21,16,21,0.5051,0.5051,0.0000,8,1,0,0,recheck,0,still,0
1695,72,2,1,998,17,0,1,0,9,0,1,0,9,0,0,0,13,13,13,22,9,22,0.3642,0.3642,0.0000,6,1,0,0,recheck,0,still,0
1695,87,1,1,337,21,1,2,0,24,0,1,17,7,0,0,0,0,0,1,24,24,25,0.5633,0.2465,0.0000,10,1,0,0,period_end,0,still,0
1695,114,1,1,959,14,2,3,0,13,0,1,0,13,0,0,0,6,6,4,19,13,17,0.3226,0.3226,0.0000,7,1,0,0,recheck,0,still,0
1695,180,1,1,44,16,0,2,0,21,0,1,20,1,0,1,0,0,0,0,21,20,20,0.7306,0.0996,0.0000,13,0,1,1,recheck,0,still,0
1696,3,2,1,995,14,0,1,0,15,0,1,0,15,0,0,0,5,5,5,20,15,20,0.3726,0.3726,0.0000,7,1,0,0,period_end,0,still,0
1696,153,1,1,1023,16,0,2,0,13,0,1,0,13,0,0,1,8,8,6,21,14,20,0.2899,0.2899,0.0000,7,1,0,0,recheck,0,still,0
1696,169,1,1,119,18,2,3,0,15,0,1,1,14,0,0,3,2,2,2,17,18,20,0.6034,0.6034,0.0000,10,1,0,0,recheck,0,still,0
1696,194,1,1,752,22,1,2,0,25,0,1,1,24,0,2,0,3,3,3,28,23,26,0.4344,0.4344,0.0000,12,1,0,0,recheck,0,still,0
1697,142,2,1,47,17,1,3,0,18,0,1,1,17,0,0,0,4,4,4,22,18,22,0.6614,0.5984,0.0000,12,1,0,0,recheck,0,still,0
1697,159,1,1,943,9,2,3,0,1,0,1,0,1,0,0,0,11,11,11,12,1,12,0.1742,0.1742,0.0000,3,1,0,0,recheck,0,still,0
1698,35,2,1,848,17,0,1,0,15,0,1,0,15,0,0,1,6,6,6,21,16,22,0.3900,0.3900,0.0000,7,1,0,0,recheck,0,still,0
1698,77,3,1,158,16,3,4,0,17,0,1,1,16,0,0,0,7,7,7,24,17,24,0.5837,0.5837,0.0000,13,1,0,0,recheck,0,still,0
1698,116,2,1,979,16,0,1,0,23,0,1,0,23,0,0,0,3,3,2,26,23,25,0.3772,0.3772,0.0000,9,1,0,0,recheck,0,still,0
1699,55,2,1,116,20,1,4,0,22,0,1,9,13,0,0,0,3,3,3,25,22,25,0.6155,0.4536,0.0000,13,1,0,0,recheck,0,still,0
1700,188,1,1,1067,15,1,2,0,16,0,1,0,16,0,1,0,7,7,5,23,15,20,0.3245,0.3245,0.0000,9,1,0,0,recheck,0,still,0
1701,21,2,1,263,18,2,4,0,21,0,1,7,14,0,0,0,4,4,4,25,21,25,0.5863,0.4886,0.0000,12,1,0,0,recheck,0,still,0
1701,145,1,1,1109,14,1,2,0,13,0,1,0,13,0,0,1,6,6,4,19,14,18,0.3810,0.3810,0.0000,8,1,0,0,recheck,0,still,0
1702,23,2,1,207,16,1,2,0,24,0,1,13,11,0,0,0,2,2,2,26,24,26,0.5179,0.3560,0.0000,10,1,0,0,recheck,0,still,0
1702,161,2,1,212,17,0,1,0,17,0,1,1,16,0,1,0,7,7,7,24,16,23,0.3780,0.3780,0.0000,9,1,0,0,recheck,0,still,0
1703,4,2,1,1069,15,0,1,0,17,0,1,0,17,0,0,0,4,4,4,21,17,21,0.3714,0.3714,0.0000,8,1,0,0,recheck,0,still,0
1703,158,1,1,960,16,1,2,0,6,0,1,0,6,0,0,0,13,13,12,19,6,18,0.2596,0.2596,0.0000,5,1,0,0,period_end,0,still,0
1703,171,1,1,136,19,0,1,0,28,0,1,17,11,0,3,0,1,1,1,29,25,26,0.4514,0.1859,0.0000,13,1,0,0,recheck,0,still,0
1704,49,2,1,118,15,0,4,0,15,0,1,1,14,0,0,0,6,6,6,21,15,21,0.5803,0.5803,0.0000,10,1,0,0,recheck,0,still,0
1705,68,3,1,798,15,1,2,0,11,0,1,0,11,0,0,0,10,10,10,21,11,21,0.3583,0.3583,0.0000,7,1,0,0,recheck,0,still,0
1706,57,1,1,337,20,0,1,0,21,0,1,10,11,0,0,0,3,3,3,24,21,24,0.6171,0.4356,0.0000,11,1,0,0,recheck,0,still,0
1706,127,1,1,83,19,0,2,1,21,0,1,4,17,0,3,0,4,4,4,25,18,22,0.4309,0.3770,0.0000,10,1,0,0,recheck,0,still,0
1706,135,1,1,325,20,0,1,0,29,0,1,19,10,0,4,0,0,0,0,29,25,25,0.4239,0.2120,0.0000,11,1,0,0,recheck,0,still,0
1707,89,1,1,397,20,1,2,0,23,0,1,19,4,0,0,2,0,0,0,23,25,25,0.6810,0.2150,0.0000,12,1,0,0,recheck,0,still,0
1708,1,2,1,965,18,0,2,0,14,0,1,0,14,0,0,0,7,7,7,21,14,21,0.3623,0.3623,0.0000,7,1,0,0,recheck,0,still,0
1708,87,1,1,350,21,1,2,0,24,0,1,17,7,0,0,0,0,0,1,24,24,25,0.6692,0.3522,0.0000,11,1,0,0,recheck,0,still,0
1708,165,1,1,71,18,1,2,0,20,0,1,4,16,0,3,0,4,4,4,24,17,21,0.4224,0.3727,0.0000,11,1,0,0,recheck,0,still,0
1708,195,1,1,1063,17,1,2,0,14,0,1,0,14,0,0,0,8,8,6,22,14,20,0.3971,0.3971,0.0000,11,1,0,0,recheck,0,still,0
1709,8,2,1,877,17,0,1,0,24,0,1,1,23,0,0,0,1,1,1,25,24,25,0.3957,0.3957,0.0000,9,1,0,0,recheck,0,still,0
1709,19,3,1,185,18,0,2,0,20,0,1,5,15,0,0,0,5,5,5,25,20,25,0.6200,0.5610,0.0000,13,1,0,0,recheck,0,still,0
1709,91,1,1,32,17,0,1,0,24,0,1,21,3,0,2,0,0,0,0,24,22,22,0.7213,0.1311,0.0000,14,1,0,1,recheck,0,still,0
1709,199,1,1,999,12,1,3,0,2,0,1,0,2,0,0,0,12,12,12,14,2,14,0.2621,0.2621,0.0000,4,1,0,0,recheck,0,still,0
1710,5,2,1,1078,14,1,2,0,19,0,1,0,19,0,0,0,3,3,3,22,19,22,0.4003,0.4003,0.0000,9,1,0,0,recheck,0,still,0
1710,6,2,1,1079,15,1,2,0,23,0,1,0,23,0,0,0,1,1,1,24,23,24,0.4231,0.4231,0.0000,9,1,0,0,recheck,0,still,0
1710,17,3,1,266,17,0,2,0,18,0,1,4,14,0,0,0,4,4,4,22,18,22,0.5321,0.4729,0.0000,11,1,0,0,recheck,0,still,0
1710,50,1,1,134,18,1,4,0,15,0,1,1,14,0,0,0,5,5,5,20,15,20,0.5886,0.5886,0.0000,9,1,0,0,recheck,0,still,0
1710,126,2,1,77,18,0,1,1,20,0,1,4,16,0,2,0,4,4,4,24,18,22,0.3258,0.3258,0.0000,9,1,0,0,recheck,0,still,0
1710,149,1,1,1061,19,0,1,0,24,0,1,1,23,0,1,0,1,1,1,25,23,24,0.4407,0.4407,0.0000,8,1,0,0,recheck,0,still,0
1710,163,1,1,42,17,0,1,1,16,0,1,1,15,0,1,0,8,8,6,24,15,21,0.4063,0.4063,0.0000,8,1,0,0,recheck,0,still,0
1711,40,1,1,978,13,0,2,0,17,0,1,0,17,0,0,0,2,2,2,19,17,19,0.4329,0.4329,0.0000,8,1,0,0,recheck,0,still,0
1711,114,1,1,975,14,2,3,0,13,0,1,0,13,0,0,0,6,6,4,19,13,17,0.3226,0.3226,0.0000,7,1,0,0,period_end,0,still,0
1711,130,1,1,235,18,2,4,0,12,0,1,0,12,0,0,2,7,7,7,19,14,21,0.5838,0.5838,0.0000,10,1,0,0,recheck,0,still,0
1711,135,1,1,330,20,0,1,0,29,0,1,19,10,0,4,0,0,0,0,29,25,25,0.4239,0.2120,0.0000,11,1,0,0,period_end,0,still,0
1711,199,1,1,1001,12,1,3,0,2,0,1,0,2,0,0,0,12,12,12,14,2,14,0.2621,0.2621,0.0000,4,1,0,0,period_end,0,still,0
1712,3,2,1,1011,14,0,1,0,15,0,1,0,15,0,0,0,5,5,5,20,15,20,0.3726,0.3726,0.0000,7,1,0,0,recheck,0,still,0
1712,14,1,1,227,19,0,1,0,16,0,1,1,15,0,1,1,5,5,6,21,16,22,0.5911,0.5911,0.0000,9,1,0,0,recheck,0,still,0
1712,113,1,1,1005,15,0,2,0,13,0,1,0,13,0,0,1,7,7,5,20,14,19,0.3797,0.3797,0.0000,8,1,0,0,recheck,0,still,0
1713,151,1,1,177,21,0,1,0,18,0,1,1,17,0,1,1,7,7,7,25,18,25,0.4991,0.4991,0.0000,11,1,0,0,recheck,0,still,0
1714,13,2,1,134,19,1,2,0,18,0,1,1,17,0,0,1,6,6,6,24,19,25,0.6266,0.6266,0.0000,11,1,0,0,recheck,0,still,0
1714,79,1,1,145,17,1,2,0,14,0,1,1,13,0,0,0,5,5,6,19,14,20,0.5654,0.5654,0.0000,9,1,0,0,recheck,0,still,0
1714,90,1,1,65,20,0,2,1,25,0,1,20,5,0,0,0,0,0,0,25,25,25,0.6111,0.2376,0.0000,12,1,0,0,recheck,0,still,0
1715,11,1,1,1228,21,0,1,0,18,0,1,1,17,0,0,2,5,5,5,23,20,25,0.5541,0.5541,0.0000,9,1,0,0,recheck,0,still,0
1715,12,2,1,74,20,0,1,0,17,0,1,1,16,0,0,2,6,6,6,23,19,25,0.5543,0.5543,0.0000,10,1,0,0,recheck,0,still,0
1715,57,1,1,346,20,0,1,0,22,0,1,10,12,0,0,0,3,3,3,25,22,25,0.6164,0.4351,0.0000,11,1,0,0,period_end,0,still,0
1715,124,1,0,-1,1,0,1,1,0,0,0,0,0,0,0,0,0,0,0,0,0,0,0.0000,0.0000,0.0000,0,0,0,0,,0,hop,1
1715,170,2,1,176,16,1,4,0,14,0,1,1,13,0,0,0,8,8,8,22,14,22,0.5109,0.5109,0.0000,9,1,0,0,recheck,0,still,0
1716,9,1,1,1066,18,0,1,0,22,0,1,1,21,0,0,0,2,2,2,24,22,24,0.4064,0.4064,0.0000,8,1,0,0,recheck,0,still,0
1716,33,3,0,-1,11,2,4,0,11,0,0,11,0,0,0,0,0,0,0,11,11,11,0.4790,0.0000,0.0000,10,0,0,0,,0,pending,0
1716,58,1,1,179,15,0,2,0,21,0,1,12,9,0,0,0,3,3,3,24,21,24,0.5412,0.3608,0.0000,9,1,0,0,recheck,0,still,0
1716,80,1,1,69,18,1,2,0,15,0,1,3,12,0,0,0,5,5,5,20,15,20,0.4973,0.4973,0.0000,8,1,0,0,recheck,0,still,0
1716,115,2,1,1198,15,0,3,0,18,0,1,0,18,0,0,0,5,5,5,23,18,23,0.2694,0.2694,0.0000,7,1,0,0,recheck,0,still,0
1716,119,1,1,772,21,0,2,0,21,0,1,1,20,0,2,0,6,6,6,27,19,25,0.4711,0.4711,0.0000,11,1,0,0,recheck,0,still,0
1716,152,1,0,-1,2,0,9,1,2,0,0,2,0,0,0,0,0,0,0,2,2,2,0.1106,0.0000,0.0000,1,0,0,0,,0,hop,1
1717,10,1,1,74,21,1,2,0,20,0,1,1,19,0,0,1,4,4,4,24,21,25,0.5541,0.5541,0.0000,9,1,0,0,recheck,0,still,0
1717,25,2,1,405,18,1,2,0,25,0,1,17,8,0,0,0,2,2,2,27,25,27,0.6427,0.3535,0.0000,12,1,0,0,recheck,0,still,0
1717,33,3,0,-1,11,2,4,0,11,0,0,11,0,0,0,0,0,0,0,11,11,11,0.4790,0.0000,0.0000,10,0,0,0,,0,hop,1
1717,54,2,1,58,18,3,4,0,18,0,1,5,13,0,0,0,5,5,5,23,18,23,0.5740,0.5102,0.0000,11,1,0,0,recheck,0,still,0
1717,183,1,1,169,19,0,2,1,17,0,1,1,16,0,1,0,7,7,6,24,16,22,0.4692,0.4140,0.0000,11,1,0,0,recheck,0,still,0
1718,76,3,1,143,18,0,3,0,15,0,1,1,14,0,0,0,7,7,7,22,15,22,0.5656,0.5656,0.0000,12,1,0,0,recheck,0,still,0
1718,84,1,1,113,18,1,2,0,21,0,1,10,11,0,1,0,3,3,4,24,20,24,0.6104,0.4308,0.0000,11,1,0,0,recheck,0,still,0
1718,117,3,1,1178,17,0,1,0,24,0,1,1,23,0,0,0,4,4,4,28,24,28,0.3999,0.3999,0.0000,9,1,0,0,recheck,0,still,0
1719,2,1,1,883,15,0,1,0,16,0,1,0,16,0,1,0,5,5,5,21,15,20,0.3775,0.3775,0.0000,6,1,0,0,recheck,0,still,0
1719,7,2,1,1084,16,0,2,0,22,0,1,0,22,0,0,0,2,2,2,24,22,24,0.4209,0.4209,0.0000,9,1,0,0,recheck,0,still,0
1719,47,2,1,173,19,0,2,0,16,0,1,1,15,0,0,1,5,5,6,21,17,23,0.6136,0.6136,0.0000,12,1,0,0,recheck,0,still,0
1719,107,3,1,78,19,1,2,0,22,0,1,21,1,0,0,0,0,0,0,22,22,22,0.7353,0.0294,0.0000,16,0,1,1,recheck,0,still,0
1721,44,1,1,1303,21,0,2,0,18,0,1,1,17,0,0,2,4,4,4,22,20,24,0.4750,0.4750,0.0000,8,1,0,0,recheck,0,still,0
1721,56,1,1,276,19,0,4,0,20,0,1,9,11,0,0,0,5,5,5,25,20,25,0.5434,0.4347,0.0000,10,1,0,0,recheck,0,still,0
1721,101,3,0,-1,3,1,8,0,4,0,0,4,0,0,0,0,0,0,0,4,4,4,0.1474,0.0000,0.0000,3,0,0,0,,0,pending,0
1721,123,2,1,949,13,0,3,0,6,0,1,0,6,0,0,0,13,13,13,19,6,19,0.3550,0.3550,0.0000,7,1,0,0,recheck,0,still,0
1721,140,1,1,194,19,1,2,0,16,0,1,1,15,0,0,1,6,6,5,22,17,22,0.4775,0.4178,0.0000,10,1,0,0,recheck,0,still,0
1721,154,2,1,1089,18,0,1,0,14,0,1,0,14,0,0,0,8,8,8,22,14,22,0.3717,0.3717,0.0000,10,1,0,0,recheck,0,still,0
1722,101,3,0,-1,3,1,8,0,4,0,0,4,0,0,0,0,0,0,0,4,4,4,0.1474,0.0000,0.0000,3,0,0,0,,0,hop,1
1722,118,3,1,1227,21,0,1,0,22,0,1,1,21,0,0,0,6,6,6,28,22,28,0.4252,0.4252,0.0000,12,1,0,0,recheck,0,still,0
1722,144,2,0,-1,5,4,8,0,6,0,0,6,0,0,0,0,0,0,0,6,6,6,0.2297,0.0000,0.0000,5,0,0,0,,0,pending,0
1722,157,2,1,1025,17,0,2,0,11,0,1,0,11,0,0,0,11,11,11,22,11,22,0.3241,0.3241,0.0000,7,1,0,0,recheck,0,still,0
1722,158,1,1,979,16,1,2,0,6,0,1,0,6,0,0,0,13,13,12,19,6,18,0.2596,0.2596,0.0000,5,1,0,0,recheck,0,still,0
1722,168,1,1,354,17,0,1,1,25,0,1,11,14,0,4,0,3,3,3,28,21,24,0.3737,0.2402,0.0000,9,1,0,0,period_end,0,still,0
1722,189,1,1,1140,13,0,2,1,15,0,1,0,15,0,1,0,7,7,4,22,14,18,0.4356,0.4356,0.0000,10,1,0,0,recheck,0,still,0
1723,15,1,1,252,17,3,4,0,12,0,1,1,11,0,1,1,7,7,7,19,12,19,0.6291,0.6291,0.0000,10,1,0,0,recheck,0,still,0
1723,29,2,1,63,18,0,1,0,24,0,1,21,3,0,1,0,0,0,0,24,23,23,0.6212,0.0932,0.0000,12,1,0,0,recheck,0,still,0
1723,51,1,1,69,18,0,4,0,15,0,1,1,14,0,0,0,7,7,6,22,15,21,0.5641,0.5641,0.0000,9,1,0,0,recheck,0,still,0
1723,128,1,1,132,17,0,1,0,23,0,1,9,14,0,3,0,4,4,4,27,20,24,0.4280,0.2942,0.0000,10,1,0,0,recheck,0,still,0
1723,144,2,0,-1,5,4,8,0,6,0,0,6,0,0,0,0,0,0,0,6,6,6,0.2297,0.0000,0.0000,5,0,0,0,,0,hop,1
1724,26,3,1,218,20,0,2,0,25,0,1,19,6,0,0,0,0,0,0,25,25,25,0.5800,0.1740,0.0000,13,1,0,0,recheck,0,still,0
1724,86,1,1,273,19,0,2,0,24,0,1,17,7,0,0,0,2,2,3,26,24,27,0.5743,0.2871,0.0000,10,1,0,0,recheck,0,still,0
1724,146,2,1,1112,13,1,3,0,16,0,1,0,16,0,0,0,7,7,5,23,16,21,0.4016,0.4016,0.0000,11,1,0,0,recheck,0,still,0
1724,166,2,1,122,18,0,1,0,24,0,1,9,15,0,2,0,5,5,5,29,22,27,0.3739,0.3240,0.0000,10,1,0,0,recheck,0,still,0
1724,182,1,1,252,20,1,2,0,19,0,1,1,18,0,2,0,7,7,7,26,17,24,0.5200,0.4653,0.0000,13,1,0,0,recheck,0,still,0
1725,16,1,1,213,15,2,4,0,14,0,1,1,13,0,0,0,7,7,7,21,14,21,0.5051,0.5051,0.0000,8,1,0,0,recheck,0,still,0
1725,72,2,1,1028,17,0,1,0,5,0,1,0,5,0,0,0,17,17,17,22,5,22,0.3642,0.3642,0.0000,6,1,0,0,recheck,0,still,0
1725,114,1,1,989,14,2,3,0,13,0,1,0,13,0,0,0,6,6,4,19,13,17,0.3226,0.3226,0.0000,7,1,0,0,recheck,0,still,0
1725,141,2,0,-1,18,0,1,0,14,0,1,0,14,0,0,0,8,8,8,22,14,22,0.5669,0.5669,0.0000,11,1,0,0,,0,start_holder,0
1725,180,1,1,74,16,0,2,0,21,0,1,20,1,0,1,0,0,0,0,21,20,20,0.7367,0.1005,0.0000,13,0,1,1,recheck,0,still,0
1726,153,1,1,1053,16,0,2,0,10,0,1,0,10,0,0,1,11,11,9,21,11,20,0.2901,0.2901,0.0000,7,1,0,0,recheck,0,still,0
1726,169,1,1,149,18,2,3,0,11,0,1,0,11,0,0,2,6,6,7,17,13,20,0.6044,0.6044,0.0000,10,1,0,0,recheck,0,still,0
1726,194,1,1,782,22,1,2,0,20,0,1,0,20,0,2,0,8,8,8,28,18,26,0.4344,0.4344,0.0000,12,1,0,0,recheck,0,still,0
1727,142,2,1,77,17,1,3,0,14,0,1,0,14,0,0,0,8,8,8,22,14,22,0.6630,0.6630,0.0000,12,1,0,0,recheck,0,still,0
1727,159,1,1,973,9,2,3,0,0,0,1,0,0,0,0,0,12,12,12,12,0,12,0.1742,0.1742,0.0000,3,1,0,0,recheck,0,still,0
1728,35,2,1,878,17,0,1,0,12,0,1,0,12,0,0,0,9,9,10,21,12,22,0.3900,0.3900,0.0000,7,1,0,0,recheck,0,still,0
1728,77,3,1,188,16,3,4,0,16,0,1,1,15,0,0,0,8,8,8,24,16,24,0.5837,0.5837,0.0000,13,1,0,0,recheck,0,still,0
1728,116,2,1,1009,15,0,1,0,20,0,1,0,20,0,0,0,6,6,5,26,20,25,0.3772,0.3772,0.0000,9,1,0,0,recheck,0,still,0
1729,55,2,1,146,20,1,4,0,21,0,1,9,12,0,0,0,4,4,4,25,21,25,0.6154,0.4535,0.0000,13,1,0,0,recheck,0,still,0
1730,188,1,1,1097,15,1,2,0,12,0,1,0,12,0,0,0,11,11,8,23,12,20,0.3243,0.3243,0.0000,9,1,0,0,recheck,0,still,0
1731,21,2,1,293,18,2,4,0,21,0,1,8,13,0,0,0,5,5,5,26,21,26,0.5849,0.4874,0.0000,12,1,0,0,recheck,0,still,0
1731,145,1,1,1139,14,1,2,0,12,0,1,0,12,0,0,1,7,7,5,19,13,18,0.3810,0.3810,0.0000,8,1,0,0,recheck,0,still,0
1732,23,2,1,237,16,1,2,0,23,0,1,13,10,0,0,0,3,3,3,26,23,26,0.5175,0.3558,0.0000,10,1,0,0,recheck,0,still,0
1732,161,2,1,242,17,0,1,0,15,0,1,1,14,0,1,0,9,9,9,24,14,23,0.3780,0.3780,0.0000,9,1,0,0,recheck,0,still,0
1733,4,2,1,1099,15,0,1,0,13,0,1,0,13,0,0,0,7,7,7,20,13,20,0.3714,0.3714,0.0000,8,1,0,0,recheck,0,still,0
1733,171,1,1,166,19,0,1,0,27,0,1,17,10,0,3,0,2,2,2,29,24,26,0.4514,0.1859,0.0000,13,1,0,0,recheck,0,still,0
1734,49,2,1,148,15,0,4,0,13,0,1,1,12,0,0,0,8,8,8,21,13,21,0.5810,0.5810,0.0000,10,1,0,0,recheck,0,still,0
1735,68,3,1,828,15,1,2,0,7,0,1,0,7,0,0,0,14,14,14,21,7,21,0.3583,0.3583,0.0000,7,1,0,0,recheck,0,still,0
1735,139,1,1,50,20,0,2,1,13,0,1,0,13,0,0,0,10,10,10,23,13,23,0.5285,0.5285,0.0000,12,1,0,0,recheck,0,still,0
1736,57,1,1,367,20,0,1,0,21,0,1,10,11,0,0,0,4,4,4,25,21,25,0.6160,0.4348,0.0000,11,1,0,0,recheck,0,still,0
1736,127,1,1,113,19,0,2,1,20,0,1,4,16,0,3,0,5,5,5,25,17,22,0.4309,0.3770,0.0000,10,1,0,0,recheck,0,still,0
1736,135,1,1,355,20,0,1,0,28,0,1,19,9,0,3,0,1,1,0,29,25,25,0.4239,0.2120,0.0000,11,1,0,0,recheck,0,still,0
1737,40,1,1,1004,13,0,2,0,15,0,1,0,15,0,0,0,4,4,4,19,15,19,0.4329,0.4329,0.0000,8,1,0,0,period_end,0,still,0
1737,88,1,0,-1,20,0,1,0,23,0,1,17,6,0,0,1,0,0,0,23,24,24,0.6458,0.2511,0.0000,11,1,0,0,,0,start_holder,0
1737,89,1,1,427,20,1,2,0,22,0,1,18,4,0,0,2,0,0,0,22,24,24,0.6091,0.2150,0.0000,11,1,0,0,recheck,0,still,0
1738,1,2,1,995,18,0,2,0,10,0,1,0,10,0,0,0,11,11,11,21,10,21,0.3623,0.3623,0.0000,7,1,0,0,recheck,0,still,0
1738,21,2,1,300,18,2,4,0,21,0,1,7,14,0,0,0,5,5,5,26,21,26,0.5846,0.5197,0.0000,12,1,0,0,period_end,0,still,0
1738,87,1,1,380,21,1,2,0,23,0,1,16,7,0,0,0,1,1,2,24,23,25,0.6690,0.3873,0.0000,11,1,0,0,recheck,0,still,0
1738,165,1,1,101,18,1,2,0,20,0,1,3,17,0,3,0,5,5,5,25,17,22,0.4224,0.3727,0.0000,11,1,0,0,recheck,0,still,0
1738,195,1,1,1093,17,1,2,0,10,0,1,0,10,0,0,0,12,12,10,22,10,20,0.3706,0.3706,0.0000,10,1,0,0,recheck,0,still,0
1739,8,2,1,907,16,0,1,0,21,0,1,0,21,0,0,0,4,4,4,25,21,25,0.3957,0.3957,0.0000,9,1,0,0,recheck,0,still,0
1739,19,3,1,215,18,0,2,0,19,0,1,4,15,0,0,0,6,6,6,25,19,25,0.6184,0.5595,0.0000,13,1,0,0,recheck,0,still,0
1739,91,1,1,62,17,0,1,0,24,0,1,21,3,0,2,0,0,0,0,24,22,22,0.6553,0.1311,0.0000,14,1,0,0,recheck,0,still,0
1739,199,1,1,1029,12,1,3,0,0,0,1,0,0,0,0,0,14,14,14,14,0,14,0.2621,0.2621,0.0000,4,1,0,0,recheck,0,still,0
1740,5,2,1,1108,14,1,2,0,17,0,1,0,17,0,0,0,5,5,5,22,17,22,0.4003,0.4003,0.0000,9,1,0,0,recheck,0,still,0
1740,6,2,1,1109,15,1,2,0,20,0,1,0,20,0,0,0,4,4,4,24,20,24,0.4231,0.4231,0.0000,9,1,0,0,recheck,0,still,0
1740,17,3,1,296,17,0,2,0,17,0,1,3,14,0,0,0,5,5,5,22,17,22,0.5305,0.4716,0.0000,11,1,0,0,recheck,0,still,0
1740,50,1,1,164,18,1,4,0,14,0,1,1,13,0,0,0,6,6,6,20,14,20,0.5886,0.5886,0.0000,9,1,0,0,recheck,0,still,0
1740,126,2,1,107,18,0,1,1,19,0,1,3,16,0,2,0,5,5,5,24,17,22,0.3258,0.3258,0.0000,9,1,0,0,recheck,0,still,0
1740,149,1,1,1091,19,0,1,0,21,0,1,0,21,0,1,0,4,4,4,25,20,24,0.4407,0.4407,0.0000,8,1,0,0,recheck,0,still,0
1740,163,1,1,72,17,0,1,1,15,0,1,1,14,0,1,0,9,9,7,24,14,21,0.4063,0.4063,0.0000,8,1,0,0,recheck,0,still,0
1741,40,1,1,1008,13,0,2,0,15,0,1,0,15,0,0,0,4,4,4,19,15,19,0.4329,0.4329,0.0000,8,1,0,0,recheck,0,still,0
1741,130,1,1,265,18,2,4,0,10,0,1,0,10,0,0,2,9,9,9,19,12,21,0.5837,0.5837,0.0000,10,1,0,0,recheck,0,still,0
1742,3,2,1,1041,14,0,1,0,15,0,1,0,15,0,0,0,5,5,5,20,15,20,0.3726,0.3726,0.0000,7,1,0,0,recheck,0,still,0
1742,14,1,1,257,20,0,1,0,14,0,1,0,14,0,0,0,7,7,9,21,14,23,0.5910,0.5910,0.0000,9,1,0,0,recheck,0,still,0
1742,113,1,1,1035,15,0,2,0,13,0,1,0,13,0,0,1,7,7,5,20,14,19,0.3797,0.3797,0.0000,8,1,0,0,recheck,0,still,0
1742,157,2,1,1045,17,0,2,0,9,0,1,0,9,0,0,0,13,13,13,22,9,22,0.3241,0.3241,0.0000,7,1,0,0,period_end,0,still,0
1743,103,1,0,-1,4,0,1,0,4,0,0,4,0,0,0,0,0,0,0,4,4,4,0.1841,0.0000,0.0000,3,0,0,0,,0,hop,1
1743,151,1,1,207,21,0,1,0,14,0,1,0,14,0,1,1,11,11,11,25,14,25,0.4992,0.4992,0.0000,11,1,0,0,recheck,0,still,0
1744,13,2,1,164,19,1,2,0,14,0,1,0,14,0,0,1,10,10,10,24,15,25,0.6266,0.6266,0.0000,11,1,0,0,recheck,0,still,0
1744,79,1,1,175,17,1,2,0,14,0,1,1,13,0,0,0,5,5,6,19,14,20,0.5651,0.5651,0.0000,9,1,0,0,recheck,0,still,0
1744,90,1,1,95,20,0,2,1,25,0,1,20,5,0,0,0,0,0,0,25,25,25,0.6107,0.2375,0.0000,12,1,0,0,recheck,0,still,0
1745,1,2,1,1002,18,0,2,0,12,0,1,0,12,0,0,0,9,9,9,21,12,21,0.3623,0.3623,0.0000,7,1,0,0,period_end,0,still,0
1745,11,1,1,1258,21,0,1,0,14,0,1,0,14,0,0,2,9,9,9,23,16,25,0.5541,0.5541,0.0000,9,1,0,0,recheck,0,still,0
1745,12,2,1,104,20,0,1,0,13,0,1,0,13,0,0,2,10,10,10,23,15,25,0.5543,0.5543,0.0000,10,1,0,0,recheck,0,still,0
1745,56,1,1,300,19,0,4,0,20,0,1,8,12,0,0,0,5,5,5,25,20,25,0.5427,0.4703,0.0000,10,1,0,0,period_end,0,still,0
1745,170,2,1,206,16,1,4,0,13,0,1,1,12,0,0,0,9,9,9,22,13,22,0.5747,0.5747,0.0000,10,1,0,0,recheck,0,still,0
1746,9,1,1,1096,18,0,1,0,19,0,1,0,19,0,0,0,5,5,5,24,19,24,0.4064,0.4064,0.0000,8,1,0,0,recheck,0,still,0
1746,58,1,1,209,15,0,2,0,20,0,1,10,10,0,0,0,3,3,3,23,20,23,0.5410,0.3967,0.0000,9,1,0,0,recheck,0,still,0
1746,80,1,1,99,18,1,2,0,14,0,1,1,13,0,0,0,5,5,5,19,14,19,0.4974,0.4974,0.0000,8,1,0,0,recheck,0,still,0
1746,115,2,1,1228,15,0,3,0,16,0,1,0,16,0,0,0,7,7,7,23,16,23,0.2694,0.2694,0.0000,7,1,0,0,recheck,0,still,0
1746,119,1,1,802,21,0,2,0,17,0,1,0,17,0,2,0,10,10,10,27,15,25,0.4712,0.4712,0.0000,11,1,0,0,recheck,0,still,0
1747,10,1,1,104,21,1,2,0,17,0,1,0,17,0,0,1,7,7,7,24,18,25,0.5541,0.5541,0.0000,9,1,0,0,recheck,0,still,0
1747,25,2,1,435,18,1,2,0,25,0,1,16,9,0,0,0,2,2,2,27,25,27,0.6447,0.3868,0.0000,12,1,0,0,recheck,0,still,0
1747,54,2,1,88,18,3,4,0,18,0,1,4,14,0,0,0,5,5,5,23,18,23,0.5740,0.5103,0.0000,11,1,0,0,recheck,0,still,0
1747,183,1,1,199,19,0,2,1,13,0,1,0,13,0,1,0,11,11,10,24,12,22,0.5293,0.5293,0.0000,11,1,0,0,recheck,0,still,0
1748,76,3,1,173,19,0,3,0,13,0,1,0,13,0,0,0,9,9,9,22,13,22,0.5656,0.5656,0.0000,12,1,0,0,recheck,0,still,0
1748,84,1,1,143,18,1,2,0,21,0,1,9,12,0,1,0,3,3,4,24,20,24,0.6092,0.4659,0.0000,11,1,0,0,recheck,0,still,0
1748,117,3,1,1208,17,0,1,0,21,0,1,0,21,0,0,0,7,7,7,28,21,28,0.3999,0.3999,0.0000,9,1,0,0,recheck,0,still,0
1749,2,1,1,913,15,0,1,0,14,0,1,0,14,0,0,0,7,7,6,21,14,20,0.3775,0.3775,0.0000,6,1,0,0,recheck,0,still,0
1749,7,2,1,1114,16,0,2,0,19,0,1,0,19,0,0,0,5,5,5,24,19,24,0.4208,0.4208,0.0000,9,1,0,0,recheck,0,still,0
1749,47,2,1,203,20,0,2,0,12,0,1,0,12,0,0,1,9,9,10,21,13,23,0.6136,0.6136,0.0000,12,1,0,0,recheck,0,still,0
1749,107,3,1,108,18,1,2,0,22,0,1,21,1,0,0,0,0,0,0,22,22,22,0.7356,0.0294,0.0000,16,0,1,1,recheck,0,still,0
1750,44,1,1,1332,21,0,2,0,15,0,1,0,15,0,0,2,7,7,7,22,17,24,0.4750,0.4750,0.0000,8,1,0,0,period_end,0,still,0
1751,44,1,1,1333,21,0,2,0,15,0,1,0,15,0,0,2,7,7,7,22,17,24,0.4750,0.4750,0.0000,8,1,0,0,recheck,0,still,0
1751,56,1,1,306,19,0,4,0,20,0,1,8,12,0,0,0,5,5,5,25,20,25,0.5426,0.4702,0.0000,10,1,0,0,recheck,0,still,0
1751,123,2,1,979,13,0,3,0,4,0,1,0,4,0,0,0,15,15,15,19,4,19,0.3550,0.3550,0.0000,7,1,0,0,recheck,0,still,0
1751,140,1,1,224,19,1,2,0,12,0,1,0,12,0,0,1,11,11,10,23,13,23,0.4799,0.4799,0.0000,10,1,0,0,recheck,0,still,0
1751,154,2,1,1119,18,0,1,0,12,0,1,0,12,0,0,0,10,10,10,22,12,22,0.3717,0.3717,0.0000,10,1,0,0,recheck,0,still,0
1751,174,1,0,-1,13,1,2,0,16,0,0,16,0,0,0,0,0,0,0,16,16,16,0.6591,0.0000,0.0000,10,0,0,0,,0,hop,1
1751,176,1,0,-1,21,0,1,1,26,0,1,18,8,0,2,0,1,1,0,27,24,24,0.3967,0.1322,0.0000,10,1,0,0,,0,start_holder,0
1752,118,3,1,1257,22,0,1,0,18,0,1,0,18,0,0,0,10,10,10,28,18,28,0.4252,0.4252,0.0000,12,1,0,0,recheck,0,still,0
1752,157,2,1,1055,17,0,2,0,9,0,1,0,9,0,0,0,13,13,13,22,9,22,0.3241,0.3241,0.0000,7,1,0,0,recheck,0,still,0
1752,158,1,1,1009,16,1,2,0,5,0,1,0,5,0,0,0,15,15,14,20,5,19,0.2596,0.2596,0.0000,5,1,0,0,recheck,0,still,0
1752,168,1,1,384,17,0,1,1,25,0,1,9,16,0,4,0,3,3,3,28,21,24,0.3737,0.2669,0.0000,9,1,0,0,recheck,0,still,0
1752,189,1,1,1170,13,0,2,1,14,0,1,0,14,0,0,0,8,8,4,22,14,18,0.4358,0.4358,0.0000,10,1,0,0,recheck,0,still,0
1753,15,1,1,282,17,3,4,0,12,0,1,0,12,0,1,1,8,8,8,20,12,20,0.6292,0.6292,0.0000,10,1,0,0,recheck,0,still,0
1753,29,2,1,93,18,0,1,0,24,0,1,21,3,0,1,0,0,0,0,24,23,23,0.6205,0.0931,0.0000,12,1,0,0,recheck,0,still,0
1753,51,1,1,99,18,0,4,0,15,0,1,1,14,0,0,0,7,7,6,22,15,21,0.5992,0.5992,0.0000,10,1,0,0,recheck,0,still,0
1753,128,1,1,162,17,0,1,0,23,0,1,7,16,0,3,0,4,4,4,27,20,24,0.4280,0.3210,0.0000,10,1,0,0,recheck,0,still,0
1754,17,3,1,310,17,0,2,0,17,0,1,3,14,0,0,0,5,5,5,22,17,22,0.5301,0.4712,0.0000,11,1,0,0,period_end,0,still,0
1754,26,3,1,248,20,0,2,0,25,0,1,18,7,0,0,0,0,0,0,25,25,25,0.5800,0.2030,0.0000,13,1,0,0,recheck,0,still,0
1754,86,1,1,303,19,0,2,0,23,0,1,14,9,0,0,0,2,2,3,25,23,26,0.5744,0.3231,0.0000,10,1,0,0,recheck,0,still,0
1754,143,1,0,-1,20,1,2,0,21,0,1,19,2,0,0,1,0,0,0,21,22,22,0.7122,0.1356,0.0000,14,1,0,1,,0,start_both,0
1754,146,2,1,1142,13,1,3,0,15,0,1,0,15,0,1,0,7,7,6,22,14,20,0.4016,0.4016,0.0000,11,1,0,0,recheck,0,still,0
1754,166,2,1,152,18,0,1,0,24,0,1,6,18,0,2,0,5,5,5,29,22,27,0.3739,0.3240,0.0000,10,1,0,0,recheck,0,still,0
1754,182,1,1,282,20,1,2,0,15,0,1,0,15,0,2,0,11,11,11,26,13,24,0.5201,0.5201,0.0000,13,1,0,0,recheck,0,still,0
1755,16,1,1,243,15,2,4,0,13,0,1,1,12,0,0,0,8,8,8,21,13,21,0.5051,0.5051,0.0000,8,1,0,0,recheck,0,still,0
1755,72,2,1,1058,17,0,1,0,7,0,1,0,7,0,0,0,15,15,15,22,7,22,0.3642,0.3642,0.0000,6,1,0,0,recheck,0,still,0
1755,114,1,1,1019,14,2,3,0,13,0,1,0,13,0,0,0,6,6,4,19,13,17,0.3227,0.3227,0.0000,7,1,0,0,recheck,0,still,0
1755,180,1,1,104,15,0,2,0,20,0,0,19,1,0,2,0,0,0,0,20,18,18,0.7367,0.1005,0.0000,13,0,1,1,recheck,0,still,0
1756,153,1,1,1083,16,0,2,0,12,0,1,0,12,0,0,1,9,9,7,21,13,20,0.2901,0.2901,0.0000,7,1,0,0,recheck,0,still,0
1756,169,1,1,179,18,2,3,0,9,0,1,0,9,0,0,2,8,8,9,17,11,20,0.6044,0.6044,0.0000,10,1,0,0,recheck,0,still,0
1756,194,1,1,812,22,1,2,0,17,0,1,0,17,0,2,0,11,11,11,28,15,26,0.4887,0.4887,0.0000,13,1,0,0,recheck,0,still,0
1757,142,2,1,107,16,1,3,0,12,0,1,0,12,0,0,0,10,10,10,22,12,22,0.6630,0.6630,0.0000,12,1,0,0,recheck,0,still,0
1757,159,1,1,1003,9,2,3,0,0,0,1,0,0,0,0,0,12,12,12,12,0,12,0.1742,0.1742,0.0000,3,1,0,0,recheck,0,still,0
1758,35,2,1,908,17,0,1,0,14,0,1,0,14,0,0,0,7,7,8,21,14,22,0.3900,0.3900,0.0000,7,1,0,0,recheck,0,still,0
1758,77,3,1,218,16,3,4,0,15,0,1,1,14,0,0,0,9,9,9,24,15,24,0.5837,0.5837,0.0000,13,1,0,0,recheck,0,still,0
1758,116,2,1,1039,15,0,1,0,18,0,1,0,18,0,0,0,8,8,7,26,18,25,0.3234,0.3234,0.0000,8,1,0,0,recheck,0,still,0
1759,55,2,1,176,20,1,4,0,21,0,1,6,15,0,0,0,4,4,4,25,21,25,0.6156,0.4860,0.0000,13,1,0,0,recheck,0,still,0
1760,188,1,1,1127,15,1,2,0,14,0,1,0,14,0,0,0,9,9,6,23,14,20,0.3243,0.3243,0.0000,9,1,0,0,recheck,0,still,0
1761,21,2,1,323,18,2,4,0,21,0,1,6,15,0,0,0,5,5,5,26,21,26,0.5830,0.5182,0.0000,12,1,0,0,recheck,0,still,0
1761,145,1,1,1169,14,1,2,0,13,0,1,0,13,0,0,1,6,6,4,19,14,18,0.3809,0.3809,0.0000,8,1,0,0,recheck,0,still,0
1762,23,2,1,267,16,1,2,0,22,0,1,9,13,0,0,0,3,3,3,25,22,25,0.5492,0.3876,0.0000,11,1,0,0,recheck,0,still,0
1762,161,2,1,272,17,0,1,0,14,0,1,1,13,0,1,0,10,10,10,24,13,23,0.3780,0.3780,0.0000,9,1,0,0,recheck,0,still,0
1763,4,2,1,1129,15,0,1,0,14,0,1,0,14,0,0,0,6,6,6,20,14,20,0.3714,0.3714,0.0000,8,1,0,0,recheck,0,still,0
1763,171,1,1,196,19,0,1,0,26,0,1,13,13,0,3,0,2,2,2,28,23,25,0.4514,0.2390,0.0000,13,1,0,0,recheck,0,still,0
1764,49,2,1,178,15,0,4,0,12,0,1,1,11,0,0,0,9,9,9,21,12,21,0.5814,0.5814,0.0000,10,1,0,0,recheck,0,still,0
1764,132,1,0,-1,19,0,3,0,19,0,1,17,2,0,0,2,0,0,0,19,21,21,0.7171,0.1434,0.0000,12,1,0,1,,0,start_both,0
1765,68,3,1,858,15,1,2,0,9,0,1,0,9,0,0,0,12,12,12,21,9,21,0.3583,0.3583,0.0000,7,1,0,0,recheck,0,still,0
1765,139,1,1,80,20,0,2,1,11,0,1,0,11,0,0,0,12,12,12,23,11,23,0.6166,0.6166,0.0000,13,1,0,0,recheck,0,still,0
1766,57,1,1,397,20,0,1,0,22,0,1,7,15,0,0,0,4,4,4,26,22,26,0.6151,0.4704,0.0000,11,1,0,0,recheck,0,still,0
1766,127,1,1,143,19,0,2,1,20,0,1,3,17,0,3,0,5,5,5,25,17,22,0.4309,0.3770,0.0000,10,1,0,0,recheck,0,still,0
1766,135,1,1,385,19,0,1,0,27,0,1,14,13,0,3,0,1,1,0,28,24,24,0.4239,0.2915,0.0000,11,1,0,0,recheck,0,still,0
1767,89,1,1,457,19,1,2,0,21,0,1,15,6,0,0,2,0,0,0,21,23,23,0.6090,0.2866,0.0000,11,1,0,0,recheck,0,still,0
1768,1,2,1,1025,18,0,2,0,8,0,1,0,8,0,0,0,13,13,13,21,8,21,0.3623,0.3623,0.0000,7,1,0,0,recheck,0,still,0
1768,87,1,1,410,19,1,2,0,21,0,1,12,9,0,0,0,2,2,3,23,21,24,0.6690,0.4225,0.0000,11,1,0,0,recheck,0,still,0
1768,165,1,1,131,18,1,2,0,17,0,1,3,14,0,3,0,8,8,8,25,14,22,0.4224,0.3727,0.0000,11,1,0,0,recheck,0,still,0
1768,195,1,1,1123,17,1,2,0,8,0,1,0,8,0,0,0,14,14,12,22,8,20,0.3706,0.3706,0.0000,10,1,0,0,recheck,0,still,0
1769,8,2,1,937,16,0,1,0,15,0,1,0,15,0,0,0,10,10,10,25,15,25,0.3957,0.3957,0.0000,9,1,0,0,recheck,0,still,0
1769,19,3,1,245,18,0,2,0,16,0,1,4,12,0,0,0,9,9,9,25,16,25,0.6167,0.5579,0.0000,13,1,0,0,recheck,0,still,0
1769,91,1,1,92,16,0,1,0,22,0,1,17,5,0,2,0,0,0,0,22,20,20,0.6871,0.1963,0.0000,14,1,0,0,recheck,0,still,0
1769,199,1,1,1059,12,1,3,0,0,0,1,0,0,0,0,0,14,14,14,14,0,14,0.2621,0.2621,0.0000,4,1,0,0,recheck,0,still,0
1770,5,2,1,1138,14,1,2,0,10,0,1,0,10,0,0,0,12,12,12,22,10,22,0.4003,0.4003,0.0000,9,1,0,0,recheck,0,still,0
1770,6,2,1,1139,15,1,2,0,12,0,1,0,12,0,0,0,12,12,12,24,12,24,0.4231,0.4231,0.0000,9,1,0,0,recheck,0,still,0
1770,17,3,1,326,17,0,2,0,12,0,1,3,9,0,0,0,10,10,10,22,12,22,0.5299,0.4711,0.0000,11,1,0,0,recheck,0,still,0
1770,50,1,1,194,18,1,4,0,12,0,1,1,11,0,0,0,8,8,8,20,12,20,0.5886,0.5886,0.0000,9,1,0,0,recheck,0,still,0
1770,126,2,1,137,18,0,1,1,14,0,1,3,11,0,2,0,10,10,10,24,12,22,0.3258,0.3258,0.0000,9,1,0,0,recheck,0,still,0
1770,149,1,1,1121,19,0,1,0,14,0,1,0,14,0,0,0,11,11,10,25,14,24,0.4407,0.4407,0.0000,8,1,0,0,recheck,0,still,0
1770,163,1,1,102,17,0,1,1,13,0,1,1,12,0,1,0,11,11,9,24,12,21,0.4063,0.4063,0.0000,8,1,0,0,recheck,0,still,0
1771,40,1,1,1038,13,0,2,0,8,0,1,0,8,0,0,0,11,11,11,19,8,19,0.4329,0.4329,0.0000,8,1,0,0,recheck,0,still,0
1771,130,1,1,295,18,2,4,0,9,0,1,0,9,0,0,2,10,10,10,19,11,21,0.5837,0.5837,0.0000,10,1,0,0,recheck,0,still,0
1772,3,2,1,1071,14,0,1,0,7,0,1,0,7,0,0,0,13,13,13,20,7,20,0.3726,0.3726,0.0000,7,1,0,0,recheck,0,still,0
1772,14,1,1,287,20,0,1,0,12,0,1,0,12,0,0,0,9,9,11,21,12,23,0.5910,0.5910,0.0000,9,1,0,0,recheck,0,still,0
1772,113,1,1,1065,15,0,2,0,6,0,1,0,6,0,0,0,14,14,13,20,6,19,0.3797,0.3797,0.0000,8,1,0,0,recheck,0,still,0
1773,133,2,0,-1,12,2,3,0,15,0,0,15,0,0,1,0,0,0,0,15,14,14,0.6288,0.0000,0.0000,11,0,0,0,,0,hop,1
1773,151,1,1,237,20,2,3,0,13,0,1,0,13,0,0,1,12,12,10,25,14,24,0.4991,0.4991,0.0000,11,1,0,0,recheck,0,still,0
1774,13,2,1,194,19,1,2,0,18,0,1,0,18,0,0,0,7,7,8,25,18,26,0.6266,0.6266,0.0000,11,1,0,0,recheck,0,still,0
1774,34,1,0,-1,5,1,5,0,6,0,0,6,0,0,0,0,0,0,0,6,6,6,0.2954,0.0000,0.0000,5,0,0,0,,0,pending,0
1774,79,1,1,205,17,1,2,0,11,0,1,1,10,0,0,0,8,8,9,19,11,20,0.5648,0.5648,0.0000,9,1,0,0,recheck,0,still,0
1774,90,1,1,125,19,0,2,1,24,0,1,17,7,0,0,0,0,0,0,24,24,24,0.6104,0.3052,0.0000,12,1,0,0,recheck,0,still,0
1775,11,1,1,1288,21,1,2,0,16,0,1,0,16,0,0,1,7,7,8,23,17,25,0.5541,0.5541,0.0000,9,1,0,0,recheck,0,still,0
1775,12,2,1,134,20,0,2,0,16,0,1,0,16,0,0,1,7,7,8,23,17,25,0.5544,0.5544,0.0000,10,1,0,0,recheck,0,still,0
1775,34,1,0,-1,5,1,5,0,6,0,0,6,0,0,0,0,0,0,0,6,6,6,0.2954,0.0000,0.0000,5,0,0,0,,0,hop,1
1775,86,1,1,324,19,0,2,0,19,0,1,10,9,0,0,0,4,4,5,23,19,24,0.5745,0.3590,0.0000,10,1,0,0,period_end,0,still,0
1775,170,2,1,236,16,1,4,0,11,0,1,1,10,0,0,0,11,11,11,22,11,22,0.5110,0.5110,0.0000,9,1,0,0,recheck,0,still,0
1776,9,1,1,1126,18,0,1,0,19,0,1,0,19,0,0,0,5,5,5,24,19,24,0.5172,0.5172,0.0000,9,1,0,0,recheck,0,still,0
1776,58,1,1,239,15,0,2,0,17,0,1,7,10,0,0,0,6,6,6,23,17,23,0.5415,0.3971,0.0000,9,1,0,0,recheck,0,still,0
1776,80,1,1,129,18,1,2,0,9,0,1,1,8,0,0,0,10,10,10,19,9,19,0.4972,0.4972,0.0000,8,1,0,0,recheck,0,still,0
1776,115,2,1,1258,15,0,3,0,12,0,1,0,12,0,0,0,11,11,11,23,12,23,0.2694,0.2694,0.0000,7,1,0,0,recheck,0,still,0
1776,119,1,1,832,21,0,2,0,17,0,1,0,17,0,1,0,10,10,9,27,16,25,0.4712,0.4712,0.0000,11,1,0,0,recheck,0,still,0
1777,10,1,1,134,21,1,2,0,18,0,1,0,18,0,0,0,6,6,7,24,18,25,0.5541,0.5541,0.0000,9,1,0,0,recheck,0,still,0
1777,25,2,1,465,18,1,2,0,20,0,1,11,9,0,0,0,5,5,5,25,20,25,0.6443,0.4188,0.0000,12,1,0,0,recheck,0,still,0
1777,54,2,1,118,18,3,4,0,13,0,1,4,9,0,0,0,10,10,10,23,13,23,0.5741,0.5103,0.0000,11,1,0,0,recheck,0,still,0
1777,141,2,1,52,17,0,1,0,12,0,1,0,12,0,0,0,10,10,10,22,12,22,0.5660,0.5660,0.0000,11,1,0,0,recheck,0,still,0
1777,183,1,1,229,17,0,1,1,15,0,1,0,15,0,2,0,8,8,7,23,13,20,0.5366,0.5366,0.0000,11,1,0,0,recheck,0,still,0
1778,76,3,1,203,19,0,2,0,13,0,1,0,13,0,0,0,9,9,9,22,13,22,0.5656,0.5656,0.0000,12,1,0,0,recheck,0,still,0
1778,84,1,1,173,18,1,2,0,18,0,1,7,11,0,0,0,7,7,7,25,18,25,0.6095,0.4661,0.0000,11,1,0,0,recheck,0,still,0
1778,117,3,1,1238,16,0,1,0,19,0,1,0,19,0,0,0,9,9,9,28,19,28,0.3999,0.3999,0.0000,9,1,0,0,recheck,0,still,0
1779,2,1,1,943,15,0,1,0,6,0,1,0,6,0,0,0,15,15,14,21,6,20,0.3775,0.3775,0.0000,6,1,0,0,recheck,0,still,0
1779,7,2,1,1144,16,0,2,0,16,0,1,0,16,0,0,0,7,7,7,23,16,23,0.4208,0.4208,0.0000,9,1,0,0,recheck,0,still,0
1779,47,2,1,233,20,0,2,0,14,0,1,0,14,0,0,1,7,7,8,21,15,23,0.6133,0.6133,0.0000,12,1,0,0,recheck,0,still,0
1779,107,3,1,138,17,1,2,0,21,0,1,20,1,0,0,0,0,0,0,21,21,21,0.7349,0.0294,0.0000,15,0,1,1,recheck,0,still,0
1780,97,3,0,-1,1,0,1,1,1,0,0,1,0,0,0,0,0,0,0,1,1,1,0.0297,0.0000,0.0000,1,0,0,0,,0,pending,0
1781,44,1,1,1363,21,0,2,0,16,0,1,0,16,0,0,1,6,6,7,22,17,24,0.4750,0.4750,0.0000,8,1,0,0,recheck,0,still,0
1781,56,1,1,336,19,0,4,0,15,0,1,5,10,0,0,0,10,10,10,25,15,25,0.5420,0.4697,0.0000,10,1,0,0,recheck,0,still,0
1781,97,3,0,-1,1,0,1,1,1,0,0,1,0,0,0,0,0,0,0,1,1,1,0.0297,0.0000,0.0000,1,0,0,0,,0,hop,1
1781,123,2,1,1009,13,0,3,0,0,0,1,0,0,0,0,0,19,19,19,19,0,19,0.3550,0.3550,0.0000,7,1,0,0,recheck,0,still,0
1781,140,1,1,254,20,0,1,0,14,0,1,0,14,0,1,1,9,9,9,23,14,23,0.4832,0.4832,0.0000,10,1,0,0,recheck,0,still,0
1781,154,2,1,1149,18,0,1,0,4,0,1,0,4,0,0,0,18,18,18,22,4,22,0.3717,0.3717,0.0000,10,1,0,0,recheck,0,still,0
1782,118,3,1,1287,22,0,1,0,17,0,1,0,17,0,0,0,11,11,11,28,17,28,0.4253,0.4253,0.0000,12,1,0,0,recheck,0,still,0
1782,157,2,1,1085,17,0,2,0,3,0,1,0,3,0,0,0,19,19,19,22,3,22,0.3241,0.3241,0.0000,7,1,0,0,recheck,0,still,0
1782,158,1,1,1039,16,1,2,0,1,0,1,0,1,0,0,0,19,19,18,20,1,19,0.2596,0.2596,0.0000,5,1,0,0,recheck,0,still,0
1782,168,1,1,414,17,0,1,1,19,0,1,7,12,0,2,0,9,9,7,28,17,24,0.3737,0.2669,0.0000,9,1,0,0,recheck,0,still,0
1782,189,1,1,1200,13,0,2,1,6,0,1,0,6,0,0,0,16,16,12,22,6,18,0.4359,0.4359,0.0000,10,1,0,0,recheck,0,still,0
1783,15,1,1,312,17,3,4,0,9,0,1,0,9,0,1,1,11,11,11,20,9,20,0.6275,0.6275,0.0000,10,1,0,0,recheck,0,still,0
1783,29,2,1,123,17,0,1,0,23,0,1,18,5,0,1,0,0,0,0,23,22,22,0.6527,0.1243,0.0000,12,1,0,0,recheck,0,still,0
1783,51,1,1,129,18,0,4,0,11,0,1,1,10,0,0,0,11,11,10,22,11,21,0.5640,0.5640,0.0000,9,1,0,0,recheck,0,still,0
1783,128,1,1,192,17,0,1,0,17,0,1,5,12,0,2,0,10,10,9,27,15,24,0.4280,0.3210,0.0000,10,1,0,0,recheck,0,still,0
1784,26,3,1,278,19,0,2,0,23,0,1,15,8,0,0,0,1,1,1,24,23,24,0.5510,0.2320,0.0000,12,1,0,0,recheck,0,still,0
1784,86,1,1,333,19,0,2,0,18,0,1,10,8,0,0,0,5,5,6,23,18,24,0.5745,0.3590,0.0000,10,1,0,0,recheck,0,still,0
1784,88,1,1,47,18,0,1,0,22,0,1,14,8,0,0,0,0,0,1,22,22,23,0.6815,0.3228,0.0000,12,1,0,0,recheck,0,still,0
1784,146,2,1,1172,13,1,3,0,9,0,1,0,9,0,0,0,13,13,11,22,9,20,0.4022,0.4022,0.0000,11,1,0,0,recheck,0,still,0
1784,166,2,1,182,18,0,1,0,18,0,1,5,13,0,2,0,11,11,11,29,16,27,0.3739,0.3240,0.0000,10,1,0,0,recheck,0,still,0
1784,182,1,1,312,20,1,3,0,16,0,1,0,16,0,1,0,10,10,9,26,15,24,0.5201,0.5201,0.0000,13,1,0,0,recheck,0,still,0
1785,15,1,1,314,17,3,4,0,9,0,1,0,9,0,1,1,11,11,11,20,9,20,0.6274,0.6274,0.0000,10,1,0,0,period_end,0,still,0
1785,16,1,1,273,15,2,4,0,10,0,1,1,9,0,0,0,11,11,11,21,10,21,0.5051,0.5051,0.0000,8,1,0,0,recheck,0,still,0
1785,72,2,1,1088,17,0,1,0,2,0,1,0,2,0,0,0,20,20,20,22,2,22,0.3642,0.3642,0.0000,6,1,0,0,recheck,0,still,0
1785,114,1,1,1049,14,2,3,0,8,0,1,0,8,0,0,0,12,12,10,20,8,18,0.3227,0.3227,0.0000,7,1,0,0,recheck,0,still,0
1785,180,1,1,134,15,0,2,0,19,0,1,18,1,0,1,0,0,0,0,19,18,18,0.7293,0.0994,0.0000,12,0,1,1,recheck,0,still,0
1786,131,2,0,-1,16,0,1,0,20,0,1,9,11,0,2,0,7,7,7,27,18,25,0.3467,0.1981,0.0000,10,1,0,0,,0,start_holder,0
1786,153,1,1,1113,16,0,2,0,5,0,1,0,5,0,0,0,16,16,15,21,5,20,0.2901,0.2901,0.0000,7,1,0,0,recheck,0,still,0
1786,169,1,1,209,18,0,1,0,11,0,1,0,11,0,0,1,7,7,8,18,12,20,0.6042,0.6042,0.0000,10,1,0,0,recheck,0,still,0
1786,194,1,1,842,22,1,2,0,17,0,1,0,17,0,1,0,11,11,10,28,16,26,0.4888,0.4888,0.0000,13,1,0,0,recheck,0,still,0
1787,142,2,1,137,17,1,2,0,12,0,1,0,12,0,0,0,10,10,10,22,12,22,0.6632,0.6632,0.0000,12,1,0,0,recheck,0,still,0
1787,159,1,1,1033,9,2,3,0,0,0,1,0,0,0,0,0,12,12,12,12,0,12,0.1742,0.1742,0.0000,3,1,0,0,recheck,0,still,0
1788,35,2,1,938,17,0,1,0,6,0,1,0,6,0,0,0,15,15,16,21,6,22,0.3900,0.3900,0.0000,7,1,0,0,recheck,0,still,0
1788,77,3,1,248,16,3,4,0,11,0,1,1,10,0,0,0,13,13,13,24,11,24,0.5837,0.5837,0.0000,13,1,0,0,recheck,0,still,0
1788,116,2,1,1069,15,0,1,0,16,0,1,0,16,0,0,0,10,10,9,26,16,25,0.3234,0.3234,0.0000,8,1,0,0,recheck,0,still,0
1788,143,1,1,34,18,1,3,0,20,0,1,17,3,0,0,1,0,0,0,20,21,21,0.7142,0.1700,0.0000,13,1,0,1,recheck,0,still,0
1789,55,2,1,206,20,1,4,0,15,0,1,4,11,0,0,0,10,10,10,25,15,25,0.6165,0.4867,0.0000,13,1,0,0,recheck,0,still,0
1790,75,1,0,-1,2,0,3,1,2,0,0,2,0,0,0,0,0,0,0,2,2,2,0.0369,0.0000,0.0000,1,0,0,0,,0,hop,1
1790,92,1,0,-1,17,1,2,0,19,0,1,17,2,0,0,1,0,0,0,19,20,20,0.6314,0.1052,0.0000,10,0,1,0,,0,hop,1
1790,188,1,1,1157,15,1,2,0,6,0,1,0,6,0,0,0,17,17,14,23,6,20,0.3243,0.3243,0.0000,9,1,0,0,recheck,0,still,0
1791,21,2,1,353,18,2,4,0,15,0,1,4,11,0,0,0,11,11,11,26,15,26,0.5842,0.5193,0.0000,12,1,0,0,recheck,0,still,0
1791,145,1,1,1199,14,1,2,0,6,0,1,0,6,0,0,1,13,13,11,19,7,18,0.3809,0.3809,0.0000,8,1,0,0,recheck,0,still,0
1792,23,2,1,297,16,1,2,0,18,0,1,8,10,0,0,0,7,7,7,25,18,25,0.5158,0.3868,0.0000,10,1,0,0,recheck,0,still,0
1792,161,2,1,302,17,0,1,0,11,0,1,1,10,0,1,0,13,13,13,24,10,23,0.3780,0.3780,0.0000,9,1,0,0,recheck,0,still,0
1793,4,2,1,1159,15,0,1,0,8,0,1,0,8,0,0,0,12,12,12,20,8,20,0.3714,0.3714,0.0000,8,1,0,0,recheck,0,still,0
1793,28,2,0,-1,18,0,2,0,25,0,1,17,8,0,1,0,0,0,0,25,24,24,0.5809,0.2140,0.0000,12,1,0,0,,0,start_holder,0
1793,171,1,1,226,19,0,1,0,22,0,1,11,11,0,2,0,6,6,5,28,20,25,0.4514,0.2655,0.0000,13,1,0,0,recheck,0,still,0
1794,49,2,1,208,15,0,4,0,14,0,1,1,13,0,0,0,7,7,7,21,14,21,0.5818,0.5818,0.0000,10,1,0,0,recheck,0,still,0
1795,68,3,1,888,15,1,2,0,3,0,1,0,3,0,0,0,18,18,18,21,3,21,0.3583,0.3583,0.0000,7,1,0,0,recheck,0,still,0
1795,139,1,1,110,21,0,3,1,19,0,1,0,19,0,0,0,4,4,4,23,19,23,0.6166,0.6166,0.0000,13,1,0,0,recheck,0,still,0
1796,57,1,1,427,20,0,1,0,17,0,1,5,12,0,0,0,8,8,8,25,17,25,0.6150,0.5427,0.0000,11,1,0,0,recheck,0,still,0
1796,127,1,1,173,19,0,2,1,15,0,1,1,14,0,3,0,10,10,10,25,12,22,0.4309,0.3770,0.0000,10,1,0,0,recheck,0,still,0
1796,130,1,1,320,18,2,4,0,14,0,1,0,14,0,0,2,5,5,5,19,16,21,0.5836,0.5836,0.0000,10,1,0,0,period_end,0,still,0
1796,135,1,1,415,19,0,1,0,23,0,1,13,10,0,1,0,5,5,2,28,22,24,0.4239,0.2915,0.0000,11,1,0,0,recheck,0,still,0
1796,176,1,1,45,20,0,1,1,23,0,1,14,9,0,0,0,3,3,0,26,23,23,0.3967,0.1851,0.0000,10,1,0,0,recheck,0,still,0
1797,23,2,1,302,16,1,2,0,18,0,1,7,11,0,0,0,7,7,7,25,18,25,0.5157,0.4512,0.0000,10,1,0,0,period_end,0,still,0
1797,89,1,1,487,19,1,2,0,21,0,1,15,6,0,0,2,0,0,0,21,23,23,0.6089,0.2865,0.0000,11,1,0,0,recheck,0,still,0
1798,1,2,1,1055,18,0,2,0,4,0,1,0,4,0,0,0,17,17,17,21,4,21,0.3623,0.3623,0.0000,7,1,0,0,recheck,0,still,0
1798,87,1,1,440,19,1,2,0,20,0,1,11,9,0,0,0,3,3,4,23,20,24,0.5634,0.3873,0.0000,10,1,0,0,recheck,0,still,0
1798,165,1,1,161,18,1,2,0,15,0,1,1,14,0,3,0,10,10,10,25,12,22,0.4224,0.3727,0.0000,11,1,0,0,recheck,0,still,0
1798,195,1,1,1153,17,1,2,0,4,0,1,0,4,0,0,0,18,18,16,22,4,20,0.3706,0.3706,0.0000,10,1,0,0,recheck,0,still,0
1799,8,2,1,967,16,0,1,0,18,0,1,0,18,0,0,0,7,7,7,25,18,25,0.3957,0.3957,0.0000,9,1,0,0,recheck,0,still,0
1799,19,3,1,275,18,0,2,0,14,0,1,2,12,0,0,0,11,11,11,25,14,25,0.6183,0.5594,0.0000,13,1,0,0,recheck,0,still,0
1799,62,2,0,-1,19,1,2,0,22,0,1,17,5,0,0,2,0,0,0,22,24,24,0.7340,0.2234,0.0000,14,1,0,1,,0,start_both,0
1799,91,1,1,122,16,0,1,0,22,0,1,16,6,0,2,0,0,0,0,22,20,20,0.6871,0.1963,0.0000,14,1,0,0,recheck,0,still,0
1799,110,1,0,-1,9,1,4,0,9,0,0,9,0,0,0,1,0,0,0,9,10,10,0.5142,0.0000,0.0000,8,0,0,0,,0,pending,0
1799,199,1,1,1089,12,1,3,0,0,0,1,0,0,0,0,0,14,14,14,14,0,14,0.2621,0.2621,0.0000,4,1,0,0,recheck,0,still,0
1800,5,2,1,1168,14,1,2,0,11,0,1,0,11,0,0,0,11,11,11,22,11,22,0.4003,0.4003,0.0000,9,1,0,0,recheck,0,still,0
1800,6,2,1,1169,15,1,2,0,15,0,1,0,15,0,0,0,9,9,9,24,15,24,0.4231,0.4231,0.0000,9,1,0,0,recheck,0,still,0
1800,17,3,1,356,17,0,2,0,12,0,1,1,11,0,0,0,10,10,10,22,12,22,0.5316,0.4726,0.0000,11,1,0,0,recheck,0,still,0
1800,50,1,1,224,18,1,4,0,13,0,1,1,12,0,0,0,7,7,7,20,13,20,0.5863,0.5863,0.0000,9,1,0,0,recheck,0,still,0
1800,110,1,0,-1,9,1,4,0,9,0,0,9,0,0,0,1,0,0,0,9,10,10,0.5141,0.0000,0.0000,8,0,0,0,,0,hop,1
1800,126,2,1,167,18,0,1,1,14,0,1,1,13,0,2,0,10,10,10,24,12,22,0.3258,0.3258,0.0000,9,1,0,0,recheck,0,still,0
1800,149,1,1,1151,19,0,1,0,17,0,1,0,17,0,0,0,8,8,7,25,17,24,0.4407,0.4407,0.0000,8,1,0,0,recheck,0,still,0
1800,163,1,1,132,17,0,1,1,17,0,1,1,16,0,3,0,7,7,7,24,14,21,0.4063,0.4063,0.0000,8,1,0,0,recheck,0,still,0
1801,40,1,1,1068,13,0,2,0,9,0,1,0,9,0,0,0,10,10,10,19,9,19,0.4329,0.4329,0.0000,8,1,0,0,recheck,0,still,0
1801,130,1,1,325,18,2,4,0,14,0,1,0,14,0,0,2,5,5,5,19,16,21,0.5836,0.5836,0.0000,10,1,0,0,recheck,0,still,0
1802,3,2,1,1101,14,0,1,0,6,0,1,0,6,0,0,0,14,14,14,20,6,20,0.3726,0.3726,0.0000,7,1,0,0,recheck,0,still,0
1802,14,1,1,317,20,0,1,0,19,0,1,0,19,0,0,1,2,2,3,21,20,23,0.6280,0.6280,0.0000,10,1,0,0,recheck,0,still,0
1802,113,1,1,1095,14,0,2,0,5,0,1,0,5,0,0,0,15,15,14,20,5,19,0.3797,0.3797,0.0000,8,1,0,0,recheck,0,still,0
1802,159,1,1,1048,9,2,3,0,0,0,1,0,0,0,0,0,12,12,12,12,0,12,0.1742,0.1742,0.0000,3,1,0,0,period_end,0,still,0
1803,151,1,1,267,20,2,3,0,19,0,1,0,19,0,0,1,6,6,4,25,20,24,0.5579,0.5579,0.0000,12,1,0,0,recheck,0,still,0
1804,13,2,1,224,19,1,2,0,21,0,1,0,21,0,0,0,3,3,4,24,21,25,0.6266,0.6266,0.0000,11,1,0,0,recheck,0,still,0
1804,79,1,1,235,17,1,2,0,11,0,1,1,10,0,0,0,8,8,9,19,11,20,0.5649,0.5649,0.0000,9,1,0,0,recheck,0,still,0
1804,90,1,1,155,19,0,2,1,23,0,1,14,9,0,0,0,0,0,0,23,23,23,0.6443,0.3730,0.0000,13,1,0,0,recheck,0,still,0
1805,11,1,1,1318,21,1,2,0,20,0,1,0,20,0,0,0,3,3,5,23,20,25,0.5541,0.5541,0.0000,9,1,0,0,recheck,0,still,0
1805,12,2,1,164,20,0,2,0,20,0,1,0,20,0,0,1,3,3,4,23,21,25,0.5544,0.5544,0.0000,10,1,0,0,recheck,0,still,0
1805,170,2,1,266,16,1,4,0,15,0,1,1,14,0,0,0,7,7,7,22,15,22,0.5109,0.5109,0.0000,9,1,0,0,recheck,0,still,0
1806,9,1,1,1156,18,0,1,0,18,0,1,0,18,0,0,0,6,6,6,24,18,24,0.5172,0.5172,0.0000,9,1,0,0,recheck,0,still,0
1806,58,1,1,269,15,0,2,0,16,0,1,5,11,0,0,0,7,7,7,23,16,23,0.5416,0.5416,0.0000,9,1,0,0,recheck,0,still,0
1806,80,1,1,159,18,0,1,1,10,0,1,1,9,0,0,0,9,9,10,19,10,20,0.4902,0.4902,0.0000,8,1,0,0,recheck,0,still,0
1806,115,2,1,1288,15,0,3,0,11,0,1,0,11,0,0,0,12,12,12,23,11,23,0.2694,0.2694,0.0000,7,1,0,0,recheck,0,still,0
1806,119,1,1,862,21,0,2,0,20,0,1,0,20,0,0,0,7,7,5,27,20,25,0.4712,0.4712,0.0000,11,1,0,0,recheck,0,still,0
1807,10,1,1,164,21,1,2,0,19,0,1,0,19,0,0,0,5,5,6,24,19,25,0.5541,0.5541,0.0000,9,1,0,0,recheck,0,still,0
1807,25,2,1,495,18,1,2,0,20,0,1,10,10,0,0,0,6,6,6,26,20,26,0.5476,0.4510,0.0000,11,1,0,0,recheck,0,still,0
1807,54,2,1,148,18,3,4,0,13,0,1,1,12,0,0,0,10,10,10,23,13,23,0.5744,0.5105,0.0000,11,1,0,0,recheck,0,still,0
1807,115,2,1,1289,15,0,3,0,11,0,1,0,11,0,0,0,12,12,12,23,11,23,0.2694,0.2694,0.0000,7,1,0,0,period_end,0,still,0
1807,136,2,0,-1,9,6,7,0,10,0,0,10,0,0,0,0,0,0,0,10,10,10,0.4119,0.0000,0.0000,8,0,0,0,,0,pending,0
1807,141,2,1,82,17,0,1,0,16,0,1,0,16,0,0,0,6,6,6,22,16,22,0.5387,0.5387,0.0000,10,1,0,0,recheck,0,still,0
1807,183,1,1,259,18,0,1,1,19,0,1,0,19,0,2,0,4,4,3,23,17,20,0.5469,0.5469,0.0000,11,1,0,0,recheck,0,still,0
1808,76,3,1,233,20,0,2,0,17,0,1,0,17,0,0,0,5,5,5,22,17,22,0.5656,0.5656,0.0000,12,1,0,0,recheck,0,still,0
1808,84,1,1,203,18,1,2,0,17,0,1,4,13,0,0,0,8,8,8,25,17,25,0.6116,0.5396,0.0000,11,1,0,0,recheck,0,still,0
1808,117,3,1,1268,16,0,1,0,20,0,1,0,20,0,0,0,8,8,8,28,20,28,0.4000,0.4000,0.0000,9,1,0,0,recheck,0,still,0
1808,132,1,1,44,18,0,3,0,19,0,1,17,2,0,0,2,0,0,0,19,21,21,0.7177,0.1435,0.0000,12,1,0,1,recheck,0,still,0
1808,136,2,0,-1,9,6,7,0,10,0,0,10,0,0,0,0,0,0,0,10,10,10,0.4122,0.0000,0.0000,8,0,0,0,,0,hop,1
1809,2,1,1,973,15,0,1,0,5,0,1,0,5,0,0,0,16,16,15,21,5,20,0.3775,0.3775,0.0000,6,1,0,0,recheck,0,still,0
1809,7,2,1,1174,16,0,2,0,15,0,1,0,15,0,0,0,9,9,9,24,15,24,0.4208,0.4208,0.0000,9,1,0,0,recheck,0,still,0
1809,47,2,1,263,20,0,2,0,18,0,1,0,18,0,0,1,3,3,4,21,19,23,0.6131,0.6131,0.0000,12,1,0,0,recheck,0,still,0
1809,107,3,1,168,17,1,2,0,20,0,1,19,1,0,0,0,0,0,0,20,20,20,0.7353,0.0294,0.0000,15,0,1,1,recheck,0,still,0
1811,44,1,1,1393,21,0,2,0,17,0,1,0,17,0,0,1,5,5,6,22,18,24,0.5115,0.5115,0.0000,9,1,0,0,recheck,0,still,0
1811,56,1,1,366,19,0,4,0,15,0,1,2,13,0,0,0,10,10,10,25,15,25,0.5420,0.4697,0.0000,10,1,0,0,recheck,0,still,0
1811,123,2,1,1039,13,0,3,0,0,0,1,0,0,0,0,0,19,19,19,19,0,19,0.3550,0.3550,0.0000,7,1,0,0,recheck,0,still,0
1811,140,1,1,284,20,0,1,0,19,0,1,0,19,0,0,0,5,5,4,24,19,23,0.6092,0.6092,0.0000,12,1,0,0,recheck,0,still,0
1811,154,2,1,1179,18,0,1,0,4,0,1,0,4,0,0,0,18,18,18,22,4,22,0.3717,0.3717,0.0000,10,1,0,0,recheck,0,still,0
1812,67,2,0,-1,11,1,3,0,13,0,0,13,0,0,0,0,0,0,0,13,13,13,0.5624,0.0000,0.0000,10,0,0,0,,0,hop,1
1812,118,3,1,1317,22,0,1,0,20,0,1,0,20,0,0,0,7,7,7,27,20,27,0.4253,0.4253,0.0000,12,1,0,0,recheck,0,still,0
1812,157,2,1,1115,17,0,2,0,3,0,1,0,3,0,0,0,19,19,19,22,3,22,0.3241,0.3241,0.0000,7,1,0,0,recheck,0,still,0
1812,158,1,1,1069,16,1,2,0,1,0,1,0,1,0,0,0,19,19,18,20,1,19,0.2596,0.2596,0.0000,5,1,0,0,recheck,0,still,0
1812,168,1,1,444,17,0,1,1,19,0,1,4,15,0,2,0,9,9,7,28,17,24,0.3737,0.3737,0.0000,9,1,0,0,recheck,0,still,0
1812,189,1,1,1230,13,0,2,1,5,0,1,0,5,0,0,0,17,17,13,22,5,18,0.4359,0.4359,0.0000,10,1,0,0,recheck,0,still,0
1813,15,1,1,342,17,3,4,0,14,0,1,0,14,0,1,1,6,6,6,20,14,20,0.6245,0.6245,0.0000,10,1,0,0,recheck,0,still,0
1813,29,2,1,153,17,0,1,0,23,0,1,17,6,0,1,0,0,0,0,23,22,22,0.6550,0.1871,0.0000,12,1,0,0,recheck,0,still,0
1813,51,1,1,159,18,0,4,0,13,0,1,1,12,0,1,0,9,9,9,22,12,21,0.5634,0.5634,0.0000,9,1,0,0,recheck,0,still,0
1813,128,1,1,222,17,0,1,0,17,0,1,2,15,0,2,0,10,10,9,27,15,24,0.4280,0.3745,0.0000,10,1,0,0,recheck,0,still,0
1813,182,1,1,341,20,1,3,0,20,0,1,0,20,0,1,0,6,6,5,26,19,24,0.5202,0.5202,0.0000,13,1,0,0,period_end,0,still,0
1814,16,1,1,302,15,2,4,0,13,0,1,1,12,0,0,0,8,8,8,21,13,21,0.5013,0.5013,0.0000,8,1,0,0,period_end,0,still,0
1814,26,3,1,308,19,0,2,0,23,0,1,13,10,0,0,0,1,1,1,24,23,24,0.5510,0.3480,0.0000,12,1,0,0,recheck,0,still,0
1814,86,1,1,363,19,0,2,0,17,0,1,7,10,0,0,0,5,5,6,22,17,23,0.5745,0.5026,0.0000,10,1,0,0,recheck,0,still,0
1814,88,1,1,77,18,0,1,0,22,0,1,12,10,0,0,0,0,0,1,22,22,23,0.6457,0.4663,0.0000,11,1,0,0,recheck,0,still,0
1814,146,2,1,1202,13,1,3,0,7,0,1,0,7,0,0,0,15,15,13,22,7,20,0.4023,0.4023,0.0000,11,1,0,0,recheck,0,still,0
1814,166,2,1,212,18,0,1,0,18,0,1,2,16,0,2,0,11,11,11,29,16,27,0.3739,0.3240,0.0000,10,1,0,0,recheck,0,still,0
1814,182,1,1,342,20,1,3,0,20,0,1,0,20,0,1,0,6,6,5,26,19,24,0.5202,0.5202,0.0000,13,1,0,0,recheck,0,still,0
1815,16,1,1,303,15,2,4,0,13,0,1,1,12,0,0,0,8,8,8,21,13,21,0.5013,0.5013,0.0000,8,1,0,0,recheck,0,still,0
1815,72,2,1,1118,17,0,1,0,2,0,1,0,2,0,0,0,20,20,20,22,2,22,0.3642,0.3642,0.0000,6,1,0,0,recheck,0,still,0
1815,114,1,1,1079,14,2,3,0,6,0,1,0,6,0,0,0,14,14,12,20,6,18,0.3227,0.3227,0.0000,7,1,0,0,recheck,0,still,0
1815,180,1,1,164,15,0,2,0,19,0,1,18,1,0,1,0,0,0,0,19,18,18,0.7301,0.0996,0.0000,12,0,1,1,recheck,0,still,0
1816,131,2,1,30,16,0,1,0,20,0,1,7,13,0,2,0,7,7,7,27,18,25,0.3467,0.2972,0.0000,10,1,0,0,recheck,0,still,0
1816,153,1,1,1143,16,0,2,0,4,0,1,0,4,0,0,0,17,17,16,21,4,20,0.2901,0.2901,0.0000,7,1,0,0,recheck,0,still,0
1816,169,1,1,239,18,0,1,0,16,0,1,0,16,0,0,1,2,2,3,18,17,20,0.6047,0.6047,0.0000,10,1,0,0,recheck,0,still,0
1816,194,1,1,872,22,1,2,0,20,0,1,0,20,0,0,0,8,8,6,28,20,26,0.4889,0.4889,0.0000,13,1,0,0,recheck,0,still,0
1817,142,2,1,167,17,1,2,0,17,0,1,0,17,0,0,1,5,5,5,22,18,23,0.6630,0.6630,0.0000,12,1,0,0,recheck,0,still,0
1817,159,1,1,1063,9,2,3,0,0,0,1,0,0,0,0,0,12,12,12,12,0,12,0.1742,0.1742,0.0000,3,1,0,0,recheck,0,still,0
1818,26,3,1,312,19,0,2,0,23,0,1,13,10,0,0,0,1,1,1,24,23,24,0.5510,0.3480,0.0000,12,1,0,0,period_end,0,still,0
1818,35,2,1,968,17,0,1,0,5,0,1,0,5,0,0,0,16,16,17,21,5,22,0.3900,0.3900,0.0000,7,1,0,0,recheck,0,still,0
1818,77,3,1,278,16,3,4,0,15,0,1,1,14,0,0,0,9,9,9,24,15,24,0.5841,0.5841,0.0000,13,1,0,0,recheck,0,still,0
1818,116,2,1,1099,15,0,1,0,14,0,1,0,14,0,0,0,12,12,11,26,14,25,0.3234,0.3234,0.0000,8,1,0,0,recheck,0,still,0
1818,143,1,1,64,18,1,3,0,20,0,1,17,3,0,0,1,0,0,0,20,21,21,0.7146,0.1701,0.0000,13,1,0,1,recheck,0,still,0
1819,55,2,1,236,20,1,4,0,14,0,1,2,12,0,0,0,11,11,11,25,14,25,0.6165,0.5516,0.0000,13,1,0,0,recheck,0,still,0
1819,123,2,1,1047,13,0,3,0,0,0,1,0,0,0,0,0,19,19,19,19,0,19,0.3550,0.3550,0.0000,7,1,0,0,period_end,0,still,0
1820,188,1,1,1187,15,1,2,0,5,0,1,0,5,0,0,0,18,18,15,23,5,20,0.3243,0.3243,0.0000,9,1,0,0,recheck,0,still,0
1821,21,2,1,383,18,2,4,0,14,0,1,2,12,0,0,0,12,12,12,26,14,26,0.5849,0.5199,0.0000,12,1,0,0,recheck,0,still,0
1821,145,1,1,1229,14,1,2,0,5,0,1,0,5,0,0,1,14,14,12,19,6,18,0.3809,0.3809,0.0000,8,1,0,0,recheck,0,still,0
1822,23,2,1,327,16,1,2,0,18,0,1,6,12,0,0,0,7,7,7,25,18,25,0.5476,0.5476,0.0000,11,1,0,0,recheck,0,still,0
1822,161,2,1,332,17,0,1,0,16,0,1,1,15,0,1,0,8,8,8,24,15,23,0.3780,0.3780,0.0000,9,1,0,0,recheck,0,still,0
1823,4,2,1,1189,15,0,1,0,6,0,1,0,6,0,0,0,14,14,14,20,6,20,0.3714,0.3714,0.0000,8,1,0,0,recheck,0,still,0
1823,171,1,1,256,19,0,1,0,22,0,1,10,12,0,2,0,6,6,5,28,20,25,0.4514,0.3717,0.0000,13,1,0,0,recheck,0,still,0
1824,49,2,1,238,15,0,4,0,13,0,1,1,12,0,0,0,8,8,8,21,13,21,0.5761,0.5761,0.0000,10,1,0,0,recheck,0,still,0
1825,11,1,1,1338,21,0,1,0,19,0,1,0,19,0,0,0,4,4,6,23,19,25,0.5541,0.5541,0.0000,9,1,0,0,period_end,0,still,0
1825,14,1,1,340,20,0,1,0,19,0,1,0,19,0,0,0,2,2,4,21,19,23,0.6280,0.6280,0.0000,10,1,0,0,period_end,0,still,0
1825,68,3,1,918,15,1,2,0,3,0,1,0,3,0,0,0,18,18,18,21,3,21,0.3583,0.3583,0.0000,7,1,0,0,recheck,0,still,0
1825,139,1,1,140,21,0,3,1,18,0,1,0,18,0,0,0,5,5,5,23,18,23,0.6166,0.6166,0.0000,13,1,0,0,recheck,0,still,0
1826,57,1,1,457,20,0,1,0,17,0,1,4,13,0,0,0,9,9,9,26,17,26,0.6152,0.5428,0.0000,11,1,0,0,recheck,0,still,0
1826,118,3,1,1331,22,0,1,0,20,0,1,0,20,0,0,0,7,7,7,27,20,27,0.4253,0.4253,0.0000,12,1,0,0,period_end,0,still,0
1826,127,1,1,203,19,0,2,1,16,0,1,1,15,0,3,0,9,9,9,25,13,22,0.4309,0.3770,0.0000,10,1,0,0,recheck,0,still,0
1826,135,1,1,445,19,0,1,0,23,0,1,12,11,0,1,0,5,5,2,28,22,24,0.4239,0.3444,0.0000,11,1,0,0,recheck,0,still,0
1826,176,1,1,75,20,0,1,1,23,0,1,13,10,0,0,0,3,3,0,26,23,23,0.3967,0.2380,0.0000,10,1,0,0,recheck,0,still,0
1827,89,1,1,517,19,1,2,0,21,0,1,13,8,0,0,1,0,0,0,21,22,22,0.6802,0.4296,0.0000,12,1,0,0,recheck,0,still,0
1828,1,2,1,1085,18,0,2,0,4,0,1,0,4,0,0,0,17,17,17,21,4,21,0.3623,0.3623,0.0000,7,1,0,0,recheck,0,still,0
1828,87,1,1,470,19,1,2,0,20,0,1,10,10,0,0,0,3,3,4,23,20,24,0.6690,0.5634,0.0000,11,1,0,0,recheck,0,still,0
1828,165,1,1,191,18,1,2,0,16,0,1,1,15,0,3,0,9,9,9,25,13,22,0.4224,0.3727,0.0000,11,1,0,0,recheck,0,still,0
1828,195,1,1,1183,17,1,2,0,4,0,1,0,4,0,0,0,18,18,16,22,4,20,0.3706,0.3706,0.0000,10,1,0,0,recheck,0,still,0
1829,8,2,1,997,16,0,1,0,17,0,1,0,17,0,0,0,8,8,8,25,17,25,0.3957,0.3957,0.0000,9,1,0,0,recheck,0,still,0
1829,19,3,1,305,18,0,2,0,15,0,1,1,14,0,0,0,10,10,10,25,15,25,0.6182,0.5593,0.0000,13,1,0,0,recheck,0,still,0
1829,91,1,1,152,19,0,1,0,22,0,1,16,6,0,0,1,0,0,0,22,23,23,0.6882,0.2622,0.0000,14,1,0,0,recheck,0,still,0
1829,199,1,1,1119,12,1,3,0,0,0,1,0,0,0,0,0,14,14,14,14,0,14,0.2621,0.2621,0.0000,4,1,0,0,recheck,0,still,0
1830,5,2,1,1198,14,1,2,0,10,0,1,0,10,0,0,0,12,12,12,22,10,22,0.4003,0.4003,0.0000,9,1,0,0,recheck,0,still,0
1830,6,2,1,1199,15,1,2,0,14,0,1,0,14,0,0,0,10,10,10,24,14,24,0.4231,0.4231,0.0000,9,1,0,0,recheck,0,still,0
1830,17,3,1,386,17,0,2,0,13,0,1,1,12,0,0,0,9,9,9,22,13,22,0.5318,0.4727,0.0000,11,1,0,0,recheck,0,still,0
1830,50,1,1,254,18,1,4,0,15,0,1,1,14,0,0,0,5,5,5,20,15,20,0.5858,0.5858,0.0000,9,1,0,0,recheck,0,still,0
1830,126,2,1,197,18,0,1,1,15,0,1,1,14,0,2,0,9,9,9,24,13,22,0.3258,0.3258,0.0000,9,1,0,0,recheck,0,still,0
1830,149,1,1,1181,19,0,1,0,16,0,1,0,16,0,0,0,9,9,8,25,16,24,0.4407,0.4407,0.0000,8,1,0,0,recheck,0,still,0
1830,163,1,1,162,17,0,1,1,19,0,1,1,18,0,3,0,5,5,5,24,16,21,0.4063,0.4063,0.0000,8,1,0,0,recheck,0,still,0
1831,35,2,1,981,17,0,1,0,5,0,1,0,5,0,0,0,16,16,17,21,5,22,0.3900,0.3900,0.0000,7,1,0,0,period_end,0,still,0
1831,40,1,1,1098,13,0,2,0,8,0,1,0,8,0,0,0,11,11,11,19,8,19,0.4329,0.4329,0.0000,8,1,0,0,recheck,0,still,0
1831,130,1,1,355,18,2,4,0,15,0,1,0,15,0,0,2,4,4,4,19,17,21,0.5471,0.5471,0.0000,9,1,0,0,recheck,0,still,0
1832,3,2,1,1131,14,0,1,0,6,0,1,0,6,0,0,0,14,14,14,20,6,20,0.3726,0.3726,0.0000,7,1,0,0,recheck,0,still,0
1832,14,1,1,347,20,0,1,0,19,0,1,0,19,0,0,0,2,2,4,21,19,23,0.6280,0.6280,0.0000,10,1,0,0,recheck,0,still,0
1832,113,1,1,1125,14,0,2,0,5,0,1,0,5,0,0,0,15,15,14,20,5,19,0.3797,0.3797,0.0000,8,1,0,0,recheck,0,still,0
1833,151,1,1,297,20,2,3,0,18,0,1,0,18,0,0,1,7,7,5,25,19,24,0.5579,0.5579,0.0000,12,1,0,0,recheck,0,still,0
1834,2,1,1,998,15,0,1,0,5,0,1,0,5,0,0,0,16,16,15,21,5,20,0.3775,0.3775,0.0000,6,1,0,0,period_end,0,still,0
1834,13,2,1,254,19,1,2,0,20,0,1,0,20,0,0,0,4,4,5,24,20,25,0.6266,0.6266,0.0000,11,1,0,0,recheck,0,still,0
1834,79,1,1,265,17,1,2,0,13,0,1,1,12,0,0,0,6,6,7,19,13,20,0.5652,0.5652,0.0000,9,1,0,0,recheck,0,still,0
1834,90,1,1,185,19,0,2,1,23,0,1,14,9,0,0,0,0,0,0,23,23,23,0.6438,0.3727,0.0000,13,1,0,0,recheck,0,still,0
1835,11,1,1,1348,21,0,1,0,19,0,1,0,19,0,0,0,4,4,6,23,19,25,0.5541,0.5541,0.0000,9,1,0,0,recheck,0,still,0
1835,12,2,1,194,20,0,1,0,19,0,1,0,19,0,0,1,4,4,5,23,20,25,0.5544,0.5544,0.0000,10,1,0,0,recheck,0,still,0
1835,152,1,0,-1,1,0,2,1,2,0,0,2,0,0,0,0,0,0,0,2,2,2,0.1108,0.0000,0.0000,1,0,0,0,,0,hop,1
1835,170,2,1,296,16,1,4,0,17,0,1,1,16,0,0,0,5,5,5,22,17,22,0.5110,0.5110,0.0000,9,1,0,0,recheck,0,still,0
1836,9,1,1,1186,18,0,1,0,17,0,1,0,17,0,0,0,7,7,7,24,17,24,0.5172,0.5172,0.0000,9,1,0,0,recheck,0,still,0
1836,58,1,1,299,15,0,2,0,16,0,1,5,11,0,0,0,7,7,7,23,16,23,0.5414,0.5414,0.0000,9,1,0,0,recheck,0,still,0
1836,80,1,1,189,17,1,2,0,11,0,1,1,10,0,0,0,8,8,9,19,11,20,0.5308,0.5308,0.0000,9,1,0,0,recheck,0,still,0
1836,115,2,1,1318,15,0,3,0,10,0,1,0,10,0,0,0,13,13,13,23,10,23,0.2694,0.2694,0.0000,7,1,0,0,recheck,0,still,0
1836,119,1,1,892,20,0,1,0,19,0,1,0,19,0,0,0,8,8,5,27,19,24,0.4712,0.4712,0.0000,11,1,0,0,recheck,0,still,0
1837,10,1,1,194,21,1,2,0,18,0,1,0,18,0,0,0,6,6,7,24,18,25,0.5541,0.5541,0.0000,9,1,0,0,recheck,0,still,0
1837,25,2,1,525,18,1,2,0,20,0,1,10,10,0,0,0,6,6,6,26,20,26,0.6445,0.5478,0.0000,12,1,0,0,recheck,0,still,0
1837,54,2,1,178,18,3,4,0,15,0,1,1,14,0,0,0,9,9,9,24,15,24,0.5741,0.5103,0.0000,11,1,0,0,recheck,0,still,0
1837,141,2,1,112,17,0,1,0,18,0,1,0,18,0,0,0,4,4,4,22,18,22,0.5390,0.5390,0.0000,10,1,0,0,recheck,0,still,0
1837,183,1,1,289,18,0,1,0,20,0,1,0,20,0,1,0,4,4,3,24,19,22,0.5608,0.5608,0.0000,11,1,0,0,recheck,0,still,0
1838,76,3,1,263,20,0,2,0,19,0,1,0,19,0,0,0,4,4,4,23,19,23,0.5656,0.5656,0.0000,12,1,0,0,recheck,0,still,0
1838,84,1,1,233,18,1,2,0,17,0,1,4,13,0,1,0,8,8,9,25,16,25,0.6107,0.5389,0.0000,11,1,0,0,recheck,0,still,0
1838,117,3,1,1298,16,0,1,0,19,0,1,0,19,0,0,0,9,9,9,28,19,28,0.4000,0.4000,0.0000,9,1,0,0,recheck,0,still,0
1838,132,1,1,74,18,0,3,0,19,0,1,17,2,0,0,2,0,0,0,19,21,21,0.7174,0.1435,0.0000,12,1,0,1,recheck,0,still,0
1839,2,1,1,1003,15,0,1,0,5,0,1,0,5,0,0,0,16,16,15,21,5,20,0.3775,0.3775,0.0000,6,1,0,0,recheck,0,still,0
1839,7,2,1,1204,16,0,2,0,14,0,1,0,14,0,0,0,10,10,10,24,14,24,0.4208,0.4208,0.0000,9,1,0,0,recheck,0,still,0
1839,47,2,1,293,20,0,2,0,17,0,1,0,17,0,0,1,4,4,5,21,18,23,0.6131,0.6131,0.0000,12,1,0,0,recheck,0,still,0
1839,107,3,1,198,17,1,4,0,20,0,1,19,1,0,0,0,0,0,0,20,20,20,0.7358,0.0294,0.0000,15,0,1,1,recheck,0,still,0
1839,161,2,1,349,17,0,1,0,18,0,1,1,17,0,1,0,6,6,6,24,17,23,0.3780,0.3780,0.0000,9,1,0,0,period_end,0,still,0
1841,44,1,1,1423,21,0,2,0,16,0,1,0,16,0,0,1,6,6,7,22,17,24,0.5115,0.5115,0.0000,9,1,0,0,recheck,0,still,0
1841,56,1,1,396,19,0,4,0,15,0,1,2,13,0,0,0,10,10,10,25,15,25,0.5428,0.4704,0.0000,10,1,0,0,recheck,0,still,0
1841,123,2,1,1069,13,0,3,0,0,0,1,0,0,0,0,0,19,19,19,19,0,19,0.3550,0.3550,0.0000,7,1,0,0,recheck,0,still,0
1841,140,1,1,314,20,0,1,0,18,0,1,0,18,0,0,0,5,5,5,23,18,23,0.6156,0.6156,0.0000,12,1,0,0,recheck,0,still,0
1841,154,2,1,1209,18,0,1,0,4,0,1,0,4,0,0,0,18,18,18,22,4,22,0.3717,0.3717,0.0000,10,1,0,0,recheck,0,still,0
1842,118,3,1,1347,22,0,1,0,19,0,1,0,19,0,0,0,8,8,8,27,19,27,0.4253,0.4253,0.0000,12,1,0,0,recheck,0,still,0
1842,157,2,1,1145,17,0,2,0,3,0,1,0,3,0,0,0,19,19,19,22,3,22,0.3241,0.3241,0.0000,7,1,0,0,recheck,0,still,0
1842,158,1,1,1099,16,1,2,0,1,0,1,0,1,0,0,0,19,19,18,20,1,19,0.2596,0.2596,0.0000,5,1,0,0,recheck,0,still,0
1842,168,1,1,474,17,0,1,1,20,0,1,4,16,0,4,0,8,8,8,28,16,24,0.3737,0.3737,0.0000,9,1,0,0,recheck,0,still,0
1842,189,1,1,1260,13,0,2,1,5,0,1,0,5,0,0,0,17,17,13,22,5,18,0.4359,0.4359,0.0000,10,1,0,0,recheck,0,still,0
1843,15,1,1,372,17,3,4,0,16,0,1,0,16,0,1,1,4,4,4,20,16,20,0.6224,0.6224,0.0000,10,1,0,0,recheck,0,still,0
1843,29,2,1,183,17,0,1,0,23,0,1,17,6,0,1,0,0,0,0,23,22,22,0.6558,0.1874,0.0000,12,1,0,0,recheck,0,still,0
1843,51,1,1,189,18,0,4,0,15,0,1,1,14,0,1,0,7,7,7,22,14,21,0.5625,0.5625,0.0000,9,1,0,0,recheck,0,still,0
1843,77,3,1,303,16,3,4,0,17,0,1,1,16,0,0,0,7,7,7,24,17,24,0.5841,0.5841,0.0000,13,1,0,0,period_end,0,still,0
1843,128,1,1,252,17,0,1,0,18,0,1,2,16,0,3,0,9,9,9,27,15,24,0.4280,0.3745,0.0000,10,1,0,0,recheck,0,still,0
1844,26,3,1,338,19,0,2,0,23,0,1,13,10,0,0,0,1,1,1,24,23,24,0.5510,0.3480,0.0000,12,1,0,0,recheck,0,still,0
1844,86,1,1,393,19,0,2,0,17,0,1,7,10,0,0,0,5,5,6,22,17,23,0.5745,0.5026,0.0000,10,1,0,0,recheck,0,still,0
1844,88,1,1,107,18,0,1,0,22,0,1,12,10,0,0,0,0,0,1,22,22,23,0.6457,0.4663,0.0000,11,1,0,0,recheck,0,still,0
1844,146,2,1,1232,13,1,3,0,7,0,1,0,7,0,0,0,15,15,13,22,7,20,0.4023,0.4023,0.0000,11,1,0,0,recheck,0,still,0
1844,166,2,1,242,18,0,1,0,19,0,1,2,17,0,2,0,10,10,10,29,17,27,0.3739,0.3240,0.0000,10,1,0,0,recheck,0,still,0
1844,182,1,1,372,20,1,3,0,19,0,1,0,19,0,1,0,7,7,6,26,18,24,0.5203,0.5203,0.0000,13,1,0,0,recheck,0,still,0
1845,16,1,1,333,15,2,4,0,15,0,1,1,14,0,0,0,6,6,6,21,15,21,0.5003,0.5003,0.0000,8,1,0,0,recheck,0,still,0
1845,58,1,1,308,15,0,2,0,16,0,1,5,11,0,0,0,7,7,7,23,16,23,0.5414,0.5414,0.0000,9,1,0,0,period_end,0,still,0
1845,72,2,1,1148,17,0,1,0,2,0,1,0,2,0,0,0,20,20,20,22,2,22,0.3642,0.3642,0.0000,6,1,0,0,recheck,0,still,0
1845,114,1,1,1109,14,2,3,0,6,0,1,0,6,0,0,0,14,14,12,20,6,18,0.3227,0.3227,0.0000,7,1,0,0,recheck,0,still,0
1845,180,1,1,194,15,0,4,0,19,0,1,18,1,0,1,0,0,0,0,19,18,18,0.7320,0.0998,0.0000,12,0,1,1,recheck,0,still,0
1846,131,2,1,60,16,0,1,0,20,0,1,7,13,0,2,0,7,7,7,27,18,25,0.3467,0.2972,0.0000,10,1,0,0,recheck,0,still,0
1846,153,1,1,1173,16,0,2,0,4,0,1,0,4,0,0,0,17,17,16,21,4,20,0.2901,0.2901,0.0000,7,1,0,0,recheck,0,still,0
1846,169,1,1,269,18,1,2,0,17,0,1,0,17,0,0,0,2,2,3,19,17,20,0.6045,0.6045,0.0000,10,1,0,0,recheck,0,still,0
1846,194,1,1,902,22,0,1,0,19,0,1,0,19,0,0,0,9,9,7,28,19,26,0.4889,0.4889,0.0000,13,1,0,0,recheck,0,still,0
1847,28,2,1,54,18,0,2,0,25,0,1,16,9,0,1,0,0,0,0,25,24,24,0.6424,0.2753,0.0000,13,1,0,0,recheck,0,still,0
1847,140,1,1,320,20,0,1,0,18,0,1,0,18,0,0,0,5,5,5,23,18,23,0.6166,0.6166,0.0000,12,1,0,0,period_end,0,still,0
1847,142,2,1,197,17,0,2,0,18,0,1,0,18,0,0,1,4,4,4,22,19,23,0.6628,0.6628,0.0000,12,1,0,0,recheck,0,still,0
1847,159,1,1,1093,9,2,3,0,0,0,1,0,0,0,0,0,12,12,12,12,0,12,0.1742,0.1742,0.0000,3,1,0,0,recheck,0,still,0
1848,35,2,1,998,17,0,1,0,5,0,1,0,5,0,0,0,16,16,17,21,5,22,0.3900,0.3900,0.0000,7,1,0,0,recheck,0,still,0
1848,77,3,1,308,16,3,4,0,17,0,1,1,16,0,0,0,7,7,7,24,17,24,0.5841,0.5841,0.0000,13,1,0,0,recheck,0,still,0
1848,116,2,1,1129,15,0,1,0,13,0,1,0,13,0,0,0,13,13,12,26,13,25,0.3234,0.3234,0.0000,8,1,0,0,recheck,0,still,0
1848,143,1,1,94,18,1,3,0,20,0,1,17,3,0,0,1,0,0,0,20,21,21,0.7141,0.1700,0.0000,13,1,0,1,recheck,0,still,0
1849,55,2,1,266,20,1,4,0,16,0,1,2,14,0,0,0,9,9,9,25,16,25,0.6157,0.5509,0.0000,13,1,0,0,recheck,0,still,0
1850,188,1,1,1217,15,1,2,0,5,0,1,0,5,0,0,0,18,18,15,23,5,20,0.3243,0.3243,0.0000,9,1,0,0,recheck,0,still,0
1850,189,1,1,1268,13,0,2,1,5,0,1,0,5,0,0,0,17,17,13,22,5,18,0.4359,0.4359,0.0000,10,1,0,0,period_end,0,still,0
1851,21,2,1,413,18,2,4,0,16,0,1,2,14,0,0,0,10,10,10,26,16,26,0.5840,0.5191,0.0000,12,1,0,0,recheck,0,still,0
1851,103,1,0,-1,3,1,2,0,4,0,0,4,0,0,0,0,0,0,0,4,4,4,0.1844,0.0000,0.0000,3,0,0,0,,0,pending,0
1851,145,1,1,1259,14,1,2,0,5,0,1,0,5,0,0,1,14,14,12,19,6,18,0.3809,0.3809,0.0000,8,1,0,0,recheck,0,still,0
1852,23,2,1,357,16,1,2,0,18,0,1,6,12,0,0,0,7,7,7,25,18,25,0.5489,0.5489,0.0000,11,1,0,0,recheck,0,still,0
1852,103,1,0,-1,3,1,2,0,4,0,0,4,0,0,0,0,0,0,0,4,4,4,0.1844,0.0000,0.0000,3,0,0,0,,0,hop,1
1852,161,2,1,362,17,0,1,0,18,0,1,1,17,0,1,0,6,6,6,24,17,23,0.3780,0.3780,0.0000,9,1,0,0,recheck,0,still,0
1853,4,2,1,1219,15,0,1,0,6,0,1,0,6,0,0,0,14,14,14,20,6,20,0.3714,0.3714,0.0000,8,1,0,0,recheck,0,still,0
1853,171,1,1,286,19,0,1,0,22,0,1,10,12,0,2,0,6,6,5,28,20,25,0.4514,0.3717,0.0000,13,1,0,0,recheck,0,still,0
1854,49,2,1,268,15,0,4,0,16,0,1,1,15,0,0,0,5,5,5,21,16,21,0.5745,0.5745,0.0000,10,1,0,0,recheck,0,still,0
1854,62,2,1,55,19,1,2,0,22,0,1,17,5,0,0,2,0,0,0,22,24,24,0.7671,0.2557,0.0000,15,1,0,1,recheck,0,still,0
1855,68,3,1,948,15,1,2,0,3,0,1,0,3,0,0,0,18,18,18,21,3,21,0.3583,0.3583,0.0000,7,1,0,0,recheck,0,still,0
1855,139,1,1,170,21,0,3,1,17,0,1,0,17,0,0,0,6,6,6,23,17,23,0.6167,0.6167,0.0000,13,1,0,0,recheck,0,still,0
1856,8,2,1,1024,15,0,1,0,16,0,1,0,16,0,0,0,9,9,9,25,16,25,0.3957,0.3957,0.0000,9,1,0,0,period_end,0,still,0
1856,57,1,1,487,20,0,1,0,17,0,1,4,13,0,0,0,9,9,9,26,17,26,0.6152,0.5428,0.0000,11,1,0,0,recheck,0,still,0
1856,73,2,0,-1,5,2,5,0,6,0,0,6,0,0,0,0,0,0,0,6,6,6,0.2644,0.0000,0.0000,5,0,0,0,,0,pending,0
1856,127,1,1,233,19,0,2,1,16,0,1,1,15,0,3,0,9,9,9,25,13,22,0.4309,0.3770,0.0000,10,1,0,0,recheck,0,still,0
1856,135,1,1,475,19,0,1,0,23,0,1,12,11,0,1,0,5,5,2,28,22,24,0.4239,0.3444,0.0000,11,1,0,0,recheck,0,still,0
1856,176,1,1,105,20,0,1,1,23,0,1,13,10,0,0,0,3,3,0,26,23,23,0.3967,0.2380,0.0000,10,1,0,0,recheck,0,still,0
1857,73,2,0,-1,5,2,5,0,6,0,0,6,0,0,0,0,0,0,0,6,6,6,0.2644,0.0000,0.0000,5,0,0,0,,0,hop,1
1857,89,1,1,547,19,1,2,0,21,0,1,13,8,0,0,1,0,0,0,21,22,22,0.6796,0.4292,0.0000,12,1,0,0,recheck,0,still,0
1858,1,2,1,1115,18,0,2,0,4,0,1,0,4,0,0,0,17,17,17,21,4,21,0.3623,0.3623,0.0000,7,1,0,0,recheck,0,still,0
1858,87,1,1,500,19,1,2,0,20,0,1,10,10,0,0,0,3,3,4,23,20,24,0.6690,0.5634,0.0000,11,1,0,0,recheck,0,still,0
1858,165,1,1,221,18,1,2,0,15,0,1,1,14,0,3,0,9,9,9,24,12,21,0.4224,0.3727,0.0000,11,1,0,0,recheck,0,still,0
1858,195,1,1,1213,17,1,2,0,4,0,1,0,4,0,0,0,18,18,16,22,4,20,0.3706,0.3706,0.0000,10,1,0,0,recheck,0,still,0
1859,8,2,1,1027,15,0,1,0,16,0,1,0,16,0,0,0,9,9,9,25,16,25,0.3957,0.3957,0.0000,9,1,0,0,recheck,0,still,0
1859,19,3,1,335,18,0,2,0,15,0,1,1,14,0,0,0,10,10,10,25,15,25,0.6177,0.5589,0.0000,13,1,0,0,recheck,0,still,0
1859,91,1,1,182,19,0,1,0,22,0,1,16,6,0,0,1,0,0,0,22,23,23,0.6883,0.2622,0.0000,14,1,0,0,recheck,0,still,0
1859,199,1,1,1149,12,1,3,0,0,0,1,0,0,0,0,0,14,14,14,14,0,14,0.2621,0.2621,0.0000,4,1,0,0,recheck,0,still,0
1860,5,2,1,1228,15,0,1,0,9,0,1,0,9,0,0,0,13,13,13,22,9,22,0.4003,0.4003,0.0000,9,1,0,0,recheck,0,still,0
1860,6,2,1,1229,15,1,2,0,13,0,1,0,13,0,0,0,11,11,11,24,13,24,0.4231,0.4231,0.0000,9,1,0,0,recheck,0,still,0
1860,17,3,1,416,17,0,2,0,13,0,1,1,12,0,0,0,9,9,9,22,13,22,0.5307,0.4717,0.0000,11,1,0,0,recheck,0,still,0
1860,50,1,1,284,18,1,4,0,15,0,1,1,14,0,0,0,5,5,5,20,15,20,0.5846,0.5846,0.0000,9,1,0,0,recheck,0,still,0
1860,126,2,1,227,18,0,1,1,15,0,1,1,14,0,2,0,9,9,9,24,13,22,0.3258,0.3258,0.0000,9,1,0,0,recheck,0,still,0
1860,149,1,1,1211,19,0,1,0,15,0,1,0,15,0,0,0,10,10,9,25,15,24,0.4408,0.4408,0.0000,8,1,0,0,recheck,0,still,0
1860,163,1,1,192,17,0,1,1,18,0,1,1,17,0,2,0,6,6,5,24,16,21,0.4063,0.4063,0.0000,8,1,0,0,recheck,0,still,0
1861,40,1,1,1128,13,0,1,0,7,0,1,0,7,0,0,0,12,12,12,19,7,19,0.4329,0.4329,0.0000,8,1,0,0,recheck,0,still,0
1861,47,2,1,315,20,0,2,0,16,0,1,0,16,0,0,1,5,5,6,21,17,23,0.6131,0.6131,0.0000,12,1,0,0,period_end,0,still,0
1861,130,1,1,385,18,2,4,0,14,0,1,0,14,0,0,2,5,5,5,19,16,21,0.5837,0.5837,0.0000,10,1,0,0,recheck,0,still,0
1861,151,1,1,325,21,2,3,0,16,0,1,0,16,0,0,1,9,9,7,25,17,24,0.5578,0.5578,0.0000,12,1,0,0,period_end,0,still,0
1862,3,2,1,1161,14,0,1,0,6,0,1,0,6,0,0,0,14,14,14,20,6,20,0.3726,0.3726,0.0000,7,1,0,0,recheck,0,still,0
1862,14,1,1,377,20,0,1,0,17,0,1,0,17,0,0,0,4,4,6,21,17,23,0.6280,0.6280,0.0000,10,1,0,0,recheck,0,still,0
1862,113,1,1,1155,14,0,2,0,5,0,1,0,5,0,0,0,15,15,14,20,5,19,0.3797,0.3797,0.0000,8,1,0,0,recheck,0,still,0
1863,151,1,1,327,21,2,3,0,16,0,1,0,16,0,0,1,9,9,7,25,17,24,0.5578,0.5578,0.0000,12,1,0,0,recheck,0,still,0
1864,13,2,1,284,19,1,2,0,19,0,1,0,19,0,0,0,6,6,7,25,19,26,0.6266,0.6266,0.0000,11,1,0,0,recheck,0,still,0
1864,79,1,1,295,17,1,2,0,13,0,1,1,12,0,0,0,6,6,7,19,13,20,0.5651,0.5651,0.0000,9,1,0,0,recheck,0,still,0
1864,90,1,1,215,19,0,2,1,23,0,1,14,9,0,0,0,0,0,0,23,23,23,0.6429,0.3722,0.0000,13,1,0,0,recheck,0,still,0
1864,124,1,0,-1,1,0,1,1,0,0,0,0,0,0,0,0,0,0,0,0,0,0,0.0000,0.0000,0.0000,0,0,0,0,,0,hop,1
1865,11,1,1,1378,21,0,1,0,17,0,1,0,17,0,0,0,6,6,8,23,17,25,0.5541,0.5541,0.0000,9,1,0,0,recheck,0,still,0
1865,12,2,1,224,20,0,1,0,17,0,1,0,17,0,0,1,6,6,7,23,18,25,0.5544,0.5544,0.0000,10,1,0,0,recheck,0,still,0
1865,170,2,1,326,16,1,4,0,16,0,1,1,15,0,0,0,6,6,6,22,16,22,0.5118,0.5118,0.0000,9,1,0,0,recheck,0,still,0
1866,9,1,1,1216,18,0,1,0,16,0,1,0,16,0,0,0,8,8,8,24,16,24,0.5172,0.5172,0.0000,9,1,0,0,recheck,0,still,0
1866,58,1,1,329,15,0,2,0,16,0,1,5,11,0,0,0,7,7,7,23,16,23,0.5414,0.5414,0.0000,9,1,0,0,recheck,0,still,0
1866,80,1,1,219,17,1,2,0,11,0,1,1,10,0,0,0,8,8,9,19,11,20,0.5315,0.5315,0.0000,9,1,0,0,recheck,0,still,0
1866,115,2,1,1348,14,0,1,0,9,0,1,0,9,0,0,0,14,14,13,23,9,22,0.2694,0.2694,0.0000,7,1,0,0,recheck,0,still,0
1866,119,1,1,922,20,0,1,0,17,0,1,0,17,0,0,0,10,10,7,27,17,24,0.4712,0.4712,0.0000,11,1,0,0,recheck,0,still,0
1867,10,1,1,224,21,1,2,0,16,0,1,0,16,0,0,0,8,8,9,24,16,25,0.5541,0.5541,0.0000,9,1,0,0,recheck,0,still,0
1867,25,2,1,555,18,1,2,0,20,0,1,10,10,0,0,0,6,6,6,26,20,26,0.6444,0.5478,0.0000,12,1,0,0,recheck,0,still,0
1867,54,2,1,208,18,3,4,0,15,0,1,1,14,0,0,0,9,9,9,24,15,24,0.5740,0.5103,0.0000,11,1,0,0,recheck,0,still,0
1867,141,2,1,142,17,0,1,0,17,0,1,0,17,0,0,0,5,5,5,22,17,22,0.5706,0.5706,0.0000,11,1,0,0,recheck,0,still,0
1867,183,1,1,319,19,0,1,0,18,0,1,0,18,0,1,0,6,6,5,24,17,22,0.5670,0.5670,0.0000,11,1,0,0,recheck,0,still,0
1868,76,3,1,293,20,0,1,0,19,0,1,0,19,0,0,0,5,5,5,24,19,24,0.5656,0.5656,0.0000,12,1,0,0,recheck,0,still,0
1868,84,1,1,263,18,1,2,0,17,0,1,4,13,0,1,0,8,8,9,25,16,25,0.6095,0.5378,0.0000,11,1,0,0,recheck,0,still,0
1868,117,3,1,1328,16,0,1,0,17,0,1,0,17,0,0,0,11,11,11,28,17,28,0.4000,0.4000,0.0000,9,1,0,0,recheck,0,still,0
1868,132,1,1,104,18,0,3,0,19,0,1,17,2,0,0,2,0,0,0,19,21,21,0.7172,0.1434,0.0000,12,1,0,1,recheck,0,still,0
1869,2,1,1,1033,15,0,1,0,5,0,1,0,5,0,0,0,16,16,15,21,5,20,0.3775,0.3775,0.0000,6,1,0,0,recheck,0,still,0
1869,7,2,1,1234,16,0,2,0,14,0,1,0,14,0,0,0,10,10,10,24,14,24,0.4208,0.4208,0.0000,9,1,0,0,recheck,0,still,0
1869,34,1,0,-1,3,0,5,1,4,0,0,4,0,0,0,0,0,0,0,4,4,4,0.1846,0.0000,0.0000,3,0,0,0,,0,hop,1
1869,47,2,1,323,20,0,2,0,16,0,1,0,16,0,0,1,5,5,6,21,17,23,0.6131,0.6131,0.0000,12,1,0,0,recheck,0,still,0
1869,101,3,0,-1,2,0,2,1,3,0,0,3,0,0,0,0,0,0,0,3,3,3,0.0590,0.0000,0.0000,2,0,0,0,,0,pending,0
1869,107,3,1,228,17,1,4,0,20,0,1,19,1,0,0,0,0,0,0,20,20,20,0.7359,0.0294,0.0000,15,0,1,1,recheck,0,still,0
1870,101,3,0,-1,2,0,2,1,3,0,0,3,0,0,0,0,0,0,0,3,3,3,0.0590,0.0000,0.0000,2,0,0,0,,0,hop,1
1871,44,1,1,1453,21,0,2,0,15,0,1,0,15,0,0,1,7,7,8,22,16,24,0.5115,0.5115,0.0000,9,1,0,0,recheck,0,still,0
1871,56,1,1,426,19,0,4,0,15,0,1,2,13,0,0,0,10,10,10,25,15,25,0.5422,0.4699,0.0000,10,1,0,0,recheck,0,still,0
1871,65,2,0,-1,13,0,1,0,17,0,0,17,0,0,0,0,0,0,0,17,17,17,0.6273,0.0000,0.0000,11,0,0,0,,0,pending,0
1871,123,2,1,1099,13,0,3,0,0,0,1,0,0,0,0,0,19,19,19,19,0,19,0.3550,0.3550,0.0000,7,1,0,0,recheck,0,still,0
1871,140,1,1,344,20,0,1,0,17,0,1,0,17,0,0,0,6,6,6,23,17,23,0.6179,0.6179,0.0000,12,1,0,0,recheck,0,still,0
1871,154,2,1,1239,18,0,1,0,4,0,1,0,4,0,0,0,18,18,18,22,4,22,0.3717,0.3717,0.0000,10,1,0,0,recheck,0,still,0
1872,65,2,0,-1,13,0,1,0,17,0,0,17,0,0,0,0,0,0,0,17,17,17,0.6273,0.0000,0.0000,11,0,0,0,,0,hop,1
1872,118,3,1,1377,22,0,1,0,18,0,1,0,18,0,0,0,9,9,9,27,18,27,0.4253,0.4253,0.0000,12,1,0,0,recheck,0,still,0
1872,157,2,1,1175,17,0,2,0,3,0,1,0,3,0,0,0,19,19,19,22,3,22,0.3241,0.3241,0.0000,7,1,0,0,recheck,0,still,0
1872,158,1,1,1129,16,1,2,0,1,0,1,0,1,0,0,0,19,19,18,20,1,19,0.2596,0.2596,0.0000,5,1,0,0,recheck,0,still,0
1872,168,1,1,504,17,0,1,1,21,0,1,4,17,0,4,0,8,8,8,29,17,25,0.3737,0.3737,0.0000,9,1,0,0,recheck,0,still,0
1872,189,1,1,1290,13,0,2,1,5,0,1,0,5,0,0,0,17,17,13,22,5,18,0.4359,0.4359,0.0000,10,1,0,0,recheck,0,still,0
1873,15,1,1,402,17,3,4,0,15,0,1,0,15,0,1,1,5,5,5,20,15,20,0.6175,0.6175,0.0000,10,1,0,0,recheck,0,still,0
1873,29,2,1,213,17,0,1,0,23,0,1,17,6,0,1,0,0,0,0,23,22,22,0.6554,0.1872,0.0000,12,1,0,0,recheck,0,still,0
1873,51,1,1,219,18,0,4,0,15,0,1,1,14,0,1,0,7,7,7,22,14,21,0.5969,0.5969,0.0000,10,1,0,0,recheck,0,still,0
1873,128,1,1,282,17,0,1,0,18,0,1,2,16,0,3,0,9,9,9,27,15,24,0.4280,0.3745,0.0000,10,1,0,0,recheck,0,still,0
1873,174,1,0,-1,13,1,3,0,15,0,0,15,0,0,0,0,0,0,0,15,15,15,0.6595,0.0000,0.0000,10,0,0,0,,0,hop,1
1874,26,3,1,368,18,0,2,0,23,0,1,13,10,0,0,0,1,1,1,24,23,24,0.5220,0.3480,0.0000,11,1,0,0,recheck,0,still,0
1874,86,1,1,423,19,0,2,0,17,0,1,7,10,0,0,0,5,5,6,22,17,23,0.5745,0.5026,0.0000,10,1,0,0,recheck,0,still,0
1874,88,1,1,137,18,0,1,0,22,0,1,12,10,0,0,0,0,0,1,22,22,23,0.6457,0.4663,0.0000,11,1,0,0,recheck,0,still,0
1874,146,2,1,1262,13,0,2,0,7,0,1,0,7,0,0,0,15,15,13,22,7,20,0.4023,0.4023,0.0000,11,1,0,0,recheck,0,still,0
1874,166,2,1,272,18,0,1,0,19,0,1,2,17,0,2,0,10,10,10,29,17,27,0.3739,0.3240,0.0000,10,1,0,0,recheck,0,still,0
1874,182,1,1,402,20,1,3,0,18,0,1,0,18,0,1,0,8,8,7,26,17,24,0.5204,0.5204,0.0000,13,1,0,0,recheck,0,still,0
1875,16,1,1,363,15,2,4,0,15,0,1,1,14,0,0,0,6,6,6,21,15,21,0.4998,0.4998,0.0000,8,1,0,0,recheck,0,still,0
1875,72,2,1,1178,17,0,1,0,2,0,1,0,2,0,0,0,20,20,20,22,2,22,0.3642,0.3642,0.0000,6,1,0,0,recheck,0,still,0
1875,114,1,1,1139,14,1,2,0,6,0,1,0,6,0,0,0,14,14,12,20,6,18,0.3227,0.3227,0.0000,7,1,0,0,recheck,0,still,0
1875,180,1,1,224,15,0,4,0,18,0,1,17,1,0,1,0,0,0,0,18,17,17,0.7315,0.0997,0.0000,12,0,1,1,recheck,0,still,0
1876,19,3,1,352,18,0,2,0,15,0,1,1,14,0,0,0,10,10,10,25,15,25,0.6172,0.5584,0.0000,13,1,0,0,period_end,0,still,0
1876,131,2,1,90,16,0,1,0,20,0,1,7,13,0,2,0,7,7,7,27,18,25,0.3467,0.2972,0.0000,10,1,0,0,recheck,0,still,0
1876,153,1,1,1203,16,0,2,0,4,0,1,0,4,0,0,0,17,17,16,21,4,20,0.2901,0.2901,0.0000,7,1,0,0,recheck,0,still,0
1876,169,1,1,299,18,1,2,0,16,0,1,0,16,0,0,1,3,3,3,19,17,20,0.6041,0.6041,0.0000,10,1,0,0,recheck,0,still,0
1876,194,1,1,932,22,0,1,0,21,0,1,0,21,0,0,0,7,7,5,28,21,26,0.4889,0.4889,0.0000,13,1,0,0,recheck,0,still,0
1877,28,2,1,84,18,0,2,0,24,0,1,15,9,0,1,0,0,0,0,24,23,23,0.5813,0.2754,0.0000,12,1,0,0,recheck,0,still,0
1877,142,2,1,227,18,0,2,0,17,0,1,0,17,0,0,2,5,5,5,22,19,24,0.6603,0.6603,0.0000,12,1,0,0,recheck,0,still,0
1877,159,1,1,1123,9,2,3,0,0,0,1,0,0,0,0,0,12,12,12,12,0,12,0.1742,0.1742,0.0000,3,1,0,0,recheck,0,still,0
1878,35,2,1,1028,17,0,1,0,5,0,1,0,5,0,0,0,16,16,17,21,5,22,0.3900,0.3900,0.0000,7,1,0,0,recheck,0,still,0
1878,77,3,1,338,16,3,4,0,14,0,1,1,13,0,0,0,10,10,10,24,14,24,0.5840,0.5840,0.0000,13,1,0,0,recheck,0,still,0
1878,116,2,1,1159,15,0,1,0,18,0,1,0,18,0,0,0,8,8,7,26,18,25,0.3235,0.3235,0.0000,8,1,0,0,recheck,0,still,0
1878,143,1,1,124,18,1,3,0,20,0,1,17,3,0,0,1,0,0,0,20,21,21,0.7142,0.1700,0.0000,13,1,0,1,recheck,0,still,0
1879,55,2,1,296,20,1,4,0,14,0,1,2,12,0,0,0,11,11,11,25,14,25,0.6158,0.5509,0.0000,13,1,0,0,recheck,0,still,0
1880,188,1,1,1247,15,1,2,0,5,0,1,0,5,0,0,0,18,18,15,23,5,20,0.3243,0.3243,0.0000,9,1,0,0,recheck,0,still,0
1881,21,2,1,443,18,2,4,0,14,0,1,2,12,0,0,0,12,12,12,26,14,26,0.5838,0.5189,0.0000,12,1,0,0,recheck,0,still,0
1881,144,2,0,-1,4,2,6,0,6,0,0,6,0,0,0,0,0,0,0,6,6,6,0.0988,0.0000,0.0000,3,0,0,0,,0,pending,0
1881,145,1,1,1289,14,1,2,0,6,0,1,0,6,0,0,1,13,13,11,19,7,18,0.3809,0.3809,0.0000,8,1,0,0,recheck,0,still,0
1882,23,2,1,387,16,1,2,0,17,0,1,5,12,0,0,0,7,7,7,24,17,24,0.5484,0.5484,0.0000,11,1,0,0,recheck,0,still,0
1882,33,3,0,-1,8,2,4,0,10,0,0,10,0,0,0,0,0,0,0,10,10,10,0.3595,0.0000,0.0000,8,0,0,0,,0,hop,1
1882,144,2,0,-1,4,2,6,0,6,0,0,6,0,0,0,0,0,0,0,6,6,6,0.0988,0.0000,0.0000,3,0,0,0,,0,hop,1
1882,161,2,1,392,17,0,1,0,15,0,1,1,14,0,1,0,9,9,9,24,14,23,0.3780,0.3780,0.0000,9,1,0,0,recheck,0,still,0
1883,4,2,1,1249,15,0,1,0,10,0,1,0,10,0,0,0,10,10,10,20,10,20,0.3714,0.3714,0.0000,8,1,0,0,recheck,0,still,0
1883,171,1,1,316,19,0,1,0,22,0,1,10,12,0,2,0,6,6,5,28,20,25,0.4514,0.3717,0.0000,13,1,0,0,recheck,0,still,0
1884,31,2,0,-1,18,2,4,0,19,0,1,17,2,0,0,2,0,0,0,19,21,21,0.5607,0.0989,0.0000,10,0,1,0,,0,pending,0
1884,49,2,1,298,15,0,4,0,13,0,1,1,12,0,0,0,8,8,8,21,13,21,0.5738,0.5738,0.0000,10,1,0,0,recheck,0,still,0
1884,62,2,1,85,19,1,2,0,22,0,1,17,5,0,0,2,0,0,0,22,24,24,0.6717,0.2559,0.0000,14,1,0,0,recheck,0,still,0
1885,31,2,0,-1,18,2,4,0,19,0,1,17,2,0,0,2,0,0,0,19,21,21,0.5607,0.0989,0.0000,10,0,1,0,,0,hop,1
1885,68,3,1,978,15,1,2,0,3,0,1,0,3,0,0,0,18,18,18,21,3,21,0.3583,0.3583,0.0000,7,1,0,0,recheck,0,still,0
1885,139,1,1,200,21,0,3,1,19,0,1,0,19,0,0,0,4,4,4,23,19,23,0.6168,0.6168,0.0000,13,1,0,0,recheck,0,still,0
1886,50,1,1,310,18,1,4,0,13,0,1,1,12,0,0,0,7,7,7,20,13,20,0.5841,0.5841,0.0000,9,1,0,0,period_end,0,still,0
1886,57,1,1,517,20,0,1,0,17,0,1,4,13,0,0,0,9,9,9,26,17,26,0.6150,0.5426,0.0000,11,1,0,0,recheck,0,still,0
1886,127,1,1,263,19,0,2,1,14,0,1,1,13,0,3,0,11,11,11,25,11,22,0.4309,0.3770,0.0000,10,1,0,0,recheck,0,still,0
1886,135,1,1,505,19,0,1,0,22,0,1,11,11,0,1,0,5,5,2,27,21,23,0.4239,0.3444,0.0000,11,1,0,0,recheck,0,still,0
1886,176,1,1,135,20,0,1,1,22,0,1,12,10,0,0,0,3,3,0,25,22,22,0.3967,0.2380,0.0000,10,1,0,0,recheck,0,still,0
1887,89,1,1,577,19,1,2,0,21,0,1,13,8,0,0,1,0,0,0,21,22,22,0.6791,0.4289,0.0000,12,1,0,0,recheck,0,still,0
1888,1,2,1,1145,18,0,2,0,4,0,1,0,4,0,0,0,17,17,17,21,4,21,0.3623,0.3623,0.0000,7,1,0,0,recheck,0,still,0
1888,87,1,1,530,19,1,2,0,20,0,1,10,10,0,0,0,3,3,4,23,20,24,0.6690,0.5634,0.0000,11,1,0,0,recheck,0,still,0
1888,165,1,1,251,18,1,2,0,12,0,1,1,11,0,2,0,12,12,11,24,10,21,0.4224,0.3727,0.0000,11,1,0,0,recheck,0,still,0
1888,170,2,1,349,16,1,4,0,12,0,1,1,11,0,0,0,10,10,10,22,12,22,0.5121,0.5121,0.0000,9,1,0,0,period_end,0,still,0
1888,195,1,1,1243,17,1,2,0,4,0,1,0,4,0,0,0,18,18,16,22,4,20,0.3706,0.3706,0.0000,10,1,0,0,recheck,0,still,0
1889,8,2,1,1057,15,0,1,0,20,0,1,0,20,0,0,0,5,5,5,25,20,25,0.3957,0.3957,0.0000,9,1,0,0,recheck,0,still,0
1889,19,3,1,365,18,0,2,0,13,0,1,1,12,0,0,0,12,12,12,25,13,25,0.6180,0.5591,0.0000,13,1,0,0,recheck,0,still,0
1889,91,1,1,212,19,0,1,0,23,0,1,16,7,0,1,1,0,0,0,23,23,23,0.6235,0.2625,0.0000,13,1,0,0,recheck,0,still,0
1889,199,1,1,1179,12,1,3,0,0,0,1,0,0,0,0,0,14,14,14,14,0,14,0.2621,0.2621,0.0000,4,1,0,0,recheck,0,still,0
1890,5,2,1,1258,15,0,1,0,14,0,1,0,14,0,0,0,8,8,8,22,14,22,0.4003,0.4003,0.0000,9,1,0,0,recheck,0,still,0
1890,6,2,1,1259,14,1,2,0,17,0,1,0,17,0,0,0,7,7,7,24,17,24,0.4231,0.4231,0.0000,9,1,0,0,recheck,0,still,0
1890,17,3,1,446,17,0,2,0,11,0,1,1,10,0,0,0,11,11,11,22,11,22,0.5305,0.4716,0.0000,11,1,0,0,recheck,0,still,0
1890,50,1,1,314,18,1,4,0,13,0,1,1,12,0,0,0,7,7,7,20,13,20,0.5841,0.5841,0.0000,9,1,0,0,recheck,0,still,0
1890,126,2,1,257,18,0,1,1,13,0,1,1,12,0,2,0,11,11,11,24,11,22,0.3258,0.3258,0.0000,9,1,0,0,recheck,0,still,0
1890,149,1,1,1241,19,0,1,0,19,0,1,0,19,0,0,0,7,7,6,26,19,25,0.4408,0.4408,0.0000,8,1,0,0,recheck,0,still,0
1890,163,1,1,222,17,0,1,1,16,0,1,1,15,0,2,0,8,8,7,24,14,21,0.4063,0.4063,0.0000,8,1,0,0,recheck,0,still,0
1891,40,1,1,1158,13,0,1,0,12,0,1,0,12,0,0,0,7,7,7,19,12,19,0.4329,0.4329,0.0000,8,1,0,0,recheck,0,still,0
1891,117,3,1,1351,16,0,1,0,21,0,1,0,21,0,0,0,7,7,7,28,21,28,0.4250,0.4250,0.0000,10,1,0,0,period_end,0,still,0
1891,130,1,1,415,18,2,4,0,13,0,1,0,13,0,0,2,6,6,6,19,15,21,0.5837,0.5837,0.0000,10,1,0,0,recheck,0,still,0
1892,3,2,1,1191,14,0,1,0,8,0,1,0,8,0,0,0,12,12,12,20,8,20,0.3726,0.3726,0.0000,7,1,0,0,recheck,0,still,0
1892,14,1,1,407,20,0,1,0,17,0,1,0,17,0,0,2,4,4,4,21,19,23,0.5910,0.5910,0.0000,9,1,0,0,recheck,0,still,0
1892,113,1,1,1185,14,0,2,0,6,0,1,0,6,0,0,0,15,15,14,21,6,20,0.3797,0.3797,0.0000,8,1,0,0,recheck,0,still,0
1893,151,1,1,357,21,2,3,0,20,0,1,0,20,0,1,1,5,5,4,25,20,24,0.5578,0.5578,0.0000,12,1,0,0,recheck,0,still,0
1894,13,2,1,314,19,1,2,0,20,0,1,0,20,0,0,1,4,4,4,24,21,25,0.6266,0.6266,0.0000,11,1,0,0,recheck,0,still,0
1894,79,1,1,325,17,1,2,0,11,0,1,1,10,0,0,0,8,8,9,19,11,20,0.5650,0.5650,0.0000,9,1,0,0,recheck,0,still,0
1894,90,1,1,245,17,0,2,1,23,0,1,14,9,0,2,0,0,0,0,23,21,21,0.6432,0.3724,0.0000,13,1,0,0,recheck,0,still,0
1895,11,1,1,1408,21,0,3,0,21,0,1,0,21,0,0,0,2,2,4,23,21,25,0.5541,0.5541,0.0000,9,1,0,0,recheck,0,still,0
1895,12,2,1,254,20,0,1,0,21,0,1,0,21,0,0,0,3,3,4,24,21,25,0.5539,0.5539,0.0000,10,1,0,0,recheck,0,still,0
1895,170,2,1,356,16,1,4,0,14,0,1,1,13,0,0,0,8,8,8,22,14,22,0.5121,0.5121,0.0000,9,1,0,0,recheck,0,still,0
1896,9,1,1,1246,18,0,1,0,20,0,1,0,20,0,0,0,4,4,4,24,20,24,0.5172,0.5172,0.0000,9,1,0,0,recheck,0,still,0
1896,58,1,1,359,15,0,2,0,16,0,1,5,11,0,0,0,7,7,7,23,16,23,0.5416,0.5416,0.0000,9,1,0,0,recheck,0,still,0
1896,80,1,1,249,17,1,2,0,9,0,1,1,8,0,0,0,10,10,11,19,9,20,0.5319,0.5319,0.0000,9,1,0,0,recheck,0,still,0
1896,109,2,0,-1,9,3,4,0,11,0,0,11,0,0,0,0,0,0,0,11,11,11,0.5125,0.0000,0.0000,9,0,0,0,,0,pending,0
1896,115,2,1,1378,14,0,1,0,14,0,1,0,14,0,0,0,9,9,8,23,14,22,0.2694,0.2694,0.0000,7,1,0,0,recheck,0,still,0
1896,119,1,1,952,20,0,2,0,21,0,1,0,21,0,0,0,6,6,3,27,21,24,0.4712,0.4712,0.0000,11,1,0,0,recheck,0,still,0
1897,10,1,1,254,21,2,3,0,20,0,1,0,20,0,0,0,4,4,5,24,20,25,0.5541,0.5541,0.0000,9,1,0,0,recheck,0,still,0
1897,25,2,1,585,18,1,2,0,20,0,1,10,10,0,0,0,6,6,6,26,20,26,0.6442,0.5476,0.0000,12,1,0,0,recheck,0,still,0
1897,54,2,1,238,18,3,4,0,13,0,1,1,12,0,0,0,11,11,11,24,13,24,0.5745,0.5107,0.0000,11,1,0,0,recheck,0,still,0
1897,79,1,1,328,17,1,2,0,11,0,1,1,10,0,0,0,8,8,9,19,11,20,0.5650,0.5650,0.0000,9,1,0,0,period_end,0,still,0
1897,109,2,0,-1,9,3,4,0,11,0,0,11,0,0,0,0,0,0,0,11,11,11,0.5126,0.0000,0.0000,9,0,0,0,,0,hop,1
1897,141,2,1,172,17,0,1,0,15,0,1,0,15,0,0,0,7,7,7,22,15,22,0.5710,0.5710,0.0000,11,1,0,0,recheck,0,still,0
1897,169,1,1,320,18,1,2,0,15,0,1,0,15,0,0,1,4,4,4,19,16,20,0.6043,0.6043,0.0000,10,1,0,0,period_end,0,still,0
1897,183,1,1,349,19,0,1,0,18,0,1,0,18,0,2,0,6,6,6,24,16,22,0.5672,0.5672,0.0000,11,1,0,0,recheck,0,still,0
1898,76,3,1,323,20,0,1,0,17,0,1,0,17,0,0,0,6,6,6,23,17,23,0.5656,0.5656,0.0000,12,1,0,0,recheck,0,still,0
1898,84,1,1,293,18,1,2,0,16,0,1,4,12,0,0,0,9,9,9,25,16,25,0.6114,0.5395,0.0000,11,1,0,0,recheck,0,still,0
1898,117,3,1,1358,16,0,1,0,21,0,1,0,21,0,0,0,7,7,7,28,21,28,0.4250,0.4250,0.0000,10,1,0,0,recheck,0,still,0
1898,132,1,1,134,18,0,3,0,19,0,1,17,2,0,0,2,0,0,0,19,21,21,0.7170,0.1434,0.0000,12,1,0,1,recheck,0,still,0
1899,2,1,1,1063,15,0,1,0,5,0,1,0,5,0,0,0,16,16,15,21,5,20,0.3775,0.3775,0.0000,6,1,0,0,recheck,0,still,0
1899,7,2,1,1264,16,0,2,0,18,0,1,0,18,0,0,0,6,6,6,24,18,24,0.4208,0.4208,0.0000,9,1,0,0,recheck,0,still,0
1899,47,2,1,353,20,0,2,0,18,0,1,0,18,0,0,1,4,4,4,22,19,23,0.6134,0.6134,0.0000,12,1,0,0,recheck,0,still,0
1899,107,3,1,258,17,1,4,0,19,0,1,18,1,0,0,0,0,0,0,19,19,19,0.7362,0.0294,0.0000,15,0,1,1,recheck,0,still,0
1901,44,1,1,1483,21,1,3,0,19,0,1,0,19,0,0,1,3,3,4,22,20,24,0.5115,0.5115,0.0000,9,1,0,0,recheck,0,still,0
1901,56,1,1,456,19,0,4,0,14,0,1,2,12,0,0,0,11,11,11,25,14,25,0.5421,0.4698,0.0000,10,1,0,0,recheck,0,still,0
1901,123,2,1,1129,13,0,3,0,0,0,1,0,0,0,0,0,19,19,19,19,0,19,0.3550,0.3550,0.0000,7,1,0,0,recheck,0,still,0
1901,140,1,1,374,20,0,1,0,19,0,1,0,19,0,0,0,4,4,4,23,19,23,0.6181,0.6181,0.0000,12,1,0,0,recheck,0,still,0
1901,154,2,1,1269,18,0,1,0,4,0,1,0,4,0,0,0,18,18,18,22,4,22,0.3717,0.3717,0.0000,10,1,0,0,recheck,0,still,0
1902,118,3,1,1407,22,0,1,0,22,0,1,0,22,0,0,0,5,5,5,27,22,27,0.4253,0.4253,0.0000,12,1,0,0,recheck,0,still,0
1902,157,2,1,1205,17,0,2,0,3,0,1,0,3,0,0,0,19,19,19,22,3,22,0.3241,0.3241,0.0000,7,1,0,0,recheck,0,still,0
1902,158,1,1,1159,16,1,2,0,1,0,1,0,1,0,0,0,19,19,18,20,1,19,0.2596,0.2596,0.0000,5,1,0,0,recheck,0,still,0
1902,168,1,1,534,17,0,1,1,19,0,1,4,15,0,2,0,10,10,8,29,17,25,0.3737,0.3737,0.0000,9,1,0,0,recheck,0,still,0
1902,189,1,1,1320,13,0,2,1,6,0,1,0,6,0,0,0,16,16,12,22,6,18,0.4359,0.4359,0.0000,10,1,0,0,recheck,0,still,0
1903,15,1,1,432,17,3,4,0,13,0,1,0,13,0,1,1,7,7,7,20,13,20,0.6196,0.6196,0.0000,10,1,0,0,recheck,0,still,0
1903,29,2,1,243,17,0,1,0,23,0,1,17,6,0,1,0,0,0,0,23,22,22,0.5636,0.1879,0.0000,11,1,0,0,recheck,0,still,0
1903,51,1,1,249,18,0,4,0,13,0,1,1,12,0,1,0,9,9,9,22,12,21,0.5626,0.5626,0.0000,9,1,0,0,recheck,0,still,0
1903,128,1,1,312,17,0,1,0,16,0,1,2,14,0,2,0,11,11,10,27,14,24,0.4280,0.3745,0.0000,10,1,0,0,recheck,0,still,0
1904,26,3,1,398,18,0,2,0,23,0,1,13,10,0,0,0,1,1,1,24,23,24,0.5220,0.3480,0.0000,11,1,0,0,recheck,0,still,0
1904,83,2,0,-1,17,0,2,0,17,0,1,4,13,0,0,0,8,8,8,25,17,25,0.5034,0.5034,0.0000,10,1,0,0,,0,start_holder,0
1904,86,1,1,453,19,0,2,0,17,0,1,7,10,0,0,0,5,5,6,22,17,23,0.5745,0.5026,0.0000,10,1,0,0,recheck,0,still,0
1904,88,1,1,167,18,0,1,0,22,0,1,12,10,0,0,0,0,0,1,22,22,23,0.6457,0.4663,0.0000,11,1,0,0,recheck,0,still,0
1904,146,2,1,1292,13,0,2,0,11,0,1,0,11,0,0,0,11,11,9,22,11,20,0.4023,0.4023,0.0000,11,1,0,0,recheck,0,still,0
1904,166,2,1,302,18,0,1,0,17,0,1,1,16,0,2,0,12,12,12,29,15,27,0.3739,0.3240,0.0000,10,1,0,0,recheck,0,still,0
1904,182,1,1,432,20,1,3,0,22,0,1,0,22,0,2,0,4,4,4,26,20,24,0.5205,0.5205,0.0000,13,1,0,0,recheck,0,still,0
1905,16,1,1,393,15,2,4,0,13,0,1,0,13,0,0,0,8,8,8,21,13,21,0.4998,0.4998,0.0000,8,1,0,0,recheck,0,still,0
1905,72,2,1,1208,17,0,1,0,2,0,1,0,2,0,0,0,20,20,20,22,2,22,0.3642,0.3642,0.0000,6,1,0,0,recheck,0,still,0
1905,114,1,1,1169,14,1,2,0,9,0,1,0,9,0,0,0,11,11,9,20,9,18,0.3227,0.3227,0.0000,7,1,0,0,recheck,0,still,0
1905,180,1,1,254,14,0,4,0,18,0,1,17,1,0,1,0,0,0,0,18,17,17,0.6994,0.0999,0.0000,11,0,1,0,recheck,0,end_clear,1
1905,183,1,1,357,19,0,1,0,18,0,1,0,18,0,2,0,6,6,6,24,16,22,0.5373,0.5373,0.0000,10,1,0,0,period_end,0,still,0
1906,131,2,1,120,16,0,1,0,20,0,1,8,12,0,2,0,7,7,7,27,18,25,0.3467,0.2972,0.0000,10,1,0,0,recheck,0,still,0
1906,153,1,1,1233,16,0,2,0,4,0,1,0,4,0,0,0,17,17,16,21,4,20,0.2901,0.2901,0.0000,7,1,0,0,recheck,0,still,0
1906,169,1,1,329,18,1,2,0,15,0,1,0,15,0,0,1,4,4,4,19,16,20,0.6044,0.6044,0.0000,10,1,0,0,recheck,0,still,0
1906,194,1,1,962,21,1,2,0,22,0,1,0,22,0,0,0,6,6,3,28,22,25,0.4889,0.4889,0.0000,13,1,0,0,recheck,0,still,0
1907,28,2,1,114,18,0,2,0,24,0,1,16,8,0,1,0,0,0,0,24,23,23,0.6430,0.2756,0.0000,13,1,0,0,recheck,0,still,0
1907,142,2,1,257,18,0,2,0,16,0,1,0,16,0,0,2,6,6,6,22,18,24,0.6627,0.6627,0.0000,12,1,0,0,recheck,0,still,0
1907,159,1,1,1153,9,2,3,0,0,0,1,0,0,0,0,0,12,12,12,12,0,12,0.1742,0.1742,0.0000,3,1,0,0,recheck,0,still,0
1908,35,2,1,1058,17,0,1,0,5,0,1,0,5,0,0,0,16,16,17,21,5,22,0.3900,0.3900,0.0000,7,1,0,0,recheck,0,still,0
1908,77,3,1,368,16,3,4,0,14,0,1,0,14,0,0,0,10,10,10,24,14,24,0.5841,0.5841,0.0000,13,1,0,0,recheck,0,still,0
1908,116,2,1,1189,15,0,1,0,17,0,1,0,17,0,0,0,9,9,8,26,17,25,0.3235,0.3235,0.0000,8,1,0,0,recheck,0,still,0
1908,143,1,1,154,17,1,3,0,21,0,1,18,3,0,1,1,0,0,0,21,21,21,0.7142,0.1360,0.0000,13,1,0,1,recheck,0,still,0
1909,55,2,1,326,20,1,4,0,13,0,1,1,12,0,0,0,12,12,12,25,13,25,0.6165,0.6165,0.0000,13,1,0,0,recheck,0,still,0
1910,188,1,1,1277,15,1,2,0,5,0,1,0,5,0,0,0,18,18,15,23,5,20,0.3243,0.3243,0.0000,9,1,0,0,recheck,0,still,0
1911,21,2,1,473,18,2,4,0,14,0,1,1,13,0,0,0,13,13,13,27,14,27,0.5851,0.5851,0.0000,12,1,0,0,recheck,0,still,0
1911,145,1,1,1319,14,1,2,0,6,0,1,0,6,0,0,1,13,13,11,19,7,18,0.3809,0.3809,0.0000,8,1,0,0,recheck,0,still,0
1912,23,2,1,417,16,1,2,0,16,0,1,6,10,0,0,0,8,8,8,24,16,24,0.5478,0.5478,0.0000,11,1,0,0,recheck,0,still,0
1912,161,2,1,422,17,0,1,0,15,0,1,0,15,0,1,0,9,9,9,24,14,23,0.3780,0.3780,0.0000,9,1,0,0,recheck,0,still,0
1913,4,2,1,1279,15,0,1,0,10,0,1,0,10,0,0,0,10,10,10,20,10,20,0.3714,0.3714,0.0000,8,1,0,0,recheck,0,still,0
1913,171,1,1,346,19,0,1,0,21,0,1,11,10,0,2,0,7,7,6,28,19,25,0.4779,0.3983,0.0000,14,1,0,0,recheck,0,still,0
1914,49,2,1,328,15,0,4,0,13,0,1,0,13,0,0,0,8,8,8,21,13,21,0.5739,0.5739,0.0000,10,1,0,0,recheck,0,still,0
1914,62,2,1,115,19,1,2,0,22,0,1,18,4,0,0,2,0,0,0,22,24,24,0.6401,0.2240,0.0000,13,1,0,0,recheck,0,still,0
1915,68,3,1,1008,15,1,2,0,3,0,1,0,3,0,0,0,18,18,18,21,3,21,0.3583,0.3583,0.0000,7,1,0,0,recheck,0,still,0
1915,139,1,1,230,21,0,3,1,18,0,1,0,18,0,0,0,5,5,5,23,18,23,0.6170,0.6170,0.0000,13,1,0,0,recheck,0,still,0
1916,57,1,1,547,20,0,1,0,16,0,1,3,13,0,0,0,10,10,10,26,16,26,0.6150,0.6150,0.0000,11,1,0,0,recheck,0,still,0
1916,68,3,1,1009,15,1,2,0,3,0,1,0,3,0,0,0,18,18,18,21,3,21,0.3583,0.3583,0.0000,7,1,0,0,period_end,0,still,0
1916,127,1,1,293,19,0,2,1,13,0,1,0,13,0,3,0,12,12,12,25,10,22,0.4309,0.4309,0.0000,10,1,0,0,recheck,0,still,0
1916,135,1,1,535,19,0,1,0,20,0,1,11,9,0,1,0,6,6,3,26,19,22,0.4239,0.3444,0.0000,11,1,0,0,recheck,0,still,0
1916,176,1,1,165,20,0,1,1,21,0,1,13,8,0,0,0,4,4,1,25,21,22,0.3967,0.2380,0.0000,10,1,0,0,recheck,0,still,0
1917,89,1,1,607,19,1,2,0,21,0,1,14,7,0,0,1,0,0,0,21,22,22,0.6794,0.4291,0.0000,12,1,0,0,recheck,0,still,0
1918,1,2,1,1175,18,0,2,0,4,0,1,0,4,0,0,0,17,17,17,21,4,21,0.3623,0.3623,0.0000,7,1,0,0,recheck,0,still,0
1918,66,1,0,-1,11,0,3,0,13,0,0,13,0,0,0,0,0,0,0,13,13,13,0.5540,0.0000,0.0000,8,0,0,0,,0,pending,0
1918,75,1,0,-1,3,0,1,1,3,0,0,3,0,0,0,0,0,0,0,3,3,3,0.2378,0.0000,0.0000,3,0,0,0,,0,pending,0
1918,87,1,1,560,19,1,2,0,19,0,1,11,8,0,0,0,4,4,5,23,19,24,0.6690,0.5634,0.0000,11,1,0,0,recheck,0,still,0
1918,165,1,1,281,18,1,2,0,12,0,1,0,12,0,3,0,12,12,12,24,9,21,0.4224,0.4224,0.0000,11,1,0,0,recheck,0,still,0
1918,195,1,1,1273,17,1,2,0,4,0,1,0,4,0,0,0,18,18,16,22,4,20,0.3706,0.3706,0.0000,10,1,0,0,recheck,0,still,0
1919,7,2,1,1284,16,0,2,0,17,0,1,0,17,0,0,0,7,7,7,24,17,24,0.4208,0.4208,0.0000,9,1,0,0,period_end,0,still,0
1919,8,2,1,1087,15,0,1,0,18,0,1,0,18,0,0,0,7,7,7,25,18,25,0.3957,0.3957,0.0000,9,1,0,0,recheck,0,still,0
1919,19,3,1,395,18,0,2,0,12,0,1,0,12,0,0,0,13,13,13,25,12,25,0.6186,0.6186,0.0000,13,1,0,0,recheck,0,still,0
1919,66,1,0,-1,11,0,3,0,13,0,0,13,0,0,0,0,0,0,0,13,13,13,0.5540,0.0000,0.0000,8,0,0,0,,0,hop,1
1919,75,1,0,-1,3,0,1,1,3,0,0,3,0,0,0,0,0,0,0,3,3,3,0.2377,0.0000,0.0000,3,0,0,0,,0,hop,1
1919,91,1,1,242,19,0,1,0,23,0,1,17,6,0,1,1,0,0,0,23,23,23,0.6243,0.2300,0.0000,13,1,0,0,recheck,0,still,0
1919,199,1,1,1209,12,1,3,0,0,0,1,0,0,0,0,0,14,14,14,14,0,14,0.2621,0.2621,0.0000,4,1,0,0,recheck,0,still,0
1920,5,2,1,1288,15,0,1,0,14,0,1,0,14,0,0,0,8,8,8,22,14,22,0.4003,0.4003,0.0000,9,1,0,0,recheck,0,still,0
1920,6,2,1,1289,14,1,2,0,16,0,1,0,16,0,0,0,8,8,8,24,16,24,0.4231,0.4231,0.0000,9,1,0,0,recheck,0,still,0
1920,17,3,1,476,17,0,2,0,11,0,1,0,11,0,0,0,11,11,11,22,11,22,0.5310,0.5310,0.0000,11,1,0,0,recheck,0,still,0
1920,50,1,1,344,18,1,4,0,13,0,1,0,13,0,0,0,7,7,7,20,13,20,0.5844,0.5844,0.0000,9,1,0,0,recheck,0,still,0
1920,126,2,1,287,18,0,1,1,13,0,1,0,13,0,2,0,11,11,11,24,11,22,0.3258,0.3258,0.0000,9,1,0,0,recheck,0,still,0
1920,149,1,1,1271,19,0,1,0,17,0,1,0,17,0,0,0,9,9,8,26,17,25,0.4408,0.4408,0.0000,8,1,0,0,recheck,0,still,0
1920,163,1,1,252,17,0,1,1,16,0,1,0,16,0,2,0,8,8,7,24,14,21,0.4063,0.4063,0.0000,8,1,0,0,recheck,0,still,0
1921,40,1,1,1188,13,0,1,0,12,0,1,0,12,0,0,0,7,7,7,19,12,19,0.4329,0.4329,0.0000,8,1,0,0,recheck,0,still,0
1921,130,1,1,445,18,2,4,0,12,0,1,0,12,0,0,2,7,7,7,19,14,21,0.5836,0.5836,0.0000,10,1,0,0,recheck,0,still,0
1922,3,2,1,1221,14,0,1,0,8,0,1,0,8,0,0,0,12,12,12,20,8,20,0.3726,0.3726,0.0000,7,1,0,0,recheck,0,still,0
1922,14,1,1,437,19,0,1,0,15,0,1,0,15,0,0,2,6,6,6,21,17,23,0.5910,0.5910,0.0000,9,1,0,0,recheck,0,still,0
1922,113,1,1,1215,14,0,2,0,6,0,1,0,6,0,0,0,15,15,14,21,6,20,0.3797,0.3797,0.0000,8,1,0,0,recheck,0,still,0
1923,151,1,1,387,21,2,3,0,18,0,1,0,18,0,1,1,6,6,6,24,18,24,0.5579,0.5579,0.0000,12,1,0,0,recheck,0,still,0
1924,13,2,1,344,19,1,2,0,18,0,1,0,18,0,0,1,6,6,6,24,19,25,0.6266,0.6266,0.0000,11,1,0,0,recheck,0,still,0
1924,76,3,1,349,20,0,1,0,16,0,1,0,16,0,0,0,8,8,8,24,16,24,0.5656,0.5656,0.0000,12,1,0,0,period_end,0,still,0
1924,79,1,1,355,17,1,2,0,13,0,1,0,13,0,0,0,6,6,7,19,13,20,0.5650,0.5650,0.0000,9,1,0,0,recheck,0,still,0
1924,90,1,1,275,19,0,2,1,21,0,1,14,7,0,0,0,1,1,1,22,21,22,0.6437,0.3727,0.0000,13,1,0,0,recheck,0,still,0
1924,128,1,1,333,17,0,1,0,17,0,1,1,16,0,3,0,10,10,10,27,14,24,0.4280,0.4280,0.0000,10,1,0,0,period_end,0,still,0
1925,11,1,1,1438,21,0,3,0,19,0,1,0,19,0,0,0,4,4,6,23,19,25,0.5541,0.5541,0.0000,9,1,0,0,recheck,0,still,0
1925,12,2,1,284,20,0,1,0,19,0,1,0,19,0,0,0,5,5,6,24,19,25,0.5535,0.5535,0.0000,10,1,0,0,recheck,0,still,0
1925,170,2,1,386,16,1,4,0,15,0,1,0,15,0,0,0,6,6,6,21,15,21,0.5118,0.5118,0.0000,9,1,0,0,recheck,0,still,0
1926,9,1,1,1276,18,0,1,0,18,0,1,0,18,0,0,0,6,6,6,24,18,24,0.5172,0.5172,0.0000,9,1,0,0,recheck,0,still,0
1926,49,2,1,340,15,0,4,0,15,0,1,0,15,0,0,0,6,6,6,21,15,21,0.5739,0.5739,0.0000,10,1,0,0,period_end,0,still,0
1926,58,1,1,389,15,0,2,0,15,0,1,6,9,0,0,0,8,8,8,23,15,23,0.5412,0.5412,0.0000,9,1,0,0,recheck,0,still,0
1926,80,1,1,279,18,1,2,0,11,0,1,0,11,0,0,0,8,8,9,19,11,20,0.5323,0.5323,0.0000,9,1,0,0,recheck,0,still,0
1926,115,2,1,1408,14,0,1,0,14,0,1,0,14,0,0,0,9,9,8,23,14,22,0.2691,0.2691,0.0000,7,1,0,0,recheck,0,still,0
1926,119,1,1,982,20,0,2,0,19,0,1,0,19,0,0,0,8,8,5,27,19,24,0.4712,0.4712,0.0000,11,1,0,0,recheck,0,still,0
1926,171,1,1,359,19,0,1,0,21,0,1,11,10,0,2,0,7,7,6,28,19,25,0.4779,0.3983,0.0000,14,1,0,0,period_end,0,still,0
1927,10,1,1,284,21,2,3,0,18,0,1,0,18,0,0,0,6,6,7,24,18,25,0.5541,0.5541,0.0000,9,1,0,0,recheck,0,still,0
1927,25,2,1,615,18,1,2,0,19,0,1,11,8,0,0,0,7,7,7,26,19,26,0.6445,0.5478,0.0000,12,1,0,0,recheck,0,still,0
1927,54,2,1,268,18,3,4,0,14,0,1,0,14,0,0,0,10,10,10,24,14,24,0.5744,0.5744,0.0000,11,1,0,0,recheck,0,still,0
1927,141,2,1,202,17,0,1,0,16,0,1,0,16,0,0,0,6,6,6,22,16,22,0.5703,0.5703,0.0000,11,1,0,0,recheck,0,still,0
1927,183,1,1,379,19,0,1,0,18,0,1,0,18,0,2,0,6,6,6,24,16,22,0.5373,0.5373,0.0000,10,1,0,0,recheck,0,still,0
1928,76,3,1,353,20,0,1,0,16,0,1,0,16,0,0,0,8,8,8,24,16,24,0.5656,0.5656,0.0000,12,1,0,0,recheck,0,still,0
1928,84,1,1,323,18,1,2,0,16,0,1,3,13,0,1,0,9,9,10,25,15,25,0.6120,0.6120,0.0000,11,1,0,0,recheck,0,still,0
1928,117,3,1,1388,16,0,1,0,19,0,1,0,19,0,0,0,9,9,9,28,19,28,0.4250,0.4250,0.0000,10,1,0,0,recheck,0,still,0
1928,132,1,1,164,18,0,3,0,19,0,1,18,1,0,0,2,0,0,0,19,21,21,0.7171,0.1076,0.0000,12,0,1,1,recheck,0,still,0
1929,2,1,1,1093,15,0,1,0,8,0,1,0,8,0,0,0,13,13,12,21,8,20,0.3775,0.3775,0.0000,6,1,0,0,recheck,0,still,0
1929,7,2,1,1294,16,0,2,0,17,0,1,0,17,0,0,0,7,7,7,24,17,24,0.4208,0.4208,0.0000,9,1,0,0,recheck,0,still,0
1929,47,2,1,383,20,0,2,0,16,0,1,0,16,0,0,1,6,6,6,22,17,23,0.6135,0.6135,0.0000,12,1,0,0,recheck,0,still,0
1929,107,3,1,288,17,1,4,0,19,0,1,19,0,0,0,0,0,0,0,19,19,19,0.7362,0.0000,0.0000,15,0,0,1,recheck,0,still,0
1931,44,1,1,1513,21,1,3,0,17,0,1,0,17,0,0,1,5,5,6,22,18,24,0.5115,0.5115,0.0000,9,1,0,0,recheck,0,still,0
1931,56,1,1,486,19,0,4,0,14,0,1,1,13,0,0,0,11,11,11,25,14,25,0.5432,0.5432,0.0000,10,1,0,0,recheck,0,still,0
1931,123,2,1,1159,13,0,3,0,3,0,1,0,3,0,0,0,16,16,16,19,3,19,0.3550,0.3550,0.0000,7,1,0,0,recheck,0,still,0
1931,140,1,1,404,20,0,1,0,17,0,1,0,17,0,0,0,6,6,6,23,17,23,0.6181,0.6181,0.0000,12,1,0,0,recheck,0,still,0
1931,146,2,1,1319,13,0,2,0,12,0,1,0,12,0,1,0,10,10,9,22,11,20,0.4008,0.4008,0.0000,11,1,0,0,period_end,0,still,0
1931,154,2,1,1299,18,0,1,0,7,0,1,0,7,0,0,0,15,15,15,22,7,22,0.3717,0.3717,0.0000,10,1,0,0,recheck,0,still,0
1932,6,2,1,1301,14,1,2,0,16,0,1,0,16,0,0,0,8,8,8,24,16,24,0.4231,0.4231,0.0000,9,1,0,0,period_end,0,still,0
1932,97,3,0,-1,1,0,1,1,0,0,0,0,0,0,0,0,0,0,0,0,0,0,0.0000,0.0000,0.0000,0,0,0,0,,0,pending,0
1932,118,3,1,1437,22,0,1,0,20,0,1,0,20,0,0,0,7,7,7,27,20,27,0.4253,0.4253,0.0000,12,1,0,0,recheck,0,still,0
1932,157,2,1,1235,17,0,2,0,6,0,1,0,6,0,0,0,16,16,16,22,6,22,0.3241,0.3241,0.0000,7,1,0,0,recheck,0,still,0
1932,158,1,1,1189,16,1,2,0,4,0,1,0,4,0,0,0,16,16,15,20,4,19,0.2596,0.2596,0.0000,5,1,0,0,recheck,0,still,0
1932,168,1,1,564,17,0,1,1,20,0,1,4,16,0,4,0,9,9,9,29,16,25,0.3737,0.3737,0.0000,9,1,0,0,recheck,0,still,0
1932,189,1,1,1350,13,0,2,1,8,0,1,0,8,0,0,0,14,14,10,22,8,18,0.4355,0.4355,0.0000,10,1,0,0,recheck,0,still,0
1933,15,1,1,462,17,3,4,0,14,0,1,0,14,0,1,1,5,5,5,19,14,19,0.6190,0.6190,0.0000,10,1,0,0,recheck,0,still,0
1933,29,2,1,273,17,0,1,0,23,0,1,18,5,0,1,0,0,0,0,23,22,22,0.5633,0.1878,0.0000,11,1,0,0,recheck,0,still,0
1933,51,1,1,279,18,0,4,0,15,0,1,0,15,0,1,0,7,7,7,22,14,21,0.5620,0.5620,0.0000,9,1,0,0,recheck,0,still,0
1933,97,3,0,-1,1,0,1,1,0,0,0,0,0,0,0,0,0,0,0,0,0,0,0.0000,0.0000,0.0000,0,0,0,0,,0,hop,1
1933,128,1,1,342,17,0,1,0,17,0,1,1,16,0,3,0,10,10,10,27,14,24,0.4280,0.4280,0.0000,10,1,0,0,recheck,0,still,0
1934,26,3,1,428,18,0,2,0,22,0,1,14,8,0,0,0,2,2,2,24,22,24,0.5800,0.3480,0.0000,12,1,0,0,recheck,0,still,0
1934,86,1,1,483,19,0,2,0,16,0,1,8,8,0,0,0,6,6,7,22,16,23,0.5745,0.5026,0.0000,10,1,0,0,recheck,0,still,0
1934,88,1,1,197,18,0,1,0,21,0,1,13,8,0,0,0,1,1,2,22,21,23,0.6457,0.4663,0.0000,11,1,0,0,recheck,0,still,0
1934,119,1,1,990,20,0,2,0,19,0,1,0,19,0,0,0,8,8,5,27,19,24,0.4712,0.4712,0.0000,11,1,0,0,period_end,0,still,0
1934,146,2,1,1322,13,0,2,0,12,0,1,0,12,0,1,0,10,10,9,22,11,20,0.4014,0.4014,0.0000,11,1,0,0,recheck,0,still,0
1934,166,2,1,332,18,0,1,0,18,0,1,1,17,0,2,0,11,11,11,29,16,27,0.3739,0.3739,0.0000,10,1,0,0,recheck,0,still,0
1934,182,1,1,462,20,1,3,0,20,0,1,0,20,0,2,0,6,6,6,26,18,24,0.5210,0.5210,0.0000,13,1,0,0,recheck,0,still,0
1935,16,1,1,423,15,2,4,0,15,0,1,0,15,0,0,0,6,6,6,21,15,21,0.4998,0.4998,0.0000,8,1,0,0,recheck,0,still,0
1935,72,2,1,1238,17,0,1,0,5,0,1,0,5,0,0,0,17,17,17,22,5,22,0.3642,0.3642,0.0000,6,1,0,0,recheck,0,still,0
1935,114,1,1,1199,14,1,2,0,9,0,1,0,9,0,0,0,11,11,9,20,9,18,0.3226,0.3226,0.0000,7,1,0,0,recheck,0,still,0
1936,131,2,1,150,16,0,1,0,19,0,1,8,11,0,2,0,8,8,8,27,17,25,0.3467,0.2972,0.0000,10,1,0,0,recheck,0,still,0
1936,153,1,1,1263,16,0,2,0,7,0,1,0,7,0,0,0,14,14,13,21,7,20,0.2901,0.2901,0.0000,7,1,0,0,recheck,0,still,0
1936,169,1,1,359,18,1,2,0,13,0,1,0,13,0,0,1,6,6,6,19,14,20,0.6047,0.6047,0.0000,10,1,0,0,recheck,0,still,0
1936,194,1,1,992,21,1,2,0,20,0,1,0,20,0,0,0,8,8,5,28,20,25,0.4889,0.4889,0.0000,13,1,0,0,recheck,0,still,0
1937,28,2,1,144,18,0,2,0,23,0,1,16,7,0,0,0,1,1,0,24,23,23,0.6123,0.2755,0.0000,12,1,0,0,recheck,0,still,0
1937,142,2,1,287,18,0,2,0,16,0,1,0,16,0,0,1,6,6,7,22,17,24,0.6628,0.6628,0.0000,12,1,0,0,recheck,0,still,0
1937,159,1,1,1183,9,2,3,0,0,0,1,0,0,0,0,0,12,12,12,12,0,12,0.1742,0.1742,0.0000,3,1,0,0,recheck,0,still,0
1938,35,2,1,1088,17,0,1,0,8,0,1,0,8,0,0,0,13,13,14,21,8,22,0.3900,0.3900,0.0000,7,1,0,0,recheck,0,still,0
1938,77,3,1,398,16,3,4,0,16,0,1,0,16,0,0,0,8,8,8,24,16,24,0.5841,0.5841,0.0000,13,1,0,0,recheck,0,still,0
1938,116,2,1,1219,15,0,1,0,16,0,1,0,16,0,0,0,10,10,9,26,16,25,0.3504,0.3504,0.0000,9,1,0,0,recheck,0,still,0
1938,143,1,1,184,17,1,3,0,21,0,1,18,3,0,1,1,0,0,0,21,21,21,0.7140,0.1360,0.0000,13,1,0,1,recheck,0,still,0
1939,55,2,1,356,20,1,4,0,15,0,1,1,14,0,0,0,10,10,10,25,15,25,0.6156,0.6156,0.0000,13,1,0,0,recheck,0,still,0
1940,9,1,1,1290,18,0,1,0,18,0,1,0,18,0,0,0,6,6,6,24,18,24,0.5172,0.5172,0.0000,9,1,0,0,period_end,0,still,0
1940,13,2,1,360,19,1,2,0,18,0,1,0,18,0,0,1,6,6,6,24,19,25,0.6266,0.6266,0.0000,11,1,0,0,period_end,0,still,0
1940,83,2,1,36,17,0,2,0,16,0,1,5,11,0,0,0,9,9,9,25,16,25,0.5035,0.5035,0.0000,10,1,0,0,recheck,0,still,0
1940,188,1,1,1307,15,1,2,0,8,0,1,0,8,0,0,0,15,15,12,23,8,20,0.3243,0.3243,0.0000,9,1,0,0,recheck,0,still,0
1941,21,2,1,503,18,2,4,0,16,0,1,1,15,0,0,0,11,11,11,27,16,27,0.5844,0.5844,0.0000,12,1,0,0,recheck,0,still,0
1941,145,1,1,1349,14,1,2,0,8,0,1,0,8,0,0,1,12,12,10,20,9,19,0.3805,0.3805,0.0000,8,1,0,0,recheck,0,still,0
1942,23,2,1,447,16,1,2,0,16,0,1,6,10,0,0,0,8,8,8,24,16,24,0.5490,0.5490,0.0000,11,1,0,0,recheck,0,still,0
1942,55,2,1,359,20,1,4,0,15,0,1,1,14,0,0,0,10,10,10,25,15,25,0.6156,0.6156,0.0000,13,1,0,0,period_end,0,still,0
1942,161,2,1,452,17,0,1,0,17,0,1,0,17,0,1,0,7,7,7,24,16,23,0.3780,0.3780,0.0000,9,1,0,0,recheck,0,still,0
1943,4,2,1,1309,15,0,1,0,11,0,1,0,11,0,0,0,9,9,9,20,11,20,0.3714,0.3714,0.0000,8,1,0,0,recheck,0,still,0
1943,166,2,1,341,18,0,1,0,18,0,1,1,17,0,2,0,11,11,11,29,16,27,0.3739,0.3739,0.0000,10,1,0,0,period_end,0,still,0
1943,171,1,1,376,19,0,1,0,21,0,1,11,10,0,2,0,7,7,6,28,19,25,0.4779,0.3983,0.0000,14,1,0,0,recheck,0,still,0
1944,49,2,1,358,15,0,4,0,15,0,1,0,15,0,0,0,6,6,6,21,15,21,0.5738,0.5738,0.0000,10,1,0,0,recheck,0,still,0
1944,62,2,1,145,19,1,2,0,21,0,1,17,4,0,0,2,0,0,0,21,23,23,0.6719,0.2240,0.0000,14,1,0,0,recheck,0,still,0
1944,188,1,1,1311,15,1,2,0,8,0,1,0,8,0,0,0,15,15,12,23,8,20,0.3243,0.3243,0.0000,9,1,0,0,period_end,0,still,0
1945,68,3,1,1038,15,1,2,0,6,0,1,0,6,0,0,0,15,15,15,21,6,21,0.3583,0.3583,0.0000,7,1,0,0,recheck,0,still,0
1945,139,1,1,260,21,0,3,1,17,0,1,0,17,0,0,0,6,6,6,23,17,23,0.6177,0.6177,0.0000,13,1,0,0,recheck,0,still,0
1946,57,1,1,577,20,0,1,0,16,0,1,3,13,0,0,0,10,10,10,26,16,26,0.6154,0.6154,0.0000,11,1,0,0,recheck,0,still,0
1946,84,1,1,341,18,1,2,0,16,0,1,3,13,0,1,0,9,9,10,25,15,25,0.6105,0.6105,0.0000,11,1,0,0,period_end,0,still,0
1946,127,1,1,323,19,0,2,1,15,0,1,0,15,0,3,0,10,10,10,25,12,22,0.4309,0.4309,0.0000,10,1,0,0,recheck,0,still,0
1946,135,1,1,565,18,0,1,0,21,0,1,12,9,0,1,0,6,6,3,27,20,23,0.4239,0.3444,0.0000,11,1,0,0,recheck,0,still,0
1946,176,1,1,195,20,0,1,1,21,0,1,13,8,0,0,0,4,4,1,25,21,22,0.3967,0.2380,0.0000,10,1,0,0,recheck,0,still,0
1947,89,1,1,637,19,1,2,0,21,0,1,14,7,0,0,1,0,0,0,21,22,22,0.6794,0.4291,0.0000,12,1,0,0,recheck,0,still,0
1948,1,2,1,1205,18,0,2,0,7,0,1,0,7,0,0,0,14,14,14,21,7,21,0.3623,0.3623,0.0000,7,1,0,0,recheck,0,still,0
1948,87,1,1,590,19,1,2,0,19,0,1,11,8,0,0,0,4,4,5,23,19,24,0.6690,0.5634,0.0000,11,1,0,0,recheck,0,still,0
1948,92,1,0,-1,16,3,4,0,18,0,1,17,1,0,0,1,0,0,0,18,19,19,0.7119,0.1068,0.0000,11,0,1,1,,0,start_crowd,0
1948,165,1,1,311,18,1,2,0,15,0,1,0,15,0,3,0,10,10,10,25,12,22,0.4224,0.4224,0.0000,11,1,0,0,recheck,0,still,0
1948,195,1,1,1303,17,1,2,0,7,0,1,0,7,0,0,0,15,15,13,22,7,20,0.3706,0.3706,0.0000,10,1,0,0,recheck,0,still,0
1949,8,2,1,1117,15,0,1,0,17,0,1,0,17,0,0,0,8,8,8,25,17,25,0.3957,0.3957,0.0000,9,1,0,0,recheck,0,still,0
1949,19,3,1,425,18,0,2,0,14,0,1,0,14,0,0,0,11,11,11,25,14,25,0.6180,0.6180,0.0000,13,1,0,0,recheck,0,still,0
1949,91,1,1,272,19,0,1,0,23,0,1,16,7,0,1,1,0,0,0,23,23,23,0.6239,0.2627,0.0000,13,1,0,0,recheck,0,still,0
1949,199,1,1,1239,12,1,3,0,0,0,1,0,0,0,0,0,14,14,14,14,0,14,0.2621,0.2621,0.0000,4,1,0,0,recheck,0,still,0
1950,5,2,1,1318,15,0,1,0,13,0,1,0,13,0,0,0,8,8,8,21,13,21,0.4003,0.4003,0.0000,9,1,0,0,recheck,0,still,0
1950,6,2,1,1319,14,1,2,0,15,0,1,0,15,0,0,0,9,9,9,24,15,24,0.4231,0.4231,0.0000,9,1,0,0,recheck,0,still,0
1950,17,3,1,506,17,0,2,0,13,0,1,0,13,0,0,0,9,9,9,22,13,22,0.5304,0.5304,0.0000,11,1,0,0,recheck,0,still,0
1950,50,1,1,374,18,1,4,0,15,0,1,0,15,0,0,0,5,5,5,20,15,20,0.5840,0.5840,0.0000,9,1,0,0,recheck,0,still,0
1950,126,2,1,317,18,0,1,1,15,0,1,0,15,0,2,0,9,9,9,24,13,22,0.3258,0.3258,0.0000,9,1,0,0,recheck,0,still,0
1950,149,1,1,1301,19,0,1,0,16,0,1,0,16,0,0,0,11,11,10,27,16,26,0.4408,0.4408,0.0000,8,1,0,0,recheck,0,still,0
1950,163,1,1,282,17,0,1,1,16,0,1,0,16,0,1,0,8,8,6,24,15,21,0.4063,0.4063,0.0000,8,1,0,0,recheck,0,still,0
1951,40,1,1,1218,13,0,1,0,12,0,1,0,12,0,0,0,7,7,7,19,12,19,0.4329,0.4329,0.0000,8,1,0,0,recheck,0,still,0
1951,127,1,1,328,19,0,2,1,15,0,1,0,15,0,3,0,10,10,10,25,12,22,0.4309,0.4309,0.0000,10,1,0,0,period_end,0,still,0
1951,130,1,1,475,18,2,4,0,13,0,1,0,13,0,0,2,6,6,6,19,15,21,0.5836,0.5836,0.0000,10,1,0,0,recheck,0,still,0
1952,3,2,1,1251,14,0,1,0,10,0,1,0,10,0,0,0,10,10,10,20,10,20,0.3726,0.3726,0.0000,7,1,0,0,recheck,0,still,0
1952,14,1,1,467,19,0,1,0,14,0,1,0,14,0,0,2,7,7,7,21,16,23,0.5910,0.5910,0.0000,9,1,0,0,recheck,0,still,0
1952,113,1,1,1245,14,0,2,0,8,0,1,0,8,0,0,1,13,13,11,21,9,20,0.3797,0.3797,0.0000,8,1,0,0,recheck,0,still,0
1952,142,2,1,302,18,0,2,0,15,0,1,0,15,0,0,1,7,7,8,22,16,24,0.6628,0.6628,0.0000,12,1,0,0,period_end,0,still,0
1953,25,2,1,641,18,1,2,0,19,0,1,10,9,0,0,0,7,7,7,26,19,26,0.6445,0.5800,0.0000,12,1,0,0,period_end,0,still,0
1953,151,1,1,417,21,2,3,0,19,0,1,0,19,0,1,1,5,5,5,24,19,24,0.5580,0.5580,0.0000,12,1,0,0,recheck,0,still,0
1953,165,1,1,316,18,1,2,0,13,0,1,0,13,0,3,0,12,12,12,25,10,22,0.4224,0.4224,0.0000,11,1,0,0,period_end,0,still,0
1954,13,2,1,374,19,1,2,0,20,0,1,0,20,0,0,1,4,4,4,24,21,25,0.6266,0.6266,0.0000,11,1,0,0,recheck,0,still,0
1954,79,1,1,385,17,1,2,0,11,0,1,0,11,0,0,0,8,8,9,19,11,20,0.5650,0.5650,0.0000,9,1,0,0,recheck,0,still,0
1954,90,1,1,305,19,0,2,1,21,0,1,13,8,0,0,0,1,1,1,22,21,22,0.6435,0.4064,0.0000,13,1,0,0,recheck,0,still,0
1955,11,1,1,1468,21,0,3,0,21,0,1,0,21,0,0,0,2,2,4,23,21,25,0.5541,0.5541,0.0000,9,1,0,0,recheck,0,still,0
1955,12,2,1,314,19,0,1,0,21,0,1,0,21,0,0,0,3,3,4,24,21,25,0.5534,0.5534,0.0000,10,1,0,0,recheck,0,still,0
1955,170,2,1,416,16,1,4,0,13,0,1,0,13,0,0,0,8,8,8,21,13,21,0.5117,0.5117,0.0000,9,1,0,0,recheck,0,still,0
1956,9,1,1,1306,18,0,1,0,20,0,1,0,20,0,0,0,4,4,4,24,20,24,0.5172,0.5172,0.0000,9,1,0,0,recheck,0,still,0
1956,58,1,1,419,15,0,2,0,15,0,1,5,10,0,0,0,8,8,8,23,15,23,0.5415,0.5415,0.0000,9,1,0,0,recheck,0,still,0
1956,80,1,1,309,18,1,2,0,9,0,1,0,9,0,0,0,10,10,11,19,9,20,0.5328,0.5328,0.0000,9,1,0,0,recheck,0,still,0
1956,115,2,1,1438,14,0,1,0,13,0,1,0,13,0,0,0,9,9,8,22,13,21,0.2694,0.2694,0.0000,7,1,0,0,recheck,0,still,0
1956,119,1,1,1012,20,0,2,0,21,0,1,0,21,0,0,0,6,6,3,27,21,24,0.4712,0.4712,0.0000,11,1,0,0,recheck,0,still,0
1957,10,1,1,314,21,2,3,0,20,0,1,0,20,0,0,0,4,4,5,24,20,25,0.5541,0.5541,0.0000,9,1,0,0,recheck,0,still,0
1957,25,2,1,645,18,1,2,0,19,0,1,10,9,0,0,0,7,7,7,26,19,26,0.6443,0.5798,0.0000,12,1,0,0,recheck,0,still,0
1957,54,2,1,298,18,3,4,0,12,0,1,0,12,0,0,0,12,12,12,24,12,24,0.5742,0.5742,0.0000,11,1,0,0,recheck,0,still,0
1957,141,2,1,232,17,0,1,0,14,0,1,0,14,0,0,0,8,8,8,22,14,22,0.5701,0.5701,0.0000,11,1,0,0,recheck,0,still,0
1957,183,1,1,409,19,0,1,0,17,0,1,0,17,0,2,0,7,7,7,24,15,22,0.5356,0.5356,0.0000,10,1,0,0,recheck,0,still,0
1957,195,1,1,1312,17,1,2,0,4,0,1,0,4,0,0,0,18,18,16,22,4,20,0.3706,0.3706,0.0000,10,1,0,0,period_end,0,still,0
1958,10,1,1,315,21,2,3,0,20,0,1,0,20,0,0,0,4,4,5,24,20,25,0.5541,0.5541,0.0000,9,1,0,0,period_end,0,still,0
1958,76,3,1,383,20,0,1,0,17,0,1,0,17,0,0,0,7,7,7,24,17,24,0.5656,0.5656,0.0000,12,1,0,0,recheck,0,still,0
1958,84,1,1,353,18,1,2,0,15,0,1,2,13,0,0,0,10,10,10,25,15,25,0.6102,0.6102,0.0000,11,1,0,0,recheck,0,still,0
1958,113,1,1,1251,14,0,2,0,6,0,1,0,6,0,0,0,15,15,14,21,6,20,0.3797,0.3797,0.0000,8,1,0,0,period_end,0,still,0
1958,117,3,1,1418,16,0,1,0,21,0,1,0,21,0,0,0,7,7,7,28,21,28,0.4249,0.4249,0.0000,10,1,0,0,recheck,0,still,0
1958,132,1,1,194,18,0,3,0,19,0,1,17,2,0,0,2,0,0,0,19,21,21,0.7170,0.1434,0.0000,12,1,0,1,recheck,0,still,0
1959,2,1,1,1123,15,0,1,0,5,0,1,0,5,0,0,0,16,16,15,21,5,20,0.3775,0.3775,0.0000,6,1,0,0,recheck,0,still,0
1959,7,2,1,1324,16,0,2,0,18,0,1,0,18,0,0,0,6,6,6,24,18,24,0.4208,0.4208,0.0000,9,1,0,0,recheck,0,still,0
1959,47,2,1,413,20,0,2,0,18,0,1,0,18,0,0,1,4,4,4,22,19,23,0.6135,0.6135,0.0000,12,1,0,0,recheck,0,still,0
1959,99,2,0,-1,5,4,6,0,7,0,0,7,0,0,0,0,0,0,0,7,7,7,0.1949,0.0000,0.0000,4,0,0,0,,0,pending,0
1959,107,3,1,318,17,1,4,0,20,0,1,19,1,0,0,0,0,0,0,20,20,20,0.7363,0.0295,0.0000,15,0,1,1,recheck,0,still,0
1960,99,2,0,-1,5,4,6,0,7,0,0,7,0,0,0,0,0,0,0,7,7,7,0.1949,0.0000,0.0000,4,0,0,0,,0,hop,1
1960,177,1,0,-1,18,2,3,0,19,0,1,17,2,0,0,2,0,0,0,19,21,21,0.6348,0.1336,0.0000,11,1,0,0,,0,start_holder,0
1961,44,1,1,1543,21,1,3,0,16,0,1,0,16,0,0,1,6,6,7,22,17,24,0.5115,0.5115,0.0000,9,1,0,0,recheck,0,still,0
1961,56,1,1,516,19,0,4,0,12,0,1,1,11,0,0,0,13,13,13,25,12,25,0.5426,0.5426,0.0000,10,1,0,0,recheck,0,still,0
1961,123,2,1,1189,13,0,3,0,0,0,1,0,0,0,0,0,19,19,19,19,0,19,0.3550,0.3550,0.0000,7,1,0,0,recheck,0,still,0
1961,140,1,1,434,20,0,1,0,17,0,1,0,17,0,0,0,6,6,6,23,17,23,0.6180,0.6180,0.0000,12,1,0,0,recheck,0,still,0
1961,153,1,1,1288,16,0,2,0,4,0,1,0,4,0,0,0,17,17,16,21,4,20,0.2901,0.2901,0.0000,7,1,0,0,period_end,0,still,0
1961,154,2,1,1329,18,0,1,0,4,0,1,0,4,0,0,0,18,18,18,22,4,22,0.3717,0.3717,0.0000,10,1,0,0,recheck,0,still,0
1962,118,3,1,1467,22,0,1,0,19,0,1,0,19,0,0,0,8,8,8,27,19,27,0.4003,0.4003,0.0000,11,1,0,0,recheck,0,still,0
1962,157,2,1,1265,17,0,2,0,3,0,1,0,3,0,0,0,19,19,19,22,3,22,0.3241,0.3241,0.0000,7,1,0,0,recheck,0,still,0
1962,158,1,1,1219,16,1,2,0,1,0,1,0,1,0,0,0,19,19,18,20,1,19,0.2596,0.2596,0.0000,5,1,0,0,recheck,0,still,0
1962,168,1,1,594,17,0,1,1,17,0,1,2,15,0,2,0,12,12,10,29,15,25,0.3737,0.3737,0.0000,9,1,0,0,recheck,0,still,0
1962,189,1,1,1380,13,0,2,1,5,0,1,0,5,0,0,0,17,17,13,22,5,18,0.4353,0.4353,0.0000,10,1,0,0,recheck,0,still,0
1963,15,1,1,492,17,3,4,0,13,0,1,0,13,0,1,1,7,7,7,20,13,20,0.6190,0.6190,0.0000,10,1,0,0,recheck,0,still,0
1963,29,2,1,303,17,0,1,0,23,0,1,16,7,0,1,0,0,0,0,23,22,22,0.5628,0.2189,0.0000,11,1,0,0,recheck,0,still,0
1963,51,1,1,309,18,0,4,0,13,0,1,0,13,0,1,0,9,9,9,22,12,21,0.5618,0.5618,0.0000,9,1,0,0,recheck,0,still,0
1963,128,1,1,372,17,0,1,0,14,0,1,1,13,0,2,0,13,13,12,27,12,24,0.4280,0.4280,0.0000,10,1,0,0,recheck,0,still,0
1963,154,2,1,1331,18,0,1,0,4,0,1,0,4,0,0,0,18,18,18,22,4,22,0.3717,0.3717,0.0000,10,1,0,0,period_end,0,still,0
1964,26,3,1,458,18,0,2,0,20,0,1,11,9,0,0,0,3,3,3,23,20,23,0.5800,0.3770,0.0000,12,1,0,0,recheck,0,still,0
1964,54,2,1,305,18,3,4,0,11,0,1,0,11,0,0,0,13,13,13,24,11,24,0.5744,0.5744,0.0000,11,1,0,0,period_end,0,still,0
1964,86,1,1,513,19,0,2,0,15,0,1,6,9,0,0,0,7,7,8,22,15,23,0.5745,0.5026,0.0000,10,1,0,0,recheck,0,still,0
1964,88,1,1,227,18,0,1,0,20,0,1,11,9,0,0,0,2,2,3,22,20,23,0.6457,0.5022,0.0000,11,1,0,0,recheck,0,still,0
1964,146,2,1,1352,13,0,2,0,8,0,1,0,8,0,0,0,14,14,12,22,8,20,0.4024,0.4024,0.0000,11,1,0,0,recheck,0,still,0
1964,166,2,1,362,18,0,1,0,15,0,1,1,14,0,2,0,14,14,14,29,13,27,0.3739,0.3739,0.0000,10,1,0,0,recheck,0,still,0
1964,182,1,1,492,20,1,3,0,19,0,1,0,19,0,1,0,6,6,6,25,18,24,0.5221,0.5221,0.0000,13,1,0,0,recheck,0,still,0
1965,16,1,1,453,15,2,4,0,13,0,1,0,13,0,0,0,8,8,8,21,13,21,0.4998,0.4998,0.0000,8,1,0,0,recheck,0,still,0
1965,72,2,1,1268,17,0,1,0,2,0,1,0,2,0,0,0,20,20,20,22,2,22,0.3642,0.3642,0.0000,6,1,0,0,recheck,0,still,0
1965,114,1,1,1229,14,1,2,0,7,0,1,0,7,0,0,0,13,13,11,20,7,18,0.3228,0.3228,0.0000,7,1,0,0,recheck,0,still,0
1966,131,2,1,180,16,0,1,0,18,0,1,6,12,0,2,0,9,9,9,27,16,25,0.3467,0.2972,0.0000,10,1,0,0,recheck,0,still,0
1966,153,1,1,1293,16,0,2,0,4,0,1,0,4,0,0,0,17,17,16,21,4,20,0.2901,0.2901,0.0000,7,1,0,0,recheck,0,still,0
1966,169,1,1,389,18,1,2,0,15,0,1,0,15,0,0,0,4,4,5,19,15,20,0.6048,0.6048,0.0000,10,1,0,0,recheck,0,still,0
1966,194,1,1,1022,21,1,2,0,19,0,1,0,19,0,0,0,9,9,6,28,19,25,0.4888,0.4888,0.0000,13,1,0,0,recheck,0,still,0
1967,28,2,1,174,18,0,2,0,22,0,1,14,8,0,0,0,2,2,1,24,22,23,0.6122,0.3061,0.0000,12,1,0,0,recheck,0,still,0
1967,142,2,1,317,18,0,2,0,15,0,1,0,15,0,0,2,7,7,7,22,17,24,0.6629,0.6629,0.0000,12,1,0,0,recheck,0,still,0
1967,159,1,1,1213,9,2,3,0,0,0,1,0,0,0,0,0,12,12,12,12,0,12,0.1742,0.1742,0.0000,3,1,0,0,recheck,0,still,0
1968,35,2,1,1118,17,0,1,0,5,0,1,0,5,0,0,0,16,16,17,21,5,22,0.3900,0.3900,0.0000,7,1,0,0,recheck,0,still,0
1968,77,3,1,428,16,3,4,0,14,0,1,0,14,0,0,0,10,10,10,24,14,24,0.5842,0.5842,0.0000,13,1,0,0,recheck,0,still,0
1968,116,2,1,1249,15,0,1,0,14,0,1,0,14,0,0,0,12,12,11,26,14,25,0.3504,0.3504,0.0000,9,1,0,0,recheck,0,still,0
1968,143,1,1,214,17,1,3,0,21,0,1,16,5,0,1,1,0,0,0,21,21,21,0.7139,0.2040,0.0000,13,1,0,1,recheck,0,still,0
1969,55,2,1,386,20,1,4,0,12,0,1,1,11,0,0,0,13,13,13,25,12,25,0.6165,0.6165,0.0000,13,1,0,0,recheck,0,still,0
1970,83,2,1,66,17,0,2,0,15,0,1,3,12,0,0,0,10,10,10,25,15,25,0.5035,0.5035,0.0000,10,1,0,0,recheck,0,still,0
1970,188,1,1,1337,15,1,2,0,5,0,1,0,5,0,0,0,18,18,15,23,5,20,0.3243,0.3243,0.0000,9,1,0,0,recheck,0,still,0
1971,21,2,1,533,18,2,4,0,13,0,1,1,12,0,0,0,14,14,14,27,13,27,0.5854,0.5854,0.0000,12,1,0,0,recheck,0,still,0
1971,145,1,1,1379,14,1,2,0,5,0,1,0,5,0,0,1,15,15,13,20,6,19,0.3804,0.3804,0.0000,8,1,0,0,recheck,0,still,0
1972,4,2,1,1338,15,0,1,0,7,0,1,0,7,0,0,0,13,13,13,20,7,20,0.3714,0.3714,0.0000,8,1,0,0,period_end,0,still,0
1972,23,2,1,477,16,1,2,0,15,0,1,4,11,0,0,0,9,9,9,24,15,24,0.5480,0.5480,0.0000,11,1,0,0,recheck,0,still,0
1972,161,2,1,482,17,0,1,0,15,0,1,0,15,0,1,0,9,9,9,24,14,23,0.3780,0.3780,0.0000,9,1,0,0,recheck,0,still,0
1973,4,2,1,1339,15,0,1,0,7,0,1,0,7,0,0,0,13,13,13,20,7,20,0.3714,0.3714,0.0000,8,1,0,0,recheck,0,still,0
1973,171,1,1,406,19,0,1,0,20,0,1,9,11,0,2,0,8,8,7,28,18,25,0.4779,0.4248,0.0000,14,1,0,0,recheck,0,still,0
1973,194,1,1,1029,21,1,2,0,21,0,1,0,21,0,0,0,7,7,4,28,21,25,0.4888,0.4888,0.0000,13,1,0,0,period_end,0,still,0
1974,49,2,1,388,15,0,4,0,14,0,1,0,14,0,0,0,7,7,7,21,14,21,0.5743,0.5743,0.0000,10,1,0,0,recheck,0,still,0
1974,62,2,1,175,19,1,2,0,22,0,1,16,6,0,0,1,0,0,1,22,23,24,0.6719,0.2879,0.0000,14,1,0,0,recheck,0,still,0
1975,68,3,1,1068,15,1,2,0,3,0,1,0,3,0,0,0,18,18,18,21,3,21,0.3583,0.3583,0.0000,7,1,0,0,recheck,0,still,0
1975,133,2,0,-1,12,2,3,0,14,0,0,14,0,0,1,0,0,0,0,14,13,13,0.5678,0.0000,0.0000,10,0,0,0,,0,hop,1
1975,139,1,1,290,20,0,1,1,19,0,1,0,19,0,0,0,4,4,3,23,19,22,0.5305,0.5305,0.0000,12,1,0,0,recheck,0,still,0
1976,57,1,1,607,20,0,1,0,15,0,1,1,14,0,0,0,11,11,11,26,15,26,0.6152,0.6152,0.0000,11,1,0,0,recheck,0,still,0
1976,127,1,1,353,19,0,2,1,12,0,1,0,12,0,3,0,13,13,13,25,9,22,0.4309,0.4309,0.0000,10,1,0,0,recheck,0,still,0
1976,135,1,1,595,18,0,1,0,19,0,1,9,10,0,1,0,7,7,4,26,18,22,0.4239,0.3709,0.0000,11,1,0,0,recheck,0,still,0
1976,176,1,1,225,20,0,1,1,20,0,1,11,9,0,0,0,5,5,2,25,20,22,0.3967,0.2909,0.0000,10,1,0,0,recheck,0,still,0
1977,89,1,1,667,19,1,2,0,21,0,1,12,9,0,0,0,0,0,1,21,21,22,0.6794,0.4649,0.0000,12,1,0,0,recheck,0,still,0
1977,107,3,1,336,16,1,4,0,20,0,1,19,1,0,0,0,0,0,0,20,20,20,0.6185,0.0295,0.0000,13,0,1,0,period_end,0,end_period,1
1977,145,1,1,1385,14,1,2,0,1,0,1,0,1,0,0,1,19,19,17,20,2,19,0.3804,0.3804,0.0000,8,1,0,0,period_end,0,still,0
1978,1,2,1,1235,18,0,2,0,2,0,1,0,2,0,0,0,19,19,19,21,2,21,0.3623,0.3623,0.0000,7,1,0,0,recheck,0,still,0
1978,87,1,1,620,19,1,2,0,17,0,1,10,7,0,0,0,6,6,7,23,17,24,0.5634,0.4929,0.0000,10,1,0,0,recheck,0,still,0
1978,165,1,1,341,18,1,2,0,12,0,1,0,12,0,3,0,13,13,13,25,9,22,0.4224,0.4224,0.0000,11,1,0,0,recheck,0,still,0
1978,195,1,1,1333,17,1,2,0,2,0,1,0,2,0,0,0,20,20,18,22,2,20,0.3706,0.3706,0.0000,10,1,0,0,recheck,0,still,0
1979,8,2,1,1147,15,0,1,0,14,0,1,0,14,0,0,0,11,11,11,25,14,25,0.3957,0.3957,0.0000,9,1,0,0,recheck,0,still,0
1979,19,3,1,455,18,0,2,0,11,0,1,0,11,0,0,0,14,14,14,25,11,25,0.6190,0.6190,0.0000,13,1,0,0,recheck,0,still,0
1979,34,1,0,-1,4,2,5,0,5,0,0,5,0,0,0,0,0,0,0,5,5,5,0.2480,0.0000,0.0000,4,0,0,0,,0,hop,1
1979,91,1,1,302,19,0,1,0,22,0,1,15,7,0,1,0,0,0,1,22,21,22,0.6239,0.1970,0.0000,13,1,0,0,recheck,0,still,0
1979,199,1,1,1269,12,1,3,0,0,0,1,0,0,0,0,0,14,14,14,14,0,14,0.2621,0.2621,0.0000,4,1,0,0,recheck,0,still,0
1980,5,2,1,1348,15,0,1,0,4,0,1,0,4,0,0,0,17,17,17,21,4,21,0.4003,0.4003,0.0000,9,1,0,0,recheck,0,still,0
1980,6,2,1,1349,14,1,2,0,10,0,1,0,10,0,0,0,14,14,14,24,10,24,0.4231,0.4231,0.0000,9,1,0,0,recheck,0,still,0
1980,17,3,1,536,17,0,2,0,11,0,1,0,11,0,0,0,11,11,11,22,11,22,0.5306,0.5306,0.0000,11,1,0,0,recheck,0,still,0
1980,50,1,1,404,18,1,4,0,13,0,1,0,13,0,0,0,7,7,7,20,13,20,0.5840,0.5840,0.0000,9,1,0,0,recheck,0,still,0
1980,67,2,0,-1,11,1,3,0,13,0,0,13,0,0,0,0,0,0,0,13,13,13,0.6292,0.0000,0.0000,11,0,0,0,,0,pending,0
1980,126,2,1,347,18,0,1,1,13,0,1,0,13,0,2,0,11,11,11,24,11,22,0.3258,0.3258,0.0000,9,1,0,0,recheck,0,still,0
1980,138,2,0,-1,12,2,3,0,17,0,0,17,0,0,1,0,0,0,0,17,16,16,0.6682,0.0000,0.0000,12,0,0,0,,0,pending,0
1980,149,1,1,1331,19,0,1,0,16,0,1,0,16,0,0,0,11,11,10,27,16,26,0.4407,0.4407,0.0000,8,1,0,0,recheck,0,still,0
1980,163,1,1,312,17,0,1,1,17,0,1,0,17,0,3,0,7,7,7,24,14,21,0.4063,0.4063,0.0000,8,1,0,0,recheck,0,still,0
1981,40,1,1,1248,13,0,1,0,3,0,1,0,3,0,0,0,16,16,16,19,3,19,0.4329,0.4329,0.0000,8,1,0,0,recheck,0,still,0
1981,67,2,0,-1,11,1,3,0,13,0,0,13,0,0,0,0,0,0,0,13,13,13,0.6292,0.0000,0.0000,11,0,0,0,,0,hop,1
1981,130,1,1,505,18,2,4,0,14,0,1,0,14,0,0,2,5,5,5,19,16,21,0.5837,0.5837,0.0000,10,1,0,0,recheck,0,still,0
1981,138,2,0,-1,12,2,3,0,17,0,0,17,0,0,1,0,0,0,0,17,16,16,0.6680,0.0000,0.0000,12,0,0,0,,0,hop,1
1981,152,1,0,-1,1,0,1,1,0,0,0,0,0,0,0,0,0,0,0,0,0,0,0.0000,0.0000,0.0000,0,0,0,0,,0,pending,0
1982,3,2,1,1281,14,0,1,0,2,0,1,0,2,0,0,0,18,18,18,20,2,20,0.3726,0.3726,0.0000,7,1,0,0,recheck,0,still,0
1982,14,1,1,497,19,0,1,0,19,0,1,0,19,0,0,1,2,2,3,21,20,23,0.5910,0.5910,0.0000,9,1,0,0,recheck,0,still,0
1982,72,2,1,1285,17,0,1,0,2,0,1,0,2,0,0,0,20,20,20,22,2,22,0.3642,0.3642,0.0000,6,1,0,0,period_end,0,still,0
1982,113,1,1,1275,14,0,2,0,2,0,1,0,2,0,0,0,19,19,18,21,2,20,0.3797,0.3797,0.0000,8,1,0,0,recheck,0,still,0
1982,152,1,0,-1,1,0,1,1,0,0,0,0,0,0,0,0,0,0,0,0,0,0,0.0000,0.0000,0.0000,0,0,0,0,,0,hop,1
1983,151,1,1,447,21,1,2,0,19,0,1,0,19,0,0,1,6,6,4,25,20,24,0.5581,0.5581,0.0000,12,1,0,0,recheck,0,still,0
1984,13,2,1,404,19,0,1,0,20,0,1,0,20,0,0,0,4,4,5,24,20,25,0.6266,0.6266,0.0000,11,1,0,0,recheck,0,still,0
1984,79,1,1,415,17,1,2,0,11,0,1,0,11,0,0,0,8,8,9,19,11,20,0.5652,0.5652,0.0000,9,1,0,0,recheck,0,still,0
1984,90,1,1,335,19,0,2,1,21,0,1,13,8,0,0,0,1,1,1,22,21,22,0.6435,0.3387,0.0000,13,1,0,0,recheck,0,still,0
1984,126,2,1,351,18,0,1,1,13,0,1,0,13,0,2,0,11,11,11,24,11,22,0.3258,0.3258,0.0000,9,1,0,0,period_end,0,still,0
1985,11,1,1,1498,21,0,3,0,18,0,1,0,18,0,0,0,5,5,7,23,18,25,0.5541,0.5541,0.0000,9,1,0,0,recheck,0,still,0
1985,12,2,1,344,19,0,1,0,19,0,1,0,19,0,0,0,5,5,6,24,19,25,0.5534,0.5534,0.0000,10,1,0,0,recheck,0,still,0
1985,170,2,1,446,16,1,4,0,14,0,1,0,14,0,0,0,7,7,7,21,14,21,0.5124,0.5124,0.0000,9,1,0,0,recheck,0,still,0
1986,9,1,1,1336,18,0,1,0,14,0,1,0,14,0,0,0,10,10,10,24,14,24,0.5172,0.5172,0.0000,9,1,0,0,recheck,0,still,0
1986,51,1,1,332,18,0,4,0,13,0,1,0,13,0,1,0,9,9,9,22,12,21,0.5621,0.5621,0.0000,9,1,0,0,period_end,0,still,0
1986,58,1,1,449,15,0,2,0,13,0,1,4,9,0,0,0,9,9,9,22,13,22,0.5417,0.5417,0.0000,9,1,0,0,recheck,0,still,0
1986,71,2,0,-1,5,4,5,0,7,0,0,7,0,0,0,0,0,0,0,7,7,7,0.2982,0.0000,0.0000,6,0,0,0,,0,pending,0
1986,80,1,1,339,18,1,2,0,9,0,1,0,9,0,0,0,11,11,11,20,9,20,0.4975,0.4975,0.0000,8,1,0,0,recheck,0,still,0
1986,115,2,1,1468,14,0,1,0,4,0,1,0,4,0,0,0,18,18,17,22,4,21,0.2694,0.2694,0.0000,7,1,0,0,recheck,0,still,0
1986,119,1,1,1042,20,0,2,0,19,0,1,0,19,0,0,0,8,8,5,27,19,24,0.4712,0.4712,0.0000,11,1,0,0,recheck,0,still,0
1987,10,1,1,344,21,2,3,0,16,0,1,0,16,0,0,0,8,8,9,24,16,25,0.5541,0.5541,0.0000,9,1,0,0,recheck,0,still,0
1987,25,2,1,675,18,1,2,0,17,0,1,9,8,0,0,0,8,8,8,25,17,25,0.5476,0.4832,0.0000,11,1,0,0,recheck,0,still,0
1987,54,2,1,328,18,3,4,0,11,0,1,0,11,0,0,0,13,13,13,24,11,24,0.5744,0.5744,0.0000,11,1,0,0,recheck,0,still,0
1987,71,2,0,-1,5,4,5,0,7,0,0,7,0,0,0,0,0,0,0,7,7,7,0.2982,0.0000,0.0000,6,0,0,0,,0,hop,1
1987,141,2,1,262,17,0,1,0,16,0,1,0,16,0,0,0,6,6,6,22,16,22,0.5721,0.5721,0.0000,11,1,0,0,recheck,0,still,0
1987,183,1,1,439,19,0,1,0,19,0,1,0,19,0,2,0,5,5,5,24,17,22,0.5371,0.5371,0.0000,10,1,0,0,recheck,0,still,0
1988,76,3,1,413,20,0,1,0,19,0,1,0,19,0,0,0,5,5,5,24,19,24,0.5656,0.5656,0.0000,12,1,0,0,recheck,0,still,0
1988,84,1,1,383,18,1,2,0,14,0,1,2,12,0,0,0,11,11,11,25,14,25,0.6125,0.6125,0.0000,11,1,0,0,recheck,0,still,0
1988,92,1,1,40,16,3,4,0,19,0,0,19,0,0,0,1,0,0,0,19,20,20,0.5003,0.0000,0.0000,8,0,0,0,recheck,0,end_clear,1
1988,117,3,1,1448,16,0,1,0,16,0,1,0,16,0,0,0,12,12,12,28,16,28,0.4250,0.4250,0.0000,10,1,0,0,recheck,0,still,0
1988,132,1,1,224,18,0,3,0,19,0,1,18,1,0,0,2,0,0,0,19,21,21,0.7171,0.0717,0.0000,12,1,0,1,recheck,0,still,0
1989,2,1,1,1153,15,0,1,0,2,0,1,0,2,0,0,0,19,19,18,21,2,20,0.3775,0.3775,0.0000,6,1,0,0,recheck,0,still,0
1989,7,2,1,1354,16,0,2,0,11,0,1,0,11,0,0,0,13,13,13,24,11,24,0.4208,0.4208,0.0000,9,1,0,0,recheck,0,still,0
1989,47,2,1,443,20,0,1,0,19,0,1,0,19,0,0,0,3,3,4,22,19,23,0.6132,0.6132,0.0000,12,1,0,0,recheck,0,still,0
1991,44,1,1,1573,21,1,3,0,16,0,1,0,16,0,0,0,6,6,8,22,16,24,0.5115,0.5115,0.0000,9,1,0,0,recheck,0,still,0
1991,56,1,1,546,19,0,4,0,12,0,1,1,11,0,0,0,13,13,13,25,12,25,0.5426,0.5426,0.0000,10,1,0,0,recheck,0,still,0
1991,91,1,1,314,19,0,1,0,22,0,1,16,6,0,1,0,0,0,1,22,21,22,0.6239,0.1642,0.0000,13,1,0,0,period_end,0,still,0
1991,123,2,1,1219,13,0,3,0,0,0,1,0,0,0,0,0,19,19,19,19,0,19,0.3550,0.3550,0.0000,7,1,0,0,recheck,0,still,0
1991,140,1,1,464,20,0,1,0,19,0,1,0,19,0,0,0,4,4,4,23,19,23,0.6198,0.6198,0.0000,12,1,0,0,recheck,0,still,0
1991,154,2,1,1359,18,0,1,0,2,0,1,0,2,0,0,0,20,20,20,22,2,22,0.3717,0.3717,0.0000,10,1,0,0,recheck,0,still,0
1992,89,1,1,682,19,1,2,0,21,0,1,14,7,0,0,0,0,0,1,21,21,22,0.6794,0.3218,0.0000,12,1,0,0,period_end,0,still,0
1992,118,3,1,1497,22,0,1,0,19,0,1,0,19,0,0,0,8,8,8,27,19,27,0.4003,0.4003,0.0000,11,1,0,0,recheck,0,still,0
1992,157,2,1,1295,17,0,2,0,2,0,1,0,2,0,0,0,20,20,20,22,2,22,0.3241,0.3241,0.0000,7,1,0,0,recheck,0,still,0
1992,158,1,1,1249,16,1,2,0,1,0,1,0,1,0,0,0,19,19,18,20,1,19,0.2596,0.2596,0.0000,5,1,0,0,recheck,0,still,0
1992,168,1,1,624,17,0,1,1,16,0,1,3,13,0,2,0,12,12,10,28,14,24,0.3737,0.3737,0.0000,9,1,0,0,recheck,0,still,0
1992,189,1,1,1410,13,0,2,1,2,0,1,0,2,0,0,0,20,20,16,22,2,18,0.4353,0.4353,0.0000,10,1,0,0,recheck,0,still,0
1993,15,1,1,522,17,3,4,0,14,0,1,0,14,0,1,1,6,6,6,20,14,20,0.6158,0.6158,0.0000,10,1,0,0,recheck,0,still,0
1993,29,2,1,333,17,0,1,0,24,0,1,19,5,0,1,0,0,0,0,24,23,23,0.5014,0.0940,0.0000,10,0,1,0,recheck,0,end_clear,1
1993,51,1,1,339,18,0,4,0,13,0,1,0,13,0,1,0,9,9,9,22,12,21,0.5622,0.5622,0.0000,9,1,0,0,recheck,0,still,0
1993,128,1,1,402,17,0,1,0,14,0,1,2,12,0,2,0,13,13,12,27,12,24,0.4280,0.4280,0.0000,10,1,0,0,recheck,0,still,0
1994,26,3,1,488,18,0,2,0,22,0,1,14,8,0,0,0,1,1,1,23,22,23,0.5220,0.2030,0.0000,11,1,0,0,recheck,0,still,0
1994,86,1,1,543,19,0,2,0,17,0,1,9,8,0,0,0,5,5,6,22,17,23,0.5745,0.4308,0.0000,10,1,0,0,recheck,0,still,0
1994,88,1,1,257,18,0,1,0,22,0,1,14,8,0,0,0,0,0,1,22,22,23,0.6457,0.2870,0.0000,11,1,0,0,recheck,0,still,0
1994,146,2,1,1382,13,0,2,0,3,0,1,0,3,0,0,0,19,19,17,22,3,20,0.4024,0.4024,0.0000,11,1,0,0,recheck,0,still,0
1994,166,2,1,392,18,0,1,0,17,0,1,2,15,0,2,0,12,12,12,29,15,27,0.3739,0.3739,0.0000,10,1,0,0,recheck,0,still,0
1994,182,1,1,522,20,0,2,0,20,0,1,0,20,0,0,0,5,5,4,25,20,24,0.5232,0.5232,0.0000,13,1,0,0,recheck,0,still,0
1995,12,2,1,354,19,0,1,0,19,0,1,0,19,0,0,0,5,5,6,24,19,25,0.5534,0.5534,0.0000,10,1,0,0,period_end,0,still,0
1995,16,1,1,483,15,2,4,0,13,0,1,0,13,0,0,0,8,8,8,21,13,21,0.4991,0.4991,0.0000,8,1,0,0,recheck,0,still,0
1995,72,2,1,1298,17,0,1,0,2,0,1,0,2,0,0,0,20,20,20,22,2,22,0.3642,0.3642,0.0000,6,1,0,0,recheck,0,still,0
1995,114,1,1,1259,14,1,2,0,2,0,1,0,2,0,0,0,18,18,16,20,2,18,0.3228,0.3228,0.0000,7,1,0,0,recheck,0,still,0
1996,131,2,1,210,16,0,1,0,24,0,1,9,15,0,2,0,3,3,3,27,22,25,0.3467,0.2477,0.0000,10,1,0,0,recheck,0,still,0
1996,153,1,1,1323,16,0,2,0,2,0,1,0,2,0,0,0,19,19,18,21,2,20,0.2901,0.2901,0.0000,7,1,0,0,recheck,0,still,0
1996,169,1,1,419,18,1,2,0,17,0,1,0,17,0,0,0,2,2,3,19,17,20,0.6048,0.6048,0.0000,10,1,0,0,recheck,0,still,0
1996,194,1,1,1052,21,1,2,0,19,0,1,0,19,0,0,0,9,9,6,28,19,25,0.4886,0.4886,0.0000,13,1,0,0,recheck,0,still,0
1997,28,2,1,204,18,0,2,0,24,0,1,17,7,0,1,0,0,0,0,24,23,23,0.5529,0.1229,0.0000,11,1,0,0,recheck,0,still,0
1997,80,1,1,350,18,1,2,0,13,0,1,0,13,0,0,0,7,7,7,20,13,20,0.4974,0.4974,0.0000,8,1,0,0,period_end,0,still,0
1997,142,2,1,347,18,0,2,0,17,0,1,0,17,0,0,2,5,5,5,22,19,24,0.6629,0.6629,0.0000,12,1,0,0,recheck,0,still,0
1997,159,1,1,1243,9,2,3,0,0,0,1,0,0,0,0,0,12,12,12,12,0,12,0.1742,0.1742,0.0000,3,1,0,0,recheck,0,still,0
1998,35,2,1,1148,17,0,1,0,2,0,1,0,2,0,0,0,19,19,20,21,2,22,0.3900,0.3900,0.0000,7,1,0,0,recheck,0,still,0
1998,77,3,1,458,16,3,4,0,16,0,1,0,16,0,0,0,8,8,8,24,16,24,0.5845,0.5845,0.0000,13,1,0,0,recheck,0,still,0
1998,116,2,1,1279,15,0,1,0,10,0,1,0,10,0,0,0,16,16,15,26,10,25,0.3504,0.3504,0.0000,9,1,0,0,recheck,0,still,0
1998,143,1,1,244,18,1,3,0,22,0,1,20,2,0,1,1,0,0,0,22,22,22,0.7125,0.0679,0.0000,13,0,1,1,recheck,0,still,0
1999,3,2,1,1298,14,0,1,0,2,0,1,0,2,0,0,0,18,18,18,20,2,20,0.3726,0.3726,0.0000,7,1,0,0,period_end,0,still,0
1999,55,2,1,416,20,1,4,0,18,0,1,2,16,0,0,0,7,7,7,25,18,25,0.6165,0.6165,0.0000,13,1,0,0,recheck,0,still,0
1999,163,1,1,331,17,0,1,1,17,0,1,0,17,0,3,0,7,7,7,24,14,21,0.4063,0.4063,0.0000,8,1,0,0,period_end,0,still,0
2000,83,2,1,96,17,0,2,0,21,0,1,6,15,0,0,0,4,4,4,25,21,25,0.5031,0.4402,0.0000,10,1,0,0,recheck,0,still,0
2000,149,1,1,1351,19,0,1,0,16,0,1,0,16,0,0,0,11,11,10,27,16,26,0.4407,0.4407,0.0000,8,1,0,0,period_end,0,still,0
2000,188,1,1,1367,15,1,2,0,2,0,1,0,2,0,0,0,21,21,18,23,2,20,0.3243,0.3243,0.0000,9,1,0,0,recheck,0,still,0
2001,21,2,1,563,18,2,4,0,17,0,1,1,16,0,0,0,8,8,8,25,17,25,0.5855,0.5855,0.0000,12,1,0,0,recheck,0,still,0
2001,90,1,1,352,19,0,2,1,22,0,1,15,7,0,0,0,0,0,0,22,22,22,0.6442,0.2373,0.0000,13,1,0,0,period_end,0,still,0
2001,145,1,1,1409,14,1,2,0,2,0,1,0,2,0,0,0,19,19,17,21,2,19,0.4390,0.4390,0.0000,9,1,0,0,recheck,0,still,0
2002,23,2,1,507,16,1,2,0,21,0,1,7,14,0,0,0,3,3,3,24,21,24,0.5151,0.4507,0.0000,10,1,0,0,recheck,0,still,0
2002,161,2,1,512,17,0,1,0,17,0,1,0,17,0,1,0,8,8,8,25,16,24,0.3780,0.3780,0.0000,9,1,0,0,recheck,0,still,0
2003,4,2,1,1369,15,0,1,0,2,0,1,0,2,0,0,0,18,18,18,20,2,20,0.3714,0.3714,0.0000,8,1,0,0,recheck,0,still,0
2003,171,1,1,436,19,0,1,0,26,0,1,12,14,0,3,0,2,2,2,28,23,25,0.4514,0.3186,0.0000,13,1,0,0,recheck,0,still,0
2004,49,2,1,418,15,0,4,0,14,0,1,0,14,0,0,0,7,7,7,21,14,21,0.5730,0.5730,0.0000,10,1,0,0,recheck,0,still,0
2004,62,2,1,205,19,1,2,0,22,0,1,19,3,0,0,2,0,0,0,22,24,24,0.6718,0.0960,0.0000,14,1,0,0,recheck,0,still,0
2005,68,3,1,1098,15,1,2,0,2,0,1,0,2,0,0,0,19,19,19,21,2,21,0.3583,0.3583,0.0000,7,1,0,0,recheck,0,still,0
2005,139,1,1,320,19,0,1,1,18,0,1,0,18,0,1,0,5,5,4,23,17,21,0.5304,0.5304,0.0000,12,1,0,0,recheck,0,still,0
2005,177,1,1,45,18,2,3,0,19,0,1,19,0,0,0,2,0,0,0,19,21,21,0.5682,0.0000,0.0000,10,0,0,0,recheck,0,end_clear,1
2006,57,1,1,637,20,0,1,0,20,0,1,4,16,0,0,0,5,5,5,25,20,25,0.6153,0.6153,0.0000,11,1,0,0,recheck,0,still,0
2006,127,1,1,383,19,0,2,1,20,0,1,0,20,0,3,0,5,5,5,25,17,22,0.4309,0.4309,0.0000,10,1,0,0,recheck,0,still,0
2006,135,1,1,625,18,0,1,0,25,0,1,13,12,0,4,0,1,1,1,26,21,22,0.4239,0.2120,0.0000,11,1,0,0,recheck,0,still,0
2006,176,1,1,255,19,0,1,1,25,0,1,15,10,0,3,0,0,0,0,25,22,22,0.4496,0.1587,0.0000,11,1,0,0,recheck,0,still,0
2007,89,1,1,697,19,1,2,0,21,0,1,16,5,0,0,1,0,0,0,21,22,22,0.6809,0.2508,0.0000,12,1,0,0,recheck,0,still,0
2008,1,2,1,1265,18,0,2,0,2,0,1,0,2,0,0,0,19,19,19,21,2,21,0.3623,0.3623,0.0000,7,1,0,0,recheck,0,still,0
2008,87,1,1,650,19,1,2,0,22,0,1,13,9,0,0,0,1,1,2,23,22,24,0.6693,0.3875,0.0000,11,1,0,0,recheck,0,still,0
2008,165,1,1,371,18,1,2,0,19,0,1,0,19,0,3,0,5,5,5,24,16,21,0.4224,0.4224,0.0000,11,1,0,0,recheck,0,still,0
2008,195,1,1,1363,17,1,2,0,2,0,1,0,2,0,0,0,20,20,18,22,2,20,0.3706,0.3706,0.0000,10,1,0,0,recheck,0,still,0
2009,8,2,1,1177,15,0,1,0,13,0,1,0,13,0,0,0,12,12,12,25,13,25,0.3957,0.3957,0.0000,9,1,0,0,recheck,0,still,0
2009,19,3,1,485,18,0,2,0,19,0,1,1,18,0,0,0,6,6,6,25,19,25,0.6186,0.6186,0.0000,13,1,0,0,recheck,0,still,0
2009,91,1,1,332,19,0,1,0,24,0,1,20,4,0,1,1,0,0,0,24,24,24,0.6239,0.1314,0.0000,13,1,0,0,recheck,0,still,0
2009,199,1,1,1299,12,1,3,0,0,0,1,0,0,0,0,0,14,14,14,14,0,14,0.2621,0.2621,0.0000,4,1,0,0,recheck,0,still,0
2010,5,2,1,1378,15,0,1,0,3,0,1,0,3,0,0,0,18,18,18,21,3,21,0.4003,0.4003,0.0000,9,1,0,0,recheck,0,still,0
2010,6,2,1,1379,14,1,2,0,9,0,1,0,9,0,0,0,15,15,15,24,9,24,0.4231,0.4231,0.0000,9,1,0,0,recheck,0,still,0
2010,17,3,1,566,17,0,2,0,17,0,1,0,17,0,0,0,5,5,5,22,17,22,0.5306,0.5306,0.0000,11,1,0,0,recheck,0,still,0
2010,50,1,1,434,18,1,4,0,15,0,1,0,15,0,0,0,5,5,5,20,15,20,0.5835,0.5835,0.0000,9,1,0,0,recheck,0,still,0
2010,126,2,1,377,18,0,1,1,19,0,1,0,19,0,2,0,5,5,5,24,17,22,0.3258,0.3258,0.0000,9,1,0,0,recheck,0,still,0
2010,149,1,1,1361,19,0,1,0,14,0,1,0,14,0,0,0,13,13,12,27,14,26,0.4407,0.4407,0.0000,8,1,0,0,recheck,0,still,0
2010,163,1,1,342,17,0,1,1,18,0,1,0,18,0,2,0,6,6,5,24,16,21,0.4063,0.4063,0.0000,8,1,0,0,recheck,0,still,0
2011,40,1,1,1278,13,0,1,0,2,0,1,0,2,0,0,0,17,17,17,19,2,19,0.4329,0.4329,0.0000,8,1,0,0,recheck,0,still,0
2011,130,1,1,535,18,2,4,0,14,0,1,0,14,0,0,2,5,5,5,19,16,21,0.5838,0.5838,0.0000,10,1,0,0,recheck,0,still,0
2012,3,2,1,1311,14,0,1,0,2,0,1,0,2,0,0,0,18,18,18,20,2,20,0.3726,0.3726,0.0000,7,1,0,0,recheck,0,still,0
2012,14,1,1,527,19,0,1,0,18,0,1,0,18,0,0,1,3,3,4,21,19,23,0.5910,0.5910,0.0000,9,1,0,0,recheck,0,still,0
2012,113,1,1,1305,14,0,2,0,2,0,1,0,2,0,0,0,19,19,18,21,2,20,0.3797,0.3797,0.0000,8,1,0,0,recheck,0,still,0
2012,144,2,0,-1,3,1,6,0,3,0,0,3,0,0,0,0,0,0,0,3,3,3,0.1628,0.0000,0.0000,3,0,0,0,,0,hop,1
2013,151,1,1,477,21,1,2,0,18,0,1,0,18,0,0,1,7,7,5,25,19,24,0.5581,0.5581,0.0000,12,1,0,0,recheck,0,still,0
2014,13,2,1,434,19,1,2,0,19,0,1,0,19,0,0,0,5,5,6,24,19,25,0.6266,0.6266,0.0000,11,1,0,0,recheck,0,still,0
2014,79,1,1,445,17,1,2,0,14,0,1,0,14,0,0,0,5,5,6,19,14,20,0.5652,0.5652,0.0000,9,1,0,0,recheck,0,still,0
2014,90,1,1,365,19,0,2,1,22,0,1,16,6,0,0,0,0,0,0,22,22,22,0.6455,0.2038,0.0000,13,1,0,0,recheck,0,still,0
2014,135,1,1,633,18,0,1,0,25,0,1,13,12,0,4,0,1,1,1,26,21,22,0.4239,0.2120,0.0000,11,1,0,0,period_end,0,still,0
2015,11,1,1,1528,21,0,3,0,16,0,1,0,16,0,0,0,7,7,9,23,16,25,0.5541,0.5541,0.0000,9,1,0,0,recheck,0,still,0
2015,12,2,1,374,19,0,1,0,18,0,1,0,18,0,0,0,6,6,7,24,18,25,0.5534,0.5534,0.0000,10,1,0,0,recheck,0,still,0
2015,170,2,1,476,16,1,4,0,15,0,1,0,15,0,0,0,6,6,6,21,15,21,0.5131,0.5131,0.0000,9,1,0,0,recheck,0,still,0
2016,9,1,1,1366,18,0,1,0,13,0,1,0,13,0,0,0,11,11,11,24,13,24,0.5172,0.5172,0.0000,9,1,0,0,recheck,0,still,0
2016,58,1,1,479,15,0,2,0,19,0,1,7,12,0,0,0,3,3,3,22,19,22,0.5414,0.4692,0.0000,9,1,0,0,recheck,0,still,0
2016,80,1,1,369,18,1,2,0,15,0,1,0,15,0,0,0,5,5,5,20,15,20,0.4973,0.4973,0.0000,8,1,0,0,recheck,0,still,0
2016,103,1,0,-1,2,0,1,1,2,0,0,2,0,0,0,0,0,0,0,2,2,2,0.1450,0.0000,0.0000,2,0,0,0,,0,pending,0
2016,115,2,1,1498,14,0,1,0,3,0,1,0,3,0,0,0,19,19,18,22,3,21,0.2694,0.2694,0.0000,7,1,0,0,recheck,0,still,0
2016,119,1,1,1072,20,0,2,0,18,0,1,0,18,0,0,0,9,9,6,27,18,24,0.4712,0.4712,0.0000,11,1,0,0,recheck,0,still,0
2017,10,1,1,374,21,2,3,0,14,0,1,0,14,0,0,0,10,10,11,24,14,25,0.5541,0.5541,0.0000,9,1,0,0,recheck,0,still,0
2017,25,2,1,705,18,1,2,0,22,0,1,11,11,0,0,0,2,2,2,24,22,24,0.5147,0.3860,0.0000,10,1,0,0,recheck,0,still,0
2017,54,2,1,358,18,3,4,0,19,0,1,1,18,0,0,0,5,5,5,24,19,24,0.5741,0.5741,0.0000,11,1,0,0,recheck,0,still,0
2017,87,1,1,659,19,1,2,0,22,0,1,13,9,0,0,0,1,1,2,23,22,24,0.6693,0.3875,0.0000,11,1,0,0,period_end,0,still,0
2017,103,1,0,-1,2,0,1,1,2,0,0,2,0,0,0,0,0,0,0,2,2,2,0.1450,0.0000,0.0000,2,0,0,0,,0,hop,1
2017,141,2,1,292,17,0,1,0,17,0,1,0,17,0,0,0,5,5,5,22,17,22,0.5728,0.5728,0.0000,11,1,0,0,recheck,0,still,0
2017,183,1,1,469,19,0,1,0,19,0,1,0,19,0,2,0,5,5,5,24,17,22,0.4788,0.4788,0.0000,9,1,0,0,recheck,0,still,0
2018,76,3,1,443,20,0,1,0,19,0,1,0,19,0,0,0,5,5,5,24,19,24,0.5656,0.5656,0.0000,12,1,0,0,recheck,0,still,0
2018,84,1,1,413,18,1,2,0,21,0,1,5,16,0,1,0,4,4,5,25,20,25,0.6107,0.6107,0.0000,11,1,0,0,recheck,0,still,0
2018,117,3,1,1478,16,0,1,0,14,0,1,0,14,0,0,0,14,14,14,28,14,28,0.4250,0.4250,0.0000,10,1,0,0,recheck,0,still,0
2018,132,1,1,254,18,0,2,0,20,0,1,20,0,0,0,2,0,0,0,20,22,22,0.7168,0.0000,0.0000,12,0,0,1,recheck,0,still,0
2019,2,1,1,1183,15,0,1,0,2,0,1,0,2,0,0,0,19,19,18,21,2,20,0.3775,0.3775,0.0000,6,1,0,0,recheck,0,still,0
2019,7,2,1,1384,15,0,2,0,10,0,1,0,10,0,0,0,14,14,14,24,10,24,0.4208,0.4208,0.0000,9,1,0,0,recheck,0,still,0
2019,47,2,1,473,20,0,2,0,18,0,1,0,18,0,0,0,4,4,5,22,18,23,0.6128,0.6128,0.0000,12,1,0,0,recheck,0,still,0
2021,44,1,1,1603,21,1,3,0,14,0,1,0,14,0,0,0,8,8,10,22,14,24,0.5115,0.5115,0.0000,9,1,0,0,recheck,0,still,0
2021,56,1,1,576,19,0,4,0,19,0,1,2,17,0,0,0,6,6,6,25,19,25,0.5424,0.5424,0.0000,10,1,0,0,recheck,0,still,0
2021,123,2,1,1249,13,0,3,0,0,0,1,0,0,0,0,0,19,19,19,19,0,19,0.3550,0.3550,0.0000,7,1,0,0,recheck,0,still,0
2021,140,1,1,494,20,0,1,0,18,0,1,0,18,0,0,0,5,5,5,23,18,23,0.6232,0.6232,0.0000,12,1,0,0,recheck,0,still,0
2021,154,2,1,1389,18,0,1,0,2,0,1,0,2,0,0,0,20,20,20,22,2,22,0.3717,0.3717,0.0000,10,1,0,0,recheck,0,still,0
2022,118,3,1,1527,22,0,1,0,18,0,1,0,18,0,0,0,9,9,9,27,18,27,0.4003,0.4003,0.0000,11,1,0,0,recheck,0,still,0
2022,157,2,1,1325,17,0,2,0,2,0,1,0,2,0,0,0,20,20,20,22,2,22,0.3241,0.3241,0.0000,7,1,0,0,recheck,0,still,0
2022,158,1,1,1279,16,1,2,0,1,0,1,0,1,0,0,0,19,19,18,20,1,19,0.2596,0.2596,0.0000,5,1,0,0,recheck,0,still,0
2022,168,1,1,654,17,0,1,1,24,0,1,5,19,0,4,0,4,4,4,28,20,24,0.3737,0.3737,0.0000,9,1,0,0,recheck,0,still,0
2022,189,1,1,1440,13,0,2,1,2,0,1,0,2,0,0,0,20,20,16,22,2,18,0.4353,0.4353,0.0000,10,1,0,0,recheck,0,still,0
2023,15,1,1,552,17,3,4,0,15,0,1,0,15,0,1,1,5,5,5,20,15,20,0.6114,0.6114,0.0000,10,1,0,0,recheck,0,still,0
2023,51,1,1,369,18,0,4,0,16,0,1,0,16,0,1,0,6,6,6,22,15,21,0.5618,0.5618,0.0000,9,1,0,0,recheck,0,still,0
2023,128,1,1,432,17,0,1,0,22,0,1,2,20,0,3,0,5,5,5,27,19,24,0.4012,0.4012,0.0000,9,1,0,0,recheck,0,still,0
2024,26,3,1,518,18,0,2,0,24,0,1,16,8,0,0,0,0,0,0,24,24,24,0.5822,0.2038,0.0000,12,1,0,0,recheck,0,still,0
2024,86,1,1,573,19,0,2,0,20,0,1,10,10,0,0,0,2,2,3,22,20,23,0.5751,0.4313,0.0000,10,1,0,0,recheck,0,still,0
2024,88,1,1,287,18,0,1,0,22,0,1,15,7,0,0,0,0,0,1,22,22,23,0.6454,0.2868,0.0000,11,1,0,0,recheck,0,still,0
2024,146,2,1,1412,13,0,2,0,2,0,1,0,2,0,0,0,20,20,18,22,2,20,0.4024,0.4024,0.0000,11,1,0,0,recheck,0,still,0
2024,166,2,1,422,18,0,1,0,23,0,1,2,21,0,2,0,6,6,6,29,21,27,0.3739,0.3739,0.0000,10,1,0,0,recheck,0,still,0
2024,182,1,1,552,20,0,2,0,19,0,1,0,19,0,0,0,6,6,5,25,19,24,0.5245,0.5245,0.0000,13,1,0,0,recheck,0,still,0
2025,16,1,1,513,15,2,4,0,15,0,1,0,15,0,0,0,6,6,6,21,15,21,0.4991,0.4991,0.0000,8,1,0,0,recheck,0,still,0
2025,72,2,1,1328,17,0,1,0,2,0,1,0,2,0,0,0,20,20,20,22,2,22,0.3642,0.3642,0.0000,6,1,0,0,recheck,0,still,0
2025,114,1,1,1289,14,1,2,0,2,0,1,0,2,0,0,0,18,18,16,20,2,18,0.3228,0.3228,0.0000,7,1,0,0,recheck,0,still,0
2026,116,2,1,1307,15,0,1,0,9,0,1,0,9,0,0,0,17,17,16,26,9,25,0.3504,0.3504,0.0000,9,1,0,0,period_end,0,still,0
2026,131,2,1,240,16,0,1,0,24,0,1,10,14,0,2,0,3,3,3,27,22,25,0.4210,0.3220,0.0000,11,1,0,0,recheck,0,still,0
2026,153,1,1,1353,16,0,2,0,2,0,1,0,2,0,0,0,19,19,18,21,2,20,0.2901,0.2901,0.0000,7,1,0,0,recheck,0,still,0
2026,169,1,1,449,19,1,2,0,16,0,1,0,16,0,0,1,3,3,4,19,17,21,0.6042,0.6042,0.0000,10,1,0,0,recheck,0,still,0
2026,194,1,1,1082,21,1,2,0,18,0,1,0,18,0,0,0,10,10,7,28,18,25,0.4886,0.4886,0.0000,13,1,0,0,recheck,0,still,0
2027,28,2,1,234,18,0,2,0,25,0,1,19,6,0,1,0,0,0,0,25,24,24,0.6207,0.1241,0.0000,12,1,0,0,recheck,0,still,0
2027,142,2,1,377,18,0,2,0,18,0,1,0,18,0,0,1,5,5,5,23,19,24,0.6629,0.6629,0.0000,12,1,0,0,recheck,0,still,0
2027,159,1,1,1273,9,2,3,0,0,0,1,0,0,0,0,0,12,12,12,12,0,12,0.1742,0.1742,0.0000,3,1,0,0,recheck,0,still,0
2028,35,2,1,1178,17,0,1,0,2,0,1,0,2,0,0,0,19,19,20,21,2,22,0.3900,0.3900,0.0000,7,1,0,0,recheck,0,still,0
2028,77,3,1,488,16,3,4,0,17,0,1,0,17,0,0,0,7,7,7,24,17,24,0.5551,0.5551,0.0000,12,1,0,0,recheck,0,still,0
2028,116,2,1,1309,15,0,1,0,9,0,1,0,9,0,0,0,17,17,16,26,9,25,0.3504,0.3504,0.0000,9,1,0,0,recheck,0,still,0
2028,143,1,1,274,18,1,3,0,22,0,1,21,1,0,1,1,0,0,0,22,22,22,0.7138,0.0340,0.0000,13,0,1,1,recheck,0,still,0
2029,55,2,1,446,20,1,4,0,20,0,1,2,18,0,0,0,5,5,5,25,20,25,0.6155,0.6155,0.0000,13,1,0,0,recheck,0,still,0
2030,83,2,1,126,17,0,2,0,21,0,1,7,14,0,0,0,4,4,4,25,21,25,0.5037,0.4408,0.0000,10,1,0,0,recheck,0,still,0
2030,188,1,1,1397,15,1,2,0,2,0,1,0,2,0,0,0,21,21,18,23,2,20,0.3243,0.3243,0.0000,9,1,0,0,recheck,0,still,0
2031,21,2,1,593,18,2,4,0,18,0,1,1,17,0,0,0,6,6,6,24,18,24,0.5839,0.5839,0.0000,12,1,0,0,recheck,0,still,0
2031,145,1,1,1439,14,1,2,0,2,0,1,0,2,0,0,0,19,19,17,21,2,19,0.4390,0.4390,0.0000,9,1,0,0,recheck,0,still,0
2032,23,2,1,537,16,1,2,0,21,0,1,8,13,0,0,0,3,3,3,24,21,24,0.5166,0.4520,0.0000,10,1,0,0,recheck,0,still,0
2032,139,1,1,347,19,0,1,1,18,0,1,0,18,0,1,0,5,5,4,23,17,21,0.5304,0.5304,0.0000,12,1,0,0,period_end,0,still,0
2032,161,2,1,542,17,0,1,0,17,0,1,0,17,0,1,0,7,7,7,24,16,23,0.3780,0.3780,0.0000,9,1,0,0,recheck,0,still,0
2033,4,2,1,1399,15,0,1,0,2,0,1,0,2,0,0,0,18,18,18,20,2,20,0.3714,0.3714,0.0000,8,1,0,0,recheck,0,still,0
2033,171,1,1,466,19,0,1,0,26,0,1,13,13,0,3,0,2,2,2,28,23,25,0.4514,0.3186,0.0000,13,1,0,0,recheck,0,still,0
2034,49,2,1,448,15,0,4,0,13,0,1,0,13,0,0,0,8,8,8,21,13,21,0.5729,0.5729,0.0000,10,1,0,0,recheck,0,still,0
2034,62,2,1,235,19,1,2,0,23,0,1,21,2,0,0,2,0,0,0,23,25,25,0.6720,0.0640,0.0000,14,0,1,0,recheck,0,end_clear,1
2034,66,1,0,-1,11,0,3,0,13,0,0,13,0,0,0,0,0,0,0,13,13,13,0.5507,0.0000,0.0000,8,0,0,0,,0,pending,0
2035,66,1,0,-1,11,0,3,0,13,0,0,13,0,0,0,0,0,0,0,13,13,13,0.5508,0.0000,0.0000,8,0,0,0,,0,hop,1
2035,68,3,1,1128,15,1,2,0,2,0,1,0,2,0,0,0,19,19,19,21,2,21,0.3583,0.3583,0.0000,7,1,0,0,recheck,0,still,0
2035,139,1,1,350,19,0,1,1,18,0,1,0,18,0,1,0,5,5,4,23,17,21,0.5304,0.5304,0.0000,12,1,0,0,recheck,0,still,0
2036,57,1,1,667,20,0,1,0,20,0,1,5,15,0,0,0,5,5,5,25,20,25,0.6149,0.6149,0.0000,11,1,0,0,recheck,0,still,0
2036,127,1,1,413,19,0,2,1,18,0,1,0,18,0,3,0,7,7,7,25,15,22,0.4309,0.4309,0.0000,10,1,0,0,recheck,0,still,0
2036,135,1,1,655,18,0,1,0,26,0,1,15,11,0,4,0,1,1,1,27,22,23,0.4239,0.1590,0.0000,11,1,0,0,recheck,0,still,0
2036,176,1,1,285,19,0,1,1,26,0,1,17,9,0,3,0,0,0,0,26,23,23,0.4496,0.1058,0.0000,11,1,0,0,recheck,0,still,0
2037,89,1,1,727,19,1,2,0,22,0,1,18,4,0,0,1,0,0,0,22,23,23,0.6808,0.1792,0.0000,12,1,0,0,recheck,0,still,0
2038,1,2,1,1295,18,0,2,0,2,0,1,0,2,0,0,0,19,19,19,21,2,21,0.3623,0.3623,0.0000,7,1,0,0,recheck,0,still,0
2038,87,1,1,680,19,1,2,0,22,0,1,14,8,0,0,0,1,1,2,23,22,24,0.6693,0.3170,0.0000,11,1,0,0,recheck,0,still,0
2038,165,1,1,401,18,1,2,0,17,0,1,0,17,0,3,0,7,7,7,24,14,21,0.4224,0.4224,0.0000,11,1,0,0,recheck,0,still,0
2038,195,1,1,1393,17,1,2,0,2,0,1,0,2,0,0,0,20,20,18,22,2,20,0.3706,0.3706,0.0000,10,1,0,0,recheck,0,still,0
2039,8,2,1,1207,15,0,1,0,13,0,1,0,13,0,0,0,12,12,12,25,13,25,0.3957,0.3957,0.0000,9,1,0,0,recheck,0,still,0
2039,19,3,1,515,18,0,2,0,17,0,1,2,15,0,0,0,8,8,8,25,17,25,0.6178,0.6178,0.0000,13,1,0,0,recheck,0,still,0
2039,65,2,0,-1,13,0,1,0,16,0,0,16,0,0,0,0,0,0,0,16,16,16,0.6275,0.0000,0.0000,11,0,0,0,,0,hop,1
2039,91,1,1,362,19,0,1,0,24,0,1,21,3,0,1,1,0,0,0,24,24,24,0.6202,0.0653,0.0000,13,1,0,0,recheck,0,still,0
2039,199,1,1,1329,12,1,3,0,0,0,1,0,0,0,0,0,14,14,14,14,0,14,0.2621,0.2621,0.0000,4,1,0,0,recheck,0,still,0
2040,5,2,1,1408,15,0,1,0,3,0,1,0,3,0,0,0,18,18,18,21,3,21,0.4003,0.4003,0.0000,9,1,0,0,recheck,0,still,0
2040,6,2,1,1409,14,1,2,0,9,0,1,0,9,0,0,0,15,15,15,24,9,24,0.4231,0.4231,0.0000,9,1,0,0,recheck,0,still,0
2040,17,3,1,596,17,0,2,0,15,0,1,0,15,0,0,0,7,7,7,22,15,22,0.5299,0.5299,0.0000,11,1,0,0,recheck,0,still,0
2040,50,1,1,464,18,1,4,0,13,0,1,0,13,0,0,0,7,7,7,20,13,20,0.5830,0.5830,0.0000,9,1,0,0,recheck,0,still,0
2040,126,2,1,407,18,0,1,1,17,0,1,0,17,0,2,0,7,7,7,24,15,22,0.3258,0.3258,0.0000,9,1,0,0,recheck,0,still,0
2040,149,1,1,1391,19,0,1,0,14,0,1,0,14,0,0,0,13,13,12,27,14,26,0.4407,0.4407,0.0000,8,1,0,0,recheck,0,still,0
2040,158,1,1,1297,16,1,2,0,1,0,1,0,1,0,0,0,19,19,18,20,1,19,0.2596,0.2596,0.0000,5,1,0,0,period_end,0,still,0
2040,163,1,1,372,17,0,1,1,16,0,1,0,16,0,2,0,8,8,7,24,14,21,0.4063,0.4063,0.0000,8,1,0,0,recheck,0,still,0
2041,40,1,1,1308,13,0,1,0,2,0,1,0,2,0,0,0,17,17,17,19,2,19,0.4329,0.4329,0.0000,8,1,0,0,recheck,0,still,0
2041,130,1,1,565,18,2,4,0,14,0,1,0,14,0,0,1,6,6,6,20,15,21,0.6570,0.6570,0.0000,11,1,0,0,recheck,0,still,0
2042,3,2,1,1341,14,0,1,0,2,0,1,0,2,0,0,0,18,18,18,20,2,20,0.3726,0.3726,0.0000,7,1,0,0,recheck,0,still,0
2042,14,1,1,557,19,0,1,0,19,0,1,0,19,0,1,1,3,3,4,22,19,23,0.5910,0.5910,0.0000,9,1,0,0,recheck,0,still,0
2042,113,1,1,1335,14,0,2,0,2,0,1,0,2,0,0,0,19,19,18,21,2,20,0.3797,0.3797,0.0000,8,1,0,0,recheck,0,still,0
2042,168,1,1,674,17,0,1,1,22,0,1,6,16,0,2,0,6,6,4,28,20,24,0.3737,0.3737,0.0000,9,1,0,0,period_end,0,still,0
2043,33,3,0,-1,8,2,4,0,10,0,0,10,0,0,0,0,0,0,0,10,10,10,0.3297,0.0000,0.0000,7,0,0,0,,0,hop,1
2043,57,1,1,674,20,0,1,0,20,0,1,5,15,0,0,0,5,5,5,25,20,25,0.6149,0.6149,0.0000,11,1,0,0,period_end,0,still,0
2043,88,1,1,306,18,0,1,0,23,0,1,17,6,0,0,0,0,0,1,23,23,24,0.6454,0.2151,0.0000,11,1,0,0,period_end,0,still,0
2043,151,1,1,507,21,1,2,0,18,0,1,0,18,0,0,1,7,7,5,25,19,24,0.5581,0.5581,0.0000,12,1,0,0,recheck,0,still,0
2044,5,2,1,1412,15,0,1,0,2,0,1,0,2,0,0,0,19,19,19,21,2,21,0.4003,0.4003,0.0000,9,1,0,0,period_end,0,still,0
2044,13,2,1,464,19,1,2,0,18,0,1,0,18,0,0,0,6,6,7,24,18,25,0.6266,0.6266,0.0000,11,1,0,0,recheck,0,still,0
2044,79,1,1,475,17,1,2,0,12,0,1,0,12,0,0,0,7,7,8,19,12,20,0.5651,0.5651,0.0000,9,1,0,0,recheck,0,still,0
2044,90,1,1,395,17,0,2,1,23,0,1,18,5,0,2,0,0,0,0,23,21,21,0.6455,0.1359,0.0000,13,1,0,0,recheck,0,still,0
2044,114,1,1,1308,14,1,2,0,1,0,1,0,1,0,0,0,19,19,17,20,1,18,0.3228,0.3228,0.0000,7,1,0,0,period_end,0,still,0
2045,11,1,1,1558,21,0,3,0,15,0,1,0,15,0,0,0,8,8,10,23,15,25,0.5541,0.5541,0.0000,9,1,0,0,recheck,0,still,0
2045,12,2,1,404,19,0,1,0,17,0,1,0,17,0,0,0,7,7,8,24,17,25,0.5534,0.5534,0.0000,10,1,0,0,recheck,0,still,0
2045,170,2,1,506,16,1,4,0,12,0,1,0,12,0,0,0,8,8,8,20,12,20,0.5138,0.5138,0.0000,9,1,0,0,recheck,0,still,0
2045,199,1,1,1335,12,1,3,0,0,0,1,0,0,0,0,0,14,14,14,14,0,14,0.2621,0.2621,0.0000,4,1,0,0,period_end,0,still,0
2046,9,1,1,1396,18,0,1,0,12,0,1,0,12,0,0,0,12,12,12,24,12,24,0.5172,0.5172,0.0000,9,1,0,0,recheck,0,still,0
2046,58,1,1,509,15,0,2,0,19,0,1,9,10,0,0,0,4,4,4,23,19,23,0.5414,0.3971,0.0000,9,1,0,0,recheck,0,still,0
2046,80,1,1,399,18,1,2,0,12,0,1,0,12,0,0,0,8,8,8,20,12,20,0.4973,0.4973,0.0000,8,1,0,0,recheck,0,still,0
2046,115,2,1,1528,14,0,1,0,2,0,1,0,2,0,0,0,20,20,19,22,2,21,0.2694,0.2694,0.0000,7,1,0,0,recheck,0,still,0
2046,119,1,1,1102,20,0,2,0,17,0,1,0,17,0,0,0,10,10,7,27,17,24,0.4712,0.4712,0.0000,11,1,0,0,recheck,0,still,0
2047,10,1,1,404,21,2,3,0,13,0,1,0,13,0,0,0,11,11,12,24,13,25,0.5541,0.5541,0.0000,9,1,0,0,recheck,0,still,0
2047,25,2,1,735,18,1,2,0,22,0,1,12,10,0,0,0,2,2,2,24,22,24,0.5153,0.3221,0.0000,10,1,0,0,recheck,0,still,0
2047,54,2,1,388,18,3,4,0,17,0,1,2,15,0,0,0,7,7,7,24,17,24,0.5743,0.5743,0.0000,11,1,0,0,recheck,0,still,0
2047,141,2,1,322,17,0,1,0,15,0,1,0,15,0,0,0,7,7,7,22,15,22,0.5729,0.5729,0.0000,11,1,0,0,recheck,0,still,0
2047,183,1,1,499,19,0,1,0,18,0,1,0,18,0,2,0,6,6,6,24,16,22,0.4801,0.4801,0.0000,9,1,0,0,recheck,0,still,0
2048,76,3,1,473,19,0,1,0,18,0,1,0,18,0,0,0,6,6,6,24,18,24,0.5656,0.5656,0.0000,12,1,0,0,recheck,0,still,0
2048,84,1,1,443,18,1,2,0,20,0,1,6,14,0,0,0,5,5,5,25,20,25,0.6108,0.6108,0.0000,11,1,0,0,recheck,0,still,0
2048,117,3,1,1508,16,0,1,0,13,0,1,0,13,0,0,0,15,15,15,28,13,28,0.4250,0.4250,0.0000,10,1,0,0,recheck,0,still,0
2048,132,1,1,284,18,0,3,0,20,0,1,20,0,0,0,2,0,0,0,20,22,22,0.7169,0.0000,0.0000,12,0,0,1,recheck,0,still,0
2049,2,1,1,1213,15,0,1,0,2,0,1,0,2,0,0,0,19,19,18,21,2,20,0.3775,0.3775,0.0000,6,1,0,0,recheck,0,still,0
2049,7,2,1,1414,15,0,2,0,9,0,1,0,9,0,0,0,15,15,15,24,9,24,0.4208,0.4208,0.0000,9,1,0,0,recheck,0,still,0
2049,47,2,1,503,20,0,2,0,18,0,1,0,18,0,0,0,4,4,5,22,18,23,0.6126,0.6126,0.0000,12,1,0,0,recheck,0,still,0
2051,44,1,1,1633,21,1,3,0,13,0,1,0,13,0,0,0,9,9,11,22,13,24,0.5115,0.5115,0.0000,9,1,0,0,recheck,0,still,0
2051,56,1,1,606,19,0,4,0,18,0,1,3,15,0,0,0,7,7,7,25,18,25,0.5422,0.5422,0.0000,10,1,0,0,recheck,0,still,0
2051,123,2,1,1279,13,0,3,0,0,0,1,0,0,0,0,0,19,19,19,19,0,19,0.3550,0.3550,0.0000,7,1,0,0,recheck,0,still,0
2051,140,1,1,524,20,0,1,0,18,0,1,0,18,0,0,0,5,5,5,23,18,23,0.5967,0.5967,0.0000,11,1,0,0,recheck,0,still,0
2051,154,2,1,1419,18,0,1,0,2,0,1,0,2,0,0,0,20,20,20,22,2,22,0.3717,0.3717,0.0000,10,1,0,0,recheck,0,still,0
2052,21,2,1,614,18,2,4,0,16,0,1,2,14,0,0,0,8,8,8,24,16,24,0.5846,0.5846,0.0000,12,1,0,0,period_end,0,still,0
2052,118,3,1,1557,22,0,1,0,17,0,1,0,17,0,0,0,10,10,10,27,17,27,0.4003,0.4003,0.0000,11,1,0,0,recheck,0,still,0
2052,157,2,1,1355,17,0,2,0,2,0,1,0,2,0,0,0,20,20,20,22,2,22,0.3241,0.3241,0.0000,7,1,0,0,recheck,0,still,0
2052,158,1,1,1309,16,1,2,0,1,0,1,0,1,0,0,0,19,19,18,20,1,19,0.2596,0.2596,0.0000,5,1,0,0,recheck,0,still,0
2052,168,1,1,684,17,0,1,1,22,0,1,6,16,0,2,0,6,6,4,28,20,24,0.3737,0.3737,0.0000,9,1,0,0,recheck,0,still,0
2052,189,1,1,1470,13,0,2,1,2,0,1,0,2,0,0,0,20,20,16,22,2,18,0.4353,0.4353,0.0000,10,1,0,0,recheck,0,still,0
2053,15,1,1,582,17,3,4,0,14,0,1,0,14,0,2,1,7,7,7,21,13,20,0.6075,0.6075,0.0000,10,1,0,0,recheck,0,still,0
2053,51,1,1,399,18,0,4,0,14,0,1,0,14,0,1,0,8,8,8,22,13,21,0.5615,0.5615,0.0000,9,1,0,0,recheck,0,still,0
2053,101,3,0,-1,1,0,1,1,1,0,0,1,0,0,0,0,0,0,0,1,1,1,0.0271,0.0000,0.0000,1,0,0,0,,0,pending,0
2053,128,1,1,462,17,0,1,0,20,0,1,3,17,0,2,0,7,7,6,27,18,24,0.4012,0.4012,0.0000,9,1,0,0,recheck,0,still,0
2054,26,3,1,548,18,0,2,0,24,0,1,17,7,0,0,0,0,0,0,24,24,24,0.5834,0.1458,0.0000,12,1,0,0,recheck,0,still,0
2054,86,1,1,603,19,0,2,0,21,0,1,12,9,0,0,0,2,2,3,23,21,24,0.5751,0.3595,0.0000,10,1,0,0,recheck,0,still,0
2054,88,1,1,317,18,0,1,0,23,0,1,17,6,0,0,0,0,0,1,23,23,24,0.6455,0.2152,0.0000,11,1,0,0,recheck,0,still,0
2054,101,3,0,-1,1,0,1,1,1,0,0,1,0,0,0,0,0,0,0,1,1,1,0.0271,0.0000,0.0000,1,0,0,0,,0,hop,1
2054,146,2,1,1442,13,0,2,0,1,0,1,0,1,0,0,0,21,21,19,22,1,20,0.4024,0.4024,0.0000,11,1,0,0,recheck,0,still,0
2054,166,2,1,452,18,0,1,0,21,0,1,3,18,0,2,0,8,8,8,29,19,27,0.3739,0.3739,0.0000,10,1,0,0,recheck,0,still,0
2054,182,1,1,582,20,0,2,0,18,0,1,0,18,0,0,0,7,7,6,25,18,24,0.5272,0.5272,0.0000,13,1,0,0,recheck,0,still,0
2055,16,1,1,543,15,2,4,0,13,0,1,0,13,0,0,0,8,8,8,21,13,21,0.4991,0.4991,0.0000,8,1,0,0,recheck,0,still,0
2055,72,2,1,1358,17,0,1,0,2,0,1,0,2,0,0,0,20,20,20,22,2,22,0.3642,0.3642,0.0000,6,1,0,0,recheck,0,still,0
2055,114,1,1,1319,14,1,2,0,1,0,1,0,1,0,0,0,19,19,17,20,1,18,0.3228,0.3228,0.0000,7,1,0,0,recheck,0,still,0
2056,131,2,1,270,16,0,1,0,25,0,1,12,13,0,2,0,3,3,3,28,23,26,0.4210,0.2724,0.0000,11,1,0,0,recheck,0,still,0
2056,153,1,1,1383,16,0,2,0,2,0,1,0,2,0,0,0,19,19,18,21,2,20,0.2901,0.2901,0.0000,7,1,0,0,recheck,0,still,0
2056,169,1,1,479,19,1,2,0,16,0,1,0,16,0,0,1,3,3,4,19,17,21,0.6735,0.6735,0.0000,11,1,0,0,recheck,0,still,0
2056,194,1,1,1112,21,1,2,0,17,0,1,0,17,0,0,0,11,11,8,28,17,25,0.4886,0.4886,0.0000,13,1,0,0,recheck,0,still,0
2057,28,2,1,264,18,0,2,0,25,0,1,20,5,0,1,0,0,0,0,25,24,24,0.6225,0.0623,0.0000,12,1,0,0,recheck,0,still,0
2057,142,2,1,407,18,0,2,0,17,0,1,0,17,0,0,1,6,6,6,23,18,24,0.6609,0.6609,0.0000,12,1,0,0,recheck,0,still,0
2057,157,2,1,1360,17,0,2,0,2,0,1,0,2,0,0,0,20,20,20,22,2,22,0.3241,0.3241,0.0000,7,1,0,0,period_end,0,still,0
2057,159,1,1,1303,9,2,3,0,0,0,1,0,0,0,0,0,12,12,12,12,0,12,0.1742,0.1742,0.0000,3,1,0,0,recheck,0,still,0
2058,35,2,1,1208,17,0,1,0,2,0,1,0,2,0,0,0,19,19,20,21,2,22,0.3900,0.3900,0.0000,7,1,0,0,recheck,0,still,0
2058,77,3,1,518,16,3,4,0,15,0,1,0,15,0,0,0,9,9,9,24,15,24,0.5551,0.5551,0.0000,12,1,0,0,recheck,0,still,0
2058,116,2,1,1339,15,0,1,0,8,0,1,0,8,0,0,0,18,18,17,26,8,25,0.3504,0.3504,0.0000,9,1,0,0,recheck,0,still,0
2058,143,1,1,304,18,1,3,0,22,0,1,21,1,0,1,1,0,0,0,22,22,22,0.7141,0.0340,0.0000,13,0,1,1,recheck,0,still,0
2059,55,2,1,476,20,1,4,0,18,0,1,3,15,0,0,0,7,7,7,25,18,25,0.6165,0.6165,0.0000,13,1,0,0,recheck,0,still,0
2060,83,2,1,156,17,0,2,0,21,0,1,8,13,0,0,0,4,4,4,25,21,25,0.5037,0.4407,0.0000,10,1,0,0,recheck,0,still,0
2060,188,1,1,1427,15,1,2,0,2,0,1,0,2,0,0,0,21,21,18,23,2,20,0.3243,0.3243,0.0000,9,1,0,0,recheck,0,still,0
2061,21,2,1,623,18,2,4,0,16,0,1,2,14,0,0,0,8,8,8,24,16,24,0.5847,0.5847,0.0000,12,1,0,0,recheck,0,still,0
2061,145,1,1,1469,14,1,2,0,2,0,1,0,2,0,0,0,19,19,17,21,2,19,0.4390,0.4390,0.0000,9,1,0,0,recheck,0,still,0
2062,23,2,1,567,16,1,2,0,21,0,1,9,12,0,0,0,3,3,3,24,21,24,0.5166,0.3874,0.0000,10,1,0,0,recheck,0,still,0
2062,56,1,1,617,19,0,4,0,18,0,1,3,15,0,0,0,7,7,7,25,18,25,0.5422,0.5422,0.0000,10,1,0,0,period_end,0,still,0
2062,161,2,1,572,17,0,1,0,15,0,1,0,15,0,1,0,9,9,9,24,14,23,0.3780,0.3780,0.0000,9,1,0,0,recheck,0,still,0
2062,180,1,0,-1,14,0,4,0,18,0,0,18,0,0,1,0,0,0,0,18,17,17,0.7020,0.0000,0.0000,11,0,0,1,,0,start_crowd,0
2063,4,2,1,1429,15,0,1,0,1,0,1,0,1,0,0,0,19,19,19,20,1,20,0.3714,0.3714,0.0000,8,1,0,0,recheck,0,still,0
2063,171,1,1,496,18,0,1,0,26,0,1,13,13,0,3,0,2,2,2,28,23,25,0.4248,0.2655,0.0000,12,1,0,0,recheck,0,still,0
2064,49,2,1,478,15,0,4,0,13,0,1,0,13,0,0,0,8,8,8,21,13,21,0.5730,0.5730,0.0000,10,1,0,0,recheck,0,still,0
2065,68,3,1,1158,15,1,2,0,2,0,1,0,2,0,0,0,19,19,19,21,2,21,0.3583,0.3583,0.0000,7,1,0,0,recheck,0,still,0
2065,75,1,0,-1,1,0,2,1,2,0,0,2,0,0,0,0,0,0,0,2,2,2,0.1108,0.0000,0.0000,1,0,0,0,,0,pending,0
2065,139,1,1,380,19,0,1,1,15,0,1,0,15,0,0,0,8,8,6,23,15,21,0.5304,0.5304,0.0000,12,1,0,0,recheck,0,still,0
2066,57,1,1,697,20,0,1,0,20,0,1,5,15,0,0,0,5,5,5,25,20,25,0.6149,0.6149,0.0000,11,1,0,0,recheck,0,still,0
2066,75,1,0,-1,1,0,2,1,2,0,0,2,0,0,0,0,0,0,0,2,2,2,0.1108,0.0000,0.0000,1,0,0,0,,0,hop,1
2066,127,1,1,443,19,0,2,1,17,0,1,0,17,0,3,0,7,7,7,24,14,21,0.4309,0.4309,0.0000,10,1,0,0,recheck,0,still,0
2066,135,1,1,685,18,0,1,0,26,0,1,14,12,0,4,0,1,1,1,27,22,23,0.4239,0.1590,0.0000,11,1,0,0,recheck,0,still,0
2066,176,1,1,315,19,0,1,1,26,0,1,16,10,0,3,0,0,0,0,26,23,23,0.4496,0.1058,0.0000,11,1,0,0,recheck,0,still,0
2067,89,1,1,757,19,1,2,0,22,0,1,17,5,0,0,1,0,0,0,22,23,23,0.6811,0.1792,0.0000,12,1,0,0,recheck,0,still,0
2068,1,2,1,1325,18,0,2,0,2,0,1,0,2,0,0,0,19,19,19,21,2,21,0.3623,0.3623,0.0000,7,1,0,0,recheck,0,still,0
2068,87,1,1,710,19,1,2,0,23,0,1,14,9,0,0,0,1,1,2,24,23,25,0.6694,0.3171,0.0000,11,1,0,0,recheck,0,still,0
2068,165,1,1,431,18,1,2,0,17,0,1,0,17,0,3,0,7,7,7,24,14,21,0.4224,0.4224,0.0000,11,1,0,0,recheck,0,still,0
2068,195,1,1,1423,17,1,2,0,2,0,1,0,2,0,0,0,20,20,18,22,2,20,0.3706,0.3706,0.0000,10,1,0,0,recheck,0,still,0
2069,8,2,1,1237,15,0,1,0,12,0,1,0,12,0,0,0,13,13,13,25,12,25,0.3957,0.3957,0.0000,9,1,0,0,recheck,0,still,0
2069,19,3,1,545,18,0,2,0,17,0,1,2,15,0,0,0,8,8,8,25,17,25,0.6181,0.6181,0.0000,13,1,0,0,recheck,0,still,0
2069,40,1,1,1336,13,0,1,0,1,0,1,0,1,0,0,0,18,18,18,19,1,19,0.4329,0.4329,0.0000,8,1,0,0,period_end,0,still,0
2069,91,1,1,392,19,0,1,0,24,0,1,20,4,0,1,1,0,0,0,24,24,24,0.6240,0.0985,0.0000,13,1,0,0,recheck,0,still,0
2069,199,1,1,1359,12,1,3,0,0,0,1,0,0,0,0,0,14,14,14,14,0,14,0.2621,0.2621,0.0000,4,1,0,0,recheck,0,still,0
2070,5,2,1,1438,15,0,1,0,2,0,1,0,2,0,0,0,19,19,19,21,2,21,0.4003,0.4003,0.0000,9,1,0,0,recheck,0,still,0
2070,6,2,1,1439,14,1,2,0,8,0,1,0,8,0,0,0,16,16,16,24,8,24,0.4231,0.4231,0.0000,9,1,0,0,recheck,0,still,0
2070,17,3,1,626,17,0,2,0,15,0,1,0,15,0,0,0,7,7,7,22,15,22,0.5292,0.5292,0.0000,11,1,0,0,recheck,0,still,0
2070,50,1,1,494,18,1,4,0,13,0,1,0,13,0,0,0,7,7,7,20,13,20,0.5830,0.5830,0.0000,9,1,0,0,recheck,0,still,0
2070,126,2,1,437,18,0,1,1,17,0,1,0,17,0,2,0,7,7,7,24,15,22,0.3258,0.3258,0.0000,9,1,0,0,recheck,0,still,0
2070,149,1,1,1421,19,0,1,0,12,0,1,0,12,0,0,0,15,15,14,27,12,26,0.4407,0.4407,0.0000,8,1,0,0,recheck,0,still,0
2070,163,1,1,402,17,0,1,1,14,0,1,0,14,0,1,0,10,10,8,24,13,21,0.4063,0.4063,0.0000,8,1,0,0,recheck,0,still,0
2071,40,1,1,1338,13,0,1,0,1,0,1,0,1,0,0,0,18,18,18,19,1,19,0.4329,0.4329,0.0000,8,1,0,0,recheck,0,still,0
2071,130,1,1,595,19,2,4,0,12,0,1,0,12,0,0,2,8,8,8,20,14,22,0.6573,0.6573,0.0000,11,1,0,0,recheck,0,still,0
2072,3,2,1,1371,14,0,1,0,2,0,1,0,2,0,0,0,18,18,18,20,2,20,0.3726,0.3726,0.0000,7,1,0,0,recheck,0,still,0
2072,14,1,1,587,20,0,1,0,17,0,1,0,17,0,0,0,5,5,7,22,17,24,0.5910,0.5910,0.0000,9,1,0,0,recheck,0,still,0
2072,113,1,1,1365,14,0,2,0,2,0,1,0,2,0,0,0,19,19,18,21,2,20,0.3797,0.3797,0.0000,8,1,0,0,recheck,0,still,0
2072,143,1,1,318,18,1,3,0,22,0,1,20,2,0,1,1,0,0,0,22,22,22,0.7140,0.0680,0.0000,13,1,0,1,period_end,0,still,0
2073,151,1,1,537,21,1,2,0,16,0,1,0,16,0,0,0,10,10,8,26,16,24,0.5875,0.5875,0.0000,13,1,0,0,recheck,0,still,0
2074,13,2,1,494,19,1,2,0,16,0,1,0,16,0,0,0,8,8,9,24,16,25,0.6266,0.6266,0.0000,11,1,0,0,recheck,0,still,0
2074,79,1,1,505,17,1,2,0,12,0,1,0,12,0,0,0,7,7,8,19,12,20,0.5652,0.5652,0.0000,9,1,0,0,recheck,0,still,0
2074,90,1,1,425,17,0,2,1,23,0,1,17,6,0,2,0,0,0,0,23,21,21,0.6457,0.1359,0.0000,13,1,0,0,recheck,0,still,0
2075,11,1,1,1588,21,0,3,0,13,0,1,0,13,0,0,0,10,10,12,23,13,25,0.5541,0.5541,0.0000,9,1,0,0,recheck,0,still,0
2075,12,2,1,434,19,0,1,0,15,0,1,0,15,0,0,0,9,9,10,24,15,25,0.5534,0.5534,0.0000,10,1,0,0,recheck,0,still,0
2075,170,2,1,536,16,1,4,0,10,0,1,0,10,0,0,0,10,10,10,20,10,20,0.5142,0.5142,0.0000,9,1,0,0,recheck,0,still,0
2076,9,1,1,1426,18,0,1,0,12,0,1,0,12,0,0,0,12,12,12,24,12,24,0.5172,0.5172,0.0000,9,1,0,0,recheck,0,still,0
2076,58,1,1,539,15,0,2,0,21,0,1,9,12,0,0,0,3,3,3,24,21,24,0.5415,0.3971,0.0000,9,1,0,0,recheck,0,still,0
2076,80,1,1,429,18,1,2,0,13,0,1,0,13,0,0,0,7,7,7,20,13,20,0.4976,0.4976,0.0000,8,1,0,0,recheck,0,still,0
2076,115,2,1,1558,14,0,1,0,2,0,1,0,2,0,0,0,20,20,19,22,2,21,0.2694,0.2694,0.0000,7,1,0,0,recheck,0,still,0
2076,119,1,1,1132,20,0,2,0,15,0,1,0,15,0,0,0,12,12,9,27,15,24,0.5006,0.5006,0.0000,12,1,0,0,recheck,0,still,0
2077,10,1,1,434,21,2,3,0,12,0,1,0,12,0,0,0,12,12,13,24,12,25,0.5541,0.5541,0.0000,9,1,0,0,recheck,0,still,0
2077,25,2,1,765,18,1,2,0,21,0,1,11,10,0,0,0,3,3,3,24,21,24,0.5156,0.3222,0.0000,10,1,0,0,recheck,0,still,0
2077,54,2,1,418,18,3,4,0,16,0,1,2,14,0,0,0,8,8,8,24,16,24,0.5745,0.5745,0.0000,11,1,0,0,recheck,0,still,0
2077,141,2,1,352,17,0,1,0,13,0,1,0,13,0,0,0,9,9,9,22,13,22,0.5730,0.5730,0.0000,11,1,0,0,recheck,0,still,0
2077,183,1,1,529,19,0,1,0,16,0,1,0,16,0,2,0,8,8,8,24,14,22,0.5422,0.5422,0.0000,10,1,0,0,recheck,0,still,0
2078,17,3,1,634,17,0,2,0,15,0,1,0,15,0,0,0,7,7,7,22,15,22,0.5291,0.5291,0.0000,11,1,0,0,period_end,0,still,0
2078,76,3,1,503,19,0,1,0,16,0,1,0,16,0,0,0,8,8,8,24,16,24,0.5656,0.5656,0.0000,12,1,0,0,recheck,0,still,0
2078,84,1,1,473,18,1,2,0,20,0,1,6,14,0,0,0,5,5,5,25,20,25,0.6122,0.6122,0.0000,11,1,0,0,recheck,0,still,0
2078,117,3,1,1538,15,0,1,0,12,0,1,0,12,0,0,0,16,16,16,28,12,28,0.4250,0.4250,0.0000,10,1,0,0,recheck,0,still,0
2078,132,1,1,314,18,0,3,0,19,0,1,18,1,0,0,2,0,0,0,19,21,21,0.7170,0.0358,0.0000,12,1,0,1,recheck,0,still,0
2079,2,1,1,1243,15,0,1,0,2,0,1,0,2,0,0,0,19,19,18,21,2,20,0.3775,0.3775,0.0000,6,1,0,0,recheck,0,still,0
2079,7,2,1,1444,15,0,2,0,9,0,1,0,9,0,0,0,15,15,15,24,9,24,0.4208,0.4208,0.0000,9,1,0,0,recheck,0,still,0
2079,47,2,1,533,20,0,2,0,16,0,1,0,16,0,0,1,6,6,7,22,17,24,0.6126,0.6126,0.0000,12,1,0,0,recheck,0,still,0
2081,44,1,1,1663,21,1,3,0,12,0,1,0,12,0,0,0,10,10,12,22,12,24,0.5115,0.5115,0.0000,9,1,0,0,recheck,0,still,0
2081,56,1,1,636,19,0,4,0,18,0,1,3,15,0,0,0,7,7,7,25,18,25,0.5422,0.5422,0.0000,10,1,0,0,recheck,0,still,0
2081,123,2,1,1309,13,0,3,0,0,0,1,0,0,0,0,0,19,19,19,19,0,19,0.3550,0.3550,0.0000,7,1,0,0,recheck,0,still,0
2081,140,1,1,554,20,0,1,0,16,0,1,0,16,0,0,0,7,7,7,23,16,23,0.6690,0.6690,0.0000,13,1,0,0,recheck,0,still,0
2081,154,2,1,1449,18,0,1,0,2,0,1,0,2,0,0,0,20,20,20,22,2,22,0.3717,0.3717,0.0000,10,1,0,0,recheck,0,still,0
2082,118,3,1,1587,22,0,1,0,15,0,1,0,15,0,0,0,12,12,12,27,15,27,0.4003,0.4003,0.0000,11,1,0,0,recheck,0,still,0
2082,157,2,1,1385,17,0,2,0,2,0,1,0,2,0,0,0,20,20,20,22,2,22,0.3241,0.3241,0.0000,7,1,0,0,recheck,0,still,0
2082,158,1,1,1339,16,1,2,0,1,0,1,0,1,0,0,0,19,19,18,20,1,19,0.2596,0.2596,0.0000,5,1,0,0,recheck,0,still,0
2082,168,1,1,714,17,0,1,1,23,0,1,7,16,0,2,0,6,6,4,29,21,25,0.3737,0.3737,0.0000,9,1,0,0,recheck,0,still,0
2082,189,1,1,1500,13,0,2,1,2,0,1,0,2,0,0,0,20,20,16,22,2,18,0.4353,0.4353,0.0000,10,1,0,0,recheck,0,still,0
2083,15,1,1,612,17,3,4,0,11,0,1,0,11,0,1,1,9,9,9,20,11,20,0.6075,0.6075,0.0000,10,1,0,0,recheck,0,still,0
2083,51,1,1,429,18,0,4,0,13,0,1,0,13,0,0,0,9,9,8,22,13,21,0.5607,0.5607,0.0000,9,1,0,0,recheck,0,still,0
2083,128,1,1,492,17,0,1,0,20,0,1,3,17,0,2,0,7,7,6,27,18,24,0.4012,0.4012,0.0000,9,1,0,0,recheck,0,still,0
2084,26,3,1,578,18,0,2,0,24,0,1,16,8,0,0,0,0,0,0,24,24,24,0.5838,0.1460,0.0000,12,1,0,0,recheck,0,still,0
2084,86,1,1,633,19,0,2,0,21,0,1,11,10,0,0,0,2,2,3,23,21,24,0.5751,0.3595,0.0000,10,1,0,0,recheck,0,still,0
2084,88,1,1,347,18,0,1,0,23,0,1,16,7,0,0,0,0,0,1,23,23,24,0.6455,0.2152,0.0000,11,1,0,0,recheck,0,still,0
2084,141,2,1,359,17,0,1,0,12,0,1,0,12,0,0,0,10,10,10,22,12,22,0.5731,0.5731,0.0000,11,1,0,0,period_end,0,still,0
2084,146,2,1,1472,13,0,2,0,1,0,1,0,1,0,0,0,21,21,19,22,1,20,0.4024,0.4024,0.0000,11,1,0,0,recheck,0,still,0
2084,166,2,1,482,18,0,1,0,21,0,1,3,18,0,2,0,8,8,8,29,19,27,0.3739,0.3739,0.0000,10,1,0,0,recheck,0,still,0
2084,182,1,1,612,21,0,2,0,15,0,1,0,15,0,0,0,9,9,9,24,15,24,0.6170,0.6170,0.0000,14,1,0,0,recheck,0,still,0
2085,16,1,1,573,15,2,4,0,12,0,1,0,12,0,0,0,9,9,9,21,12,21,0.4991,0.4991,0.0000,8,1,0,0,recheck,0,still,0
2085,72,2,1,1388,17,0,1,0,2,0,1,0,2,0,0,0,20,20,20,22,2,22,0.3642,0.3642,0.0000,6,1,0,0,recheck,0,still,0
2085,114,1,1,1349,14,1,2,0,1,0,1,0,1,0,0,0,19,19,17,20,1,18,0.3228,0.3228,0.0000,7,1,0,0,recheck,0,still,0
2086,131,2,1,300,16,0,1,0,25,0,1,11,14,0,2,0,3,3,3,28,23,26,0.4210,0.2724,0.0000,11,1,0,0,recheck,0,still,0
2086,153,1,1,1413,16,0,2,0,2,0,1,0,2,0,0,0,19,19,18,21,2,20,0.2901,0.2901,0.0000,7,1,0,0,recheck,0,still,0
2086,169,1,1,509,19,1,2,0,14,0,1,0,14,0,0,1,5,5,6,19,15,21,0.7094,0.7094,0.0000,12,1,0,1,recheck,0,still,0
2086,194,1,1,1142,21,1,2,0,14,0,1,0,14,0,0,0,14,14,11,28,14,25,0.4886,0.4886,0.0000,13,1,0,0,recheck,0,still,0
2087,28,2,1,294,18,0,2,0,25,0,1,19,6,0,1,0,0,0,0,25,24,24,0.6226,0.0623,0.0000,12,1,0,0,recheck,0,still,0
2087,44,1,1,1669,21,1,3,0,11,0,1,0,11,0,0,0,11,11,13,22,11,24,0.5115,0.5115,0.0000,9,1,0,0,period_end,0,still,0
2087,142,2,1,437,18,0,2,0,15,0,1,0,15,0,0,0,8,8,9,23,15,24,0.6637,0.6637,0.0000,12,1,0,0,recheck,0,still,0
2087,159,1,1,1333,9,2,3,0,0,0,1,0,0,0,0,0,12,12,12,12,0,12,0.1742,0.1742,0.0000,3,1,0,0,recheck,0,still,0
2088,35,2,1,1238,17,0,1,0,2,0,1,0,2,0,0,0,19,19,20,21,2,22,0.3900,0.3900,0.0000,7,1,0,0,recheck,0,still,0
2088,77,3,1,548,16,3,4,0,14,0,1,0,14,0,0,0,10,10,10,24,14,24,0.5551,0.5551,0.0000,12,1,0,0,recheck,0,still,0
2088,116,2,1,1369,15,0,1,0,7,0,1,0,7,0,0,0,19,19,18,26,7,25,0.3504,0.3504,0.0000,9,1,0,0,recheck,0,still,0
2088,143,1,1,334,17,1,3,0,21,0,1,19,2,0,1,1,0,0,0,21,21,21,0.7139,0.0680,0.0000,13,1,0,1,recheck,0,still,0
2088,152,1,0,-1,1,0,1,1,0,0,0,0,0,0,0,0,0,0,0,0,0,0,0.0000,0.0000,0.0000,0,0,0,0,,0,pending,0
2089,55,2,1,506,20,1,4,0,17,0,1,3,14,0,0,0,8,8,8,25,17,25,0.6165,0.6165,0.0000,13,1,0,0,recheck,0,still,0
2089,152,1,0,-1,1,0,1,1,0,0,0,0,0,0,0,0,0,0,0,0,0,0,0.0000,0.0000,0.0000,0,0,0,0,,0,hop,1
2090,31,2,0,-1,18,2,4,0,19,0,1,18,1,0,0,2,0,0,0,19,21,21,0.5606,0.0000,0.0000,10,0,0,0,,0,pending,0
2090,83,2,1,186,17,0,2,0,22,0,1,8,14,0,0,0,4,4,4,26,22,26,0.5037,0.4408,0.0000,10,1,0,0,recheck,0,still,0
2090,188,1,1,1457,15,1,2,0,2,0,1,0,2,0,0,0,21,21,18,23,2,20,0.3243,0.3243,0.0000,9,1,0,0,recheck,0,still,0
2091,21,2,1,653,18,2,4,0,14,0,1,2,12,0,0,0,10,10,10,24,14,24,0.5845,0.5845,0.0000,12,1,0,0,recheck,0,still,0
2091,31,2,0,-1,18,2,4,0,19,0,1,18,1,0,0,2,0,0,0,19,21,21,0.5606,0.0000,0.0000,10,0,0,0,,0,hop,1
2091,145,1,1,1499,14,1,2,0,2,0,1,0,2,0,0,0,19,19,17,21,2,19,0.4390,0.4390,0.0000,9,1,0,0,recheck,0,still,0
2092,23,2,1,597,16,1,2,0,22,0,1,9,13,0,0,0,3,3,3,25,22,25,0.5166,0.3875,0.0000,10,1,0,0,recheck,0,still,0
2092,161,2,1,602,17,0,1,0,11,0,1,0,11,0,1,0,13,13,13,24,10,23,0.3780,0.3780,0.0000,9,1,0,0,recheck,0,still,0
2093,4,2,1,1459,15,0,1,0,1,0,1,0,1,0,0,0,19,19,19,20,1,20,0.3714,0.3714,0.0000,8,1,0,0,recheck,0,still,0
2093,132,1,1,329,18,0,3,0,19,0,1,18,1,0,0,2,0,0,0,19,21,21,0.7151,0.0358,0.0000,12,1,0,1,period_end,0,still,0
2093,171,1,1,526,18,0,1,0,27,0,1,14,13,0,3,0,2,2,2,29,24,26,0.4248,0.2655,0.0000,12,1,0,0,recheck,0,still,0
2094,49,2,1,508,15,0,4,0,9,0,1,0,9,0,0,0,12,12,12,21,9,21,0.5732,0.5732,0.0000,10,1,0,0,recheck,0,still,0
2094,138,2,0,-1,12,2,3,0,16,0,0,16,0,0,1,0,0,0,0,16,15,15,0.6698,0.0000,0.0000,12,0,0,0,,0,hop,1
2095,68,3,1,1188,15,1,2,0,2,0,1,0,2,0,0,0,19,19,19,21,2,21,0.3583,0.3583,0.0000,7,1,0,0,recheck,0,still,0
2095,139,1,1,410,19,0,1,1,14,0,1,0,14,0,0,0,10,10,8,24,14,22,0.5304,0.5304,0.0000,12,1,0,0,recheck,0,still,0
2096,57,1,1,727,20,0,1,0,20,0,1,6,14,0,0,0,6,6,6,26,20,26,0.6149,0.6149,0.0000,11,1,0,0,recheck,0,still,0
2096,127,1,1,473,19,0,2,1,15,0,1,0,15,0,3,0,9,9,9,24,12,21,0.4309,0.4309,0.0000,10,1,0,0,recheck,0,still,0
2096,135,1,1,715,18,0,1,0,26,0,1,14,12,0,4,0,1,1,1,27,22,23,0.4239,0.1590,0.0000,11,1,0,0,recheck,0,still,0
2096,176,1,1,345,19,0,1,1,26,0,1,16,10,0,3,0,0,0,0,26,23,23,0.4496,0.1058,0.0000,11,1,0,0,recheck,0,still,0
2097,89,1,1,787,19,1,2,0,22,0,1,17,5,0,0,1,0,0,0,22,23,23,0.6811,0.1792,0.0000,12,1,0,0,recheck,0,still,0
2098,1,2,1,1355,18,0,2,0,2,0,1,0,2,0,0,0,19,19,19,21,2,21,0.3623,0.3623,0.0000,7,1,0,0,recheck,0,still,0
2098,87,1,1,740,19,1,2,0,23,0,1,14,9,0,0,0,1,1,2,24,23,25,0.6695,0.3171,0.0000,11,1,0,0,recheck,0,still,0
2098,165,1,1,461,18,1,2,0,15,0,1,0,15,0,3,0,9,9,9,24,12,21,0.4224,0.4224,0.0000,11,1,0,0,recheck,0,still,0
2098,195,1,1,1453,17,1,2,0,2,0,1,0,2,0,0,0,20,20,18,22,2,20,0.3706,0.3706,0.0000,10,1,0,0,recheck,0,still,0
2099,8,2,1,1267,15,0,1,0,11,0,1,0,11,0,0,0,14,14,14,25,11,25,0.3957,0.3957,0.0000,9,1,0,0,recheck,0,still,0
2099,19,3,1,575,18,0,2,0,15,0,1,2,13,0,0,0,10,10,10,25,15,25,0.6174,0.6174,0.0000,13,1,0,0,recheck,0,still,0
2099,91,1,1,422,19,0,1,0,23,0,1,19,4,0,1,1,0,0,0,23,23,23,0.6241,0.0985,0.0000,13,1,0,0,recheck,0,still,0
2099,199,1,1,1389,12,1,3,0,0,0,1,0,0,0,0,0,14,14,14,14,0,14,0.2621,0.2621,0.0000,4,1,0,0,recheck,0,still,0
2100,5,2,1,1468,15,0,1,0,1,0,1,0,1,0,0,0,20,20,20,21,1,21,0.4003,0.4003,0.0000,9,1,0,0,recheck,0,still,0
2100,6,2,1,1469,14,1,2,0,7,0,1,0,7,0,0,0,17,17,17,24,7,24,0.4231,0.4231,0.0000,9,1,0,0,recheck,0,still,0
2100,17,3,1,656,17,0,2,0,13,0,1,0,13,0,0,0,9,9,9,22,13,22,0.5279,0.5279,0.0000,11,1,0,0,recheck,0,still,0
2100,50,1,1,524,18,1,4,0,10,0,1,0,10,0,0,0,10,10,10,20,10,20,0.5830,0.5830,0.0000,9,1,0,0,recheck,0,still,0
2100,126,2,1,467,18,0,1,1,15,0,1,0,15,0,2,0,9,9,9,24,13,22,0.3759,0.3759,0.0000,10,1,0,0,recheck,0,still,0
2100,149,1,1,1451,19,0,1,0,11,0,1,0,11,0,0,0,16,16,15,27,11,26,0.4407,0.4407,0.0000,8,1,0,0,recheck,0,still,0
2100,163,1,1,432,17,0,1,1,11,0,1,0,11,0,1,0,13,13,11,24,10,21,0.4063,0.4063,0.0000,8,1,0,0,recheck,0,still,0
2101,29,2,0,-1,17,0,1,0,23,0,1,19,4,0,1,0,0,0,0,23,22,22,0.5116,0.0320,0.0000,10,0,1,0,,0,hop,1
2101,40,1,1,1368,13,0,1,0,1,0,1,0,1,0,0,0,19,19,19,20,1,20,0.4329,0.4329,0.0000,8,1,0,0,recheck,0,still,0
2101,130,1,1,625,19,2,4,0,10,0,1,0,10,0,0,2,10,10,10,20,12,22,0.6573,0.6573,0.0000,11,1,0,0,recheck,0,still,0
2101,180,1,1,39,14,0,4,0,18,0,0,18,0,0,2,0,0,0,0,18,16,16,0.7345,0.0000,0.0000,12,0,0,1,recheck,0,still,0
2102,3,2,1,1401,14,0,1,0,2,0,1,0,2,0,0,0,18,18,18,20,2,20,0.3726,0.3726,0.0000,7,1,0,0,recheck,0,still,0
2102,14,1,1,617,20,0,1,0,15,0,1,0,15,0,0,0,7,7,9,22,15,24,0.5910,0.5910,0.0000,9,1,0,0,recheck,0,still,0
2102,113,1,1,1395,14,0,2,0,2,0,1,0,2,0,0,0,19,19,18,21,2,20,0.3797,0.3797,0.0000,8,1,0,0,recheck,0,still,0
2103,151,1,1,567,21,1,2,0,14,0,1,0,14,0,0,0,12,12,10,26,14,24,0.5875,0.5875,0.0000,13,1,0,0,recheck,0,still,0
2104,13,2,1,524,19,1,2,0,14,0,1,0,14,0,0,0,10,10,11,24,14,25,0.6266,0.6266,0.0000,11,1,0,0,recheck,0,still,0
2104,28,2,1,311,18,0,2,0,24,0,1,18,6,0,1,0,0,0,0,24,23,23,0.5635,0.0626,0.0000,11,1,0,0,period_end,0,still,0
2104,79,1,1,535,17,1,2,0,14,0,1,0,14,0,0,0,5,5,6,19,14,20,0.5649,0.5649,0.0000,9,1,0,0,recheck,0,still,0
2104,90,1,1,455,17,0,2,1,22,0,1,16,6,0,2,0,0,0,0,22,20,20,0.6458,0.1360,0.0000,13,1,0,0,recheck,0,still,0
2104,131,2,1,318,16,0,1,0,25,0,1,11,14,0,2,0,3,3,3,28,23,26,0.4210,0.2724,0.0000,11,1,0,0,period_end,0,still,0
2105,1,2,1,1362,18,0,2,0,2,0,1,0,2,0,0,0,19,19,19,21,2,21,0.3623,0.3623,0.0000,7,1,0,0,period_end,0,still,0
2105,11,1,1,1618,21,0,3,0,11,0,1,0,11,0,0,0,12,12,14,23,11,25,0.5541,0.5541,0.0000,9,1,0,0,recheck,0,still,0
2105,12,2,1,464,19,0,1,0,13,0,1,0,13,0,0,0,11,11,12,24,13,25,0.5534,0.5534,0.0000,10,1,0,0,recheck,0,still,0
2105,170,2,1,566,16,1,4,0,12,0,1,0,12,0,0,0,9,9,9,21,12,21,0.5141,0.5141,0.0000,9,1,0,0,recheck,0,still,0
2106,9,1,1,1456,18,0,1,0,11,0,1,0,11,0,0,0,13,13,13,24,11,24,0.5172,0.5172,0.0000,9,1,0,0,recheck,0,still,0
2106,58,1,1,569,15,0,2,0,20,0,1,8,12,0,0,0,3,3,3,23,20,23,0.5410,0.3967,0.0000,9,1,0,0,recheck,0,still,0
2106,80,1,1,459,18,1,2,0,15,0,1,0,15,0,0,0,4,4,4,19,15,19,0.4977,0.4977,0.0000,8,1,0,0,recheck,0,still,0
2106,115,2,1,1588,14,0,1,0,1,0,1,0,1,0,0,0,21,21,20,22,1,21,0.2694,0.2694,0.0000,7,1,0,0,recheck,0,still,0
2106,119,1,1,1162,20,0,2,0,13,0,1,0,13,0,0,0,14,14,11,27,13,24,0.4712,0.4712,0.0000,11,1,0,0,recheck,0,still,0
2107,10,1,1,464,21,2,3,0,11,0,1,0,11,0,0,0,13,13,14,24,11,25,0.5541,0.5541,0.0000,9,1,0,0,recheck,0,still,0
2107,25,2,1,795,18,1,2,0,22,0,1,11,11,0,0,0,2,2,2,24,22,24,0.5163,0.3227,0.0000,10,1,0,0,recheck,0,still,0
2107,32,1,0,-1,9,0,3,0,10,0,0,10,0,0,0,0,0,0,0,10,10,10,0.4757,0.0000,0.0000,7,0,0,0,,0,pending,0
2107,54,2,1,448,18,3,4,0,20,0,1,3,17,0,0,0,5,5,5,25,20,25,0.5744,0.5744,0.0000,11,1,0,0,recheck,0,still,0
2107,141,2,1,382,17,0,1,0,14,0,1,0,14,0,0,0,8,8,8,22,14,22,0.5731,0.5731,0.0000,11,1,0,0,recheck,0,still,0
2107,183,1,1,559,19,0,1,0,15,0,1,0,15,0,1,0,9,9,8,24,14,22,0.5432,0.5432,0.0000,10,1,0,0,recheck,0,still,0
2108,32,1,0,-1,9,0,3,0,10,0,0,10,0,0,0,0,0,0,0,10,10,10,0.4757,0.0000,0.0000,7,0,0,0,,0,hop,1
2108,76,3,1,533,19,0,1,0,16,0,1,0,16,0,0,0,8,8,8,24,16,24,0.5656,0.5656,0.0000,12,1,0,0,recheck,0,still,0
2108,84,1,1,503,18,1,2,0,20,0,1,6,14,0,1,0,5,5,6,25,19,25,0.6113,0.6113,0.0000,11,1,0,0,recheck,0,still,0
2108,117,3,1,1568,15,0,1,0,11,0,1,0,11,0,0,0,17,17,17,28,11,28,0.4250,0.4250,0.0000,10,1,0,0,recheck,0,still,0
2108,132,1,1,344,18,0,3,0,19,0,1,18,1,0,0,2,0,0,0,19,21,21,0.7158,0.0358,0.0000,12,1,0,1,recheck,0,still,0
2108,159,1,1,1354,9,2,3,0,0,0,1,0,0,0,0,0,12,12,12,12,0,12,0.1742,0.1742,0.0000,3,1,0,0,period_end,0,still,0
2109,2,1,1,1273,15,0,1,0,2,0,1,0,2,0,0,0,19,19,18,21,2,20,0.3775,0.3775,0.0000,6,1,0,0,recheck,0,still,0
2109,7,2,1,1474,15,0,2,0,8,0,1,0,8,0,0,0,16,16,16,24,8,24,0.4208,0.4208,0.0000,9,1,0,0,recheck,0,still,0
2109,47,2,1,563,20,0,2,0,14,0,1,0,14,0,0,1,8,8,9,22,15,24,0.6126,0.6126,0.0000,12,1,0,0,recheck,0,still,0
2111,44,1,1,1693,21,1,3,0,11,0,1,0,11,0,0,0,11,11,13,22,11,24,0.5115,0.5115,0.0000,9,1,0,0,recheck,0,still,0
2111,56,1,1,666,19,0,4,0,20,0,1,4,16,0,0,0,6,6,6,26,20,26,0.5423,0.5423,0.0000,10,1,0,0,recheck,0,still,0
2111,123,2,1,1339,13,0,3,0,0,0,1,0,0,0,0,0,19,19,19,19,0,19,0.3550,0.3550,0.0000,7,1,0,0,recheck,0,still,0
2111,140,1,1,584,20,0,1,0,14,0,1,0,14,0,0,0,9,9,9,23,14,23,0.6709,0.6709,0.0000,13,1,0,0,recheck,0,still,0
2111,154,2,1,1479,18,0,1,0,2,0,1,0,2,0,0,0,20,20,20,22,2,22,0.3717,0.3717,0.0000,10,1,0,0,recheck,0,still,0
2111,176,1,1,360,19,0,1,1,25,0,1,15,10,0,3,0,0,0,0,25,22,22,0.4496,0.1058,0.0000,11,1,0,0,period_end,0,still,0
2112,118,3,1,1617,22,0,1,0,13,0,1,0,13,0,0,0,14,14,14,27,13,27,0.4003,0.4003,0.0000,11,1,0,0,recheck,0,still,0
2112,157,2,1,1415,17,0,2,0,2,0,1,0,2,0,0,0,20,20,20,22,2,22,0.3241,0.3241,0.0000,7,1,0,0,recheck,0,still,0
2112,158,1,1,1369,16,1,2,0,1,0,1,0,1,0,0,0,19,19,18,20,1,19,0.2596,0.2596,0.0000,5,1,0,0,recheck,0,still,0
2112,168,1,1,744,17,0,1,1,25,0,1,7,18,0,4,0,4,4,4,29,21,25,0.3737,0.3737,0.0000,9,1,0,0,recheck,0,still,0
2112,189,1,1,1530,13,0,2,1,2,0,1,0,2,0,0,0,20,20,16,22,2,18,0.4353,0.4353,0.0000,10,1,0,0,recheck,0,still,0
2113,15,1,1,642,17,3,4,0,11,0,1,0,11,0,1,1,8,8,8,19,11,19,0.6051,0.6051,0.0000,10,1,0,0,recheck,0,still,0
2113,51,1,1,459,18,0,4,0,15,0,1,0,15,0,0,0,7,7,6,22,15,21,0.5606,0.5606,0.0000,9,1,0,0,recheck,0,still,0
2113,128,1,1,522,17,0,1,0,23,0,1,4,19,0,3,0,5,5,5,28,20,25,0.4012,0.4012,0.0000,9,1,0,0,recheck,0,still,0
2114,26,3,1,608,18,0,2,0,23,0,1,15,8,0,0,0,0,0,0,23,23,23,0.5272,0.1464,0.0000,11,1,0,0,recheck,0,still,0
2114,86,1,1,663,19,0,2,0,21,0,1,11,10,0,0,0,2,2,3,23,21,24,0.5752,0.3595,0.0000,10,1,0,0,period_end,0,still,0
2114,88,1,1,377,18,0,1,0,23,0,1,16,7,0,0,0,0,0,1,23,23,24,0.6457,0.2152,0.0000,11,1,0,0,recheck,0,still,0
2114,110,1,0,-1,7,6,8,0,7,0,0,7,0,0,0,1,0,0,0,7,8,8,0.3686,0.0000,0.0000,6,0,0,0,,0,pending,0
2114,146,2,1,1502,13,0,2,0,1,0,1,0,1,0,0,0,21,21,19,22,1,20,0.4024,0.4024,0.0000,11,1,0,0,recheck,0,still,0
2114,166,2,1,512,18,0,1,0,24,0,1,4,20,0,2,0,6,6,6,30,22,28,0.3739,0.3739,0.0000,10,1,0,0,recheck,0,still,0
2114,182,1,1,642,21,0,2,0,14,0,1,0,14,0,0,0,10,10,10,24,14,24,0.6236,0.6236,0.0000,14,1,0,0,recheck,0,still,0
2115,16,1,1,603,15,2,4,0,13,0,1,0,13,0,0,0,8,8,8,21,13,21,0.4991,0.4991,0.0000,8,1,0,0,recheck,0,still,0
2115,72,2,1,1418,17,0,1,0,2,0,1,0,2,0,0,0,20,20,20,22,2,22,0.3642,0.3642,0.0000,6,1,0,0,recheck,0,still,0
2115,110,1,0,-1,7,6,8,0,7,0,0,7,0,0,0,1,0,0,0,7,8,8,0.3686,0.0000,0.0000,6,0,0,0,,0,hop,1
2115,114,1,1,1379,14,1,2,0,1,0,1,0,1,0,0,0,19,19,17,20,1,18,0.3228,0.3228,0.0000,7,1,0,0,recheck,0,still,0
2116,131,2,1,330,16,0,1,0,25,0,1,11,14,0,2,0,3,3,3,28,23,26,0.4210,0.2724,0.0000,11,1,0,0,recheck,0,still,0
2116,153,1,1,1443,16,0,2,0,4,0,1,0,4,0,0,0,17,17,16,21,4,20,0.2901,0.2901,0.0000,7,1,0,0,recheck,0,still,0
2116,169,1,1,539,19,1,2,0,13,0,1,0,13,0,0,1,6,6,7,19,14,21,0.7094,0.7094,0.0000,12,1,0,1,recheck,0,still,0
2116,194,1,1,1172,21,1,2,0,13,0,1,0,13,0,0,0,15,15,12,28,13,25,0.4886,0.4886,0.0000,13,1,0,0,recheck,0,still,0
2117,28,2,1,324,18,0,2,0,24,0,1,18,6,0,1,0,0,0,0,24,23,23,0.6263,0.0626,0.0000,12,1,0,0,recheck,0,still,0
2117,142,2,1,467,19,0,2,0,13,0,1,0,13,0,0,2,8,8,9,21,15,24,0.5692,0.5692,0.0000,11,1,0,0,recheck,0,still,0
2117,159,1,1,1363,9,2,3,0,0,0,1,0,0,0,0,0,12,12,12,12,0,12,0.1742,0.1742,0.0000,3,1,0,0,recheck,0,still,0
2118,35,2,1,1268,17,0,1,0,6,0,1,0,6,0,0,0,15,15,16,21,6,22,0.3900,0.3900,0.0000,7,1,0,0,recheck,0,still,0
2118,77,3,1,578,16,3,4,0,15,0,1,0,15,0,0,0,9,9,9,24,15,24,0.5551,0.5551,0.0000,12,1,0,0,recheck,0,still,0
2118,116,2,1,1399,15,0,1,0,7,0,1,0,7,0,0,0,19,19,18,26,7,25,0.3503,0.3503,0.0000,9,1,0,0,recheck,0,still,0
2118,143,1,1,364,17,1,3,0,21,0,1,19,2,0,1,1,0,0,0,21,21,21,0.7134,0.0679,0.0000,13,1,0,1,recheck,0,still,0
2119,55,2,1,536,20,1,4,0,21,0,1,4,17,0,0,0,5,5,5,26,21,26,0.6159,0.6159,0.0000,13,1,0,0,recheck,0,still,0
2120,83,2,1,216,17,0,2,0,22,0,1,8,14,0,0,0,4,4,4,26,22,26,0.5042,0.4412,0.0000,10,1,0,0,recheck,0,still,0
2120,188,1,1,1487,15,1,2,0,6,0,1,0,6,0,0,0,17,17,14,23,6,20,0.3243,0.3243,0.0000,9,1,0,0,recheck,0,still,0
2121,21,2,1,683,18,2,4,0,19,0,1,3,16,0,0,0,6,6,6,25,19,25,0.5499,0.5499,0.0000,11,1,0,0,recheck,0,still,0
2121,145,1,1,1529,14,1,2,0,3,0,1,0,3,0,0,1,17,17,15,20,4,19,0.3804,0.3804,0.0000,8,1,0,0,recheck,0,still,0
2122,23,2,1,627,16,1,2,0,22,0,1,9,13,0,0,0,3,3,3,25,22,25,0.5184,0.3888,0.0000,10,1,0,0,recheck,0,still,0
2122,136,2,0,-1,7,7,8,0,9,0,0,9,0,0,0,0,0,0,0,9,9,9,0.2869,0.0000,0.0000,6,0,0,0,,0,pending,0
2122,161,2,1,632,17,0,1,0,14,0,1,0,14,0,1,0,10,10,10,24,13,23,0.3780,0.3780,0.0000,9,1,0,0,recheck,0,still,0
2122,182,1,1,650,21,0,2,0,14,0,1,0,14,0,0,0,10,10,10,24,14,24,0.6245,0.6245,0.0000,14,1,0,0,period_end,0,still,0
2123,4,2,1,1489,15,0,1,0,3,0,1,0,3,0,0,0,17,17,17,20,3,20,0.3714,0.3714,0.0000,8,1,0,0,recheck,0,still,0
2123,136,2,0,-1,7,7,8,0,9,0,0,9,0,0,0,0,0,0,0,9,9,9,0.2870,0.0000,0.0000,6,0,0,0,,0,hop,1
2123,171,1,1,556,18,0,1,0,26,0,1,13,13,0,3,0,2,2,2,28,23,25,0.4248,0.2655,0.0000,12,1,0,0,recheck,0,still,0
2124,15,1,1,653,17,3,4,0,11,0,1,0,11,0,1,1,8,8,8,19,11,19,0.6048,0.6048,0.0000,10,1,0,0,period_end,0,still,0
2124,49,2,1,538,15,0,4,0,12,0,1,0,12,0,0,0,9,9,9,21,12,21,0.5733,0.5733,0.0000,10,1,0,0,recheck,0,still,0
2124,130,1,1,648,19,2,4,0,12,0,1,0,12,0,0,2,8,8,8,20,14,22,0.6574,0.6574,0.0000,11,1,0,0,period_end,0,still,0
2125,68,3,1,1218,15,1,2,0,6,0,1,0,6,0,0,0,15,15,15,21,6,21,0.3583,0.3583,0.0000,7,1,0,0,recheck,0,still,0
2125,139,1,1,440,19,0,1,1,14,0,1,0,14,0,0,0,9,9,8,23,14,22,0.5311,0.5311,0.0000,12,1,0,0,recheck,0,still,0
2126,57,1,1,757,20,0,1,0,21,0,1,6,15,0,0,0,5,5,5,26,21,26,0.6162,0.6162,0.0000,11,1,0,0,recheck,0,still,0
2126,127,1,1,503,19,0,2,1,20,0,1,1,19,0,3,0,5,5,5,25,17,22,0.4309,0.4309,0.0000,10,1,0,0,recheck,0,still,0
2126,135,1,1,745,18,0,1,0,25,0,1,13,12,0,4,0,1,1,1,26,21,22,0.4239,0.1590,0.0000,11,1,0,0,recheck,0,still,0
2126,176,1,1,375,19,0,1,1,25,0,1,15,10,0,3,0,0,0,0,25,22,22,0.4496,0.1058,0.0000,11,1,0,0,recheck,0,still,0
2127,89,1,1,817,19,1,2,0,21,0,1,16,5,0,0,1,0,0,0,21,22,22,0.6811,0.1792,0.0000,12,1,0,0,recheck,0,still,0
2128,1,2,1,1385,18,0,2,0,6,0,1,0,6,0,0,0,15,15,15,21,6,21,0.3623,0.3623,0.0000,7,1,0,0,recheck,0,still,0
2128,87,1,1,770,19,1,2,0,22,0,1,13,9,0,0,0,1,1,2,23,22,24,0.6695,0.3171,0.0000,11,1,0,0,recheck,0,still,0
2128,165,1,1,491,18,1,2,0,20,0,1,1,19,0,3,0,5,5,5,25,17,22,0.4224,0.4224,0.0000,11,1,0,0,recheck,0,still,0
2128,195,1,1,1483,17,1,2,0,6,0,1,0,6,0,0,0,16,16,14,22,6,20,0.3706,0.3706,0.0000,10,1,0,0,recheck,0,still,0
2129,8,2,1,1297,15,0,1,0,11,0,1,0,11,0,0,0,14,14,14,25,11,25,0.3957,0.3957,0.0000,9,1,0,0,recheck,0,still,0
2129,19,3,1,605,18,0,2,0,20,0,1,3,17,0,0,0,6,6,6,26,20,26,0.6149,0.6149,0.0000,13,1,0,0,recheck,0,still,0
2129,91,1,1,452,19,0,1,0,23,0,1,19,4,0,1,1,0,0,0,23,23,23,0.6241,0.0985,0.0000,13,1,0,0,recheck,0,still,0
2129,199,1,1,1419,12,1,3,0,0,0,1,0,0,0,0,0,14,14,14,14,0,14,0.2621,0.2621,0.0000,4,1,0,0,recheck,0,still,0
2130,5,2,1,1498,15,0,1,0,2,0,1,0,2,0,0,0,19,19,19,21,2,21,0.4003,0.4003,0.0000,9,1,0,0,recheck,0,still,0
2130,6,2,1,1499,14,1,2,0,7,0,1,0,7,0,0,0,17,17,17,24,7,24,0.4231,0.4231,0.0000,9,1,0,0,recheck,0,still,0
2130,17,3,1,686,17,0,2,0,17,0,1,0,17,0,0,0,5,5,5,22,17,22,0.5284,0.5284,0.0000,11,1,0,0,recheck,0,still,0
2130,26,3,1,624,18,0,2,0,23,0,1,15,8,0,0,0,0,0,0,23,23,23,0.5862,0.1465,0.0000,12,1,0,0,period_end,0,still,0
2130,50,1,1,554,18,1,4,0,15,0,1,0,15,0,0,0,5,5,5,20,15,20,0.5826,0.5826,0.0000,9,1,0,0,recheck,0,still,0
2130,126,2,1,497,18,0,1,1,19,0,1,0,19,0,2,0,5,5,5,24,17,22,0.3258,0.3258,0.0000,9,1,0,0,recheck,0,still,0
2130,149,1,1,1481,19,0,1,0,12,0,1,0,12,0,0,0,15,15,14,27,12,26,0.4407,0.4407,0.0000,8,1,0,0,recheck,0,still,0
2130,163,1,1,462,17,0,1,1,18,0,1,0,18,0,2,0,6,6,5,24,16,21,0.4063,0.4063,0.0000,8,1,0,0,recheck,0,still,0
2131,40,1,1,1398,13,0,1,0,2,0,1,0,2,0,0,0,18,18,18,20,2,20,0.4329,0.4329,0.0000,8,1,0,0,recheck,0,still,0
2131,130,1,1,655,19,2,4,0,15,0,1,0,15,0,0,2,5,5,5,20,17,22,0.6209,0.6209,0.0000,10,1,0,0,recheck,0,still,0
2131,180,1,1,69,14,0,4,0,18,0,0,18,0,0,2,0,0,0,0,18,16,16,0.7017,0.0000,0.0000,11,0,0,1,recheck,0,still,0
2132,3,2,1,1431,14,0,1,0,5,0,1,0,5,0,0,0,15,15,15,20,5,20,0.3726,0.3726,0.0000,7,1,0,0,recheck,0,still,0
2132,14,1,1,647,20,0,1,0,18,0,1,0,18,0,0,0,4,4,6,22,18,24,0.5910,0.5910,0.0000,9,1,0,0,recheck,0,still,0
2132,113,1,1,1425,14,0,2,0,5,0,1,0,5,0,0,1,16,16,14,21,6,20,0.3797,0.3797,0.0000,8,1,0,0,recheck,0,still,0
2133,103,1,0,-1,2,0,6,1,2,0,0,2,0,0,0,0,0,0,0,2,2,2,0.0358,0.0000,0.0000,1,0,0,0,,0,hop,1
2133,151,1,1,597,21,1,2,0,18,0,1,0,18,0,0,0,8,8,6,26,18,24,0.5875,0.5875,0.0000,13,1,0,0,recheck,0,still,0
2134,13,2,1,554,19,1,2,0,18,0,1,0,18,0,0,0,6,6,7,24,18,25,0.6266,0.6266,0.0000,11,1,0,0,recheck,0,still,0
2134,35,2,1,1284,17,0,1,0,6,0,1,0,6,0,0,0,15,15,16,21,6,22,0.3900,0.3900,0.0000,7,1,0,0,period_end,0,still,0
2134,79,1,1,565,17,1,2,0,12,0,1,0,12,0,0,0,7,7,8,19,12,20,0.5649,0.5649,0.0000,9,1,0,0,recheck,0,still,0
2134,90,1,1,485,17,0,2,1,22,0,1,16,6,0,2,0,0,0,0,22,20,20,0.6458,0.1360,0.0000,13,1,0,0,recheck,0,still,0
2134,118,3,1,1639,22,0,1,0,17,0,1,0,17,0,0,0,10,10,10,27,17,27,0.4003,0.4003,0.0000,11,1,0,0,period_end,0,still,0
2135,11,1,1,1648,21,0,3,0,15,0,1,0,15,0,0,0,8,8,10,23,15,25,0.5541,0.5541,0.0000,9,1,0,0,recheck,0,still,0
2135,12,2,1,494,19,0,1,0,17,0,1,0,17,0,0,0,7,7,8,24,17,25,0.5534,0.5534,0.0000,10,1,0,0,recheck,0,still,0
2135,23,2,1,640,16,1,2,0,22,0,1,9,13,0,0,0,3,3,3,25,22,25,0.5188,0.3891,0.0000,10,1,0,0,period_end,0,still,0
2135,170,2,1,596,16,1,4,0,12,0,1,0,12,0,0,0,8,8,8,20,12,20,0.5138,0.5138,0.0000,9,1,0,0,recheck,0,still,0
2136,9,1,1,1486,18,0,1,0,12,0,1,0,12,0,0,0,12,12,12,24,12,24,0.5172,0.5172,0.0000,9,1,0,0,recheck,0,still,0
2136,34,1,0,-1,3,1,5,0,4,0,0,4,0,0,0,0,0,0,0,4,4,4,0.1079,0.0000,0.0000,2,0,0,0,,0,hop,1
2136,58,1,1,599,15,0,2,0,21,0,1,9,12,0,0,0,3,3,3,24,21,24,0.5413,0.3970,0.0000,9,1,0,0,recheck,0,still,0
2136,80,1,1,489,18,1,2,0,13,0,1,0,13,0,0,0,7,7,7,20,13,20,0.4965,0.4965,0.0000,8,1,0,0,recheck,0,still,0
2136,115,2,1,1618,14,0,1,0,3,0,1,0,3,0,0,0,19,19,18,22,3,21,0.2694,0.2694,0.0000,7,1,0,0,recheck,0,still,0
2136,119,1,1,1192,20,0,2,0,17,0,1,0,17,0,0,0,10,10,7,27,17,24,0.4712,0.4712,0.0000,11,1,0,0,recheck,0,still,0
2137,10,1,1,494,21,2,3,0,13,0,1,0,13,0,0,0,11,11,12,24,13,25,0.5541,0.5541,0.0000,9,1,0,0,recheck,0,still,0
2137,25,2,1,825,18,1,2,0,21,0,1,10,11,0,0,0,2,2,2,23,21,23,0.5176,0.3235,0.0000,10,1,0,0,recheck,0,still,0
2137,54,2,1,478,18,3,4,0,18,0,1,3,15,0,0,0,7,7,7,25,18,25,0.5741,0.5741,0.0000,11,1,0,0,recheck,0,still,0
2137,141,2,1,412,17,0,1,0,15,0,1,0,15,0,0,0,7,7,7,22,15,22,0.5723,0.5723,0.0000,11,1,0,0,recheck,0,still,0
2137,183,1,1,589,19,0,1,0,18,0,1,0,18,0,2,0,6,6,6,24,16,22,0.5430,0.5430,0.0000,10,1,0,0,recheck,0,still,0
2138,76,3,1,563,19,0,1,0,18,0,1,0,18,0,0,0,6,6,6,24,18,24,0.5656,0.5656,0.0000,12,1,0,0,recheck,0,still,0
2138,84,1,1,533,18,1,2,0,21,0,1,7,14,0,0,0,5,5,5,26,21,26,0.6092,0.6092,0.0000,11,1,0,0,recheck,0,still,0
2138,117,3,1,1598,15,0,1,0,13,0,1,0,13,0,0,0,15,15,15,28,13,28,0.4250,0.4250,0.0000,10,1,0,0,recheck,0,still,0
2138,132,1,1,374,18,0,3,0,19,0,1,18,1,0,0,2,0,0,0,19,21,21,0.7169,0.0358,0.0000,12,1,0,1,recheck,0,still,0
2139,2,1,1,1303,15,0,1,0,6,0,1,0,6,0,0,0,15,15,14,21,6,20,0.3775,0.3775,0.0000,6,1,0,0,recheck,0,still,0
2139,7,2,1,1504,15,0,2,0,9,0,1,0,9,0,0,0,16,16,16,25,9,25,0.4208,0.4208,0.0000,9,1,0,0,recheck,0,still,0
2139,47,2,1,593,20,0,2,0,17,0,1,0,17,0,0,1,5,5,6,22,18,24,0.6126,0.6126,0.0000,12,1,0,0,recheck,0,still,0
2140,16,1,1,628,15,2,4,0,13,0,1,0,13,0,0,0,8,8,8,21,13,21,0.4991,0.4991,0.0000,8,1,0,0,period_end,0,still,0
2141,44,1,1,1723,21,1,3,0,12,0,1,0,12,0,0,0,10,10,12,22,12,24,0.5115,0.5115,0.0000,9,1,0,0,recheck,0,still,0
2141,56,1,1,696,19,0,4,0,19,0,1,4,15,0,0,0,7,7,7,26,19,26,0.5418,0.5418,0.0000,10,1,0,0,recheck,0,still,0
2141,92,1,0,-1,16,3,4,0,17,0,1,16,1,0,0,1,0,0,0,17,18,18,0.5840,0.0000,0.0000,9,0,0,0,,0,pending,0
2141,123,2,1,1369,13,0,3,0,3,0,1,0,3,0,0,0,16,16,16,19,3,19,0.3550,0.3550,0.0000,7,1,0,0,period_end,0,still,0
2141,140,1,1,614,20,0,2,0,17,0,1,0,17,0,0,0,6,6,6,23,17,23,0.6727,0.6727,0.0000,13,1,0,0,recheck,0,still,0
2141,154,2,1,1509,18,0,1,0,6,0,1,0,6,0,0,0,16,16,16,22,6,22,0.3717,0.3717,0.0000,10,1,0,0,recheck,0,still,0
2142,92,1,0,-1,16,3,4,0,17,0,1,16,1,0,0,1,0,0,0,17,18,18,0.5840,0.0000,0.0000,9,0,0,0,,0,hop,1
2142,118,3,1,1647,22,0,1,0,16,0,1,0,16,0,0,0,11,11,11,27,16,27,0.4003,0.4003,0.0000,11,1,0,0,recheck,0,still,0
2142,157,2,1,1445,17,0,2,0,6,0,1,0,6,0,0,0,16,16,16,22,6,22,0.3241,0.3241,0.0000,7,1,0,0,recheck,0,still,0
2142,158,1,1,1399,16,1,2,0,4,0,1,0,4,0,0,0,16,16,15,20,4,19,0.2596,0.2596,0.0000,5,1,0,0,recheck,0,still,0
2142,168,1,1,774,17,0,1,1,23,0,1,7,16,0,2,0,6,6,4,29,21,25,0.3737,0.3737,0.0000,9,1,0,0,recheck,0,still,0
2142,189,1,1,1560,13,0,2,1,5,0,1,0,5,0,0,0,17,17,13,22,5,18,0.4353,0.4353,0.0000,10,1,0,0,recheck,0,still,0
2143,14,1,1,658,20,0,1,0,18,0,1,0,18,0,0,0,4,4,6,22,18,24,0.5910,0.5910,0.0000,9,1,0,0,period_end,0,still,0
2143,15,1,1,672,17,3,4,0,13,0,1,0,13,0,1,1,6,6,6,19,13,19,0.6058,0.6058,0.0000,10,1,0,0,recheck,0,still,0
2143,51,1,1,489,18,0,4,0,14,0,1,0,14,0,1,0,8,8,8,22,13,21,0.5608,0.5608,0.0000,9,1,0,0,recheck,0,still,0
2143,128,1,1,552,17,0,1,0,21,0,1,4,17,0,2,0,7,7,6,28,19,25,0.4012,0.4012,0.0000,9,1,0,0,recheck,0,still,0
2144,26,3,1,638,18,0,2,0,23,0,1,15,8,0,0,0,0,0,0,23,23,23,0.5862,0.1466,0.0000,12,1,0,0,recheck,0,still,0
2144,86,1,1,693,19,0,2,0,20,0,1,10,10,0,0,0,2,2,3,22,20,23,0.5752,0.3595,0.0000,10,1,0,0,recheck,0,still,0
2144,88,1,1,407,18,0,1,0,22,0,1,15,7,0,0,0,0,0,1,22,22,23,0.6455,0.2152,0.0000,11,1,0,0,recheck,0,still,0
2144,146,2,1,1532,13,0,2,0,3,0,1,0,3,0,1,0,19,19,18,22,2,20,0.4019,0.4019,0.0000,11,1,0,0,recheck,0,still,0
2144,166,2,1,542,18,0,1,0,22,0,1,4,18,0,2,0,8,8,8,30,20,28,0.3739,0.3739,0.0000,10,1,0,0,recheck,0,still,0
2144,182,1,1,672,21,0,2,0,17,0,1,0,17,0,0,0,7,7,7,24,17,24,0.6297,0.6297,0.0000,14,1,0,0,recheck,0,still,0
2145,16,1,1,633,15,2,4,0,13,0,1,0,13,0,0,0,8,8,8,21,13,21,0.4991,0.4991,0.0000,8,1,0,0,recheck,0,still,0
2145,72,2,1,1448,17,0,1,0,5,0,1,0,5,0,0,0,17,17,17,22,5,22,0.3642,0.3642,0.0000,6,1,0,0,recheck,0,still,0
2145,114,1,1,1409,14,1,2,0,2,0,1,0,2,0,0,0,18,18,16,20,2,18,0.3228,0.3228,0.0000,7,1,0,0,recheck,0,still,0
2146,131,2,1,360,16,0,1,0,24,0,1,10,14,0,2,0,3,3,3,27,22,25,0.4210,0.2724,0.0000,11,1,0,0,recheck,0,still,0
2146,153,1,1,1473,16,0,2,0,5,0,1,0,5,0,0,0,16,16,15,21,5,20,0.2901,0.2901,0.0000,7,1,0,0,recheck,0,still,0
2146,169,1,1,569,19,1,2,0,15,0,1,0,15,0,0,1,4,4,5,19,16,21,0.7091,0.7091,0.0000,12,1,0,1,recheck,0,still,0
2146,194,1,1,1202,21,1,2,0,16,0,1,0,16,0,0,0,12,12,9,28,16,25,0.4886,0.4886,0.0000,13,1,0,0,recheck,0,still,0
2147,28,2,1,354,18,0,2,0,24,0,1,18,6,0,1,0,0,0,0,24,23,23,0.6260,0.0626,0.0000,12,1,0,0,recheck,0,still,0
2147,142,2,1,497,18,0,2,0,14,0,1,0,14,0,0,3,7,7,7,21,17,24,0.5695,0.5695,0.0000,11,1,0,0,recheck,0,still,0
2147,159,1,1,1393,9,2,3,0,0,0,1,0,0,0,0,0,12,12,12,12,0,12,0.1742,0.1742,0.0000,3,1,0,0,recheck,0,still,0
2148,35,2,1,1298,17,0,1,0,2,0,1,0,2,0,0,0,19,19,20,21,2,22,0.3900,0.3900,0.0000,7,1,0,0,recheck,0,still,0
2148,77,3,1,608,16,3,4,0,15,0,1,0,15,0,0,0,9,9,9,24,15,24,0.5550,0.5550,0.0000,12,1,0,0,recheck,0,still,0
2148,116,2,1,1429,14,0,1,0,7,0,1,0,7,0,0,0,19,19,18,26,7,25,0.3504,0.3504,0.0000,9,1,0,0,recheck,0,still,0
2148,143,1,1,394,16,5,7,0,21,0,1,19,2,0,1,1,0,0,0,21,21,21,0.7140,0.0680,0.0000,13,1,0,1,recheck,0,still,0
2149,55,2,1,566,20,1,4,0,19,0,1,4,15,0,0,0,7,7,7,26,19,26,0.6165,0.6165,0.0000,13,1,0,0,recheck,0,still,0
2150,83,2,1,246,17,0,2,0,22,0,1,8,14,0,0,0,4,4,4,26,22,26,0.5047,0.4417,0.0000,10,1,0,0,recheck,0,still,0
2150,188,1,1,1517,15,1,2,0,2,0,1,0,2,0,0,0,21,21,18,23,2,20,0.3243,0.3243,0.0000,9,1,0,0,recheck,0,still,0
2151,21,2,1,713,18,2,4,0,17,0,1,3,14,0,0,0,8,8,8,25,17,25,0.5519,0.5519,0.0000,11,1,0,0,recheck,0,still,0
2151,77,3,1,611,16,3,4,0,15,0,1,0,15,0,0,0,9,9,9,24,15,24,0.5550,0.5550,0.0000,12,1,0,0,period_end,0,still,0
2151,145,1,1,1559,14,1,2,0,1,0,1,0,1,0,0,1,19,19,17,20,2,19,0.3804,0.3804,0.0000,8,1,0,0,recheck,0,still,0
2152,23,2,1,657,16,1,2,0,21,0,1,8,13,0,0,0,3,3,3,24,21,24,0.5191,0.3893,0.0000,10,1,0,0,recheck,0,still,0
2152,161,2,1,662,17,0,1,0,15,0,1,0,15,0,1,0,9,9,9,24,14,23,0.3780,0.3780,0.0000,9,1,0,0,period_end,0,still,0
2153,4,2,1,1519,15,0,1,0,1,0,1,0,1,0,0,0,19,19,19,20,1,20,0.3714,0.3714,0.0000,8,1,0,0,recheck,0,still,0
2153,171,1,1,586,18,0,1,0,25,0,1,12,13,0,3,0,2,2,2,27,22,24,0.4248,0.2655,0.0000,12,1,0,0,recheck,0,still,0
2154,49,2,1,568,15,0,4,0,14,0,1,0,14,0,0,0,7,7,7,21,14,21,0.5741,0.5741,0.0000,10,1,0,0,recheck,0,still,0
2154,115,2,1,1636,14,0,1,0,3,0,1,0,3,0,0,0,20,20,19,23,3,22,0.2694,0.2694,0.0000,7,1,0,0,period_end,0,still,0
2155,68,3,1,1248,15,1,2,0,2,0,1,0,2,0,0,0,19,19,19,21,2,21,0.3583,0.3583,0.0000,7,1,0,0,recheck,0,still,0
2155,139,1,1,470,20,1,2,0,19,0,1,0,19,0,0,0,5,5,4,24,19,23,0.5350,0.5350,0.0000,12,1,0,0,recheck,0,still,0
2156,57,1,1,787,20,0,1,0,21,0,1,6,15,0,0,0,5,5,5,26,21,26,0.6162,0.6162,0.0000,11,1,0,0,recheck,0,still,0
2156,127,1,1,533,19,0,2,1,18,0,1,1,17,0,3,0,7,7,7,25,15,22,0.4309,0.4309,0.0000,10,1,0,0,recheck,0,still,0
2156,135,1,1,775,18,0,1,0,25,0,1,13,12,0,4,0,1,1,1,26,21,22,0.4239,0.1590,0.0000,11,1,0,0,recheck,0,still,0
2156,176,1,1,405,19,0,1,1,25,0,1,15,10,0,3,0,0,0,0,25,22,22,0.4496,0.1058,0.0000,11,1,0,0,recheck,0,still,0
2157,89,1,1,847,19,1,2,0,21,0,1,16,5,0,0,1,0,0,0,21,22,22,0.6811,0.1792,0.0000,12,1,0,0,recheck,0,still,0
2158,1,2,1,1415,18,0,2,0,2,0,1,0,2,0,0,0,19,19,19,21,2,21,0.3623,0.3623,0.0000,7,1,0,0,recheck,0,still,0
2158,2,1,1,1322,15,0,1,0,2,0,1,0,2,0,0,0,19,19,18,21,2,20,0.3775,0.3775,0.0000,6,1,0,0,period_end,0,still,0
2158,87,1,1,800,19,1,2,0,22,0,1,13,9,0,0,0,1,1,2,23,22,24,0.6695,0.3171,0.0000,11,1,0,0,recheck,0,still,0
2158,165,1,1,521,18,1,2,0,18,0,1,1,17,0,3,0,7,7,7,25,15,22,0.4224,0.4224,0.0000,11,1,0,0,recheck,0,still,0
2158,195,1,1,1513,17,1,2,0,2,0,1,0,2,0,0,0,20,20,18,22,2,20,0.3706,0.3706,0.0000,10,1,0,0,recheck,0,still,0
2159,8,2,1,1327,15,0,1,0,11,0,1,0,11,0,0,0,14,14,14,25,11,25,0.3957,0.3957,0.0000,9,1,0,0,recheck,0,still,0
2159,19,3,1,635,18,0,2,0,18,0,1,3,15,0,0,0,8,8,8,26,18,26,0.6182,0.6182,0.0000,13,1,0,0,recheck,0,still,0
2159,91,1,1,482,19,0,1,0,23,0,1,19,4,0,1,1,0,0,0,23,23,23,0.6243,0.0986,0.0000,13,1,0,0,recheck,0,still,0
2159,199,1,1,1449,12,1,3,0,0,0,1,0,0,0,0,0,14,14,14,14,0,14,0.2621,0.2621,0.0000,4,1,0,0,recheck,0,still,0
2160,5,2,1,1528,15,0,1,0,2,0,1,0,2,0,0,0,19,19,19,21,2,21,0.4003,0.4003,0.0000,9,1,0,0,recheck,0,still,0
2160,6,2,1,1529,14,1,2,0,7,0,1,0,7,0,0,0,17,17,17,24,7,24,0.4231,0.4231,0.0000,9,1,0,0,recheck,0,still,0
2160,17,3,1,716,17,0,2,0,16,0,1,1,15,0,0,0,7,7,7,23,16,23,0.5302,0.5302,0.0000,11,1,0,0,recheck,0,still,0
2160,50,1,1,584,18,1,4,0,13,0,1,0,13,0,0,0,7,7,7,20,13,20,0.5835,0.5835,0.0000,9,1,0,0,recheck,0,still,0
2160,126,2,1,527,18,0,1,1,18,0,1,1,17,0,2,0,7,7,7,25,16,23,0.3258,0.3258,0.0000,9,1,0,0,recheck,0,still,0
2160,149,1,1,1511,19,0,1,0,13,0,1,0,13,0,0,0,14,14,13,27,13,26,0.4407,0.4407,0.0000,8,1,0,0,recheck,0,still,0
2160,163,1,1,492,17,0,1,1,17,0,1,0,17,0,3,0,7,7,7,24,14,21,0.4063,0.4063,0.0000,8,1,0,0,recheck,0,still,0
2161,40,1,1,1428,13,0,1,0,2,0,1,0,2,0,0,0,18,18,18,20,2,20,0.4329,0.4329,0.0000,8,1,0,0,recheck,0,still,0
2161,130,1,1,685,19,2,4,0,14,0,1,0,14,0,0,2,6,6,6,20,16,22,0.6572,0.6572,0.0000,11,1,0,0,recheck,0,still,0
2161,180,1,1,99,14,0,7,0,18,0,0,18,0,0,2,0,0,0,0,18,16,16,0.7019,0.0000,0.0000,11,0,0,1,recheck,0,still,0
2162,3,2,1,1461,14,0,1,0,2,0,1,0,2,0,0,0,18,18,18,20,2,20,0.3726,0.3726,0.0000,7,1,0,0,recheck,0,still,0
2162,14,1,1,677,20,0,1,0,19,0,1,0,19,0,0,0,3,3,5,22,19,24,0.5910,0.5910,0.0000,9,1,0,0,recheck,0,still,0
2162,113,1,1,1455,14,0,2,0,2,0,1,0,2,0,0,0,19,19,18,21,2,20,0.3797,0.3797,0.0000,8,1,0,0,recheck,0,still,0
2163,66,1,0,-1,11,0,3,0,13,0,0,13,0,0,0,0,0,0,0,13,13,13,0.5515,0.0000,0.0000,8,0,0,0,,0,hop,1
2163,151,1,1,627,21,1,2,0,17,0,1,0,17,0,0,0,9,9,7,26,17,24,0.5875,0.5875,0.0000,13,1,0,0,recheck,0,still,0
2164,13,2,1,584,19,1,2,0,17,0,1,0,17,0,0,0,7,7,8,24,17,25,0.6266,0.6266,0.0000,11,1,0,0,recheck,0,still,0
2164,79,1,1,595,17,1,2,0,13,0,1,1,12,0,0,0,7,7,8,20,13,21,0.5652,0.5652,0.0000,9,1,0,0,recheck,0,still,0
2164,90,1,1,515,17,0,2,1,22,0,1,16,6,0,2,0,0,0,0,22,20,20,0.6457,0.1359,0.0000,13,1,0,0,recheck,0,still,0
2165,11,1,1,1678,21,0,3,0,14,0,1,0,14,0,0,0,9,9,11,23,14,25,0.5541,0.5541,0.0000,9,1,0,0,recheck,0,still,0
2165,12,2,1,524,19,0,1,0,16,0,1,0,16,0,0,0,8,8,9,24,16,25,0.5534,0.5534,0.0000,10,1,0,0,recheck,0,still,0
2165,170,2,1,626,16,1,4,0,13,0,1,0,13,0,0,0,7,7,7,20,13,20,0.5137,0.5137,0.0000,9,1,0,0,recheck,0,still,0
2165,177,1,0,-1,18,6,7,0,20,0,1,19,1,0,0,2,0,0,0,20,22,22,0.5684,0.0334,0.0000,10,0,1,0,,0,hop,1
2166,9,1,1,1516,18,0,1,0,10,0,1,0,10,0,0,0,14,14,14,24,10,24,0.5172,0.5172,0.0000,9,1,0,0,recheck,0,still,0
2166,58,1,1,629,15,0,2,0,20,0,1,8,12,0,0,0,3,3,3,23,20,23,0.5414,0.3970,0.0000,9,1,0,0,recheck,0,still,0
2166,80,1,1,519,18,1,2,0,14,0,1,1,13,0,0,0,7,7,7,21,14,21,0.4973,0.4973,0.0000,8,1,0,0,recheck,0,still,0
2166,115,2,1,1648,14,0,1,0,2,0,1,0,2,0,0,0,21,21,20,23,2,22,0.2694,0.2694,0.0000,7,1,0,0,recheck,0,still,0
2166,119,1,1,1222,20,0,2,0,16,0,1,0,16,0,0,0,11,11,8,27,16,24,0.4712,0.4712,0.0000,11,1,0,0,recheck,0,still,0
2167,10,1,1,524,21,2,3,0,12,0,1,0,12,0,0,0,12,12,13,24,12,25,0.5541,0.5541,0.0000,9,1,0,0,recheck,0,still,0
2167,25,2,1,855,18,1,2,0,21,0,1,10,11,0,0,0,2,2,2,23,21,23,0.5179,0.3237,0.0000,10,1,0,0,recheck,0,still,0
2167,54,2,1,508,18,3,4,0,18,0,1,3,15,0,0,0,7,7,7,25,18,25,0.5744,0.5744,0.0000,11,1,0,0,recheck,0,still,0
2167,141,2,1,442,17,0,1,0,15,0,1,0,15,0,0,0,7,7,7,22,15,22,0.5730,0.5730,0.0000,11,1,0,0,recheck,0,still,0
2167,183,1,1,619,18,0,1,0,17,0,1,0,17,0,1,0,6,6,5,23,16,21,0.5753,0.5753,0.0000,11,1,0,0,recheck,0,still,0
2168,11,1,1,1681,21,0,3,0,14,0,1,0,14,0,0,0,9,9,11,23,14,25,0.5541,0.5541,0.0000,9,1,0,0,period_end,0,still,0
2168,76,3,1,593,19,0,1,0,18,0,1,0,18,0,0,0,6,6,6,24,18,24,0.5656,0.5656,0.0000,12,1,0,0,recheck,0,still,0
2168,84,1,1,563,18,1,2,0,21,0,1,7,14,0,0,0,5,5,5,26,21,26,0.6130,0.6130,0.0000,11,1,0,0,recheck,0,still,0
2168,117,3,1,1628,15,0,1,0,12,0,1,0,12,0,0,0,16,16,16,28,12,28,0.4250,0.4250,0.0000,10,1,0,0,recheck,0,still,0
2168,132,1,1,404,18,4,6,0,20,0,1,19,1,0,0,2,0,0,0,20,22,22,0.7169,0.0358,0.0000,12,1,0,1,recheck,0,still,0
2169,2,1,1,1333,15,0,1,0,2,0,1,0,2,0,0,0,19,19,18,21,2,20,0.3775,0.3775,0.0000,6,1,0,0,recheck,0,still,0
2169,7,2,1,1534,15,0,2,0,7,0,1,0,7,0,0,0,18,18,18,25,7,25,0.4208,0.4208,0.0000,9,1,0,0,recheck,0,still,0
2169,47,2,1,623,20,0,2,0,16,0,1,0,16,0,0,1,6,6,7,22,17,24,0.6126,0.6126,0.0000,12,1,0,0,recheck,0,still,0
2171,44,1,1,1753,21,1,3,0,11,0,1,0,11,0,0,0,11,11,13,22,11,24,0.5115,0.5115,0.0000,9,1,0,0,recheck,0,still,0
2171,56,1,1,726,19,0,4,0,19,0,1,4,15,0,0,0,7,7,7,26,19,26,0.5418,0.5418,0.0000,10,1,0,0,recheck,0,still,0
2171,123,2,1,1399,13,0,3,0,0,0,1,0,0,0,0,0,19,19,19,19,0,19,0.3550,0.3550,0.0000,7,1,0,0,recheck,0,still,0
2171,140,1,1,644,20,0,2,0,16,0,1,0,16,0,0,0,7,7,7,23,16,23,0.6762,0.6762,0.0000,13,1,0,0,recheck,0,still,0
2171,154,2,1,1539,18,0,1,0,2,0,1,0,2,0,0,0,20,20,20,22,2,22,0.3717,0.3717,0.0000,10,1,0,0,recheck,0,still,0
2172,118,3,1,1677,22,0,1,0,15,0,1,0,15,0,0,0,12,12,12,27,15,27,0.4503,0.4503,0.0000,13,1,0,0,recheck,0,still,0
2172,157,2,1,1475,17,0,2,0,2,0,1,0,2,0,0,0,20,20,20,22,2,22,0.3241,0.3241,0.0000,7,1,0,0,recheck,0,still,0
2172,158,1,1,1429,16,1,2,0,1,0,1,0,1,0,0,0,19,19,18,20,1,19,0.2596,0.2596,0.0000,5,1,0,0,recheck,0,still,0
2172,168,1,1,804,17,0,1,1,22,0,1,6,16,0,2,0,6,6,4,28,20,24,0.3737,0.3737,0.0000,9,1,0,0,recheck,0,still,0
2172,189,1,1,1590,13,0,2,1,2,0,1,0,2,0,0,0,20,20,16,22,2,18,0.4353,0.4353,0.0000,10,1,0,0,recheck,0,still,0
2173,15,1,1,702,17,3,4,0,14,0,1,0,14,0,1,0,5,5,6,19,13,19,0.6058,0.6058,0.0000,10,1,0,0,recheck,0,still,0
2173,51,1,1,519,18,0,4,0,15,0,1,1,14,0,1,0,8,8,8,23,14,22,0.5622,0.5622,0.0000,9,1,0,0,recheck,0,still,0
2173,107,3,0,-1,17,1,6,0,19,0,1,18,1,0,0,0,0,0,0,19,19,19,0.6769,0.0294,0.0000,14,0,1,0,,0,pending,0
2173,128,1,1,582,17,0,1,0,21,0,1,4,17,0,2,0,7,7,6,28,19,25,0.4012,0.4012,0.0000,9,1,0,0,recheck,0,still,0
2174,26,3,1,668,18,0,2,0,23,0,1,15,8,0,0,0,0,0,0,23,23,23,0.5868,0.1467,0.0000,12,1,0,0,recheck,0,still,0
2174,86,1,1,723,19,0,2,0,20,0,1,10,10,0,0,0,2,2,3,22,20,23,0.5752,0.3595,0.0000,10,1,0,0,recheck,0,still,0
2174,88,1,1,437,18,0,1,0,22,0,1,15,7,0,0,0,0,0,1,22,22,23,0.6455,0.2152,0.0000,11,1,0,0,recheck,0,still,0
2174,107,3,0,-1,17,1,6,0,19,0,1,18,1,0,0,0,0,0,0,19,19,19,0.6769,0.0294,0.0000,14,0,1,0,,0,hop,1
2174,146,2,1,1562,13,0,2,0,1,0,1,0,1,0,0,0,21,21,19,22,1,20,0.4024,0.4024,0.0000,11,1,0,0,recheck,0,still,0
2174,166,2,1,572,18,0,1,0,22,0,1,4,18,0,2,0,8,8,8,30,20,28,0.3739,0.3739,0.0000,10,1,0,0,recheck,0,still,0
2174,182,1,1,702,22,0,2,0,16,0,1,0,16,0,0,0,8,8,8,24,16,24,0.6427,0.6427,0.0000,14,1,0,0,recheck,0,still,0
2175,16,1,1,663,15,2,4,0,14,0,1,1,13,0,0,0,8,8,8,22,14,22,0.5003,0.5003,0.0000,8,1,0,0,recheck,0,still,0
2175,72,2,1,1478,17,0,1,0,2,0,1,0,2,0,0,0,20,20,20,22,2,22,0.3642,0.3642,0.0000,6,1,0,0,recheck,0,still,0
2175,114,1,1,1439,14,1,2,0,1,0,1,0,1,0,0,0,19,19,17,20,1,18,0.3228,0.3228,0.0000,7,1,0,0,recheck,0,still,0
2176,131,2,1,390,16,0,1,0,24,0,1,10,14,0,2,0,3,3,3,27,22,25,0.4210,0.2724,0.0000,11,1,0,0,recheck,0,still,0
2176,153,1,1,1503,16,0,2,0,2,0,1,0,2,0,0,0,19,19,18,21,2,20,0.2901,0.2901,0.0000,7,1,0,0,recheck,0,still,0
2176,169,1,1,599,19,1,2,0,15,0,1,0,15,0,0,1,4,4,5,19,16,21,0.7095,0.7095,0.0000,12,1,0,1,recheck,0,still,0
2176,194,1,1,1232,21,1,2,0,15,0,1,0,15,0,0,0,13,13,10,28,15,25,0.4886,0.4886,0.0000,13,1,0,0,recheck,0,still,0
2177,28,2,1,384,18,0,2,0,24,0,1,18,6,0,1,0,0,0,0,24,23,23,0.5639,0.0627,0.0000,11,1,0,0,recheck,0,still,0
2177,142,2,1,527,18,0,2,0,14,0,1,0,14,0,0,2,7,7,8,21,16,24,0.5699,0.5699,0.0000,11,1,0,0,recheck,0,still,0
2177,144,2,0,-1,2,0,5,1,3,0,0,3,0,0,0,0,0,0,0,3,3,3,0.0647,0.0000,0.0000,2,0,0,0,,0,hop,1
2177,159,1,1,1423,9,2,3,0,0,0,1,0,0,0,0,0,12,12,12,12,0,12,0.1742,0.1742,0.0000,3,1,0,0,recheck,0,still,0
2178,35,2,1,1328,17,0,1,0,2,0,1,0,2,0,0,0,19,19,20,21,2,22,0.3900,0.3900,0.0000,7,1,0,0,recheck,0,still,0
2178,77,3,1,638,16,3,4,0,17,0,1,1,16,0,0,0,8,8,8,25,17,25,0.5552,0.5552,0.0000,12,1,0,0,recheck,0,still,0
2178,116,2,1,1459,14,0,1,0,5,0,1,0,5,0,0,0,21,21,20,26,5,25,0.3504,0.3504,0.0000,9,1,0,0,recheck,0,still,0
2178,143,1,1,424,17,5,6,0,22,0,1,20,2,0,1,1,0,0,0,22,22,22,0.7137,0.0680,0.0000,13,1,0,1,recheck,0,still,0
2179,55,2,1,596,20,1,4,0,18,0,1,3,15,0,0,0,7,7,7,25,18,25,0.6166,0.6166,0.0000,13,1,0,0,recheck,0,still,0
2180,83,2,1,276,17,0,2,0,21,0,1,7,14,0,0,0,4,4,4,25,21,25,0.5043,0.4413,0.0000,10,1,0,0,recheck,0,still,0
2180,188,1,1,1547,15,1,2,0,2,0,1,0,2,0,0,0,21,21,18,23,2,20,0.3243,0.3243,0.0000,9,1,0,0,recheck,0,still,0
2181,21,2,1,743,18,2,4,0,17,0,1,3,14,0,0,0,8,8,8,25,17,25,0.5527,0.5527,0.0000,11,1,0,0,recheck,0,still,0
2181,145,1,1,1589,14,1,2,0,2,0,1,0,2,0,0,0,19,19,17,21,2,19,0.4389,0.4389,0.0000,9,1,0,0,recheck,0,still,0
2182,23,2,1,687,16,1,2,0,21,0,1,8,13,0,0,0,3,3,3,24,21,24,0.5194,0.3896,0.0000,10,1,0,0,recheck,0,still,0
2182,161,2,1,692,17,0,1,0,17,0,1,1,16,0,1,0,8,8,8,25,16,24,0.3780,0.3780,0.0000,9,1,0,0,recheck,0,still,0
2183,4,2,1,1549,15,0,1,0,1,0,1,0,1,0,0,0,19,19,19,20,1,20,0.3714,0.3714,0.0000,8,1,0,0,recheck,0,still,0
2183,151,1,1,647,21,1,2,0,14,0,1,0,14,0,0,0,12,12,10,26,14,24,0.5875,0.5875,0.0000,13,1,0,0,period_end,0,still,0
2183,171,1,1,616,18,0,1,0,25,0,1,12,13,0,3,0,2,2,2,27,22,24,0.4248,0.2655,0.0000,12,1,0,0,recheck,0,still,0
2184,49,2,1,598,15,0,4,0,15,0,1,1,14,0,0,0,7,7,7,22,15,22,0.5750,0.5750,0.0000,10,1,0,0,recheck,0,still,0
2185,68,3,1,1278,15,1,2,0,2,0,1,0,2,0,0,0,19,19,19,21,2,21,0.3583,0.3583,0.0000,7,1,0,0,recheck,0,still,0
2185,139,1,1,500,20,1,2,0,16,0,1,0,16,0,0,0,8,8,7,24,16,23,0.5371,0.5371,0.0000,12,1,0,0,recheck,0,still,0
2186,57,1,1,817,20,0,1,0,20,0,1,5,15,0,0,0,5,5,5,25,20,25,0.6170,0.6170,0.0000,11,1,0,0,recheck,0,still,0
2186,127,1,1,563,19,0,2,1,20,0,1,1,19,0,3,0,5,5,5,25,17,22,0.4309,0.4309,0.0000,10,1,0,0,recheck,0,still,0
2186,135,1,1,805,18,0,1,0,25,0,1,13,12,0,4,0,1,1,1,26,21,22,0.3444,0.1590,0.0000,10,1,0,0,recheck,0,still,0
2186,176,1,1,435,19,0,1,1,25,0,1,15,10,0,3,0,0,0,0,25,22,22,0.4496,0.1058,0.0000,11,1,0,0,recheck,0,still,0
2187,89,1,1,877,19,1,2,0,21,0,1,16,5,0,0,1,0,0,0,21,22,22,0.6811,0.1792,0.0000,12,1,0,0,recheck,0,still,0
2187,174,1,0,-1,12,1,3,0,13,0,0,13,0,0,0,0,0,0,0,13,13,13,0.6594,0.0000,0.0000,10,0,0,0,,0,pending,0
2188,1,2,1,1445,18,0,2,0,2,0,1,0,2,0,0,0,19,19,19,21,2,21,0.3623,0.3623,0.0000,7,1,0,0,recheck,0,still,0
2188,87,1,1,830,19,1,2,0,22,0,1,13,9,0,0,0,1,1,2,23,22,24,0.6695,0.3171,0.0000,11,1,0,0,recheck,0,still,0
2188,165,1,1,551,18,1,2,0,20,0,1,1,19,0,3,0,5,5,5,25,17,22,0.4224,0.4224,0.0000,11,1,0,0,recheck,0,still,0
2188,174,1,0,-1,12,1,3,0,13,0,0,13,0,0,0,0,0,0,0,13,13,13,0.6594,0.0000,0.0000,10,0,0,0,,0,hop,1
2188,195,1,1,1543,17,1,2,0,2,0,1,0,2,0,0,0,20,20,18,22,2,20,0.3706,0.3706,0.0000,10,1,0,0,recheck,0,still,0
2189,8,2,1,1357,15,0,1,0,9,0,1,0,9,0,0,0,16,16,16,25,9,25,0.3957,0.3957,0.0000,9,1,0,0,recheck,0,still,0
2189,19,3,1,665,18,0,2,0,20,0,1,3,17,0,0,0,6,6,6,26,20,26,0.6184,0.6184,0.0000,13,1,0,0,recheck,0,still,0
2189,91,1,1,512,19,0,1,0,24,0,1,20,4,0,1,1,0,0,0,24,24,24,0.6239,0.0985,0.0000,13,1,0,0,recheck,0,still,0
2189,199,1,1,1479,12,1,3,0,0,0,1,0,0,0,0,0,14,14,14,14,0,14,0.2621,0.2621,0.0000,4,1,0,0,recheck,0,still,0
2190,5,2,1,1558,15,0,1,0,2,0,1,0,2,0,0,0,20,20,20,22,2,22,0.4003,0.4003,0.0000,9,1,0,0,recheck,0,still,0
2190,6,2,1,1559,14,1,2,0,5,0,1,0,5,0,0,0,19,19,19,24,5,24,0.4231,0.4231,0.0000,9,1,0,0,recheck,0,still,0
2190,17,3,1,746,17,0,2,0,18,0,1,1,17,0,0,0,5,5,5,23,18,23,0.5309,0.5309,0.0000,11,1,0,0,recheck,0,still,0
2190,50,1,1,614,18,1,4,0,16,0,1,1,15,0,0,0,5,5,5,21,16,21,0.5846,0.5846,0.0000,9,1,0,0,recheck,0,still,0
2190,126,2,1,557,18,0,1,1,20,0,1,1,19,0,2,0,5,5,5,25,18,23,0.3258,0.3258,0.0000,9,1,0,0,recheck,0,still,0
2190,149,1,1,1541,19,0,1,0,10,0,1,0,10,0,0,0,17,17,16,27,10,26,0.4407,0.4407,0.0000,8,1,0,0,recheck,0,still,0
2190,163,1,1,522,17,0,1,1,19,0,1,1,18,0,2,0,6,6,5,25,17,22,0.4063,0.4063,0.0000,8,1,0,0,recheck,0,still,0
2191,40,1,1,1458,13,0,1,0,1,0,1,0,1,0,0,0,19,19,19,20,1,20,0.4329,0.4329,0.0000,8,1,0,0,recheck,0,still,0
2191,130,1,1,715,19,2,4,0,14,0,1,0,14,0,0,2,6,6,6,20,16,22,0.6572,0.6572,0.0000,11,1,0,0,recheck,0,still,0
2191,180,1,1,129,14,0,7,0,18,0,0,18,0,0,2,0,0,0,0,18,16,16,0.7351,0.0000,0.0000,12,0,0,1,recheck,0,still,0
2192,3,2,1,1491,14,0,1,0,2,0,1,0,2,0,0,0,18,18,18,20,2,20,0.3726,0.3726,0.0000,7,1,0,0,recheck,0,still,0
2192,14,1,1,707,20,0,1,0,16,0,1,0,16,0,0,0,6,6,8,22,16,24,0.5910,0.5910,0.0000,9,1,0,0,recheck,0,still,0
2192,113,1,1,1485,14,0,2,0,2,0,1,0,2,0,0,0,19,19,18,21,2,20,0.3797,0.3797,0.0000,8,1,0,0,recheck,0,still,0
2193,151,1,1,657,21,1,2,0,15,0,1,0,15,0,0,0,11,11,9,26,15,24,0.5875,0.5875,0.0000,13,1,0,0,recheck,0,still,0
2194,8,2,1,1362,15,0,1,0,9,0,1,0,9,0,0,0,16,16,16,25,9,25,0.3957,0.3957,0.0000,9,1,0,0,period_end,0,still,0
2194,13,2,1,614,19,1,2,0,15,0,1,0,15,0,0,0,9,9,10,24,15,25,0.6266,0.6266,0.0000,11,1,0,0,recheck,0,still,0
2194,79,1,1,625,17,1,2,0,15,0,1,1,14,0,0,0,5,5,6,20,15,21,0.5651,0.5651,0.0000,9,1,0,0,recheck,0,still,0
2194,90,1,1,545,17,0,2,1,23,0,1,17,6,0,2,0,0,0,0,23,21,21,0.6459,0.1360,0.0000,13,1,0,0,recheck,0,still,0
2195,11,1,1,1708,21,0,3,0,12,0,1,0,12,0,0,0,11,11,13,23,12,25,0.5541,0.5541,0.0000,9,1,0,0,recheck,0,still,0
2195,12,2,1,554,19,0,1,0,14,0,1,0,14,0,0,0,10,10,11,24,14,25,0.5534,0.5534,0.0000,10,1,0,0,recheck,0,still,0
2195,170,2,1,656,16,1,4,0,15,0,1,1,14,0,0,0,6,6,6,21,15,21,0.5145,0.5145,0.0000,9,1,0,0,recheck,0,still,0
2196,9,1,1,1546,18,0,1,0,9,0,1,0,9,0,0,0,15,15,15,24,9,24,0.5172,0.5172,0.0000,9,1,0,0,recheck,0,still,0
2196,58,1,1,659,15,0,2,0,19,0,1,7,12,0,0,0,3,3,3,22,19,22,0.5413,0.3969,0.0000,9,1,0,0,recheck,0,still,0
2196,80,1,1,549,18,1,2,0,16,0,1,1,15,0,0,0,5,5,5,21,16,21,0.4972,0.4972,0.0000,8,1,0,0,recheck,0,still,0
2196,115,2,1,1678,14,0,1,0,2,0,1,0,2,0,0,0,21,21,20,23,2,22,0.2694,0.2694,0.0000,7,1,0,0,recheck,0,still,0
2196,119,1,1,1252,20,0,2,0,14,0,1,0,14,0,0,0,13,13,10,27,14,24,0.4712,0.4712,0.0000,11,1,0,0,recheck,0,still,0
2197,10,1,1,554,21,2,3,0,10,0,1,0,10,0,0,0,14,14,15,24,10,25,0.5541,0.5541,0.0000,9,1,0,0,recheck,0,still,0
2197,25,2,1,885,18,1,2,0,21,0,1,10,11,0,0,0,2,2,2,23,21,23,0.5187,0.3242,0.0000,10,1,0,0,recheck,0,still,0
2197,54,2,1,538,18,3,4,0,19,0,1,2,17,0,0,0,5,5,5,24,19,24,0.5740,0.5740,0.0000,11,1,0,0,recheck,0,still,0
2197,141,2,1,472,17,0,1,0,16,0,1,1,15,0,0,0,7,7,7,23,16,23,0.5747,0.5747,0.0000,11,1,0,0,recheck,0,still,0
2197,183,1,1,649,18,0,1,0,16,0,1,0,16,0,1,0,7,7,6,23,15,21,0.5780,0.5780,0.0000,11,1,0,0,recheck,0,still,0
2198,76,3,1,623,20,0,1,0,17,0,1,0,17,0,0,0,7,7,7,24,17,24,0.5656,0.5656,0.0000,12,1,0,0,recheck,0,still,0
2198,84,1,1,593,18,1,2,0,20,0,1,5,15,0,1,0,4,4,5,24,19,24,0.6123,0.6123,0.0000,11,1,0,0,recheck,0,still,0
2198,117,3,1,1658,15,0,1,0,10,0,1,0,10,0,0,0,18,18,18,28,10,28,0.4250,0.4250,0.0000,10,1,0,0,recheck,0,still,0
2198,132,1,1,434,18,4,7,0,20,0,1,19,1,0,0,2,0,0,0,20,22,22,0.7170,0.0358,0.0000,12,1,0,1,recheck,0,still,0
2199,2,1,1,1363,15,0,1,0,2,0,1,0,2,0,0,0,19,19,18,21,2,20,0.3775,0.3775,0.0000,6,1,0,0,recheck,0,still,0
2199,7,2,1,1564,15,0,2,0,7,0,1,0,7,0,0,0,18,18,18,25,7,25,0.4208,0.4208,0.0000,9,1,0,0,recheck,0,still,0
2199,32,1,0,-1,8,0,3,0,8,0,0,8,0,0,0,0,0,0,0,8,8,8,0.4778,0.0000,0.0000,7,0,0,0,,0,hop,1
2199,47,2,1,653,20,0,2,0,16,0,1,0,16,0,0,0,7,7,8,23,16,24,0.6126,0.6126,0.0000,12,1,0,0,recheck,0,still,0
2199,58,1,1,662,15,0,2,0,19,0,1,7,12,0,0,0,3,3,3,22,19,22,0.5413,0.3969,0.0000,9,1,0,0,period_end,0,still,0
2200,140,1,1,673,20,0,2,0,15,0,1,0,15,0,0,0,7,7,8,22,15,23,0.6459,0.6459,0.0000,12,1,0,0,period_end,0,still,0
2201,44,1,1,1783,21,1,3,0,10,0,1,0,10,0,0,0,12,12,14,22,10,24,0.5115,0.5115,0.0000,9,1,0,0,recheck,0,still,0
2201,56,1,1,756,19,0,4,0,18,0,1,3,15,0,0,0,7,7,7,25,18,25,0.5446,0.5446,0.0000,10,1,0,0,recheck,0,still,0
2201,123,2,1,1429,13,0,3,0,0,0,1,0,0,0,0,0,19,19,19,19,0,19,0.3550,0.3550,0.0000,7,1,0,0,recheck,0,still,0
2201,140,1,1,674,20,0,2,0,15,0,1,0,15,0,0,0,7,7,8,22,15,23,0.6459,0.6459,0.0000,12,1,0,0,recheck,0,still,0
2201,154,2,1,1569,18,0,1,0,2,0,1,0,2,0,0,0,20,20,20,22,2,22,0.3717,0.3717,0.0000,10,1,0,0,recheck,0,still,0
2201,189,1,1,1619,13,0,2,1,2,0,1,0,2,0,0,0,20,20,16,22,2,18,0.4353,0.4353,0.0000,10,1,0,0,period_end,0,still,0
2202,118,3,1,1707,22,0,1,0,14,0,1,0,14,0,0,0,13,13,13,27,14,27,0.4503,0.4503,0.0000,13,1,0,0,recheck,0,still,0
2202,157,2,1,1505,17,0,2,0,2,0,1,0,2,0,0,0,20,20,20,22,2,22,0.3241,0.3241,0.0000,7,1,0,0,recheck,0,still,0
2202,158,1,1,1459,16,1,2,0,1,0,1,0,1,0,0,0,19,19,18,20,1,19,0.2596,0.2596,0.0000,5,1,0,0,recheck,0,still,0
2202,168,1,1,834,17,0,1,1,24,0,1,6,18,0,4,0,4,4,4,28,20,24,0.3737,0.3737,0.0000,9,1,0,0,recheck,0,still,0
2202,189,1,1,1620,13,0,2,1,2,0,1,0,2,0,0,0,20,20,16,22,2,18,0.4353,0.4353,0.0000,10,1,0,0,recheck,0,still,0
2203,15,1,1,732,17,3,4,0,15,0,1,1,14,0,1,0,5,5,6,20,14,20,0.6058,0.6058,0.0000,10,1,0,0,recheck,0,still,0
2203,51,1,1,549,18,0,4,0,17,0,1,1,16,0,1,0,6,6,6,23,16,22,0.5623,0.5623,0.0000,9,1,0,0,recheck,0,still,0
2203,128,1,1,612,17,0,1,0,22,0,1,3,19,0,3,0,5,5,5,27,19,24,0.4012,0.4012,0.0000,9,1,0,0,recheck,0,still,0
2204,26,3,1,698,18,0,2,0,24,0,1,16,8,0,0,0,0,0,0,24,24,24,0.5585,0.1470,0.0000,11,1,0,0,recheck,0,still,0
2204,33,3,0,-1,6,2,4,0,9,0,0,9,0,0,0,0,0,0,0,9,9,9,0.2398,0.0000,0.0000,5,0,0,0,,0,pending,0
2204,86,1,1,753,19,0,2,0,20,0,1,10,10,0,0,0,2,2,3,22,20,23,0.5751,0.3595,0.0000,10,1,0,0,recheck,0,still,0
2204,88,1,1,467,18,0,1,0,23,0,1,16,7,0,0,0,0,0,1,23,23,24,0.6456,0.2152,0.0000,11,1,0,0,recheck,0,still,0
2204,146,2,1,1592,13,0,2,0,1,0,1,0,1,0,0,0,21,21,19,22,1,20,0.4024,0.4024,0.0000,11,1,0,0,recheck,0,still,0
2204,166,2,1,602,18,0,1,0,23,0,1,3,20,0,2,0,6,6,6,29,21,27,0.3739,0.3739,0.0000,10,1,0,0,recheck,0,still,0
2204,182,1,1,732,22,0,2,0,15,0,1,0,15,0,0,0,9,9,9,24,15,24,0.6452,0.6452,0.0000,14,1,0,0,recheck,0,still,0
2205,16,1,1,693,15,2,4,0,16,0,1,1,15,0,0,0,6,6,6,22,16,22,0.5008,0.5008,0.0000,8,1,0,0,recheck,0,still,0
2205,33,3,0,-1,6,2,4,0,9,0,0,9,0,0,0,0,0,0,0,9,9,9,0.2397,0.0000,0.0000,5,0,0,0,,0,hop,1
2205,72,2,1,1508,17,0,1,0,2,0,1,0,2,0,0,0,20,20,20,22,2,22,0.3642,0.3642,0.0000,6,1,0,0,recheck,0,still,0
2205,114,1,1,1469,14,1,2,0,1,0,1,0,1,0,0,0,19,19,17,20,1,18,0.3228,0.3228,0.0000,7,1,0,0,recheck,0,still,0
2206,131,2,1,420,16,0,1,0,24,0,1,10,14,0,2,0,3,3,3,27,22,25,0.4210,0.2724,0.0000,11,1,0,0,recheck,0,still,0
2206,153,1,1,1533,16,0,2,0,2,0,1,0,2,0,0,0,19,19,18,21,2,20,0.2901,0.2901,0.0000,7,1,0,0,recheck,0,still,0
2206,169,1,1,629,19,1,2,0,14,0,1,0,14,0,0,1,5,5,6,19,15,21,0.7095,0.7095,0.0000,12,1,0,1,recheck,0,still,0
2206,194,1,1,1262,21,1,2,0,14,0,1,0,14,0,0,0,14,14,11,28,14,25,0.4886,0.4886,0.0000,13,1,0,0,recheck,0,still,0
2207,28,2,1,414,18,0,2,0,25,0,1,19,6,0,1,0,0,0,0,25,24,24,0.5650,0.0628,0.0000,11,1,0,0,recheck,0,still,0
2207,142,2,1,557,20,0,2,0,14,0,1,0,14,0,0,3,7,7,8,21,17,25,0.5702,0.5702,0.0000,11,1,0,0,recheck,0,still,0
2207,159,1,1,1453,9,2,3,0,0,0,1,0,0,0,0,0,12,12,12,12,0,12,0.1742,0.1742,0.0000,3,1,0,0,recheck,0,still,0
2208,35,2,1,1358,17,0,1,0,2,0,1,0,2,0,0,0,19,19,20,21,2,22,0.3900,0.3900,0.0000,7,1,0,0,recheck,0,still,0
2208,77,3,1,668,16,3,4,0,18,0,1,1,17,0,0,0,7,7,7,25,18,25,0.5550,0.5550,0.0000,12,1,0,0,recheck,0,still,0
2208,116,2,1,1489,14,0,1,0,3,0,1,0,3,0,0,0,23,23,22,26,3,25,0.3504,0.3504,0.0000,9,1,0,0,recheck,0,still,0
2208,143,1,1,454,16,5,7,0,22,0,1,20,2,0,1,1,0,0,0,22,22,22,0.7140,0.0680,0.0000,13,1,0,1,recheck,0,still,0
2209,55,2,1,626,20,1,4,0,20,0,1,3,17,0,0,0,5,5,5,25,20,25,0.6159,0.6159,0.0000,13,1,0,0,recheck,0,still,0
2210,19,3,1,686,18,0,2,0,19,0,1,2,17,0,0,0,6,6,6,25,19,25,0.6185,0.6185,0.0000,13,1,0,0,period_end,0,still,0
2210,83,2,1,306,17,0,2,0,21,0,1,7,14,0,0,0,4,4,4,25,21,25,0.5048,0.4417,0.0000,10,1,0,0,recheck,0,still,0
2210,188,1,1,1577,15,1,2,0,2,0,1,0,2,0,0,0,21,21,18,23,2,20,0.3243,0.3243,0.0000,9,1,0,0,recheck,0,still,0
2211,21,2,1,773,18,2,4,0,18,0,1,2,16,0,0,0,6,6,6,24,18,24,0.5523,0.5523,0.0000,11,1,0,0,recheck,0,still,0
2211,109,2,0,-1,7,3,4,0,9,0,0,9,0,0,0,0,0,0,0,9,9,9,0.4163,0.0000,0.0000,7,0,0,0,,0,pending,0
2211,145,1,1,1619,14,1,2,0,2,0,1,0,2,0,0,0,19,19,17,21,2,19,0.4389,0.4389,0.0000,9,1,0,0,recheck,0,still,0
2212,23,2,1,717,16,1,2,0,21,0,1,8,13,0,0,0,3,3,3,24,21,24,0.5212,0.3909,0.0000,10,1,0,0,recheck,0,still,0
2212,47,2,1,666,20,0,2,0,14,0,1,0,14,0,0,0,9,9,10,23,14,24,0.6126,0.6126,0.0000,12,1,0,0,period_end,0,still,0
2212,109,2,0,-1,7,3,4,0,9,0,0,9,0,0,0,0,0,0,0,9,9,9,0.4165,0.0000,0.0000,7,0,0,0,,0,hop,1
2212,161,2,1,722,17,0,1,0,18,0,1,1,17,0,1,0,7,7,7,25,17,24,0.3780,0.3780,0.0000,9,1,0,0,recheck,0,still,0
2213,4,2,1,1579,15,0,1,0,1,0,1,0,1,0,0,0,19,19,19,20,1,20,0.3714,0.3714,0.0000,8,1,0,0,recheck,0,still,0
2213,171,1,1,646,18,0,1,0,25,0,1,12,13,0,3,0,2,2,2,27,22,24,0.4248,0.2655,0.0000,12,1,0,0,recheck,0,still,0
2214,49,2,1,628,15,0,4,0,14,0,1,1,13,0,0,0,8,8,8,22,14,22,0.5762,0.5762,0.0000,10,1,0,0,recheck,0,still,0
2214,117,3,1,1674,15,0,1,0,7,0,1,0,7,0,0,0,21,21,21,28,7,28,0.4250,0.4250,0.0000,10,1,0,0,period_end,0,still,0
2215,62,2,0,-1,18,1,2,0,22,0,1,19,3,0,0,2,0,0,0,22,24,24,0.6720,0.0960,0.0000,14,1,0,0,,0,start_holder,0
2215,68,3,1,1308,15,1,2,0,2,0,1,0,2,0,0,0,19,19,19,21,2,21,0.3583,0.3583,0.0000,7,1,0,0,recheck,0,still,0
2215,139,1,1,530,20,1,2,0,16,0,1,0,16,0,0,0,8,8,7,24,16,23,0.5375,0.5375,0.0000,12,1,0,0,recheck,0,still,0
2216,57,1,1,847,20,0,1,0,19,0,1,3,16,0,0,0,5,5,5,24,19,24,0.6197,0.6197,0.0000,11,1,0,0,recheck,0,still,0
2216,75,1,0,-1,1,0,1,1,1,0,0,1,0,0,0,0,0,0,0,1,1,1,0.1025,0.0000,0.0000,1,0,0,0,,0,pending,0
2216,127,1,1,593,19,0,2,1,19,0,1,0,19,0,3,0,5,5,5,24,16,21,0.4309,0.4309,0.0000,10,1,0,0,recheck,0,still,0
2216,135,1,1,835,18,0,1,0,26,0,1,13,13,0,4,0,1,1,1,27,22,23,0.4239,0.2120,0.0000,11,1,0,0,recheck,0,still,0
2216,176,1,1,465,18,0,1,1,26,0,1,15,11,0,3,0,0,0,0,26,23,23,0.4496,0.1587,0.0000,11,1,0,0,recheck,0,still,0
2216,183,1,1,668,18,0,1,0,17,0,1,1,16,0,1,0,7,7,6,24,16,22,0.5780,0.5780,0.0000,11,1,0,0,period_end,0,still,0
2217,75,1,0,-1,1,0,1,1,1,0,0,1,0,0,0,0,0,0,0,1,1,1,0.1024,0.0000,0.0000,1,0,0,0,,0,hop,1
2217,79,1,1,648,17,1,2,0,15,0,1,1,14,0,0,0,5,5,6,20,15,21,0.5651,0.5651,0.0000,9,1,0,0,period_end,0,still,0
2217,89,1,1,907,19,1,2,0,21,0,1,15,6,0,0,1,0,0,0,21,22,22,0.6452,0.2509,0.0000,11,1,0,0,recheck,0,still,0
2218,1,2,1,1475,18,0,2,0,2,0,1,0,2,0,0,0,19,19,19,21,2,21,0.3623,0.3623,0.0000,7,1,0,0,recheck,0,still,0
2218,87,1,1,860,19,1,2,0,23,0,1,13,10,0,0,0,1,1,2,24,23,25,0.6695,0.3876,0.0000,11,1,0,0,recheck,0,still,0
2218,165,1,1,581,18,1,2,0,19,0,1,0,19,0,3,0,5,5,5,24,16,21,0.4224,0.4224,0.0000,11,1,0,0,recheck,0,still,0
2218,195,1,1,1573,17,1,2,0,2,0,1,0,2,0,0,0,20,20,18,22,2,20,0.3706,0.3706,0.0000,10,1,0,0,recheck,0,still,0
2219,8,2,1,1387,15,0,1,0,7,0,1,0,7,0,0,0,18,18,18,25,7,25,0.3957,0.3957,0.0000,9,1,0,0,recheck,0,still,0
2219,19,3,1,695,18,0,2,0,19,0,1,1,18,0,0,0,6,6,6,25,19,25,0.6184,0.6184,0.0000,13,1,0,0,recheck,0,still,0
2219,91,1,1,542,18,0,1,0,23,0,1,18,5,0,1,1,0,0,0,23,23,23,0.6241,0.1642,0.0000,13,1,0,0,recheck,0,still,0
2219,199,1,1,1509,12,1,3,0,0,0,1,0,0,0,0,0,14,14,14,14,0,14,0.2621,0.2621,0.0000,4,1,0,0,recheck,0,still,0
2220,5,2,1,1588,15,0,1,0,1,0,1,0,1,0,0,0,21,21,21,22,1,22,0.4003,0.4003,0.0000,9,1,0,0,recheck,0,still,0
2220,6,2,1,1589,14,1,2,0,3,0,1,0,3,0,0,0,21,21,21,24,3,24,0.4231,0.4231,0.0000,9,1,0,0,recheck,0,still,0
2220,17,3,1,776,17,0,2,0,17,0,1,0,17,0,0,0,5,5,5,22,17,22,0.5304,0.5304,0.0000,11,1,0,0,recheck,0,still,0
2220,50,1,1,644,18,1,4,0,16,0,1,1,15,0,0,0,5,5,5,21,16,21,0.5842,0.5842,0.0000,9,1,0,0,recheck,0,still,0
2220,126,2,1,587,18,0,1,1,19,0,1,0,19,0,2,0,5,5,5,24,17,22,0.3258,0.3258,0.0000,9,1,0,0,recheck,0,still,0
2220,149,1,1,1571,19,0,1,0,8,0,1,0,8,0,0,0,19,19,18,27,8,26,0.4407,0.4407,0.0000,8,1,0,0,recheck,0,still,0
2220,163,1,1,552,17,0,1,1,19,0,1,1,18,0,2,0,6,6,5,25,17,22,0.4063,0.4063,0.0000,8,1,0,0,recheck,0,still,0
2221,40,1,1,1488,13,0,1,0,1,0,1,0,1,0,0,0,19,19,19,20,1,20,0.4329,0.4329,0.0000,8,1,0,0,recheck,0,still,0
2221,130,1,1,745,19,2,4,0,14,0,1,1,13,0,0,3,6,6,6,20,17,23,0.5842,0.5842,0.0000,10,1,0,0,recheck,0,still,0
2221,180,1,1,159,13,0,7,0,18,0,0,18,0,0,2,0,0,0,0,18,16,16,0.6361,0.0000,0.0000,10,0,0,0,recheck,0,end_clear,1
2222,3,2,1,1521,14,0,1,0,2,0,1,0,2,0,0,0,18,18,18,20,2,20,0.3726,0.3726,0.0000,7,1,0,0,recheck,0,still,0
2222,14,1,1,737,20,0,1,0,14,0,1,0,14,0,0,0,8,8,10,22,14,24,0.5910,0.5910,0.0000,9,1,0,0,recheck,0,still,0
2222,113,1,1,1515,14,0,2,0,2,0,1,0,2,0,0,0,19,19,18,21,2,20,0.3797,0.3797,0.0000,8,1,0,0,recheck,0,still,0
2223,151,1,1,687,21,1,2,0,13,0,1,0,13,0,0,0,13,13,11,26,13,24,0.5875,0.5875,0.0000,13,1,0,0,recheck,0,still,0
2224,13,2,1,644,19,1,2,0,13,0,1,0,13,0,0,0,11,11,12,24,13,25,0.6266,0.6266,0.0000,11,1,0,0,recheck,0,still,0
2224,79,1,1,655,17,1,2,0,15,0,1,1,14,0,0,0,5,5,6,20,15,21,0.5651,0.5651,0.0000,9,1,0,0,recheck,0,still,0
2224,90,1,1,575,17,0,2,1,23,0,1,17,6,0,2,0,0,0,0,23,21,21,0.6457,0.2039,0.0000,13,1,0,0,recheck,0,still,0
2225,11,1,1,1738,21,0,3,0,10,0,1,0,10,0,0,0,13,13,15,23,10,25,0.5541,0.5541,0.0000,9,1,0,0,recheck,0,still,0
2225,12,2,1,584,19,0,1,0,12,0,1,0,12,0,0,0,12,12,13,24,12,25,0.5534,0.5534,0.0000,10,1,0,0,recheck,0,still,0
2225,170,2,1,686,16,1,4,0,15,0,1,1,14,0,0,0,6,6,6,21,15,21,0.5145,0.5145,0.0000,9,1,0,0,recheck,0,still,0
2226,9,1,1,1576,18,0,1,0,7,0,1,0,7,0,0,0,17,17,17,24,7,24,0.5172,0.5172,0.0000,9,1,0,0,recheck,0,still,0
2226,58,1,1,689,15,0,2,0,20,0,1,8,12,0,0,0,3,3,3,23,20,23,0.5413,0.4691,0.0000,9,1,0,0,recheck,0,still,0
2226,80,1,1,579,18,1,2,0,15,0,1,0,15,0,0,0,5,5,5,20,15,20,0.4973,0.4973,0.0000,8,1,0,0,recheck,0,still,0
2226,115,2,1,1708,14,0,1,0,1,0,1,0,1,0,0,0,22,22,21,23,1,22,0.2694,0.2694,0.0000,7,1,0,0,recheck,0,still,0
2226,119,1,1,1282,20,0,2,0,12,0,1,0,12,0,0,0,15,15,12,27,12,24,0.4712,0.4712,0.0000,11,1,0,0,recheck,0,still,0
2227,10,1,1,584,21,2,3,0,8,0,1,0,8,0,0,0,16,16,17,24,8,25,0.5541,0.5541,0.0000,9,1,0,0,recheck,0,still,0
2227,25,2,1,915,18,1,2,0,22,0,1,11,11,0,0,0,2,2,2,24,22,24,0.5196,0.3897,0.0000,10,1,0,0,recheck,0,still,0
2227,54,2,1,568,18,3,4,0,19,0,1,1,18,0,0,0,5,5,5,24,19,24,0.5740,0.5740,0.0000,11,1,0,0,recheck,0,still,0
2227,141,2,1,502,17,0,1,0,16,0,1,1,15,0,0,0,7,7,7,23,16,23,0.5747,0.5747,0.0000,11,1,0,0,recheck,0,still,0
2227,183,1,1,679,18,0,1,0,17,0,1,1,16,0,1,0,7,7,6,24,16,22,0.5778,0.5778,0.0000,11,1,0,0,recheck,0,still,0
2228,76,3,1,653,20,0,1,0,18,0,1,1,17,0,0,0,7,7,7,25,18,25,0.5656,0.5656,0.0000,12,1,0,0,recheck,0,still,0
2228,84,1,1,623,18,1,2,0,20,0,1,4,16,0,1,0,4,4,5,24,19,24,0.6098,0.6098,0.0000,11,1,0,0,recheck,0,still,0
2228,103,1,0,-1,2,0,2,1,2,0,0,2,0,0,0,0,0,0,0,2,2,2,0.1327,0.0000,0.0000,2,0,0,0,,0,hop,1
2228,117,3,1,1688,15,0,1,0,8,0,1,0,8,0,0,0,20,20,20,28,8,28,0.4250,0.4250,0.0000,10,1,0,0,recheck,0,still,0
2228,132,1,1,464,17,3,6,0,20,0,1,20,0,0,0,2,0,0,0,20,22,22,0.6811,0.0000,0.0000,11,0,0,0,recheck,0,end_clear,1
2229,2,1,1,1393,15,0,1,0,2,0,1,0,2,0,0,0,19,19,18,21,2,20,0.3775,0.3775,0.0000,6,1,0,0,recheck,0,still,0
2229,7,2,1,1594,15,0,2,0,5,0,1,0,5,0,0,0,20,20,20,25,5,25,0.4208,0.4208,0.0000,9,1,0,0,recheck,0,still,0
2229,47,2,1,683,20,0,2,0,14,0,1,0,14,0,0,0,9,9,10,23,14,24,0.6126,0.6126,0.0000,12,1,0,0,recheck,0,still,0
2230,68,3,1,1323,15,1,2,0,2,0,1,0,2,0,0,0,19,19,19,21,2,21,0.3583,0.3583,0.0000,7,1,0,0,period_end,0,still,0
2231,44,1,1,1813,21,1,3,0,8,0,1,0,8,0,0,0,14,14,16,22,8,24,0.5115,0.5115,0.0000,9,1,0,0,recheck,0,still,0
2231,56,1,1,786,19,0,4,0,19,0,1,3,16,0,0,0,6,6,6,25,19,25,0.5450,0.5450,0.0000,10,1,0,0,recheck,0,still,0
2231,123,2,1,1459,13,0,3,0,0,0,1,0,0,0,0,0,19,19,19,19,0,19,0.3550,0.3550,0.0000,7,1,0,0,recheck,0,still,0
2231,140,1,1,704,20,0,2,0,16,0,1,1,15,0,0,0,7,7,8,23,16,24,0.6460,0.6460,0.0000,12,1,0,0,recheck,0,still,0
2231,154,2,1,1599,18,0,1,0,2,0,1,0,2,0,0,0,20,20,20,22,2,22,0.3717,0.3717,0.0000,10,1,0,0,recheck,0,still,0
2232,118,3,1,1737,22,0,1,0,12,0,1,0,12,0,0,0,15,15,15,27,12,27,0.4503,0.4503,0.0000,13,1,0,0,recheck,0,still,0
2232,157,2,1,1535,17,0,2,0,2,0,1,0,2,0,0,0,20,20,20,22,2,22,0.3241,0.3241,0.0000,7,1,0,0,recheck,0,still,0
2232,158,1,1,1489,16,1,2,0,1,0,1,0,1,0,0,0,19,19,18,20,1,19,0.2596,0.2596,0.0000,5,1,0,0,recheck,0,still,0
2232,168,1,1,864,17,0,1,1,23,0,1,6,17,0,4,0,5,5,5,28,19,24,0.3737,0.3737,0.0000,9,1,0,0,recheck,0,still,0
2232,189,1,1,1650,13,0,2,1,2,0,1,0,2,0,0,0,20,20,16,22,2,18,0.4353,0.4353,0.0000,10,1,0,0,recheck,0,still,0
2233,15,1,1,762,17,3,4,0,15,0,1,1,14,0,1,0,5,5,6,20,14,20,0.6058,0.6058,0.0000,10,1,0,0,recheck,0,still,0
2233,51,1,1,579,18,0,4,0,17,0,1,1,16,0,1,0,6,6,6,23,16,22,0.5972,0.5972,0.0000,10,1,0,0,recheck,0,still,0
2233,128,1,1,642,17,0,1,0,22,0,1,3,19,0,3,0,5,5,5,27,19,24,0.4012,0.4012,0.0000,9,1,0,0,recheck,0,still,0
2234,26,3,1,728,18,0,2,0,24,0,1,17,7,0,0,0,0,0,0,24,24,24,0.5594,0.1767,0.0000,11,1,0,0,recheck,0,still,0
2234,86,1,1,783,19,0,2,0,21,0,1,12,9,0,0,0,2,2,3,23,21,24,0.5752,0.3954,0.0000,10,1,0,0,recheck,0,still,0
2234,88,1,1,497,18,0,1,0,23,0,1,17,6,0,0,0,0,0,1,23,23,24,0.6097,0.2152,0.0000,10,1,0,0,recheck,0,still,0
2234,146,2,1,1622,13,0,2,0,1,0,1,0,1,0,0,0,21,21,19,22,1,20,0.4024,0.4024,0.0000,11,1,0,0,recheck,0,still,0
2234,166,2,1,632,18,0,1,0,23,0,1,3,20,0,2,0,6,6,6,29,21,27,0.3490,0.3490,0.0000,9,1,0,0,recheck,0,still,0
2234,182,1,1,762,22,0,2,0,14,0,1,0,14,0,0,0,10,10,10,24,14,24,0.6452,0.6452,0.0000,14,1,0,0,recheck,0,still,0
2235,16,1,1,723,15,2,4,0,16,0,1,1,15,0,0,0,6,6,6,22,16,22,0.5008,0.5008,0.0000,8,1,0,0,recheck,0,still,0
2235,72,2,1,1538,17,0,1,0,2,0,1,0,2,0,0,0,20,20,20,22,2,22,0.3642,0.3642,0.0000,6,1,0,0,recheck,0,still,0
2235,114,1,1,1499,14,1,2,0,1,0,1,0,1,0,0,0,19,19,17,20,1,18,0.3228,0.3228,0.0000,7,1,0,0,recheck,0,still,0
2236,131,2,1,450,16,0,1,0,25,0,1,12,13,0,2,0,3,3,3,28,23,26,0.4210,0.3220,0.0000,11,1,0,0,recheck,0,still,0
2236,146,2,1,1624,13,0,2,0,5,0,1,0,5,0,0,0,17,17,15,22,5,20,0.4024,0.4024,0.0000,11,1,0,0,period_end,0,still,0
2236,153,1,1,1563,16,0,2,0,2,0,1,0,2,0,0,0,19,19,18,21,2,20,0.2901,0.2901,0.0000,7,1,0,0,recheck,0,still,0
2236,169,1,1,659,19,1,2,0,17,0,1,1,16,0,0,2,3,3,3,20,19,22,0.7093,0.7093,0.0000,12,1,0,1,recheck,0,still,0
2236,194,1,1,1292,21,1,2,0,20,0,1,0,20,0,0,0,8,8,5,28,20,25,0.4886,0.4886,0.0000,13,1,0,0,recheck,0,still,0
2237,28,2,1,444,18,0,2,0,25,0,1,20,5,0,1,0,0,0,0,25,24,24,0.5666,0.0944,0.0000,11,0,1,0,recheck,0,end_clear,1
2237,142,2,1,587,19,0,2,0,18,0,1,1,17,0,0,2,5,5,5,23,20,25,0.6639,0.6639,0.0000,12,1,0,0,recheck,0,still,0
2237,159,1,1,1483,9,2,3,0,0,0,1,0,0,0,0,0,12,12,12,12,0,12,0.1742,0.1742,0.0000,3,1,0,0,recheck,0,still,0
2237,170,2,1,698,16,1,4,0,15,0,1,1,14,0,0,0,6,6,6,21,15,21,0.5143,0.5143,0.0000,9,1,0,0,period_end,0,still,0
2238,35,2,1,1388,17,0,1,0,2,0,1,0,2,0,0,0,19,19,20,21,2,22,0.3900,0.3900,0.0000,7,1,0,0,recheck,0,still,0
2238,77,3,1,698,16,3,4,0,18,0,1,1,17,0,0,0,7,7,7,25,18,25,0.5549,0.5549,0.0000,12,1,0,0,recheck,0,still,0
2238,116,2,1,1519,14,0,1,0,11,0,1,0,11,0,0,0,15,15,14,26,11,25,0.3504,0.3504,0.0000,9,1,0,0,recheck,0,still,0
2238,143,1,1,484,16,5,7,0,22,0,1,22,0,0,1,1,0,0,0,22,22,22,0.7124,0.0000,0.0000,13,0,0,1,recheck,0,still,0
2238,171,1,1,671,18,0,1,0,25,0,1,14,11,0,3,0,2,2,2,27,22,24,0.4248,0.2390,0.0000,12,1,0,0,period_end,0,still,0
2239,55,2,1,656,20,1,4,0,20,0,1,4,16,0,0,0,5,5,5,25,20,25,0.6158,0.5509,0.0000,13,1,0,0,recheck,0,still,0
2240,83,2,1,336,17,0,2,0,22,0,1,10,12,0,0,0,4,4,4,26,22,26,0.5056,0.3792,0.0000,10,1,0,0,recheck,0,still,0
2240,188,1,1,1607,15,1,2,0,2,0,1,0,2,0,0,0,21,21,18,23,2,20,0.3243,0.3243,0.0000,9,1,0,0,recheck,0,still,0
2241,21,2,1,803,18,2,4,0,18,0,1,2,16,0,0,0,6,6,6,24,18,24,0.5522,0.5522,0.0000,11,1,0,0,recheck,0,still,0
2241,145,1,1,1649,14,1,2,0,4,0,1,0,4,0,0,0,17,17,15,21,4,19,0.4389,0.4389,0.0000,9,1,0,0,recheck,0,still,0
2242,23,2,1,747,16,1,2,0,22,0,1,11,11,0,0,0,3,3,3,25,22,25,0.5225,0.3919,0.0000,10,1,0,0,recheck,0,still,0
2242,161,2,1,752,17,0,1,0,18,0,1,1,17,0,1,0,7,7,7,25,17,24,0.3780,0.3780,0.0000,9,1,0,0,recheck,0,still,0
2243,4,2,1,1609,15,0,1,0,5,0,1,0,5,0,0,0,15,15,15,20,5,20,0.3714,0.3714,0.0000,8,1,0,0,recheck,0,still,0
2243,171,1,1,676,18,0,1,0,25,0,1,14,11,0,3,0,2,2,2,27,22,24,0.4248,0.2390,0.0000,12,1,0,0,recheck,0,still,0
2244,49,2,1,658,15,0,4,0,16,0,1,1,15,0,0,0,6,6,6,22,16,22,0.5764,0.5764,0.0000,10,1,0,0,recheck,0,still,0
2245,6,2,1,1614,14,1,2,0,11,0,1,0,11,0,0,0,13,13,13,24,11,24,0.4231,0.4231,0.0000,9,1,0,0,period_end,0,still,0
2245,68,3,1,1338,15,1,2,0,2,0,1,0,2,0,0,0,19,19,19,21,2,21,0.3583,0.3583,0.0000,7,1,0,0,recheck,0,still,0
2245,139,1,1,560,20,1,2,0,20,0,1,1,19,0,1,0,5,5,5,25,19,24,0.5371,0.5371,0.0000,12,1,0,0,recheck,0,still,0
2246,49,2,1,660,15,0,4,0,12,0,1,1,11,0,0,0,10,10,10,22,12,22,0.5763,0.5763,0.0000,10,1,0,0,period_end,0,still,0
2246,50,1,1,670,18,1,4,0,14,0,1,1,13,0,0,0,7,7,7,21,14,21,0.5843,0.5843,0.0000,9,1,0,0,period_end,0,still,0
2246,57,1,1,877,20,0,1,0,19,0,1,5,14,0,0,0,5,5,5,24,19,24,0.6210,0.5479,0.0000,11,1,0,0,recheck,0,still,0
2246,127,1,1,623,19,0,2,1,17,0,1,1,16,0,3,0,7,7,7,24,14,21,0.4309,0.4309,0.0000,10,1,0,0,recheck,0,still,0
2246,135,1,1,865,18,0,1,0,26,0,1,16,10,0,4,0,1,1,1,27,22,23,0.3444,0.1855,0.0000,10,1,0,0,recheck,0,still,0
2246,176,1,1,495,18,0,1,1,26,0,1,18,8,0,3,0,0,0,0,26,23,23,0.4496,0.1322,0.0000,11,1,0,0,recheck,0,still,0
2247,89,1,1,937,19,1,2,0,22,0,1,19,3,0,0,1,0,0,0,22,23,23,0.6802,0.1432,0.0000,12,1,0,0,recheck,0,still,0
2248,1,2,1,1505,18,0,2,0,2,0,1,0,2,0,0,0,19,19,19,21,2,21,0.3623,0.3623,0.0000,7,1,0,0,recheck,0,still,0
2248,87,1,1,890,19,1,2,0,23,0,1,16,7,0,0,0,1,1,2,24,23,25,0.6695,0.2819,0.0000,11,1,0,0,recheck,0,still,0
2248,165,1,1,611,18,1,2,0,17,0,1,1,16,0,3,0,7,7,7,24,14,21,0.4224,0.4224,0.0000,11,1,0,0,recheck,0,still,0
2248,195,1,1,1603,17,1,2,0,2,0,1,0,2,0,0,0,20,20,18,22,2,20,0.3706,0.3706,0.0000,10,1,0,0,recheck,0,still,0
2249,8,2,1,1417,15,0,1,0,15,0,1,0,15,0,0,0,10,10,10,25,15,25,0.3957,0.3957,0.0000,9,1,0,0,recheck,0,still,0
2249,19,3,1,725,18,0,2,0,17,0,1,2,15,0,0,0,8,8,8,25,17,25,0.5300,0.5300,0.0000,12,1,0,0,recheck,0,still,0
2249,91,1,1,572,18,0,1,0,23,0,1,21,2,0,1,1,0,0,0,23,23,23,0.6238,0.0985,0.0000,13,0,1,0,recheck,0,end_clear,1
2249,199,1,1,1539,12,1,3,0,0,0,1,0,0,0,0,0,14,14,14,14,0,14,0.2621,0.2621,0.0000,4,1,0,0,recheck,0,still,0
2250,5,2,1,1618,15,0,1,0,6,0,1,0,6,0,0,0,16,16,16,22,6,22,0.4003,0.4003,0.0000,9,1,0,0,recheck,0,still,0
2250,6,2,1,1619,14,1,2,0,11,0,1,0,11,0,0,0,13,13,13,24,11,24,0.4231,0.4231,0.0000,9,1,0,0,recheck,0,still,0
2250,17,3,1,806,17,0,2,0,15,0,1,1,14,0,0,0,7,7,7,22,15,22,0.5298,0.5298,0.0000,11,1,0,0,recheck,0,still,0
2250,50,1,1,674,18,1,4,0,13,0,1,0,13,0,0,0,7,7,7,20,13,20,0.5843,0.5843,0.0000,9,1,0,0,recheck,0,still,0
2250,126,2,1,617,18,0,1,1,17,0,1,1,16,0,2,0,7,7,7,24,15,22,0.3258,0.3258,0.0000,9,1,0,0,recheck,0,still,0
2250,149,1,1,1601,19,0,1,0,15,0,1,0,15,0,0,0,12,12,11,27,15,26,0.4407,0.4407,0.0000,8,1,0,0,recheck,0,still,0
2250,163,1,1,582,17,0,1,1,14,0,1,0,14,0,1,0,10,10,8,24,13,21,0.4063,0.4063,0.0000,8,1,0,0,recheck,0,still,0
2251,40,1,1,1518,13,0,1,0,5,0,1,0,5,0,0,0,14,14,14,19,5,19,0.4329,0.4329,0.0000,8,1,0,0,recheck,0,still,0
2251,130,1,1,775,19,2,4,0,13,0,1,1,12,0,0,2,8,8,8,21,15,23,0.6575,0.6575,0.0000,11,1,0,0,recheck,0,still,0
2251,166,2,1,649,18,0,1,0,21,0,1,5,16,0,2,0,8,8,8,29,19,27,0.3490,0.3490,0.0000,9,1,0,0,period_end,0,still,0
2252,3,2,1,1551,14,0,1,0,4,0,1,0,4,0,0,0,16,16,16,20,4,20,0.3726,0.3726,0.0000,7,1,0,0,recheck,0,still,0
2252,14,1,1,767,20,0,1,0,17,0,1,1,16,0,0,2,6,6,6,23,19,25,0.5910,0.5910,0.0000,9,1,0,0,recheck,0,still,0
2252,84,1,1,647,18,1,2,0,19,0,1,7,12,0,0,0,5,5,5,24,19,24,0.6077,0.5362,0.0000,11,1,0,0,period_end,0,still,0
2252,113,1,1,1545,14,0,2,0,3,0,1,0,3,0,0,0,18,18,17,21,3,20,0.3797,0.3797,0.0000,8,1,0,0,recheck,0,still,0
2252,128,1,1,661,17,0,1,0,20,0,1,5,15,0,2,0,7,7,6,27,18,24,0.3477,0.3477,0.0000,8,1,0,0,period_end,0,still,0
2253,55,2,1,670,20,1,4,0,18,0,1,5,13,0,0,0,7,7,7,25,18,25,0.6158,0.5510,0.0000,13,1,0,0,period_end,0,still,0
2253,83,2,1,349,17,0,2,0,22,0,1,11,11,0,0,0,4,4,4,26,22,26,0.5062,0.3796,0.0000,10,1,0,0,period_end,0,still,0
2253,151,1,1,717,21,1,2,0,20,0,1,1,19,0,1,0,7,7,6,27,19,25,0.5875,0.5875,0.0000,13,1,0,0,recheck,0,still,0
2254,13,2,1,674,19,1,2,0,18,0,1,1,17,0,0,1,7,7,7,25,19,26,0.6266,0.6266,0.0000,11,1,0,0,recheck,0,still,0
2254,79,1,1,685,17,1,2,0,12,0,1,0,12,0,0,0,7,7,8,19,12,20,0.5652,0.5652,0.0000,9,1,0,0,recheck,0,still,0
2254,90,1,1,605,17,0,2,1,23,0,1,20,3,0,2,0,0,0,0,23,21,21,0.6450,0.1358,0.0000,13,1,0,0,recheck,0,still,0
2255,11,1,1,1768,21,0,3,0,16,0,1,0,16,0,0,0,7,7,9,23,16,25,0.5541,0.5541,0.0000,9,1,0,0,recheck,0,still,0
2255,12,2,1,614,19,0,1,0,17,0,1,0,17,0,0,0,7,7,8,24,17,25,0.5531,0.5531,0.0000,10,1,0,0,recheck,0,still,0
2255,34,1,0,-1,2,0,4,1,4,0,0,4,0,0,0,0,0,0,0,4,4,4,0.1109,0.0000,0.0000,2,0,0,0,,0,pending,0
2255,170,2,1,716,16,1,4,0,11,0,1,1,10,0,0,0,10,10,10,21,11,21,0.5139,0.5139,0.0000,9,1,0,0,recheck,0,still,0
2256,9,1,1,1606,18,0,1,0,15,0,1,0,15,0,0,0,9,9,9,24,15,24,0.5172,0.5172,0.0000,9,1,0,0,recheck,0,still,0
2256,34,1,0,-1,2,0,4,1,4,0,0,4,0,0,0,0,0,0,0,4,4,4,0.1109,0.0000,0.0000,2,0,0,0,,0,hop,1
2256,58,1,1,719,15,0,2,0,21,0,1,12,9,0,0,0,3,3,3,24,21,24,0.5414,0.3970,0.0000,9,1,0,0,recheck,0,still,0
2256,80,1,1,609,18,1,2,0,12,0,1,0,12,0,0,0,7,7,7,19,12,19,0.4976,0.4976,0.0000,8,1,0,0,recheck,0,still,0
2256,115,2,1,1738,14,0,1,0,6,0,1,0,6,0,0,0,17,17,16,23,6,22,0.2694,0.2694,0.0000,7,1,0,0,recheck,0,still,0
2256,119,1,1,1312,20,0,2,0,18,0,1,0,18,0,0,0,9,9,6,27,18,24,0.4712,0.4712,0.0000,11,1,0,0,recheck,0,still,0
2257,10,1,1,614,21,2,3,0,15,0,1,0,15,0,0,0,9,9,10,24,15,25,0.5541,0.5541,0.0000,9,1,0,0,recheck,0,still,0
2257,25,2,1,945,18,1,2,0,22,0,1,14,8,0,0,0,2,2,2,24,22,24,0.5220,0.2936,0.0000,10,1,0,0,recheck,0,still,0
2257,54,2,1,598,18,3,4,0,16,0,1,2,14,0,0,0,7,7,7,23,16,23,0.5742,0.5742,0.0000,11,1,0,0,recheck,0,still,0
2257,141,2,1,532,17,0,1,0,14,0,1,1,13,0,0,0,9,9,9,23,14,23,0.5736,0.5736,0.0000,11,1,0,0,recheck,0,still,0
2257,169,1,1,680,19,1,2,0,15,0,1,1,14,0,0,2,5,5,5,20,17,22,0.7094,0.7094,0.0000,12,1,0,1,period_end,0,still,0
2257,183,1,1,709,18,0,1,0,17,0,1,1,16,0,2,0,7,7,7,24,15,22,0.5769,0.5769,0.0000,11,1,0,0,recheck,0,still,0
2258,76,3,1,683,19,0,1,0,17,0,1,1,16,0,0,0,8,8,8,25,17,25,0.5656,0.5656,0.0000,12,1,0,0,period_end,0,still,0
2258,84,1,1,653,18,1,2,0,20,0,1,8,12,0,0,0,5,5,5,25,20,25,0.6078,0.5363,0.0000,11,1,0,0,recheck,0,still,0
2258,110,1,0,-1,5,1,4,0,6,0,0,6,0,0,0,1,0,0,0,6,7,7,0.2585,0.0000,0.0000,4,0,0,0,,0,hop,1
2258,117,3,1,1718,15,0,1,0,15,0,1,0,15,0,0,0,13,13,13,28,15,28,0.4250,0.4250,0.0000,10,1,0,0,recheck,0,still,0
2259,2,1,1,1423,15,0,1,0,2,0,1,0,2,0,0,0,19,19,18,21,2,20,0.3775,0.3775,0.0000,6,1,0,0,recheck,0,still,0
2259,7,2,1,1624,15,0,2,0,13,0,1,0,13,0,0,0,12,12,12,25,13,25,0.4208,0.4208,0.0000,9,1,0,0,recheck,0,still,0
2259,47,2,1,713,20,0,2,0,18,0,1,1,17,0,0,1,6,6,6,24,19,25,0.6133,0.6133,0.0000,12,1,0,0,recheck,0,still,0
2261,7,2,1,1626,15,0,2,0,13,0,1,0,13,0,0,0,12,12,12,25,13,25,0.4208,0.4208,0.0000,9,1,0,0,period_end,0,still,0
2261,44,1,1,1843,21,1,3,0,15,0,1,0,15,0,0,0,7,7,9,22,15,24,0.5115,0.5115,0.0000,9,1,0,0,recheck,0,still,0
2261,56,1,1,816,19,0,4,0,18,0,1,5,13,0,0,0,7,7,7,25,18,25,0.5453,0.5453,0.0000,10,1,0,0,recheck,0,still,0
2261,123,2,1,1489,13,0,3,0,0,0,1,0,0,0,0,0,19,19,19,19,0,19,0.3550,0.3550,0.0000,7,1,0,0,recheck,0,still,0
2261,140,1,1,734,20,0,2,0,17,0,1,1,16,0,0,1,6,6,6,23,18,24,0.6457,0.6457,0.0000,12,1,0,0,recheck,0,still,0
2261,154,2,1,1629,18,0,1,0,2,0,1,0,2,0,0,0,20,20,20,22,2,22,0.3717,0.3717,0.0000,10,1,0,0,recheck,0,still,0
2262,118,3,1,1767,22,0,1,0,19,0,1,1,18,0,0,0,9,9,9,28,19,28,0.4503,0.4503,0.0000,13,1,0,0,recheck,0,still,0
2262,127,1,1,639,19,0,2,1,17,0,1,1,16,0,3,0,7,7,7,24,14,21,0.4309,0.4309,0.0000,10,1,0,0,period_end,0,still,0
2262,157,2,1,1565,17,0,2,0,2,0,1,0,2,0,0,0,20,20,20,22,2,22,0.3241,0.3241,0.0000,7,1,0,0,recheck,0,still,0
2262,158,1,1,1519,16,1,2,0,1,0,1,0,1,0,0,0,19,19,18,20,1,19,0.2596,0.2596,0.0000,5,1,0,0,recheck,0,still,0
2262,168,1,1,894,17,0,1,1,23,0,1,9,14,0,2,0,6,6,4,29,21,25,0.3470,0.2936,0.0000,8,1,0,0,recheck,0,still,0
2262,189,1,1,1680,13,0,2,1,3,0,1,0,3,0,0,0,19,19,15,22,3,18,0.4353,0.4353,0.0000,10,1,0,0,recheck,0,still,0
2263,15,1,1,792,17,3,4,0,12,0,1,1,11,0,1,1,8,8,8,20,12,20,0.6104,0.6104,0.0000,10,1,0,0,recheck,0,still,0
2263,51,1,1,609,18,0,4,0,13,0,1,0,13,0,0,0,9,9,8,22,13,21,0.5964,0.5964,0.0000,10,1,0,0,recheck,0,still,0
2263,128,1,1,672,17,0,1,0,21,0,1,6,15,0,2,0,7,7,6,28,19,25,0.3477,0.3477,0.0000,8,1,0,0,recheck,0,still,0
2264,26,3,1,758,18,0,2,0,24,0,1,19,5,0,0,0,0,0,0,24,24,24,0.5620,0.1183,0.0000,11,1,0,0,recheck,0,still,0
2264,86,1,1,813,19,0,2,0,21,0,1,14,7,0,0,0,2,2,2,23,21,23,0.5754,0.3237,0.0000,10,1,0,0,recheck,0,still,0
2264,88,1,1,527,18,0,1,0,23,0,1,19,4,0,0,0,0,0,1,23,23,24,0.6454,0.1793,0.0000,11,1,0,0,recheck,0,still,0
2264,146,2,1,1652,13,0,2,0,5,0,1,0,5,0,0,0,17,17,15,22,5,20,0.4024,0.4024,0.0000,11,1,0,0,recheck,0,still,0
2264,166,2,1,662,18,0,1,0,21,0,1,5,16,0,2,0,8,8,8,29,19,27,0.3490,0.3490,0.0000,9,1,0,0,recheck,0,still,0
2264,182,1,1,792,22,0,2,0,20,0,1,1,19,0,0,0,5,5,5,25,20,25,0.6452,0.6452,0.0000,14,1,0,0,recheck,0,still,0
2265,16,1,1,753,15,2,4,0,12,0,1,0,12,0,0,0,9,9,9,21,12,21,0.5008,0.5008,0.0000,8,1,0,0,recheck,0,still,0
2265,72,2,1,1568,17,0,1,0,2,0,1,0,2,0,0,0,20,20,20,22,2,22,0.3642,0.3642,0.0000,6,1,0,0,recheck,0,still,0
2265,114,1,1,1529,14,1,2,0,4,0,1,0,4,0,0,0,16,16,14,20,4,18,0.3228,0.3228,0.0000,7,1,0,0,recheck,0,still,0
2266,131,2,1,480,16,0,1,0,25,0,1,14,11,0,2,0,3,3,3,28,23,26,0.4210,0.2724,0.0000,11,1,0,0,recheck,0,still,0
2266,153,1,1,1593,16,0,2,0,2,0,1,0,2,0,0,0,19,19,18,21,2,20,0.2901,0.2901,0.0000,7,1,0,0,recheck,0,still,0
2266,169,1,1,689,19,1,2,0,15,0,1,1,14,0,0,2,5,5,5,20,17,22,0.7095,0.7095,0.0000,12,1,0,1,recheck,0,still,0
2266,194,1,1,1322,21,1,2,0,19,0,1,1,18,0,0,0,10,10,7,29,19,26,0.4886,0.4886,0.0000,13,1,0,0,recheck,0,still,0
2267,31,2,0,-1,18,3,7,0,18,0,1,18,0,0,0,2,0,0,0,18,20,20,0.5277,0.0000,0.0000,9,0,0,0,,0,hop,1
2267,142,2,1,617,18,0,2,0,15,0,1,1,14,0,0,2,8,8,8,23,17,25,0.6650,0.6650,0.0000,12,1,0,0,recheck,0,still,0
2267,159,1,1,1513,9,2,3,0,0,0,1,0,0,0,0,0,12,12,12,12,0,12,0.1742,0.1742,0.0000,3,1,0,0,recheck,0,still,0
2268,35,2,1,1418,17,0,1,0,2,0,1,0,2,0,0,0,19,19,20,21,2,22,0.3900,0.3900,0.0000,7,1,0,0,recheck,0,still,0
2268,77,3,1,728,16,3,4,0,14,0,1,0,14,0,0,0,10,10,10,24,14,24,0.5548,0.5548,0.0000,12,1,0,0,recheck,0,still,0
2268,116,2,1,1549,14,0,1,0,11,0,1,0,11,0,0,0,15,15,14,26,11,25,0.3504,0.3504,0.0000,9,1,0,0,recheck,0,still,0
2268,143,1,1,514,16,5,7,0,21,0,0,21,0,0,1,1,0,0,0,21,21,21,0.7135,0.0000,0.0000,13,0,0,1,recheck,0,still,0
2269,55,2,1,686,20,1,4,0,19,0,1,6,13,0,0,0,7,7,7,26,19,26,0.6159,0.5511,0.0000,13,1,0,0,recheck,0,still,0
2270,62,2,1,55,18,1,2,0,21,0,1,20,1,0,0,2,0,0,0,21,23,23,0.6717,0.0320,0.0000,14,0,1,0,recheck,0,end_clear,1
2270,83,2,1,366,17,0,2,0,22,0,1,12,10,0,0,0,4,4,4,26,22,26,0.5065,0.3799,0.0000,10,1,0,0,recheck,0,still,0
2270,188,1,1,1637,15,1,2,0,2,0,1,0,2,0,0,0,21,21,18,23,2,20,0.3243,0.3243,0.0000,9,1,0,0,recheck,0,still,0
2271,21,2,1,833,18,2,4,0,15,0,1,4,11,0,0,0,9,9,9,24,15,24,0.5532,0.5532,0.0000,11,1,0,0,recheck,0,still,0
2271,113,1,1,1564,14,0,2,0,3,0,1,0,3,0,0,0,18,18,17,21,3,20,0.3797,0.3797,0.0000,8,1,0,0,period_end,0,still,0
2271,145,1,1,1679,14,1,2,0,4,0,1,0,4,0,0,0,17,17,15,21,4,19,0.4389,0.4389,0.0000,9,1,0,0,recheck,0,still,0
2272,23,2,1,777,16,1,2,0,22,0,1,13,9,0,0,0,3,3,3,25,22,25,0.5233,0.3271,0.0000,10,1,0,0,recheck,0,still,0
2272,138,2,0,-1,12,2,3,0,14,0,0,14,0,0,1,0,0,0,0,14,13,13,0.6715,0.0000,0.0000,12,0,0,0,,0,pending,0
2272,161,2,1,782,17,0,1,0,13,0,1,0,13,0,1,0,11,11,11,24,12,23,0.3780,0.3780,0.0000,9,1,0,0,recheck,0,still,0
2273,4,2,1,1639,15,0,1,0,5,0,1,0,5,0,0,0,15,15,15,20,5,20,0.3714,0.3714,0.0000,8,1,0,0,recheck,0,still,0
2273,138,2,0,-1,12,2,3,0,14,0,0,14,0,0,1,0,0,0,0,14,13,13,0.6715,0.0000,0.0000,12,0,0,0,,0,hop,1
2273,171,1,1,706,18,0,1,0,25,0,1,16,9,0,3,0,2,2,2,27,22,24,0.4248,0.1593,0.0000,12,1,0,0,recheck,0,still,0
2274,9,1,1,1624,18,0,1,0,15,0,1,0,15,0,0,0,9,9,9,24,15,24,0.5172,0.5172,0.0000,9,1,0,0,period_end,0,still,0
2274,49,2,1,688,15,0,4,0,11,0,1,0,11,0,0,0,10,10,10,21,11,21,0.5758,0.5758,0.0000,10,1,0,0,recheck,0,still,0
2274,99,2,0,-1,3,1,3,0,5,0,0,5,0,0,0,0,0,0,0,5,5,5,0.1626,0.0000,0.0000,3,0,0,0,,0,pending,0
2275,68,3,1,1368,15,1,2,0,2,0,1,0,2,0,0,0,19,19,19,21,2,21,0.3583,0.3583,0.0000,7,1,0,0,recheck,0,still,0
2275,99,2,0,-1,3,1,3,0,5,0,0,5,0,0,0,0,0,0,0,5,5,5,0.1626,0.0000,0.0000,3,0,0,0,,0,hop,1
2275,139,1,1,590,20,1,2,0,19,0,1,1,18,0,1,0,6,6,6,25,18,24,0.5379,0.5379,0.0000,12,1,0,0,recheck,0,still,0
2275,142,2,1,625,18,0,2,0,14,0,1,1,13,0,0,2,9,9,9,23,16,25,0.6650,0.6650,0.0000,12,1,0,0,period_end,0,still,0
2276,57,1,1,907,20,0,1,0,19,0,1,8,11,0,0,0,6,6,6,25,19,25,0.6210,0.5479,0.0000,11,1,0,0,recheck,0,still,0
2276,127,1,1,653,19,0,2,1,15,0,1,1,14,0,3,0,9,9,9,24,12,21,0.4309,0.4309,0.0000,10,1,0,0,recheck,0,still,0
2276,135,1,1,895,17,0,1,0,26,0,1,18,8,0,4,0,1,1,1,27,22,23,0.3444,0.1060,0.0000,10,1,0,0,recheck,0,still,0
2276,176,1,1,525,18,0,1,1,26,0,1,20,6,0,3,0,0,0,0,26,23,23,0.4496,0.0529,0.0000,11,1,0,0,recheck,0,still,0
2277,89,1,1,967,19,1,2,0,20,0,1,19,1,0,0,1,0,0,0,20,21,21,0.6812,0.0359,0.0000,12,1,0,0,recheck,0,still,0
2278,1,2,1,1535,18,0,2,0,2,0,1,0,2,0,0,0,19,19,19,21,2,21,0.3623,0.3623,0.0000,7,1,0,0,recheck,0,still,0
2278,87,1,1,920,19,1,2,0,23,0,1,18,5,0,0,0,1,1,2,24,23,25,0.6695,0.2114,0.0000,11,1,0,0,recheck,0,still,0
2278,119,1,1,1334,20,0,2,0,17,0,1,1,16,0,0,0,11,11,8,28,17,25,0.4712,0.4712,0.0000,11,1,0,0,period_end,0,still,0
2278,145,1,1,1686,14,1,2,0,4,0,1,0,4,0,0,0,17,17,15,21,4,19,0.4389,0.4389,0.0000,9,1,0,0,period_end,0,still,0
2278,165,1,1,641,18,1,2,0,15,0,1,1,14,0,3,0,9,9,9,24,12,21,0.4224,0.4224,0.0000,11,1,0,0,recheck,0,still,0
2278,195,1,1,1633,17,1,2,0,2,0,1,0,2,0,0,0,20,20,18,22,2,20,0.3706,0.3706,0.0000,10,1,0,0,recheck,0,still,0
2279,8,2,1,1447,15,0,1,0,14,0,1,0,14,0,0,0,11,11,11,25,14,25,0.3957,0.3957,0.0000,9,1,0,0,recheck,0,still,0
2279,19,3,1,755,18,0,2,0,15,0,1,3,12,0,0,0,10,10,10,25,15,25,0.5298,0.5298,0.0000,12,1,0,0,recheck,0,still,0
2279,199,1,1,1569,12,1,3,0,0,0,1,0,0,0,0,0,14,14,14,14,0,14,0.2621,0.2621,0.0000,4,1,0,0,recheck,0,still,0
2280,5,2,1,1648,15,0,1,0,6,0,1,0,6,0,0,0,16,16,16,22,6,22,0.4003,0.4003,0.0000,9,1,0,0,recheck,0,still,0
2280,6,2,1,1649,14,1,2,0,10,0,1,0,10,0,0,0,14,14,14,24,10,24,0.4231,0.4231,0.0000,9,1,0,0,recheck,0,still,0
2280,17,3,1,836,17,0,2,0,13,0,1,1,12,0,0,0,9,9,9,22,13,22,0.5286,0.5286,0.0000,11,1,0,0,recheck,0,still,0
2280,29,2,0,-1,18,2,3,0,22,0,1,21,1,0,0,0,0,0,0,22,22,22,0.5846,0.0000,0.0000,11,0,0,0,,0,pending,0
2280,50,1,1,704,17,1,4,0,10,0,1,0,10,0,0,0,10,10,10,20,10,20,0.5843,0.5843,0.0000,9,1,0,0,recheck,0,still,0
2280,126,2,1,647,18,0,1,1,14,0,1,0,14,0,2,0,9,9,9,23,12,21,0.3759,0.3759,0.0000,10,1,0,0,recheck,0,still,0
2280,149,1,1,1631,19,0,1,0,14,0,1,0,14,0,0,0,13,13,12,27,14,26,0.4407,0.4407,0.0000,8,1,0,0,recheck,0,still,0
2280,163,1,1,612,17,0,1,1,11,0,1,0,11,0,1,0,13,13,11,24,10,21,0.4063,0.4063,0.0000,8,1,0,0,recheck,0,still,0
2281,29,2,0,-1,18,2,3,0,22,0,1,21,1,0,0,0,0,0,0,22,22,22,0.5846,0.0000,0.0000,11,0,0,0,,0,hop,1
2281,40,1,1,1548,13,0,1,0,5,0,1,0,5,0,0,0,14,14,14,19,5,19,0.4329,0.4329,0.0000,8,1,0,0,recheck,0,still,0
2281,130,1,1,805,18,2,4,0,10,0,1,1,9,0,0,2,10,10,10,20,12,22,0.5845,0.5845,0.0000,10,1,0,0,recheck,0,still,0
2281,136,2,0,-1,5,0,4,1,8,0,0,8,0,0,0,0,0,0,0,8,8,8,0.2243,0.0000,0.0000,4,0,0,0,,0,pending,0
2282,3,2,1,1581,14,0,1,0,4,0,1,0,4,0,0,0,16,16,16,20,4,20,0.3726,0.3726,0.0000,7,1,0,0,recheck,0,still,0
2282,14,1,1,797,20,0,1,0,15,0,1,1,14,0,0,2,8,8,8,23,17,25,0.5911,0.5911,0.0000,9,1,0,0,recheck,0,still,0
2282,113,1,1,1575,14,0,2,0,3,0,1,0,3,0,0,0,18,18,17,21,3,20,0.3797,0.3797,0.0000,8,1,0,0,recheck,0,still,0
2282,136,2,0,-1,5,0,4,1,8,0,0,8,0,0,0,0,0,0,0,8,8,8,0.2564,0.0000,0.0000,5,0,0,0,,0,hop,1
2283,101,3,0,-1,0,0,1,1,0,0,0,0,0,0,0,0,0,0,0,0,0,0,0.0000,0.0000,0.0000,0,0,0,0,,0,hop,1
2283,151,1,1,747,21,1,2,0,18,0,1,1,17,0,1,0,9,9,8,27,17,25,0.5875,0.5875,0.0000,13,1,0,0,recheck,0,still,0
2284,13,2,1,704,19,1,2,0,16,0,1,1,15,0,0,1,9,9,9,25,17,26,0.6266,0.6266,0.0000,11,1,0,0,recheck,0,still,0
2284,79,1,1,715,17,1,2,0,14,0,1,0,14,0,0,0,5,5,6,19,14,20,0.5650,0.5650,0.0000,9,1,0,0,recheck,0,still,0
2284,90,1,1,635,17,0,1,0,22,0,1,20,2,0,2,0,0,0,0,22,20,20,0.6460,0.0680,0.0000,13,1,0,0,recheck,0,still,0
2285,11,1,1,1798,21,0,3,0,15,0,1,1,14,0,0,0,9,9,11,24,15,26,0.5541,0.5541,0.0000,9,1,0,0,recheck,0,still,0
2285,12,2,1,644,19,0,1,0,16,0,1,1,15,0,0,0,9,9,10,25,16,26,0.5530,0.5530,0.0000,10,1,0,0,recheck,0,still,0
2285,170,2,1,746,16,1,4,0,11,0,1,0,11,0,0,0,9,9,9,20,11,20,0.5135,0.5135,0.0000,9,1,0,0,recheck,0,still,0
2286,9,1,1,1636,18,0,1,0,14,0,1,0,14,0,0,0,10,10,10,24,14,24,0.5172,0.5172,0.0000,9,1,0,0,recheck,0,still,0
2286,58,1,1,749,15,0,2,0,20,0,1,12,8,0,0,0,3,3,3,23,20,23,0.5409,0.3246,0.0000,9,1,0,0,recheck,0,still,0
2286,80,1,1,639,18,1,2,0,14,0,1,0,14,0,0,0,5,5,5,19,14,19,0.4978,0.4978,0.0000,8,1,0,0,recheck,0,still,0
2286,115,2,1,1768,14,0,1,0,6,0,1,0,6,0,0,0,17,17,16,23,6,22,0.2694,0.2694,0.0000,7,1,0,0,recheck,0,still,0
2286,119,1,1,1342,20,0,2,0,17,0,1,1,16,0,0,0,11,11,8,28,17,25,0.4712,0.4712,0.0000,11,1,0,0,recheck,0,still,0
2287,10,1,1,644,21,2,3,0,15,0,1,1,14,0,0,0,10,10,11,25,15,26,0.5541,0.5541,0.0000,9,1,0,0,recheck,0,still,0
2287,25,2,1,975,18,1,2,0,22,0,1,15,7,0,0,0,2,2,2,24,22,24,0.5227,0.2287,0.0000,10,1,0,0,recheck,0,still,0
2287,54,2,1,628,18,3,4,0,19,0,1,4,15,0,0,0,5,5,5,24,19,24,0.5742,0.5742,0.0000,11,1,0,0,period_end,0,still,0
2287,141,2,1,562,17,0,1,0,14,0,1,0,14,0,0,0,8,8,8,22,14,22,0.5732,0.5732,0.0000,11,1,0,0,recheck,0,still,0
2287,183,1,1,739,18,0,1,0,17,0,1,1,16,0,1,0,7,7,7,24,16,23,0.5765,0.5765,0.0000,11,1,0,0,recheck,0,still,0
2288,76,3,1,713,19,0,1,0,17,0,1,1,16,0,0,0,8,8,8,25,17,25,0.5656,0.5656,0.0000,12,1,0,0,recheck,0,still,0
2288,84,1,1,683,18,1,2,0,21,0,1,9,12,0,1,0,4,4,5,25,20,25,0.6066,0.5353,0.0000,11,1,0,0,recheck,0,still,0
2288,117,3,1,1748,15,0,1,0,15,0,1,1,14,0,0,0,14,14,14,29,15,29,0.4250,0.4250,0.0000,10,1,0,0,recheck,0,still,0
2289,2,1,1,1453,15,0,1,0,2,0,1,0,2,0,0,0,19,19,18,21,2,20,0.3775,0.3775,0.0000,6,1,0,0,recheck,0,still,0
2289,7,2,1,1654,15,0,2,0,12,0,1,0,12,0,0,0,13,13,13,25,12,25,0.4208,0.4208,0.0000,9,1,0,0,recheck,0,still,0
2289,47,2,1,743,20,0,2,0,16,0,1,1,15,0,0,1,8,8,8,24,17,25,0.6135,0.6135,0.0000,12,1,0,0,recheck,0,still,0
2289,133,2,0,-1,9,2,3,0,11,0,0,11,0,0,1,0,0,0,0,11,10,10,0.5072,0.0000,0.0000,8,0,0,0,,0,pending,0
2289,188,1,1,1656,15,1,2,0,2,0,1,0,2,0,0,0,21,21,18,23,2,20,0.3243,0.3243,0.0000,9,1,0,0,period_end,0,still,0
2290,133,2,0,-1,9,2,3,0,11,0,0,11,0,0,1,0,0,0,0,11,10,10,0.5073,0.0000,0.0000,8,0,0,0,,0,hop,1
2291,25,2,1,979,18,1,2,0,22,0,1,15,7,0,0,0,2,2,2,24,22,24,0.5234,0.2290,0.0000,10,1,0,0,period_end,0,still,0
2291,44,1,1,1873,21,1,3,0,15,0,1,1,14,0,0,0,8,8,10,23,15,25,0.5115,0.5115,0.0000,9,1,0,0,recheck,0,still,0
2291,56,1,1,846,19,0,4,0,20,0,1,7,13,0,0,0,6,6,6,26,20,26,0.5454,0.5454,0.0000,10,1,0,0,recheck,0,still,0
2291,123,2,1,1519,13,0,3,0,0,0,1,0,0,0,0,0,19,19,19,19,0,19,0.3550,0.3550,0.0000,7,1,0,0,recheck,0,still,0
2291,140,1,1,764,20,0,2,0,17,0,1,1,16,0,0,0,7,7,7,24,17,24,0.6783,0.6783,0.0000,13,1,0,0,recheck,0,still,0
2291,154,2,1,1659,18,0,1,0,2,0,1,0,2,0,0,0,20,20,20,22,2,22,0.3717,0.3717,0.0000,10,1,0,0,recheck,0,still,0
2292,118,3,1,1797,22,0,1,0,16,0,1,1,15,0,0,0,12,12,12,28,16,28,0.4503,0.4503,0.0000,13,1,0,0,recheck,0,still,0
2292,157,2,1,1595,17,0,2,0,2,0,1,0,2,0,0,0,20,20,20,22,2,22,0.3241,0.3241,0.0000,7,1,0,0,recheck,0,still,0
2292,158,1,1,1549,16,1,2,0,1,0,1,0,1,0,0,0,19,19,18,20,1,19,0.2596,0.2596,0.0000,5,1,0,0,recheck,0,still,0
2292,168,1,1,924,17,0,1,1,25,0,1,10,15,0,4,0,4,4,4,29,21,25,0.3470,0.2936,0.0000,8,1,0,0,recheck,0,still,0
2292,189,1,1,1710,13,0,2,1,3,0,1,0,3,0,0,0,19,19,15,22,3,18,0.4353,0.4353,0.0000,10,1,0,0,recheck,0,still,0
2293,15,1,1,822,17,3,4,0,11,0,1,0,11,0,1,1,8,8,8,19,11,19,0.6116,0.6116,0.0000,10,1,0,0,recheck,0,still,0
2293,51,1,1,639,18,0,4,0,14,0,1,0,14,0,0,0,7,7,6,21,14,20,0.5964,0.5964,0.0000,10,1,0,0,recheck,0,still,0
2293,128,1,1,702,17,0,1,0,23,0,1,7,16,0,3,0,5,5,5,28,20,25,0.3477,0.3477,0.0000,8,1,0,0,recheck,0,still,0
2294,26,3,1,788,18,0,2,0,23,0,1,19,4,0,0,0,0,0,0,23,23,23,0.5640,0.0594,0.0000,11,1,0,0,recheck,0,still,0
2294,67,2,0,-1,8,1,3,0,10,0,0,10,0,0,0,0,0,0,0,10,10,10,0.4264,0.0000,0.0000,7,0,0,0,,0,pending,0
2294,86,1,1,843,19,0,2,0,21,0,1,15,6,0,0,0,2,2,2,23,21,23,0.5754,0.2517,0.0000,10,1,0,0,recheck,0,still,0
2294,88,1,1,557,18,0,1,0,22,0,1,19,3,0,0,0,0,0,1,22,22,23,0.6459,0.1076,0.0000,11,1,0,0,recheck,0,still,0
2294,146,2,1,1682,13,0,2,0,2,0,1,0,2,0,0,0,20,20,18,22,2,20,0.4024,0.4024,0.0000,11,1,0,0,recheck,0,still,0
2294,166,2,1,692,18,0,1,0,24,0,1,7,17,0,2,0,6,6,6,30,22,28,0.3490,0.3490,0.0000,9,1,0,0,recheck,0,still,0
2294,182,1,1,822,22,0,2,0,15,0,1,1,14,0,0,0,10,10,10,25,15,25,0.6452,0.6452,0.0000,14,1,0,0,recheck,0,still,0
2295,10,1,1,652,21,2,3,0,11,0,1,1,10,0,0,0,14,14,15,25,11,26,0.5541,0.5541,0.0000,9,1,0,0,period_end,0,still,0
2295,16,1,1,783,15,2,4,0,13,0,1,0,13,0,0,0,8,8,8,21,13,21,0.5008,0.5008,0.0000,8,1,0,0,recheck,0,still,0
2295,67,2,0,-1,8,1,3,0,10,0,0,10,0,0,0,0,0,0,0,10,10,10,0.4921,0.0000,0.0000,8,0,0,0,,0,hop,1
2295,72,2,1,1598,17,0,1,0,2,0,1,0,2,0,0,0,20,20,20,22,2,22,0.3642,0.3642,0.0000,6,1,0,0,recheck,0,still,0
2295,114,1,1,1559,14,1,2,0,2,0,1,0,2,0,0,0,18,18,16,20,2,18,0.3228,0.3228,0.0000,7,1,0,0,recheck,0,still,0
2296,89,1,1,986,19,1,2,0,20,0,1,19,1,0,0,1,0,0,0,20,21,21,0.6814,0.0359,0.0000,12,1,0,0,period_end,0,still,0
2296,131,2,1,510,16,0,1,0,25,0,1,15,10,0,2,0,3,3,3,28,23,26,0.4458,0.2477,0.0000,12,1,0,0,recheck,0,still,0
2296,153,1,1,1623,16,0,2,0,2,0,1,0,2,0,0,0,19,19,18,21,2,20,0.2901,0.2901,0.0000,7,1,0,0,recheck,0,still,0
2296,169,1,1,719,19,1,2,0,13,0,1,1,12,0,0,0,7,7,9,20,13,22,0.7096,0.7096,0.0000,12,1,0,1,recheck,0,still,0
2296,194,1,1,1352,21,1,2,0,13,0,1,1,12,0,0,0,16,16,13,29,13,26,0.4886,0.4886,0.0000,13,1,0,0,recheck,0,still,0
2297,13,2,1,717,19,1,2,0,14,0,1,1,13,0,0,0,11,11,12,25,14,26,0.6266,0.6266,0.0000,11,1,0,0,period_end,0,still,0
2297,142,2,1,647,18,0,2,0,13,0,1,0,13,0,0,2,9,9,9,22,15,24,0.6650,0.6650,0.0000,12,1,0,0,recheck,0,still,0
2297,159,1,1,1543,9,2,3,0,0,0,1,0,0,0,0,0,12,12,12,12,0,12,0.1742,0.1742,0.0000,3,1,0,0,recheck,0,still,0
2297,194,1,1,1353,21,1,2,0,13,0,1,1,12,0,0,0,16,16,13,29,13,26,0.4886,0.4886,0.0000,13,1,0,0,period_end,0,still,0
2298,35,2,1,1448,17,0,1,0,2,0,1,0,2,0,0,0,19,19,20,21,2,22,0.3900,0.3900,0.0000,7,1,0,0,recheck,0,still,0
2298,77,3,1,758,16,3,4,0,15,0,1,0,15,0,0,0,9,9,9,24,15,24,0.5548,0.5548,0.0000,12,1,0,0,recheck,0,still,0
2298,116,2,1,1579,14,0,1,0,6,0,1,0,6,0,0,0,20,20,19,26,6,25,0.3504,0.3504,0.0000,9,1,0,0,recheck,0,still,0
2298,143,1,1,544,16,5,7,0,21,0,0,21,0,0,1,1,0,0,0,21,21,21,0.7138,0.0000,0.0000,13,0,0,1,recheck,0,still,0
2299,55,2,1,716,20,1,4,0,21,0,1,7,14,0,0,0,5,5,5,26,21,26,0.6158,0.5509,0.0000,13,1,0,0,recheck,0,still,0
2300,83,2,1,396,17,0,2,0,22,0,1,12,10,0,0,0,4,4,4,26,22,26,0.5076,0.3807,0.0000,10,1,0,0,recheck,0,still,0
2300,188,1,1,1667,15,1,2,0,2,0,1,0,2,0,0,0,21,21,18,23,2,20,0.3243,0.3243,0.0000,9,1,0,0,recheck,0,still,0
2301,21,2,1,863,18,2,4,0,19,0,1,5,14,0,0,0,6,6,6,25,19,25,0.5509,0.5509,0.0000,11,1,0,0,recheck,0,still,0
2301,72,2,1,1604,17,0,1,0,2,0,1,0,2,0,0,0,20,20,20,22,2,22,0.3642,0.3642,0.0000,6,1,0,0,period_end,0,still,0
2301,73,2,0,-1,3,0,3,1,4,0,0,4,0,0,0,0,0,0,0,4,4,4,0.1323,0.0000,0.0000,3,0,0,0,,0,pending,0
2301,145,1,1,1709,14,1,2,0,2,0,1,0,2,0,0,0,19,19,17,21,2,19,0.4389,0.4389,0.0000,9,1,0,0,recheck,0,still,0
2302,23,2,1,807,16,1,2,0,22,0,1,13,9,0,0,0,3,3,3,25,22,25,0.5254,0.3284,0.0000,10,1,0,0,recheck,0,still,0
2302,71,2,0,-1,4,0,6,0,6,0,0,6,0,0,0,1,0,0,0,6,7,7,0.2313,0.0000,0.0000,4,0,0,0,,0,pending,0
2302,73,2,0,-1,3,0,3,1,4,0,0,4,0,0,0,0,0,0,0,4,4,4,0.1323,0.0000,0.0000,3,0,0,0,,0,hop,1
2302,161,2,1,812,17,0,1,0,14,0,1,0,14,0,1,0,10,10,10,24,13,23,0.3780,0.3780,0.0000,9,1,0,0,recheck,0,still,0
2303,4,2,1,1669,15,0,1,0,2,0,1,0,2,0,0,0,18,18,18,20,2,20,0.3714,0.3714,0.0000,8,1,0,0,recheck,0,still,0
2303,71,2,0,-1,4,0,6,0,6,0,0,6,0,0,0,1,0,0,0,6,7,7,0.2313,0.0000,0.0000,4,0,0,0,,0,hop,1
2303,165,1,1,666,18,1,2,0,20,0,1,2,18,0,3,0,5,5,5,25,17,22,0.4224,0.4224,0.0000,11,1,0,0,period_end,0,still,0
2303,171,1,1,736,18,0,1,0,24,0,1,15,9,0,3,0,2,2,2,26,21,23,0.4248,0.1593,0.0000,12,1,0,0,recheck,0,still,0
2304,49,2,1,718,15,0,4,0,12,0,1,0,12,0,0,0,9,9,9,21,12,21,0.5755,0.5755,0.0000,10,1,0,0,recheck,0,still,0
2305,68,3,1,1398,15,1,2,0,2,0,1,0,2,0,0,0,19,19,19,21,2,21,0.3583,0.3583,0.0000,7,1,0,0,recheck,0,still,0
2305,80,1,1,658,18,1,2,0,14,0,1,0,14,0,0,0,4,4,4,18,14,18,0.4976,0.4976,0.0000,8,1,0,0,period_end,0,still,0
2305,139,1,1,620,20,1,2,0,17,0,1,1,16,0,1,0,8,8,8,25,16,24,0.5379,0.5379,0.0000,12,1,0,0,recheck,0,still,0
2306,57,1,1,937,20,0,1,0,20,0,1,8,12,0,0,0,5,5,5,25,20,25,0.6227,0.5495,0.0000,11,1,0,0,recheck,0,still,0
2306,127,1,1,683,19,0,2,1,20,0,1,2,18,0,3,0,5,5,5,25,17,22,0.4309,0.4309,0.0000,10,1,0,0,recheck,0,still,0
2306,135,1,1,925,17,0,1,0,25,0,1,17,8,0,4,0,1,1,1,26,21,22,0.3444,0.1060,0.0000,10,1,0,0,recheck,0,still,0
2306,154,2,1,1674,18,0,1,0,4,0,1,0,4,0,0,0,18,18,18,22,4,22,0.3717,0.3717,0.0000,10,1,0,0,period_end,0,still,0
2306,176,1,1,555,18,0,1,1,25,0,1,19,6,0,3,0,0,0,0,25,22,22,0.4496,0.0529,0.0000,11,1,0,0,recheck,0,still,0
2307,89,1,1,997,19,1,2,0,20,0,1,19,1,0,0,1,0,0,0,20,21,21,0.6814,0.0359,0.0000,12,1,0,0,recheck,0,still,0
2307,90,1,1,658,17,0,1,0,22,0,1,20,2,0,2,0,0,0,0,22,20,20,0.6461,0.0680,0.0000,13,1,0,0,period_end,0,still,0
2308,1,2,1,1565,18,0,2,0,6,0,1,0,6,0,0,0,15,15,15,21,6,21,0.3623,0.3623,0.0000,7,1,0,0,recheck,0,still,0
2308,87,1,1,950,19,1,2,0,22,0,1,17,5,0,0,0,1,1,2,23,22,24,0.6697,0.2115,0.0000,11,1,0,0,recheck,0,still,0
2308,153,1,1,1635,16,0,2,0,6,0,1,0,6,0,0,0,15,15,14,21,6,20,0.2901,0.2901,0.0000,7,1,0,0,period_end,0,still,0
2308,165,1,1,671,18,1,2,0,20,0,1,2,18,0,3,0,5,5,5,25,17,22,0.4224,0.4224,0.0000,11,1,0,0,recheck,0,still,0
2308,195,1,1,1663,17,1,2,0,6,0,1,0,6,0,0,0,16,16,14,22,6,20,0.3706,0.3706,0.0000,10,1,0,0,recheck,0,still,0
2309,8,2,1,1477,15,0,1,0,11,0,1,1,10,0,0,0,15,15,15,26,11,26,0.3957,0.3957,0.0000,9,1,0,0,recheck,0,still,0
2309,19,3,1,785,18,0,2,0,20,0,1,4,16,0,0,0,6,6,6,26,20,26,0.5280,0.5280,0.0000,12,1,0,0,recheck,0,still,0
2309,199,1,1,1599,12,1,3,0,0,0,1,0,0,0,0,0,14,14,14,14,0,14,0.2621,0.2621,0.0000,4,1,0,0,recheck,0,still,0
2310,5,2,1,1678,15,0,1,0,4,0,1,0,4,0,0,0,18,18,18,22,4,22,0.4003,0.4003,0.0000,9,1,0,0,recheck,0,still,0
2310,6,2,1,1679,14,1,2,0,6,0,1,0,6,0,0,0,18,18,18,24,6,24,0.4231,0.4231,0.0000,9,1,0,0,recheck,0,still,0
2310,17,3,1,866,17,0,2,0,18,0,1,2,16,0,0,0,5,5,5,23,18,23,0.5279,0.5279,0.0000,11,1,0,0,recheck,0,still,0
2310,50,1,1,734,17,1,4,0,14,0,1,0,14,0,0,0,6,6,6,20,14,20,0.5843,0.5843,0.0000,9,1,0,0,recheck,0,still,0
2310,126,2,1,677,18,0,1,1,19,0,1,1,18,0,2,0,5,5,5,24,17,22,0.3759,0.3759,0.0000,10,1,0,0,recheck,0,still,0
2310,149,1,1,1661,19,0,1,0,11,0,1,1,10,0,0,0,17,17,16,28,11,27,0.4407,0.4407,0.0000,8,1,0,0,recheck,0,still,0
2310,163,1,1,642,17,0,1,1,15,0,1,0,15,0,1,0,9,9,7,24,14,21,0.4063,0.4063,0.0000,8,1,0,0,recheck,0,still,0
2311,40,1,1,1578,13,0,1,0,4,0,1,0,4,0,0,0,16,16,16,20,4,20,0.4329,0.4329,0.0000,8,1,0,0,recheck,0,still,0
2311,130,1,1,835,18,2,4,0,10,0,1,0,10,0,0,2,9,9,9,19,12,21,0.5844,0.5844,0.0000,10,1,0,0,recheck,0,still,0
2312,3,2,1,1611,14,0,1,0,5,0,1,0,5,0,0,0,15,15,15,20,5,20,0.3726,0.3726,0.0000,7,1,0,0,recheck,0,still,0
2312,4,2,1,1678,15,0,1,0,4,0,1,0,4,0,0,0,16,16,16,20,4,20,0.3714,0.3714,0.0000,8,1,0,0,period_end,0,still,0
2312,14,1,1,827,20,0,1,0,14,0,1,1,13,0,0,1,9,9,10,23,15,25,0.5910,0.5910,0.0000,9,1,0,0,recheck,0,still,0
2312,92,1,0,-1,14,2,7,0,16,0,0,16,0,0,0,0,0,0,0,16,16,16,0.5910,0.0000,0.0000,9,0,0,0,,0,pending,0
2312,113,1,1,1605,14,0,2,0,5,0,1,0,5,0,0,1,16,16,14,21,6,20,0.3797,0.3797,0.0000,8,1,0,0,recheck,0,still,0
2313,92,1,0,-1,14,2,7,0,16,0,0,16,0,0,0,0,0,0,0,16,16,16,0.5910,0.0000,0.0000,9,0,0,0,,0,hop,1
2313,151,1,1,777,21,1,2,0,14,0,1,1,13,0,0,0,13,13,11,27,14,25,0.5875,0.5875,0.0000,13,1,0,0,recheck,0,still,0
2313,195,1,1,1668,17,1,2,0,6,0,1,0,6,0,0,0,16,16,14,22,6,20,0.3706,0.3706,0.0000,10,1,0,0,period_end,0,still,0
2314,13,2,1,734,19,1,2,0,17,0,1,1,16,0,0,0,8,8,9,25,17,26,0.6266,0.6266,0.0000,11,1,0,0,recheck,0,still,0
2314,79,1,1,745,17,1,2,0,12,0,1,0,12,0,0,0,7,7,8,19,12,20,0.5646,0.5646,0.0000,9,1,0,0,recheck,0,still,0
2314,90,1,1,665,17,0,1,0,22,0,1,20,2,0,2,0,0,0,0,22,20,20,0.6461,0.0680,0.0000,13,1,0,0,recheck,0,still,0
2315,11,1,1,1828,21,0,3,0,14,0,1,1,13,0,0,0,10,10,12,24,14,26,0.5541,0.5541,0.0000,9,1,0,0,recheck,0,still,0
2315,12,2,1,674,19,0,1,0,16,0,1,1,15,0,0,0,9,9,10,25,16,26,0.5530,0.5530,0.0000,10,1,0,0,recheck,0,still,0
2315,170,2,1,776,16,1,4,0,12,0,1,0,12,0,0,0,8,8,8,20,12,20,0.5130,0.5130,0.0000,9,1,0,0,recheck,0,still,0
2316,9,1,1,1666,18,0,1,0,11,0,1,1,10,0,0,0,14,14,14,25,11,25,0.5172,0.5172,0.0000,9,1,0,0,recheck,0,still,0
2316,58,1,1,779,15,0,2,0,20,0,1,12,8,0,0,0,3,3,3,23,20,23,0.5414,0.3248,0.0000,9,1,0,0,recheck,0,still,0
2316,80,1,1,669,18,1,2,0,13,0,1,1,12,0,0,0,7,7,7,20,13,20,0.4949,0.4949,0.0000,8,1,0,0,recheck,0,still,0
2316,115,2,1,1798,14,0,1,0,4,0,1,0,4,0,0,0,19,19,18,23,4,22,0.2694,0.2694,0.0000,7,1,0,0,recheck,0,still,0
2316,119,1,1,1372,20,0,2,0,16,0,1,1,15,0,0,0,12,12,9,28,16,25,0.4712,0.4712,0.0000,11,1,0,0,recheck,0,still,0
2317,10,1,1,674,21,2,3,0,12,0,1,1,11,0,0,0,13,13,14,25,12,26,0.5541,0.5541,0.0000,9,1,0,0,recheck,0,still,0
2317,25,2,1,1005,18,1,2,0,21,0,1,14,7,0,0,0,2,2,2,23,21,23,0.5247,0.2295,0.0000,10,1,0,0,recheck,0,still,0
2317,51,1,1,663,18,0,4,0,13,0,1,0,13,0,1,0,8,8,8,21,12,20,0.5955,0.5955,0.0000,10,1,0,0,period_end,0,still,0
2317,54,2,1,658,18,3,4,0,17,0,1,4,13,0,0,0,7,7,7,24,17,24,0.5741,0.5741,0.0000,11,1,0,0,recheck,0,still,0
2317,141,2,1,592,17,0,1,0,14,0,1,0,14,0,0,0,8,8,8,22,14,22,0.5724,0.5724,0.0000,11,1,0,0,recheck,0,still,0
2317,183,1,1,769,18,0,1,0,17,0,1,0,17,0,1,0,6,6,6,23,16,22,0.5755,0.5755,0.0000,11,1,0,0,recheck,0,still,0
2318,76,3,1,743,20,0,1,0,17,0,1,0,17,0,0,0,7,7,7,24,17,24,0.5656,0.5656,0.0000,12,1,0,0,recheck,0,still,0
2318,84,1,1,713,18,1,2,0,19,0,1,8,11,0,0,0,6,6,5,25,19,24,0.6031,0.5321,0.0000,11,1,0,0,recheck,0,still,0
2318,117,3,1,1778,15,0,1,0,12,0,1,1,11,0,0,0,17,17,17,29,12,29,0.4250,0.4250,0.0000,10,1,0,0,recheck,0,still,0
2319,2,1,1,1483,15,0,1,0,6,0,1,0,6,0,0,0,15,15,14,21,6,20,0.3775,0.3775,0.0000,6,1,0,0,recheck,0,still,0
2319,3,2,1,1618,14,0,1,0,5,0,1,0,5,0,0,0,15,15,15,20,5,20,0.3726,0.3726,0.0000,7,1,0,0,period_end,0,still,0
2319,7,2,1,1684,15,0,2,0,9,0,1,1,8,0,0,0,17,17,17,26,9,26,0.4208,0.4208,0.0000,9,1,0,0,recheck,0,still,0
2319,47,2,1,773,20,0,2,0,16,0,1,0,16,0,0,0,7,7,8,23,16,24,0.6129,0.6129,0.0000,12,1,0,0,recheck,0,still,0
2319,144,2,0,-1,2,0,1,1,3,0,0,3,0,0,0,0,0,0,0,3,3,3,0.0590,0.0000,0.0000,2,0,0,0,,0,pending,0
2320,144,2,0,-1,2,0,1,1,3,0,0,3,0,0,0,0,0,0,0,3,3,3,0.0589,0.0000,0.0000,2,0,0,0,,0,hop,1
2321,44,1,1,1903,21,1,3,0,12,0,1,1,11,0,0,0,11,11,13,23,12,25,0.5115,0.5115,0.0000,9,1,0,0,recheck,0,still,0
2321,56,1,1,876,19,0,4,0,19,0,1,7,12,0,0,0,7,7,7,26,19,26,0.5450,0.5450,0.0000,10,1,0,0,recheck,0,still,0
2321,123,2,1,1549,13,0,3,0,3,0,1,0,3,0,0,0,16,16,16,19,3,19,0.3550,0.3550,0.0000,7,1,0,0,recheck,0,still,0
2321,140,1,1,794,20,0,2,0,16,0,1,0,16,0,0,1,6,6,6,22,17,23,0.6464,0.6464,0.0000,12,1,0,0,recheck,0,still,0
2321,154,2,1,1689,18,0,1,0,6,0,1,0,6,0,0,0,16,16,16,22,6,22,0.3717,0.3717,0.0000,10,1,0,0,recheck,0,still,0
2322,75,1,0,-1,1,0,3,1,1,0,0,1,0,0,0,0,0,0,0,1,1,1,0.0000,0.0000,0.0000,0,0,0,0,,0,pending,0
2322,118,3,1,1827,22,0,1,0,15,0,1,1,14,0,0,0,13,13,13,28,15,28,0.4503,0.4503,0.0000,13,1,0,0,recheck,0,still,0
2322,157,2,1,1625,17,0,2,0,6,0,1,0,6,0,0,0,16,16,16,22,6,22,0.3241,0.3241,0.0000,7,1,0,0,recheck,0,still,0
2322,158,1,1,1579,16,1,2,0,4,0,1,0,4,0,0,0,16,16,15,20,4,19,0.2596,0.2596,0.0000,5,1,0,0,recheck,0,still,0
2322,168,1,1,954,17,0,1,1,22,0,1,10,12,0,2,0,7,7,5,29,20,25,0.3470,0.2936,0.0000,8,1,0,0,recheck,0,still,0
2322,189,1,1,1740,13,0,2,1,5,0,1,0,5,0,0,0,17,17,13,22,5,18,0.4353,0.4353,0.0000,10,1,0,0,recheck,0,still,0
2323,15,1,1,852,17,3,4,0,13,0,1,0,13,0,1,0,6,6,7,19,12,19,0.6116,0.6116,0.0000,10,1,0,0,recheck,0,still,0
2323,51,1,1,669,18,0,4,0,13,0,1,0,13,0,1,0,8,8,8,21,12,20,0.5967,0.5967,0.0000,10,1,0,0,recheck,0,still,0
2323,75,1,0,-1,1,0,3,1,1,0,0,1,0,0,0,0,0,0,0,1,1,1,0.0000,0.0000,0.0000,0,0,0,0,,0,hop,1
2323,128,1,1,732,17,0,1,0,20,0,1,7,13,0,2,0,8,8,7,28,18,25,0.3477,0.3477,0.0000,8,1,0,0,recheck,0,still,0
2324,26,3,1,818,18,0,2,0,23,0,1,19,4,0,0,0,0,0,0,23,23,23,0.5649,0.0595,0.0000,11,1,0,0,recheck,0,still,0
2324,86,1,1,873,19,0,2,0,19,0,1,14,5,0,0,0,3,3,3,22,19,22,0.5753,0.2517,0.0000,10,1,0,0,recheck,0,still,0
2324,88,1,1,587,18,0,1,0,21,0,1,18,3,0,0,0,0,0,1,21,21,22,0.6459,0.1076,0.0000,11,1,0,0,recheck,0,still,0
2324,146,2,1,1712,13,0,2,0,4,0,1,0,4,0,1,0,18,18,17,22,3,20,0.4019,0.4019,0.0000,11,1,0,0,recheck,0,still,0
2324,166,2,1,722,18,0,1,0,21,0,1,7,14,0,2,0,9,9,9,30,19,28,0.3490,0.3490,0.0000,9,1,0,0,recheck,0,still,0
2324,182,1,1,852,22,0,2,0,16,0,1,0,16,0,0,0,8,8,8,24,16,24,0.6452,0.6452,0.0000,14,1,0,0,recheck,0,still,0
2325,16,1,1,813,15,2,4,0,13,0,1,0,13,0,0,0,8,8,8,21,13,21,0.5008,0.5008,0.0000,8,1,0,0,recheck,0,still,0
2325,72,2,1,1628,17,0,1,0,5,0,1,0,5,0,0,0,17,17,17,22,5,22,0.3642,0.3642,0.0000,6,1,0,0,recheck,0,still,0
2325,114,1,1,1589,14,1,2,0,3,0,1,0,3,0,0,0,17,17,15,20,3,18,0.3228,0.3228,0.0000,7,1,0,0,recheck,0,still,0
2326,131,2,1,540,16,0,1,0,23,0,1,14,9,0,2,0,4,4,4,27,21,25,0.4458,0.2477,0.0000,12,1,0,0,recheck,0,still,0
2326,153,1,1,1653,16,0,2,0,6,0,1,0,6,0,0,0,15,15,14,21,6,20,0.2901,0.2901,0.0000,7,1,0,0,recheck,0,still,0
2326,169,1,1,749,19,1,2,0,14,0,1,0,14,0,0,0,5,5,7,19,14,21,0.7089,0.7089,0.0000,12,1,0,1,recheck,0,still,0
2326,194,1,1,1382,21,1,2,0,15,0,1,1,14,0,0,0,14,14,11,29,15,26,0.4886,0.4886,0.0000,13,1,0,0,recheck,0,still,0
2327,142,2,1,677,18,0,2,0,13,0,1,0,13,0,0,3,8,8,8,21,16,24,0.5706,0.5706,0.0000,11,1,0,0,recheck,0,still,0
2327,159,1,1,1573,9,2,3,0,0,0,1,0,0,0,0,0,12,12,12,12,0,12,0.1742,0.1742,0.0000,3,1,0,0,recheck,0,still,0
2328,35,2,1,1478,17,0,1,0,6,0,1,0,6,0,0,0,15,15,16,21,6,22,0.3900,0.3900,0.0000,7,1,0,0,recheck,0,still,0
2328,77,3,1,788,16,3,4,0,14,0,1,0,14,0,0,0,9,9,9,23,14,23,0.5549,0.5549,0.0000,12,1,0,0,recheck,0,still,0
2328,116,2,1,1609,14,0,1,0,6,0,1,1,5,0,0,0,21,21,20,27,6,26,0.3504,0.3504,0.0000,9,1,0,0,recheck,0,still,0
2328,143,1,1,574,16,5,7,0,20,0,0,20,0,0,1,1,0,0,0,20,20,20,0.7143,0.0000,0.0000,13,0,0,1,recheck,0,still,0
2329,55,2,1,746,20,1,4,0,18,0,1,7,11,0,0,0,8,8,8,26,18,26,0.6156,0.5508,0.0000,13,1,0,0,recheck,0,still,0
2330,83,2,1,426,17,0,2,0,20,0,1,11,9,0,0,0,5,5,5,25,20,25,0.5088,0.3816,0.0000,10,1,0,0,recheck,0,still,0
2330,188,1,1,1697,15,1,2,0,6,0,1,0,6,0,0,0,17,17,14,23,6,20,0.3243,0.3243,0.0000,9,1,0,0,recheck,0,still,0
2331,21,2,1,893,18,2,4,0,16,0,1,5,11,0,0,0,9,9,9,25,16,25,0.5520,0.5520,0.0000,11,1,0,0,recheck,0,still,0
2331,145,1,1,1739,14,1,2,0,3,0,1,0,3,0,0,1,17,17,15,20,4,19,0.3804,0.3804,0.0000,8,1,0,0,recheck,0,still,0
2332,23,2,1,837,16,1,2,0,20,0,1,12,8,0,0,0,4,4,4,24,20,24,0.5257,0.3285,0.0000,10,1,0,0,recheck,0,still,0
2332,161,2,1,842,17,0,1,0,15,0,1,0,15,0,1,0,9,9,9,24,14,23,0.3780,0.3780,0.0000,9,1,0,0,recheck,0,still,0
2333,4,2,1,1699,15,0,1,0,4,0,1,0,4,0,0,0,16,16,16,20,4,20,0.3714,0.3714,0.0000,8,1,0,0,recheck,0,still,0
2333,33,3,0,-1,5,2,4,0,8,0,0,8,0,0,0,0,0,0,0,8,8,8,0.2999,0.0000,0.0000,6,0,0,0,,0,pending,0
2333,171,1,1,766,18,0,1,0,22,0,1,14,8,0,3,0,3,3,3,25,19,22,0.4248,0.1593,0.0000,12,1,0,0,recheck,0,still,0
2334,33,3,0,-1,5,2,4,0,8,0,0,8,0,0,0,0,0,0,0,8,8,8,0.2999,0.0000,0.0000,6,0,0,0,,0,hop,1
2334,49,2,1,748,15,0,4,0,14,0,1,0,14,0,0,0,7,7,7,21,14,21,0.5761,0.5761,0.0000,10,1,0,0,recheck,0,still,0
2335,68,3,1,1428,15,1,2,0,6,0,1,0,6,0,0,0,15,15,15,21,6,21,0.3583,0.3583,0.0000,7,1,0,0,recheck,0,still,0
2335,139,1,1,650,20,1,2,0,20,0,1,0,20,0,1,0,4,4,4,24,19,23,0.5379,0.5379,0.0000,12,1,0,0,recheck,0,still,0
2336,57,1,1,967,20,0,1,0,18,0,1,8,10,0,0,1,6,6,6,24,19,25,0.5863,0.5130,0.0000,10,1,0,0,recheck,0,still,0
2336,127,1,1,713,19,0,2,1,17,0,1,2,15,0,3,0,8,8,8,25,14,22,0.4309,0.4309,0.0000,10,1,0,0,recheck,0,still,0
2336,135,1,1,955,17,0,1,0,24,0,1,17,7,0,3,0,2,2,1,26,21,22,0.3709,0.1325,0.0000,11,1,0,0,recheck,0,still,0
2336,176,1,1,585,18,0,1,1,24,0,1,19,5,0,2,0,1,1,0,25,22,22,0.4496,0.0529,0.0000,11,1,0,0,recheck,0,still,0
2337,89,1,1,1027,19,1,2,0,20,0,1,19,1,0,0,1,0,0,0,20,21,21,0.6457,0.0359,0.0000,11,1,0,0,recheck,0,still,0
2337,126,2,1,704,18,0,1,1,16,0,1,1,15,0,2,0,8,8,8,24,14,22,0.3759,0.3759,0.0000,10,1,0,0,period_end,0,still,0
2338,1,2,1,1595,18,0,2,0,2,0,1,0,2,0,0,0,19,19,19,21,2,21,0.3623,0.3623,0.0000,7,1,0,0,recheck,0,still,0
2338,87,1,1,980,19,1,2,0,21,0,1,17,4,0,0,0,2,2,3,23,21,24,0.6694,0.2114,0.0000,11,1,0,0,recheck,0,still,0
2338,165,1,1,701,18,1,2,0,17,0,1,2,15,0,3,0,8,8,8,25,14,22,0.4224,0.4224,0.0000,11,1,0,0,recheck,0,still,0
2338,195,1,1,1693,17,1,2,0,2,0,1,0,2,0,0,0,20,20,18,22,2,20,0.3706,0.3706,0.0000,10,1,0,0,recheck,0,still,0
2339,8,2,1,1507,15,0,1,0,10,0,1,1,9,0,0,0,16,16,16,26,10,26,0.3957,0.3957,0.0000,9,1,0,0,recheck,0,still,0
2339,19,3,1,815,18,0,2,0,17,0,1,4,13,0,0,0,9,9,9,26,17,26,0.5297,0.5297,0.0000,12,1,0,0,recheck,0,still,0
2339,199,1,1,1629,12,1,3,0,0,0,1,0,0,0,0,0,14,14,14,14,0,14,0.2621,0.2621,0.0000,4,1,0,0,recheck,0,still,0
2340,5,2,1,1708,15,0,1,0,3,0,1,1,2,0,0,0,20,20,20,23,3,23,0.4003,0.4003,0.0000,9,1,0,0,recheck,0,still,0
2340,6,2,1,1709,14,1,2,0,6,0,1,1,5,0,0,0,19,19,19,25,6,25,0.4231,0.4231,0.0000,9,1,0,0,recheck,0,still,0
2340,17,3,1,896,17,0,2,0,15,0,1,2,13,0,0,0,8,8,8,23,15,23,0.5305,0.5305,0.0000,11,1,0,0,recheck,0,still,0
2340,50,1,1,764,17,1,4,0,14,0,1,1,13,0,0,0,7,7,7,21,14,21,0.5846,0.5846,0.0000,9,1,0,0,recheck,0,still,0
2340,126,2,1,707,18,0,1,1,16,0,1,1,15,0,2,0,8,8,8,24,14,22,0.3759,0.3759,0.0000,10,1,0,0,recheck,0,still,0
2340,149,1,1,1691,19,0,1,0,12,0,1,1,11,0,0,0,16,16,15,28,12,27,0.4407,0.4407,0.0000,8,1,0,0,recheck,0,still,0
2340,163,1,1,672,17,0,1,1,18,0,1,1,17,0,3,0,7,7,7,25,15,22,0.4063,0.4063,0.0000,8,1,0,0,recheck,0,still,0
2340,177,1,0,-1,17,6,7,0,17,0,1,17,0,0,0,2,0,0,0,17,19,19,0.5688,0.0000,0.0000,10,0,0,0,,0,pending,0
2341,40,1,1,1608,13,0,1,0,3,0,1,1,2,0,0,0,18,18,18,21,3,21,0.4329,0.4329,0.0000,8,1,0,0,recheck,0,still,0
2341,130,1,1,865,18,2,4,0,13,0,1,0,13,0,0,2,6,6,6,19,15,21,0.5843,0.5843,0.0000,10,1,0,0,recheck,0,still,0
2341,177,1,0,-1,17,6,7,0,17,0,1,17,0,0,0,2,0,0,0,17,19,19,0.5688,0.0000,0.0000,10,0,0,0,,0,hop,1
2342,3,2,1,1641,14,0,1,0,2,0,1,0,2,0,0,0,18,18,18,20,2,20,0.3726,0.3726,0.0000,7,1,0,0,recheck,0,still,0
2342,14,1,1,857,20,0,1,0,17,0,1,0,17,0,0,0,5,5,7,22,17,24,0.5910,0.5910,0.0000,9,1,0,0,recheck,0,still,0
2342,113,1,1,1635,14,0,2,0,2,0,1,0,2,0,0,0,19,19,18,21,2,20,0.3797,0.3797,0.0000,8,1,0,0,recheck,0,still,0
2342,174,1,0,-1,10,1,3,0,12,0,0,12,0,0,0,0,0,0,0,12,12,12,0.5143,0.0000,0.0000,8,0,0,0,,0,pending,0
2343,151,1,1,807,21,1,2,0,16,0,1,0,16,0,0,0,10,10,8,26,16,24,0.6169,0.6169,0.0000,14,1,0,0,recheck,0,still,0
2343,174,1,0,-1,10,1,3,0,12,0,0,12,0,0,0,0,0,0,0,12,12,12,0.5878,0.0000,0.0000,9,0,0,0,,0,hop,1
2344,13,2,1,764,19,1,2,0,16,0,1,0,16,0,0,0,8,8,9,24,16,25,0.6266,0.6266,0.0000,11,1,0,0,recheck,0,still,0
2344,79,1,1,775,17,1,2,0,11,0,1,1,10,0,0,0,9,9,10,20,11,21,0.5652,0.5652,0.0000,9,1,0,0,recheck,0,still,0
2344,90,1,1,695,17,0,1,0,21,0,1,19,2,0,2,0,0,0,0,21,19,19,0.6125,0.0681,0.0000,12,1,0,0,recheck,0,still,0
2345,11,1,1,1858,21,0,3,0,14,0,1,1,13,0,0,0,10,10,12,24,14,26,0.5541,0.5541,0.0000,9,1,0,0,recheck,0,still,0
2345,12,2,1,704,19,0,1,0,15,0,1,0,15,0,0,0,9,9,10,24,15,25,0.5530,0.5530,0.0000,10,1,0,0,recheck,0,still,0
2345,170,2,1,806,16,1,4,0,12,0,1,0,12,0,0,0,9,9,9,21,12,21,0.5131,0.5131,0.0000,9,1,0,0,recheck,0,still,0
2346,9,1,1,1696,18,0,1,0,10,0,1,1,9,0,0,0,15,15,15,25,10,25,0.5172,0.5172,0.0000,9,1,0,0,recheck,0,still,0
2346,58,1,1,809,15,0,2,0,18,0,1,11,7,0,0,0,4,4,4,22,18,22,0.5416,0.3249,0.0000,9,1,0,0,recheck,0,still,0
2346,80,1,1,699,18,1,2,0,10,0,1,1,9,0,0,0,10,10,10,20,10,20,0.4972,0.4972,0.0000,8,1,0,0,recheck,0,still,0
2346,115,2,1,1828,14,0,1,0,3,0,1,1,2,0,0,0,21,21,20,24,3,23,0.2694,0.2694,0.0000,7,1,0,0,recheck,0,still,0
2346,119,1,1,1402,20,0,2,0,15,0,1,0,15,0,0,0,12,12,9,27,15,24,0.4712,0.4712,0.0000,11,1,0,0,recheck,0,still,0
2347,10,1,1,704,21,2,3,0,12,0,1,1,11,0,0,0,13,13,14,25,12,26,0.5541,0.5541,0.0000,9,1,0,0,recheck,0,still,0
2347,25,2,1,1035,18,1,2,0,20,0,1,14,6,0,0,0,3,3,3,23,20,23,0.5260,0.2301,0.0000,10,1,0,0,recheck,0,still,0
2347,28,2,0,-1,18,0,2,0,23,0,1,20,3,0,1,0,0,0,0,23,22,22,0.5702,0.0317,0.0000,11,0,1,0,,0,pending,0
2347,54,2,1,688,18,3,4,0,14,0,1,4,10,0,0,0,10,10,10,24,14,24,0.5739,0.5739,0.0000,11,1,0,0,recheck,0,still,0
2347,87,1,1,989,19,1,2,0,21,0,1,17,4,0,0,0,2,2,3,23,21,24,0.6694,0.2114,0.0000,11,1,0,0,period_end,0,still,0
2347,91,1,0,-1,15,0,3,0,22,0,1,21,1,0,3,0,0,0,0,22,19,19,0.6244,0.0329,0.0000,13,0,1,0,,0,hop,1
2347,132,1,0,-1,16,4,6,0,18,0,1,18,0,0,0,2,0,0,0,18,20,20,0.7172,0.0000,0.0000,12,0,0,1,,0,start_crowd,0
2347,141,2,1,622,17,0,1,0,13,0,1,0,13,0,0,0,9,9,9,22,13,22,0.5733,0.5733,0.0000,11,1,0,0,recheck,0,still,0
2347,158,1,1,1604,16,1,2,0,1,0,1,0,1,0,0,0,19,19,18,20,1,19,0.2596,0.2596,0.0000,5,1,0,0,period_end,0,still,0
2347,183,1,1,799,18,0,1,0,18,0,1,0,18,0,2,0,6,6,6,24,16,22,0.6072,0.6072,0.0000,12,1,0,0,recheck,0,still,0
2348,28,2,0,-1,18,0,2,0,23,0,1,19,4,0,1,0,0,0,0,23,22,22,0.5702,0.0634,0.0000,11,1,0,0,,0,start_holder,0
2348,76,3,1,773,20,0,1,1,17,0,1,0,17,0,0,0,7,7,7,24,17,24,0.5657,0.5657,0.0000,12,1,0,0,recheck,0,still,0
2348,84,1,1,743,18,1,2,0,16,0,1,4,12,0,0,0,7,7,6,23,16,22,0.6017,0.5309,0.0000,11,1,0,0,recheck,0,still,0
2348,117,3,1,1808,15,0,1,0,12,0,1,1,11,0,0,0,17,17,17,29,12,29,0.4250,0.4250,0.0000,10,1,0,0,recheck,0,still,0
2349,2,1,1,1513,15,0,1,0,2,0,1,0,2,0,0,0,19,19,18,21,2,20,0.3775,0.3775,0.0000,6,1,0,0,recheck,0,still,0
2349,7,2,1,1714,15,0,2,0,8,0,1,1,7,0,0,0,18,18,18,26,8,26,0.4208,0.4208,0.0000,9,1,0,0,recheck,0,still,0
2349,47,2,1,803,20,0,2,0,17,0,1,0,17,0,0,0,6,6,7,23,17,24,0.6128,0.6128,0.0000,12,1,0,0,recheck,0,still,0
2351,12,2,1,710,19,0,1,0,15,0,1,0,15,0,0,0,9,9,10,24,15,25,0.5530,0.5530,0.0000,10,1,0,0,period_end,0,still,0
2351,44,1,1,1933,21,1,3,0,12,0,1,1,11,0,0,0,11,11,13,23,12,25,0.5846,0.5846,0.0000,10,1,0,0,recheck,0,still,0
2351,56,1,1,906,19,0,4,0,17,0,1,5,12,0,0,0,9,9,9,26,17,26,0.5450,0.5450,0.0000,10,1,0,0,recheck,0,still,0
2351,123,2,1,1579,13,0,3,0,0,0,1,0,0,0,0,0,19,19,19,19,0,19,0.3550,0.3550,0.0000,7,1,0,0,recheck,0,still,0
2351,140,1,1,824,20,0,2,0,17,0,1,0,17,0,0,1,5,5,5,22,18,23,0.6471,0.6471,0.0000,12,1,0,0,recheck,0,still,0
2351,154,2,1,1719,18,0,1,0,2,0,1,0,2,0,0,0,20,20,20,22,2,22,0.3717,0.3717,0.0000,10,1,0,0,recheck,0,still,0
2352,118,3,1,1857,22,0,1,0,15,0,1,0,15,0,0,0,12,12,12,27,15,27,0.4503,0.4503,0.0000,13,1,0,0,recheck,0,still,0
2352,157,2,1,1655,17,0,2,0,2,0,1,0,2,0,0,0,20,20,20,22,2,22,0.3241,0.3241,0.0000,7,1,0,0,recheck,0,still,0
2352,158,1,1,1609,16,1,2,0,1,0,1,0,1,0,0,0,19,19,18,20,1,19,0.2596,0.2596,0.0000,5,1,0,0,recheck,0,still,0
2352,168,1,1,984,17,0,1,1,16,0,1,7,9,0,0,0,12,12,8,28,16,24,0.3470,0.3470,0.0000,8,1,0,0,recheck,0,still,0
2352,189,1,1,1770,13,0,2,1,2,0,1,0,2,0,0,0,20,20,16,22,2,18,0.4353,0.4353,0.0000,10,1,0,0,recheck,0,still,0
2353,15,1,1,882,17,3,4,0,13,0,1,0,13,0,1,1,6,6,6,19,13,19,0.6116,0.6116,0.0000,10,1,0,0,recheck,0,still,0
2353,51,1,1,699,18,0,4,0,12,0,1,1,11,0,1,0,10,10,10,22,11,21,0.5972,0.5972,0.0000,10,1,0,0,recheck,0,still,0
2353,128,1,1,762,17,0,1,0,14,0,1,4,10,0,1,0,13,13,11,27,13,24,0.3477,0.3477,0.0000,8,1,0,0,recheck,0,still,0
2354,26,3,1,848,18,0,2,0,22,0,1,17,5,0,0,0,1,1,1,23,22,23,0.5649,0.1487,0.0000,11,1,0,0,recheck,0,still,0
2354,65,2,0,-1,12,0,1,0,14,0,0,14,0,0,0,0,0,0,0,14,14,14,0.5602,0.0000,0.0000,10,0,0,0,,0,pending,0
2354,86,1,1,903,19,0,2,0,17,0,1,12,5,0,0,0,5,5,5,22,17,22,0.5751,0.3594,0.0000,10,1,0,0,recheck,0,still,0
2354,88,1,1,617,18,0,1,0,21,0,1,16,5,0,0,0,0,0,1,21,21,22,0.6460,0.2153,0.0000,11,1,0,0,recheck,0,still,0
2354,146,2,1,1742,13,0,2,0,2,0,1,1,1,0,0,0,21,21,19,23,2,21,0.4024,0.4024,0.0000,11,1,0,0,recheck,0,still,0
2354,166,2,1,752,18,0,1,0,15,0,1,4,11,0,2,0,14,14,14,29,13,27,0.3490,0.3490,0.0000,9,1,0,0,recheck,0,still,0
2354,182,1,1,882,22,0,2,0,17,0,1,0,17,0,0,0,7,7,7,24,17,24,0.6452,0.6452,0.0000,14,1,0,0,recheck,0,still,0
2355,16,1,1,843,15,2,4,0,12,0,1,1,11,0,0,0,10,10,10,22,12,22,0.5001,0.5001,0.0000,8,1,0,0,recheck,0,still,0
2355,65,2,0,-1,12,0,1,0,14,0,0,14,0,0,0,0,0,0,0,14,14,14,0.5602,0.0000,0.0000,10,0,0,0,,0,hop,1
2355,72,2,1,1658,17,0,1,0,2,0,1,0,2,0,0,0,20,20,20,22,2,22,0.3642,0.3642,0.0000,6,1,0,0,recheck,0,still,0
2355,114,1,1,1619,14,1,2,0,2,0,1,1,1,0,0,0,19,19,17,21,2,19,0.3228,0.3228,0.0000,7,1,0,0,recheck,0,still,0
2356,131,2,1,570,16,0,1,0,20,0,1,12,8,0,2,0,7,7,7,27,18,25,0.4458,0.2972,0.0000,12,1,0,0,recheck,0,still,0
2356,149,1,1,1707,19,0,1,0,12,0,1,1,11,0,0,0,16,16,15,28,12,27,0.4407,0.4407,0.0000,8,1,0,0,period_end,0,still,0
2356,153,1,1,1683,16,0,2,0,2,0,1,0,2,0,0,0,19,19,18,21,2,20,0.2901,0.2901,0.0000,7,1,0,0,recheck,0,still,0
2356,169,1,1,779,19,1,2,0,16,0,1,0,16,0,0,0,3,3,5,19,16,21,0.7084,0.7084,0.0000,12,1,0,1,recheck,0,still,0
2356,194,1,1,1412,21,1,2,0,15,0,1,0,15,0,0,0,13,13,10,28,15,25,0.4886,0.4886,0.0000,13,1,0,0,recheck,0,still,0
2357,142,2,1,707,18,0,2,0,14,0,1,0,14,0,0,3,7,7,7,21,17,24,0.5708,0.5708,0.0000,11,1,0,0,recheck,0,still,0
2357,159,1,1,1603,9,2,3,0,0,0,1,0,0,0,0,0,12,12,12,12,0,12,0.1742,0.1742,0.0000,3,1,0,0,recheck,0,still,0
2358,35,2,1,1508,17,0,1,0,2,0,1,0,2,0,0,0,19,19,20,21,2,22,0.3900,0.3900,0.0000,7,1,0,0,recheck,0,still,0
2358,77,3,1,818,16,3,4,0,14,0,1,1,13,0,0,0,10,10,10,24,14,24,0.5552,0.5552,0.0000,12,1,0,0,recheck,0,still,0
2358,116,2,1,1639,14,0,1,0,6,0,1,1,5,0,0,0,21,21,20,27,6,26,0.3504,0.3504,0.0000,9,1,0,0,recheck,0,still,0
2358,143,1,1,604,16,5,7,0,19,0,1,18,1,0,0,1,0,0,0,19,20,20,0.7144,0.0340,0.0000,13,0,1,1,recheck,0,still,0
2359,55,2,1,776,20,1,4,0,17,0,1,4,13,0,0,0,8,8,8,25,17,25,0.6156,0.6156,0.0000,13,1,0,0,recheck,0,still,0
2359,163,1,1,691,17,0,1,1,16,0,1,1,15,0,3,0,9,9,9,25,13,22,0.4063,0.4063,0.0000,8,1,0,0,period_end,0,still,0
2360,83,2,1,456,17,0,2,0,20,0,1,8,12,0,0,0,4,4,4,24,20,24,0.5092,0.4455,0.0000,10,1,0,0,recheck,0,still,0
2360,188,1,1,1727,15,1,2,0,2,0,1,0,2,0,0,0,21,21,18,23,2,20,0.3243,0.3243,0.0000,9,1,0,0,recheck,0,still,0
2361,21,2,1,923,18,2,4,0,14,0,1,3,11,0,0,0,10,10,10,24,14,24,0.5517,0.5517,0.0000,11,1,0,0,recheck,0,still,0
2361,135,1,1,980,17,0,1,0,25,0,1,15,10,0,4,0,1,1,1,26,21,22,0.3444,0.1325,0.0000,10,1,0,0,period_end,0,still,0
2361,145,1,1,1769,14,1,2,0,2,0,1,0,2,0,0,0,19,19,17,21,2,19,0.4389,0.4389,0.0000,9,1,0,0,recheck,0,still,0
2362,23,2,1,867,16,1,2,0,20,0,1,9,11,0,0,0,3,3,3,23,20,23,0.5253,0.3940,0.0000,10,1,0,0,recheck,0,still,0
2362,161,2,1,872,17,0,1,0,15,0,1,1,14,0,1,0,10,10,10,25,14,24,0.3780,0.3780,0.0000,9,1,0,0,recheck,0,still,0
2363,4,2,1,1729,15,0,1,0,2,0,1,1,1,0,0,0,19,19,19,21,2,21,0.3714,0.3714,0.0000,8,1,0,0,recheck,0,still,0
2363,103,1,0,-1,2,0,1,1,2,0,0,2,0,0,0,0,0,0,0,2,2,2,0.0343,0.0000,0.0000,1,0,0,0,,0,hop,1
2363,171,1,1,796,18,0,1,0,23,0,1,12,11,0,3,0,2,2,2,25,20,22,0.4248,0.2390,0.0000,12,1,0,0,recheck,0,still,0
2364,49,2,1,778,15,0,4,0,14,0,1,1,13,0,0,0,8,8,8,22,14,22,0.5741,0.5741,0.0000,10,1,0,0,recheck,0,still,0
2365,68,3,1,1458,15,1,2,0,2,0,1,0,2,0,0,0,19,19,19,21,2,21,0.3583,0.3583,0.0000,7,1,0,0,recheck,0,still,0
2365,139,1,1,680,20,1,2,0,17,0,1,0,17,0,0,0,7,7,6,24,17,23,0.5379,0.5379,0.0000,12,1,0,0,recheck,0,still,0
2366,57,1,1,997,20,0,1,0,17,0,1,4,13,0,0,0,5,5,6,22,17,23,0.5863,0.5863,0.0000,10,1,0,0,recheck,0,still,0
2366,127,1,1,743,19,0,2,1,18,0,1,1,17,0,3,0,7,7,7,25,15,22,0.4309,0.4309,0.0000,10,1,0,0,recheck,0,still,0
2366,135,1,1,985,17,0,1,0,25,0,1,15,10,0,4,0,1,1,1,26,21,22,0.3444,0.1325,0.0000,10,1,0,0,recheck,0,still,0
2366,176,1,1,615,18,0,1,1,25,0,1,17,8,0,3,0,0,0,0,25,22,22,0.4496,0.0793,0.0000,11,1,0,0,recheck,0,still,0
2367,89,1,1,1057,17,1,3,0,20,0,1,17,3,0,1,1,0,0,0,20,20,20,0.6456,0.1435,0.0000,11,1,0,0,recheck,0,still,0
2368,1,2,1,1625,18,0,2,0,2,0,1,0,2,0,0,0,19,19,19,21,2,21,0.3623,0.3623,0.0000,7,1,0,0,recheck,0,still,0
2368,87,1,1,1010,19,1,2,0,22,0,1,15,7,0,0,0,1,1,2,23,22,24,0.6697,0.3172,0.0000,11,1,0,0,recheck,0,still,0
2368,165,1,1,731,18,1,2,0,18,0,1,1,17,0,3,0,7,7,7,25,15,22,0.4224,0.4224,0.0000,11,1,0,0,recheck,0,still,0
2368,195,1,1,1723,17,1,2,0,2,0,1,0,2,0,0,0,20,20,18,22,2,20,0.3706,0.3706,0.0000,10,1,0,0,recheck,0,still,0
2369,8,2,1,1537,15,0,1,0,8,0,1,1,7,0,0,0,18,18,18,26,8,26,0.3957,0.3957,0.0000,9,1,0,0,recheck,0,still,0
2369,19,3,1,845,18,0,2,0,17,0,1,2,15,0,0,0,8,8,8,25,17,25,0.5293,0.5293,0.0000,12,1,0,0,recheck,0,still,0
2369,199,1,1,1659,12,1,3,0,0,0,1,0,0,0,0,0,14,14,14,14,0,14,0.2621,0.2621,0.0000,4,1,0,0,recheck,0,still,0
2370,5,2,1,1738,15,0,1,0,2,0,1,1,1,0,0,0,21,21,21,23,2,23,0.4003,0.4003,0.0000,9,1,0,0,recheck,0,still,0
2370,6,2,1,1739,14,1,2,0,4,0,1,1,3,0,0,0,21,21,21,25,4,25,0.4231,0.4231,0.0000,9,1,0,0,recheck,0,still,0
2370,17,3,1,926,17,0,2,0,16,0,1,1,15,0,0,0,7,7,7,23,16,23,0.5304,0.5304,0.0000,11,1,0,0,recheck,0,still,0
2370,50,1,1,794,17,1,4,0,14,0,1,1,13,0,0,0,7,7,7,21,14,21,0.5838,0.5838,0.0000,9,1,0,0,recheck,0,still,0
2370,126,2,1,737,18,0,1,1,17,0,1,1,16,0,2,0,7,7,7,24,15,22,0.3759,0.3759,0.0000,10,1,0,0,recheck,0,still,0
2370,149,1,1,1721,19,0,1,0,9,0,1,1,8,0,0,0,19,19,18,28,9,27,0.4407,0.4407,0.0000,8,1,0,0,recheck,0,still,0
2370,163,1,1,702,17,0,1,1,17,0,1,1,16,0,2,0,8,8,7,25,15,22,0.4063,0.4063,0.0000,8,1,0,0,recheck,0,still,0
2371,40,1,1,1638,13,0,1,0,2,0,1,1,1,0,0,0,19,19,19,21,2,21,0.4329,0.4329,0.0000,8,1,0,0,recheck,0,still,0
2371,130,1,1,895,18,2,4,0,13,0,1,0,13,0,0,2,6,6,6,19,15,21,0.5843,0.5843,0.0000,10,1,0,0,recheck,0,still,0
2372,3,2,1,1671,14,0,1,0,3,0,1,1,2,0,0,0,18,18,18,21,3,21,0.3726,0.3726,0.0000,7,1,0,0,recheck,0,still,0
2372,14,1,1,887,20,0,1,0,14,0,1,0,14,0,0,0,8,8,10,22,14,24,0.5910,0.5910,0.0000,9,1,0,0,recheck,0,still,0
2372,113,1,1,1665,14,0,2,0,2,0,1,0,2,0,0,0,19,19,18,21,2,20,0.3797,0.3797,0.0000,8,1,0,0,recheck,0,still,0
2372,139,1,1,687,20,1,2,0,16,0,1,0,16,0,0,0,8,8,7,24,16,23,0.5379,0.5379,0.0000,12,1,0,0,period_end,0,still,0
2373,151,1,1,837,21,1,2,0,13,0,1,0,13,0,0,0,13,13,11,26,13,24,0.6169,0.6169,0.0000,14,1,0,0,recheck,0,still,0
2374,13,2,1,794,19,1,2,0,13,0,1,0,13,0,0,0,11,11,12,24,13,25,0.6266,0.6266,0.0000,11,1,0,0,recheck,0,still,0
2374,79,1,1,805,17,1,2,0,13,0,1,1,12,0,0,0,7,7,8,20,13,21,0.5652,0.5652,0.0000,9,1,0,0,recheck,0,still,0
2374,90,1,1,725,17,0,3,0,21,0,1,17,4,0,2,0,0,0,0,21,19,19,0.6467,0.1021,0.0000,13,1,0,0,recheck,0,still,0
2375,11,1,1,1888,21,0,3,0,10,0,1,0,10,0,0,0,13,13,15,23,10,25,0.5541,0.5541,0.0000,9,1,0,0,recheck,0,still,0
2375,12,2,1,734,19,0,1,0,12,0,1,0,12,0,0,0,12,12,13,24,12,25,0.5530,0.5530,0.0000,10,1,0,0,recheck,0,still,0
2375,170,2,1,836,16,1,4,0,14,0,1,1,13,0,0,0,8,8,8,22,14,22,0.5134,0.5134,0.0000,9,1,0,0,recheck,0,still,0
2376,9,1,1,1726,18,0,1,0,7,0,1,0,7,0,0,0,17,17,17,24,7,24,0.5172,0.5172,0.0000,9,1,0,0,recheck,0,still,0
2376,58,1,1,839,15,0,2,0,19,0,1,9,10,0,0,0,3,3,3,22,19,22,0.5414,0.3970,0.0000,9,1,0,0,recheck,0,still,0
2376,80,1,1,729,18,1,2,0,13,0,1,1,12,0,0,0,7,7,7,20,13,20,0.4973,0.4973,0.0000,8,1,0,0,recheck,0,still,0
2376,115,2,1,1858,14,0,1,0,2,0,1,1,1,0,0,0,22,22,21,24,2,23,0.2694,0.2694,0.0000,7,1,0,0,recheck,0,still,0
2376,119,1,1,1432,20,0,2,0,12,0,1,0,12,0,0,0,15,15,12,27,12,24,0.4712,0.4712,0.0000,11,1,0,0,recheck,0,still,0
2377,10,1,1,734,21,2,3,0,8,0,1,0,8,0,0,0,16,16,17,24,8,25,0.5541,0.5541,0.0000,9,1,0,0,recheck,0,still,0
2377,25,2,1,1065,18,1,2,0,21,0,1,12,9,0,0,0,2,2,2,23,21,23,0.5244,0.3277,0.0000,10,1,0,0,recheck,0,still,0
2377,54,2,1,718,18,3,4,0,16,0,1,2,14,0,0,0,7,7,7,23,16,23,0.5737,0.5737,0.0000,11,1,0,0,recheck,0,still,0
2377,141,2,1,652,18,0,1,0,14,0,1,1,13,0,0,0,9,9,9,23,14,23,0.5738,0.5738,0.0000,11,1,0,0,recheck,0,still,0
2377,183,1,1,829,18,0,1,0,16,0,1,0,16,0,1,0,7,7,6,23,15,21,0.6077,0.6077,0.0000,12,1,0,0,recheck,0,still,0
2378,76,3,1,803,20,0,1,1,17,0,1,0,17,0,0,0,7,7,8,24,17,25,0.5656,0.5656,0.0000,12,1,0,0,recheck,0,still,0
2378,84,1,1,773,18,1,2,0,18,0,1,5,13,0,0,0,6,6,5,24,18,23,0.6017,0.6017,0.0000,11,1,0,0,recheck,0,still,0
2378,117,3,1,1838,15,0,1,0,8,0,1,0,8,0,0,0,20,20,20,28,8,28,0.4250,0.4250,0.0000,10,1,0,0,recheck,0,still,0
2379,2,1,1,1543,15,0,1,0,2,0,1,0,2,0,0,0,19,19,18,21,2,20,0.3775,0.3775,0.0000,6,1,0,0,recheck,0,still,0
2379,7,2,1,1744,15,0,2,0,6,0,1,1,5,0,0,0,20,20,20,26,6,26,0.4208,0.4208,0.0000,9,1,0,0,recheck,0,still,0
2379,47,2,1,833,20,0,2,0,14,0,1,0,14,0,0,0,9,9,10,23,14,24,0.6128,0.6128,0.0000,12,1,0,0,recheck,0,still,0
2379,168,1,1,1011,17,0,1,1,22,0,1,7,15,0,2,0,6,6,4,28,20,24,0.3470,0.3470,0.0000,8,1,0,0,period_end,0,still,0
2380,88,1,1,643,18,0,1,0,21,0,1,16,5,0,0,0,0,0,1,21,21,22,0.6462,0.2154,0.0000,11,1,0,0,period_end,0,still,0
2380,107,3,0,-1,14,1,7,0,16,0,0,16,0,0,0,0,0,0,0,16,16,16,0.6193,0.0000,0.0000,13,0,0,0,,0,pending,0
2381,28,2,1,33,18,2,3,0,23,0,1,19,4,0,0,0,0,0,0,23,23,23,0.5725,0.0636,0.0000,11,1,0,0,recheck,0,still,0
2381,44,1,1,1963,21,1,3,0,8,0,1,0,8,0,0,0,14,14,16,22,8,24,0.5846,0.5846,0.0000,10,1,0,0,recheck,0,still,0
2381,56,1,1,936,19,0,4,0,17,0,1,4,13,0,0,0,8,8,8,25,17,25,0.5480,0.5480,0.0000,10,1,0,0,recheck,0,still,0
2381,107,3,0,-1,14,1,7,0,16,0,0,16,0,0,0,0,0,0,0,16,16,16,0.6193,0.0000,0.0000,13,0,0,0,,0,hop,1
2381,116,2,1,1662,14,0,1,0,4,0,1,1,3,0,0,0,23,23,22,27,4,26,0.3504,0.3504,0.0000,9,1,0,0,period_end,0,still,0
2381,123,2,1,1609,13,0,3,0,0,0,1,0,0,0,0,0,19,19,19,19,0,19,0.3550,0.3550,0.0000,7,1,0,0,recheck,0,still,0
2381,140,1,1,854,20,0,2,0,15,0,1,0,15,0,0,0,7,7,8,22,15,23,0.6473,0.6473,0.0000,12,1,0,0,recheck,0,still,0
2381,154,2,1,1749,18,0,1,0,2,0,1,0,2,0,0,0,20,20,20,22,2,22,0.3717,0.3717,0.0000,10,1,0,0,recheck,0,still,0
2382,118,3,1,1887,22,0,1,0,12,0,1,0,12,0,0,0,15,15,15,27,12,27,0.4503,0.4503,0.0000,13,1,0,0,recheck,0,still,0
2382,157,2,1,1685,17,0,2,0,2,0,1,0,2,0,0,0,20,20,20,22,2,22,0.3241,0.3241,0.0000,7,1,0,0,recheck,0,still,0
2382,158,1,1,1639,16,1,2,0,1,0,1,0,1,0,0,0,19,19,18,20,1,19,0.2596,0.2596,0.0000,5,1,0,0,recheck,0,still,0
2382,168,1,1,1014,17,0,1,1,22,0,1,7,15,0,2,0,6,6,4,28,20,24,0.3470,0.3470,0.0000,8,1,0,0,recheck,0,still,0
2382,189,1,1,1800,13,0,2,1,3,0,1,1,2,0,0,0,20,20,16,23,3,19,0.4353,0.4353,0.0000,10,1,0,0,recheck,0,still,0
2383,15,1,1,912,17,3,4,0,15,0,1,1,14,0,1,0,5,5,6,20,14,20,0.6116,0.6116,0.0000,10,1,0,0,recheck,0,still,0
2383,51,1,1,729,18,0,4,0,14,0,1,1,13,0,1,0,8,8,8,22,13,21,0.5967,0.5967,0.0000,10,1,0,0,recheck,0,still,0
2383,128,1,1,792,17,0,1,0,20,0,1,4,16,0,3,0,7,7,7,27,17,24,0.3477,0.3477,0.0000,8,1,0,0,recheck,0,still,0
2384,26,3,1,878,18,0,2,0,23,0,1,17,6,0,0,0,0,0,0,23,23,23,0.5646,0.1486,0.0000,11,1,0,0,recheck,0,still,0
2384,86,1,1,933,19,0,2,0,20,0,1,12,8,0,0,0,2,2,2,22,20,22,0.5753,0.3596,0.0000,10,1,0,0,recheck,0,still,0
2384,88,1,1,647,18,0,1,0,21,0,1,16,5,0,0,0,0,0,1,21,21,22,0.6463,0.2154,0.0000,11,1,0,0,recheck,0,still,0
2384,146,2,1,1772,13,0,2,0,2,0,1,1,1,0,0,0,21,21,19,23,2,21,0.4024,0.4024,0.0000,11,1,0,0,recheck,0,still,0
2384,166,2,1,782,18,0,1,0,21,0,1,4,17,0,2,0,8,8,8,29,19,27,0.3490,0.3490,0.0000,9,1,0,0,recheck,0,still,0
2384,182,1,1,912,22,0,2,0,14,0,1,0,14,0,0,0,10,10,10,24,14,24,0.6452,0.6452,0.0000,14,1,0,0,recheck,0,still,0
2385,5,2,1,1753,15,0,1,0,2,0,1,1,1,0,0,0,21,21,21,23,2,23,0.4003,0.4003,0.0000,9,1,0,0,period_end,0,still,0
2385,16,1,1,873,15,2,4,0,14,0,1,1,13,0,0,0,8,8,8,22,14,22,0.4999,0.4999,0.0000,8,1,0,0,recheck,0,still,0
2385,72,2,1,1688,17,0,1,0,2,0,1,0,2,0,0,0,20,20,20,22,2,22,0.3642,0.3642,0.0000,6,1,0,0,recheck,0,still,0
2385,114,1,1,1649,14,1,2,0,2,0,1,1,1,0,0,0,19,19,17,21,2,19,0.3228,0.3228,0.0000,7,1,0,0,recheck,0,still,0
2386,131,2,1,600,16,0,1,0,24,0,1,12,12,0,2,0,3,3,3,27,22,25,0.4458,0.2972,0.0000,12,1,0,0,recheck,0,still,0
2386,153,1,1,1713,16,0,2,0,2,0,1,0,2,0,0,0,19,19,18,21,2,20,0.2901,0.2901,0.0000,7,1,0,0,recheck,0,still,0
2386,169,1,1,809,19,1,2,0,14,0,1,0,14,0,0,0,5,5,7,19,14,21,0.7084,0.7084,0.0000,12,1,0,1,recheck,0,still,0
2386,194,1,1,1442,21,1,2,0,12,0,1,0,12,0,0,0,16,16,13,28,12,25,0.4886,0.4886,0.0000,13,1,0,0,recheck,0,still,0
2387,142,2,1,737,19,0,2,0,15,0,1,1,14,0,0,2,7,7,8,22,17,25,0.5711,0.5711,0.0000,11,1,0,0,recheck,0,still,0
2387,159,1,1,1633,9,2,3,0,0,0,1,0,0,0,0,0,12,12,12,12,0,12,0.1742,0.1742,0.0000,3,1,0,0,recheck,0,still,0
2388,17,3,1,944,17,0,2,0,14,0,1,1,13,0,0,0,9,9,9,23,14,23,0.5303,0.5303,0.0000,11,1,0,0,period_end,0,still,0
2388,35,2,1,1538,17,0,1,0,3,0,1,1,2,0,0,0,19,19,20,22,3,23,0.3900,0.3900,0.0000,7,1,0,0,recheck,0,still,0
2388,77,3,1,848,16,3,4,0,14,0,1,1,13,0,0,0,10,10,10,24,14,24,0.5550,0.5550,0.0000,12,1,0,0,recheck,0,still,0
2388,116,2,1,1669,14,0,1,0,4,0,1,1,3,0,0,0,23,23,22,27,4,26,0.3504,0.3504,0.0000,9,1,0,0,recheck,0,still,0
2388,143,1,1,634,16,5,7,0,19,0,1,18,1,0,0,1,0,0,0,19,20,20,0.7146,0.0340,0.0000,13,0,1,1,recheck,0,still,0
2388,157,2,1,1691,17,0,2,0,2,0,1,0,2,0,0,0,20,20,20,22,2,22,0.3241,0.3241,0.0000,7,1,0,0,period_end,0,still,0
2389,55,2,1,806,20,1,4,0,16,0,1,4,12,0,0,0,9,9,9,25,16,25,0.6150,0.6150,0.0000,13,1,0,0,recheck,0,still,0
2390,83,2,1,486,17,0,2,0,20,0,1,9,11,0,0,0,5,5,5,25,20,25,0.5091,0.4454,0.0000,10,1,0,0,recheck,0,still,0
2390,188,1,1,1757,15,1,2,0,3,0,1,1,2,0,0,0,21,21,18,24,3,21,0.3243,0.3243,0.0000,9,1,0,0,recheck,0,still,0
2391,21,2,1,953,18,2,4,0,14,0,1,3,11,0,0,0,10,10,10,24,14,24,0.5530,0.5530,0.0000,11,1,0,0,recheck,0,still,0
2391,145,1,1,1799,14,1,2,0,3,0,1,1,2,0,0,0,19,19,17,22,3,20,0.4389,0.4389,0.0000,9,1,0,0,recheck,0,still,0
2392,23,2,1,897,16,1,2,0,19,0,1,9,10,0,0,0,4,4,4,23,19,23,0.5249,0.3937,0.0000,10,1,0,0,recheck,0,still,0
2392,161,2,1,902,17,0,1,0,15,0,1,1,14,0,1,0,10,10,10,25,14,24,0.3780,0.3780,0.0000,9,1,0,0,recheck,0,still,0
2393,4,2,1,1759,15,0,1,0,2,0,1,1,1,0,0,0,19,19,19,21,2,21,0.3714,0.3714,0.0000,8,1,0,0,recheck,0,still,0
2393,171,1,1,826,18,0,1,0,22,0,1,12,10,0,3,0,3,3,3,25,19,22,0.4248,0.2390,0.0000,12,1,0,0,recheck,0,still,0
2394,40,1,1,1661,13,0,1,0,2,0,1,1,1,0,0,0,19,19,19,21,2,21,0.4329,0.4329,0.0000,8,1,0,0,period_end,0,still,0
2394,49,2,1,808,15,0,4,0,11,0,1,1,10,0,0,0,11,11,11,22,11,22,0.5742,0.5742,0.0000,10,1,0,0,recheck,0,still,0
2395,68,3,1,1488,15,1,2,0,2,0,1,0,2,0,0,0,19,19,19,21,2,21,0.3583,0.3583,0.0000,7,1,0,0,recheck,0,still,0
2395,114,1,1,1659,14,1,2,0,2,0,1,1,1,0,0,0,19,19,17,21,2,19,0.3228,0.3228,0.0000,7,1,0,0,period_end,0,still,0
2395,139,1,1,710,20,1,2,0,16,0,1,0,16,0,0,0,8,8,7,24,16,23,0.5379,0.5379,0.0000,12,1,0,0,recheck,0,still,0
2396,57,1,1,1027,20,0,1,0,15,0,1,4,11,0,0,0,7,7,8,22,15,23,0.5863,0.5863,0.0000,10,1,0,0,recheck,0,still,0
2396,127,1,1,773,19,0,2,1,15,0,1,0,15,0,3,0,9,9,9,24,12,21,0.4309,0.4309,0.0000,10,1,0,0,recheck,0,still,0
2396,132,1,1,49,16,4,7,0,18,0,1,18,0,0,0,2,0,0,0,18,20,20,0.7173,0.0000,0.0000,12,0,0,1,recheck,0,still,0
2396,135,1,1,1015,17,0,1,0,24,0,1,15,9,0,3,0,2,2,1,26,21,22,0.3444,0.1325,0.0000,10,1,0,0,recheck,0,still,0
2396,176,1,1,645,18,0,1,1,24,0,1,17,7,0,2,0,1,1,0,25,22,22,0.4496,0.0793,0.0000,11,1,0,0,recheck,0,still,0
2397,89,1,1,1087,17,1,3,0,20,0,1,17,3,0,1,1,0,0,0,20,20,20,0.6461,0.1436,0.0000,11,1,0,0,recheck,0,still,0
2398,1,2,1,1655,18,0,2,0,3,0,1,1,2,0,0,0,19,19,19,22,3,22,0.3623,0.3623,0.0000,7,1,0,0,recheck,0,still,0
2398,87,1,1,1040,19,1,2,0,21,0,1,15,6,0,0,0,2,2,3,23,21,24,0.6695,0.3171,0.0000,11,1,0,0,recheck,0,still,0
2398,165,1,1,761,18,1,2,0,15,0,1,0,15,0,3,0,9,9,9,24,12,21,0.4224,0.4224,0.0000,11,1,0,0,recheck,0,still,0
2398,195,1,1,1753,17,1,2,0,3,0,1,1,2,0,0,0,20,20,18,23,3,21,0.3706,0.3706,0.0000,10,1,0,0,recheck,0,still,0
2399,8,2,1,1567,15,0,1,0,7,0,1,0,7,0,0,0,18,18,18,25,7,25,0.3957,0.3957,0.0000,9,1,0,0,recheck,0,still,0
2399,19,3,1,875,18,0,2,0,15,0,1,2,13,0,0,0,10,10,10,25,15,25,0.5301,0.5301,0.0000,12,1,0,0,recheck,0,still,0
2399,31,2,0,-1,15,3,7,0,17,0,1,17,0,0,0,2,0,0,0,17,19,19,0.5277,0.0000,0.0000,9,0,0,0,,0,pending,0
2399,199,1,1,1689,12,1,3,0,0,0,1,0,0,0,0,0,14,14,14,14,0,14,0.2621,0.2621,0.0000,4,1,0,0,period_end,0,still,0
