tick,id,size,holding,elapsed,ahead,qpos,qsize,front,count,crowded,jam,n_train,n_hold,n_other,n_behind,n_missed,n_rest,n_rest_hold,n_rest_loop,count_rest,count_loop,count_all_loop,occ,occ_hold,occ_rest,n_corr,holder_corr,holder_stack_only,crowd_corr,check,guard,outcome,hopped
108,123,1,0,-1,23,0,3,1,26,0,0,26,0,0,0,1,0,0,0,26,27,27,0.2349,0.0000,0.0000,8,0,0,0,,0,hop,1
115,111,1,0,-1,5,2,3,0,5,0,0,5,0,0,0,0,0,0,0,5,5,5,0.1777,0.0000,0.0000,5,0,0,0,,0,hop,1
117,179,1,0,-1,4,0,3,1,4,0,0,4,0,0,0,0,0,0,0,4,4,4,0.1402,0.0000,0.0000,4,0,0,0,,0,pending,0
118,179,1,0,-1,4,0,3,1,4,0,0,4,0,0,0,0,0,0,0,4,4,4,0.1402,0.0000,0.0000,4,0,0,0,,0,hop,1
123,160,1,0,-1,6,0,2,1,10,0,0,10,0,0,4,0,0,0,0,10,6,6,0.2603,0.0000,0.0000,8,0,0,0,,0,pending,0
124,160,1,0,-1,6,0,2,1,10,0,0,10,0,0,4,0,0,0,0,10,6,6,0.2605,0.0000,0.0000,8,0,0,0,,0,hop,1
130,158,1,0,-1,27,0,1,0,30,0,0,30,0,0,3,1,0,0,0,30,28,28,0.2597,0.0000,0.0000,9,0,0,0,,0,hop,1
135,121,1,0,-1,1,1,2,0,1,0,0,1,0,0,0,0,0,0,0,1,1,1,0.0367,0.0000,0.0000,1,0,0,0,,0,pending,0
136,121,1,0,-1,1,1,2,0,1,0,0,1,0,0,0,0,0,0,0,1,1,1,0.0367,0.0000,0.0000,1,0,0,0,,0,hop,1
138,100,1,0,-1,23,0,1,0,27,0,0,27,0,0,0,1,0,0,0,27,28,28,0.3615,0.0000,0.0000,10,0,0,0,,0,hop,1
141,75,1,0,-1,10,2,4,0,10,0,0,10,0,0,0,0,0,0,0,10,10,10,0.3097,0.0000,0.0000,9,0,0,0,,0,hop,1
146,155,1,0,-1,2,1,2,0,2,0,0,2,0,0,0,0,0,0,0,2,2,2,0.0733,0.0000,0.0000,2,0,0,0,,0,pending,0
147,137,1,0,-1,5,1,3,0,4,0,0,4,0,0,0,1,0,0,0,4,5,5,0.1463,0.0000,0.0000,4,0,0,0,,0,pending,0
147,155,1,0,-1,2,1,2,0,2,0,0,2,0,0,0,0,0,0,0,2,2,2,0.0734,0.0000,0.0000,2,0,0,0,,0,hop,1
148,137,1,0,-1,5,1,3,0,4,0,0,4,0,0,0,1,0,0,0,4,5,5,0.1463,0.0000,0.0000,4,0,0,0,,0,hop,1
163,102,1,0,-1,3,0,3,1,5,0,0,5,0,0,2,0,0,0,0,5,3,3,0.1793,0.0000,0.0000,5,0,0,0,,0,pending,0
164,102,1,0,-1,3,0,3,1,5,0,0,5,0,0,2,0,0,0,0,5,3,3,0.1793,0.0000,0.0000,5,0,0,0,,0,hop,1
167,97,1,0,-1,8,0,4,0,9,0,0,9,0,0,1,0,0,0,0,9,8,8,0.3137,0.0000,0.0000,9,0,0,0,,0,pending,0
167,104,1,0,-1,9,1,4,0,8,0,0,8,0,0,0,1,0,0,0,8,9,9,0.2890,0.0000,0.0000,8,0,0,0,,0,pending,0
168,97,1,0,-1,8,0,4,0,9,0,0,9,0,0,1,0,0,0,0,9,8,8,0.3136,0.0000,0.0000,9,0,0,0,,0,hop,1
168,104,1,0,-1,9,1,4,0,8,0,0,8,0,0,0,1,0,0,0,8,9,9,0.2890,0.0000,0.0000,8,0,0,0,,0,hop,1
170,199,1,0,-1,24,2,3,0,26,0,0,26,0,0,0,0,0,0,0,26,26,26,0.3093,0.0000,0.0000,12,0,0,0,,0,pending,0
171,199,1,0,-1,24,2,3,0,26,0,0,26,0,0,0,0,0,0,0,26,26,26,0.3096,0.0000,0.0000,12,0,0,0,,0,hop,1
177,124,1,0,-1,9,0,1,1,9,0,0,9,0,0,0,0,0,0,0,9,9,9,0.3146,0.0000,0.0000,9,0,0,0,,0,pending,0
177,159,1,0,-1,24,0,1,0,25,0,0,25,0,0,0,0,0,0,0,25,25,25,0.3123,0.0000,0.0000,11,0,0,0,,0,pending,0
178,124,1,0,-1,9,0,1,1,9,0,0,9,0,0,0,0,0,0,0,9,9,9,0.3148,0.0000,0.0000,9,0,0,0,,0,hop,1
178,159,1,0,-1,24,0,1,0,25,0,0,25,0,0,0,0,0,0,0,25,25,25,0.3126,0.0000,0.0000,11,0,0,0,,0,hop,1
206,156,1,0,-1,11,0,1,0,12,0,0,12,0,0,1,0,0,0,0,12,11,11,0.3846,0.0000,0.0000,11,0,0,0,,0,pending,0
207,156,1,0,-1,11,0,1,0,12,0,0,12,0,0,1,0,0,0,0,12,11,11,0.3845,0.0000,0.0000,11,0,0,0,,0,hop,1
253,121,1,0,-1,1,1,6,0,1,0,0,1,0,0,0,0,0,0,0,1,1,1,0.0346,0.0000,0.0000,1,0,0,0,,0,pending,0
254,121,1,0,-1,1,1,6,0,1,0,0,1,0,0,0,0,0,0,0,1,1,1,0.0346,0.0000,0.0000,1,0,0,0,,0,hop,1
254,137,1,0,-1,4,4,6,0,4,0,0,4,0,0,0,0,0,0,0,4,4,4,0.1398,0.0000,0.0000,4,0,0,0,,0,hop,1
270,100,1,0,-1,24,1,2,0,23,0,0,23,0,0,0,1,0,0,0,23,24,24,0.4028,0.0000,0.0000,10,0,0,0,,0,hop,1
284,179,1,0,-1,4,0,1,1,5,0,0,5,0,0,1,0,0,0,0,5,4,4,0.2133,0.0000,0.0000,5,0,0,0,,0,hop,1
285,111,1,0,-1,5,0,1,0,5,0,0,5,0,0,0,0,0,0,0,5,5,5,0.2142,0.0000,0.0000,5,0,0,0,,0,hop,1
285,155,1,0,-1,2,2,4,0,2,0,0,2,0,0,0,0,0,0,0,2,2,2,0.0735,0.0000,0.0000,2,0,0,0,,0,hop,1
287,158,1,0,-1,21,0,2,0,26,0,0,26,0,0,2,0,0,0,0,26,24,24,0.2603,0.0000,0.0000,7,0,0,0,,0,pending,0
288,158,1,0,-1,21,0,2,0,26,0,0,26,0,0,2,0,0,0,0,26,24,24,0.2603,0.0000,0.0000,7,0,0,0,,0,hop,1
289,104,1,0,-1,8,1,3,0,8,0,0,8,0,0,0,0,0,0,0,8,8,8,0.3180,0.0000,0.0000,8,0,0,0,,0,pending,0
290,104,1,0,-1,8,1,3,0,8,0,0,8,0,0,0,0,0,0,0,8,8,8,0.3176,0.0000,0.0000,8,0,0,0,,0,hop,1
295,160,1,0,-1,0,0,4,1,0,0,0,0,0,0,0,0,0,0,0,0,0,0,0.0000,0.0000,0.0000,0,0,0,0,,0,hop,1
308,199,1,0,-1,20,0,1,1,23,0,0,23,0,0,0,0,0,0,0,23,23,23,0.3590,0.0000,0.0000,12,0,0,0,,0,pending,0
309,199,1,0,-1,20,0,1,1,23,0,0,23,0,0,0,0,0,0,0,23,23,23,0.3591,0.0000,0.0000,12,0,0,0,,0,hop,1
310,123,2,0,-1,23,0,2,0,26,0,0,26,0,0,0,0,0,0,0,26,26,26,0.3168,0.0000,0.0000,10,0,0,0,,0,pending,0
311,102,2,0,-1,3,2,4,0,4,0,0,4,0,0,1,0,0,0,0,4,3,3,0.1298,0.0000,0.0000,4,0,0,0,,0,hop,1
311,123,2,0,-1,23,0,2,0,26,0,0,26,0,0,0,0,0,0,0,26,26,26,0.3167,0.0000,0.0000,10,0,0,0,,0,hop,1
314,1,1,0,-1,22,0,2,0,27,0,0,27,0,0,1,0,0,0,0,27,26,26,0.3619,0.0000,0.0000,7,0,0,0,,0,pending,0
314,3,2,0,-1,21,0,1,0,28,0,0,28,0,0,0,0,0,0,0,28,28,28,0.3225,0.0000,0.0000,8,0,0,0,,0,pending,0
314,4,2,0,-1,22,0,1,0,30,0,0,30,0,0,0,0,0,0,0,30,30,30,0.3297,0.0000,0.0000,9,0,0,0,,0,pending,0
314,5,2,0,-1,25,0,1,0,31,1,0,31,0,0,0,0,0,0,0,31,31,31,0.3625,0.0000,0.0000,11,0,0,0,,0,pending,0
314,6,1,0,-1,25,0,1,1,27,0,0,27,0,0,0,0,0,0,0,27,27,27,0.3679,0.0000,0.0000,10,0,0,0,,0,pending,0
314,7,1,0,-1,23,0,1,0,30,0,0,30,0,0,0,0,0,0,0,30,30,30,0.3694,0.0000,0.0000,10,0,0,0,,0,pending,0
314,8,1,0,-1,20,0,2,1,30,0,0,30,0,0,1,0,0,0,0,30,29,29,0.3694,0.0000,0.0000,10,0,0,0,,0,pending,0
314,10,1,0,-1,23,1,2,0,30,0,0,30,0,0,0,0,0,0,0,30,30,30,0.4695,0.0000,0.0000,11,0,0,0,,0,pending,0
314,11,1,0,-1,25,1,2,0,30,0,0,30,0,0,0,0,0,0,0,30,30,30,0.5236,0.0000,0.0000,13,0,0,0,,0,pending,0
314,12,1,0,-1,24,1,2,0,27,0,0,27,0,0,0,0,0,0,0,27,27,27,0.5802,0.0000,0.0000,15,0,0,0,,0,pending,0
314,13,1,0,-1,26,1,2,0,29,0,0,29,0,0,0,0,0,0,0,29,29,29,0.6564,0.0000,0.0000,17,0,0,0,,0,pending,0
314,14,1,0,-1,26,0,1,0,30,0,0,30,0,0,1,0,0,0,0,30,29,29,0.5955,0.0000,0.0000,16,0,0,0,,0,pending,0
314,15,1,0,-1,24,2,3,0,28,0,0,28,0,0,0,0,0,0,0,28,28,28,0.6649,0.0000,0.0000,15,0,0,0,,0,pending,0
314,16,1,0,-1,24,1,2,0,27,0,0,27,0,0,0,0,0,0,0,27,27,27,0.5907,0.0000,0.0000,12,0,0,0,,0,pending,0
314,25,2,0,-1,24,1,2,0,33,1,0,33,0,0,0,0,0,0,0,33,33,33,0.6072,0.0000,0.0000,15,0,0,0,,0,pending,0
314,28,2,0,-1,25,0,2,0,30,0,0,30,0,0,1,0,0,0,0,30,29,29,0.6190,0.0000,0.0000,16,0,0,0,,0,pending,0
314,29,2,0,-1,22,1,2,0,30,0,0,30,0,0,1,0,0,0,0,30,29,29,0.5977,0.0000,0.0000,15,0,0,0,,0,pending,0
314,31,2,0,-1,23,0,3,0,28,0,0,28,0,0,0,1,0,0,0,28,29,29,0.5277,0.0000,0.0000,12,0,0,0,,0,pending,0
314,41,1,0,-1,23,0,1,0,28,0,0,28,0,0,0,2,0,0,0,28,30,30,0.3955,0.0000,0.0000,11,0,0,0,,0,pending,0
314,44,1,0,-1,24,0,2,0,27,0,0,27,0,0,0,2,0,0,0,27,29,29,0.4745,0.0000,0.0000,11,0,0,0,,0,pending,0
314,45,1,0,-1,24,0,2,0,27,0,0,27,0,0,0,2,0,0,0,27,29,29,0.5001,0.0000,0.0000,12,0,0,0,,0,pending,0
314,46,1,0,-1,23,0,2,1,26,0,0,26,0,0,0,1,0,0,0,26,27,27,0.5838,0.0000,0.0000,15,0,0,0,,0,pending,0
314,47,2,0,-1,26,0,2,0,29,0,0,29,0,0,0,2,0,0,0,29,31,31,0.6185,0.0000,0.0000,17,0,0,0,,0,pending,0
314,51,1,0,-1,22,0,2,0,24,0,0,24,0,0,0,0,0,0,0,24,24,24,0.5460,0.0000,0.0000,11,0,0,0,,0,pending,0
314,54,2,0,-1,22,0,1,1,26,0,0,26,0,0,0,0,0,0,0,26,26,26,0.5166,0.0000,0.0000,13,0,0,0,,0,pending,0
314,55,2,0,-1,23,0,2,0,28,0,0,28,0,0,0,0,0,0,0,28,28,28,0.5205,0.0000,0.0000,13,0,0,0,,0,pending,0
314,56,1,0,-1,22,0,2,0,26,0,0,26,0,0,0,0,0,0,0,26,26,26,0.5149,0.0000,0.0000,11,0,0,0,,0,pending,0
314,57,1,0,-1,23,2,3,0,26,0,0,26,0,0,0,0,0,0,0,26,26,26,0.5613,0.0000,0.0000,12,0,0,0,,0,pending,0
314,58,1,0,-1,22,0,1,0,29,0,0,29,0,0,0,1,0,0,0,29,30,30,0.5420,0.0000,0.0000,11,0,0,0,,0,pending,0
314,65,1,0,-1,19,0,1,0,26,0,0,26,0,0,0,0,0,0,0,26,26,26,0.5866,0.0000,0.0000,11,0,0,0,,0,pending,0
314,66,1,0,-1,20,0,1,0,24,0,0,24,0,0,1,1,0,0,0,24,24,24,0.6634,0.0000,0.0000,13,0,0,0,,0,pending,0
314,67,2,0,-1,19,0,2,0,23,0,0,23,0,0,0,1,0,0,0,23,24,24,0.5887,0.0000,0.0000,12,0,0,0,,0,pending,0
314,71,2,0,-1,16,2,3,0,19,0,0,19,0,0,0,0,0,0,0,19,19,19,0.4962,0.0000,0.0000,11,0,0,0,,0,pending,0
314,73,2,0,-1,14,2,3,0,15,0,0,15,0,0,0,0,0,0,0,15,15,15,0.4651,0.0000,0.0000,12,0,0,0,,0,pending,0
314,79,1,0,-1,22,1,2,0,24,0,0,24,0,0,0,1,0,0,0,24,25,25,0.5718,0.0000,0.0000,12,0,0,0,,0,pending,0
314,84,1,0,-1,23,1,3,0,26,0,0,26,0,0,0,0,0,0,0,26,26,26,0.4871,0.0000,0.0000,10,0,0,0,,0,pending,0
314,86,1,0,-1,23,0,2,0,29,0,0,29,0,0,1,1,0,0,0,29,29,29,0.5719,0.0000,0.0000,11,0,0,0,,0,pending,0
314,87,1,0,-1,24,1,2,0,31,1,0,31,0,0,0,0,0,0,0,31,31,31,0.5709,0.0000,0.0000,12,0,0,0,,0,pending,0
314,88,1,0,-1,25,1,2,0,31,1,0,31,0,0,0,0,0,0,0,31,31,31,0.6628,0.0000,0.0000,15,0,0,0,,0,pending,0
314,89,1,0,-1,27,1,2,0,30,0,0,30,0,0,0,0,0,0,0,30,30,30,0.6272,0.0000,0.0000,14,0,0,0,,0,pending,0
314,90,1,0,-1,24,0,1,0,26,0,0,26,0,0,0,1,0,0,0,26,27,27,0.6229,0.0000,0.0000,14,0,0,0,,0,pending,0
314,91,1,0,-1,23,0,1,0,27,0,0,27,0,0,0,1,0,0,0,27,28,28,0.5885,0.0000,0.0000,13,0,0,0,,0,pending,0
314,92,1,0,-1,22,1,3,0,27,0,0,27,0,0,0,2,0,0,0,27,29,29,0.6560,0.0000,0.0000,13,0,0,0,,0,pending,0
314,95,1,0,-1,20,1,2,0,24,0,0,24,0,0,0,0,0,0,0,24,24,24,0.3315,0.0000,0.0000,7,0,0,0,,0,pending,0
314,98,1,0,-1,21,1,2,0,24,0,0,24,0,0,0,0,0,0,0,24,24,24,0.4041,0.0000,0.0000,9,0,0,0,,0,pending,0
314,99,2,0,-1,16,1,3,0,16,0,0,16,0,0,0,0,0,0,0,16,16,16,0.6449,0.0000,0.0000,15,0,0,0,,0,pending,0
314,109,2,0,-1,17,0,2,0,22,0,0,22,0,0,0,0,0,0,0,22,22,22,0.7010,0.0000,0.0000,14,0,0,1,,0,start_crowd,0
314,110,1,0,-1,17,0,2,0,18,0,0,18,0,0,0,1,0,0,0,18,19,19,0.6451,0.0000,0.0000,12,0,0,0,,0,pending,0
314,113,1,0,-1,21,2,3,0,27,0,0,27,0,0,3,1,0,0,0,27,25,25,0.2926,0.0000,0.0000,8,0,0,0,,0,pending,0
314,114,1,0,-1,23,0,3,0,28,0,0,28,0,0,1,1,0,0,0,28,28,28,0.2930,0.0000,0.0000,8,0,0,0,,0,pending,0
314,115,2,0,-1,25,0,2,0,33,1,0,33,0,0,1,0,0,0,0,33,32,32,0.3515,0.0000,0.0000,13,0,0,0,,0,pending,0
314,119,1,0,-1,22,1,2,0,34,1,0,34,0,0,4,0,0,0,0,34,30,30,0.3830,0.0000,0.0000,12,0,0,0,,0,pending,0
314,126,1,0,-1,22,1,2,0,30,0,0,30,0,0,5,0,0,0,0,30,25,25,0.3522,0.0000,0.0000,10,0,0,0,,0,pending,0
314,127,1,0,-1,22,0,1,0,28,0,0,28,0,0,2,0,0,0,0,28,26,26,0.2966,0.0000,0.0000,9,0,0,0,,0,pending,0
314,128,1,0,-1,22,0,1,0,30,0,0,30,0,0,2,0,0,0,0,30,28,28,0.3489,0.0000,0.0000,10,0,0,0,,0,pending,0
314,130,1,0,-1,25,0,2,0,27,0,0,27,0,0,0,2,0,0,0,27,29,29,0.6005,0.0000,0.0000,15,0,0,0,,0,pending,0
314,131,1,0,-1,22,0,1,0,32,1,0,32,0,0,3,0,0,0,0,32,29,29,0.3205,0.0000,0.0000,9,0,0,0,,0,pending,0
314,132,1,0,-1,20,2,3,0,28,0,1,27,1,0,0,0,0,0,0,28,28,28,0.7425,0.0000,0.0000,15,0,0,1,,0,start_crowd,0
314,135,1,0,-1,24,1,2,0,35,1,0,33,2,0,3,0,0,0,0,35,32,32,0.3721,0.0000,0.0000,11,0,0,0,,0,pending,0
314,138,1,0,-1,27,0,1,0,32,1,1,30,2,0,2,0,0,0,0,32,30,30,0.3968,0.0000,0.0000,13,0,0,0,,0,pending,0
314,139,1,0,-1,23,1,2,0,33,1,0,33,0,0,4,1,0,0,0,33,30,30,0.4420,0.0000,0.0000,12,0,0,0,,0,pending,0
314,140,1,0,-1,24,1,2,0,31,1,0,31,0,0,4,1,0,0,0,31,28,28,0.4414,0.0000,0.0000,12,0,0,0,,0,pending,0
314,141,2,0,-1,23,0,1,0,30,0,0,30,0,0,2,0,0,0,0,30,28,28,0.5129,0.0000,0.0000,16,0,0,0,,0,pending,0
314,142,2,0,-1,25,1,2,0,32,1,0,32,0,0,2,0,0,0,0,32,30,30,0.5405,0.0000,0.0000,18,0,0,0,,0,pending,0
314,143,1,0,-1,23,0,1,0,33,1,1,31,2,0,4,0,0,0,0,33,29,29,0.5002,0.0000,0.0000,15,0,0,0,,0,pending,0
314,144,2,0,-1,15,0,3,0,16,0,0,16,0,0,1,0,0,0,0,16,15,15,0.6042,0.0000,0.0000,14,0,0,0,,0,pending,0
314,153,1,0,-1,22,1,2,0,27,0,0,27,0,0,4,1,0,0,0,27,24,24,0.2898,0.0000,0.0000,8,0,0,0,,0,pending,0
314,154,2,0,-1,22,0,1,0,30,0,0,30,0,0,3,0,0,0,0,30,27,27,0.3450,0.0000,0.0000,10,0,0,0,,0,pending,0
314,157,2,0,-1,19,0,1,0,30,0,0,30,0,0,2,0,0,0,0,30,28,28,0.3183,0.0000,0.0000,8,0,0,0,,0,pending,0
314,163,1,0,-1,22,0,2,1,30,0,0,30,0,0,5,0,0,0,0,30,25,25,0.3750,0.0000,0.0000,12,0,0,0,,0,pending,0
314,166,1,0,-1,22,0,1,1,28,0,0,28,0,0,2,0,0,0,0,28,26,26,0.3225,0.0000,0.0000,10,0,0,0,,0,pending,0
314,167,1,0,-1,22,0,1,1,30,0,0,30,0,0,2,0,0,0,0,30,28,28,0.3716,0.0000,0.0000,12,0,0,0,,0,pending,0
314,168,1,0,-1,22,0,1,1,30,0,0,29,1,0,3,0,0,0,0,30,27,27,0.3209,0.0000,0.0000,10,0,0,0,,0,pending,0
314,169,1,0,-1,25,0,2,0,32,1,0,32,0,0,2,0,0,0,0,32,30,30,0.6544,0.0000,0.0000,18,0,0,0,,0,pending,0
314,171,1,0,-1,22,0,1,1,32,1,0,31,1,0,3,0,0,0,0,32,29,29,0.3205,0.0000,0.0000,11,0,0,0,,0,pending,0
314,172,1,0,-1,21,0,1,1,34,1,0,33,1,0,3,0,0,0,0,34,31,31,0.3726,0.0000,0.0000,11,0,0,0,,0,pending,0
314,174,1,0,-1,19,1,2,0,28,0,1,27,1,0,3,0,0,0,0,28,25,25,0.6483,0.0000,0.0000,13,0,0,0,,0,pending,0
314,176,1,0,-1,24,0,2,1,35,1,0,33,2,0,3,0,0,0,0,35,32,32,0.3926,0.0000,0.0000,13,0,0,0,,0,pending,0
314,180,1,0,-1,27,0,1,1,32,1,1,30,2,0,2,0,0,0,0,32,30,30,0.4641,0.0000,0.0000,17,0,0,0,,0,pending,0
314,181,1,0,-1,24,0,1,1,32,1,1,30,2,0,3,0,0,0,0,32,29,29,0.4481,0.0000,0.0000,15,0,0,0,,0,pending,0
314,183,1,0,-1,24,0,2,0,32,1,0,32,0,0,5,0,0,0,0,32,27,27,0.4888,0.0000,0.0000,14,0,0,0,,0,pending,0
314,186,1,0,-1,23,0,1,1,33,1,1,31,2,0,4,0,0,0,0,33,29,29,0.4619,0.0000,0.0000,15,0,0,0,,0,pending,0
314,188,1,0,-1,22,0,2,0,31,1,0,31,0,0,5,0,0,0,0,31,26,26,0.3799,0.0000,0.0000,11,0,0,0,,0,pending,0
314,189,1,0,-1,22,0,1,0,31,1,0,31,0,0,4,0,0,0,0,31,27,27,0.4236,0.0000,0.0000,14,0,0,0,,0,pending,0
314,194,1,0,-1,23,0,1,0,34,1,0,34,0,0,3,0,0,0,0,34,31,31,0.3800,0.0000,0.0000,13,0,0,0,,0,pending,0
314,195,1,0,-1,24,0,1,0,29,0,0,29,0,0,3,0,0,0,0,29,26,26,0.2920,0.0000,0.0000,9,0,0,0,,0,pending,0
315,1,1,0,-1,22,0,2,0,27,0,0,27,0,0,1,0,0,0,0,27,26,26,0.3619,0.0000,0.0000,7,0,0,0,,0,hop,1
315,3,2,0,-1,21,0,1,0,28,0,0,28,0,0,0,0,0,0,0,28,28,28,0.3226,0.0000,0.0000,8,0,0,0,,0,hop,1
315,4,2,0,-1,22,0,1,0,30,0,0,30,0,0,0,0,0,0,0,30,30,30,0.3297,0.0000,0.0000,9,0,0,0,,0,hop,1
315,5,2,0,-1,25,0,1,0,31,1,0,31,0,0,0,0,0,0,0,31,31,31,0.3625,0.0000,0.0000,11,0,0,0,,0,hop,1
315,6,1,0,-1,25,0,1,1,27,0,0,27,0,0,0,0,0,0,0,27,27,27,0.3679,0.0000,0.0000,10,0,0,0,,0,hop,1
315,7,1,0,-1,23,0,1,0,30,0,0,30,0,0,0,0,0,0,0,30,30,30,0.3694,0.0000,0.0000,10,0,0,0,,0,hop,1
315,8,1,0,-1,20,0,2,1,30,0,0,30,0,0,1,0,0,0,0,30,29,29,0.3694,0.0000,0.0000,10,0,0,0,,0,hop,1
315,10,1,0,-1,23,1,2,0,30,0,0,30,0,0,0,0,0,0,0,30,30,30,0.4694,0.0000,0.0000,11,0,0,0,,0,hop,1
315,11,1,0,-1,25,1,2,0,30,0,0,30,0,0,0,0,0,0,0,30,30,30,0.5236,0.0000,0.0000,13,0,0,0,,0,hop,1
315,12,1,0,-1,24,1,2,0,27,0,0,27,0,0,0,0,0,0,0,27,27,27,0.5801,0.0000,0.0000,15,0,0,0,,0,hop,1
315,13,1,0,-1,26,1,2,0,28,0,0,28,0,0,0,0,0,0,0,28,28,28,0.6563,0.0000,0.0000,17,0,0,0,,0,hop,1
315,14,1,0,-1,26,0,1,0,29,0,0,29,0,0,1,0,0,0,0,29,28,28,0.5951,0.0000,0.0000,16,0,0,0,,0,hop,1
315,15,1,0,-1,24,2,3,0,27,0,0,27,0,0,0,0,0,0,0,27,27,27,0.6649,0.0000,0.0000,15,0,0,0,,0,hop,1
315,16,1,0,-1,23,1,2,0,26,0,0,26,0,0,0,0,0,0,0,26,26,26,0.6277,0.0000,0.0000,12,0,0,0,,0,hop,1
315,25,2,0,-1,24,1,2,0,33,1,0,31,2,0,0,0,0,0,0,33,33,33,0.6064,0.0319,0.0000,15,1,0,0,,0,start_holder,0
315,28,2,0,-1,25,0,2,0,30,0,1,28,2,0,1,0,0,0,0,30,29,29,0.6190,0.0310,0.0000,16,1,0,0,,0,start_holder,0
315,29,2,0,-1,22,1,2,0,30,0,1,28,2,0,1,0,0,0,0,30,29,29,0.5974,0.0314,0.0000,15,1,0,0,,0,start_holder,0
315,31,2,0,-1,23,0,3,0,28,0,1,26,2,0,0,1,0,0,0,28,29,29,0.5277,0.0330,0.0000,12,0,1,0,,0,hop,1
315,41,1,0,-1,23,0,1,0,28,0,0,28,0,0,0,2,0,0,0,28,30,30,0.3955,0.0000,0.0000,11,0,0,0,,0,hop,1
315,44,1,0,-1,24,0,2,0,27,0,0,27,0,0,0,2,0,0,0,27,29,29,0.4745,0.0000,0.0000,11,0,0,0,,0,hop,1
315,45,1,0,-1,24,0,2,0,27,0,0,27,0,0,0,2,0,0,0,27,29,29,0.5001,0.0000,0.0000,12,0,0,0,,0,hop,1
315,46,1,0,-1,23,0,2,1,26,0,0,26,0,0,0,1,0,0,0,26,27,27,0.5838,0.0000,0.0000,15,0,0,0,,0,hop,1
315,47,2,0,-1,26,0,2,0,29,0,0,29,0,0,0,2,0,0,0,29,31,31,0.6185,0.0000,0.0000,17,0,0,0,,0,hop,1
315,51,1,0,-1,21,0,2,0,23,0,0,22,1,0,0,0,0,0,0,23,23,23,0.5460,0.0000,0.0000,10,0,0,0,,0,hop,1
315,54,2,0,-1,21,0,1,1,25,0,1,23,2,0,0,0,0,0,0,25,25,25,0.5166,0.0000,0.0000,12,0,0,0,,0,hop,1
315,55,2,0,-1,22,0,2,0,28,0,1,25,3,0,1,0,0,0,0,28,27,27,0.5530,0.0000,0.0000,13,0,0,0,,0,hop,1
315,56,1,0,-1,22,0,2,0,26,0,1,23,3,0,0,0,0,0,0,26,26,26,0.5152,0.0000,0.0000,11,0,0,0,,0,hop,1
315,57,1,0,-1,23,2,3,0,26,0,1,22,4,0,0,0,0,0,0,26,26,26,0.5615,0.0000,0.0000,12,0,0,0,,0,hop,1
315,58,1,0,-1,22,0,1,0,29,0,1,25,4,0,0,1,0,0,0,29,30,30,0.5419,0.0000,0.0000,11,0,0,0,,0,hop,1
315,65,1,0,-1,19,0,1,0,26,0,1,25,1,0,0,0,0,0,0,26,26,26,0.5864,0.0000,0.0000,11,0,0,0,,0,hop,1
315,66,1,0,-1,20,0,1,0,24,0,1,23,1,0,1,1,0,0,0,24,24,24,0.6630,0.0663,0.0000,13,1,0,0,,0,start_holder,0
315,67,2,0,-1,19,0,2,0,23,0,1,22,1,0,0,1,0,0,0,23,24,24,0.5888,0.0654,0.0000,12,0,1,0,,0,hop,1
315,71,2,0,-1,16,2,3,0,19,0,0,19,0,0,0,0,0,0,0,19,19,19,0.4962,0.0000,0.0000,11,0,0,0,,0,hop,1
315,73,2,0,-1,14,2,3,0,15,0,0,15,0,0,0,0,0,0,0,15,15,15,0.4649,0.0000,0.0000,12,0,0,0,,0,hop,1
315,79,1,0,-1,21,1,2,0,23,0,0,22,1,0,0,1,0,0,0,23,24,24,0.5718,0.0000,0.0000,11,0,0,0,,0,hop,1
315,84,1,0,-1,23,1,3,0,26,0,1,22,4,0,0,0,0,0,0,26,26,26,0.4868,0.0000,0.0000,10,0,0,0,,0,hop,1
315,86,1,0,-1,23,0,2,0,29,0,1,24,5,0,1,1,0,0,0,29,29,29,0.5719,0.0000,0.0000,11,0,0,0,,0,hop,1
315,87,1,0,-1,24,1,2,0,31,1,1,26,5,0,0,0,0,0,0,31,31,31,0.5709,0.0000,0.0000,12,0,0,0,,0,hop,1
315,88,1,0,-1,25,1,2,0,31,1,1,26,5,0,0,0,0,0,0,31,31,31,0.6633,0.0349,0.0000,15,1,0,0,,0,start_holder,0
315,89,1,0,-1,27,1,2,0,30,0,1,25,5,0,0,0,0,0,0,30,30,30,0.6274,0.0349,0.0000,14,1,0,0,,0,start_holder,0
315,90,1,0,-1,24,0,1,0,26,0,1,22,4,0,0,1,0,0,0,26,27,27,0.6228,0.0346,0.0000,14,1,0,0,,0,start_holder,0
315,91,1,0,-1,23,0,1,0,27,0,1,24,3,0,0,1,0,0,0,27,28,28,0.5884,0.0346,0.0000,13,0,1,0,,0,hop,1
315,92,1,0,-1,22,1,3,0,27,0,1,25,2,0,0,2,0,0,0,27,29,29,0.6560,0.0691,0.0000,13,1,0,0,,0,start_holder,0
315,95,1,0,-1,20,1,2,0,24,0,0,24,0,0,0,0,0,0,0,24,24,24,0.3315,0.0000,0.0000,7,0,0,0,,0,hop,1
315,98,1,0,-1,21,1,2,0,24,0,0,24,0,0,0,0,0,0,0,24,24,24,0.4042,0.0000,0.0000,9,0,0,0,,0,hop,1
315,99,2,0,-1,16,1,3,0,16,0,0,16,0,0,0,0,0,0,0,16,16,16,0.6446,0.0000,0.0000,15,0,0,0,,0,hop,1
315,110,1,0,-1,17,0,2,0,18,0,0,18,0,0,0,1,0,0,0,18,19,19,0.6450,0.0000,0.0000,12,0,0,0,,0,hop,1
315,113,1,0,-1,21,2,3,0,27,0,0,27,0,0,3,1,0,0,0,27,25,25,0.2927,0.0000,0.0000,8,0,0,0,,0,hop,1
315,114,1,0,-1,23,0,3,0,28,0,0,28,0,0,1,1,0,0,0,28,28,28,0.2929,0.0000,0.0000,8,0,0,0,,0,hop,1
315,115,2,0,-1,25,0,2,0,33,1,0,33,0,0,1,0,0,0,0,33,32,32,0.3514,0.0000,0.0000,13,0,0,0,,0,hop,1
315,119,1,0,-1,22,1,2,0,34,1,0,34,0,0,4,0,0,0,0,34,30,30,0.3830,0.0000,0.0000,12,0,0,0,,0,hop,1
315,126,1,0,-1,21,1,2,0,29,0,0,28,1,0,5,0,0,0,0,29,24,24,0.3522,0.0000,0.0000,9,0,0,0,,0,hop,1
315,127,1,0,-1,21,0,1,0,27,0,0,24,3,0,2,0,0,0,0,27,25,25,0.3236,0.0000,0.0000,9,0,0,0,,0,hop,1
315,128,1,0,-1,21,1,2,0,29,0,1,23,6,0,2,0,0,0,0,29,27,27,0.3489,0.0000,0.0000,10,0,0,0,,0,hop,1
315,130,1,0,-1,25,0,2,0,26,0,0,26,0,0,0,2,0,0,0,26,28,28,0.6008,0.0000,0.0000,15,0,0,0,,0,hop,1
315,131,1,0,-1,22,0,1,0,32,1,1,23,9,0,3,0,0,0,0,32,29,29,0.3205,0.0000,0.0000,9,0,0,0,,0,hop,1
315,135,1,0,-1,24,1,2,0,35,1,1,25,10,0,3,0,0,0,0,35,32,32,0.3721,0.0000,0.0000,11,0,0,0,,0,hop,1
315,138,1,0,-1,27,0,1,0,32,1,1,23,9,0,2,0,0,0,0,32,30,30,0.3968,0.0265,0.0000,13,1,0,0,,0,start_holder,0
315,139,1,0,-1,23,1,2,0,33,1,0,33,0,0,4,1,0,0,0,33,30,30,0.4420,0.0000,0.0000,12,0,0,0,,0,hop,1
315,140,1,0,-1,24,1,2,0,31,1,0,31,0,0,4,1,0,0,0,31,28,28,0.4414,0.0000,0.0000,12,0,0,0,,0,hop,1
315,141,2,0,-1,23,0,1,0,30,0,0,30,0,0,2,0,0,0,0,30,28,28,0.5129,0.0000,0.0000,16,0,0,0,,0,hop,1
315,142,2,0,-1,25,1,2,0,31,1,0,31,0,0,2,0,0,0,0,31,29,29,0.5405,0.0000,0.0000,18,0,0,0,,0,hop,1
315,143,1,0,-1,23,0,1,0,33,1,1,27,6,0,4,0,0,0,0,33,29,29,0.5002,0.0790,0.0000,15,1,0,0,,0,start_holder,0
315,144,2,0,-1,15,0,3,0,16,0,0,16,0,0,1,0,0,0,0,16,15,15,0.6042,0.0000,0.0000,14,0,0,0,,0,hop,1
315,153,1,0,-1,22,1,2,0,27,0,0,27,0,0,4,1,0,0,0,27,24,24,0.2898,0.0000,0.0000,8,0,0,0,,0,hop,1
315,154,2,0,-1,22,0,1,0,30,0,0,30,0,0,3,0,0,0,0,30,27,27,0.3450,0.0000,0.0000,10,0,0,0,,0,hop,1
315,157,2,0,-1,19,0,1,0,30,0,0,30,0,0,2,0,0,0,0,30,28,28,0.3183,0.0000,0.0000,8,0,0,0,,0,hop,1
315,163,1,0,-1,21,0,2,1,29,0,0,28,1,0,5,0,0,0,0,29,24,24,0.3750,0.0000,0.0000,11,0,0,0,,0,hop,1
315,166,1,0,-1,21,0,1,1,27,0,1,22,5,0,2,0,0,0,0,27,25,25,0.3225,0.0000,0.0000,10,0,0,0,,0,hop,1
315,167,1,0,-1,21,0,2,1,29,0,1,23,6,0,2,0,0,0,0,29,27,27,0.3716,0.0000,0.0000,12,0,0,0,,0,hop,1
315,168,1,0,-1,22,0,1,1,29,0,1,20,9,0,2,0,0,0,0,29,27,27,0.3209,0.0000,0.0000,10,0,0,0,,0,hop,1
315,169,1,0,-1,25,0,2,0,31,1,0,31,0,0,2,0,0,0,0,31,29,29,0.6546,0.0000,0.0000,18,0,0,0,,0,hop,1
315,171,1,0,-1,22,0,1,1,32,1,1,22,10,0,3,0,0,0,0,32,29,29,0.3205,0.0000,0.0000,11,0,0,0,,0,hop,1
315,172,1,0,-1,21,0,1,1,34,1,1,23,11,0,3,0,0,0,0,34,31,31,0.3726,0.0000,0.0000,11,0,0,0,,0,hop,1
315,174,1,0,-1,19,1,2,0,28,0,1,25,3,0,3,0,0,0,0,28,25,25,0.6483,0.0648,0.0000,13,1,0,0,,0,start_holder,0
315,176,1,0,-1,24,0,2,1,35,1,1,22,13,0,3,0,0,0,0,35,32,32,0.3926,0.0000,0.0000,13,0,0,0,,0,hop,1
315,180,1,0,-1,27,0,1,1,32,1,1,21,11,0,2,0,0,0,0,32,30,30,0.4641,0.0244,0.0000,17,1,0,0,,0,start_holder,0
315,181,1,0,-1,24,0,1,1,32,1,1,22,10,0,3,0,0,0,0,32,29,29,0.4481,0.0264,0.0000,15,1,0,0,,0,start_holder,0
315,183,1,0,-1,24,0,2,0,32,1,0,32,0,0,5,0,0,0,0,32,27,27,0.4616,0.0000,0.0000,13,0,0,0,,0,hop,1
315,186,1,0,-1,23,0,1,1,33,1,1,26,7,0,4,0,0,0,0,33,29,29,0.4619,0.0486,0.0000,15,1,0,0,,0,start_holder,0
315,188,1,0,-1,22,0,2,0,31,1,0,31,0,0,5,0,0,0,0,31,26,26,0.3800,0.0000,0.0000,11,0,0,0,,0,hop,1
315,189,1,0,-1,22,0,1,0,31,1,0,31,0,0,4,0,0,0,0,31,27,27,0.4235,0.0000,0.0000,14,0,0,0,,0,hop,1
315,194,1,0,-1,23,0,1,0,34,1,0,34,0,0,3,0,0,0,0,34,31,31,0.3801,0.0000,0.0000,13,0,0,0,,0,hop,1
315,195,1,0,-1,24,0,1,0,29,0,0,29,0,0,3,0,0,0,0,29,26,26,0.2920,0.0000,0.0000,9,0,0,0,,0,hop,1
316,75,1,0,-1,8,2,3,0,9,0,0,9,0,0,1,0,0,0,0,9,8,8,0.2975,0.0000,0.0000,7,0,0,0,,0,pending,0
316,117,1,0,-1,23,0,1,0,30,0,0,30,0,0,3,1,0,0,0,30,28,28,0.3532,0.0000,0.0000,11,0,0,0,,0,pending,0
317,75,1,0,-1,8,2,3,0,9,0,0,9,0,0,1,0,0,0,0,9,8,8,0.2980,0.0000,0.0000,7,0,0,0,,0,hop,1
322,108,1,0,-1,20,0,2,0,25,0,1,23,2,0,1,1,0,0,0,25,25,25,0.6563,0.1036,0.0000,13,1,0,0,,0,start_holder,0
328,124,1,0,-1,7,0,3,1,7,0,0,7,0,0,0,0,0,0,0,7,7,7,0.2810,0.0000,0.0000,6,0,0,0,,0,hop,1
330,2,1,0,-1,23,0,2,1,25,0,0,25,0,0,0,0,0,0,0,25,25,25,0.2894,0.0000,0.0000,5,0,0,0,,0,pending,0
330,42,1,0,-1,21,1,2,0,29,0,0,29,0,0,0,1,0,0,0,29,30,30,0.4357,0.0000,0.0000,11,0,0,0,,0,pending,0
330,85,1,0,-1,23,0,2,0,26,0,1,16,10,0,0,1,0,0,0,26,27,27,0.5709,0.2498,0.0000,11,1,0,0,,0,start_holder,0
331,2,1,0,-1,23,0,2,1,25,0,0,25,0,0,0,0,0,0,0,25,25,25,0.2895,0.0000,0.0000,5,0,0,0,,0,hop,1
331,9,1,0,-1,23,0,2,1,30,0,0,30,0,0,0,0,0,0,0,30,30,30,0.4038,0.0000,0.0000,10,0,0,0,,0,pending,0
331,42,1,0,-1,21,1,2,0,29,0,0,29,0,0,0,1,0,0,0,29,30,30,0.4355,0.0000,0.0000,11,0,0,0,,0,hop,1
331,191,1,0,-1,25,1,2,0,32,1,0,32,0,0,2,0,0,0,0,32,30,30,0.4006,0.0000,0.0000,13,0,0,0,,0,pending,0
332,9,1,0,-1,23,0,2,1,30,0,0,30,0,0,0,0,0,0,0,30,30,30,0.4040,0.0000,0.0000,10,0,0,0,,0,hop,1
332,83,1,0,-1,23,0,1,0,26,0,1,18,8,0,1,0,0,0,0,26,25,25,0.6043,0.2133,0.0000,13,1,0,0,,0,start_holder,0
332,191,1,0,-1,25,1,2,0,32,1,0,32,0,0,2,0,0,0,0,32,30,30,0.4006,0.0000,0.0000,13,0,0,0,,0,hop,1
334,97,2,0,-1,7,1,3,0,7,0,0,7,0,0,0,0,0,0,0,7,7,7,0.2218,0.0000,0.0000,6,0,0,0,,0,pending,0
335,97,2,0,-1,7,1,3,0,7,0,0,7,0,0,0,0,0,0,0,7,7,7,0.2217,0.0000,0.0000,6,0,0,0,,0,hop,1
346,92,1,1,31,22,1,3,0,26,0,1,22,4,0,0,2,0,0,0,26,28,28,0.6648,0.1400,0.0000,13,1,0,0,recheck,0,still,0
346,174,1,1,31,19,1,2,0,27,0,1,23,4,0,3,0,0,0,0,27,24,24,0.6175,0.0975,0.0000,13,1,0,0,recheck,0,still,0
346,186,1,1,31,23,0,1,1,33,1,1,25,8,0,4,0,0,0,0,33,29,29,0.4618,0.1701,0.0000,15,1,0,0,recheck,0,still,0
347,35,1,0,-1,22,1,4,0,25,0,0,25,0,0,0,1,0,0,0,25,26,26,0.3282,0.0000,0.0000,6,0,0,0,,0,pending,0
348,35,1,0,-1,22,1,4,0,25,0,0,25,0,0,0,1,0,0,0,25,26,26,0.3282,0.0000,0.0000,6,0,0,0,,0,hop,1
350,159,1,0,-1,17,2,3,0,20,0,0,20,0,0,0,1,0,0,0,20,21,21,0.2622,0.0000,0.0000,8,0,0,0,,0,hop,1
351,143,1,1,36,23,0,1,0,33,1,1,25,8,0,4,0,0,0,0,33,29,29,0.4739,0.1580,0.0000,14,1,0,0,recheck,0,still,0
353,177,1,0,-1,26,0,1,1,32,1,1,20,12,0,4,0,3,3,3,35,28,31,0.3972,0.2119,0.0000,13,1,0,0,,0,start_holder,0
355,28,2,1,40,25,0,2,0,28,0,1,20,8,0,0,0,1,1,1,29,28,29,0.6209,0.1863,0.0000,16,1,0,0,recheck,0,still,0
355,181,1,1,40,24,0,1,1,30,0,1,20,10,0,3,0,1,1,1,31,27,28,0.4481,0.1845,0.0000,15,1,0,0,recheck,0,still,0
356,88,1,1,41,26,0,3,0,28,0,1,17,11,0,0,0,3,3,3,31,28,31,0.5980,0.3166,0.0000,14,1,0,0,recheck,0,still,0
356,156,1,0,-1,8,0,1,0,9,0,0,9,0,0,0,0,0,0,0,9,9,9,0.3188,0.0000,0.0000,7,0,0,0,,0,hop,1
357,34,1,0,-1,11,0,1,0,13,0,0,13,0,0,1,0,0,0,0,13,12,12,0.4431,0.0000,0.0000,10,0,0,0,,0,pending,0
357,103,1,0,-1,11,1,2,0,11,0,0,11,0,0,0,1,0,0,0,11,12,12,0.4323,0.0000,0.0000,10,0,0,0,,0,pending,0
358,34,1,0,-1,11,0,1,0,13,0,0,13,0,0,1,0,0,0,0,13,12,12,0.4431,0.0000,0.0000,10,0,0,0,,0,hop,1
358,103,1,0,-1,11,1,2,0,11,0,0,11,0,0,0,1,0,0,0,11,12,12,0.4324,0.0000,0.0000,10,0,0,0,,0,hop,1
360,138,1,1,45,27,0,1,0,30,0,1,19,11,0,2,0,2,2,2,32,28,30,0.3703,0.1323,0.0000,13,1,0,0,recheck,0,still,0
361,109,2,1,47,15,0,2,0,21,0,0,21,0,0,0,0,0,0,0,21,21,21,0.7054,0.0000,0.0000,13,0,0,1,recheck,0,still,0
361,132,1,1,47,20,2,3,0,26,0,1,21,5,0,0,0,0,0,0,26,26,26,0.7137,0.1784,0.0000,14,1,0,1,recheck,0,still,0
362,25,2,1,47,24,1,3,0,28,0,1,15,13,0,0,0,3,3,3,31,28,31,0.5345,0.2515,0.0000,12,1,0,0,recheck,0,still,0
363,29,2,1,48,22,1,2,0,29,0,1,22,7,0,1,0,0,0,0,29,28,28,0.6019,0.1267,0.0000,15,1,0,0,recheck,0,still,0
363,83,1,1,31,21,0,1,0,25,0,1,17,8,0,0,0,1,1,1,26,25,26,0.4990,0.1426,0.0000,10,1,0,0,recheck,0,still,0
363,170,1,0,-1,22,0,2,0,24,0,0,24,0,0,0,0,0,0,0,24,24,24,0.7125,0.0000,0.0000,15,0,0,1,,0,start_crowd,0
363,200,1,0,-1,19,0,4,1,26,0,0,25,1,0,3,0,0,0,0,26,23,23,0.5546,0.0000,0.0000,12,0,0,0,,0,pending,0
364,89,1,1,49,27,1,2,0,27,0,1,17,10,0,0,0,2,2,2,29,27,29,0.6687,0.2816,0.0000,15,1,0,0,recheck,0,still,0
364,200,1,0,-1,19,0,4,1,26,0,0,25,1,0,3,0,0,0,0,26,23,23,0.5546,0.0000,0.0000,12,0,0,0,,0,hop,1
365,108,1,1,43,19,0,2,0,23,0,1,21,2,0,0,1,0,0,0,23,24,24,0.6581,0.1039,0.0000,13,1,0,0,recheck,0,still,0
366,90,1,1,51,24,0,1,0,26,0,1,19,7,0,0,0,0,0,1,26,26,27,0.6223,0.2074,0.0000,14,1,0,0,recheck,0,still,0
368,180,1,1,53,27,0,1,1,29,0,1,18,11,0,1,0,2,2,2,31,28,30,0.3907,0.1953,0.0000,15,1,0,0,recheck,0,still,0
369,125,1,0,-1,20,0,3,1,23,0,0,22,1,0,1,2,0,0,0,23,24,24,0.5208,0.0000,0.0000,10,0,0,0,,0,pending,0
370,125,1,0,-1,20,0,3,1,23,0,0,22,1,0,1,2,0,0,0,23,24,24,0.5207,0.0000,0.0000,10,0,0,0,,0,hop,1
371,66,1,1,56,18,0,1,0,23,0,1,21,2,0,1,1,0,0,0,23,23,23,0.6644,0.0997,0.0000,12,1,0,0,recheck,0,still,0
373,19,3,0,-1,21,0,2,0,25,0,1,19,6,0,0,0,0,0,0,25,25,25,0.4985,0.1173,0.0000,12,1,0,0,,0,start_holder,0
373,21,2,0,-1,23,1,2,0,26,0,1,17,9,0,0,0,0,0,0,26,26,26,0.5545,0.1305,0.0000,12,1,0,0,,0,start_holder,0
373,26,3,0,-1,23,1,2,0,29,0,1,17,12,0,0,0,3,3,3,32,29,32,0.6177,0.2942,0.0000,17,1,0,0,,0,start_holder,0
373,101,3,0,-1,12,1,3,0,13,0,0,13,0,0,0,0,0,0,0,13,13,13,0.4117,0.0000,0.0000,12,0,0,0,,0,pending,0
373,118,3,0,-1,22,0,1,0,34,1,0,33,1,0,2,0,0,0,0,34,32,32,0.3743,0.0000,0.0000,13,0,0,0,,0,pending,0
373,165,1,0,-1,20,1,2,0,26,0,1,17,9,0,2,0,0,0,0,26,24,24,0.2986,0.0498,0.0000,10,1,0,0,,0,start_holder,0
374,101,3,0,-1,12,1,3,0,13,0,0,13,0,0,0,0,0,0,0,13,13,13,0.4117,0.0000,0.0000,12,0,0,0,,0,hop,1
374,118,3,0,-1,22,0,1,0,34,1,0,33,1,0,2,0,0,0,0,34,32,32,0.3744,0.0000,0.0000,13,0,0,0,,0,hop,1
376,85,1,1,46,22,0,2,0,25,0,1,14,11,0,0,1,2,2,2,27,26,28,0.6083,0.3936,0.0000,11,1,0,0,recheck,0,still,0
376,92,1,1,61,22,1,3,0,25,0,1,21,4,0,0,2,0,0,0,25,27,27,0.6616,0.1393,0.0000,13,1,0,0,recheck,0,still,0
376,174,1,1,61,17,0,1,0,27,0,1,23,4,0,3,0,0,0,0,27,24,24,0.6830,0.0976,0.0000,14,1,0,0,recheck,0,still,0
376,186,1,1,61,23,0,1,1,31,1,1,23,8,0,4,0,0,0,0,31,27,27,0.4618,0.1701,0.0000,15,1,0,0,recheck,0,still,0
381,143,1,1,66,23,0,1,0,31,1,1,23,8,0,4,0,0,0,0,31,27,27,0.4739,0.1580,0.0000,14,1,0,0,recheck,0,still,0
382,179,1,0,-1,4,3,5,0,4,0,0,4,0,0,0,0,0,0,0,4,4,4,0.1803,0.0000,0.0000,4,0,0,0,,0,pending,0
383,179,1,0,-1,4,3,5,0,4,0,0,4,0,0,0,0,0,0,0,4,4,4,0.1803,0.0000,0.0000,4,0,0,0,,0,hop,1
385,28,2,1,70,25,0,2,0,28,0,1,19,9,0,1,0,1,1,1,29,27,28,0.6418,0.2139,0.0000,17,1,0,0,recheck,0,still,0
385,181,1,1,70,24,0,1,1,30,0,1,20,10,0,3,0,1,1,1,31,27,28,0.4218,0.1845,0.0000,14,1,0,0,recheck,0,still,0
386,88,1,1,71,24,0,2,0,26,0,1,16,10,0,0,0,4,4,4,30,26,30,0.5766,0.3243,0.0000,13,1,0,0,recheck,0,still,0
390,138,1,1,75,27,0,1,0,29,0,1,18,11,0,1,0,2,2,2,31,28,30,0.3968,0.1323,0.0000,13,1,0,0,recheck,0,still,0
391,109,2,1,77,15,0,2,0,21,0,0,21,0,0,0,0,0,0,0,21,21,21,0.7064,0.0000,0.0000,13,0,0,1,recheck,0,still,0
391,132,1,1,77,21,2,3,0,26,0,1,21,5,0,0,0,0,0,0,26,26,26,0.7165,0.1791,0.0000,14,1,0,1,recheck,0,still,0
392,25,2,1,77,24,1,3,0,27,0,1,14,13,0,0,0,4,4,4,31,27,31,0.5692,0.3479,0.0000,13,1,0,0,recheck,0,still,0
393,29,2,1,78,22,1,2,0,28,0,1,22,6,0,0,0,0,0,0,28,28,28,0.5970,0.0943,0.0000,15,1,0,0,recheck,0,still,0
393,62,1,0,-1,23,0,1,0,26,0,1,18,8,0,0,0,1,1,2,27,26,28,0.6867,0.2168,0.0000,15,1,0,0,,0,start_holder,0
393,63,1,0,-1,22,0,2,0,24,0,1,18,6,0,0,0,0,0,1,24,24,25,0.6505,0.1446,0.0000,14,1,0,0,,0,start_holder,0
393,83,1,1,61,22,0,1,0,26,0,1,14,12,0,0,0,1,1,1,27,26,27,0.5711,0.3213,0.0000,11,1,0,0,recheck,0,still,0
394,89,1,1,79,26,1,2,0,26,0,1,15,11,0,0,0,3,3,4,29,26,30,0.6727,0.3541,0.0000,15,1,0,0,recheck,0,still,0
395,108,1,1,73,19,0,2,0,23,0,1,21,2,0,0,1,0,0,0,23,24,24,0.6577,0.1039,0.0000,13,1,0,0,recheck,0,still,0
395,121,1,0,-1,1,0,4,1,1,0,0,1,0,0,0,0,0,0,0,1,1,1,0.0361,0.0000,0.0000,1,0,0,0,,0,pending,0
395,170,1,1,32,22,0,2,0,24,0,0,22,2,0,0,0,0,0,0,24,24,24,0.7248,0.1035,0.0000,15,1,0,1,recheck,0,still,0
396,90,1,1,81,24,0,1,0,26,0,1,18,8,0,0,0,0,0,1,26,26,27,0.6240,0.2427,0.0000,14,1,0,0,recheck,0,still,0
396,121,1,0,-1,1,0,4,1,1,0,0,1,0,0,0,0,0,0,0,1,1,1,0.0361,0.0000,0.0000,1,0,0,0,,0,hop,1
396,177,1,1,43,25,0,1,1,30,0,1,16,14,0,4,0,4,4,4,34,26,30,0.3972,0.2648,0.0000,13,1,0,0,recheck,0,still,0
398,180,1,1,83,26,0,1,1,28,0,1,15,13,0,1,0,2,2,2,30,27,29,0.4395,0.2198,0.0000,16,1,0,0,recheck,0,still,0
401,66,1,1,86,17,0,1,0,22,0,1,20,2,0,1,1,0,0,0,22,22,22,0.6595,0.0989,0.0000,11,1,0,0,recheck,0,still,0
406,85,1,1,76,22,0,2,0,24,0,1,12,12,0,0,1,3,3,3,27,25,28,0.6085,0.4295,0.0000,11,1,0,0,recheck,0,still,0
406,92,1,1,91,21,1,3,0,24,0,1,20,4,0,0,2,0,0,0,24,26,26,0.6540,0.1377,0.0000,12,1,0,0,recheck,0,still,0
406,174,1,1,91,16,0,1,1,27,0,1,23,4,0,4,0,0,0,0,27,23,23,0.6809,0.0973,0.0000,13,1,0,0,recheck,0,still,0
406,186,1,1,91,22,0,1,1,30,0,1,20,10,0,4,0,0,0,0,30,26,26,0.4618,0.1701,0.0000,14,1,0,0,recheck,0,still,0
407,199,1,0,-1,21,0,3,1,22,0,0,22,0,0,0,0,0,0,0,22,22,22,0.3057,0.0000,0.0000,10,0,0,0,,0,pending,0
408,199,1,0,-1,21,0,3,1,22,0,0,22,0,0,0,0,0,0,0,22,22,22,0.3057,0.0000,0.0000,10,0,0,0,,0,hop,1
409,26,3,1,36,23,1,2,0,27,0,1,14,13,0,0,0,4,4,4,31,27,31,0.6174,0.3528,0.0000,17,1,0,0,recheck,0,still,0
410,21,2,1,37,23,1,3,0,25,0,1,14,11,0,0,0,1,1,1,26,25,26,0.5447,0.2243,0.0000,12,1,0,0,recheck,0,still,0
411,32,1,0,-1,17,0,1,0,22,0,1,21,1,0,0,0,0,0,0,22,22,22,0.6338,0.0704,0.0000,9,1,0,0,,0,start_holder,0
411,33,3,0,-1,14,0,3,0,19,0,0,18,1,0,1,0,0,0,0,19,18,18,0.5768,0.0577,0.0000,13,0,1,0,,0,pending,0
411,136,2,0,-1,15,1,2,0,19,0,0,19,0,0,1,0,0,0,0,19,18,18,0.5507,0.0000,0.0000,12,0,0,0,,0,pending,0
411,143,1,1,96,22,0,1,0,30,0,1,19,11,0,4,0,0,0,0,30,26,26,0.4739,0.1580,0.0000,13,1,0,0,recheck,0,still,0
412,33,3,0,-1,14,0,3,0,19,0,0,18,1,0,1,0,0,0,0,19,18,18,0.5768,0.0577,0.0000,13,0,1,0,,0,hop,1
412,136,2,0,-1,15,4,5,0,19,0,0,19,0,0,1,0,0,0,0,19,18,18,0.5509,0.0000,0.0000,12,0,0,0,,0,hop,1
415,28,2,1,100,24,0,1,0,27,0,1,15,12,0,1,0,1,1,1,28,26,27,0.6365,0.3031,0.0000,16,1,0,0,recheck,0,still,0
415,181,1,1,100,23,0,1,1,29,0,1,16,13,0,3,0,1,1,1,30,26,27,0.4481,0.2109,0.0000,14,1,0,0,recheck,0,still,0
416,88,1,1,101,24,0,2,0,25,0,1,12,13,0,0,0,4,4,4,29,25,29,0.6837,0.3958,0.0000,15,1,0,0,recheck,0,still,0
416,171,1,0,-1,23,1,2,0,30,0,1,14,16,0,4,0,4,4,4,34,26,30,0.3943,0.2464,0.0000,12,1,0,0,,0,start_holder,0
416,188,1,0,-1,21,1,3,0,29,0,0,29,0,0,5,0,0,0,0,29,24,24,0.4359,0.0000,0.0000,12,0,0,0,,0,pending,0
417,128,1,0,-1,22,0,2,1,29,0,1,15,14,0,3,0,2,2,2,31,26,28,0.3486,0.1609,0.0000,9,1,0,0,,0,start_holder,0
417,155,1,0,-1,2,0,4,1,2,0,0,2,0,0,0,0,0,0,0,2,2,2,0.0715,0.0000,0.0000,2,0,0,0,,0,hop,1
417,165,1,1,44,20,1,2,0,27,0,1,16,11,0,3,0,0,0,0,27,24,24,0.2986,0.0498,0.0000,10,1,0,0,recheck,0,still,0
417,188,1,0,-1,21,1,3,0,29,0,0,29,0,0,5,0,0,0,0,29,24,24,0.4359,0.0000,0.0000,12,0,0,0,,0,hop,1
419,49,2,0,-1,21,2,6,0,24,0,1,19,5,0,0,2,0,0,0,24,26,26,0.6207,0.1633,0.0000,12,1,0,0,,0,start_holder,0
419,160,1,0,-1,0,0,1,1,0,0,0,0,0,0,0,0,0,0,0,0,0,0,0.0000,0.0000,0.0000,0,0,0,0,,0,pending,0
419,169,1,0,-1,23,1,2,0,25,0,1,21,4,0,0,0,0,0,0,25,25,25,0.6366,0.0335,0.0000,15,0,1,0,,0,hop,1
419,189,1,0,-1,19,0,2,0,28,0,0,28,0,0,4,0,0,0,0,28,24,24,0.3803,0.0000,0.0000,12,0,0,0,,0,pending,0
420,138,1,1,105,26,0,1,0,28,0,1,14,14,0,1,0,2,2,2,30,27,29,0.3968,0.1852,0.0000,13,1,0,0,recheck,0,still,0
420,160,1,0,-1,0,0,1,1,0,0,0,0,0,0,0,0,0,0,0,0,0,0,0.0000,0.0000,0.0000,0,0,0,0,,0,hop,1
420,189,1,0,-1,19,0,2,0,28,0,0,28,0,0,4,0,0,0,0,28,24,24,0.3802,0.0000,0.0000,12,0,0,0,,0,hop,1
421,109,2,1,107,14,1,3,0,19,0,0,19,0,0,0,0,0,0,0,19,19,19,0.7077,0.0000,0.0000,12,0,0,1,recheck,0,still,0
421,132,1,1,107,22,2,3,0,24,0,1,18,6,0,0,1,0,0,0,24,25,25,0.6814,0.2152,0.0000,13,1,0,0,recheck,0,still,0
422,25,2,1,107,24,1,3,0,26,0,1,11,15,0,0,0,5,5,5,31,26,31,0.6019,0.4435,0.0000,14,1,0,0,recheck,0,still,0
422,31,2,0,-1,22,0,3,0,26,0,1,19,7,0,0,1,0,0,0,26,27,27,0.6266,0.1979,0.0000,13,1,0,0,,0,start_holder,0
423,29,2,1,108,21,1,2,0,26,0,1,17,9,0,0,0,0,0,0,26,26,26,0.6536,0.2801,0.0000,15,1,0,0,recheck,0,still,0
423,57,1,0,-1,23,1,2,0,26,0,1,13,13,0,0,0,2,2,2,28,26,28,0.5591,0.3494,0.0000,11,1,0,0,,0,start_holder,0
423,83,1,1,91,22,0,1,0,25,0,1,11,14,0,0,0,2,2,2,27,25,27,0.5712,0.3213,0.0000,11,1,0,0,recheck,0,still,0
423,111,1,0,-1,6,0,3,0,6,0,0,6,0,0,0,0,0,0,0,6,6,6,0.2142,0.0000,0.0000,5,0,0,0,,0,pending,0
424,89,1,1,109,26,0,1,0,25,0,1,12,13,0,0,0,3,3,4,28,25,29,0.6721,0.4599,0.0000,15,1,0,0,recheck,0,still,0
424,99,2,0,-1,13,1,4,0,14,0,0,14,0,0,0,1,0,0,0,14,15,15,0.5299,0.0000,0.0000,11,0,0,0,,0,hop,1
424,111,1,0,-1,6,0,3,0,6,0,0,6,0,0,0,0,0,0,0,6,6,6,0.2142,0.0000,0.0000,5,0,0,0,,0,hop,1
425,108,1,1,103,18,0,2,0,22,0,1,19,3,0,0,1,0,0,0,22,23,23,0.6558,0.1381,0.0000,12,1,0,0,recheck,0,still,0
425,170,1,1,62,22,0,2,0,24,0,1,21,3,0,0,0,0,0,0,24,24,24,0.7346,0.1749,0.0000,15,1,0,1,recheck,0,still,0
426,19,3,1,53,21,0,2,0,25,0,1,13,12,0,0,0,0,0,0,25,25,25,0.5045,0.2077,0.0000,12,1,0,0,recheck,0,still,0
426,90,1,1,111,23,0,1,0,24,0,1,14,10,0,0,0,1,1,1,25,24,25,0.6585,0.3466,0.0000,14,1,0,0,recheck,0,still,0
426,177,1,1,73,25,0,1,1,29,0,1,13,16,0,4,0,4,4,4,33,25,29,0.3972,0.3178,0.0000,13,1,0,0,recheck,0,still,0
427,3,2,0,-1,20,0,1,0,26,0,0,26,0,0,0,0,0,0,0,26,26,26,0.3588,0.0000,0.0000,9,0,0,0,,0,pending,0
428,3,2,0,-1,20,0,1,0,26,0,0,26,0,0,0,0,0,0,0,26,26,26,0.3588,0.0000,0.0000,9,0,0,0,,0,hop,1
428,62,1,1,35,22,0,1,0,25,0,1,14,11,0,0,0,1,1,2,26,25,27,0.6867,0.3614,0.0000,14,1,0,0,recheck,0,still,0
428,180,1,1,113,26,0,1,1,28,0,1,13,15,0,1,0,2,2,2,30,27,29,0.4395,0.2930,0.0000,16,1,0,0,recheck,0,still,0
430,100,1,0,-1,22,0,2,1,20,0,0,20,0,0,1,1,0,0,0,20,20,20,0.4031,0.0000,0.0000,10,0,0,0,,0,pending,0
431,66,1,1,116,17,0,1,0,22,0,1,19,3,0,1,1,0,0,0,22,22,22,0.6561,0.1312,0.0000,11,1,0,0,recheck,0,still,0
431,100,1,0,-1,22,0,2,1,20,0,0,20,0,0,1,1,0,0,0,20,20,20,0.4031,0.0000,0.0000,10,0,0,0,,0,hop,1
434,44,1,0,-1,21,0,2,1,25,0,0,23,2,0,0,1,0,0,0,25,26,26,0.4661,0.0000,0.0000,10,0,0,0,,0,hop,1
435,87,1,0,-1,26,0,1,0,24,0,1,8,16,0,0,0,4,4,5,28,24,29,0.6697,0.5992,0.0000,14,1,0,0,,0,start_holder,0
436,85,1,1,106,22,0,2,0,24,0,1,10,14,0,0,1,3,3,3,27,25,28,0.6086,0.4654,0.0000,11,1,0,0,recheck,0,still,0
436,92,1,1,121,21,1,3,0,24,0,1,19,5,0,0,2,0,0,0,24,26,26,0.6488,0.1707,0.0000,12,1,0,0,recheck,0,still,0
436,174,1,1,121,16,0,1,1,25,0,1,19,6,0,4,0,0,0,0,25,21,21,0.6812,0.1297,0.0000,13,1,0,0,recheck,0,still,0
436,186,1,1,121,22,0,1,1,30,0,1,18,12,0,4,0,0,0,0,30,26,26,0.4618,0.1944,0.0000,14,1,0,0,recheck,0,still,0
437,63,1,1,44,20,0,2,0,23,0,1,15,8,0,0,0,0,0,1,23,23,24,0.5781,0.2529,0.0000,12,1,0,0,recheck,0,still,0
439,26,3,1,66,23,1,2,0,26,0,1,11,15,0,0,0,4,4,4,30,26,30,0.6177,0.4412,0.0000,17,1,0,0,recheck,0,still,0
440,21,2,1,67,23,1,3,0,25,0,1,10,15,0,0,0,1,1,1,26,25,26,0.5368,0.2842,0.0000,12,1,0,0,recheck,0,still,0
440,176,1,0,-1,26,0,1,0,28,0,1,10,18,0,3,0,5,5,5,33,25,30,0.4415,0.3434,0.0000,15,1,0,0,,0,start_holder,0
441,76,3,0,-1,20,5,8,0,25,0,1,19,6,0,0,1,0,0,0,25,26,26,0.5650,0.1784,0.0000,13,1,0,0,,0,start_holder,0
441,143,1,1,126,22,0,1,0,30,0,1,18,12,0,4,0,0,0,0,30,26,26,0.4475,0.1580,0.0000,12,1,0,0,recheck,0,still,0
443,65,1,0,-1,18,0,1,0,23,0,1,18,5,0,0,0,0,0,0,23,23,23,0.5779,0.1360,0.0000,10,1,0,0,,0,start_holder,0
445,28,2,1,130,24,0,1,0,27,0,1,13,14,0,1,0,1,1,1,28,26,27,0.6908,0.4505,0.0000,17,1,0,0,recheck,0,still,0
445,181,1,1,130,23,0,1,1,29,0,1,14,15,0,3,0,1,1,1,30,26,27,0.4481,0.2372,0.0000,14,1,0,0,recheck,0,still,0
446,88,1,1,131,24,0,2,0,25,0,1,10,15,0,0,0,4,4,4,29,25,29,0.6824,0.5028,0.0000,15,1,0,0,recheck,0,still,0
447,68,2,0,-1,20,1,2,0,27,0,0,27,0,0,0,0,0,0,0,27,27,27,0.3396,0.0000,0.0000,8,0,0,0,,0,pending,0
447,113,1,0,-1,21,0,2,0,26,0,0,26,0,0,2,0,0,0,0,26,24,24,0.2942,0.0000,0.0000,8,0,0,0,,0,pending,0
447,165,1,1,74,20,1,2,0,25,0,1,13,12,0,2,0,1,1,1,26,23,24,0.2986,0.0746,0.0000,10,1,0,0,recheck,0,still,0
448,68,2,0,-1,20,1,2,0,27,0,0,27,0,0,0,0,0,0,0,27,27,27,0.3396,0.0000,0.0000,8,0,0,0,,0,hop,1
448,91,1,0,-1,22,0,1,0,26,0,1,15,11,0,2,0,0,0,1,26,24,25,0.6211,0.3106,0.0000,13,1,0,0,,0,start_holder,0
448,113,1,0,-1,21,0,2,0,26,0,0,26,0,0,2,0,0,0,0,26,24,24,0.2942,0.0000,0.0000,8,0,0,0,,0,hop,1
449,17,3,0,-1,19,1,2,0,22,0,1,13,9,0,0,1,1,1,1,23,23,24,0.5061,0.2382,0.0000,11,1,0,0,,0,start_holder,0
449,32,1,1,38,17,0,1,0,21,0,1,20,1,0,0,0,0,0,0,21,21,21,0.6332,0.0704,0.0000,9,1,0,0,recheck,0,still,0
449,135,1,0,-1,25,0,1,0,28,0,1,8,20,0,3,0,5,5,5,33,25,30,0.4516,0.4516,0.0000,14,1,0,0,,0,start_holder,0
450,47,2,0,-1,20,0,2,0,24,0,1,18,6,0,0,1,0,0,0,24,25,25,0.6178,0.2926,0.0000,13,1,0,0,,0,start_holder,0
450,138,1,1,135,26,0,1,0,28,0,1,11,17,0,1,0,2,2,2,30,27,29,0.3968,0.2910,0.0000,13,1,0,0,recheck,0,still,0
451,79,1,0,-1,19,0,2,0,20,0,1,12,8,0,0,1,1,1,1,21,21,22,0.5980,0.3517,0.0000,10,1,0,0,,0,start_holder,0
451,109,2,1,137,14,1,3,0,18,0,0,18,0,0,0,0,0,0,0,18,18,18,0.7126,0.0000,0.0000,12,0,0,1,recheck,0,still,0
451,132,1,1,137,21,3,4,0,23,0,1,15,8,0,0,1,0,0,0,23,24,24,0.6813,0.3227,0.0000,12,1,0,0,recheck,0,still,0
452,25,2,1,137,23,1,3,0,25,0,1,5,20,0,0,0,5,5,5,30,25,30,0.5708,0.5391,0.0000,13,1,0,0,recheck,0,still,0
452,56,1,0,-1,24,0,1,0,26,0,1,7,19,0,0,0,2,2,2,28,26,28,0.5167,0.3444,0.0000,11,1,0,0,,0,start_holder,0
453,29,2,1,138,20,1,2,0,26,0,1,15,11,0,0,0,0,0,0,26,26,26,0.6488,0.3399,0.0000,14,1,0,0,recheck,0,still,0
453,83,1,1,121,22,0,1,0,24,0,1,6,18,0,0,1,2,2,2,26,25,27,0.5698,0.3917,0.0000,11,1,0,0,recheck,0,still,0
453,131,1,0,-1,22,0,2,1,29,0,1,6,23,0,4,0,5,5,5,34,25,30,0.3736,0.3202,0.0000,10,1,0,0,,0,start_holder,0
454,2,1,0,-1,21,0,1,0,25,0,0,25,0,0,0,0,0,0,0,25,25,25,0.3324,0.0000,0.0000,6,0,0,0,,0,pending,0
454,86,1,0,-1,24,0,3,0,21,0,1,3,18,0,0,1,5,5,5,26,22,27,0.6108,0.6108,0.0000,12,1,0,0,,0,start_holder,0
454,89,1,1,139,25,0,1,0,24,0,1,9,15,0,0,0,3,3,4,27,24,28,0.6716,0.5302,0.0000,14,1,0,0,recheck,0,still,0
454,167,1,0,-1,23,1,2,0,29,0,1,6,23,0,3,0,2,2,2,31,26,28,0.3712,0.2227,0.0000,11,1,0,0,,0,start_holder,0
455,2,1,0,-1,21,0,1,0,25,0,0,25,0,0,0,0,0,0,0,25,25,25,0.3324,0.0000,0.0000,6,0,0,0,,0,hop,1
455,108,1,1,133,18,0,2,0,22,0,1,19,3,0,0,1,0,0,0,22,23,23,0.7229,0.1377,0.0000,13,1,0,1,recheck,0,still,0
455,170,1,1,92,21,6,8,0,22,0,1,16,6,0,0,1,0,0,0,22,23,23,0.6689,0.3169,0.0000,13,1,0,0,recheck,0,still,0
456,19,3,1,83,21,0,2,0,24,0,1,8,16,0,0,0,1,1,1,25,24,25,0.5061,0.2679,0.0000,12,1,0,0,recheck,0,still,0
456,90,1,1,141,22,0,1,0,23,0,1,11,12,0,0,0,1,1,1,24,23,24,0.6585,0.4159,0.0000,13,1,0,0,recheck,0,still,0
456,177,1,1,103,23,0,1,1,28,0,1,8,20,0,4,0,4,4,4,32,24,28,0.4237,0.3707,0.0000,13,1,0,0,recheck,0,still,0
457,15,1,0,-1,19,3,8,0,22,0,1,14,8,0,0,0,0,0,0,22,22,22,0.5139,0.3304,0.0000,9,1,0,0,,0,start_holder,0
457,31,2,1,35,21,1,4,0,25,0,1,17,8,0,0,1,0,0,0,25,26,26,0.6266,0.2309,0.0000,12,1,0,0,recheck,0,still,0
458,62,1,1,65,21,0,1,0,24,0,1,11,13,0,0,0,1,1,2,25,24,26,0.6866,0.4336,0.0000,13,1,0,0,recheck,0,still,0
458,128,1,1,41,22,0,2,1,29,0,1,6,23,0,3,0,2,2,2,31,26,28,0.3486,0.2145,0.0000,9,1,0,0,recheck,0,still,0
458,180,1,1,143,25,0,1,1,27,0,1,10,17,0,1,0,2,2,2,29,26,28,0.4395,0.3418,0.0000,15,1,0,0,recheck,0,still,0
459,195,1,0,-1,21,1,2,0,29,0,0,29,0,0,4,0,0,0,0,29,25,25,0.3720,0.0000,0.0000,11,0,0,0,,0,pending,0
460,14,1,0,-1,22,0,1,0,21,0,1,14,7,0,0,2,0,0,0,21,23,23,0.5171,0.2585,0.0000,10,1,0,0,,0,start_holder,0
460,195,1,0,-1,21,1,2,0,29,0,0,29,0,0,4,0,0,0,0,29,25,25,0.3720,0.0000,0.0000,11,0,0,0,,0,hop,1
460,200,1,0,-1,19,0,8,1,24,0,1,14,10,0,2,1,0,0,0,24,23,23,0.6223,0.3603,0.0000,12,1,0,0,,0,start_holder,0
461,66,1,1,146,16,0,1,0,21,0,1,18,3,0,1,1,0,0,0,21,21,21,0.6539,0.1308,0.0000,11,1,0,0,recheck,0,still,0
463,49,2,1,44,20,2,8,0,23,0,1,14,9,0,0,2,1,1,1,24,25,26,0.6234,0.2953,0.0000,11,1,0,0,recheck,0,still,0
463,110,1,0,-1,16,3,5,0,15,0,0,15,0,0,0,1,0,0,0,15,16,16,0.6525,0.0000,0.0000,11,0,0,0,,0,hop,1
463,158,1,0,-1,20,0,1,0,25,0,0,25,0,0,2,0,0,0,0,25,23,23,0.3170,0.0000,0.0000,8,0,0,0,,0,hop,1
464,107,2,0,-1,19,1,2,0,25,0,1,18,7,0,0,2,0,0,0,25,27,27,0.6953,0.2529,0.0000,14,1,0,0,,0,start_holder,0
465,34,1,0,-1,9,1,3,0,10,0,0,10,0,0,0,0,0,0,0,10,10,10,0.3696,0.0000,0.0000,8,0,0,0,,0,pending,0
466,34,1,0,-1,9,1,3,0,10,0,0,10,0,0,0,0,0,0,0,10,10,10,0.3696,0.0000,0.0000,8,0,0,0,,0,hop,1
466,85,1,1,136,22,0,2,0,23,0,1,3,20,0,0,1,3,3,3,26,24,27,0.6085,0.5012,0.0000,11,1,0,0,recheck,0,still,0
466,92,1,1,151,19,2,4,0,23,0,1,16,7,0,0,1,0,0,0,23,24,24,0.6785,0.2714,0.0000,12,1,0,0,recheck,0,still,0
466,174,1,1,151,16,0,1,1,24,0,1,16,8,0,3,0,0,0,0,24,21,21,0.7111,0.1939,0.0000,12,1,0,1,recheck,0,still,0
466,186,1,1,151,20,0,1,1,29,0,1,14,15,0,4,0,0,0,0,29,25,25,0.4618,0.2430,0.0000,12,1,0,0,recheck,0,still,0
467,63,1,1,74,18,0,2,0,21,0,1,10,11,0,0,0,1,1,1,22,21,22,0.5424,0.3616,0.0000,10,1,0,0,recheck,0,still,0
469,26,3,1,96,22,1,2,0,24,0,1,6,18,0,0,0,4,4,4,28,24,28,0.6161,0.5574,0.0000,16,1,0,0,recheck,0,still,0
469,125,1,0,-1,18,1,8,0,23,0,1,13,10,0,1,1,0,0,0,23,23,23,0.5602,0.3501,0.0000,10,1,0,0,,0,start_holder,0
470,21,2,1,97,23,1,3,0,24,0,1,6,18,0,0,0,2,2,2,26,24,26,0.5365,0.3471,0.0000,12,1,0,0,recheck,0,still,0
471,11,1,0,-1,22,1,2,0,26,0,1,16,10,0,1,0,0,0,0,26,25,25,0.5383,0.3701,0.0000,12,1,0,0,,0,start_holder,0
471,114,1,0,-1,20,1,2,0,28,0,0,27,1,0,2,0,0,0,0,28,26,26,0.3517,0.0000,0.0000,10,0,0,0,,0,hop,1
471,143,1,1,156,20,0,1,0,29,0,1,14,15,0,4,0,0,0,0,29,25,25,0.4475,0.2106,0.0000,10,1,0,0,recheck,0,still,0
472,75,1,0,-1,8,0,3,0,8,0,0,8,0,0,0,0,0,0,0,8,8,8,0.3068,0.0000,0.0000,7,0,0,0,,0,pending,0
473,67,2,0,-1,14,2,3,0,21,0,1,19,2,0,0,0,0,0,0,21,21,21,0.6213,0.0981,0.0000,11,0,1,0,,0,pending,0
473,75,1,0,-1,8,0,3,0,8,0,0,8,0,0,0,0,0,0,0,8,8,8,0.3066,0.0000,0.0000,7,0,0,0,,0,hop,1
473,123,2,0,-1,19,0,2,0,23,0,0,23,0,0,0,0,0,0,0,23,23,23,0.2995,0.0000,0.0000,9,0,0,0,,0,pending,0
473,171,1,1,57,23,1,2,0,29,0,1,4,25,0,4,0,4,4,4,33,25,29,0.3942,0.3449,0.0000,12,1,0,0,recheck,0,still,0
474,67,2,0,-1,14,2,3,0,21,0,1,19,2,0,0,0,0,0,0,21,21,21,0.6866,0.0981,0.0000,12,0,1,0,,0,hop,1
474,73,2,0,-1,11,2,3,0,13,0,0,13,0,0,0,0,0,0,0,13,13,13,0.4397,0.0000,0.0000,10,0,0,0,,0,hop,1
474,115,2,0,-1,22,0,1,0,30,0,0,27,3,0,1,0,0,0,0,30,29,29,0.3503,0.0269,0.0000,13,1,0,0,,0,start_holder,0
474,123,2,0,-1,19,0,2,0,23,0,0,23,0,0,0,0,0,0,0,23,23,23,0.2996,0.0000,0.0000,9,0,0,0,,0,hop,1
475,28,2,1,160,22,0,1,0,25,0,1,9,16,0,1,0,1,1,1,26,24,25,0.6874,0.5380,0.0000,16,1,0,0,recheck,0,still,0
475,181,1,1,160,21,0,1,1,27,0,1,10,17,0,3,0,1,1,1,28,24,25,0.4481,0.3163,0.0000,13,1,0,0,recheck,0,still,0
476,88,1,1,161,23,0,2,0,23,0,1,6,17,0,0,0,4,4,4,27,23,27,0.5383,0.5383,0.0000,12,1,0,0,recheck,0,still,0
477,165,1,1,104,20,1,2,0,25,0,1,9,16,0,2,0,1,1,1,26,23,24,0.2986,0.0995,0.0000,10,1,0,0,recheck,0,still,0
478,87,1,1,43,25,0,1,0,22,0,1,3,19,0,0,0,3,3,4,25,22,26,0.6695,0.6695,0.0000,14,1,0,0,recheck,0,still,0
479,32,1,1,68,16,0,1,0,19,0,1,18,1,0,0,0,0,0,0,19,19,19,0.6309,0.0701,0.0000,9,1,0,0,recheck,0,still,0
479,153,1,0,-1,21,0,2,0,28,0,1,27,1,0,3,1,0,0,0,28,26,26,0.3185,0.0000,0.0000,8,0,0,0,,0,pending,0
480,57,1,1,57,23,1,2,0,24,0,1,5,19,0,0,0,3,3,3,27,24,27,0.5608,0.4206,0.0000,11,1,0,0,recheck,0,still,0
480,71,2,0,-1,14,2,5,0,15,0,0,15,0,0,0,0,0,0,0,15,15,15,0.5362,0.0000,0.0000,12,0,0,0,,0,pending,0
480,138,1,1,165,24,0,1,0,26,0,1,8,18,0,1,0,2,2,2,28,25,27,0.3439,0.3439,0.0000,11,1,0,0,recheck,0,still,0
480,153,1,0,-1,21,0,2,0,28,0,1,27,1,0,3,1,0,0,0,28,26,26,0.3184,0.0000,0.0000,8,0,0,0,,0,hop,1
480,179,1,0,-1,3,1,3,0,4,0,0,4,0,0,0,0,0,0,0,4,4,4,0.1444,0.0000,0.0000,3,0,0,0,,0,hop,1
481,71,2,0,-1,14,2,5,0,15,0,0,15,0,0,0,0,0,0,0,15,15,15,0.5363,0.0000,0.0000,12,0,0,0,,0,hop,1
481,109,2,1,167,14,1,3,0,18,0,0,18,0,0,0,0,0,0,0,18,18,18,0.7135,0.0000,0.0000,12,0,0,1,recheck,0,still,0
481,132,1,1,167,20,3,4,0,22,0,1,13,9,0,0,1,0,0,0,22,23,23,0.6812,0.3944,0.0000,12,1,0,0,recheck,0,still,0
482,25,2,1,167,23,1,3,0,24,0,1,3,21,0,0,0,6,6,6,30,24,30,0.5692,0.5692,0.0000,13,1,0,0,recheck,0,still,0
483,29,2,1,168,19,1,2,0,25,0,1,12,13,0,1,0,0,0,0,25,24,24,0.6770,0.4308,0.0000,15,1,0,0,recheck,0,still,0
483,83,1,1,151,22,0,1,0,21,0,1,4,17,0,0,1,5,5,5,26,22,27,0.5682,0.4262,0.0000,11,1,0,0,recheck,0,still,0
483,97,2,0,-1,6,1,3,0,6,0,0,6,0,0,0,0,0,0,0,6,6,6,0.2214,0.0000,0.0000,6,0,0,0,,0,hop,1
484,84,1,0,-1,23,0,2,0,21,0,1,3,18,0,0,1,4,4,4,25,22,26,0.5692,0.4625,0.0000,11,1,0,0,,0,start_holder,0
484,89,1,1,169,24,0,1,0,23,0,1,7,16,0,0,0,3,3,4,26,23,27,0.6714,0.6007,0.0000,14,1,0,0,recheck,0,still,0
484,91,1,1,36,20,0,1,0,23,0,1,12,11,0,1,0,0,0,1,23,22,23,0.6215,0.3798,0.0000,12,1,0,0,recheck,0,still,0
485,108,1,1,163,16,0,2,0,21,0,1,18,3,0,0,1,0,0,0,21,22,22,0.7202,0.1372,0.0000,12,1,0,1,recheck,0,still,0
485,170,1,1,122,21,3,5,0,21,0,1,13,8,0,0,1,1,1,1,22,22,23,0.6706,0.4235,0.0000,13,1,0,0,recheck,0,still,0
486,19,3,1,113,21,0,2,0,21,0,1,7,14,0,0,0,5,5,5,26,21,26,0.5061,0.2977,0.0000,12,1,0,0,recheck,0,still,0
486,76,3,1,45,20,2,5,0,23,0,1,13,10,0,0,1,2,2,2,25,24,26,0.5654,0.3571,0.0000,13,1,0,0,recheck,0,still,0
486,90,1,1,171,21,0,1,0,22,0,1,9,13,0,0,0,1,1,1,23,22,23,0.6239,0.4506,0.0000,12,1,0,0,recheck,0,still,0
486,177,1,1,133,23,0,1,1,27,0,1,6,21,0,4,0,4,4,4,31,23,27,0.4237,0.4237,0.0000,13,1,0,0,recheck,0,still,0
487,10,1,0,-1,22,1,2,0,28,0,1,18,10,0,1,0,0,0,0,28,27,27,0.5101,0.3060,0.0000,12,1,0,0,,0,start_holder,0
487,31,2,1,65,20,1,4,0,24,0,1,15,9,0,0,1,0,0,0,24,25,25,0.6266,0.2968,0.0000,12,1,0,0,recheck,0,still,0
487,86,1,1,33,24,0,3,0,21,0,1,2,19,0,0,0,5,5,6,26,21,27,0.6107,0.6107,0.0000,12,1,0,0,recheck,0,still,0
487,102,2,0,-1,3,1,2,0,4,0,0,4,0,0,0,0,0,0,0,4,4,4,0.0991,0.0000,0.0000,3,0,0,0,,0,hop,1
488,62,1,1,95,20,0,1,0,23,0,1,9,14,0,0,0,1,1,2,24,23,25,0.6860,0.5055,0.0000,13,1,0,0,recheck,0,still,0
488,128,1,1,71,22,0,2,1,25,0,1,5,20,0,2,0,6,6,5,31,23,28,0.3486,0.2413,0.0000,9,1,0,0,recheck,0,still,0
488,135,1,1,39,25,0,1,0,26,0,1,4,22,0,3,0,5,5,5,31,23,28,0.4516,0.4516,0.0000,14,1,0,0,recheck,0,still,0
488,145,1,0,-1,19,1,2,0,28,0,1,25,3,0,4,0,0,0,0,28,24,24,0.4464,0.0558,0.0000,12,1,0,0,,0,start_holder,0
488,180,1,1,173,24,0,1,1,25,0,1,7,18,0,1,0,2,2,2,27,24,26,0.4395,0.3907,0.0000,15,1,0,0,recheck,0,still,0
489,127,1,0,-1,20,0,2,1,22,0,1,8,14,0,2,0,4,4,4,26,20,24,0.3774,0.1887,0.0000,10,1,0,0,,0,start_holder,0
490,14,1,1,30,20,0,1,0,20,0,1,11,9,0,0,2,0,0,0,20,22,22,0.5171,0.2955,0.0000,10,1,0,0,recheck,0,still,0
491,66,1,1,176,16,0,1,0,21,0,1,18,3,0,1,1,0,0,0,21,21,21,0.6568,0.1314,0.0000,11,1,0,0,recheck,0,still,0
492,79,1,1,41,18,0,2,0,18,0,1,7,11,0,1,1,3,3,3,21,18,21,0.5608,0.3856,0.0000,9,1,0,0,recheck,0,still,0
492,130,1,0,-1,19,1,5,0,21,0,1,11,10,0,0,0,2,2,2,23,21,23,0.6570,0.4380,0.0000,12,1,0,0,,0,start_holder,0
493,47,2,1,43,21,0,2,0,24,0,1,12,12,0,0,1,0,0,0,24,25,25,0.6177,0.4226,0.0000,13,1,0,0,recheck,0,still,0
493,49,2,1,74,18,1,2,0,21,0,1,12,9,0,0,0,3,3,3,24,21,24,0.6238,0.2955,0.0000,11,1,0,0,recheck,0,still,0
493,65,1,1,50,17,0,4,0,22,0,1,16,6,0,0,0,0,0,0,22,22,22,0.5428,0.1357,0.0000,9,1,0,0,recheck,0,still,0
495,131,1,1,42,22,0,2,1,28,0,1,3,25,0,4,0,6,6,6,34,24,30,0.3736,0.3469,0.0000,10,1,0,0,recheck,0,still,0
495,176,1,1,55,25,0,1,0,26,0,1,4,22,0,3,0,5,5,5,31,23,28,0.4414,0.4168,0.0000,15,1,0,0,recheck,0,still,0
496,85,1,1,166,22,0,2,0,21,0,1,3,18,0,0,0,5,5,6,26,21,27,0.6082,0.5009,0.0000,11,1,0,0,recheck,0,still,0
496,92,1,1,181,19,2,4,0,22,0,1,16,6,0,0,2,0,0,0,22,24,24,0.6127,0.2042,0.0000,11,1,0,0,recheck,0,still,0
496,174,1,1,181,16,0,1,1,24,0,1,16,8,0,3,0,0,0,0,24,21,21,0.7108,0.1939,0.0000,12,1,0,1,recheck,0,still,0
496,186,1,1,181,20,0,1,1,28,0,1,13,15,0,4,0,0,0,0,28,24,24,0.4618,0.2430,0.0000,12,1,0,0,recheck,0,still,0
497,63,1,1,104,19,0,2,0,21,0,1,10,11,0,0,0,0,0,1,21,21,22,0.5790,0.3980,0.0000,11,1,0,0,recheck,0,still,0
497,200,1,1,37,17,0,2,1,22,0,1,9,13,0,2,1,1,1,1,23,21,22,0.6275,0.4293,0.0000,12,1,0,0,recheck,0,still,0
499,26,3,1,126,22,1,2,0,24,0,1,6,18,0,0,0,4,4,4,28,24,28,0.6145,0.5560,0.0000,16,1,0,0,recheck,0,still,0
500,21,2,1,127,23,1,3,0,21,0,1,5,16,0,0,0,5,5,5,26,21,26,0.5365,0.3787,0.0000,12,1,0,0,recheck,0,still,0
501,11,1,1,30,22,1,2,0,26,0,1,15,11,0,1,0,0,0,0,26,25,25,0.5330,0.3997,0.0000,12,1,0,0,recheck,0,still,0
501,143,1,1,186,20,0,1,0,28,0,1,13,15,0,4,0,0,0,0,28,24,24,0.4475,0.2106,0.0000,10,1,0,0,recheck,0,still,0
502,144,2,0,-1,12,0,5,0,15,0,0,15,0,0,1,0,0,0,0,15,14,14,0.5053,0.0000,0.0000,11,0,0,0,,0,pending,0
503,144,2,0,-1,12,0,5,0,15,0,0,15,0,0,1,0,0,0,0,15,14,14,0.5053,0.0000,0.0000,11,0,0,0,,0,hop,1
503,171,1,1,87,23,1,2,0,28,0,1,3,25,0,4,0,5,5,5,33,24,29,0.3941,0.3448,0.0000,12,1,0,0,recheck,0,still,0
504,17,3,1,55,19,1,2,0,21,0,1,7,14,0,0,0,3,3,3,24,21,24,0.5349,0.3269,0.0000,12,1,0,0,recheck,0,still,0
504,157,2,0,-1,19,0,2,0,29,0,1,27,2,0,1,0,0,0,0,29,28,28,0.2701,0.0000,0.0000,7,0,0,0,,0,pending,0
505,28,2,1,190,22,0,1,0,25,0,1,9,16,0,1,0,1,1,1,26,24,25,0.6861,0.5370,0.0000,16,1,0,0,recheck,0,still,0
505,121,1,0,-1,2,0,1,1,2,0,0,2,0,0,0,0,0,0,0,2,2,2,0.0689,0.0000,0.0000,2,0,0,0,,0,pending,0
505,124,1,0,-1,4,2,6,0,5,0,0,5,0,0,0,0,0,0,0,5,5,5,0.1808,0.0000,0.0000,4,0,0,0,,0,pending,0
505,157,2,0,-1,19,0,2,0,29,0,1,27,2,0,1,0,0,0,0,29,28,28,0.2701,0.0000,0.0000,7,0,0,0,,0,hop,1
505,181,1,1,190,21,0,1,1,27,0,1,10,17,0,3,0,1,1,1,28,24,25,0.4481,0.3163,0.0000,13,1,0,0,recheck,0,still,0
506,88,1,1,191,23,0,2,0,23,0,1,6,17,0,0,0,4,4,4,27,23,27,0.6103,0.5385,0.0000,13,1,0,0,recheck,0,still,0
506,121,1,0,-1,2,0,1,1,2,0,0,2,0,0,0,0,0,0,0,2,2,2,0.0688,0.0000,0.0000,2,0,0,0,,0,hop,1
506,124,1,0,-1,4,2,6,0,5,0,0,5,0,0,0,0,0,0,0,5,5,5,0.1807,0.0000,0.0000,4,0,0,0,,0,hop,1
506,167,1,1,52,24,1,2,0,26,0,1,5,21,0,2,0,4,4,4,30,24,28,0.3961,0.2723,0.0000,12,1,0,0,recheck,0,still,0
507,15,1,1,50,18,0,5,0,21,0,1,10,11,0,0,0,1,1,1,22,21,22,0.5883,0.3677,0.0000,10,1,0,0,recheck,0,still,0
507,107,2,1,43,19,1,2,0,23,0,1,16,7,0,0,2,0,0,0,23,25,25,0.6923,0.2517,0.0000,14,1,0,0,recheck,0,still,0
507,165,1,1,134,20,1,2,0,23,0,1,8,15,0,2,0,3,3,3,26,21,24,0.2737,0.1493,0.0000,9,1,0,0,recheck,0,still,0
508,87,1,1,73,25,0,1,0,22,0,1,3,19,0,0,0,3,3,4,25,22,26,0.5991,0.5991,0.0000,12,1,0,0,recheck,0,still,0
509,32,1,1,98,16,0,1,0,19,0,1,18,1,0,0,0,0,0,0,19,19,19,0.6342,0.0705,0.0000,9,1,0,0,recheck,0,still,0
509,56,1,1,57,24,0,1,0,23,0,1,4,19,0,0,0,5,5,5,28,23,28,0.5168,0.4134,0.0000,11,1,0,0,recheck,0,still,0
510,57,1,1,87,23,1,2,0,22,0,1,4,18,0,0,0,5,5,5,27,22,27,0.5599,0.4550,0.0000,11,1,0,0,recheck,0,still,0
510,115,2,1,36,21,0,1,0,30,0,0,26,4,0,1,0,0,0,0,30,29,29,0.3774,0.0539,0.0000,13,1,0,0,recheck,0,still,0
510,138,1,1,195,24,0,1,0,25,0,1,7,18,0,1,0,2,2,2,27,24,26,0.3968,0.3439,0.0000,12,1,0,0,recheck,0,still,0
511,109,2,1,197,14,1,3,0,18,0,0,18,0,0,0,0,0,0,0,18,18,18,0.7136,0.0000,0.0000,12,0,0,1,recheck,0,still,0
511,132,1,1,197,20,3,4,0,22,0,1,13,9,0,0,1,0,0,0,22,23,23,0.6817,0.3946,0.0000,12,1,0,0,recheck,0,still,0
512,25,2,1,197,23,1,3,0,24,0,1,3,21,0,0,0,6,6,6,30,24,30,0.5680,0.5680,0.0000,13,1,0,0,recheck,0,still,0
513,29,2,1,198,19,1,2,0,25,0,1,12,13,0,1,0,0,0,0,25,24,24,0.6755,0.4299,0.0000,15,1,0,0,recheck,0,still,0
513,83,1,1,181,22,0,1,0,20,0,1,3,17,0,0,1,6,6,6,26,21,27,0.5681,0.4615,0.0000,11,1,0,0,recheck,0,still,0
514,89,1,1,199,24,0,1,0,23,0,1,7,16,0,0,0,3,3,4,26,23,27,0.6726,0.6018,0.0000,14,1,0,0,recheck,0,still,0
514,91,1,1,66,19,0,1,0,23,0,1,12,11,0,1,0,0,0,1,23,22,23,0.6220,0.3801,0.0000,12,1,0,0,recheck,0,still,0
514,156,1,0,-1,8,2,3,0,8,0,0,8,0,0,0,0,0,0,0,8,8,8,0.2882,0.0000,0.0000,6,0,0,0,,0,pending,0
515,108,1,1,193,16,0,2,0,20,0,1,17,3,0,0,1,0,0,0,20,21,21,0.7240,0.1379,0.0000,12,1,0,1,recheck,0,still,0
515,156,1,0,-1,8,2,3,0,8,0,0,8,0,0,0,0,0,0,0,8,8,8,0.2882,0.0000,0.0000,6,0,0,0,,0,hop,1
515,170,1,1,152,20,3,5,0,20,0,1,10,10,0,0,1,1,1,1,21,21,22,0.6706,0.4588,0.0000,13,1,0,0,recheck,0,still,0
516,19,3,1,143,21,0,2,0,21,0,1,7,14,0,0,0,5,5,5,26,21,26,0.5059,0.2976,0.0000,12,1,0,0,recheck,0,still,0
516,76,3,1,75,20,2,5,0,23,0,1,10,13,0,0,1,1,1,1,24,24,25,0.5654,0.3869,0.0000,13,1,0,0,recheck,0,still,0
516,90,1,1,201,21,0,1,0,22,0,1,9,13,0,0,0,1,1,1,23,22,23,0.6592,0.4857,0.0000,13,1,0,0,recheck,0,still,0
516,177,1,1,163,23,0,1,1,27,0,1,6,21,0,4,0,4,4,4,31,23,27,0.4237,0.4237,0.0000,13,1,0,0,recheck,0,still,0
516,199,1,0,-1,19,1,2,0,27,0,1,25,2,0,4,0,0,0,0,27,23,23,0.3382,0.0000,0.0000,10,0,0,0,,0,hop,1
517,31,2,1,95,20,1,4,0,24,0,1,15,9,0,0,1,0,0,0,24,25,25,0.6266,0.2968,0.0000,12,1,0,0,recheck,0,still,0
517,86,1,1,63,24,0,3,0,21,0,1,2,19,0,0,0,5,5,6,26,21,27,0.6107,0.6107,0.0000,12,1,0,0,recheck,0,still,0
518,62,1,1,125,20,0,1,0,23,0,1,9,14,0,0,0,1,1,2,24,23,25,0.6860,0.5054,0.0000,13,1,0,0,recheck,0,still,0
518,128,1,1,101,22,0,2,1,24,0,1,5,19,0,2,0,7,7,6,31,22,28,0.3486,0.2413,0.0000,9,1,0,0,recheck,0,still,0
518,135,1,1,69,25,0,1,0,26,0,1,4,22,0,3,0,5,5,5,31,23,28,0.4516,0.4516,0.0000,14,1,0,0,recheck,0,still,0
518,180,1,1,203,24,0,1,1,25,0,1,7,18,0,1,0,2,2,2,27,24,26,0.4639,0.4151,0.0000,16,1,0,0,recheck,0,still,0
519,125,1,1,50,17,1,2,0,20,0,1,10,10,0,1,1,2,2,2,22,20,22,0.5638,0.3524,0.0000,10,1,0,0,recheck,0,still,0
520,14,1,1,60,20,0,1,0,20,0,1,10,10,0,0,2,0,0,0,20,22,22,0.5540,0.3324,0.0000,11,1,0,0,recheck,0,still,0
520,159,1,0,-1,16,1,2,0,18,0,0,18,0,0,0,0,0,0,0,18,18,18,0.2621,0.0000,0.0000,7,0,0,0,,0,hop,1
521,66,1,1,206,16,0,1,0,20,0,1,17,3,0,1,1,0,0,0,20,20,20,0.6568,0.1314,0.0000,11,1,0,0,recheck,0,still,0
522,54,2,0,-1,22,2,3,0,20,0,1,6,14,0,0,0,5,5,5,25,20,25,0.5759,0.4159,0.0000,12,1,0,0,,0,start_holder,0
522,79,1,1,71,18,0,2,0,18,0,1,6,12,0,1,1,3,3,3,21,18,21,0.5601,0.3850,0.0000,9,1,0,0,recheck,0,still,0
522,100,1,0,-1,21,0,2,1,23,0,0,21,2,0,1,0,0,0,0,23,22,22,0.3912,0.0000,0.0000,9,0,0,0,,0,pending,0
523,10,1,1,36,22,1,2,0,28,0,1,17,11,0,1,0,0,0,0,28,27,27,0.5403,0.3377,0.0000,13,1,0,0,recheck,0,still,0
523,47,2,1,73,21,0,2,0,22,0,1,9,13,0,0,2,0,0,0,22,24,24,0.6178,0.4227,0.0000,13,1,0,0,recheck,0,still,0
523,49,2,1,104,17,1,2,0,19,0,1,9,10,0,0,0,3,3,3,22,19,22,0.6242,0.3614,0.0000,11,1,0,0,recheck,0,still,0
523,65,1,1,80,17,0,4,0,21,0,1,15,6,0,0,0,0,0,0,21,21,21,0.5431,0.1358,0.0000,9,1,0,0,recheck,0,still,0
523,100,1,0,-1,21,0,2,1,24,0,0,22,2,0,1,0,0,0,0,24,23,23,0.3912,0.0000,0.0000,9,0,0,0,,0,hop,1
524,130,1,1,32,18,1,5,0,19,0,1,9,10,0,0,0,3,3,3,22,19,22,0.6554,0.4369,0.0000,12,1,0,0,recheck,0,still,0
525,131,1,1,72,22,0,2,1,25,0,1,3,22,0,3,0,8,8,7,33,22,29,0.3736,0.3469,0.0000,10,1,0,0,recheck,0,still,0
525,176,1,1,85,25,0,1,0,25,0,1,4,21,0,3,0,6,6,6,31,22,28,0.4414,0.4169,0.0000,15,1,0,0,recheck,0,still,0
526,85,1,1,196,22,0,2,0,21,0,1,3,18,0,0,0,5,5,6,26,21,27,0.6087,0.5013,0.0000,11,1,0,0,recheck,0,still,0
526,92,1,1,211,19,2,4,0,21,0,1,15,6,0,0,2,0,0,0,21,23,23,0.6130,0.2043,0.0000,11,1,0,0,recheck,0,still,0
526,169,1,0,-1,20,4,5,0,20,0,1,8,12,0,0,2,0,0,0,20,22,22,0.6282,0.4537,0.0000,12,1,0,0,,0,start_holder,0
526,174,1,1,211,16,0,1,1,22,0,1,15,7,0,3,1,0,0,0,22,20,20,0.6473,0.1295,0.0000,11,1,0,0,recheck,0,still,0
526,186,1,1,211,20,0,1,1,28,0,1,13,15,0,4,0,0,0,0,28,24,24,0.4618,0.2430,0.0000,12,1,0,0,recheck,0,still,0
527,63,1,1,134,19,0,2,0,22,0,1,11,11,0,0,0,0,0,1,22,22,23,0.6154,0.3982,0.0000,12,1,0,0,recheck,0,still,0
527,200,1,1,67,18,0,2,1,20,0,1,8,12,0,2,1,3,3,3,23,19,22,0.6310,0.4317,0.0000,12,1,0,0,recheck,0,still,0
529,26,3,1,156,22,1,2,0,25,0,1,7,18,0,0,0,4,4,4,29,25,29,0.5552,0.4967,0.0000,15,1,0,0,recheck,0,still,0
530,21,2,1,157,23,1,3,0,19,0,1,5,14,0,0,0,7,7,7,26,19,26,0.5365,0.3787,0.0000,12,1,0,0,recheck,0,still,0
531,11,1,1,60,22,1,2,0,26,0,1,14,12,0,1,0,0,0,0,26,25,25,0.5700,0.4359,0.0000,13,1,0,0,recheck,0,still,0
531,143,1,1,216,20,0,1,0,28,0,1,13,15,0,4,0,0,0,0,28,24,24,0.4475,0.2106,0.0000,10,1,0,0,recheck,0,still,0
532,127,1,1,43,20,0,2,1,21,0,1,7,14,0,2,0,5,5,5,26,19,24,0.3774,0.2426,0.0000,10,1,0,0,recheck,0,still,0
533,171,1,1,117,23,1,2,0,26,0,1,3,23,0,3,0,7,7,6,33,23,29,0.3941,0.3448,0.0000,12,1,0,0,recheck,0,still,0
534,17,3,1,85,19,1,2,0,19,0,1,6,13,0,0,0,5,5,5,24,19,24,0.5345,0.3860,0.0000,12,1,0,0,recheck,0,still,0
534,155,1,0,-1,1,0,2,1,1,0,0,1,0,0,0,0,0,0,0,1,1,1,0.0349,0.0000,0.0000,1,0,0,0,,0,pending,0
535,28,2,1,220,22,0,1,0,25,0,1,9,16,0,1,0,1,1,1,26,24,25,0.6854,0.5364,0.0000,16,1,0,0,recheck,0,still,0
535,155,1,0,-1,1,0,2,1,1,0,0,1,0,0,0,0,0,0,0,1,1,1,0.0348,0.0000,0.0000,1,0,0,0,,0,hop,1
535,181,1,1,220,21,0,1,1,27,0,1,10,17,0,3,0,1,1,1,28,24,25,0.4481,0.3163,0.0000,13,1,0,0,recheck,0,still,0
536,88,1,1,221,23,0,2,0,23,0,1,6,17,0,0,0,4,4,4,27,23,27,0.6104,0.5386,0.0000,13,1,0,0,recheck,0,still,0
536,145,1,1,48,16,1,2,0,24,0,1,21,3,0,3,0,0,0,0,24,21,21,0.4191,0.0559,0.0000,10,1,0,0,recheck,0,still,0
536,167,1,1,82,24,1,2,0,22,0,1,5,17,0,2,0,7,7,7,29,20,27,0.3965,0.2726,0.0000,12,1,0,0,recheck,0,still,0
537,15,1,1,80,18,0,5,0,19,0,1,9,10,0,0,0,3,3,3,22,19,22,0.5820,0.3638,0.0000,10,1,0,0,recheck,0,still,0
537,107,2,1,73,19,1,2,0,22,0,1,15,7,0,0,2,0,0,0,22,24,24,0.6905,0.2511,0.0000,14,1,0,0,recheck,0,still,0
537,117,3,0,-1,21,1,2,0,31,1,1,21,10,0,0,0,0,0,0,31,31,31,0.3417,0.0732,0.0000,12,1,0,0,,0,start_holder,0
537,165,1,1,164,20,1,2,0,21,0,1,7,14,0,2,0,5,5,5,26,19,24,0.2736,0.1492,0.0000,9,1,0,0,recheck,0,still,0
538,87,1,1,103,25,0,1,0,22,0,1,3,19,0,0,0,3,3,4,25,22,26,0.5992,0.5992,0.0000,12,1,0,0,recheck,0,still,0
539,32,1,1,128,15,0,1,0,18,0,1,17,1,0,0,0,0,0,0,18,18,18,0.6339,0.0704,0.0000,9,1,0,0,recheck,0,still,0
539,56,1,1,87,24,0,1,0,21,0,1,4,17,0,0,0,7,7,7,28,21,28,0.5168,0.4134,0.0000,11,1,0,0,recheck,0,still,0
539,84,1,1,55,23,0,2,0,21,0,1,3,18,0,0,1,5,5,5,26,22,27,0.5667,0.4605,0.0000,11,1,0,0,recheck,0,still,0
540,57,1,1,117,23,1,2,0,22,0,1,4,18,0,0,0,5,5,5,27,22,27,0.5598,0.4548,0.0000,11,1,0,0,recheck,0,still,0
540,115,2,1,66,19,0,1,0,28,0,1,23,5,0,1,0,0,0,0,28,27,27,0.4043,0.1348,0.0000,11,1,0,0,recheck,0,still,0
540,138,1,1,225,24,0,1,0,25,0,1,7,18,0,1,0,2,2,2,27,24,26,0.4232,0.3703,0.0000,13,1,0,0,recheck,0,still,0
541,109,2,1,227,13,1,3,0,17,0,0,17,0,0,0,0,0,0,0,17,17,17,0.7452,0.0000,0.0000,12,0,0,1,recheck,0,still,0
541,132,1,1,227,20,3,4,0,22,0,1,13,9,0,0,1,0,0,0,22,23,23,0.6820,0.3949,0.0000,12,1,0,0,recheck,0,still,0
542,25,2,1,227,23,1,3,0,24,0,1,3,21,0,0,0,6,6,6,30,24,30,0.5978,0.5978,0.0000,14,1,0,0,recheck,0,still,0
543,29,2,1,228,19,1,2,0,26,0,1,13,13,0,1,0,0,0,0,26,25,25,0.6136,0.3681,0.0000,14,1,0,0,recheck,0,still,0
543,83,1,1,211,22,0,1,0,19,0,1,3,16,0,0,1,7,7,7,26,20,27,0.5678,0.4614,0.0000,11,1,0,0,recheck,0,still,0
544,89,1,1,229,24,0,1,0,23,0,1,7,16,0,0,0,3,3,4,26,23,27,0.6728,0.6020,0.0000,14,1,0,0,recheck,0,still,0
544,91,1,1,96,19,0,1,0,23,0,1,12,11,0,1,0,0,0,1,23,22,23,0.6571,0.4150,0.0000,13,1,0,0,recheck,0,still,0
544,99,2,0,-1,11,1,5,0,13,0,0,13,0,0,0,0,0,0,0,13,13,13,0.5610,0.0000,0.0000,11,0,0,0,,0,hop,1
544,136,2,0,-1,13,4,5,0,16,0,0,16,0,0,0,0,0,0,0,16,16,16,0.5618,0.0000,0.0000,11,0,0,0,,0,hop,1
545,108,1,1,223,16,0,2,0,19,0,1,16,3,0,0,1,0,0,0,19,20,20,0.6580,0.1385,0.0000,11,1,0,0,recheck,0,still,0
545,170,1,1,182,20,3,5,0,19,0,1,9,10,0,0,1,2,2,2,21,20,22,0.6344,0.4582,0.0000,12,1,0,0,recheck,0,still,0
545,188,1,0,-1,19,1,2,0,25,0,1,21,4,0,4,0,0,0,0,25,21,21,0.4361,0.0818,0.0000,11,1,0,0,,0,start_holder,0
546,19,3,1,173,21,0,2,0,20,0,1,6,14,0,0,0,6,6,6,26,20,26,0.5060,0.3572,0.0000,12,1,0,0,recheck,0,still,0
546,76,3,1,105,20,2,5,0,21,0,1,9,12,0,0,1,3,3,3,24,22,25,0.5655,0.3869,0.0000,13,1,0,0,recheck,0,still,0
546,90,1,1,231,21,0,1,0,22,0,1,9,13,0,0,0,1,1,1,23,22,23,0.6598,0.4862,0.0000,13,1,0,0,recheck,0,still,0
546,177,1,1,193,23,0,1,1,26,0,1,6,20,0,3,0,4,4,4,30,23,27,0.4237,0.4237,0.0000,13,1,0,0,recheck,0,still,0
547,31,2,1,125,20,1,4,0,23,0,1,14,9,0,0,1,0,0,0,23,24,24,0.6596,0.3298,0.0000,13,1,0,0,recheck,0,still,0
547,86,1,1,93,24,0,3,0,21,0,1,2,19,0,0,0,5,5,6,26,21,27,0.5749,0.5749,0.0000,11,1,0,0,recheck,0,still,0
548,62,1,1,155,20,0,1,0,23,0,1,9,14,0,0,0,1,1,2,24,23,25,0.6862,0.5056,0.0000,13,1,0,0,recheck,0,still,0
548,128,1,1,131,22,0,2,1,23,0,1,5,18,0,2,0,8,8,7,31,21,28,0.3486,0.2413,0.0000,9,1,0,0,recheck,0,still,0
548,135,1,1,99,25,0,1,0,26,0,1,4,22,0,3,0,5,5,5,31,23,28,0.4250,0.4250,0.0000,13,1,0,0,recheck,0,still,0
548,180,1,1,233,24,0,1,1,25,0,1,7,18,0,1,0,2,2,2,27,24,26,0.4883,0.4395,0.0000,17,1,0,0,recheck,0,still,0
549,125,1,1,80,17,1,2,0,18,0,1,9,9,0,1,1,4,4,4,22,18,22,0.5650,0.3531,0.0000,10,1,0,0,recheck,0,still,0
550,14,1,1,90,20,0,3,0,22,0,1,10,12,0,1,2,0,0,0,22,23,23,0.5540,0.3693,0.0000,11,1,0,0,recheck,0,still,0
551,66,1,1,236,16,0,1,0,20,0,1,17,3,0,1,1,0,0,0,20,20,20,0.6553,0.1311,0.0000,11,1,0,0,recheck,0,still,0
552,79,1,1,101,18,0,2,0,16,0,1,6,10,0,1,1,5,5,5,21,16,21,0.5595,0.4546,0.0000,9,1,0,0,recheck,0,still,0
553,10,1,1,66,22,0,1,0,27,0,1,15,12,0,0,0,0,0,0,27,27,27,0.5518,0.3793,0.0000,12,1,0,0,recheck,0,still,0
553,33,3,0,-1,13,1,4,0,17,0,0,16,1,0,1,0,0,0,0,17,16,16,0.5818,0.0582,0.0000,12,0,1,0,,0,pending,0
553,47,2,1,103,21,1,3,0,23,0,1,9,14,0,0,2,0,0,0,23,25,25,0.6177,0.4551,0.0000,13,1,0,0,recheck,0,still,0
553,49,2,1,134,17,1,2,0,18,0,1,10,8,0,0,0,5,5,5,23,18,23,0.6233,0.3609,0.0000,11,1,0,0,recheck,0,still,0
553,65,1,1,110,17,0,2,0,20,0,1,15,5,0,0,1,0,0,0,20,21,21,0.5443,0.1361,0.0000,9,1,0,0,recheck,0,still,0
554,33,3,0,-1,13,1,4,0,17,0,0,16,1,0,1,0,0,0,0,17,16,16,0.5821,0.0582,0.0000,12,0,1,0,,0,hop,1
554,130,1,1,62,18,1,5,0,19,0,1,9,10,0,0,0,3,3,3,22,19,22,0.6551,0.4367,0.0000,12,1,0,0,recheck,0,still,0
555,131,1,1,102,22,0,2,1,26,0,1,3,23,0,3,0,7,7,6,33,23,29,0.3736,0.3469,0.0000,10,1,0,0,recheck,0,still,0
555,176,1,1,115,25,0,1,0,26,0,1,4,22,0,3,0,5,5,5,31,23,28,0.4414,0.4169,0.0000,15,1,0,0,recheck,0,still,0
556,85,1,1,226,22,0,2,0,20,0,1,3,17,0,0,0,6,6,7,26,20,27,0.6089,0.5014,0.0000,11,1,0,0,recheck,0,still,0
556,92,1,1,241,19,0,2,0,20,0,1,15,5,0,0,2,1,1,1,21,22,23,0.6229,0.2076,0.0000,11,1,0,0,recheck,0,still,0
556,174,1,1,241,16,0,1,1,21,0,1,15,6,0,2,1,1,1,0,22,20,20,0.5843,0.1298,0.0000,10,1,0,0,recheck,0,still,0
556,186,1,1,241,20,0,1,1,27,0,1,13,14,0,4,0,1,1,1,28,23,24,0.4618,0.2430,0.0000,12,1,0,0,recheck,0,still,0
557,63,1,1,164,19,0,2,0,21,0,1,11,10,0,0,0,1,1,2,22,21,23,0.6158,0.3985,0.0000,12,1,0,0,recheck,0,still,0
557,200,1,1,97,19,0,2,0,20,0,1,9,11,0,2,1,4,4,4,24,19,23,0.6333,0.4333,0.0000,12,1,0,0,recheck,0,still,0
558,160,1,0,-1,0,0,1,1,0,0,0,0,0,0,0,0,0,0,0,0,0,0,0.0000,0.0000,0.0000,0,0,0,0,,0,pending,0
559,26,3,1,186,22,1,2,0,24,0,1,7,17,0,0,0,5,5,5,29,24,29,0.5538,0.4955,0.0000,15,1,0,0,recheck,0,still,0
559,118,3,0,-1,19,0,1,0,30,0,1,18,12,0,1,0,0,0,0,30,29,29,0.4247,0.1999,0.0000,13,1,0,0,,0,start_holder,0
559,160,1,0,-1,0,0,1,1,0,0,0,0,0,0,0,0,0,0,0,0,0,0,0.0000,0.0000,0.0000,0,0,0,0,,0,hop,1
560,21,2,1,187,23,1,3,0,19,0,1,5,14,0,0,0,7,7,7,26,19,26,0.5367,0.3788,0.0000,12,1,0,0,recheck,0,still,0
561,11,1,1,90,21,1,2,0,25,0,1,13,12,0,1,0,0,0,0,25,24,24,0.5668,0.4334,0.0000,12,1,0,0,recheck,0,still,0
561,143,1,1,246,20,0,1,0,27,0,1,13,14,0,4,0,1,1,1,28,23,24,0.4739,0.2369,0.0000,11,1,0,0,recheck,0,still,0
562,127,1,1,73,20,0,2,1,21,0,1,7,14,0,2,0,5,5,5,26,19,24,0.3774,0.2426,0.0000,10,1,0,0,recheck,0,still,0
563,114,1,0,-1,16,1,2,0,23,0,1,18,5,0,2,0,0,0,0,23,21,21,0.3516,0.0586,0.0000,7,0,1,0,,0,pending,0
563,171,1,1,147,23,1,2,0,25,0,1,3,22,0,3,0,8,8,7,33,22,29,0.3941,0.3448,0.0000,12,1,0,0,recheck,0,still,0
564,17,3,1,115,19,1,2,0,19,0,1,6,13,0,0,0,5,5,5,24,19,24,0.5355,0.3867,0.0000,12,1,0,0,recheck,0,still,0
564,114,1,0,-1,16,1,2,0,23,0,1,18,5,0,2,0,0,0,0,23,21,21,0.3516,0.0586,0.0000,7,0,1,0,,0,hop,1
565,28,2,1,250,22,0,1,0,24,0,1,9,15,0,1,0,2,2,2,26,23,25,0.6840,0.5353,0.0000,16,1,0,0,recheck,0,still,0
565,181,1,1,250,21,0,1,1,26,0,1,10,16,0,3,0,2,2,2,28,23,25,0.4481,0.3163,0.0000,13,1,0,0,recheck,0,still,0
566,13,2,0,-1,19,2,3,0,23,0,1,9,14,0,0,0,0,0,0,23,23,23,0.5931,0.4284,0.0000,13,1,0,0,,0,start_holder,0
566,88,1,1,251,23,0,2,0,21,0,1,5,16,0,0,0,5,5,5,26,21,26,0.6104,0.5386,0.0000,13,1,0,0,recheck,0,still,0
566,145,1,1,78,15,1,2,0,22,0,1,17,5,0,2,0,0,0,0,22,20,20,0.3351,0.0558,0.0000,7,1,0,0,recheck,0,still,0
566,167,1,1,112,24,1,2,0,22,0,1,5,17,0,2,0,8,8,8,30,20,28,0.3971,0.2730,0.0000,12,1,0,0,recheck,0,still,0
567,15,1,1,110,18,0,4,0,19,0,1,9,10,0,0,0,3,3,3,22,19,22,0.5762,0.3601,0.0000,10,1,0,0,recheck,0,still,0
567,107,2,1,103,19,1,2,0,21,0,1,15,6,0,0,2,1,1,1,22,23,24,0.6913,0.2514,0.0000,14,1,0,0,recheck,0,still,0
567,165,1,1,194,20,1,2,0,21,0,1,7,14,0,2,0,5,5,5,26,19,24,0.2736,0.1493,0.0000,9,1,0,0,recheck,0,still,0
568,23,2,0,-1,22,1,2,0,23,0,1,3,20,0,0,1,7,7,7,30,24,31,0.5483,0.5160,0.0000,12,1,0,0,,0,start_holder,0
568,87,1,1,133,25,0,1,0,21,0,1,3,18,0,0,0,4,4,5,25,21,26,0.6345,0.6345,0.0000,13,1,0,0,recheck,0,still,0
569,32,1,1,158,15,0,1,0,18,0,1,17,1,0,0,0,0,0,0,18,18,18,0.6371,0.0708,0.0000,9,1,0,0,recheck,0,still,0
569,56,1,1,117,24,0,1,0,21,0,1,3,18,0,0,0,7,7,7,28,21,28,0.5168,0.4823,0.0000,11,1,0,0,recheck,0,still,0
569,84,1,1,85,23,0,2,0,20,0,1,2,18,0,0,1,6,6,6,26,21,27,0.5651,0.5298,0.0000,11,1,0,0,recheck,0,still,0
570,57,1,1,147,23,1,2,0,21,0,1,3,18,0,0,0,6,6,6,27,21,27,0.5598,0.5248,0.0000,11,1,0,0,recheck,0,still,0
570,115,2,1,96,18,0,1,0,26,0,1,19,7,0,1,0,0,0,0,26,25,25,0.4040,0.1347,0.0000,10,1,0,0,recheck,0,still,0
570,138,1,1,255,24,0,1,0,24,0,1,7,17,0,1,0,3,3,3,27,23,26,0.4232,0.3703,0.0000,13,1,0,0,recheck,0,still,0
571,109,2,1,257,13,3,4,0,17,0,0,17,0,0,0,0,0,0,0,17,17,17,0.7442,0.0000,0.0000,12,0,0,1,recheck,0,still,0
571,132,1,1,257,20,1,2,0,21,0,1,13,8,0,0,1,1,1,1,22,22,23,0.6827,0.3953,0.0000,12,1,0,0,recheck,0,still,0
572,25,2,1,257,23,1,3,0,23,0,1,3,20,0,0,0,7,7,7,30,23,30,0.5651,0.5651,0.0000,13,1,0,0,recheck,0,still,0
573,29,2,1,258,19,1,2,0,25,0,1,13,12,0,1,0,1,1,1,26,24,25,0.7050,0.4598,0.0000,16,1,0,1,recheck,0,still,0
573,83,1,1,241,22,0,1,0,19,0,1,2,17,0,0,1,7,7,7,26,20,27,0.5676,0.5321,0.0000,11,1,0,0,recheck,0,still,0
574,54,2,1,52,22,2,3,0,19,0,1,5,14,0,0,0,6,6,6,25,19,25,0.5758,0.4799,0.0000,12,1,0,0,recheck,0,still,0
574,89,1,1,259,24,1,2,0,22,0,1,7,15,0,0,0,4,4,5,26,22,27,0.6729,0.6020,0.0000,14,1,0,0,recheck,0,still,0
574,91,1,1,126,19,0,1,0,22,0,1,12,10,0,1,0,1,1,2,23,21,23,0.6579,0.4155,0.0000,13,1,0,0,recheck,0,still,0
575,108,1,1,253,16,0,2,0,19,0,1,16,3,0,0,1,0,0,0,19,20,20,0.6604,0.1390,0.0000,11,1,0,0,recheck,0,still,0
575,170,1,1,212,20,3,4,0,19,0,1,9,10,0,0,1,2,2,2,21,20,22,0.6690,0.4577,0.0000,13,1,0,0,recheck,0,still,0
576,19,3,1,203,21,0,2,0,20,0,1,5,15,0,0,0,6,6,6,26,20,26,0.5061,0.4168,0.0000,12,1,0,0,recheck,0,still,0
576,34,1,0,-1,8,0,2,1,9,0,0,9,0,0,0,0,0,0,0,9,9,9,0.3696,0.0000,0.0000,7,0,0,0,,0,hop,1
576,76,3,1,135,20,2,4,0,23,0,1,10,13,0,0,1,3,3,3,26,24,27,0.5653,0.3868,0.0000,13,1,0,0,recheck,0,still,0
576,90,1,1,261,21,0,1,0,21,0,1,9,12,0,0,0,2,2,2,23,21,23,0.6603,0.4866,0.0000,13,1,0,0,recheck,0,still,0
576,177,1,1,223,23,0,1,1,25,0,1,6,19,0,3,0,5,5,5,30,22,27,0.4237,0.4237,0.0000,13,1,0,0,recheck,0,still,0
577,31,2,1,155,20,1,2,0,22,0,1,14,8,0,0,1,1,1,1,23,23,24,0.6596,0.3298,0.0000,13,1,0,0,recheck,0,still,0
577,86,1,1,123,24,0,3,0,20,0,1,2,18,0,0,0,6,6,7,26,20,27,0.5749,0.5749,0.0000,11,1,0,0,recheck,0,still,0
578,62,1,1,185,20,0,1,0,22,0,1,9,13,0,0,0,2,2,3,24,22,25,0.6863,0.5057,0.0000,13,1,0,0,recheck,0,still,0
578,128,1,1,161,22,0,2,1,23,0,1,4,19,0,2,0,8,8,7,31,21,28,0.3486,0.2949,0.0000,9,1,0,0,recheck,0,still,0
578,135,1,1,129,25,0,1,0,25,0,1,4,21,0,3,0,6,6,6,31,22,28,0.4250,0.4250,0.0000,13,1,0,0,recheck,0,still,0
578,180,1,1,263,24,0,1,1,24,0,1,7,17,0,1,0,3,3,3,27,23,26,0.4883,0.4395,0.0000,17,1,0,0,recheck,0,still,0
579,125,1,1,110,19,1,2,0,18,0,1,9,9,0,1,2,4,4,4,22,19,23,0.5659,0.3537,0.0000,10,1,0,0,recheck,0,still,0
580,14,1,1,120,20,0,3,0,21,0,1,9,12,0,0,1,0,0,0,21,22,22,0.5541,0.3694,0.0000,11,1,0,0,recheck,0,still,0
581,66,1,1,266,16,0,1,0,20,0,1,17,3,0,1,1,0,0,0,20,20,20,0.6582,0.1316,0.0000,11,1,0,0,recheck,0,still,0
582,79,1,1,131,18,0,2,0,16,0,1,5,11,0,1,1,6,6,6,22,16,22,0.5590,0.4542,0.0000,9,1,0,0,recheck,0,still,0
582,169,1,1,56,20,0,1,0,21,0,1,9,12,0,0,2,0,0,0,21,23,23,0.6284,0.4538,0.0000,12,1,0,0,recheck,0,still,0
583,10,1,1,96,22,0,1,0,27,0,1,14,13,0,0,0,0,0,0,27,27,27,0.5431,0.4413,0.0000,12,1,0,0,recheck,0,still,0
583,47,2,1,133,21,0,2,0,23,0,1,9,14,0,0,1,0,0,0,23,24,24,0.6125,0.4513,0.0000,13,1,0,0,recheck,0,still,0
583,49,2,1,164,17,1,2,0,17,0,1,9,8,0,0,0,6,6,6,23,17,23,0.6258,0.3623,0.0000,11,1,0,0,recheck,0,still,0
583,65,1,1,140,17,0,2,0,20,0,1,15,5,0,0,1,0,0,0,20,21,21,0.5443,0.1361,0.0000,9,1,0,0,recheck,0,still,0
584,130,1,1,92,18,1,4,0,19,0,1,9,10,0,0,0,3,3,3,22,19,22,0.6577,0.4385,0.0000,12,1,0,0,recheck,0,still,0
584,189,1,0,-1,16,0,2,0,25,0,1,19,6,0,3,0,0,0,0,25,22,22,0.4126,0.1031,0.0000,11,1,0,0,,0,start_holder,0
585,131,1,1,132,22,0,2,1,24,0,1,2,22,0,2,0,9,9,7,33,22,29,0.3736,0.3469,0.0000,10,1,0,0,recheck,0,still,0
585,176,1,1,145,25,0,1,0,25,0,1,4,21,0,3,0,6,6,6,31,22,28,0.4414,0.4169,0.0000,15,1,0,0,recheck,0,still,0
586,85,1,1,256,22,0,2,0,20,0,1,2,18,0,0,0,6,6,7,26,20,27,0.6086,0.5728,0.0000,11,1,0,0,recheck,0,still,0
586,92,1,1,271,19,0,2,0,20,0,1,15,5,0,0,2,1,1,1,21,22,23,0.6240,0.2080,0.0000,11,1,0,0,recheck,0,still,0
586,174,1,1,271,16,0,1,1,20,0,1,15,5,0,1,1,1,1,0,21,20,20,0.6507,0.1301,0.0000,11,1,0,0,recheck,0,still,0
586,186,1,1,271,20,0,1,1,27,0,1,13,14,0,4,0,1,1,1,28,23,24,0.4861,0.2430,0.0000,13,1,0,0,recheck,0,still,0
587,63,1,1,194,19,0,2,0,22,0,1,12,10,0,0,0,1,1,2,23,22,24,0.6162,0.3987,0.0000,12,1,0,0,recheck,0,still,0
587,200,1,1,127,19,0,2,0,19,0,1,9,10,0,2,1,5,5,5,24,18,23,0.6341,0.4339,0.0000,12,1,0,0,recheck,0,still,0
589,26,3,1,216,22,1,2,0,24,0,1,7,17,0,0,0,5,5,5,29,24,29,0.5532,0.4949,0.0000,15,1,0,0,recheck,0,still,0
589,68,2,0,-1,19,1,2,0,24,0,1,19,5,0,0,0,0,0,0,24,24,24,0.3593,0.0000,0.0000,7,0,0,0,,0,pending,0
589,118,3,1,30,19,0,1,0,30,0,1,17,13,0,1,0,0,0,0,30,29,29,0.3998,0.2249,0.0000,12,1,0,0,recheck,0,still,0
590,21,2,1,217,23,1,3,0,18,0,1,4,14,0,0,0,8,8,8,26,18,26,0.5373,0.4425,0.0000,12,1,0,0,recheck,0,still,0
590,68,2,0,-1,19,1,2,0,24,0,1,19,5,0,0,0,0,0,0,24,24,24,0.3592,0.0000,0.0000,7,0,0,0,,0,hop,1
591,11,1,1,120,21,1,2,0,25,0,1,12,13,0,1,0,0,0,0,25,24,24,0.5632,0.4969,0.0000,12,1,0,0,recheck,0,still,0
591,143,1,1,276,20,0,1,0,27,0,1,13,14,0,4,0,1,1,1,28,23,24,0.5002,0.2369,0.0000,12,1,0,0,recheck,0,still,0
592,102,2,0,-1,2,0,6,1,2,0,0,2,0,0,0,0,0,0,0,2,2,2,0.0658,0.0000,0.0000,2,0,0,0,,0,pending,0
592,111,1,0,-1,4,3,6,0,5,0,0,5,0,0,0,0,0,0,0,5,5,5,0.1755,0.0000,0.0000,4,0,0,0,,0,hop,1
592,117,3,1,55,18,0,1,0,29,0,1,17,12,0,0,0,0,0,0,29,29,29,0.3424,0.1957,0.0000,11,1,0,0,recheck,0,still,0
592,127,1,1,103,20,0,2,1,20,0,1,6,14,0,2,0,6,6,6,26,18,24,0.3774,0.2966,0.0000,10,1,0,0,recheck,0,still,0
592,188,1,1,47,17,1,2,0,24,0,1,19,5,0,4,0,0,0,0,24,20,20,0.3543,0.0273,0.0000,9,0,1,0,recheck,0,end_clear,1
593,102,2,0,-1,2,0,6,1,2,0,0,2,0,0,0,0,0,0,0,2,2,2,0.0657,0.0000,0.0000,2,0,0,0,,0,hop,1
593,171,1,1,177,23,1,2,0,23,0,1,2,21,0,2,0,9,9,7,32,21,28,0.3941,0.3448,0.0000,12,1,0,0,recheck,0,still,0
594,17,3,1,145,19,1,2,0,17,0,1,5,12,0,0,1,6,6,6,23,18,24,0.5060,0.4167,0.0000,11,1,0,0,recheck,0,still,0
595,28,2,1,280,22,0,2,0,24,0,1,9,15,0,1,0,2,2,2,26,23,25,0.7137,0.5650,0.0000,17,1,0,1,recheck,0,still,0
595,181,1,1,280,21,0,1,1,26,0,1,10,16,0,3,0,2,2,2,28,23,25,0.4481,0.3163,0.0000,13,1,0,0,recheck,0,still,0
595,195,1,0,-1,19,1,2,0,25,0,1,21,4,0,4,0,0,0,0,25,21,21,0.3978,0.0530,0.0000,11,1,0,0,,0,start_holder,0
596,88,1,1,281,23,0,2,0,22,0,1,6,16,0,0,0,5,5,5,27,22,27,0.6106,0.5387,0.0000,13,1,0,0,recheck,0,still,0
596,145,1,1,108,15,1,2,0,22,0,1,17,5,0,2,0,0,0,0,22,20,20,0.3348,0.0558,0.0000,7,1,0,0,recheck,0,still,0
596,153,1,0,-1,18,0,2,0,22,0,1,17,5,0,2,1,0,0,0,22,21,21,0.3468,0.0289,0.0000,8,0,1,0,,0,pending,0
596,167,1,1,142,23,1,2,0,22,0,1,4,18,0,3,0,9,9,9,31,19,28,0.3734,0.2988,0.0000,11,1,0,0,recheck,0,still,0
597,15,1,1,140,18,0,4,0,19,0,1,9,10,0,1,0,4,4,4,23,18,22,0.6134,0.3969,0.0000,11,1,0,0,recheck,0,still,0
597,107,2,1,133,19,1,2,0,21,0,1,15,6,0,0,2,1,1,1,22,23,24,0.6912,0.2513,0.0000,14,1,0,0,recheck,0,still,0
597,153,1,0,-1,18,0,2,0,22,0,1,17,5,0,2,1,0,0,0,22,21,21,0.3467,0.0289,0.0000,8,0,1,0,,0,hop,1
597,161,2,0,-1,20,0,1,0,21,0,1,10,11,0,2,0,6,6,6,27,19,25,0.3780,0.3024,0.0000,9,1,0,0,,0,start_holder,0
597,165,1,1,224,20,1,2,0,21,0,1,6,15,0,3,0,6,6,6,27,18,24,0.2736,0.1990,0.0000,9,1,0,0,recheck,0,still,0
597,179,1,0,-1,2,0,1,1,3,0,0,3,0,0,0,0,0,0,0,3,3,3,0.1046,0.0000,0.0000,2,0,0,0,,0,pending,0
598,87,1,1,163,25,0,1,0,21,0,1,3,18,0,0,0,4,4,5,25,21,26,0.6345,0.6345,0.0000,13,1,0,0,recheck,0,still,0
598,101,3,0,-1,9,1,3,0,10,0,0,10,0,0,0,0,0,0,0,10,10,10,0.3841,0.0000,0.0000,10,0,0,0,,0,pending,0
598,179,1,0,-1,2,0,1,1,3,0,0,3,0,0,0,0,0,0,0,3,3,3,0.1047,0.0000,0.0000,2,0,0,0,,0,hop,1
599,32,1,1,188,15,0,1,0,18,0,1,17,1,0,0,0,0,0,0,18,18,18,0.6413,0.0713,0.0000,9,1,0,0,recheck,0,still,0
599,56,1,1,147,24,0,1,0,20,0,1,3,17,0,0,0,8,8,8,28,20,28,0.5168,0.4823,0.0000,11,1,0,0,recheck,0,still,0
599,84,1,1,115,23,0,2,0,20,0,1,2,18,0,0,1,6,6,6,26,21,27,0.5648,0.5295,0.0000,11,1,0,0,recheck,0,still,0
599,101,3,0,-1,9,1,3,0,10,0,0,10,0,0,0,0,0,0,0,10,10,10,0.3841,0.0000,0.0000,10,0,0,0,,0,hop,1
600,57,1,1,177,23,1,2,0,20,0,1,3,17,0,0,0,7,7,7,27,20,27,0.5598,0.5248,0.0000,11,1,0,0,recheck,0,still,0
600,115,2,1,126,16,0,1,0,25,0,1,18,7,0,1,0,0,0,0,25,24,24,0.4313,0.1348,0.0000,11,1,0,0,recheck,0,still,0
600,138,1,1,285,24,0,1,0,24,0,1,7,17,0,1,0,3,3,3,27,23,26,0.4232,0.3703,0.0000,13,1,0,0,recheck,0,still,0
601,109,2,1,287,13,3,5,0,16,0,0,16,0,0,0,0,0,0,0,16,16,16,0.6475,0.0000,0.0000,11,0,0,0,recheck,0,end_clear,1
601,132,1,1,287,20,1,2,0,21,0,1,14,7,0,0,1,1,1,1,22,22,23,0.6826,0.3952,0.0000,12,1,0,0,recheck,0,still,0
602,25,2,1,287,23,1,3,0,22,0,1,3,19,0,0,0,7,7,7,29,22,29,0.5642,0.5642,0.0000,13,1,0,0,recheck,0,still,0
603,29,2,1,288,19,1,2,0,24,0,1,13,11,0,1,0,1,1,1,25,23,24,0.7055,0.3988,0.0000,16,1,0,1,recheck,0,still,0
603,83,1,1,271,22,0,1,0,18,0,1,2,16,0,0,1,8,8,8,26,19,27,0.5670,0.5316,0.0000,11,1,0,0,recheck,0,still,0
604,54,2,1,82,22,2,3,0,18,0,1,5,13,0,0,0,7,7,7,25,18,25,0.5756,0.4797,0.0000,12,1,0,0,recheck,0,still,0
604,89,1,1,289,24,1,2,0,22,0,1,8,14,0,0,0,4,4,5,26,22,27,0.6731,0.6022,0.0000,14,1,0,0,recheck,0,still,0
604,91,1,1,156,19,0,1,0,22,0,1,13,9,0,1,0,1,1,2,23,21,23,0.6579,0.4155,0.0000,13,1,0,0,recheck,0,still,0
605,13,2,1,39,19,2,3,0,23,0,1,8,15,0,0,0,0,0,0,23,23,23,0.5935,0.4287,0.0000,13,1,0,0,recheck,0,still,0
605,108,1,1,283,16,0,2,0,19,0,1,17,2,0,0,1,0,0,0,19,20,20,0.6602,0.0695,0.0000,11,1,0,0,recheck,0,still,0
605,170,1,1,242,20,3,6,0,19,0,1,8,11,0,0,1,2,2,2,21,20,22,0.6700,0.4585,0.0000,13,1,0,0,recheck,0,still,0
606,19,3,1,233,21,0,2,0,19,0,1,5,14,0,0,0,7,7,7,26,19,26,0.5061,0.4168,0.0000,12,1,0,0,recheck,0,still,0
606,76,3,1,165,21,2,6,0,22,0,1,9,13,0,0,1,4,4,4,26,23,27,0.5653,0.3868,0.0000,13,1,0,0,recheck,0,still,0
606,90,1,1,291,21,0,1,0,21,0,1,10,11,0,0,0,2,2,2,23,21,23,0.6605,0.4867,0.0000,13,1,0,0,recheck,0,still,0
606,177,1,1,253,23,0,1,1,25,0,1,7,18,0,3,0,5,5,5,30,22,27,0.4237,0.4237,0.0000,13,1,0,0,recheck,0,still,0
607,31,2,1,185,20,1,2,0,22,0,1,15,7,0,0,1,1,1,1,23,23,24,0.6596,0.2639,0.0000,13,1,0,0,recheck,0,still,0
607,86,1,1,153,23,0,3,0,20,0,1,2,18,0,0,0,6,6,7,26,20,27,0.5750,0.5750,0.0000,11,1,0,0,recheck,0,still,0
608,62,1,1,215,20,0,1,0,22,0,1,10,12,0,0,0,2,2,3,24,22,25,0.6864,0.5058,0.0000,13,1,0,0,recheck,0,still,0
608,128,1,1,191,22,0,2,1,22,0,1,4,18,0,2,0,9,9,8,31,20,28,0.3486,0.2949,0.0000,9,1,0,0,recheck,0,still,0
608,135,1,1,159,25,0,1,0,25,0,1,5,20,0,3,0,6,6,6,31,22,28,0.4250,0.4250,0.0000,13,1,0,0,recheck,0,still,0
608,180,1,1,293,24,0,1,1,24,0,1,8,16,0,1,0,3,3,3,27,23,26,0.4883,0.4395,0.0000,17,1,0,0,recheck,0,still,0
609,113,1,0,-1,17,0,2,0,23,0,1,17,6,0,3,0,0,0,0,23,20,20,0.3234,0.0294,0.0000,7,0,1,0,,0,pending,0
609,125,1,1,140,19,1,2,0,16,0,1,9,7,0,0,2,5,5,5,21,18,23,0.5313,0.3188,0.0000,9,1,0,0,recheck,0,still,0
610,14,1,1,150,19,0,3,0,22,0,1,8,14,0,0,0,0,0,0,22,22,22,0.5540,0.3694,0.0000,11,1,0,0,recheck,0,still,0
610,23,2,1,42,22,1,2,0,23,0,1,3,20,0,0,1,7,7,7,30,24,31,0.5464,0.5143,0.0000,12,1,0,0,recheck,0,still,0
610,113,1,0,-1,17,0,2,0,23,0,1,17,6,0,3,0,0,0,0,23,20,20,0.3235,0.0294,0.0000,7,0,1,0,,0,hop,1
611,66,1,1,296,16,0,1,0,20,0,1,18,2,0,1,1,0,0,0,20,20,20,0.6595,0.0660,0.0000,11,0,1,0,recheck,0,end_clear,1
612,12,2,0,-1,19,0,1,0,25,0,1,10,15,0,0,0,0,0,0,25,25,25,0.5579,0.4923,0.0000,11,1,0,0,,0,start_holder,0
612,79,1,1,161,19,0,2,0,16,0,1,5,11,0,1,1,6,6,6,22,16,22,0.5586,0.4539,0.0000,9,1,0,0,recheck,0,still,0
612,146,2,0,-1,15,0,2,0,23,0,1,16,7,0,1,0,0,0,0,23,22,22,0.3493,0.0748,0.0000,10,1,0,0,,0,start_holder,0
612,169,1,1,86,20,5,6,0,21,0,1,8,13,0,0,1,0,0,0,21,22,22,0.7001,0.4550,0.0000,13,1,0,1,recheck,0,still,0
613,10,1,1,126,21,1,2,0,26,0,1,13,13,0,1,0,0,0,0,26,25,25,0.5326,0.4993,0.0000,11,1,0,0,recheck,0,still,0
613,47,2,1,163,20,1,3,0,23,0,1,8,15,0,0,1,0,0,0,23,24,24,0.6136,0.4521,0.0000,13,1,0,0,recheck,0,still,0
613,49,2,1,194,17,1,2,0,17,0,1,9,8,0,0,0,6,6,6,23,17,23,0.6262,0.3625,0.0000,11,1,0,0,recheck,0,still,0
613,65,1,1,170,17,0,2,0,20,0,1,17,3,0,0,1,0,0,0,20,21,21,0.5454,0.0341,0.0000,9,1,0,0,recheck,0,still,0
614,110,1,0,-1,13,1,5,0,14,0,0,14,0,0,0,1,0,0,0,14,15,15,0.6555,0.0000,0.0000,10,0,0,0,,0,pending,0
614,130,1,1,122,19,1,6,0,19,0,1,8,11,0,0,0,3,3,3,22,19,22,0.6576,0.4384,0.0000,12,1,0,0,recheck,0,still,0
615,90,1,1,300,21,0,1,0,22,0,1,11,11,0,0,0,1,1,1,23,22,23,0.6605,0.4519,0.0000,13,1,0,0,period_end,0,still,0
615,110,1,0,-1,13,1,5,0,14,0,0,14,0,0,0,1,0,0,0,14,15,15,0.6556,0.0000,0.0000,10,0,0,0,,0,hop,1
615,131,1,1,162,22,0,2,1,24,0,1,3,21,0,2,0,8,8,6,32,22,28,0.3736,0.3469,0.0000,10,1,0,0,recheck,0,still,0
615,176,1,1,175,25,0,1,0,26,0,1,6,20,0,3,0,5,5,5,31,23,28,0.4414,0.4169,0.0000,15,1,0,0,recheck,0,still,0
616,29,2,1,301,19,1,2,0,25,0,1,14,11,0,1,0,0,0,0,25,24,24,0.7050,0.3678,0.0000,16,1,0,1,period_end,0,still,0
616,85,1,1,286,22,0,2,0,20,0,1,2,18,0,0,0,5,5,6,25,20,26,0.6083,0.5725,0.0000,11,1,0,0,recheck,0,still,0
616,92,1,1,301,19,0,2,0,21,0,1,17,4,0,0,2,0,0,0,21,23,23,0.6247,0.1041,0.0000,11,1,0,0,recheck,0,still,0
616,174,1,1,301,16,0,1,1,21,0,1,17,4,0,2,1,0,0,0,21,20,20,0.6178,0.0650,0.0000,11,1,0,0,recheck,0,still,0
616,186,1,1,301,20,0,1,1,28,0,1,15,13,0,4,0,0,0,0,28,24,24,0.4618,0.1701,0.0000,12,1,0,0,recheck,0,still,0
617,63,1,1,224,19,0,2,0,22,0,1,13,9,0,0,0,0,0,1,22,22,23,0.6161,0.3624,0.0000,12,1,0,0,recheck,0,still,0
617,200,1,1,157,19,0,2,0,19,0,1,9,10,0,2,1,5,5,5,24,18,23,0.6351,0.4345,0.0000,12,1,0,0,recheck,0,still,0
618,97,3,0,-1,5,3,5,0,6,0,0,6,0,0,0,0,0,0,0,6,6,6,0.1769,0.0000,0.0000,5,0,0,0,,0,hop,1
619,26,3,1,246,22,1,2,0,24,0,1,8,16,0,0,0,4,4,4,28,24,28,0.5525,0.4653,0.0000,15,1,0,0,recheck,0,still,0
619,118,3,1,60,18,0,1,0,29,0,1,15,14,0,1,0,0,0,0,29,28,28,0.3998,0.2749,0.0000,11,1,0,0,recheck,0,still,0
620,21,2,1,247,23,1,3,0,16,0,1,4,12,0,0,0,10,10,10,26,16,26,0.5384,0.4434,0.0000,12,1,0,0,recheck,0,still,0
621,11,1,1,150,20,0,1,0,24,0,1,9,15,0,1,0,0,0,0,24,23,23,0.5541,0.5541,0.0000,11,1,0,0,recheck,0,still,0
621,143,1,1,306,20,0,1,0,28,0,1,15,13,0,4,0,0,0,0,28,24,24,0.4739,0.1580,0.0000,11,1,0,0,recheck,0,still,0
622,117,3,1,85,18,0,1,0,27,0,1,14,13,0,0,0,0,0,0,27,27,27,0.3419,0.2442,0.0000,10,1,0,0,recheck,0,still,0
622,127,1,1,133,20,0,2,1,20,0,1,6,14,0,3,0,7,7,7,27,17,24,0.3774,0.2966,0.0000,10,1,0,0,recheck,0,still,0
623,88,1,1,308,23,0,2,0,22,0,1,7,15,0,0,0,4,4,4,26,22,26,0.5387,0.5028,0.0000,12,1,0,0,period_end,0,still,0
623,121,1,0,-1,1,0,2,1,1,0,0,1,0,0,0,0,0,0,0,1,1,1,0.0324,0.0000,0.0000,1,0,0,0,,0,hop,1
623,171,1,1,207,23,1,2,0,23,0,1,3,20,0,1,0,9,9,6,32,22,28,0.3941,0.3448,0.0000,12,1,0,0,recheck,0,still,0
624,17,3,1,175,19,1,2,0,16,0,1,5,11,0,0,1,7,7,7,23,17,24,0.5356,0.4166,0.0000,12,1,0,0,recheck,0,still,0
624,174,1,1,309,16,0,1,1,21,0,1,17,4,0,2,1,0,0,0,21,20,20,0.6183,0.0651,0.0000,11,1,0,0,period_end,0,still,0
625,28,2,1,310,22,0,2,0,25,0,1,11,14,0,1,0,1,1,1,26,24,25,0.7129,0.4753,0.0000,17,1,0,1,recheck,0,still,0
625,181,1,1,310,21,0,1,1,27,0,1,12,15,0,3,0,1,1,1,28,24,25,0.4481,0.2900,0.0000,13,1,0,0,recheck,0,still,0
626,88,1,1,311,23,0,2,0,22,0,1,7,15,0,0,0,4,4,4,26,22,26,0.5387,0.5028,0.0000,12,1,0,0,recheck,0,still,0
626,145,1,1,138,14,1,2,0,22,0,1,15,7,0,3,0,0,0,0,22,19,19,0.4188,0.1117,0.0000,9,1,0,0,recheck,0,still,0
626,167,1,1,172,20,1,2,0,20,0,1,4,16,0,3,0,10,10,10,30,17,27,0.3754,0.3004,0.0000,11,1,0,0,recheck,0,still,0
627,15,1,1,170,18,0,6,0,18,0,1,8,10,0,1,0,5,5,5,23,17,22,0.6153,0.3981,0.0000,11,1,0,0,recheck,0,still,0
627,107,2,1,163,18,1,2,0,22,0,1,17,5,0,0,2,0,0,0,22,24,24,0.6913,0.1571,0.0000,14,1,0,0,recheck,0,still,0
627,165,1,1,254,20,1,2,0,20,0,1,6,14,0,3,0,7,7,7,27,17,24,0.3234,0.2488,0.0000,10,1,0,0,recheck,0,still,0
628,67,2,0,-1,15,4,5,0,18,0,1,17,1,0,0,1,0,0,0,18,19,19,0.6546,0.0327,0.0000,11,0,1,0,,0,hop,1
628,87,1,1,193,25,0,1,0,22,0,1,5,17,0,0,0,3,3,4,25,22,26,0.6343,0.6343,0.0000,13,1,0,0,recheck,0,still,0
629,32,1,1,218,15,0,1,0,18,0,0,18,0,0,0,0,0,0,0,18,18,18,0.6485,0.0000,0.0000,9,0,0,0,recheck,0,end_clear,1
629,56,1,1,177,24,0,1,0,19,0,1,3,16,0,0,0,9,9,9,28,19,28,0.5168,0.4823,0.0000,11,1,0,0,recheck,0,still,0
629,84,1,1,145,23,0,2,0,20,0,1,2,18,0,0,1,6,6,6,26,21,27,0.5648,0.5295,0.0000,11,1,0,0,recheck,0,still,0
629,186,1,1,314,20,0,1,1,28,0,1,16,12,0,4,0,0,0,0,28,24,24,0.4618,0.1701,0.0000,12,1,0,0,period_end,0,still,0
630,57,1,1,207,23,1,2,0,20,0,1,3,17,0,0,0,7,7,7,27,20,27,0.5598,0.5248,0.0000,11,1,0,0,recheck,0,still,0
630,115,2,1,156,15,0,1,0,24,0,1,16,8,0,1,0,0,0,0,24,23,23,0.3234,0.0539,0.0000,8,1,0,0,recheck,0,still,0
630,138,1,1,315,24,0,1,0,25,0,1,10,15,0,1,0,2,2,2,27,24,26,0.3703,0.3174,0.0000,12,1,0,0,recheck,0,still,0
631,132,1,1,317,20,1,2,0,22,0,1,16,6,0,0,1,0,0,0,22,23,23,0.6825,0.2515,0.0000,12,1,0,0,recheck,0,still,0
631,154,2,0,-1,18,0,1,0,24,0,1,19,5,0,3,0,0,0,0,24,21,21,0.3448,0.0265,0.0000,9,0,1,0,,0,pending,0
631,158,1,0,-1,20,0,1,0,24,0,1,19,5,0,1,0,0,0,0,24,23,23,0.3171,0.0000,0.0000,7,0,0,0,,0,hop,1
632,5,2,0,-1,17,0,1,0,24,0,1,15,9,0,0,0,0,0,0,24,24,24,0.4035,0.1242,0.0000,9,1,0,0,,0,start_holder,0
632,6,2,0,-1,17,0,2,0,26,0,1,14,12,0,0,0,0,0,0,26,26,26,0.3629,0.1815,0.0000,8,1,0,0,,0,start_holder,0
632,25,2,1,317,23,1,3,0,23,0,1,5,18,0,0,0,6,6,6,29,23,29,0.5642,0.5642,0.0000,13,1,0,0,recheck,0,still,0
632,154,2,0,-1,18,0,1,0,24,0,1,17,7,0,3,0,0,0,0,24,21,21,0.3448,0.0265,0.0000,9,0,1,0,,0,hop,1
632,189,1,1,48,15,0,2,0,23,0,1,14,9,0,3,0,0,0,0,23,20,20,0.4117,0.1286,0.0000,11,1,0,0,recheck,0,still,0
633,29,2,1,318,19,1,2,0,25,0,1,15,10,0,1,0,0,0,0,25,24,24,0.6119,0.3059,0.0000,14,1,0,0,recheck,0,still,0
633,83,1,1,301,22,0,1,0,17,0,1,2,15,0,0,1,9,9,9,26,18,27,0.5668,0.5313,0.0000,11,1,0,0,recheck,0,still,0
633,116,2,0,-1,19,0,1,0,26,0,1,14,12,0,1,0,0,0,0,26,25,25,0.3763,0.1882,0.0000,9,1,0,0,,0,start_holder,0
634,4,2,0,-1,15,0,1,0,20,0,1,10,10,0,0,0,0,0,0,20,20,20,0.3422,0.1555,0.0000,7,1,0,0,,0,start_holder,0
634,54,2,1,112,22,2,3,0,17,0,1,5,12,0,0,0,8,8,8,25,17,25,0.5752,0.4794,0.0000,12,1,0,0,recheck,0,still,0
634,58,1,0,-1,21,2,3,0,21,0,1,2,19,0,0,1,6,6,6,27,22,28,0.5365,0.5365,0.0000,10,1,0,0,,0,start_holder,0
634,89,1,1,319,24,1,2,0,23,0,1,10,13,0,0,0,3,3,4,26,23,27,0.6729,0.5312,0.0000,14,1,0,0,recheck,0,still,0
634,91,1,1,186,19,0,1,0,23,0,1,15,8,0,1,0,0,0,1,23,22,23,0.6577,0.3462,0.0000,13,1,0,0,recheck,0,still,0
634,161,2,1,37,20,0,1,0,22,0,1,9,13,0,3,0,7,7,7,29,19,26,0.3780,0.3024,0.0000,9,1,0,0,recheck,0,still,0
635,7,2,0,-1,18,0,1,0,25,0,1,13,12,0,0,0,0,0,0,25,25,25,0.3904,0.2603,0.0000,8,1,0,0,,0,start_holder,0
635,13,2,1,69,18,2,3,0,22,0,1,8,14,0,0,0,1,1,1,23,22,23,0.5936,0.4287,0.0000,13,1,0,0,recheck,0,still,0
635,28,2,1,320,22,0,2,0,25,0,1,12,13,0,1,0,1,1,1,26,24,25,0.6828,0.4156,0.0000,16,1,0,0,period_end,0,still,0
635,108,1,1,313,16,0,2,0,19,0,1,19,0,0,0,1,0,0,0,19,20,20,0.6596,0.0000,0.0000,11,0,0,0,recheck,0,end_clear,1
635,170,1,1,272,20,3,6,0,18,0,1,8,10,0,0,1,3,3,3,21,19,22,0.6734,0.4608,0.0000,13,1,0,0,recheck,0,still,0
636,19,3,1,263,21,0,2,0,18,0,1,4,14,0,0,0,8,8,8,26,18,26,0.5061,0.4466,0.0000,12,1,0,0,recheck,0,still,0
636,76,3,1,195,21,2,6,0,21,0,1,9,12,0,0,1,5,5,5,26,22,27,0.5654,0.3869,0.0000,13,1,0,0,recheck,0,still,0
636,90,1,1,321,21,0,1,0,22,0,1,13,9,0,0,0,1,1,1,23,22,23,0.6603,0.3823,0.0000,13,1,0,0,recheck,0,still,0
636,177,1,1,283,23,0,1,1,26,0,1,10,16,0,3,0,4,4,4,30,23,27,0.4237,0.3972,0.0000,13,1,0,0,recheck,0,still,0
637,31,2,1,215,20,1,2,0,23,0,1,18,5,0,0,1,0,0,0,23,24,24,0.6267,0.1649,0.0000,12,1,0,0,recheck,0,still,0
637,86,1,1,183,23,0,3,0,21,0,1,5,16,0,0,0,5,5,6,26,21,27,0.5750,0.5750,0.0000,11,1,0,0,recheck,0,still,0
637,168,1,0,-1,23,0,1,1,20,0,1,1,19,0,0,0,11,11,7,31,20,27,0.3473,0.3206,0.0000,9,1,0,0,,0,start_holder,0
637,172,1,0,-1,23,0,1,1,25,0,1,5,20,0,3,0,7,7,6,32,22,28,0.3723,0.3723,0.0000,11,1,0,0,,0,start_holder,0
638,62,1,1,245,20,0,1,0,23,0,1,13,10,0,0,0,1,1,2,24,23,25,0.6863,0.4334,0.0000,13,1,0,0,recheck,0,still,0
638,128,1,1,221,22,0,2,1,20,0,1,1,19,0,2,0,11,11,10,31,18,28,0.3486,0.3486,0.0000,9,1,0,0,recheck,0,still,0
638,135,1,1,189,25,0,1,0,25,0,1,7,18,0,2,0,5,5,5,30,23,28,0.4250,0.4250,0.0000,13,1,0,0,recheck,0,still,0
638,157,2,0,-1,18,0,2,0,25,0,1,15,10,0,2,0,0,0,0,25,23,23,0.3240,0.1080,0.0000,7,1,0,0,,0,start_holder,0
638,180,1,1,323,24,0,1,1,25,0,1,11,14,0,1,0,2,2,2,27,24,26,0.4151,0.3418,0.0000,15,1,0,0,recheck,0,still,0
639,71,2,0,-1,12,2,3,0,13,0,0,13,0,0,0,0,0,0,0,13,13,13,0.4890,0.0000,0.0000,10,0,0,0,,0,hop,1
639,125,1,1,170,19,1,2,0,15,0,1,9,6,0,0,1,6,6,7,21,16,23,0.5326,0.3195,0.0000,9,1,0,0,recheck,0,still,0
640,14,1,1,180,20,0,2,0,21,0,1,9,12,0,1,1,1,1,1,22,21,22,0.5541,0.3694,0.0000,11,1,0,0,recheck,0,still,0
640,23,2,1,72,22,1,2,0,23,0,1,3,20,0,0,0,6,6,7,29,23,30,0.5465,0.5465,0.0000,12,1,0,0,recheck,0,still,0
641,75,1,0,-1,5,4,5,0,6,0,0,6,0,0,0,0,0,0,0,6,6,6,0.2923,0.0000,0.0000,5,0,0,0,,0,hop,1
642,79,1,1,191,19,0,2,0,14,0,1,3,11,0,1,1,8,8,8,22,14,22,0.5588,0.4540,0.0000,9,1,0,0,recheck,0,still,0
642,169,1,1,116,20,5,6,0,21,0,1,9,12,0,0,1,1,1,1,22,22,23,0.7024,0.4566,0.0000,13,1,0,1,recheck,0,still,0
643,10,1,1,156,21,1,2,0,26,0,1,13,13,0,1,0,0,0,0,26,25,25,0.5281,0.4951,0.0000,11,1,0,0,recheck,0,still,0
643,47,2,1,193,21,1,2,0,22,0,1,8,14,0,0,2,1,1,1,23,24,25,0.6796,0.4531,0.0000,14,1,0,0,recheck,0,still,0
643,49,2,1,224,17,1,2,0,15,0,1,9,6,0,0,0,8,8,8,23,15,23,0.6264,0.3626,0.0000,11,1,0,0,recheck,0,still,0
643,65,1,1,200,17,0,2,0,20,0,1,19,1,0,0,1,0,0,0,20,21,21,0.5454,0.0000,0.0000,9,0,0,0,recheck,0,end_clear,1
644,130,1,1,152,19,1,6,0,17,0,1,8,9,0,0,0,5,5,5,22,17,22,0.6578,0.4386,0.0000,12,1,0,0,recheck,0,still,0
645,83,1,1,313,22,0,1,0,16,0,1,0,16,0,0,1,9,9,9,25,17,26,0.5667,0.5667,0.0000,11,1,0,0,period_end,0,still,0
645,131,1,1,192,21,0,2,1,22,0,1,3,19,0,1,0,9,9,6,31,21,27,0.3736,0.3736,0.0000,10,1,0,0,recheck,0,still,0
645,155,1,0,-1,1,0,1,1,0,0,0,0,0,0,0,0,0,0,0,0,0,0,0.0000,0.0000,0.0000,0,0,0,0,,0,pending,0
645,176,1,1,205,24,0,1,0,24,0,1,8,16,0,2,0,5,5,5,29,22,27,0.4414,0.4169,0.0000,14,1,0,0,recheck,0,still,0
646,85,1,1,316,21,0,2,0,19,0,1,1,18,0,0,0,5,5,6,24,19,25,0.6083,0.6083,0.0000,11,1,0,0,recheck,0,still,0
646,92,1,1,331,19,0,2,0,21,0,1,20,1,0,0,2,0,0,0,21,23,23,0.6324,0.0000,0.0000,11,0,0,0,recheck,0,end_clear,1
646,155,1,0,-1,1,0,1,1,0,0,0,0,0,0,0,0,0,0,0,0,0,0,0.0000,0.0000,0.0000,0,0,0,0,,0,hop,1
646,174,1,1,331,16,0,1,1,22,0,1,22,0,0,2,1,0,0,0,22,21,21,0.6170,0.0000,0.0000,11,0,0,0,recheck,0,end_clear,1
646,186,1,1,331,20,0,1,1,27,0,1,20,7,0,3,0,0,0,0,27,24,24,0.4375,0.1458,0.0000,12,1,0,0,recheck,0,still,0
647,40,1,0,-1,16,1,2,0,20,0,1,10,10,0,0,1,0,0,0,20,21,21,0.3608,0.2165,0.0000,7,1,0,0,,0,start_holder,0
647,200,1,1,187,19,0,2,0,19,0,1,9,10,0,2,0,6,6,7,25,17,24,0.6379,0.4364,0.0000,12,1,0,0,recheck,0,still,0
648,132,1,1,334,17,0,1,0,21,0,1,20,1,0,0,1,0,0,0,21,22,22,0.6069,0.0714,0.0000,11,0,1,0,period_end,0,end_period,1
649,26,3,1,276,21,1,2,0,23,0,1,14,9,0,0,0,4,4,4,27,23,27,0.5516,0.3484,0.0000,14,1,0,0,recheck,0,still,0
649,118,3,1,90,18,0,1,0,28,0,1,14,14,0,0,0,0,0,0,28,28,28,0.4248,0.2999,0.0000,12,1,0,0,recheck,0,still,0
650,9,1,0,-1,21,0,1,0,27,0,1,13,14,0,0,0,0,0,0,27,27,27,0.4702,0.4367,0.0000,9,1,0,0,,0,start_holder,0
650,21,2,1,277,23,1,3,0,15,0,1,1,14,0,0,0,10,10,10,25,15,25,0.5394,0.4760,0.0000,12,1,0,0,recheck,0,still,0
651,11,1,1,180,22,0,1,0,24,0,1,10,14,0,0,0,1,1,1,25,24,25,0.5511,0.5511,0.0000,11,1,0,0,recheck,0,still,0
651,143,1,1,336,20,0,1,0,26,0,1,21,5,0,2,0,0,0,0,26,24,24,0.4739,0.0527,0.0000,11,1,0,0,recheck,0,still,0
652,89,1,1,337,23,0,1,0,22,0,1,15,7,0,0,0,3,3,4,25,22,26,0.6009,0.3535,0.0000,12,1,0,0,period_end,0,still,0
652,117,3,1,115,19,0,1,0,28,0,1,12,16,0,0,0,0,0,0,28,28,28,0.3154,0.2426,0.0000,9,1,0,0,recheck,0,still,0
652,127,1,1,163,20,0,2,1,19,0,1,3,16,0,3,0,8,8,8,27,16,24,0.3774,0.2966,0.0000,10,1,0,0,recheck,0,still,0
652,152,1,0,-1,8,0,3,1,10,0,0,10,0,0,2,0,0,0,0,10,8,8,0.4363,0.0000,0.0000,8,0,0,0,,0,pending,0
653,152,1,0,-1,8,0,3,1,10,0,0,10,0,0,2,0,0,0,0,10,8,8,0.4361,0.0000,0.0000,8,0,0,0,,0,hop,1
653,171,1,1,237,22,1,2,0,21,0,1,5,16,0,1,0,9,9,6,30,20,26,0.3941,0.3941,0.0000,12,1,0,0,recheck,0,still,0
654,17,3,1,205,19,1,2,0,15,0,1,3,12,0,0,1,8,8,8,23,16,24,0.5358,0.4465,0.0000,12,1,0,0,recheck,0,still,0
654,146,2,1,42,14,0,2,0,22,0,1,8,14,0,1,0,0,0,0,22,21,21,0.3489,0.2742,0.0000,9,1,0,0,recheck,0,still,0
654,195,1,1,59,18,1,2,0,24,0,1,11,13,0,3,0,0,0,0,24,21,21,0.3978,0.2387,0.0000,11,1,0,0,recheck,0,still,0
655,28,2,1,340,21,0,1,0,24,0,1,17,7,0,1,0,1,1,1,25,23,24,0.6168,0.2644,0.0000,14,1,0,0,recheck,0,still,0
655,181,1,1,340,20,0,1,1,26,0,1,18,8,0,3,0,1,1,1,27,23,24,0.4481,0.1318,0.0000,13,1,0,0,recheck,0,still,0
656,88,1,1,341,22,0,2,0,20,0,1,12,8,0,0,0,4,4,4,24,20,24,0.5379,0.3945,0.0000,11,1,0,0,recheck,0,still,0
656,145,1,1,168,15,1,2,0,22,0,1,8,14,0,2,0,0,0,0,22,20,20,0.4187,0.3071,0.0000,9,1,0,0,recheck,0,still,0
656,167,1,1,202,20,1,2,0,19,0,1,1,18,0,3,0,10,10,10,29,16,26,0.3767,0.3516,0.0000,11,1,0,0,recheck,0,still,0
657,15,1,1,200,18,0,6,0,17,0,1,8,9,0,1,0,6,6,6,23,16,22,0.6157,0.3984,0.0000,11,1,0,0,recheck,0,still,0
657,107,2,1,193,19,1,2,0,23,0,1,23,0,0,0,2,0,0,0,23,25,25,0.6535,0.0000,0.0000,13,0,0,0,recheck,0,end_clear,1
657,165,1,1,284,20,1,2,0,19,0,1,3,16,0,3,0,8,8,8,27,16,24,0.3234,0.2488,0.0000,10,1,0,0,recheck,0,still,0
658,87,1,1,223,23,0,1,0,21,0,1,12,9,0,0,0,3,3,4,24,21,25,0.6340,0.5283,0.0000,12,1,0,0,recheck,0,still,0
659,56,1,1,207,24,0,1,0,16,0,1,0,16,0,0,0,10,10,10,26,16,26,0.5168,0.5168,0.0000,11,1,0,0,recheck,0,still,0
659,84,1,1,175,23,0,2,0,18,0,1,3,15,0,0,1,6,6,6,24,19,25,0.5648,0.5648,0.0000,11,1,0,0,recheck,0,still,0
660,57,1,1,237,23,1,2,0,17,0,1,1,16,0,0,0,7,7,7,24,17,24,0.5598,0.5598,0.0000,11,1,0,0,recheck,0,still,0
660,73,2,0,-1,10,1,2,0,11,0,0,11,0,0,1,0,0,0,0,11,10,10,0.4341,0.0000,0.0000,9,0,0,0,,0,pending,0
660,115,2,1,186,15,0,1,0,24,0,1,9,15,0,1,0,0,0,0,24,23,23,0.3497,0.2690,0.0000,9,1,0,0,recheck,0,still,0
660,138,1,1,345,23,0,1,0,24,0,1,16,8,0,1,0,2,2,2,26,23,25,0.3439,0.1587,0.0000,10,1,0,0,recheck,0,still,0
661,25,2,1,346,22,1,3,0,22,0,1,11,11,0,0,0,6,6,6,28,22,28,0.5624,0.5311,0.0000,12,1,0,0,period_end,0,still,0
661,73,2,0,-1,10,1,2,0,11,0,0,11,0,0,1,0,0,0,0,11,10,10,0.4342,0.0000,0.0000,9,0,0,0,,0,hop,1
661,85,1,1,331,21,0,2,0,19,0,1,4,15,0,0,0,5,5,6,24,19,25,0.6083,0.6083,0.0000,11,1,0,0,period_end,0,still,0
661,138,1,1,346,23,0,1,0,24,0,1,16,8,0,1,0,2,2,2,26,23,25,0.3439,0.1587,0.0000,10,1,0,0,period_end,0,still,0
662,25,2,1,347,22,1,3,0,22,0,1,11,11,0,0,0,6,6,6,28,22,28,0.5623,0.5310,0.0000,12,1,0,0,recheck,0,still,0
662,189,1,1,78,15,0,2,0,22,0,1,8,14,0,3,0,0,0,0,22,19,19,0.4117,0.3088,0.0000,11,1,0,0,recheck,0,still,0
663,29,2,1,348,18,0,1,0,23,0,1,20,3,0,1,0,0,0,0,23,22,22,0.5406,0.1502,0.0000,12,0,1,0,recheck,0,end_clear,1
663,83,1,1,331,22,0,1,0,15,0,1,1,14,0,0,1,9,9,9,24,16,25,0.5667,0.5667,0.0000,11,1,0,0,recheck,0,still,0
664,54,2,1,142,22,2,3,0,17,0,1,3,14,0,0,0,9,9,9,26,17,26,0.5752,0.5113,0.0000,12,1,0,0,recheck,0,still,0
664,89,1,1,349,23,0,1,0,21,0,1,16,5,0,0,0,3,3,4,24,21,25,0.5997,0.2822,0.0000,12,1,0,0,recheck,0,still,0
664,91,1,1,216,19,0,1,0,21,0,1,20,1,0,0,0,0,0,1,21,21,22,0.6261,0.1043,0.0000,11,0,1,0,recheck,0,end_clear,1
664,161,2,1,67,20,0,1,0,21,0,1,9,12,0,3,0,8,8,8,29,18,26,0.4284,0.3024,0.0000,10,1,0,0,recheck,0,still,0
664,181,1,1,349,20,0,1,1,26,0,1,21,5,0,3,0,1,1,1,27,23,24,0.4481,0.0791,0.0000,13,1,0,0,period_end,0,still,0
665,13,2,1,99,20,0,1,0,21,0,1,8,13,0,0,1,1,1,1,22,22,23,0.5936,0.4287,0.0000,13,1,0,0,recheck,0,still,0
665,170,1,1,302,20,3,6,0,18,0,1,8,10,0,0,1,3,3,3,21,19,22,0.6744,0.4614,0.0000,13,1,0,0,recheck,0,still,0
666,19,3,1,293,21,0,2,0,17,0,1,3,14,0,0,0,9,9,9,26,17,26,0.5061,0.4466,0.0000,12,1,0,0,recheck,0,still,0
666,76,3,1,225,20,2,6,0,20,0,1,9,11,0,0,1,6,6,6,26,21,27,0.5655,0.3869,0.0000,13,1,0,0,recheck,0,still,0
666,90,1,1,351,20,0,1,1,21,0,1,20,1,0,0,0,1,1,1,22,21,22,0.6588,0.1040,0.0000,12,1,0,0,recheck,0,still,0
666,177,1,1,313,22,0,1,1,25,0,1,17,8,0,3,0,4,4,4,29,22,26,0.3707,0.1854,0.0000,11,1,0,0,recheck,0,still,0
667,31,3,1,245,20,1,4,0,24,0,1,24,0,0,0,1,0,0,0,24,25,25,0.5955,0.0000,0.0000,13,0,0,0,recheck,0,end_clear,1
667,86,1,1,213,22,0,3,0,20,0,1,13,7,0,0,0,5,5,6,25,20,26,0.5028,0.4310,0.0000,8,1,0,0,recheck,0,still,0
667,144,2,0,-1,10,0,3,0,12,0,0,12,0,0,1,0,0,0,0,12,11,11,0.5381,0.0000,0.0000,11,0,0,0,,0,pending,0
668,5,2,1,36,17,0,1,0,23,0,1,10,13,0,0,0,1,1,1,24,23,24,0.4026,0.3097,0.0000,9,1,0,0,recheck,0,still,0
668,12,2,1,56,21,0,1,0,23,0,1,10,13,0,0,2,1,1,1,24,25,26,0.4895,0.4895,0.0000,10,1,0,0,recheck,0,still,0
668,62,1,1,275,19,0,1,0,21,0,1,20,1,0,0,0,1,1,2,22,21,23,0.5033,0.0360,0.0000,10,0,1,0,recheck,0,end_clear,1
668,123,2,0,-1,17,0,2,0,20,0,1,15,5,0,0,0,2,2,2,22,20,22,0.3274,0.0546,0.0000,9,1,0,0,,0,start_holder,0
668,128,1,1,251,22,0,2,1,16,0,1,5,11,0,2,0,13,13,12,29,14,26,0.3486,0.3486,0.0000,9,1,0,0,recheck,0,still,0
668,135,1,1,219,24,0,1,0,24,0,1,16,8,0,2,0,5,5,5,29,22,27,0.3985,0.2125,0.0000,11,1,0,0,recheck,0,still,0
668,144,2,0,-1,10,0,3,0,12,0,0,12,0,0,1,0,0,0,0,12,11,11,0.5382,0.0000,0.0000,11,0,0,0,,0,hop,1
668,180,1,1,353,23,0,1,1,24,0,1,20,4,0,1,0,2,2,2,26,23,25,0.3907,0.1221,0.0000,13,1,0,0,recheck,0,still,0
669,100,1,0,-1,19,0,1,0,17,0,1,11,6,0,0,1,3,3,3,20,18,21,0.4023,0.0731,0.0000,7,1,0,0,,0,start_holder,0
669,125,1,1,200,19,1,2,0,15,0,1,9,6,0,0,1,6,6,7,21,16,23,0.5337,0.3202,0.0000,9,1,0,0,recheck,0,still,0
670,14,1,1,210,21,0,1,0,21,0,1,9,12,0,0,2,1,1,1,22,23,24,0.5541,0.3694,0.0000,11,1,0,0,recheck,0,still,0
670,23,2,1,102,21,1,2,0,20,0,1,11,9,0,0,0,7,7,8,27,20,28,0.4819,0.3855,0.0000,10,1,0,0,recheck,0,still,0
670,180,1,1,355,23,0,1,1,24,0,1,20,4,0,1,0,2,2,2,26,23,25,0.3907,0.1221,0.0000,13,1,0,0,period_end,0,still,0
671,159,1,0,-1,14,1,2,0,16,0,1,12,4,0,0,0,1,1,1,17,16,17,0.2620,0.0873,0.0000,6,1,0,0,,0,start_holder,0
672,79,1,1,221,19,0,2,0,13,0,1,3,10,0,0,1,9,9,9,22,14,23,0.5591,0.4543,0.0000,9,1,0,0,recheck,0,still,0
672,143,1,1,357,19,0,1,0,26,0,1,25,1,0,3,0,0,0,0,26,23,23,0.4475,0.0000,0.0000,11,0,0,0,period_end,0,end_period,1
672,169,1,1,146,20,5,6,0,20,0,1,8,12,0,0,1,1,1,1,21,21,22,0.7038,0.4575,0.0000,13,1,0,1,recheck,0,still,0
673,10,1,1,186,21,1,2,0,26,0,1,13,13,0,1,0,0,0,0,26,25,25,0.5266,0.4937,0.0000,11,1,0,0,recheck,0,still,0
673,47,2,1,223,21,0,2,0,22,0,1,8,14,0,0,2,1,1,1,23,24,25,0.6804,0.4536,0.0000,14,1,0,0,recheck,0,still,0
673,49,2,1,254,17,1,2,0,16,0,1,9,7,0,0,0,8,8,8,24,16,24,0.6264,0.3627,0.0000,11,1,0,0,recheck,0,still,0
673,177,1,1,320,22,0,1,1,27,0,1,20,7,0,3,0,2,2,2,29,24,26,0.3707,0.0794,0.0000,11,1,0,0,period_end,0,still,0
674,103,1,0,-1,8,1,4,0,7,0,0,7,0,0,0,1,0,0,0,7,8,8,0.3330,0.0000,0.0000,6,0,0,0,,0,pending,0
674,130,1,1,182,19,1,6,0,17,0,1,8,9,0,0,0,5,5,5,22,17,22,0.6546,0.4364,0.0000,12,1,0,0,recheck,0,still,0
675,103,1,0,-1,8,1,4,0,7,0,0,7,0,0,0,1,0,0,0,7,8,8,0.3329,0.0000,0.0000,6,0,0,0,,0,hop,1
675,131,1,1,222,21,0,2,1,23,0,1,10,13,0,4,0,6,6,6,29,19,25,0.3736,0.2935,0.0000,10,1,0,0,recheck,0,still,0
675,168,1,1,38,22,0,1,1,22,0,1,8,14,0,3,0,8,8,7,30,19,26,0.3473,0.3473,0.0000,9,1,0,0,recheck,0,still,0
675,176,1,1,235,24,0,1,0,25,0,1,17,8,0,2,0,3,3,3,28,23,26,0.4169,0.2207,0.0000,13,1,0,0,recheck,0,still,0
676,72,2,0,-1,20,0,1,0,20,0,1,12,8,0,0,0,3,3,3,23,20,23,0.3899,0.0975,0.0000,8,1,0,0,,0,start_holder,0
676,85,1,1,346,21,0,2,0,18,0,1,8,10,0,0,0,6,6,7,24,18,25,0.6082,0.5009,0.0000,11,1,0,0,recheck,0,still,0
676,186,1,1,361,19,1,2,0,25,0,0,24,1,0,2,0,0,0,0,25,23,23,0.4330,0.0241,0.0000,12,0,1,0,recheck,0,end_clear,1
677,116,2,1,44,17,0,1,0,24,0,1,11,13,0,0,0,2,2,1,26,24,25,0.3768,0.2692,0.0000,9,1,0,0,recheck,0,still,0
677,200,1,1,217,19,0,2,0,22,0,1,9,13,0,1,0,3,3,4,25,21,25,0.6052,0.4034,0.0000,11,1,0,0,recheck,0,still,0
678,99,2,0,-1,11,0,2,0,12,0,0,12,0,0,0,0,0,0,0,12,12,12,0.5610,0.0000,0.0000,11,0,0,0,,0,pending,0
678,136,2,0,-1,12,0,5,0,15,0,0,15,0,0,1,0,0,0,0,15,14,14,0.6264,0.0000,0.0000,13,0,0,0,,0,hop,1
679,26,3,1,306,21,1,2,0,24,0,1,20,4,0,0,0,2,2,2,26,24,26,0.5509,0.1450,0.0000,14,1,0,0,recheck,0,still,0
679,99,2,0,-1,11,0,2,0,12,0,0,12,0,0,0,0,0,0,0,12,12,12,0.5610,0.0000,0.0000,11,0,0,0,,0,hop,1
679,118,3,1,120,20,0,1,0,28,0,1,13,15,0,0,0,0,0,0,28,28,28,0.4249,0.2999,0.0000,12,1,0,0,recheck,0,still,0
679,199,1,0,-1,19,1,2,0,21,0,1,12,9,0,1,0,3,3,3,24,20,23,0.3189,0.0532,0.0000,8,0,1,0,,0,hop,1
680,4,2,1,46,15,0,1,0,18,0,1,7,11,0,0,0,2,2,2,20,18,20,0.3721,0.2791,0.0000,8,1,0,0,recheck,0,still,0
680,21,2,1,307,23,1,3,0,17,0,1,3,14,0,0,0,8,8,8,25,17,25,0.5391,0.4757,0.0000,12,1,0,0,recheck,0,still,0
681,11,1,1,210,21,0,1,0,24,0,1,10,14,0,0,0,1,1,1,25,24,25,0.5507,0.5507,0.0000,11,1,0,0,recheck,0,still,0
681,34,1,0,-1,8,0,4,1,8,0,0,8,0,0,0,0,0,0,0,8,8,8,0.3695,0.0000,0.0000,7,0,0,0,,0,pending,0
682,34,1,0,-1,8,0,4,1,8,0,0,8,0,0,0,0,0,0,0,8,8,8,0.3695,0.0000,0.0000,7,0,0,0,,0,hop,1
682,117,3,1,145,19,0,1,0,28,0,1,12,16,0,0,0,0,0,0,28,28,28,0.3154,0.2426,0.0000,9,1,0,0,recheck,0,still,0
682,127,1,1,193,20,0,2,1,21,0,1,3,18,0,3,0,6,6,6,27,18,24,0.3774,0.2966,0.0000,10,1,0,0,recheck,0,still,0
683,6,2,1,51,17,0,2,0,26,0,1,12,14,0,0,0,0,0,0,26,26,26,0.3630,0.2723,0.0000,8,1,0,0,recheck,0,still,0
683,171,1,1,267,21,1,2,0,23,0,1,10,13,0,4,0,7,7,7,30,19,26,0.3941,0.3202,0.0000,12,1,0,0,recheck,0,still,0
684,17,3,1,235,20,1,2,0,18,0,1,3,15,0,0,1,5,5,5,23,19,24,0.5357,0.4464,0.0000,12,1,0,0,recheck,0,still,0
684,124,1,0,-1,2,2,6,0,3,0,0,3,0,0,0,0,0,0,0,3,3,3,0.1092,0.0000,0.0000,2,0,0,0,,0,hop,1
684,146,2,1,72,14,0,2,0,19,0,1,8,11,0,1,0,3,3,3,22,18,21,0.3493,0.2745,0.0000,9,1,0,0,recheck,0,still,0
684,195,1,1,89,18,1,2,0,21,0,1,11,10,0,3,0,3,3,3,24,18,21,0.3978,0.2387,0.0000,11,1,0,0,recheck,0,still,0
685,28,2,1,370,21,0,1,0,25,0,1,23,2,0,1,0,0,0,0,25,24,24,0.6202,0.0591,0.0000,14,1,0,0,recheck,0,still,0
685,181,1,1,370,20,0,1,1,26,0,1,23,3,0,3,0,0,0,0,26,23,23,0.4218,0.0000,0.0000,12,0,0,0,recheck,0,end_clear,1
686,88,1,1,371,22,0,2,0,22,0,1,19,3,0,0,0,1,1,1,23,22,23,0.5382,0.1435,0.0000,11,1,0,0,recheck,0,still,0
686,145,1,1,198,15,1,2,0,19,0,1,8,11,0,2,0,3,3,3,22,17,20,0.4189,0.3072,0.0000,9,1,0,0,recheck,0,still,0
686,167,1,1,232,20,1,2,0,19,0,1,3,16,0,3,0,8,8,8,27,16,24,0.3776,0.3524,0.0000,11,1,0,0,recheck,0,still,0
687,15,1,1,230,18,0,6,0,20,0,1,8,12,0,1,0,3,3,3,23,19,22,0.6143,0.3975,0.0000,11,1,0,0,recheck,0,still,0
687,165,1,1,314,20,1,2,0,21,0,1,3,18,0,3,0,6,6,6,27,18,24,0.3234,0.2488,0.0000,10,1,0,0,recheck,0,still,0
688,40,1,1,41,16,1,2,0,19,0,1,9,10,0,0,1,1,1,1,20,20,21,0.4329,0.3247,0.0000,8,1,0,0,recheck,0,still,0
688,87,1,1,253,24,0,1,0,23,0,1,18,5,0,0,0,1,1,2,24,23,25,0.5987,0.2817,0.0000,11,1,0,0,recheck,0,still,0
689,56,1,1,237,24,0,1,0,18,0,1,4,14,0,0,0,8,8,8,26,18,26,0.5168,0.5168,0.0000,11,1,0,0,recheck,0,still,0
689,84,1,1,205,22,0,2,0,18,0,1,7,11,0,0,0,6,6,7,24,18,25,0.5644,0.5291,0.0000,11,1,0,0,recheck,0,still,0
690,57,1,1,267,22,1,2,0,17,0,1,5,12,0,0,0,7,7,7,24,17,24,0.5584,0.5584,0.0000,11,1,0,0,recheck,0,still,0
690,115,2,1,216,15,0,1,0,21,0,1,9,12,0,0,0,3,3,2,24,21,23,0.3502,0.2694,0.0000,9,1,0,0,recheck,0,still,0
690,138,1,1,375,23,0,1,0,26,0,1,22,4,0,1,0,0,0,0,26,25,25,0.3439,0.0265,0.0000,10,1,0,0,recheck,0,still,0
691,7,2,1,56,18,0,1,0,25,0,1,12,13,0,0,0,0,0,0,25,25,25,0.3894,0.2921,0.0000,8,1,0,0,recheck,0,still,0
692,25,2,1,377,22,1,3,0,24,0,1,17,7,0,0,0,4,4,4,28,24,28,0.5641,0.3134,0.0000,12,1,0,0,recheck,0,still,0
692,58,1,1,58,19,2,3,0,20,0,1,12,8,0,0,0,4,4,5,24,20,25,0.5005,0.3933,0.0000,9,1,0,0,recheck,0,still,0
692,157,2,1,54,18,0,2,0,21,0,1,12,9,0,1,0,3,3,3,24,20,23,0.3237,0.1079,0.0000,7,1,0,0,recheck,0,still,0
692,172,1,1,55,22,0,1,1,27,0,1,16,11,0,4,0,4,4,4,31,23,27,0.3723,0.2128,0.0000,10,1,0,0,recheck,0,still,0
692,189,1,1,108,15,0,2,0,19,0,1,8,11,0,3,0,3,3,3,22,16,19,0.4124,0.3093,0.0000,11,1,0,0,recheck,0,still,0
693,83,1,1,361,22,0,1,0,17,0,1,4,13,0,0,0,7,7,8,24,17,25,0.5668,0.5668,0.0000,11,1,0,0,recheck,0,still,0
694,9,1,1,44,21,0,1,0,27,0,1,13,14,0,0,0,0,0,0,27,27,27,0.5006,0.4672,0.0000,10,1,0,0,recheck,0,still,0
694,54,2,1,172,22,2,3,0,17,0,1,3,14,0,0,1,7,7,7,24,18,25,0.5750,0.5112,0.0000,12,1,0,0,recheck,0,still,0
694,89,1,1,379,23,0,1,0,23,0,1,21,2,0,0,0,0,0,1,23,23,24,0.5998,0.1059,0.0000,12,1,0,0,recheck,0,still,0
694,161,2,1,97,20,0,1,0,25,0,1,9,16,0,3,0,4,4,4,29,22,26,0.4284,0.3024,0.0000,10,1,0,0,recheck,0,still,0
695,13,2,1,129,20,1,2,0,22,0,1,9,13,0,0,1,1,1,1,23,23,24,0.5936,0.4287,0.0000,13,1,0,0,recheck,0,still,0
695,170,1,1,332,20,3,6,0,18,0,1,8,10,0,0,1,3,3,3,21,19,22,0.6744,0.4614,0.0000,13,1,0,0,recheck,0,still,0
696,19,3,1,323,21,0,2,0,19,0,1,4,15,0,0,0,7,7,7,26,19,26,0.5054,0.4460,0.0000,12,1,0,0,recheck,0,still,0
696,76,3,1,255,21,2,6,0,23,0,1,9,14,0,0,1,3,3,3,26,24,27,0.5655,0.3869,0.0000,13,1,0,0,recheck,0,still,0
696,90,1,1,381,19,0,2,0,22,0,0,22,0,0,0,0,0,0,0,22,22,22,0.6598,0.0000,0.0000,12,0,0,0,recheck,0,end_clear,1
696,177,1,1,343,22,0,1,1,26,0,1,21,5,0,3,0,1,1,1,27,23,24,0.3707,0.0794,0.0000,11,1,0,0,recheck,0,still,0
697,33,3,0,-1,13,1,4,0,17,0,0,17,0,0,1,0,0,0,0,17,16,16,0.5994,0.0000,0.0000,12,0,0,0,,0,hop,1
697,86,1,1,243,21,0,3,0,22,0,1,17,5,0,0,0,3,3,4,25,22,26,0.5028,0.2873,0.0000,8,1,0,0,recheck,0,still,0
698,5,2,1,66,17,0,1,0,23,0,1,10,13,0,0,0,2,2,2,25,23,25,0.4026,0.3097,0.0000,9,1,0,0,recheck,0,still,0
698,12,2,1,86,20,0,1,0,23,0,1,10,13,0,0,2,1,1,1,24,25,26,0.4890,0.4890,0.0000,10,1,0,0,recheck,0,still,0
698,128,1,1,281,22,0,2,1,20,0,1,6,14,0,2,0,9,9,8,29,18,26,0.3486,0.3486,0.0000,9,1,0,0,recheck,0,still,0
698,135,1,1,249,24,0,1,0,27,0,1,19,8,0,3,0,2,2,2,29,24,26,0.3985,0.1594,0.0000,11,1,0,0,recheck,0,still,0
698,180,1,1,383,23,0,1,1,26,0,1,23,3,0,1,0,0,0,0,26,25,25,0.3907,0.0488,0.0000,13,0,1,0,recheck,0,end_clear,1
699,125,1,1,230,19,1,2,0,18,0,1,9,9,0,0,1,3,3,4,21,19,23,0.5346,0.3208,0.0000,9,1,0,0,recheck,0,still,0
700,14,1,1,240,21,0,1,0,21,0,1,9,12,0,0,2,1,1,1,22,23,24,0.5541,0.3694,0.0000,11,1,0,0,recheck,0,still,0
700,23,2,1,132,21,1,2,0,21,0,1,12,9,0,0,1,3,3,3,24,22,25,0.4831,0.3864,0.0000,10,1,0,0,recheck,0,still,0
702,79,1,1,251,19,0,2,0,17,0,1,3,14,0,0,1,5,5,5,22,18,23,0.5591,0.4542,0.0000,9,1,0,0,recheck,0,still,0
702,169,1,1,176,20,5,6,0,20,0,1,8,12,0,0,1,1,1,1,21,21,22,0.7046,0.4580,0.0000,13,1,0,1,recheck,0,still,0
703,10,1,1,216,21,1,2,0,26,0,1,13,13,0,1,0,0,0,0,26,25,25,0.5249,0.4921,0.0000,11,1,0,0,recheck,0,still,0
703,47,2,1,253,21,0,2,0,22,0,1,8,14,0,0,2,1,1,1,23,24,25,0.6165,0.4543,0.0000,13,1,0,0,recheck,0,still,0
703,49,2,1,284,17,1,2,0,19,0,1,9,10,0,0,0,4,4,4,23,19,23,0.6265,0.3627,0.0000,11,1,0,0,recheck,0,still,0
704,130,1,1,212,19,1,6,0,19,0,1,8,11,0,0,0,3,3,3,22,19,22,0.6500,0.4333,0.0000,12,1,0,0,recheck,0,still,0
705,131,1,1,252,20,0,2,1,24,0,1,11,13,0,4,0,3,3,3,27,20,23,0.3736,0.2935,0.0000,10,1,0,0,recheck,0,still,0
705,168,1,1,68,21,0,1,1,23,0,1,9,14,0,3,0,6,6,5,29,20,25,0.3473,0.3473,0.0000,9,1,0,0,recheck,0,still,0
705,176,1,1,265,24,0,1,0,28,0,1,19,9,0,3,0,1,1,1,29,25,26,0.4169,0.1962,0.0000,13,1,0,0,recheck,0,still,0
706,21,2,1,333,23,1,3,0,17,0,1,4,13,0,0,0,8,8,8,25,17,25,0.5386,0.4752,0.0000,12,1,0,0,period_end,0,still,0
706,85,1,1,376,21,0,2,0,19,0,1,9,10,0,0,0,4,4,5,23,19,24,0.6087,0.5013,0.0000,11,1,0,0,recheck,0,still,0
707,116,2,1,74,17,0,1,0,23,0,1,11,12,0,0,0,3,3,2,26,23,25,0.3770,0.2693,0.0000,9,1,0,0,recheck,0,still,0
707,200,1,1,247,19,0,2,0,21,0,1,9,12,0,1,0,3,3,4,24,20,24,0.6063,0.4042,0.0000,11,1,0,0,recheck,0,still,0
708,159,1,1,37,14,1,2,0,15,0,1,11,4,0,0,0,2,2,2,17,15,17,0.2620,0.1455,0.0000,6,1,0,0,recheck,0,still,0
709,26,3,1,336,21,1,2,0,27,0,1,23,4,0,0,0,0,0,0,27,27,27,0.5512,0.1160,0.0000,14,1,0,0,recheck,0,still,0
709,118,3,1,150,20,0,1,0,28,0,1,13,15,0,0,0,0,0,0,28,28,28,0.3999,0.2999,0.0000,11,1,0,0,recheck,0,still,0
710,4,2,1,76,15,0,1,0,19,0,1,7,12,0,0,0,3,3,3,22,19,22,0.3721,0.2791,0.0000,8,1,0,0,recheck,0,still,0
710,21,2,1,337,23,1,3,0,17,0,1,4,13,0,0,0,8,8,8,25,17,25,0.5385,0.4752,0.0000,12,1,0,0,recheck,0,still,0
710,72,2,1,34,20,0,1,0,18,0,1,12,6,0,0,0,5,5,5,23,18,23,0.3856,0.0964,0.0000,8,1,0,0,recheck,0,still,0
710,170,1,1,347,20,3,6,0,18,0,1,8,10,0,0,1,3,3,3,21,19,22,0.6744,0.4614,0.0000,13,1,0,0,period_end,0,still,0
711,11,1,1,240,21,0,1,0,24,0,1,10,14,0,0,0,1,1,1,25,24,25,0.5503,0.5503,0.0000,11,1,0,0,recheck,0,still,0
712,117,3,1,175,19,0,1,0,29,0,1,12,17,0,0,0,0,0,0,29,29,29,0.3156,0.2428,0.0000,9,1,0,0,recheck,0,still,0
712,127,1,1,223,20,0,2,1,21,0,1,3,18,0,3,0,6,6,6,27,18,24,0.3774,0.2966,0.0000,10,1,0,0,recheck,0,still,0
712,188,1,0,-1,16,1,2,0,19,0,1,10,9,0,4,0,4,4,4,23,15,19,0.4087,0.3270,0.0000,10,1,0,0,,0,start_holder,0
713,6,2,1,81,17,0,2,0,26,0,1,12,14,0,0,0,0,0,0,26,26,26,0.3630,0.2723,0.0000,8,1,0,0,recheck,0,still,0
713,171,1,1,297,21,1,2,0,24,0,1,11,13,0,4,0,4,4,4,28,20,24,0.3941,0.3202,0.0000,12,1,0,0,recheck,0,still,0
714,17,3,1,265,20,1,2,0,18,0,1,3,15,0,0,1,5,5,5,23,19,24,0.5355,0.4462,0.0000,12,1,0,0,recheck,0,still,0
714,121,1,0,-1,1,0,1,1,1,0,0,1,0,0,0,0,0,0,0,1,1,1,0.0357,0.0000,0.0000,1,0,0,0,,0,hop,1
714,146,2,1,102,14,0,2,0,18,0,1,8,10,0,1,0,4,4,4,22,17,21,0.3495,0.2746,0.0000,9,1,0,0,recheck,0,still,0
714,195,1,1,119,17,1,2,0,20,0,1,10,10,0,3,0,4,4,4,24,17,21,0.3979,0.2653,0.0000,11,1,0,0,recheck,0,still,0
715,28,2,1,400,21,0,1,0,26,0,0,25,1,0,1,0,0,0,0,26,25,25,0.6190,0.0295,0.0000,14,0,1,0,recheck,0,end_clear,1
716,88,1,1,401,22,0,2,0,24,0,1,22,2,0,0,0,0,0,0,24,24,24,0.5380,0.0359,0.0000,11,0,1,0,recheck,0,end_clear,1
716,145,1,1,228,15,1,2,0,16,0,1,7,9,0,1,0,5,5,5,21,15,20,0.3912,0.3074,0.0000,8,1,0,0,recheck,0,still,0
716,153,1,0,-1,18,0,2,0,16,0,1,8,8,0,2,1,5,5,5,21,15,20,0.3757,0.2601,0.0000,9,1,0,0,,0,start_holder,0
716,167,1,1,262,20,1,2,0,19,0,1,6,13,0,3,0,8,8,8,27,16,24,0.3793,0.3540,0.0000,11,1,0,0,recheck,0,still,0
716,171,1,1,300,21,1,2,0,25,0,1,14,11,0,4,0,4,4,4,29,21,25,0.3941,0.2709,0.0000,12,1,0,0,period_end,0,still,0
717,15,1,1,260,18,0,6,0,19,0,1,8,11,0,0,0,3,3,3,22,19,22,0.5757,0.3598,0.0000,10,1,0,0,recheck,0,still,0
717,55,2,0,-1,22,0,3,0,18,0,1,7,11,0,0,0,8,8,8,26,18,26,0.5168,0.4845,0.0000,12,1,0,0,,0,start_holder,0
717,165,1,1,344,20,1,2,0,21,0,1,4,17,0,3,0,6,6,6,27,18,24,0.3483,0.2736,0.0000,11,1,0,0,recheck,0,still,0
718,40,1,1,71,16,1,2,0,18,0,1,9,9,0,0,1,2,2,2,20,19,21,0.4329,0.3247,0.0000,8,1,0,0,recheck,0,still,0
718,87,1,1,283,23,0,1,0,26,0,1,23,3,0,0,0,0,0,1,26,26,27,0.6340,0.1409,0.0000,12,1,0,0,recheck,0,still,0
718,109,2,0,-1,14,2,4,0,17,0,0,17,0,0,0,0,0,0,0,17,17,17,0.6823,0.0000,0.0000,12,0,0,0,,0,hop,1
718,114,1,0,-1,13,1,2,0,13,0,1,5,8,0,1,0,5,5,5,18,12,17,0.3517,0.2931,0.0000,7,1,0,0,,0,start_holder,0
718,128,1,1,301,21,0,2,1,21,0,1,7,14,0,2,0,8,8,7,29,19,26,0.3486,0.3486,0.0000,9,1,0,0,period_end,0,still,0
719,56,1,1,267,23,0,1,0,19,0,1,7,12,0,0,0,7,7,7,26,19,26,0.5168,0.4823,0.0000,11,1,0,0,recheck,0,still,0
719,84,1,1,235,22,0,2,0,18,0,1,9,9,0,0,0,5,5,6,23,18,24,0.5296,0.3884,0.0000,10,1,0,0,recheck,0,still,0
720,57,1,1,297,22,1,2,0,18,0,1,8,10,0,0,0,6,6,6,24,18,24,0.5578,0.4532,0.0000,11,1,0,0,recheck,0,still,0
720,115,2,1,246,15,0,1,0,19,0,1,9,10,0,0,0,5,5,4,24,19,23,0.3502,0.2694,0.0000,9,1,0,0,recheck,0,still,0
720,138,1,1,405,23,0,2,0,27,0,1,26,1,0,1,0,0,0,0,27,26,26,0.3437,0.0000,0.0000,10,0,0,0,recheck,0,end_clear,1
721,7,2,1,86,19,0,1,0,25,0,1,12,13,0,0,0,0,0,0,25,25,25,0.3893,0.2919,0.0000,8,1,0,0,recheck,0,still,0
721,111,1,0,-1,3,3,6,0,4,0,0,4,0,0,0,0,0,0,0,4,4,4,0.1385,0.0000,0.0000,3,0,0,0,,0,hop,1
721,165,1,1,348,20,1,2,0,21,0,1,4,17,0,3,0,6,6,6,27,18,24,0.3483,0.3234,0.0000,11,1,0,0,period_end,0,still,0
722,25,2,1,407,21,1,3,0,26,0,1,22,4,0,0,0,2,2,2,28,26,28,0.5650,0.1883,0.0000,12,1,0,0,recheck,0,still,0
722,58,1,1,88,19,2,3,0,23,0,1,18,5,0,0,0,2,2,3,25,23,26,0.5005,0.2860,0.0000,9,1,0,0,recheck,0,still,0
722,100,1,1,53,19,0,1,0,16,0,1,8,8,0,0,0,5,5,5,21,16,21,0.3970,0.0722,0.0000,7,1,0,0,recheck,0,still,0
722,157,2,1,84,18,0,2,0,19,0,1,9,10,0,1,0,5,5,5,24,18,23,0.3239,0.1349,0.0000,7,1,0,0,recheck,0,still,0
722,172,1,1,85,21,0,1,1,29,0,1,21,8,0,4,0,2,2,2,31,25,27,0.3723,0.1064,0.0000,10,1,0,0,recheck,0,still,0
722,189,1,1,138,15,0,2,0,17,0,1,7,10,0,3,0,5,5,5,22,14,19,0.4125,0.3867,0.0000,11,1,0,0,recheck,0,still,0
723,51,1,0,-1,18,0,3,0,18,0,1,4,14,0,2,2,4,4,4,22,18,22,0.5972,0.4918,0.0000,10,1,0,0,,0,start_holder,0
723,83,1,1,391,21,0,1,0,17,0,1,7,10,0,0,0,6,6,7,23,17,24,0.5669,0.4606,0.0000,11,1,0,0,recheck,0,still,0
723,123,2,1,55,16,0,2,0,18,0,1,10,8,0,0,0,3,3,3,21,18,21,0.3271,0.0818,0.0000,9,1,0,0,recheck,0,still,0
724,9,1,1,74,21,0,1,0,27,0,1,13,14,0,0,0,0,0,0,27,27,27,0.4986,0.4653,0.0000,10,1,0,0,recheck,0,still,0
724,54,2,1,202,22,2,3,0,17,0,1,4,13,0,0,1,7,7,7,24,18,25,0.5750,0.5750,0.0000,12,1,0,0,recheck,0,still,0
724,89,1,1,409,23,0,1,0,24,0,0,24,0,0,0,0,0,0,0,24,24,24,0.5979,0.0000,0.0000,12,0,0,0,recheck,0,end_clear,1
724,161,2,1,127,20,0,1,0,25,0,1,7,18,0,3,0,4,4,4,29,22,26,0.4284,0.3276,0.0000,10,1,0,0,recheck,0,still,0
725,13,2,1,159,20,1,2,0,22,0,1,8,14,0,0,1,1,1,1,23,23,24,0.5936,0.4617,0.0000,13,1,0,0,recheck,0,still,0
725,19,3,1,352,21,0,2,0,19,0,1,6,13,0,0,0,7,7,7,26,19,26,0.5053,0.5053,0.0000,12,1,0,0,period_end,0,still,0
725,170,1,1,362,20,3,6,0,18,0,1,6,12,0,0,1,3,3,3,21,19,22,0.6389,0.4614,0.0000,12,1,0,0,recheck,0,still,0
726,19,3,1,353,21,0,2,0,19,0,1,6,13,0,0,0,7,7,7,26,19,26,0.5053,0.5053,0.0000,12,1,0,0,recheck,0,still,0
726,76,3,1,285,20,2,6,0,23,0,1,7,16,0,0,1,3,3,3,26,24,27,0.5655,0.4167,0.0000,13,1,0,0,recheck,0,still,0
726,177,1,1,373,22,0,1,1,28,0,0,26,2,0,3,0,0,0,0,28,25,25,0.3707,0.0000,0.0000,11,0,0,0,recheck,0,end_clear,1
727,26,3,1,354,20,1,2,0,27,0,0,27,0,0,0,0,0,0,0,27,27,27,0.5534,0.0000,0.0000,14,0,0,0,period_end,0,end_period,1
727,86,1,1,273,22,0,3,0,25,0,1,24,1,0,0,0,0,0,1,25,25,26,0.5029,0.1437,0.0000,8,0,1,0,recheck,0,end_clear,1
728,5,2,1,96,17,0,1,0,21,0,1,10,11,0,0,0,4,4,4,25,21,25,0.4026,0.3097,0.0000,9,1,0,0,recheck,0,still,0
728,12,2,1,116,20,0,1,0,22,0,1,8,14,0,0,2,1,1,1,23,24,25,0.4889,0.4889,0.0000,10,1,0,0,recheck,0,still,0
728,128,1,1,311,21,0,2,1,20,0,1,11,9,0,2,0,8,8,7,28,18,25,0.3486,0.2413,0.0000,9,1,0,0,recheck,0,still,0
728,135,1,1,279,23,0,1,1,31,1,1,28,3,0,3,0,0,0,0,31,28,28,0.3985,0.0000,0.0000,11,0,0,0,recheck,0,end_clear,1
729,125,1,1,260,19,1,2,0,17,0,1,7,10,0,0,1,4,4,5,21,18,23,0.5357,0.3571,0.0000,9,1,0,0,recheck,0,still,0
730,14,1,1,270,21,0,1,0,21,0,1,8,13,0,0,2,1,1,1,22,23,24,0.5541,0.4063,0.0000,11,1,0,0,recheck,0,still,0
730,23,2,1,162,21,1,2,0,25,0,1,22,3,0,0,1,1,1,1,26,26,27,0.5162,0.1291,0.0000,11,1,0,0,recheck,0,still,0
732,79,1,1,281,19,0,2,0,15,0,1,3,12,0,0,1,6,6,6,21,16,22,0.5591,0.5242,0.0000,9,1,0,0,recheck,0,still,0
732,169,1,1,206,20,5,6,0,20,0,1,7,13,0,0,1,1,1,1,21,21,22,0.7049,0.4934,0.0000,13,1,0,1,recheck,0,still,0
733,10,1,1,246,20,1,2,0,25,0,1,12,13,0,1,0,0,0,0,25,24,24,0.5233,0.4906,0.0000,11,1,0,0,recheck,0,still,0
733,47,2,1,283,20,0,2,0,21,0,1,7,14,0,0,2,1,1,1,22,23,24,0.6815,0.4544,0.0000,13,1,0,0,recheck,0,still,0
733,49,2,1,314,17,1,2,0,18,0,1,7,11,0,0,0,5,5,5,23,18,23,0.6591,0.4614,0.0000,11,1,0,0,recheck,0,still,0
734,130,1,1,242,18,1,6,0,17,0,1,6,11,0,0,0,4,4,4,21,17,21,0.6460,0.4307,0.0000,11,1,0,0,recheck,0,still,0
735,131,1,1,282,20,0,2,1,28,0,1,22,6,0,3,0,2,2,1,30,25,26,0.3469,0.0534,0.0000,9,1,0,0,recheck,0,still,0
735,168,1,1,98,21,0,1,1,25,0,1,17,8,0,2,0,4,4,2,29,23,25,0.3473,0.1603,0.0000,9,1,0,0,recheck,0,still,0
735,176,1,1,295,22,0,1,0,31,1,0,28,3,0,4,0,0,0,0,31,27,27,0.4381,0.0243,0.0000,14,0,1,0,recheck,0,end_clear,1
736,85,1,1,406,21,0,2,0,21,0,1,17,4,0,0,0,1,1,2,22,21,23,0.5729,0.2148,0.0000,10,1,0,0,recheck,0,still,0
737,116,2,1,104,17,0,1,0,22,0,1,11,11,0,0,0,4,4,3,26,22,25,0.3770,0.2693,0.0000,9,1,0,0,recheck,0,still,0
737,163,1,0,-1,18,0,1,0,21,0,1,6,15,0,5,0,6,6,6,27,16,22,0.3792,0.2979,0.0000,8,1,0,0,,0,start_holder,0
737,200,1,1,277,18,0,1,0,19,0,1,6,13,0,2,0,4,4,5,23,17,22,0.6307,0.4315,0.0000,11,1,0,0,recheck,0,still,0
738,57,1,1,315,22,1,2,0,20,0,1,14,6,0,0,0,3,3,3,23,20,23,0.5582,0.2791,0.0000,11,1,0,0,period_end,0,still,0
738,159,1,1,67,14,1,2,0,15,0,1,10,5,0,0,0,2,2,2,17,15,17,0.2620,0.1455,0.0000,6,1,0,0,recheck,0,still,0
739,118,3,1,180,20,0,1,0,27,0,1,12,15,0,0,0,0,0,0,27,27,27,0.3999,0.2999,0.0000,11,1,0,0,recheck,0,still,0
740,4,2,1,106,15,0,1,0,17,0,1,7,10,0,0,0,5,5,5,22,17,22,0.3721,0.2791,0.0000,8,1,0,0,recheck,0,still,0
740,21,2,1,367,22,1,3,0,17,0,1,9,8,0,0,0,7,7,7,24,17,24,0.5387,0.4119,0.0000,12,1,0,0,recheck,0,still,0
740,72,2,1,64,20,0,1,0,18,0,1,9,9,0,0,0,5,5,5,23,18,23,0.3804,0.0951,0.0000,8,1,0,0,recheck,0,still,0
740,158,1,0,-1,19,0,1,0,18,0,1,8,10,0,1,0,5,5,5,23,17,22,0.3170,0.0576,0.0000,7,0,1,0,,0,hop,1
741,11,1,1,270,18,0,1,0,23,0,1,10,13,0,0,0,0,0,0,23,23,23,0.5172,0.5172,0.0000,9,1,0,0,recheck,0,still,0
742,49,2,1,323,17,1,2,0,19,0,1,6,13,0,0,0,5,5,5,24,19,24,0.6564,0.4594,0.0000,11,1,0,0,period_end,0,still,0
742,117,3,1,205,18,0,1,0,27,0,1,12,15,0,0,0,1,1,1,28,27,28,0.3162,0.2432,0.0000,9,1,0,0,recheck,0,still,0
742,127,1,1,253,20,0,2,1,20,0,1,7,13,0,3,0,7,7,7,27,17,24,0.3774,0.3505,0.0000,10,1,0,0,recheck,0,still,0
743,3,2,0,-1,15,0,1,0,12,0,1,4,8,0,0,0,6,6,6,18,12,18,0.3721,0.3101,0.0000,7,1,0,0,,0,start_holder,0
743,6,2,1,111,17,0,2,0,25,0,1,12,13,0,0,0,1,1,1,26,25,26,0.3630,0.2723,0.0000,8,1,0,0,recheck,0,still,0
743,171,1,1,327,20,1,2,0,27,0,1,21,6,0,3,0,2,2,1,29,24,25,0.3941,0.0985,0.0000,12,1,0,0,recheck,0,still,0
744,17,3,1,295,20,1,2,0,17,0,1,5,12,0,0,1,6,6,6,23,18,24,0.5355,0.5057,0.0000,12,1,0,0,recheck,0,still,0
744,146,2,1,132,14,0,2,0,16,0,1,7,9,0,1,0,6,6,6,22,15,21,0.3499,0.2999,0.0000,9,1,0,0,recheck,0,still,0
744,195,1,1,149,17,1,2,0,18,0,1,7,11,0,3,0,6,6,6,24,15,21,0.3979,0.3714,0.0000,11,1,0,0,recheck,0,still,0
746,67,2,0,-1,15,4,5,0,19,0,0,19,0,0,1,1,0,0,0,19,19,19,0.6554,0.0000,0.0000,11,0,0,0,,0,hop,1
746,77,3,0,-1,19,0,2,0,20,0,1,6,14,0,0,0,6,6,6,26,20,26,0.5505,0.4635,0.0000,12,1,0,0,,0,start_holder,0
746,145,1,1,258,15,1,2,0,14,0,1,4,10,0,1,0,6,6,6,20,13,19,0.3917,0.3357,0.0000,8,1,0,0,recheck,0,still,0
746,167,1,1,292,20,1,2,0,20,0,1,10,10,0,3,0,7,7,7,27,17,24,0.3573,0.2552,0.0000,10,1,0,0,recheck,0,still,0
747,15,1,1,290,17,0,2,0,19,0,1,5,14,0,1,0,4,4,4,23,18,22,0.6084,0.5010,0.0000,10,1,0,0,recheck,0,still,0
747,165,1,1,374,20,1,2,0,20,0,1,7,13,0,3,0,7,7,7,27,17,24,0.3483,0.3234,0.0000,11,1,0,0,recheck,0,still,0
747,179,1,0,-1,1,1,6,0,2,0,0,2,0,0,0,0,0,0,0,2,2,2,0.0666,0.0000,0.0000,1,0,0,0,,0,pending,0
748,40,1,1,101,16,1,2,0,18,0,1,9,9,0,0,0,2,2,3,20,18,21,0.4329,0.3247,0.0000,8,1,0,0,recheck,0,still,0
748,87,1,1,313,23,1,2,0,26,0,0,26,0,0,0,1,0,0,0,26,27,27,0.6321,0.0000,0.0000,12,0,0,0,recheck,0,end_clear,1
748,179,1,0,-1,1,1,6,0,2,0,0,2,0,0,0,0,0,0,0,2,2,2,0.0666,0.0000,0.0000,1,0,0,0,,0,hop,1
749,44,1,0,-1,19,0,2,0,24,0,1,9,15,0,0,0,0,0,0,24,24,24,0.5077,0.5077,0.0000,10,1,0,0,,0,start_holder,0
749,56,1,1,297,23,0,1,0,19,0,1,13,6,0,0,0,5,5,5,24,19,24,0.5168,0.3101,0.0000,11,1,0,0,recheck,0,still,0
749,84,1,1,265,22,0,2,0,20,0,1,16,4,0,0,0,2,2,3,22,20,23,0.5323,0.2129,0.0000,10,1,0,0,recheck,0,still,0
749,95,1,0,-1,18,0,2,1,16,0,1,7,9,0,1,0,6,6,6,22,15,21,0.4304,0.2152,0.0000,7,1,0,0,,0,start_holder,0
750,57,1,1,327,22,1,2,0,20,0,1,15,5,0,0,0,3,3,3,23,20,23,0.5582,0.2442,0.0000,11,1,0,0,recheck,0,still,0
750,115,2,1,276,15,0,1,0,18,0,1,8,10,0,0,0,6,6,5,24,18,23,0.3501,0.2963,0.0000,9,1,0,0,recheck,0,still,0
751,7,2,1,116,18,0,1,0,25,0,1,11,14,0,0,0,0,0,0,25,25,25,0.3893,0.3244,0.0000,8,1,0,0,recheck,0,still,0
752,25,2,1,437,21,1,3,0,28,0,1,28,0,0,0,0,0,0,0,28,28,28,0.5356,0.0000,0.0000,11,0,0,0,recheck,0,end_clear,1
752,58,1,1,118,19,2,3,0,25,0,1,25,0,0,0,0,0,0,1,25,25,26,0.6078,0.0715,0.0000,10,0,1,0,recheck,0,end_clear,1
752,100,1,1,83,19,0,1,0,17,0,1,6,11,0,0,0,4,4,4,21,17,21,0.3940,0.1791,0.0000,7,1,0,0,recheck,0,still,0
752,157,2,1,114,18,0,2,0,18,0,1,7,11,0,1,0,6,6,6,24,17,23,0.3239,0.1889,0.0000,7,1,0,0,recheck,0,still,0
752,172,1,1,115,21,0,1,1,31,1,0,29,2,0,4,0,0,0,0,31,27,27,0.3457,0.0000,0.0000,9,0,0,0,recheck,0,end_clear,1
752,189,1,1,168,15,0,2,0,17,0,1,5,12,0,3,0,6,6,6,23,14,20,0.4645,0.3871,0.0000,12,1,0,0,recheck,0,still,0
753,83,1,1,421,21,0,1,0,20,0,1,17,3,0,0,0,3,3,4,23,20,24,0.5316,0.1772,0.0000,10,1,0,0,recheck,0,still,0
753,123,2,1,85,17,0,2,0,19,0,1,8,11,0,0,0,2,2,2,21,19,21,0.3272,0.1091,0.0000,9,1,0,0,recheck,0,still,0
753,132,1,0,-1,19,1,2,0,22,0,0,22,0,0,0,1,0,0,0,22,23,23,0.6084,0.0000,0.0000,11,0,0,0,,0,pending,0
754,9,1,1,104,21,0,1,0,26,0,1,11,15,0,0,0,0,0,0,26,26,26,0.4970,0.4970,0.0000,10,1,0,0,recheck,0,still,0
754,54,2,1,232,21,2,3,0,18,0,1,12,6,0,0,0,6,6,6,24,18,24,0.5751,0.3514,0.0000,12,1,0,0,recheck,0,still,0
754,132,1,0,-1,19,1,2,0,22,0,0,22,0,0,0,1,0,0,0,22,23,23,0.6084,0.0000,0.0000,11,0,0,0,,0,hop,1
754,161,2,1,157,20,0,1,0,22,0,1,7,15,0,1,0,5,5,5,27,21,26,0.4284,0.3528,0.0000,10,1,0,0,recheck,0,still,0
755,13,2,1,189,19,1,2,0,21,0,1,6,15,0,0,1,1,1,1,22,22,23,0.5936,0.5277,0.0000,12,1,0,0,recheck,0,still,0
755,170,1,1,392,19,1,4,0,17,0,1,4,13,0,0,1,3,3,3,20,18,21,0.6748,0.5683,0.0000,12,1,0,0,recheck,0,still,0
756,19,3,1,383,21,0,2,0,21,0,1,13,8,0,0,0,6,6,6,27,21,27,0.5052,0.3863,0.0000,12,1,0,0,recheck,0,still,0
756,76,3,1,315,19,0,4,0,21,0,1,6,15,0,0,1,4,4,4,25,22,26,0.5656,0.4763,0.0000,12,1,0,0,recheck,0,still,0
756,154,2,0,-1,19,0,1,0,18,0,1,7,11,0,2,0,6,6,6,24,16,22,0.3445,0.3180,0.0000,9,1,0,0,,0,start_holder,0
757,76,3,1,316,19,0,4,0,21,0,1,6,15,0,0,1,4,4,4,25,22,26,0.5656,0.4763,0.0000,12,1,0,0,period_end,0,still,0
758,5,2,1,126,17,0,1,0,20,0,1,8,12,0,0,0,4,4,4,24,20,24,0.4026,0.3407,0.0000,9,1,0,0,recheck,0,still,0
758,12,2,1,146,19,0,1,0,21,0,1,7,14,0,0,2,1,1,1,22,23,24,0.4561,0.4561,0.0000,9,1,0,0,recheck,0,still,0
758,113,1,0,-1,16,0,2,0,16,0,1,5,11,0,3,0,6,6,6,22,13,19,0.2648,0.2648,0.0000,6,1,0,0,,0,start_holder,0
758,128,1,1,341,21,0,2,1,22,0,1,16,6,0,2,0,5,5,4,27,20,24,0.3217,0.1341,0.0000,8,1,0,0,recheck,0,still,0
759,55,2,1,42,21,0,3,0,20,0,1,16,4,0,0,0,5,5,5,25,20,25,0.4847,0.2262,0.0000,11,1,0,0,recheck,0,still,0
759,66,1,0,-1,17,0,1,0,22,0,0,22,0,0,1,0,0,0,0,22,21,21,0.6790,0.0000,0.0000,11,0,0,0,,0,hop,1
760,14,1,1,300,20,0,1,0,19,0,1,5,14,0,0,2,1,1,1,20,21,22,0.5541,0.4802,0.0000,10,1,0,0,recheck,0,still,0
760,23,2,1,192,21,1,2,0,27,0,1,27,0,0,0,1,0,0,0,27,28,28,0.4882,0.0000,0.0000,10,0,0,0,recheck,0,end_clear,1
761,102,2,0,-1,0,0,1,1,2,0,0,2,0,0,0,0,0,0,0,2,2,2,0.0000,0.0000,0.0000,0,0,0,0,,0,pending,0
762,79,1,1,311,19,0,2,0,16,0,1,6,10,0,0,1,5,5,5,21,17,22,0.5592,0.5243,0.0000,9,1,0,0,recheck,0,still,0
762,102,2,0,-1,0,0,6,1,2,0,0,2,0,0,0,0,0,0,0,2,2,2,0.0000,0.0000,0.0000,0,0,0,0,,0,hop,1
762,153,1,1,46,18,0,2,0,16,0,1,5,11,0,3,1,6,6,6,22,14,20,0.3469,0.3469,0.0000,8,1,0,0,recheck,0,still,0
762,169,1,1,236,19,3,4,0,19,0,1,5,14,0,0,1,1,1,1,20,20,21,0.7052,0.5642,0.0000,12,1,0,1,recheck,0,still,0
762,188,1,1,50,16,1,2,0,18,0,1,5,13,0,4,0,6,6,6,24,14,20,0.3542,0.3542,0.0000,9,1,0,0,recheck,0,still,0
763,1,1,0,-1,19,0,1,0,16,0,1,3,13,0,0,0,6,6,6,22,16,22,0.3603,0.2522,0.0000,6,1,0,0,,0,start_holder,0
763,10,1,1,276,20,1,2,0,25,0,1,10,15,0,1,0,0,0,0,25,24,24,0.5219,0.5219,0.0000,11,1,0,0,recheck,0,still,0
763,14,1,1,303,20,0,1,0,19,0,1,5,14,0,0,2,1,1,1,20,21,22,0.5541,0.4802,0.0000,10,1,0,0,period_end,0,still,0
763,47,2,1,313,20,0,2,0,21,0,1,5,16,0,0,2,1,1,1,22,23,24,0.6492,0.5194,0.0000,12,1,0,0,recheck,0,still,0
763,49,2,1,344,17,1,2,0,20,0,1,6,14,0,0,0,4,4,4,24,20,24,0.6567,0.5582,0.0000,11,1,0,0,recheck,0,still,0
764,71,2,0,-1,12,2,3,0,13,0,0,13,0,0,0,0,0,0,0,13,13,13,0.5041,0.0000,0.0000,10,0,0,0,,0,pending,0
764,130,1,1,272,18,1,2,0,19,0,1,5,14,0,0,0,3,3,3,22,19,22,0.6568,0.5474,0.0000,11,1,0,0,recheck,0,still,0
765,71,2,0,-1,12,2,3,0,13,0,0,13,0,0,0,0,0,0,0,13,13,13,0.5042,0.0000,0.0000,10,0,0,0,,0,hop,1
765,97,3,0,-1,4,3,5,0,4,0,0,4,0,0,0,0,0,0,0,4,4,4,0.1472,0.0000,0.0000,4,0,0,0,,0,hop,1
765,131,1,1,312,19,0,2,1,31,1,0,28,3,0,4,0,0,0,0,31,27,27,0.3469,0.0000,0.0000,9,0,0,0,recheck,0,end_clear,1
765,168,1,1,128,21,0,1,1,27,0,1,23,4,0,3,0,1,1,0,28,24,24,0.3473,0.0534,0.0000,9,1,0,0,recheck,0,still,0
766,85,1,1,436,21,0,2,0,24,0,1,24,0,0,0,1,0,0,0,24,25,25,0.6071,0.0000,0.0000,11,0,0,0,recheck,0,end_clear,1
766,143,1,0,-1,20,0,1,1,26,0,0,26,0,0,2,0,0,0,0,26,24,24,0.5379,0.0000,0.0000,13,0,0,0,,0,pending,0
767,116,2,1,134,17,0,1,0,22,0,1,10,12,0,0,0,4,4,3,26,22,25,0.3770,0.2962,0.0000,9,1,0,0,recheck,0,still,0
767,143,1,0,-1,20,0,1,1,26,0,0,26,0,0,2,0,0,0,0,26,24,24,0.5381,0.0000,0.0000,13,0,0,0,,0,hop,1
767,200,1,1,307,16,0,1,0,19,0,1,5,14,0,2,0,4,4,5,23,17,22,0.5670,0.4669,0.0000,10,1,0,0,recheck,0,still,0
768,159,1,1,97,14,1,2,0,16,0,1,5,11,0,0,0,1,1,1,17,16,17,0.2620,0.2037,0.0000,6,1,0,0,recheck,0,still,0
769,2,1,0,-1,16,0,1,0,14,0,1,2,12,0,1,0,7,7,7,21,13,20,0.3741,0.3741,0.0000,6,1,0,0,,0,start_holder,0
769,118,3,1,210,20,0,1,0,27,0,1,10,17,0,0,0,0,0,0,27,27,27,0.3999,0.2999,0.0000,11,1,0,0,recheck,0,still,0
770,4,2,1,136,15,0,1,0,17,0,1,6,11,0,0,0,5,5,5,22,17,22,0.3721,0.3101,0.0000,8,1,0,0,recheck,0,still,0
770,21,2,1,397,21,0,2,0,22,0,1,17,5,0,0,0,3,3,3,25,22,25,0.5388,0.1902,0.0000,12,1,0,0,recheck,0,still,0
770,72,2,1,94,20,0,1,0,18,0,1,3,15,0,0,0,5,5,5,23,18,23,0.3751,0.2501,0.0000,8,1,0,0,recheck,0,still,0
770,114,1,1,52,13,1,2,0,13,0,1,3,10,0,1,0,6,6,6,19,12,18,0.3517,0.2931,0.0000,7,1,0,0,recheck,0,still,0
770,163,1,1,33,18,0,1,0,22,0,1,9,13,0,5,0,5,5,5,27,17,22,0.3792,0.2979,0.0000,8,1,0,0,recheck,0,still,0
771,11,1,1,300,18,0,1,0,23,0,1,9,14,0,0,0,0,0,0,23,23,23,0.5172,0.5172,0.0000,9,1,0,0,recheck,0,still,0
772,117,3,1,235,18,0,1,0,27,0,1,11,16,0,0,0,1,1,1,28,27,28,0.3655,0.3167,0.0000,10,1,0,0,recheck,0,still,0
772,127,1,1,283,20,0,2,1,22,0,1,13,9,0,3,0,3,3,3,25,19,22,0.3235,0.2157,0.0000,9,1,0,0,recheck,0,still,0
772,167,1,1,318,20,1,2,0,24,0,1,17,7,0,3,0,3,3,3,27,21,24,0.3617,0.1033,0.0000,10,1,0,0,period_end,0,still,0
773,6,2,1,141,17,0,2,0,25,0,1,11,14,0,0,0,1,1,1,26,25,26,0.3630,0.3025,0.0000,8,1,0,0,recheck,0,still,0
773,133,2,0,-1,14,5,7,0,19,0,0,19,0,0,1,0,0,0,0,19,18,18,0.6781,0.0000,0.0000,12,0,0,0,,0,pending,0
773,171,1,1,357,20,1,2,0,31,1,0,29,2,0,4,0,0,0,0,31,27,27,0.3918,0.0245,0.0000,12,0,1,0,recheck,0,end_clear,1
774,17,3,1,325,19,1,2,0,19,0,1,11,8,0,0,1,4,4,4,23,20,24,0.5042,0.3855,0.0000,11,1,0,0,recheck,0,still,0
774,133,2,0,-1,14,5,7,0,19,0,0,19,0,0,1,0,0,0,0,19,18,18,0.6782,0.0000,0.0000,12,0,0,0,,0,hop,1
774,146,2,1,162,14,0,2,0,16,0,1,6,10,0,1,0,6,6,6,22,15,21,0.3500,0.3000,0.0000,9,1,0,0,recheck,0,still,0
774,195,1,1,179,17,1,2,0,17,0,1,3,14,0,3,0,7,7,7,24,14,21,0.3981,0.3981,0.0000,11,1,0,0,recheck,0,still,0
776,145,1,1,288,15,1,2,0,13,0,1,2,11,0,1,0,7,7,7,20,12,19,0.3918,0.3358,0.0000,8,1,0,0,recheck,0,still,0
776,167,1,1,322,20,1,2,0,23,0,1,17,6,0,3,0,3,3,3,26,20,23,0.3619,0.1034,0.0000,10,1,0,0,recheck,0,still,0
777,15,1,1,320,17,0,2,0,18,0,1,5,13,0,1,0,4,4,4,22,17,21,0.6083,0.5009,0.0000,10,1,0,0,recheck,0,still,0
777,152,1,0,-1,6,0,1,0,8,0,0,8,0,0,2,0,0,0,0,8,6,6,0.2802,0.0000,0.0000,6,0,0,0,,0,hop,1
777,165,1,1,404,20,1,2,0,22,0,1,13,9,0,3,0,3,3,3,25,19,22,0.3483,0.2488,0.0000,11,1,0,0,recheck,0,still,0
778,15,1,1,321,17,0,2,0,18,0,1,5,13,0,1,0,4,4,4,22,17,21,0.6082,0.5009,0.0000,10,1,0,0,period_end,0,still,0
778,40,1,1,131,16,1,2,0,18,0,1,8,10,0,0,0,2,2,3,20,18,21,0.4329,0.3608,0.0000,8,1,0,0,recheck,0,still,0
779,51,1,1,56,18,0,3,0,18,0,1,8,10,0,2,1,4,4,5,22,17,22,0.5957,0.4906,0.0000,10,1,0,0,recheck,0,still,0
779,56,1,1,327,23,0,2,0,22,0,1,19,3,0,0,0,1,1,1,23,22,23,0.5168,0.1034,0.0000,11,1,0,0,recheck,0,still,0
779,84,1,1,295,22,0,2,0,22,0,1,22,0,0,0,0,0,0,1,22,22,23,0.5368,0.0000,0.0000,10,0,0,0,recheck,0,end_clear,1
779,92,1,0,-1,19,0,1,0,20,0,0,20,0,0,0,2,0,0,0,20,22,22,0.6210,0.0000,0.0000,10,0,0,0,,0,hop,1
780,29,2,0,-1,19,0,1,0,25,0,0,25,0,0,1,0,0,0,0,25,24,24,0.5704,0.0000,0.0000,13,0,0,0,,0,pending,0
780,34,1,0,-1,6,0,4,1,8,0,0,8,0,0,1,0,0,0,0,8,7,7,0.2599,0.0000,0.0000,6,0,0,0,,0,hop,1
780,57,1,1,357,22,0,1,0,22,0,1,22,0,0,0,0,1,1,1,23,22,23,0.5600,0.0000,0.0000,11,0,0,0,recheck,0,end_clear,1
780,75,1,0,-1,5,0,1,0,5,0,0,5,0,0,0,0,0,0,0,5,5,5,0.2186,0.0000,0.0000,4,0,0,0,,0,pending,0
780,115,2,1,306,15,0,1,0,18,0,1,8,10,0,0,0,6,6,5,24,18,23,0.3503,0.2964,0.0000,9,1,0,0,period_end,0,still,0
781,7,2,1,146,18,0,1,0,25,0,1,11,14,0,0,0,0,0,0,25,25,25,0.4217,0.3568,0.0000,9,1,0,0,recheck,0,still,0
781,29,2,0,-1,19,0,1,0,25,0,0,25,0,0,1,0,0,0,0,25,24,24,0.5703,0.0000,0.0000,13,0,0,0,,0,hop,1
781,75,1,0,-1,5,0,1,0,5,0,0,5,0,0,0,0,0,0,0,5,5,5,0.2189,0.0000,0.0000,4,0,0,0,,0,hop,1
781,110,1,0,-1,13,1,5,0,13,0,0,13,0,0,0,1,0,0,0,13,14,14,0.5842,0.0000,0.0000,10,0,0,0,,0,pending,0
782,17,3,1,333,19,1,2,0,19,0,1,13,6,0,0,1,4,4,4,23,20,24,0.5039,0.3261,0.0000,11,1,0,0,period_end,0,still,0
782,100,1,1,113,19,0,1,0,16,0,1,2,14,0,0,0,5,5,5,21,16,21,0.3941,0.2508,0.0000,7,1,0,0,recheck,0,still,0
782,110,1,0,-1,13,1,5,0,13,0,0,13,0,0,0,1,0,0,0,13,14,14,0.5842,0.0000,0.0000,10,0,0,0,,0,hop,1
782,157,2,1,144,18,0,2,0,17,0,1,3,14,0,1,0,7,7,7,24,16,23,0.3238,0.2698,0.0000,7,1,0,0,recheck,0,still,0
782,189,1,1,198,15,0,2,0,16,0,1,3,13,0,3,0,7,7,7,23,13,20,0.4645,0.4129,0.0000,12,1,0,0,recheck,0,still,0
783,83,1,1,451,21,0,1,0,22,0,1,22,0,0,0,0,0,0,1,22,22,23,0.5304,0.0000,0.0000,10,0,0,0,recheck,0,end_clear,1
783,123,2,1,115,16,0,2,0,18,0,1,4,14,0,0,0,3,3,3,21,18,21,0.3272,0.1636,0.0000,9,1,0,0,recheck,0,still,0
784,9,1,1,134,21,0,1,0,26,0,1,11,15,0,0,0,0,0,0,26,26,26,0.4958,0.4958,0.0000,10,1,0,0,recheck,0,still,0
784,54,2,1,262,21,1,2,0,20,0,1,18,2,0,0,0,3,3,3,23,20,23,0.5752,0.1598,0.0000,12,1,0,0,recheck,0,still,0
784,161,2,1,187,20,0,1,0,22,0,1,12,10,0,1,0,5,5,5,27,21,26,0.4284,0.3528,0.0000,10,1,0,0,recheck,0,still,0
785,13,2,1,219,19,1,2,0,20,0,1,6,14,0,0,1,2,2,2,22,21,23,0.5936,0.5277,0.0000,12,1,0,0,recheck,0,still,0
785,170,1,1,422,19,1,4,0,16,0,1,4,12,0,0,1,4,4,4,20,17,21,0.6768,0.5700,0.0000,12,1,0,0,recheck,0,still,0
786,19,3,1,413,19,0,2,0,23,0,1,19,4,0,0,0,2,2,2,25,23,25,0.5046,0.2078,0.0000,12,1,0,0,recheck,0,still,0
786,76,3,1,345,19,0,4,0,21,0,1,7,14,0,0,1,3,3,3,24,22,25,0.5656,0.4763,0.0000,12,1,0,0,recheck,0,still,0
786,91,1,0,-1,20,2,3,0,23,0,0,23,0,0,0,0,0,0,0,23,23,23,0.5641,0.0000,0.0000,10,0,0,0,,0,hop,1
786,155,1,0,-1,1,0,1,1,0,0,0,0,0,0,0,0,0,0,0,0,0,0,0.0000,0.0000,0.0000,0,0,0,0,,0,hop,1
787,50,1,0,-1,18,1,3,0,21,0,1,11,10,0,1,0,1,1,2,22,20,22,0.6143,0.5421,0.0000,10,1,0,0,,0,start_holder,0
787,95,1,1,38,18,0,2,1,13,0,1,2,11,0,0,1,7,7,7,20,14,21,0.3588,0.2870,0.0000,6,1,0,0,recheck,0,still,0
788,5,2,1,156,17,0,1,0,20,0,1,8,12,0,0,0,4,4,4,24,20,24,0.4026,0.3407,0.0000,9,1,0,0,recheck,0,still,0
788,12,2,1,176,19,0,1,0,22,0,1,7,15,0,0,1,1,1,1,23,23,24,0.4560,0.4560,0.0000,9,1,0,0,recheck,0,still,0
788,128,1,1,371,21,0,1,1,25,0,1,22,3,0,3,0,1,1,1,26,22,23,0.3482,0.0268,0.0000,9,0,1,0,recheck,0,end_clear,1
789,55,2,1,72,20,1,2,0,23,0,1,22,1,0,0,0,1,1,1,24,23,24,0.4850,0.0323,0.0000,11,0,1,0,recheck,0,end_clear,1
790,14,1,1,330,20,0,1,0,18,0,1,4,14,0,0,2,2,2,2,20,20,22,0.5541,0.5171,0.0000,10,1,0,0,recheck,0,still,0
790,47,2,1,340,20,0,2,0,21,0,1,5,16,0,0,1,2,2,2,23,22,24,0.6817,0.5843,0.0000,13,1,0,0,period_end,0,still,0
792,3,2,1,49,15,0,1,0,13,0,1,3,10,0,0,0,6,6,6,19,13,19,0.3720,0.3100,0.0000,7,1,0,0,recheck,0,still,0
792,79,1,1,341,18,0,2,0,19,0,1,12,7,0,0,1,1,1,1,20,20,21,0.5592,0.3845,0.0000,9,1,0,0,recheck,0,still,0
792,153,1,1,76,18,0,2,0,16,0,1,3,13,0,3,1,6,6,6,22,14,20,0.3469,0.3469,0.0000,8,1,0,0,recheck,0,still,0
792,169,1,1,266,19,3,4,0,18,0,1,4,14,0,0,1,2,2,2,20,19,21,0.6705,0.5646,0.0000,11,1,0,0,recheck,0,still,0
792,188,1,1,80,16,1,2,0,16,0,1,3,13,0,3,0,7,7,6,23,13,19,0.3541,0.3541,0.0000,9,1,0,0,recheck,0,still,0
793,10,1,1,306,20,1,2,0,25,0,1,9,16,0,1,0,0,0,0,25,24,24,0.5207,0.5207,0.0000,11,1,0,0,recheck,0,still,0
793,47,2,1,343,20,0,2,0,21,0,1,5,16,0,0,1,2,2,2,23,22,24,0.6817,0.5843,0.0000,13,1,0,0,recheck,0,still,0
793,49,2,1,374,17,1,2,0,21,0,1,10,11,0,0,0,1,1,1,22,21,22,0.5921,0.5263,0.0000,10,1,0,0,recheck,0,still,0
794,65,1,0,-1,18,0,2,0,24,0,0,24,0,0,1,0,0,0,0,24,23,23,0.6191,0.0000,0.0000,11,0,0,0,,0,pending,0
794,130,1,1,302,18,1,2,0,17,0,1,6,11,0,0,2,2,2,2,19,19,21,0.5840,0.5110,0.0000,9,1,0,0,recheck,0,still,0
795,65,1,0,-1,18,0,2,0,24,0,0,24,0,0,1,0,0,0,0,24,23,23,0.6191,0.0000,0.0000,11,0,0,0,,0,hop,1
795,168,1,1,158,21,0,1,1,29,0,0,28,1,0,5,0,0,0,0,29,24,24,0.3473,0.0000,0.0000,9,0,0,0,recheck,0,end_clear,1
795,174,1,0,-1,16,0,1,0,23,0,0,23,0,0,2,1,0,0,0,23,22,22,0.6852,0.0000,0.0000,12,0,0,0,,0,hop,1
797,116,2,1,164,17,0,1,0,21,0,1,9,12,0,0,0,4,4,3,25,21,24,0.4308,0.3500,0.0000,10,1,0,0,recheck,0,still,0
797,200,1,1,337,16,0,1,0,19,0,1,6,13,0,2,0,2,2,2,21,17,19,0.5801,0.5118,0.0000,10,1,0,0,recheck,0,still,0
798,159,1,1,127,14,1,2,0,11,0,1,4,7,0,0,0,6,6,6,17,11,17,0.2620,0.2037,0.0000,6,1,0,0,recheck,0,still,0
799,118,3,1,240,20,0,1,0,27,0,1,9,18,0,0,0,0,0,0,27,27,27,0.3999,0.2999,0.0000,11,1,0,0,recheck,0,still,0
799,166,2,0,-1,20,0,1,1,27,0,1,24,3,0,2,0,0,0,0,27,25,25,0.3237,0.0000,0.0000,9,0,0,0,,0,pending,0
800,2,1,1,31,16,0,1,0,13,0,1,2,11,0,0,0,8,8,7,21,13,20,0.3742,0.3742,0.0000,6,1,0,0,recheck,0,still,0
800,4,2,1,166,15,0,1,0,17,0,1,6,11,0,0,0,5,5,5,22,17,22,0.3721,0.3101,0.0000,8,1,0,0,recheck,0,still,0
800,21,2,1,427,20,0,2,0,24,0,1,23,1,0,0,0,0,0,0,24,24,24,0.5438,0.0320,0.0000,12,0,1,0,recheck,0,end_clear,1
800,72,2,1,124,20,0,1,0,13,0,1,3,10,0,0,0,10,10,10,23,13,23,0.3671,0.2447,0.0000,8,1,0,0,recheck,0,still,0
800,79,1,1,349,18,0,2,0,19,0,1,13,6,0,0,1,0,0,0,19,20,20,0.5595,0.3847,0.0000,9,1,0,0,period_end,0,still,0
800,114,1,1,82,13,1,2,0,12,0,1,3,9,0,0,0,7,7,6,19,12,18,0.3517,0.2931,0.0000,7,1,0,0,recheck,0,still,0
800,163,1,1,63,16,0,1,0,25,0,1,14,11,0,5,0,0,0,0,25,20,20,0.3250,0.2438,0.0000,7,1,0,0,recheck,0,still,0
800,166,2,0,-1,20,0,1,1,27,0,1,25,2,0,2,0,0,0,0,27,25,25,0.3237,0.0000,0.0000,9,0,0,0,,0,hop,1
801,11,1,1,330,19,0,1,0,23,0,1,8,15,0,0,1,0,0,0,23,24,24,0.5172,0.5172,0.0000,9,1,0,0,recheck,0,still,0
802,117,3,1,265,18,0,1,0,27,0,1,11,16,0,0,0,1,1,1,28,27,28,0.3658,0.3171,0.0000,10,1,0,0,recheck,0,still,0
802,127,1,1,313,19,0,2,1,25,0,1,21,4,0,3,0,0,0,0,25,22,22,0.4044,0.0809,0.0000,10,1,0,0,recheck,0,still,0
802,130,1,1,310,18,1,2,0,17,0,1,7,10,0,0,2,2,2,2,19,19,21,0.5840,0.5110,0.0000,9,1,0,0,period_end,0,still,0
803,1,1,1,40,18,0,1,0,12,0,1,2,10,0,0,0,10,10,10,22,12,22,0.3616,0.2893,0.0000,6,1,0,0,recheck,0,still,0
803,6,2,1,171,17,0,2,0,25,0,1,11,14,0,0,0,1,1,1,26,25,26,0.3630,0.3025,0.0000,8,1,0,0,recheck,0,still,0
803,77,3,1,57,17,0,2,0,23,0,1,13,10,0,1,0,1,1,1,24,22,23,0.5780,0.4046,0.0000,12,1,0,0,recheck,0,still,0
804,17,3,1,355,18,1,2,0,22,0,1,18,4,0,0,1,0,0,0,22,23,23,0.5041,0.1779,0.0000,11,1,0,0,recheck,0,still,0
804,44,1,1,55,21,0,2,0,23,0,1,8,15,0,0,3,0,0,0,23,26,26,0.4748,0.4748,0.0000,8,1,0,0,recheck,0,still,0
804,113,1,1,46,16,0,2,0,13,0,1,3,10,0,1,0,9,9,7,22,12,19,0.2648,0.2648,0.0000,6,1,0,0,recheck,0,still,0
804,146,2,1,192,14,0,2,0,15,0,1,6,9,0,0,0,7,7,6,22,15,21,0.3500,0.3000,0.0000,9,1,0,0,recheck,0,still,0
804,195,1,1,209,17,1,2,0,15,0,1,4,11,0,3,0,10,10,9,25,12,21,0.3980,0.3980,0.0000,11,1,0,0,recheck,0,still,0
806,73,2,0,-1,10,0,3,0,10,0,0,10,0,0,0,0,0,0,0,10,10,10,0.4168,0.0000,0.0000,9,0,0,0,,0,pending,0
806,145,1,1,318,15,1,2,0,11,0,1,2,9,0,0,0,9,9,8,20,11,19,0.3920,0.3360,0.0000,8,1,0,0,recheck,0,still,0
806,199,1,0,-1,19,1,2,0,14,0,1,3,11,0,1,0,10,10,10,24,13,23,0.3198,0.2399,0.0000,8,1,0,0,,0,start_holder,0
807,15,1,1,350,17,0,2,0,19,0,1,7,12,0,1,0,2,2,2,21,18,20,0.6081,0.5366,0.0000,10,1,0,0,recheck,0,still,0
807,73,2,0,-1,10,0,3,0,10,0,0,10,0,0,0,0,0,0,0,10,10,10,0.4168,0.0000,0.0000,9,0,0,0,,0,hop,1
807,108,1,0,-1,18,0,2,0,20,0,0,20,0,0,0,2,0,0,0,20,22,22,0.6635,0.0000,0.0000,11,0,0,0,,0,pending,0
807,165,1,1,434,19,1,2,0,25,0,1,21,4,0,3,0,0,0,0,25,22,22,0.3484,0.0995,0.0000,10,1,0,0,recheck,0,still,0
808,40,1,1,161,16,1,2,0,17,0,1,8,9,0,0,0,3,3,4,20,17,21,0.4329,0.3608,0.0000,8,1,0,0,recheck,0,still,0
808,108,1,0,-1,18,0,2,0,20,0,0,20,0,0,0,2,0,0,0,20,22,22,0.6636,0.0000,0.0000,11,0,0,0,,0,hop,1
809,32,1,0,-1,16,0,1,0,20,0,0,20,0,0,1,0,0,0,0,20,19,19,0.6640,0.0000,0.0000,9,0,0,0,,0,hop,1
809,51,1,1,86,17,0,3,0,20,0,1,12,8,0,2,1,0,0,1,20,19,20,0.5251,0.3851,0.0000,9,1,0,0,recheck,0,still,0
809,56,1,1,357,22,0,1,0,25,0,0,25,0,0,0,0,0,0,0,25,25,25,0.5304,0.0000,0.0000,11,0,0,0,recheck,0,end_clear,1
809,124,1,0,-1,2,1,5,0,2,0,0,2,0,0,0,0,0,0,0,2,2,2,0.0369,0.0000,0.0000,1,0,0,0,,0,pending,0
809,126,2,0,-1,17,0,1,1,23,0,1,18,5,0,2,0,0,0,0,23,21,21,0.3514,0.1255,0.0000,10,1,0,0,,0,start_holder,0
809,127,1,1,320,19,0,2,1,24,0,1,21,3,0,3,0,0,0,0,24,21,21,0.3505,0.0809,0.0000,9,1,0,0,period_end,0,still,0
810,115,2,1,336,15,0,1,0,17,0,1,8,9,0,0,0,7,7,6,24,17,23,0.3502,0.2963,0.0000,9,1,0,0,recheck,0,still,0
810,121,1,0,-1,1,0,1,1,0,0,0,0,0,0,0,0,0,0,0,0,0,0,0.0000,0.0000,0.0000,0,0,0,0,,0,hop,1
810,124,1,0,-1,2,1,5,0,2,0,0,2,0,0,0,0,0,0,0,2,2,2,0.0369,0.0000,0.0000,1,0,0,0,,0,hop,1
810,145,1,1,322,15,1,2,0,11,0,1,2,9,0,0,0,9,9,8,20,11,19,0.3919,0.3360,0.0000,8,1,0,0,period_end,0,still,0
811,7,2,1,176,18,0,1,0,26,0,1,11,15,0,0,0,0,0,0,26,26,26,0.4217,0.3568,0.0000,9,1,0,0,recheck,0,still,0
811,101,3,0,-1,8,2,4,0,9,0,0,9,0,0,0,0,0,0,0,9,9,9,0.2957,0.0000,0.0000,8,0,0,0,,0,pending,0
812,100,1,1,143,19,0,1,0,11,0,1,2,9,0,0,0,10,10,10,21,11,21,0.3934,0.2504,0.0000,7,1,0,0,recheck,0,still,0
812,101,3,0,-1,8,2,4,0,9,0,0,9,0,0,0,0,0,0,0,9,9,9,0.2958,0.0000,0.0000,8,0,0,0,,0,hop,1
812,157,2,1,174,18,0,2,0,13,0,1,3,10,0,1,0,11,11,11,24,12,23,0.3237,0.2698,0.0000,7,1,0,0,recheck,0,still,0
812,189,1,1,228,15,0,2,0,14,0,1,3,11,0,2,0,9,9,8,23,12,20,0.4388,0.3872,0.0000,11,1,0,0,recheck,0,still,0
813,103,1,0,-1,6,0,2,0,7,0,0,7,0,0,0,0,0,0,0,7,7,7,0.2960,0.0000,0.0000,6,0,0,0,,0,hop,1
813,123,2,1,145,16,0,2,0,13,0,1,3,10,0,0,0,8,8,8,21,13,21,0.3272,0.1908,0.0000,9,1,0,0,recheck,0,still,0
814,9,1,1,164,21,0,1,0,27,0,1,10,17,0,1,0,0,0,0,27,26,26,0.4950,0.4950,0.0000,10,1,0,0,recheck,0,still,0
814,54,2,1,292,20,3,4,0,23,0,0,23,0,0,0,0,0,0,0,23,23,23,0.5753,0.0000,0.0000,12,0,0,0,recheck,0,end_clear,0
814,161,2,1,217,17,0,1,0,24,0,1,14,10,0,1,0,1,1,1,25,23,24,0.4284,0.3276,0.0000,10,1,0,0,recheck,0,still,0
815,13,2,1,249,19,1,2,0,20,0,1,5,15,0,0,1,2,2,2,22,21,23,0.6266,0.5936,0.0000,13,1,0,0,recheck,0,still,0
815,154,2,1,59,18,0,1,0,13,0,1,4,9,0,2,0,11,11,11,24,11,22,0.3445,0.3445,0.0000,9,1,0,0,recheck,0,still,0
815,170,1,1,452,19,1,4,0,18,0,1,6,12,0,0,1,2,2,2,20,19,21,0.6785,0.6071,0.0000,12,1,0,0,recheck,0,still,0
815,200,1,1,355,17,0,1,0,19,0,1,8,11,0,1,0,2,2,2,21,18,20,0.6262,0.5566,0.0000,11,1,0,0,period_end,0,still,0
816,19,3,1,443,19,0,2,0,24,0,1,24,0,0,0,0,0,0,0,24,24,24,0.5060,0.0000,0.0000,12,0,0,0,recheck,0,end_clear,1
816,76,3,1,375,19,0,4,0,21,0,1,10,11,0,0,1,3,3,3,24,22,25,0.5954,0.5359,0.0000,13,1,0,0,recheck,0,still,0
817,95,1,1,68,18,0,2,1,10,0,1,2,8,0,0,0,10,10,11,20,10,21,0.3588,0.2870,0.0000,6,1,0,0,recheck,0,still,0
818,5,2,1,186,17,0,1,0,19,0,1,8,11,0,0,0,5,5,5,24,19,24,0.4026,0.3407,0.0000,9,1,0,0,recheck,0,still,0
818,11,1,1,347,19,0,1,0,22,0,1,8,14,0,0,1,0,0,0,22,23,23,0.5541,0.5541,0.0000,10,1,0,0,period_end,0,still,0
818,12,2,1,206,19,0,1,0,22,0,1,7,15,0,0,1,1,1,1,23,23,24,0.4886,0.4886,0.0000,10,1,0,0,recheck,0,still,0
820,14,1,1,360,20,0,1,0,17,0,1,5,12,0,0,2,2,2,2,19,19,21,0.5910,0.5541,0.0000,11,1,0,0,recheck,0,still,0
821,50,1,1,34,18,1,3,0,20,0,1,15,5,0,1,0,1,1,2,21,19,21,0.6162,0.1812,0.0000,10,0,1,0,recheck,0,end_clear,1
822,3,2,1,79,15,0,1,0,11,0,1,3,8,0,0,0,8,8,8,19,11,19,0.3720,0.3100,0.0000,7,1,0,0,recheck,0,still,0
822,79,1,1,371,18,1,2,0,17,0,1,15,2,0,0,1,1,1,1,18,18,19,0.5596,0.1049,0.0000,9,0,1,0,recheck,0,end_clear,1
822,153,1,1,106,18,0,2,0,10,0,1,3,7,0,2,0,13,13,12,23,8,20,0.3758,0.3758,0.0000,9,1,0,0,recheck,0,still,0
822,169,1,1,296,18,3,4,0,18,0,1,8,10,0,0,1,2,2,2,20,19,21,0.6709,0.5297,0.0000,11,1,0,0,recheck,0,still,0
822,188,1,1,110,16,1,2,0,10,0,1,3,7,0,1,0,13,13,10,23,9,19,0.3542,0.3542,0.0000,9,1,0,0,recheck,0,still,0
823,10,1,1,336,20,1,2,0,25,0,1,10,15,0,1,0,0,0,0,25,24,24,0.5523,0.5523,0.0000,12,1,0,0,recheck,0,still,0
823,47,2,1,373,20,0,2,0,21,0,1,9,12,0,0,1,2,2,2,23,22,24,0.6817,0.5518,0.0000,13,1,0,0,recheck,0,still,0
823,49,2,1,404,16,1,2,0,19,0,1,14,5,0,0,0,2,2,2,21,19,21,0.5936,0.2309,0.0000,10,1,0,0,recheck,0,still,0
823,80,1,0,-1,17,1,2,0,18,0,1,18,0,0,0,0,0,0,1,18,18,19,0.5706,0.0000,0.0000,10,0,0,0,,0,pending,0
824,80,1,0,-1,18,1,2,0,18,0,1,18,0,0,0,0,0,0,1,18,18,19,0.5706,0.0000,0.0000,10,0,0,0,,0,hop,1
824,130,1,1,332,18,1,2,0,16,0,1,11,5,0,0,2,3,3,3,19,18,21,0.5835,0.3282,0.0000,9,1,0,0,recheck,0,still,0
827,116,2,1,194,17,0,1,0,20,0,1,9,11,0,0,0,5,5,4,25,20,24,0.4308,0.3500,0.0000,10,1,0,0,recheck,0,still,0
827,200,1,1,367,16,0,1,0,19,0,1,12,7,0,2,0,3,3,3,22,17,20,0.6278,0.3836,0.0000,11,1,0,0,recheck,0,still,0
828,8,2,0,-1,19,0,1,0,26,0,1,9,17,0,0,0,0,0,0,26,26,26,0.4448,0.4448,0.0000,10,1,0,0,,0,start_holder,0
828,107,2,0,-1,20,1,2,0,25,0,0,25,0,0,0,2,0,0,0,25,27,27,0.6567,0.0000,0.0000,13,0,0,0,,0,hop,1
828,159,1,1,157,14,1,2,0,7,0,1,3,4,0,0,0,10,10,10,17,7,17,0.2620,0.2037,0.0000,6,1,0,0,recheck,0,still,0
829,118,3,1,270,20,0,1,0,27,0,1,10,17,0,0,0,0,0,0,27,27,27,0.3999,0.3000,0.0000,11,1,0,0,recheck,0,still,0
830,2,1,1,61,16,0,1,0,9,0,1,1,8,0,0,0,12,12,11,21,9,20,0.3742,0.3742,0.0000,6,1,0,0,recheck,0,still,0
830,4,2,1,196,15,0,1,0,16,0,1,5,11,0,0,0,6,6,6,22,16,22,0.3721,0.3721,0.0000,8,1,0,0,recheck,0,still,0
830,72,2,1,154,20,0,1,0,9,0,1,3,6,0,0,0,14,14,14,23,9,23,0.3627,0.2418,0.0000,8,1,0,0,recheck,0,still,0
830,114,1,1,112,13,1,2,0,11,0,1,2,9,0,0,0,8,8,7,19,11,18,0.3517,0.3517,0.0000,7,1,0,0,recheck,0,still,0
830,163,1,1,93,16,0,1,0,24,0,1,18,6,0,5,0,1,1,1,25,19,20,0.3792,0.0542,0.0000,8,0,1,0,recheck,0,end_clear,1
831,11,1,1,360,19,0,1,0,22,0,1,9,13,0,0,1,0,0,0,22,23,23,0.5541,0.5541,0.0000,10,1,0,0,recheck,0,still,0
832,117,3,1,295,18,0,1,0,27,0,1,10,17,0,0,0,1,1,1,28,27,28,0.3659,0.3171,0.0000,10,1,0,0,recheck,0,still,0
832,127,1,1,343,19,0,2,1,25,0,1,24,1,0,3,0,0,0,0,25,22,22,0.3505,0.0000,0.0000,9,0,0,0,recheck,0,end_clear,1
833,1,1,1,70,18,0,1,0,7,0,1,1,6,0,0,0,15,15,15,22,7,22,0.3616,0.2893,0.0000,6,1,0,0,recheck,0,still,0
833,6,2,1,201,17,0,2,0,25,0,1,10,15,0,0,0,1,1,1,26,25,26,0.3630,0.3630,0.0000,8,1,0,0,recheck,0,still,0
833,62,1,0,-1,20,0,1,0,23,0,0,23,0,0,0,0,0,0,0,23,23,23,0.6093,0.0000,0.0000,12,0,0,0,,0,hop,1
833,77,3,1,87,16,0,2,0,24,0,1,19,5,0,1,0,0,0,0,24,23,23,0.5786,0.1736,0.0000,12,1,0,0,recheck,0,still,0
833,99,2,0,-1,11,1,3,0,11,0,0,11,0,0,0,0,0,0,0,11,11,11,0.5626,0.0000,0.0000,11,0,0,0,,0,pending,0
834,17,3,1,385,18,1,2,0,23,0,1,23,0,0,0,1,0,0,0,23,24,24,0.5357,0.0000,0.0000,12,0,0,0,recheck,0,end_clear,1
834,44,1,1,85,21,0,2,0,23,0,1,9,14,0,0,3,0,0,0,23,26,26,0.4748,0.4748,0.0000,8,1,0,0,recheck,0,still,0
834,99,2,0,-1,11,1,3,0,11,0,0,11,0,0,0,0,0,0,0,11,11,11,0.5626,0.0000,0.0000,11,0,0,0,,0,hop,1
834,113,1,1,76,16,0,2,0,11,0,1,2,9,0,1,0,11,11,9,22,10,19,0.2648,0.2648,0.0000,6,1,0,0,recheck,0,still,0
834,146,2,1,222,12,0,2,0,14,0,1,5,9,0,0,0,8,8,7,22,14,21,0.3502,0.3502,0.0000,9,1,0,0,recheck,0,still,0
834,195,1,1,239,17,1,2,0,11,0,1,3,8,0,3,0,14,14,13,25,8,21,0.3980,0.3980,0.0000,11,1,0,0,recheck,0,still,0
836,86,1,0,-1,21,0,3,0,26,0,0,26,0,0,0,0,0,0,0,26,26,26,0.5013,0.0000,0.0000,8,0,0,0,,0,hop,1
836,145,1,1,348,15,1,2,0,10,0,1,1,9,0,0,0,10,10,9,20,10,19,0.3930,0.3930,0.0000,8,1,0,0,recheck,0,still,0
837,15,1,1,380,17,0,2,0,22,0,1,15,7,0,1,0,0,0,0,22,21,21,0.6454,0.2869,0.0000,11,1,0,0,recheck,0,still,0
837,117,3,1,300,18,0,1,0,27,0,1,10,17,0,0,0,1,1,1,28,27,28,0.3659,0.3171,0.0000,10,1,0,0,period_end,0,still,0
837,165,1,1,464,19,1,2,0,25,0,0,25,0,0,3,0,0,0,0,25,22,22,0.2956,0.0000,0.0000,9,0,0,0,recheck,0,end_clear,1
838,10,1,1,351,20,1,2,0,25,0,1,10,15,0,1,0,0,0,0,25,24,24,0.5518,0.5518,0.0000,12,1,0,0,period_end,0,still,0
838,40,1,1,191,16,1,2,0,17,0,1,7,10,0,0,0,3,3,4,20,17,21,0.4329,0.4329,0.0000,8,1,0,0,recheck,0,still,0
839,51,1,1,116,17,0,3,0,19,0,1,19,0,0,2,1,0,0,0,19,18,18,0.5961,0.0000,0.0000,10,0,0,0,recheck,0,end_clear,1
840,115,2,1,366,15,0,1,0,18,0,1,6,12,0,0,0,5,5,4,23,18,22,0.3497,0.3497,0.0000,9,1,0,0,recheck,0,still,0
841,7,2,1,206,18,0,1,0,26,0,1,10,16,0,0,0,0,0,0,26,26,26,0.4217,0.4217,0.0000,9,1,0,0,recheck,0,still,0
841,35,2,0,-1,17,0,1,0,13,0,1,1,12,0,0,0,8,8,8,21,13,21,0.3906,0.3906,0.0000,7,1,0,0,,0,start_holder,0
842,100,1,1,173,19,0,1,0,11,0,1,1,10,0,0,0,10,10,10,21,11,21,0.3879,0.3174,0.0000,7,1,0,0,recheck,0,still,0
842,157,2,1,204,18,0,2,0,14,0,1,1,13,0,1,0,10,10,10,24,13,23,0.3237,0.3237,0.0000,7,1,0,0,recheck,0,still,0
842,189,1,1,258,15,0,2,0,16,0,1,1,15,0,2,0,7,7,6,23,14,20,0.4642,0.4642,0.0000,12,1,0,0,recheck,0,still,0
843,123,2,1,175,16,0,2,0,12,0,1,2,10,0,0,0,9,9,9,21,12,21,0.3272,0.2454,0.0000,9,1,0,0,recheck,0,still,0
844,9,1,1,194,21,0,1,0,27,0,1,11,16,0,1,0,0,0,0,27,26,26,0.4942,0.4942,0.0000,10,1,0,0,recheck,0,still,0
844,161,2,1,247,16,0,1,0,23,0,1,20,3,0,1,0,0,0,0,23,22,22,0.3781,0.0000,0.0000,9,0,0,0,recheck,0,end_clear,1
845,13,2,1,279,19,1,2,0,22,0,1,12,10,0,0,1,0,0,0,22,23,23,0.5936,0.5276,0.0000,12,1,0,0,recheck,0,still,0
845,154,2,1,89,18,0,1,0,15,0,1,2,13,0,2,0,9,9,9,24,13,22,0.3445,0.3445,0.0000,9,1,0,0,recheck,0,still,0
845,170,1,1,482,18,1,4,0,20,0,1,14,6,0,0,1,0,0,0,20,21,21,0.5004,0.2860,0.0000,9,1,0,0,recheck,0,still,0
846,76,3,1,405,19,0,4,1,24,0,1,17,7,0,0,1,0,0,0,24,25,25,0.5954,0.2680,0.0000,13,1,0,0,recheck,0,still,0
847,95,1,1,98,18,0,2,1,12,0,1,1,11,0,1,0,9,9,10,21,11,21,0.4303,0.3586,0.0000,7,1,0,0,recheck,0,still,0
848,5,2,1,216,17,0,1,0,20,0,1,7,13,0,0,0,4,4,4,24,20,24,0.4026,0.4026,0.0000,9,1,0,0,recheck,0,still,0
848,12,2,1,236,19,0,1,0,23,0,1,12,11,0,0,1,0,0,0,23,24,24,0.4885,0.4885,0.0000,10,1,0,0,recheck,0,still,0
849,199,1,1,43,19,1,2,0,14,0,1,2,12,0,1,0,10,10,10,24,13,23,0.3733,0.2933,0.0000,9,1,0,0,recheck,0,still,0
850,14,1,1,390,20,0,1,0,19,0,1,11,8,0,0,2,0,0,0,19,21,21,0.5910,0.4802,0.0000,11,1,0,0,recheck,0,still,0
852,3,2,1,109,15,0,1,0,13,0,1,2,11,0,0,0,6,6,6,19,13,19,0.3720,0.3720,0.0000,7,1,0,0,recheck,0,still,0
852,153,1,1,136,17,0,2,0,16,0,1,1,15,0,3,0,7,7,7,23,13,20,0.3758,0.3758,0.0000,9,1,0,0,recheck,0,still,0
852,169,1,1,326,18,3,4,0,20,0,1,12,8,0,0,1,0,0,0,20,21,21,0.6709,0.4237,0.0000,11,1,0,0,recheck,0,still,0
852,188,1,1,140,16,1,2,0,15,0,1,1,14,0,2,0,8,8,6,23,13,19,0.3542,0.3542,0.0000,9,1,0,0,recheck,0,still,0
853,10,1,1,366,20,1,2,0,25,0,1,11,14,0,1,0,0,0,0,25,24,24,0.5514,0.5514,0.0000,12,1,0,0,recheck,0,still,0
853,47,2,1,403,20,0,2,0,23,0,1,13,10,0,0,1,0,0,0,23,24,24,0.6817,0.4545,0.0000,13,1,0,0,recheck,0,still,0
853,49,2,1,434,16,1,2,0,20,0,1,18,2,0,0,0,0,0,0,20,20,20,0.5937,0.0989,0.0000,10,0,1,0,recheck,0,end_clear,1
854,130,1,1,362,17,1,3,0,20,0,1,18,2,0,0,1,0,0,0,20,21,21,0.5845,0.1096,0.0000,9,0,1,0,recheck,0,end_clear,1
857,116,2,1,224,17,0,1,0,20,0,1,8,12,0,0,0,5,5,4,25,20,24,0.4307,0.4038,0.0000,10,1,0,0,recheck,0,still,0
857,200,1,1,397,17,0,3,0,22,0,1,19,3,0,1,0,0,0,0,22,21,21,0.6262,0.1392,0.0000,11,0,1,0,recheck,0,end_clear,0
858,88,1,0,-1,23,0,2,0,25,0,0,25,0,0,0,0,0,0,0,25,25,25,0.5378,0.0000,0.0000,11,0,0,0,,0,pending,0
858,159,1,1,187,13,1,2,0,7,0,1,2,5,0,0,0,9,9,9,16,7,16,0.2620,0.1746,0.0000,5,1,0,0,recheck,0,still,0
859,88,1,0,-1,23,0,2,0,25,0,0,25,0,0,0,0,0,0,0,25,25,25,0.5378,0.0000,0.0000,11,0,0,0,,0,hop,1
859,118,3,1,300,20,0,1,0,24,0,1,14,10,0,0,0,3,3,3,27,24,27,0.4000,0.3000,0.0000,11,1,0,0,recheck,0,still,0
860,2,1,1,91,16,0,1,0,11,0,1,1,10,0,0,0,10,10,9,21,11,20,0.3742,0.3742,0.0000,6,1,0,0,recheck,0,still,0
860,4,2,1,226,15,0,1,0,13,0,1,5,8,0,0,0,9,9,9,22,13,22,0.3721,0.3721,0.0000,8,1,0,0,recheck,0,still,0
860,72,2,1,184,19,0,1,1,13,0,1,2,11,0,0,0,9,9,9,22,13,22,0.3621,0.2716,0.0000,7,1,0,0,recheck,0,still,0
860,114,1,1,142,13,1,2,0,8,0,1,2,6,0,0,0,11,11,10,19,8,18,0.3517,0.3517,0.0000,7,1,0,0,recheck,0,still,0
861,11,1,1,390,19,0,1,0,22,0,1,13,9,0,0,1,0,0,0,22,23,23,0.5541,0.4803,0.0000,10,1,0,0,recheck,0,still,0
861,126,2,1,52,18,0,1,1,25,0,0,25,0,0,2,0,0,0,0,25,23,23,0.3261,0.0000,0.0000,9,0,0,0,recheck,0,end_clear,1
862,33,3,0,-1,13,2,6,0,16,0,0,16,0,0,1,0,0,0,0,16,15,15,0.5993,0.0000,0.0000,12,0,0,0,,0,hop,1
862,117,3,1,325,18,0,1,0,22,0,1,13,9,0,0,0,6,6,6,28,22,28,0.3657,0.3170,0.0000,10,1,0,0,recheck,0,still,0
863,1,1,1,100,18,0,1,0,11,0,1,0,11,0,0,0,11,11,11,22,11,22,0.3592,0.3592,0.0000,6,1,0,0,recheck,0,still,0
863,6,2,1,231,17,0,2,0,19,0,1,10,9,0,0,0,6,6,6,25,19,25,0.3630,0.3630,0.0000,8,1,0,0,recheck,0,still,0
863,77,3,1,117,16,0,2,0,25,0,0,25,0,0,1,0,0,0,0,25,24,24,0.6051,0.0000,0.0000,13,0,0,0,recheck,0,end_clear,1
864,25,2,0,-1,20,1,3,0,29,0,0,29,0,0,0,0,0,0,0,29,29,29,0.5755,0.0000,0.0000,12,0,0,0,,0,hop,1
864,44,1,1,115,21,0,2,0,21,0,1,13,8,0,0,2,1,1,2,22,23,25,0.4747,0.4747,0.0000,8,1,0,0,recheck,0,still,0
864,68,3,0,-1,18,1,2,0,14,0,1,1,13,0,0,0,11,11,11,25,14,25,0.3872,0.3872,0.0000,9,1,0,0,,0,start_holder,0
864,113,1,1,106,16,0,2,0,10,0,1,1,9,0,2,0,12,12,11,22,8,19,0.2648,0.2648,0.0000,6,1,0,0,recheck,0,still,0
864,146,2,1,252,13,0,2,0,10,0,1,4,6,0,0,0,11,11,10,21,10,20,0.3502,0.3502,0.0000,9,1,0,0,recheck,0,still,0
864,195,1,1,269,17,1,2,0,13,0,1,1,12,0,3,0,11,11,11,24,10,21,0.3979,0.3979,0.0000,11,1,0,0,recheck,0,still,0
865,89,1,0,-1,22,0,1,0,24,0,0,24,0,0,0,1,0,0,0,24,25,25,0.5968,0.0000,0.0000,12,0,0,0,,0,hop,1
866,145,1,1,378,15,1,2,0,8,0,1,1,7,0,0,0,12,12,11,20,8,19,0.3929,0.3929,0.0000,8,1,0,0,recheck,0,still,0
867,15,1,1,410,17,2,7,0,22,0,0,22,0,0,0,0,0,0,0,22,22,22,0.5383,0.0000,0.0000,10,0,0,0,recheck,0,end_clear,1
867,135,1,0,-1,22,0,1,0,30,0,0,30,0,0,3,0,0,0,0,30,27,27,0.4509,0.0000,0.0000,13,0,0,0,,0,hop,1
868,40,1,1,221,16,1,2,0,13,0,1,7,6,0,0,1,7,7,7,20,14,21,0.4329,0.4329,0.0000,8,1,0,0,recheck,0,still,0
870,115,2,1,396,15,0,1,0,13,0,1,6,7,0,0,0,10,10,9,23,13,22,0.3503,0.3503,0.0000,9,1,0,0,recheck,0,still,0
871,7,2,1,236,18,0,1,0,21,0,1,13,8,0,0,0,5,5,5,26,21,26,0.4217,0.4217,0.0000,9,1,0,0,recheck,0,still,0
872,157,2,1,234,18,0,3,0,13,0,1,0,13,0,0,0,10,10,10,23,13,23,0.3507,0.3507,0.0000,8,1,0,0,recheck,0,still,0
872,189,1,1,288,15,0,2,0,11,0,1,1,10,0,2,0,12,12,11,23,9,20,0.4646,0.4646,0.0000,12,1,0,0,recheck,0,still,0
873,123,2,1,205,15,0,2,0,11,0,1,1,10,0,0,0,9,9,9,20,11,20,0.3272,0.2999,0.0000,8,1,0,0,recheck,0,still,0
874,8,2,1,46,19,0,1,0,22,0,1,14,8,0,0,0,4,4,4,26,22,26,0.4445,0.4445,0.0000,10,1,0,0,recheck,0,still,0
874,9,1,1,224,21,0,1,0,24,0,1,16,8,0,0,0,3,3,2,27,24,26,0.4610,0.4610,0.0000,9,1,0,0,recheck,0,still,0
874,35,2,1,33,17,0,1,0,10,0,1,1,9,0,0,0,11,11,11,21,10,21,0.3907,0.3907,0.0000,7,1,0,0,recheck,0,still,0
874,90,1,0,-1,20,0,1,0,23,0,0,23,0,0,0,1,0,0,0,23,24,24,0.6582,0.0000,0.0000,12,0,0,0,,0,pending,0
874,169,1,1,348,18,3,4,0,19,0,1,17,2,0,0,1,0,0,0,19,20,20,0.6710,0.1413,0.0000,11,1,0,0,period_end,0,still,0
875,13,2,1,309,19,1,2,0,22,0,1,17,5,0,0,1,0,0,0,22,23,23,0.5936,0.2638,0.0000,12,1,0,0,recheck,0,still,0
875,90,1,0,-1,20,0,1,0,23,0,0,23,0,0,0,1,0,0,0,23,24,24,0.6582,0.0000,0.0000,12,0,0,0,,0,hop,1
875,154,2,1,119,18,0,1,0,13,0,1,1,12,0,1,0,10,10,10,23,12,22,0.3445,0.3445,0.0000,9,1,0,0,recheck,0,still,0
875,170,1,1,512,18,1,4,0,19,0,1,19,0,0,0,1,0,0,0,19,20,20,0.6450,0.0000,0.0000,11,0,0,0,recheck,0,end_clear,0
876,76,3,1,435,19,0,4,1,23,0,1,23,0,0,0,1,0,0,0,23,24,24,0.5955,0.0000,0.0000,13,0,0,0,recheck,0,end_clear,1
876,111,1,0,-1,3,2,5,0,3,0,0,3,0,0,0,0,0,0,0,3,3,3,0.0720,0.0000,0.0000,2,0,0,0,,0,pending,0
877,75,1,0,-1,4,4,5,0,5,0,0,5,0,0,0,0,0,0,0,5,5,5,0.2211,0.0000,0.0000,4,0,0,0,,0,pending,0
877,95,1,1,128,18,0,2,0,11,0,1,0,11,0,0,0,9,9,10,20,11,21,0.3578,0.3578,0.0000,6,1,0,0,recheck,0,still,0
877,111,1,0,-1,3,2,5,0,3,0,0,3,0,0,0,0,0,0,0,3,3,3,0.0720,0.0000,0.0000,2,0,0,0,,0,hop,1
878,5,2,1,246,17,0,1,0,15,0,1,7,8,0,0,0,8,8,8,23,15,23,0.4026,0.4026,0.0000,9,1,0,0,recheck,0,still,0
878,12,2,1,266,19,0,1,0,24,0,1,20,4,0,0,0,0,0,1,24,24,25,0.4561,0.1955,0.0000,9,1,0,0,recheck,0,still,0
878,75,1,0,-1,4,4,5,0,5,0,0,5,0,0,0,0,0,0,0,5,5,5,0.2213,0.0000,0.0000,4,0,0,0,,0,hop,1
878,177,1,0,-1,23,1,2,0,29,0,0,29,0,0,3,0,0,0,0,29,26,26,0.3974,0.0000,0.0000,12,0,0,0,,0,hop,1
879,199,1,1,73,18,1,3,0,13,0,1,1,12,0,0,0,10,10,9,23,13,22,0.3200,0.2933,0.0000,8,1,0,0,recheck,0,still,0
880,14,1,1,420,19,0,1,1,19,0,1,18,1,0,0,2,0,0,0,19,21,21,0.5910,0.0369,0.0000,11,1,0,0,recheck,0,still,0
882,3,2,1,139,15,0,1,0,9,0,1,2,7,0,0,0,10,10,10,19,9,19,0.3720,0.3720,0.0000,7,1,0,0,recheck,0,still,0
882,153,1,1,166,17,0,2,0,13,0,1,1,12,0,3,0,10,10,10,23,10,20,0.3758,0.3758,0.0000,9,1,0,0,recheck,0,still,0
882,169,1,1,356,17,3,4,0,19,0,1,19,0,0,0,1,0,0,0,19,20,20,0.6693,0.0000,0.0000,11,0,0,0,recheck,0,end_clear,1
882,188,1,1,170,16,1,2,0,11,0,1,1,10,0,2,0,12,12,10,23,9,19,0.3542,0.3542,0.0000,9,1,0,0,recheck,0,still,0
883,10,1,1,396,20,1,2,0,24,0,1,19,5,0,1,0,1,1,1,25,23,24,0.4865,0.2919,0.0000,10,1,0,0,recheck,0,still,0
883,47,2,1,433,19,0,2,0,22,0,1,21,1,0,0,1,0,0,0,22,23,23,0.6818,0.0325,0.0000,13,0,1,0,recheck,0,end_clear,1
883,87,1,0,-1,22,0,2,0,26,0,0,26,0,0,1,1,0,0,0,26,26,26,0.6306,0.0000,0.0000,12,0,0,0,,0,pending,0
884,31,3,0,-1,20,4,7,0,25,0,0,25,0,0,0,1,0,0,0,25,26,26,0.5956,0.0000,0.0000,13,0,0,0,,0,hop,1
884,71,2,0,-1,12,2,3,0,12,0,0,12,0,0,0,0,0,0,0,12,12,12,0.5177,0.0000,0.0000,10,0,0,0,,0,hop,1
884,87,1,0,-1,22,0,2,0,26,0,0,26,0,0,1,1,0,0,0,26,26,26,0.6306,0.0000,0.0000,12,0,0,0,,0,hop,1
887,116,2,1,254,17,0,1,0,16,0,1,11,5,0,0,0,9,9,8,25,16,24,0.4305,0.4036,0.0000,10,1,0,0,recheck,0,still,0
888,66,1,0,-1,18,0,1,1,22,0,0,22,0,0,1,0,0,0,0,22,21,21,0.6571,0.0000,0.0000,10,0,0,0,,0,pending,0
888,133,2,0,-1,13,1,2,0,19,0,0,19,0,0,1,0,0,0,0,19,18,18,0.6855,0.0000,0.0000,12,0,0,0,,0,pending,0
888,159,1,1,217,13,1,2,0,7,0,1,1,6,0,0,0,9,9,9,16,7,16,0.2620,0.2620,0.0000,5,1,0,0,recheck,0,still,0
888,183,1,0,-1,19,1,2,0,24,0,1,21,3,0,1,0,0,0,0,24,23,23,0.5165,0.0000,0.0000,13,0,0,0,,0,pending,0
889,66,1,0,-1,18,0,1,1,22,0,0,22,0,0,1,0,0,0,0,22,21,21,0.6575,0.0000,0.0000,10,0,0,0,,0,hop,1
889,118,3,1,330,20,0,1,0,24,0,1,20,4,0,0,0,3,3,3,27,24,27,0.4000,0.1250,0.0000,11,1,0,0,recheck,0,still,0
889,133,2,0,-1,13,1,2,0,19,0,0,19,0,0,1,0,0,0,0,19,18,18,0.6855,0.0000,0.0000,12,0,0,0,,0,hop,1
889,183,1,0,-1,19,1,2,0,24,0,1,21,3,0,1,0,0,0,0,24,23,23,0.5165,0.0000,0.0000,13,0,0,0,,0,hop,1
890,2,1,1,121,16,0,1,0,11,0,1,1,10,0,0,0,10,10,9,21,11,20,0.3742,0.3742,0.0000,6,1,0,0,recheck,0,still,0
890,4,2,1,256,15,0,1,0,12,0,1,5,7,0,0,0,9,9,9,21,12,21,0.3721,0.3721,0.0000,8,1,0,0,recheck,0,still,0
890,72,2,1,214,19,0,1,1,13,0,1,1,12,0,0,0,9,9,9,22,13,22,0.3621,0.3621,0.0000,7,1,0,0,recheck,0,still,0
890,114,1,1,172,13,1,2,0,8,0,1,2,6,0,0,0,11,11,10,19,8,18,0.3517,0.3517,0.0000,7,1,0,0,recheck,0,still,0
891,11,1,1,420,19,0,1,0,22,0,1,19,3,0,0,1,0,0,0,22,23,23,0.5541,0.1847,0.0000,10,1,0,0,recheck,0,still,0
892,117,3,1,355,18,0,1,0,22,0,1,18,4,0,0,0,6,6,6,28,22,28,0.3170,0.2683,0.0000,9,1,0,0,recheck,0,still,0
893,1,1,1,130,18,0,1,0,11,0,1,0,11,0,0,0,11,11,11,22,11,22,0.3574,0.3574,0.0000,6,1,0,0,recheck,0,still,0
893,6,2,1,261,17,0,2,0,19,0,1,15,4,0,0,0,6,6,6,25,19,25,0.3630,0.3630,0.0000,8,1,0,0,recheck,0,still,0
894,44,1,1,145,21,0,2,0,21,0,1,18,3,0,0,2,1,1,2,22,23,25,0.4748,0.2191,0.0000,8,1,0,0,recheck,0,still,0
894,113,1,1,136,16,0,2,0,10,0,1,1,9,0,2,0,12,12,11,22,8,19,0.2648,0.2648,0.0000,6,1,0,0,recheck,0,still,0
894,146,2,1,282,13,0,2,0,10,0,1,4,6,0,0,0,11,11,10,21,10,20,0.3505,0.3505,0.0000,9,1,0,0,recheck,0,still,0
894,158,1,0,-1,18,2,3,0,12,0,1,0,12,0,0,0,10,10,9,22,12,21,0.3459,0.3459,0.0000,7,1,0,0,,0,start_holder,0
894,195,1,1,299,17,1,2,0,13,0,1,1,12,0,3,0,11,11,11,24,10,21,0.3979,0.3979,0.0000,11,1,0,0,recheck,0,still,0
896,145,1,1,408,15,1,2,0,8,0,1,1,7,0,0,0,12,12,11,20,8,19,0.3931,0.3931,0.0000,8,1,0,0,recheck,0,still,0
898,40,1,1,251,16,1,2,0,13,0,1,8,5,0,0,1,7,7,7,20,14,21,0.4329,0.4329,0.0000,8,1,0,0,recheck,0,still,0
900,13,2,1,334,19,0,1,0,23,0,1,22,1,0,0,1,0,0,0,23,24,24,0.5936,0.0330,0.0000,12,0,1,0,period_end,0,end_period,1
900,115,2,1,426,15,0,1,0,13,0,1,8,5,0,0,0,10,10,9,23,13,22,0.3503,0.3503,0.0000,9,1,0,0,recheck,0,still,0
901,7,2,1,266,18,0,1,0,22,0,1,18,4,0,0,0,4,4,4,26,22,26,0.3893,0.2595,0.0000,8,1,0,0,recheck,0,still,0
902,157,2,1,264,18,0,3,0,9,0,1,0,9,0,0,0,14,14,14,23,9,23,0.3507,0.3507,0.0000,8,1,0,0,recheck,0,still,0
902,189,1,1,318,15,0,2,0,10,0,1,1,9,0,1,0,13,13,11,23,9,20,0.4388,0.4388,0.0000,11,1,0,0,recheck,0,still,0
903,84,1,0,-1,22,1,3,0,25,0,0,25,0,0,1,0,0,0,0,25,24,24,0.5637,0.0000,0.0000,11,0,0,0,,0,pending,0
903,123,2,1,235,15,0,2,0,7,0,1,0,7,0,0,0,13,13,13,20,7,20,0.3272,0.3272,0.0000,8,1,0,0,recheck,0,still,0
903,179,1,0,-1,1,0,5,1,1,0,0,1,0,0,0,0,0,0,0,1,1,1,0.0707,0.0000,0.0000,1,0,0,0,,0,pending,0
903,189,1,1,319,15,0,2,0,10,0,1,1,9,0,1,0,13,13,11,23,9,20,0.4389,0.4389,0.0000,11,1,0,0,period_end,0,still,0
904,8,2,1,76,19,0,1,0,23,0,1,19,4,0,0,0,3,3,3,26,23,26,0.4445,0.2074,0.0000,10,1,0,0,recheck,0,still,0
904,9,1,1,254,21,0,1,0,25,0,1,21,4,0,0,0,2,2,1,27,25,26,0.4610,0.1976,0.0000,9,1,0,0,recheck,0,still,0
904,35,2,1,63,17,0,1,0,7,0,1,1,6,0,0,0,14,14,14,21,7,21,0.3906,0.3906,0.0000,7,1,0,0,recheck,0,still,0
904,84,1,0,-1,22,1,3,0,25,0,0,25,0,0,1,0,0,0,0,25,24,24,0.5636,0.0000,0.0000,11,0,0,0,,0,hop,1
904,179,1,0,-1,1,0,5,1,1,0,0,1,0,0,0,0,0,0,0,1,1,1,0.0706,0.0000,0.0000,1,0,0,0,,0,hop,1
905,154,2,1,149,18,0,1,0,10,0,1,1,9,0,1,0,13,13,13,23,9,22,0.3445,0.3445,0.0000,9,1,0,0,recheck,0,still,0
907,95,1,1,158,18,0,2,0,7,0,1,0,7,0,0,0,13,13,14,20,7,21,0.3956,0.3956,0.0000,7,1,0,0,recheck,0,still,0
908,5,2,1,276,17,0,1,0,17,0,1,11,6,0,0,0,7,7,7,24,17,24,0.4026,0.4026,0.0000,9,1,0,0,recheck,0,still,0
908,12,2,1,296,19,0,1,0,24,0,1,23,1,0,0,1,0,0,0,24,25,25,0.4891,0.0326,0.0000,10,1,0,0,recheck,0,still,0
909,16,1,0,-1,19,2,3,0,22,0,0,22,0,0,0,0,0,0,0,22,22,22,0.6278,0.0000,0.0000,10,0,0,0,,0,pending,0
909,68,3,1,45,18,1,2,0,10,0,1,1,9,0,0,0,15,15,15,25,10,25,0.3805,0.3805,0.0000,9,1,0,0,recheck,0,still,0
909,199,1,1,103,18,1,3,0,9,0,1,0,9,0,0,0,14,14,13,23,9,22,0.3200,0.3200,0.0000,8,1,0,0,recheck,0,still,0
910,14,1,1,450,19,0,1,0,21,0,0,21,0,0,0,1,0,0,0,21,22,22,0.6649,0.0000,0.0000,12,0,0,0,recheck,0,end_clear,1
910,16,1,0,-1,19,2,3,0,22,0,0,22,0,0,0,0,0,0,0,22,22,22,0.6278,0.0000,0.0000,10,0,0,0,,0,hop,1
910,108,1,0,-1,17,0,7,0,19,0,0,19,0,0,0,3,0,0,0,19,22,22,0.6376,0.0000,0.0000,10,0,0,0,,0,pending,0
910,118,3,1,351,20,0,1,0,25,0,1,22,3,0,0,0,2,2,2,27,25,27,0.4000,0.0750,0.0000,11,1,0,0,period_end,0,still,0
911,108,1,0,-1,17,0,7,0,19,0,0,19,0,0,0,3,0,0,0,19,22,22,0.6376,0.0000,0.0000,10,0,0,0,,0,hop,1
912,3,2,1,169,15,0,1,0,8,0,1,2,6,0,0,0,10,10,10,18,8,18,0.3720,0.3720,0.0000,7,1,0,0,recheck,0,still,0
912,153,1,1,196,17,0,2,0,10,0,1,1,9,0,3,0,13,13,13,23,7,20,0.4047,0.4047,0.0000,10,1,0,0,recheck,0,still,0
912,188,1,1,200,16,1,2,0,10,0,1,1,9,0,2,0,13,13,11,23,8,19,0.3814,0.3814,0.0000,10,1,0,0,recheck,0,still,0
913,10,1,1,426,20,1,2,0,25,0,1,22,3,0,1,0,0,0,0,25,24,24,0.5189,0.1297,0.0000,11,1,0,0,recheck,0,still,0
913,152,1,0,-1,5,0,1,0,7,0,0,7,0,0,1,0,0,0,0,7,6,6,0.2817,0.0000,0.0000,6,0,0,0,,0,hop,1
914,102,2,0,-1,0,0,1,1,0,0,0,0,0,0,0,0,0,0,0,0,0,0,0.0000,0.0000,0.0000,0,0,0,0,,0,hop,1
914,103,1,0,-1,6,0,4,0,7,0,0,7,0,0,0,0,0,0,0,7,7,7,0.2948,0.0000,0.0000,6,0,0,0,,0,hop,1
916,29,2,0,-1,19,0,1,0,25,0,0,25,0,0,1,0,0,0,0,25,24,24,0.5743,0.0000,0.0000,13,0,0,0,,0,hop,1
917,116,2,1,284,17,0,1,0,17,0,1,13,4,0,0,0,8,8,7,25,17,24,0.3766,0.3497,0.0000,9,1,0,0,recheck,0,still,0
918,85,1,0,-1,21,0,1,0,25,0,0,25,0,0,0,1,0,0,0,25,26,26,0.5363,0.0000,0.0000,9,0,0,0,,0,pending,0
918,159,1,1,247,13,1,2,0,5,0,1,0,5,0,0,0,11,11,11,16,5,16,0.2620,0.2620,0.0000,5,1,0,0,recheck,0,still,0
919,12,2,1,307,19,0,1,0,23,0,1,23,0,0,0,1,0,0,0,23,24,24,0.4894,0.0000,0.0000,10,0,0,0,period_end,0,end_period,0
919,85,1,0,-1,21,0,1,0,25,0,0,25,0,0,0,1,0,0,0,25,26,26,0.5363,0.0000,0.0000,9,0,0,0,,0,hop,1
919,118,3,1,360,20,0,1,0,25,0,1,23,2,0,0,0,2,2,2,27,25,27,0.4000,0.0500,0.0000,11,1,0,0,recheck,0,still,0
920,2,1,1,151,16,0,1,0,7,0,1,1,6,0,0,0,14,14,13,21,7,20,0.3742,0.3742,0.0000,6,1,0,0,recheck,0,still,0
920,4,2,1,286,15,0,1,0,12,0,1,8,4,0,0,0,9,9,9,21,12,21,0.3721,0.3721,0.0000,8,1,0,0,recheck,0,still,0
920,28,2,0,-1,22,0,1,0,27,0,0,27,0,0,1,0,0,0,0,27,26,26,0.5681,0.0000,0.0000,14,0,0,0,,0,hop,1
920,72,2,1,244,19,0,1,1,9,0,1,0,9,0,0,0,13,13,13,22,9,22,0.3621,0.3621,0.0000,7,1,0,0,recheck,0,still,0
920,114,1,1,202,13,1,2,0,7,0,1,3,4,0,0,0,11,11,10,18,7,17,0.3517,0.3517,0.0000,7,1,0,0,recheck,0,still,0
921,11,1,1,450,19,0,1,0,22,0,1,22,0,0,0,1,0,0,0,22,23,23,0.5541,0.0000,0.0000,10,0,0,0,recheck,0,end_clear,0
922,57,1,0,-1,22,2,3,0,24,0,0,24,0,0,0,0,0,0,0,24,24,24,0.5746,0.0000,0.0000,11,0,0,0,,0,pending,0
922,117,3,1,385,18,0,1,0,23,0,1,22,1,0,0,0,5,5,5,28,23,28,0.3168,0.1219,0.0000,9,1,0,0,recheck,0,still,0
923,1,1,1,160,18,0,1,0,6,0,1,0,6,0,0,0,16,16,16,22,6,22,0.3558,0.3558,0.0000,6,1,0,0,recheck,0,still,0
923,6,2,1,291,17,0,2,0,20,0,1,19,1,0,0,0,5,5,5,25,20,25,0.3630,0.2118,0.0000,8,1,0,0,recheck,0,still,0
923,57,1,0,-1,22,2,3,0,24,0,0,24,0,0,0,0,0,0,0,24,24,24,0.5748,0.0000,0.0000,11,0,0,0,,0,hop,1
924,44,1,1,175,19,0,2,0,23,0,0,23,0,0,0,0,0,0,0,23,23,23,0.5063,0.0000,0.0000,10,0,0,0,recheck,0,end_clear,1
924,113,1,1,166,16,0,2,0,8,0,1,3,5,0,1,0,13,13,12,21,7,19,0.2648,0.2648,0.0000,6,1,0,0,recheck,0,still,0
924,146,2,1,312,13,0,2,0,10,0,1,8,2,0,0,0,11,11,10,21,10,20,0.3514,0.3514,0.0000,9,1,0,0,recheck,0,still,0
924,195,1,1,329,17,1,2,0,9,0,1,1,8,0,3,0,15,15,15,24,6,21,0.3979,0.3979,0.0000,11,1,0,0,recheck,0,still,0
926,145,1,1,438,14,1,2,0,7,0,1,4,3,0,0,0,13,13,11,20,7,18,0.3950,0.3950,0.0000,8,1,0,0,recheck,0,still,0
928,40,1,1,281,16,1,2,0,14,0,1,13,1,0,0,0,6,6,7,20,14,21,0.4329,0.2886,0.0000,8,1,0,0,recheck,0,still,0
928,132,1,0,-1,20,5,7,0,23,0,0,23,0,0,0,1,0,0,0,23,24,24,0.6440,0.0000,0.0000,12,0,0,0,,0,pending,0
929,91,1,0,-1,20,6,7,0,23,0,0,23,0,0,0,0,0,0,0,23,23,23,0.5646,0.0000,0.0000,10,0,0,0,,0,pending,0
929,132,1,0,-1,20,5,7,0,23,0,0,23,0,0,0,1,0,0,0,23,24,24,0.6440,0.0000,0.0000,12,0,0,0,,0,hop,1
929,168,1,0,-1,21,0,1,0,30,0,0,30,0,0,4,0,0,0,0,30,26,26,0.4004,0.0000,0.0000,10,0,0,0,,0,pending,0
930,91,1,0,-1,20,6,7,0,23,0,0,23,0,0,0,0,0,0,0,23,23,23,0.5645,0.0000,0.0000,10,0,0,0,,0,hop,1
930,115,2,1,456,15,0,1,0,13,0,1,12,1,0,0,0,10,10,9,23,13,22,0.3503,0.2964,0.0000,9,1,0,0,recheck,0,still,0
930,168,1,0,-1,21,0,1,0,30,0,0,30,0,0,4,0,0,0,0,30,26,26,0.4004,0.0000,0.0000,10,0,0,0,,0,hop,1
931,7,2,1,296,18,0,1,0,22,0,1,22,0,0,0,0,4,4,4,26,22,26,0.3893,0.1298,0.0000,8,1,0,0,recheck,0,still,0
931,58,1,0,-1,20,2,3,0,26,0,0,26,0,0,0,0,0,0,0,26,26,26,0.5044,0.0000,0.0000,9,0,0,0,,0,pending,0
932,58,1,0,-1,20,2,3,0,25,0,0,25,0,0,0,0,0,0,0,25,25,25,0.5045,0.0000,0.0000,9,0,0,0,,0,hop,1
932,157,2,1,294,18,0,3,0,8,0,1,0,8,0,0,0,15,15,15,23,8,23,0.3237,0.3237,0.0000,7,1,0,0,recheck,0,still,0
932,189,1,1,348,15,0,2,0,9,0,1,3,6,0,1,0,13,13,11,22,8,19,0.4656,0.4656,0.0000,12,1,0,0,recheck,0,still,0
933,123,2,1,265,15,0,2,0,6,0,1,0,6,0,0,0,14,14,14,20,6,20,0.3272,0.3272,0.0000,8,1,0,0,recheck,0,still,0
934,8,2,1,106,19,0,1,0,25,0,1,23,2,0,0,0,1,1,1,26,25,26,0.4445,0.0593,0.0000,10,1,0,0,recheck,0,still,0
934,9,1,1,284,21,0,1,0,26,0,1,25,1,0,0,0,1,1,0,27,26,26,0.4610,0.0329,0.0000,9,0,1,0,recheck,0,end_clear,1
934,35,2,1,93,17,0,1,0,8,0,1,2,6,0,0,0,12,12,13,20,8,21,0.3907,0.3907,0.0000,7,1,0,0,recheck,0,still,0
935,19,3,0,-1,21,0,4,0,25,0,0,25,0,0,0,0,0,0,0,25,25,25,0.5038,0.0000,0.0000,12,0,0,0,,0,hop,1
935,154,2,1,179,18,0,1,0,10,0,1,2,8,0,1,0,13,13,13,23,9,22,0.3445,0.3445,0.0000,9,1,0,0,recheck,0,still,0
937,95,1,1,188,18,1,3,0,6,0,1,0,6,0,0,0,14,14,15,20,6,21,0.4000,0.4000,0.0000,7,1,0,0,recheck,0,still,0
938,5,2,1,306,17,0,1,0,18,0,1,16,2,0,0,0,6,6,6,24,18,24,0.4026,0.2478,0.0000,9,1,0,0,recheck,0,still,0
938,73,2,0,-1,9,0,3,0,10,0,0,10,0,0,0,0,0,0,0,10,10,10,0.3936,0.0000,0.0000,8,0,0,0,,0,hop,1
938,97,3,0,-1,3,2,4,0,4,0,0,4,0,0,0,0,0,0,0,4,4,4,0.0884,0.0000,0.0000,3,0,0,0,,0,hop,1
939,68,3,1,75,18,2,3,0,7,0,1,0,7,0,0,0,15,15,15,22,7,22,0.3284,0.3284,0.0000,7,1,0,0,recheck,0,still,0
939,199,1,1,133,18,1,3,0,8,0,1,0,8,0,0,0,15,15,14,23,8,22,0.3200,0.3200,0.0000,8,1,0,0,recheck,0,still,0
941,80,1,0,-1,19,0,3,0,21,0,0,21,0,0,0,0,0,0,0,21,21,21,0.5345,0.0000,0.0000,9,0,0,0,,0,hop,1
941,142,2,0,-1,18,2,4,0,23,0,0,23,0,0,0,0,0,0,0,23,23,23,0.6106,0.0000,0.0000,13,0,0,0,,0,pending,0
942,3,2,1,199,15,0,1,0,9,0,1,6,3,0,0,0,9,9,9,18,9,18,0.3720,0.3410,0.0000,7,1,0,0,recheck,0,still,0
942,142,2,0,-1,18,2,4,0,23,0,0,23,0,0,0,0,0,0,0,23,23,23,0.5801,0.0000,0.0000,12,0,0,0,,0,hop,1
942,153,1,1,226,17,0,2,0,11,0,1,2,9,0,3,0,12,12,12,23,8,20,0.4047,0.4047,0.0000,10,1,0,0,recheck,0,still,0
942,188,1,1,230,16,1,2,0,10,0,1,3,7,0,2,0,12,12,10,22,8,18,0.3814,0.3814,0.0000,10,1,0,0,recheck,0,still,0
942,194,1,0,-1,20,0,2,0,27,0,1,26,1,0,2,0,0,0,0,27,25,25,0.4347,0.0000,0.0000,11,0,0,0,,0,pending,0
943,10,1,1,456,20,1,2,0,25,0,0,25,0,0,1,0,0,0,0,25,24,24,0.4915,0.0000,0.0000,10,0,0,0,recheck,0,end_clear,1
943,99,2,0,-1,10,1,3,0,11,0,0,11,0,0,0,0,0,0,0,11,11,11,0.5298,0.0000,0.0000,10,0,0,0,,0,hop,1
943,119,1,0,-1,21,1,2,0,26,0,0,26,0,0,1,1,0,0,0,26,26,26,0.4417,0.0000,0.0000,10,0,0,0,,0,pending,0
943,158,1,1,49,18,2,3,0,8,0,1,0,8,0,0,0,14,14,13,22,8,21,0.2594,0.2594,0.0000,6,1,0,0,recheck,0,still,0
943,194,1,0,-1,20,0,2,0,27,0,0,27,0,0,2,0,0,0,0,27,25,25,0.4347,0.0000,0.0000,11,0,0,0,,0,hop,1
943,195,1,1,348,17,1,2,0,13,0,1,3,10,0,3,0,11,11,11,24,10,21,0.3979,0.3979,0.0000,11,1,0,0,period_end,0,still,0
944,119,1,0,-1,21,1,2,0,26,0,0,26,0,0,1,0,0,0,0,26,25,25,0.4415,0.0000,0.0000,10,0,0,0,,0,hop,1
944,124,1,0,-1,1,0,3,1,1,0,0,1,0,0,0,0,0,0,0,1,1,1,0.0370,0.0000,0.0000,1,0,0,0,,0,hop,1
947,34,1,0,-1,7,1,4,0,7,0,0,7,0,0,0,0,0,0,0,7,7,7,0.2379,0.0000,0.0000,5,0,0,0,,0,hop,1
947,116,2,1,314,17,0,1,0,21,0,1,17,4,0,0,0,3,3,2,24,21,23,0.3766,0.1883,0.0000,9,1,0,0,recheck,0,still,0
947,146,2,1,335,13,0,2,0,15,0,1,10,5,0,0,0,6,6,5,21,15,20,0.3514,0.3012,0.0000,9,1,0,0,period_end,0,still,0
947,149,1,0,-1,19,0,1,0,26,0,1,23,3,0,1,0,1,1,0,27,25,25,0.3234,0.0882,0.0000,7,0,1,0,,0,pending,0
948,149,1,0,-1,19,0,1,0,26,0,1,23,3,0,1,0,1,1,0,27,25,25,0.3234,0.0882,0.0000,7,0,1,0,,0,hop,1
948,159,1,1,277,13,1,2,0,4,0,1,0,4,0,0,0,12,12,12,16,4,16,0.2620,0.2620,0.0000,5,1,0,0,recheck,0,still,0
949,92,1,0,-1,18,2,7,0,21,0,0,21,0,0,0,1,0,0,0,21,22,22,0.6220,0.0000,0.0000,10,0,0,0,,0,pending,0
949,118,3,1,390,20,0,1,0,27,0,0,27,0,0,0,0,0,0,0,27,27,27,0.3999,0.0000,0.0000,11,0,0,0,recheck,0,end_clear,1
950,2,1,1,181,16,0,1,0,14,0,1,4,10,0,0,0,7,7,6,21,14,20,0.3742,0.3742,0.0000,6,1,0,0,recheck,0,still,0
950,4,2,1,316,15,0,1,0,19,0,1,14,5,0,0,0,3,3,3,22,19,22,0.3721,0.2791,0.0000,8,1,0,0,recheck,0,still,0
950,26,3,0,-1,21,0,1,0,28,0,0,28,0,0,0,0,0,0,0,28,28,28,0.5331,0.0000,0.0000,14,0,0,0,,0,pending,0
950,72,2,1,274,19,0,1,0,11,0,1,0,11,0,0,0,11,11,11,22,11,22,0.3621,0.3621,0.0000,7,1,0,0,recheck,0,still,0
950,92,1,0,-1,18,2,7,0,21,0,0,21,0,0,0,1,0,0,0,21,22,22,0.6952,0.0000,0.0000,11,0,0,0,,0,hop,1
950,114,1,1,232,13,1,2,0,13,0,1,8,5,0,0,0,5,5,4,18,13,17,0.3517,0.3224,0.0000,7,1,0,0,recheck,0,still,0
951,26,3,0,-1,21,0,1,0,28,0,0,28,0,0,0,0,0,0,0,28,28,28,0.5330,0.0000,0.0000,14,0,0,0,,0,hop,1
951,67,2,0,-1,14,0,2,0,17,0,0,17,0,0,0,1,0,0,0,17,18,18,0.6573,0.0000,0.0000,11,0,0,0,,0,pending,0
951,138,2,0,-1,23,0,1,0,29,0,0,29,0,0,1,0,0,0,0,29,28,28,0.4390,0.0000,0.0000,14,0,0,0,,0,pending,0
952,67,2,0,-1,14,0,2,0,16,0,0,16,0,0,0,1,0,0,0,16,17,17,0.6573,0.0000,0.0000,11,0,0,0,,0,hop,1
952,117,3,1,415,18,0,1,0,28,0,1,26,2,0,0,0,0,0,0,28,28,28,0.3407,0.0000,0.0000,9,0,0,0,recheck,0,end_clear,1
952,138,2,0,-1,21,0,1,0,29,0,0,29,0,0,3,0,0,0,0,29,26,26,0.4393,0.0000,0.0000,14,0,0,0,,0,hop,1
953,1,1,1,190,18,0,3,0,12,0,1,1,11,0,0,0,9,9,9,21,12,21,0.3542,0.3542,0.0000,6,1,0,0,recheck,0,still,0
953,6,2,1,321,17,0,2,0,25,0,1,23,2,0,0,0,0,0,0,25,25,25,0.3630,0.1210,0.0000,8,1,0,0,recheck,0,still,0
954,110,1,0,-1,12,1,6,0,12,0,0,12,0,0,0,1,0,0,0,12,13,13,0.5488,0.0000,0.0000,9,0,0,0,,0,hop,1
954,113,1,1,196,16,0,2,0,14,0,1,6,8,0,1,0,6,6,5,20,13,18,0.2648,0.2648,0.0000,6,1,0,0,recheck,0,still,0
954,146,2,1,342,13,0,2,0,16,0,1,12,4,0,0,0,5,5,4,21,16,20,0.3512,0.3010,0.0000,9,1,0,0,recheck,0,still,0
954,195,1,1,359,17,1,2,0,16,0,1,4,12,0,3,0,8,8,8,24,13,21,0.3979,0.3979,0.0000,11,1,0,0,recheck,0,still,0
956,23,2,0,-1,21,0,3,0,26,0,0,26,0,0,0,1,0,0,0,26,27,27,0.5268,0.0000,0.0000,11,0,0,0,,0,hop,1
956,145,1,1,468,14,1,2,0,14,0,1,8,6,0,0,0,6,6,4,20,14,18,0.3940,0.3940,0.0000,8,1,0,0,recheck,0,still,0
958,40,1,1,311,16,1,2,0,19,0,1,17,2,0,0,1,1,1,1,20,20,21,0.4329,0.2165,0.0000,8,1,0,0,recheck,0,still,0
959,4,2,1,325,15,0,1,0,19,0,1,15,4,0,0,0,3,3,3,22,19,22,0.3721,0.2791,0.0000,8,1,0,0,period_end,0,still,0
959,62,1,0,-1,20,0,1,0,23,0,0,23,0,0,0,1,0,0,0,23,24,24,0.6090,0.0000,0.0000,12,0,0,0,,0,pending,0
960,62,1,0,-1,20,0,1,0,23,0,0,23,0,0,0,1,0,0,0,23,24,24,0.6090,0.0000,0.0000,12,0,0,0,,0,hop,1
960,115,2,1,486,15,0,1,0,19,0,1,16,3,0,0,0,4,4,3,23,19,22,0.3503,0.2425,0.0000,9,1,0,0,recheck,0,still,0
961,7,2,1,326,18,0,3,0,26,0,1,25,1,0,0,0,0,0,0,26,26,26,0.3891,0.0649,0.0000,8,0,1,0,recheck,0,end_clear,1
961,56,1,0,-1,22,0,1,0,25,0,0,25,0,0,0,0,0,0,0,25,25,25,0.5362,0.0000,0.0000,11,0,0,0,,0,hop,1
962,157,2,1,324,18,0,3,0,14,0,1,1,13,0,0,0,9,9,9,23,14,23,0.3237,0.3237,0.0000,7,1,0,0,recheck,0,still,0
962,189,1,1,378,14,0,2,0,15,0,1,8,7,0,1,0,7,7,5,22,14,19,0.4131,0.3615,0.0000,11,1,0,0,recheck,0,still,0
963,123,2,1,295,15,0,2,0,9,0,1,0,9,0,0,0,11,11,11,20,9,20,0.3272,0.3272,0.0000,8,1,0,0,recheck,0,still,0
964,8,2,1,136,18,0,1,0,26,0,0,26,0,0,0,0,0,0,0,26,26,26,0.4480,0.0000,0.0000,10,0,0,0,recheck,0,end_clear,1
964,21,2,0,-1,21,1,3,0,26,0,0,26,0,0,0,0,0,0,0,26,26,26,0.5577,0.0000,0.0000,12,0,0,0,,0,hop,1
964,35,2,1,123,16,0,1,0,13,0,1,6,7,0,0,0,7,7,8,20,13,21,0.3894,0.3245,0.0000,7,1,0,0,recheck,0,still,0
964,135,1,0,-1,21,0,1,0,30,0,0,30,0,0,3,0,0,0,0,30,27,27,0.3979,0.0000,0.0000,11,0,0,0,,0,pending,0
965,135,1,0,-1,21,0,1,0,30,0,0,30,0,0,3,0,0,0,0,30,27,27,0.3979,0.0000,0.0000,11,0,0,0,,0,hop,1
965,154,2,1,209,18,0,1,0,14,0,1,4,10,0,1,0,8,8,8,22,13,21,0.3445,0.3445,0.0000,9,1,0,0,recheck,0,still,0
966,17,3,0,-1,18,2,3,0,25,0,0,25,0,0,0,1,0,0,0,25,26,26,0.5313,0.0000,0.0000,12,0,0,0,,0,hop,1
967,95,1,1,218,18,1,3,0,12,0,1,2,10,0,0,0,9,9,9,21,12,21,0.4003,0.4003,0.0000,7,1,0,0,recheck,0,still,0
967,174,1,0,-1,17,0,1,0,23,0,0,23,0,0,2,1,0,0,0,23,22,22,0.6612,0.0000,0.0000,12,0,0,0,,0,hop,1
968,5,2,1,336,15,0,1,0,22,0,1,21,1,0,0,0,2,2,2,24,22,24,0.4026,0.0929,0.0000,9,0,1,0,recheck,0,end_clear,1
968,25,2,0,-1,19,1,3,0,28,0,0,28,0,0,0,0,0,0,0,28,28,28,0.5837,0.0000,0.0000,12,0,0,0,,0,hop,1
969,68,3,1,105,18,2,3,0,17,0,1,3,14,0,0,0,5,5,5,22,17,22,0.3284,0.2687,0.0000,7,1,0,0,recheck,0,still,0
969,199,1,1,163,18,1,3,0,15,0,1,1,14,0,0,0,8,8,7,23,15,22,0.3200,0.3200,0.0000,8,1,0,0,recheck,0,still,0
970,65,1,0,-1,19,0,4,0,23,0,0,23,0,0,0,0,0,0,0,23,23,23,0.5578,0.0000,0.0000,10,0,0,0,,0,hop,1
971,157,2,1,333,18,0,3,0,17,0,1,2,15,0,0,0,5,5,5,22,17,22,0.2698,0.2698,0.0000,6,1,0,0,period_end,0,still,0
972,3,2,1,229,15,0,1,0,18,0,1,12,6,0,0,0,0,0,0,18,18,18,0.3410,0.1550,0.0000,6,1,0,0,recheck,0,still,0
972,153,1,1,256,17,0,2,0,19,0,1,7,12,0,3,1,3,3,3,22,17,20,0.3469,0.2891,0.0000,8,1,0,0,recheck,0,still,0
972,188,1,1,260,16,1,2,0,18,0,1,8,10,0,2,0,4,4,2,22,16,18,0.3813,0.3268,0.0000,10,1,0,0,recheck,0,still,0
973,158,1,1,79,18,2,3,0,15,0,1,1,14,0,0,0,7,7,6,22,15,21,0.2594,0.2594,0.0000,6,1,0,0,recheck,0,still,0
977,116,2,1,344,17,0,1,1,25,0,1,23,2,0,1,0,0,0,0,25,24,24,0.4306,0.0000,0.0000,10,0,0,0,recheck,0,end_clear,1
978,159,1,1,307,13,1,2,0,6,0,1,0,6,0,0,0,10,10,10,16,6,16,0.2620,0.2620,0.0000,5,1,0,0,recheck,0,still,0
979,169,1,0,-1,17,3,4,0,19,0,0,19,0,0,0,1,0,0,0,19,20,20,0.6698,0.0000,0.0000,11,0,0,0,,0,hop,1
980,2,1,1,211,16,0,1,0,17,0,1,9,8,0,0,0,4,4,3,21,17,20,0.3742,0.2381,0.0000,6,1,0,0,recheck,0,still,0
980,4,2,1,346,15,0,1,0,22,0,1,19,3,0,0,0,0,0,0,22,22,22,0.3724,0.0931,0.0000,8,1,0,0,recheck,0,still,0
980,72,2,1,304,19,0,1,0,13,0,1,1,12,0,0,0,9,9,9,22,13,22,0.3621,0.3621,0.0000,7,1,0,0,recheck,0,still,0
980,114,1,1,262,13,1,2,0,18,0,1,14,4,0,0,0,1,1,0,19,18,18,0.3520,0.1467,0.0000,7,1,0,0,recheck,0,still,0
982,51,1,0,-1,17,0,3,0,21,0,0,21,0,0,1,0,0,0,0,21,20,20,0.5960,0.0000,0.0000,10,0,0,0,,0,pending,0
982,89,1,0,-1,21,0,1,0,25,0,0,25,0,0,0,0,0,0,0,25,25,25,0.5977,0.0000,0.0000,12,0,0,0,,0,pending,0
983,1,1,1,220,18,0,3,0,13,0,1,4,9,0,0,0,7,7,7,20,13,20,0.3517,0.2814,0.0000,6,1,0,0,recheck,0,still,0
983,6,2,1,351,17,1,2,0,25,0,0,25,0,0,0,0,0,0,0,25,25,25,0.3678,0.0000,0.0000,8,0,0,0,recheck,0,end_clear,1
983,51,1,0,-1,17,0,3,0,21,0,0,21,0,0,1,0,0,0,0,21,20,20,0.5960,0.0000,0.0000,10,0,0,0,,0,hop,1
983,89,1,0,-1,21,0,1,0,25,0,0,25,0,0,0,0,0,0,0,25,25,25,0.5977,0.0000,0.0000,12,0,0,0,,0,hop,1
983,107,2,0,-1,18,2,3,0,25,0,0,25,0,0,0,0,0,0,0,25,25,25,0.6905,0.0000,0.0000,14,0,0,0,,0,hop,1
984,50,1,0,-1,18,0,2,0,21,0,0,21,0,0,1,1,0,0,0,21,21,21,0.6206,0.0000,0.0000,10,0,0,0,,0,hop,1
984,113,1,1,226,16,0,2,0,18,0,1,11,7,0,1,0,2,2,1,20,17,18,0.2648,0.1471,0.0000,6,1,0,0,recheck,0,still,0
984,144,2,0,-1,8,3,4,0,10,0,0,10,0,0,0,0,0,0,0,10,10,10,0.3355,0.0000,0.0000,7,0,0,0,,0,pending,0
984,146,2,1,372,12,0,2,0,21,0,1,17,4,0,1,0,1,1,0,22,20,20,0.3014,0.1005,0.0000,8,1,0,0,recheck,0,still,0
984,195,1,1,389,17,1,2,0,17,0,1,7,10,0,3,0,5,5,5,22,14,19,0.3978,0.2917,0.0000,11,1,0,0,recheck,0,still,0
985,144,2,0,-1,8,3,4,0,10,0,0,10,0,0,0,0,0,0,0,10,10,10,0.3355,0.0000,0.0000,7,0,0,0,,0,hop,1
986,145,1,1,498,14,1,2,0,18,0,1,13,5,0,0,0,2,2,0,20,18,18,0.3957,0.1696,0.0000,8,1,0,0,recheck,0,still,0
988,40,1,1,341,16,0,2,0,20,0,0,20,0,0,0,1,0,0,0,20,21,21,0.4329,0.0000,0.0000,8,0,0,0,recheck,0,end_clear,1
988,130,1,0,-1,16,1,3,0,21,0,0,21,0,0,1,1,0,0,0,21,21,21,0.6207,0.0000,0.0000,10,0,0,0,,0,pending,0
989,130,1,0,-1,16,1,3,0,21,0,0,21,0,0,1,1,0,0,0,21,21,21,0.6207,0.0000,0.0000,10,0,0,0,,0,hop,1
990,86,1,0,-1,21,0,3,0,26,0,0,26,0,0,0,1,0,0,0,26,27,27,0.5009,0.0000,0.0000,8,0,0,0,,0,hop,1
990,115,2,1,516,15,0,1,1,23,0,0,22,1,0,1,0,0,0,0,23,22,22,0.3502,0.0000,0.0000,9,0,0,0,recheck,0,end_clear,1
992,15,1,0,-1,17,2,3,0,22,0,0,22,0,0,0,0,0,0,0,22,22,22,0.6646,0.0000,0.0000,11,0,0,0,,0,hop,1
992,157,2,1,354,18,0,3,0,16,0,1,7,9,0,0,0,7,7,7,23,16,23,0.3237,0.2698,0.0000,7,1,0,0,recheck,0,still,0
992,189,1,1,408,14,0,2,0,20,0,1,15,5,0,1,0,3,3,1,23,19,20,0.3629,0.1296,0.0000,9,1,0,0,recheck,0,still,0
993,123,2,1,325,15,0,2,0,9,0,1,1,8,0,0,0,11,11,11,20,9,20,0.3272,0.3272,0.0000,8,1,0,0,recheck,0,still,0
994,35,2,1,153,16,0,1,0,16,0,1,11,5,0,0,0,5,5,5,21,16,21,0.3876,0.1615,0.0000,7,1,0,0,recheck,0,still,0
995,154,2,1,239,18,0,1,0,17,0,1,9,8,0,1,0,5,5,5,22,16,21,0.3180,0.2120,0.0000,8,1,0,0,recheck,0,still,0
995,161,2,0,-1,16,0,1,0,25,0,0,25,0,0,2,0,0,0,0,25,23,23,0.3779,0.0000,0.0000,9,0,0,0,,0,pending,0
996,136,2,0,-1,11,0,6,0,14,0,0,14,0,0,1,0,0,0,0,14,13,13,0.5655,0.0000,0.0000,11,0,0,0,,0,pending,0
996,161,2,0,-1,16,0,1,0,25,0,0,25,0,0,2,0,0,0,0,25,23,23,0.3779,0.0000,0.0000,9,0,0,0,,0,hop,1
997,95,1,1,248,18,1,3,0,14,0,1,7,7,0,0,0,7,7,7,21,14,21,0.3617,0.2894,0.0000,6,1,0,0,recheck,0,still,0
997,136,2,0,-1,11,0,6,0,14,0,0,14,0,0,1,0,0,0,0,14,13,13,0.5655,0.0000,0.0000,11,0,0,0,,0,hop,1
999,68,3,1,135,18,2,3,0,14,0,1,7,7,0,0,0,8,8,8,22,14,22,0.3284,0.2687,0.0000,7,1,0,0,recheck,0,still,0
999,199,1,1,193,18,1,3,0,12,0,1,4,8,0,0,0,11,11,10,23,12,22,0.3200,0.3200,0.0000,8,1,0,0,recheck,0,still,0
1000,133,2,0,-1,14,4,5,0,17,0,0,17,0,0,1,0,0,0,0,17,16,16,0.6866,0.0000,0.0000,12,0,0,0,,0,pending,0
1001,133,2,0,-1,14,4,5,0,17,0,0,17,0,0,1,0,0,0,0,17,16,16,0.6867,0.0000,0.0000,12,0,0,0,,0,hop,1
1002,3,2,1,259,15,0,1,0,17,0,1,16,1,0,0,0,1,1,1,18,17,18,0.3410,0.0620,0.0000,6,0,1,0,recheck,0,end_clear,1
1002,153,1,1,286,17,0,2,0,19,0,1,12,7,0,3,0,3,3,4,22,16,20,0.3469,0.2313,0.0000,8,1,0,0,recheck,0,still,0
1002,188,1,1,290,16,1,2,0,19,0,1,13,6,0,2,0,4,4,2,23,17,19,0.3813,0.2451,0.0000,10,1,0,0,recheck,0,still,0
1003,158,1,1,109,18,2,3,0,12,0,1,3,9,0,0,0,8,8,7,20,12,19,0.2594,0.2018,0.0000,6,1,0,0,recheck,0,still,0
1007,90,1,0,-1,20,0,1,0,23,0,0,23,0,0,0,1,0,0,0,23,24,24,0.6588,0.0000,0.0000,12,0,0,0,,0,hop,1
1007,181,1,0,-1,20,0,2,1,27,0,0,27,0,0,3,0,0,0,0,27,24,24,0.4471,0.0000,0.0000,12,0,0,0,,0,pending,0
1008,159,1,1,337,13,1,2,0,6,0,1,1,5,0,0,0,10,10,10,16,6,16,0.2620,0.2620,0.0000,5,1,0,0,recheck,0,still,0
1008,181,1,0,-1,20,0,2,1,27,0,0,27,0,0,3,0,0,0,0,27,24,24,0.4471,0.0000,0.0000,12,0,0,0,,0,hop,1
1010,2,1,1,241,16,0,1,0,18,0,1,13,5,0,0,0,3,3,2,21,18,20,0.3750,0.0682,0.0000,6,1,0,0,recheck,0,still,0
1010,4,2,1,376,15,0,1,0,22,0,0,22,0,0,0,0,0,0,0,22,22,22,0.3757,0.0000,0.0000,8,0,0,0,recheck,0,end_clear,1
1010,72,2,1,334,19,0,1,0,15,0,1,6,9,0,0,0,7,7,7,22,15,22,0.3621,0.3018,0.0000,7,1,0,0,recheck,0,still,0
1010,114,1,1,292,13,1,2,0,19,0,1,19,0,0,1,0,0,0,0,19,18,18,0.3522,0.0000,0.0000,7,0,0,0,recheck,0,end_clear,1
1010,159,1,1,339,13,1,2,0,7,0,1,2,5,0,0,0,9,9,9,16,7,16,0.2620,0.2620,0.0000,5,1,0,0,period_end,0,still,0
1013,1,1,1,250,18,0,3,0,18,0,1,10,8,0,0,0,2,2,2,20,18,20,0.3162,0.1054,0.0000,5,1,0,0,recheck,0,still,0
1014,113,1,1,256,16,0,2,0,20,0,1,16,4,0,2,0,0,0,0,20,18,18,0.2648,0.0294,0.0000,6,0,1,0,recheck,0,end_clear,1
1014,146,2,1,402,13,0,2,1,21,0,0,21,0,0,0,0,0,0,0,21,21,21,0.3501,0.0000,0.0000,9,0,0,0,recheck,0,end_clear,1
1014,195,1,1,419,17,1,2,0,23,0,1,15,8,0,3,0,0,0,0,23,20,20,0.3713,0.1326,0.0000,10,1,0,0,recheck,0,still,0
1016,145,1,1,528,15,1,2,0,19,0,1,18,1,0,2,1,0,0,0,19,18,18,0.3417,0.0000,0.0000,7,0,0,0,recheck,0,end_clear,1
1017,188,1,1,305,16,1,2,0,23,0,1,18,5,0,4,0,0,0,0,23,19,19,0.3255,0.0543,0.0000,9,0,1,0,period_end,0,end_period,1
1020,132,1,0,-1,20,2,3,0,23,0,0,23,0,0,0,1,0,0,0,23,24,24,0.5735,0.0000,0.0000,11,0,0,0,,0,hop,1
1021,13,2,0,-1,19,1,2,0,23,0,0,23,0,0,0,1,0,0,0,23,24,24,0.5936,0.0000,0.0000,12,0,0,0,,0,pending,0
1022,13,2,0,-1,19,1,2,0,23,0,0,23,0,0,0,1,0,0,0,23,24,24,0.5936,0.0000,0.0000,12,0,0,0,,0,hop,1
1022,157,2,1,384,18,0,3,0,21,0,1,13,8,0,0,0,1,1,1,22,21,22,0.2698,0.1619,0.0000,6,1,0,0,recheck,0,still,0
1022,189,1,1,438,14,0,2,1,21,0,0,20,1,0,3,0,0,0,0,21,18,18,0.4122,0.0000,0.0000,10,0,0,0,recheck,0,end_clear,1
1023,123,2,1,355,15,0,2,0,14,0,1,7,7,0,0,0,5,5,5,19,14,19,0.3272,0.3272,0.0000,8,1,0,0,period_end,0,still,0
1024,35,2,1,183,16,0,1,0,21,0,1,19,2,0,0,0,0,0,0,21,21,21,0.3841,0.0320,0.0000,7,0,1,0,recheck,0,end_clear,1
1025,154,2,1,269,18,0,1,0,23,0,1,19,4,0,1,0,0,0,0,23,22,22,0.3180,0.0530,0.0000,8,0,1,0,recheck,0,end_clear,1
1027,95,1,1,278,18,1,3,0,20,0,1,16,4,0,0,0,0,0,0,20,20,20,0.3590,0.0718,0.0000,6,1,0,0,recheck,0,still,0
1028,58,1,0,-1,17,0,3,0,22,0,0,22,0,0,0,0,0,0,0,22,22,22,0.5053,0.0000,0.0000,9,0,0,0,,0,pending,0
1029,58,1,0,-1,17,0,3,0,22,0,0,22,0,0,0,0,0,0,0,22,22,22,0.5053,0.0000,0.0000,9,0,0,0,,0,hop,1
1029,68,3,1,165,18,2,3,0,21,0,1,16,5,0,0,0,0,0,0,21,21,21,0.3284,0.0896,0.0000,7,1,0,0,recheck,0,still,0
1029,199,1,1,223,17,1,3,0,19,0,1,12,7,0,0,0,2,2,1,21,19,20,0.3199,0.1599,0.0000,8,1,0,0,recheck,0,still,0
1030,186,1,0,-1,15,0,3,0,22,0,0,22,0,0,4,0,0,0,0,22,18,18,0.6249,0.0000,0.0000,11,0,0,0,,0,pending,0
1031,71,2,0,-1,10,2,3,0,12,0,0,12,0,0,0,0,0,0,0,12,12,12,0.4954,0.0000,0.0000,9,0,0,0,,0,hop,1
1031,186,1,0,-1,15,0,3,0,22,0,0,22,0,0,4,0,0,0,0,22,18,18,0.6251,0.0000,0.0000,11,0,0,0,,0,hop,1
1032,88,1,0,-1,23,0,2,0,24,0,0,24,0,0,0,1,0,0,0,24,25,25,0.5376,0.0000,0.0000,11,0,0,0,,0,pending,0
1032,109,2,0,-1,13,2,6,0,15,0,0,15,0,0,1,0,0,0,0,15,14,14,0.6692,0.0000,0.0000,12,0,0,0,,0,pending,0
1032,153,1,1,316,17,0,3,0,21,0,1,18,3,0,2,1,0,0,0,21,20,20,0.3477,0.0000,0.0000,7,0,0,0,recheck,0,end_clear,1
1033,75,1,0,-1,4,2,3,0,4,0,0,4,0,0,0,0,0,0,0,4,4,4,0.2185,0.0000,0.0000,4,0,0,0,,0,hop,1
1033,88,1,0,-1,23,0,2,0,24,0,0,24,0,0,0,1,0,0,0,24,25,25,0.5376,0.0000,0.0000,11,0,0,0,,0,hop,1
1033,108,1,0,-1,17,0,1,0,19,0,0,19,0,0,0,3,0,0,0,19,22,22,0.6375,0.0000,0.0000,10,0,0,0,,0,pending,0
1033,109,2,0,-1,13,2,6,0,15,0,0,15,0,0,1,0,0,0,0,15,14,14,0.6691,0.0000,0.0000,12,0,0,0,,0,hop,1
1033,158,1,1,139,17,2,3,0,19,0,1,13,6,0,0,0,1,1,0,20,19,19,0.2594,0.1441,0.0000,6,1,0,0,recheck,0,still,0
1033,177,1,0,-1,22,0,1,0,29,0,0,29,0,0,4,0,0,0,0,29,25,25,0.3972,0.0000,0.0000,11,0,0,0,,0,hop,1
1034,72,2,1,358,18,0,1,0,19,0,1,13,6,0,0,0,1,1,1,20,19,20,0.3621,0.1811,0.0000,7,1,0,0,period_end,0,still,0
1034,152,1,0,-1,5,0,1,0,6,0,0,6,0,0,1,0,0,0,0,6,5,5,0.2825,0.0000,0.0000,6,0,0,0,,0,pending,0
1035,152,1,0,-1,5,0,1,0,6,0,0,6,0,0,1,0,0,0,0,6,5,5,0.2823,0.0000,0.0000,6,0,0,0,,0,hop,1
1038,159,1,1,367,12,1,2,0,13,0,1,6,7,0,0,0,3,3,3,16,13,16,0.2620,0.2620,0.0000,5,1,0,0,recheck,0,still,0
1039,14,1,0,-1,19,0,1,0,19,0,0,19,0,0,0,2,0,0,0,19,21,21,0.5910,0.0000,0.0000,11,0,0,0,,0,pending,0
1040,2,1,1,271,17,0,1,0,21,0,0,21,0,0,1,0,0,0,0,21,20,20,0.3786,0.0000,0.0000,6,0,0,0,recheck,0,end_clear,1
1040,14,1,0,-1,19,0,1,0,19,0,0,19,0,0,0,2,0,0,0,19,21,21,0.5910,0.0000,0.0000,11,0,0,0,,0,hop,1
1040,72,2,1,364,18,0,1,0,19,0,1,14,5,0,0,0,1,1,1,20,19,20,0.3018,0.1811,0.0000,6,1,0,0,recheck,0,still,0
1041,111,1,0,-1,2,0,3,1,2,0,0,2,0,0,0,0,0,0,0,2,2,2,0.0739,0.0000,0.0000,2,0,0,0,,0,hop,1
1042,76,3,0,-1,18,0,4,1,24,0,0,24,0,0,0,1,0,0,0,24,25,25,0.5955,0.0000,0.0000,13,0,0,0,,0,pending,0
1042,77,3,0,-1,16,0,2,0,24,0,0,24,0,0,1,0,0,0,0,24,23,23,0.6057,0.0000,0.0000,13,0,0,0,,0,hop,1
1043,1,1,1,280,18,0,3,1,20,0,1,19,1,0,0,0,0,0,0,20,20,20,0.3191,0.0000,0.0000,5,0,0,0,recheck,0,end_clear,0
1043,76,3,0,-1,18,0,4,1,24,0,0,24,0,0,0,1,0,0,0,24,25,25,0.5955,0.0000,0.0000,13,0,0,0,,0,hop,1
1044,57,1,0,-1,18,1,2,0,24,0,0,24,0,0,1,0,0,0,0,24,23,23,0.6209,0.0000,0.0000,12,0,0,0,,0,pending,0
1044,101,3,0,-1,8,2,4,0,8,0,0,8,0,0,0,0,0,0,0,8,8,8,0.2968,0.0000,0.0000,8,0,0,0,,0,hop,1
1044,195,1,1,449,18,1,3,0,24,0,0,23,1,0,2,0,0,0,0,24,22,22,0.3984,0.0000,0.0000,10,0,0,0,recheck,0,end_clear,1
1045,57,1,0,-1,18,1,2,0,24,0,0,24,0,0,1,0,0,0,0,24,23,23,0.6208,0.0000,0.0000,12,0,0,0,,0,hop,1
1048,28,2,0,-1,22,0,1,0,27,0,0,27,0,0,1,0,0,0,0,27,26,26,0.5118,0.0000,0.0000,13,0,0,0,,0,hop,1
1049,85,1,0,-1,19,0,2,1,23,0,0,23,0,0,0,1,0,0,0,23,24,24,0.5719,0.0000,0.0000,10,0,0,0,,0,pending,0
1050,73,2,0,-1,8,0,3,0,10,0,0,10,0,0,0,0,0,0,0,10,10,10,0.3634,0.0000,0.0000,7,0,0,0,,0,pending,0
1050,85,1,0,-1,19,0,2,1,23,0,0,23,0,0,0,1,0,0,0,23,24,24,0.5720,0.0000,0.0000,10,0,0,0,,0,hop,1
1051,73,2,0,-1,8,0,3,0,10,0,0,10,0,0,0,0,0,0,0,10,10,10,0.3634,0.0000,0.0000,7,0,0,0,,0,hop,1
1052,157,2,1,414,17,0,3,0,22,0,1,20,2,0,0,0,0,0,0,22,22,22,0.2699,0.0000,0.0000,6,0,0,0,recheck,0,end_clear,1
1052,182,1,0,-1,20,1,2,0,26,0,0,26,0,0,2,0,0,0,0,26,24,24,0.5438,0.0000,0.0000,14,0,0,0,,0,pending,0
1053,123,2,1,385,14,0,2,0,18,0,1,14,4,0,0,0,1,1,1,19,18,19,0.2181,0.1636,0.0000,6,1,0,0,recheck,0,still,0
1053,182,1,0,-1,20,1,2,0,26,0,0,26,0,0,2,0,0,0,0,26,24,24,0.5438,0.0000,0.0000,14,0,0,0,,0,hop,1
1056,44,1,0,-1,21,0,3,0,23,0,0,23,0,0,0,2,0,0,0,23,25,25,0.5157,0.0000,0.0000,10,0,0,0,,0,pending,0
1057,33,3,0,-1,13,3,6,0,16,0,0,16,0,0,0,0,0,0,0,16,16,16,0.5382,0.0000,0.0000,10,0,0,0,,0,pending,0
1057,44,1,0,-1,21,0,3,0,23,0,0,23,0,0,0,2,0,0,0,23,25,25,0.5158,0.0000,0.0000,10,0,0,0,,0,hop,1
1057,95,1,1,308,18,1,3,0,20,0,0,20,0,0,0,0,0,0,0,20,20,20,0.3597,0.0000,0.0000,6,0,0,0,recheck,0,end_clear,0
1058,33,3,0,-1,13,3,6,0,16,0,0,16,0,0,0,0,0,0,0,16,16,16,0.5382,0.0000,0.0000,10,0,0,0,,0,hop,1
1059,68,3,1,195,17,2,3,0,21,0,1,21,0,0,0,0,0,0,0,21,21,21,0.3284,0.0000,0.0000,7,0,0,0,recheck,0,end_clear,1
1059,142,2,0,-1,19,2,4,0,24,0,0,24,0,0,0,0,0,0,0,24,24,24,0.6109,0.0000,0.0000,13,0,0,0,,0,pending,0
1059,199,1,1,253,16,1,3,0,20,0,1,19,1,0,0,0,1,1,0,21,20,20,0.2660,0.0266,0.0000,7,0,1,0,recheck,0,end_clear,1
1060,142,2,0,-1,19,2,4,0,24,0,0,24,0,0,0,0,0,0,0,24,24,24,0.6110,0.0000,0.0000,13,0,0,0,,0,hop,1
1061,66,1,0,-1,16,0,1,1,21,0,0,21,0,0,2,1,0,0,0,21,20,20,0.5736,0.0000,0.0000,9,0,0,0,,0,hop,1
1061,80,1,0,-1,19,0,3,0,21,0,0,21,0,0,0,0,0,0,0,21,21,21,0.4996,0.0000,0.0000,8,0,0,0,,0,hop,1
1062,135,1,0,-1,21,0,1,0,31,1,0,31,0,0,4,0,0,0,0,31,27,27,0.3715,0.0000,0.0000,10,0,0,0,,0,pending,0
1063,19,3,0,-1,19,0,1,0,25,0,0,25,0,0,0,0,0,0,0,25,25,25,0.5049,0.0000,0.0000,12,0,0,0,,0,pending,0
1063,135,1,0,-1,21,0,1,0,31,1,0,31,0,0,4,0,0,0,0,31,27,27,0.3715,0.0000,0.0000,10,0,0,0,,0,hop,1
1063,158,1,1,169,16,2,3,0,20,0,0,19,1,0,1,0,0,0,0,20,19,19,0.2878,0.0000,0.0000,6,0,0,0,recheck,0,end_clear,1
1064,19,3,0,-1,19,0,1,0,25,0,0,25,0,0,0,0,0,0,0,25,25,25,0.5048,0.0000,0.0000,12,0,0,0,,0,hop,1
1067,84,1,0,-1,20,0,2,0,24,0,0,24,0,0,1,0,0,0,0,24,23,23,0.5370,0.0000,0.0000,10,0,0,0,,0,hop,1
1067,139,1,0,-1,21,1,2,0,26,0,0,26,0,0,2,0,0,0,0,26,24,24,0.5594,0.0000,0.0000,13,0,0,0,,0,pending,0
1068,10,1,0,-1,21,1,3,0,26,0,0,26,0,0,0,0,0,0,0,26,26,26,0.4647,0.0000,0.0000,9,0,0,0,,0,hop,1
1068,12,2,0,-1,20,0,1,0,23,0,0,23,0,0,0,1,0,0,0,23,24,24,0.4886,0.0000,0.0000,10,0,0,0,,0,pending,0
1068,102,2,0,-1,0,0,1,1,0,0,0,0,0,0,0,0,0,0,0,0,0,0,0.0000,0.0000,0.0000,0,0,0,0,,0,hop,1
1068,139,1,0,-1,21,1,2,0,26,0,0,26,0,0,2,0,0,0,0,26,24,24,0.5594,0.0000,0.0000,13,0,0,0,,0,hop,1
1068,159,1,1,397,12,1,2,0,15,0,1,13,2,0,0,0,0,0,0,15,15,15,0.2620,0.1164,0.0000,5,1,0,0,recheck,0,still,0
1069,12,2,0,-1,20,0,1,0,23,0,0,23,0,0,0,1,0,0,0,23,24,24,0.4886,0.0000,0.0000,10,0,0,0,,0,hop,1
1070,72,2,1,394,17,0,1,1,20,0,0,20,0,0,0,0,0,0,0,20,20,20,0.3626,0.0000,0.0000,7,0,0,0,recheck,0,end_clear,1
1072,7,2,0,-1,18,0,2,0,26,0,0,26,0,0,0,0,0,0,0,26,26,26,0.4210,0.0000,0.0000,9,0,0,0,,0,pending,0
1073,7,2,0,-1,18,0,2,0,26,0,0,26,0,0,0,0,0,0,0,26,26,26,0.4210,0.0000,0.0000,9,0,0,0,,0,hop,1
1076,47,2,0,-1,19,0,2,0,22,0,0,22,0,0,0,1,0,0,0,22,23,23,0.6815,0.0000,0.0000,13,0,0,0,,0,hop,1
1079,16,1,0,-1,19,2,3,0,22,0,0,22,0,0,0,0,0,0,0,22,22,22,0.6266,0.0000,0.0000,10,0,0,0,,0,hop,1
1082,103,1,0,-1,6,0,4,0,6,0,0,6,0,0,0,0,0,0,0,6,6,6,0.2961,0.0000,0.0000,6,0,0,0,,0,pending,0
1082,179,1,0,-1,0,0,1,1,0,0,0,0,0,0,0,0,0,0,0,0,0,0,0.0000,0.0000,0.0000,0,0,0,0,,0,pending,0
1083,103,1,0,-1,6,0,4,0,6,0,0,6,0,0,0,0,0,0,0,6,6,6,0.2961,0.0000,0.0000,6,0,0,0,,0,hop,1
1083,123,2,1,415,14,0,2,0,19,0,0,19,0,0,0,0,0,0,0,19,19,19,0.2727,0.0000,0.0000,7,0,0,0,recheck,0,end_clear,1
1083,179,1,0,-1,0,0,1,1,0,0,0,0,0,0,0,0,0,0,0,0,0,0,0.0000,0.0000,0.0000,0,0,0,0,,0,hop,1
1084,56,1,0,-1,21,0,2,0,24,0,0,24,0,0,0,0,0,0,0,24,24,24,0.5432,0.0000,0.0000,11,0,0,0,,0,pending,0
1085,56,1,0,-1,21,0,2,0,24,0,0,24,0,0,0,0,0,0,0,24,24,24,0.5432,0.0000,0.0000,11,0,0,0,,0,hop,1
1085,169,1,0,-1,20,3,4,0,20,0,0,20,0,0,0,2,0,0,0,20,22,22,0.6691,0.0000,0.0000,11,0,0,0,,0,hop,1
1087,11,1,0,-1,20,0,1,0,25,0,0,25,0,0,0,0,0,0,0,25,25,25,0.4988,0.0000,0.0000,10,0,0,0,,0,pending,0
1087,21,2,0,-1,21,0,2,0,24,0,0,24,0,0,0,0,0,0,0,24,24,24,0.5519,0.0000,0.0000,12,0,0,0,,0,pending,0
1088,11,1,0,-1,20,0,1,0,25,0,0,25,0,0,0,0,0,0,0,25,25,25,0.4988,0.0000,0.0000,10,0,0,0,,0,hop,1
1088,21,2,0,-1,21,0,2,0,24,0,0,24,0,0,0,0,0,0,0,24,24,24,0.5527,0.0000,0.0000,12,0,0,0,,0,hop,1
1092,168,1,0,-1,19,0,1,0,30,0,0,30,0,0,5,0,0,0,0,30,25,25,0.3469,0.0000,0.0000,8,0,0,0,,0,pending,0
1093,168,1,0,-1,19,0,1,0,30,0,0,30,0,0,5,0,0,0,0,30,25,25,0.3469,0.0000,0.0000,8,0,0,0,,0,hop,1
1098,159,1,1,427,12,0,1,1,15,0,0,15,0,0,0,0,0,0,0,15,15,15,0.2620,0.0000,0.0000,5,0,0,0,recheck,0,end_clear,1
1099,89,1,0,-1,21,0,1,0,25,0,0,25,0,0,0,0,0,0,0,25,25,25,0.6689,0.0000,0.0000,13,0,0,0,,0,hop,1
1102,90,1,0,-1,20,0,1,0,24,0,0,24,0,0,1,0,0,0,0,24,23,23,0.6586,0.0000,0.0000,12,0,0,0,,0,hop,1
1103,5,2,0,-1,16,0,1,0,22,0,0,22,0,0,0,0,0,0,0,22,22,22,0.4194,0.0000,0.0000,9,0,0,0,,0,pending,0
1104,5,2,0,-1,16,0,1,0,22,0,0,22,0,0,0,0,0,0,0,22,22,22,0.4194,0.0000,0.0000,9,0,0,0,,0,hop,1
1104,128,1,0,-1,20,0,2,0,28,0,0,28,0,0,3,0,0,0,0,28,25,25,0.3476,0.0000,0.0000,9,0,0,0,,0,pending,0
1105,6,2,0,-1,17,1,2,0,25,0,0,25,0,0,0,0,0,0,0,25,25,25,0.3793,0.0000,0.0000,8,0,0,0,,0,pending,0
1105,128,1,0,-1,20,0,2,0,28,0,0,28,0,0,3,0,0,0,0,28,25,25,0.3477,0.0000,0.0000,9,0,0,0,,0,hop,1
1105,174,1,0,-1,17,0,2,0,22,0,0,22,0,0,2,1,0,0,0,22,21,21,0.6336,0.0000,0.0000,11,0,0,0,,0,hop,1
1106,6,2,0,-1,17,1,2,0,25,0,0,25,0,0,0,0,0,0,0,25,25,25,0.3809,0.0000,0.0000,8,0,0,0,,0,hop,1
1107,31,3,0,-1,20,1,4,0,26,0,0,26,0,0,0,1,0,0,0,26,27,27,0.5957,0.0000,0.0000,13,0,0,0,,0,pending,0
1107,92,1,0,-1,18,0,2,0,20,0,0,20,0,0,0,2,0,0,0,20,22,22,0.6208,0.0000,0.0000,10,0,0,0,,0,hop,1
1107,171,1,0,-1,18,0,1,0,30,0,0,30,0,0,3,0,0,0,0,30,27,27,0.3590,0.0000,0.0000,10,0,0,0,,0,pending,0
1108,31,3,0,-1,20,1,4,0,26,0,0,26,0,0,0,1,0,0,0,26,27,27,0.5957,0.0000,0.0000,13,0,0,0,,0,hop,1
1108,171,1,0,-1,18,0,1,0,30,0,0,30,0,0,3,0,0,0,0,30,27,27,0.3591,0.0000,0.0000,10,0,0,0,,0,hop,1
1110,9,1,0,-1,21,2,3,0,25,0,0,25,0,0,1,0,0,0,0,25,24,24,0.4790,0.0000,0.0000,9,0,0,0,,0,pending,0
1111,9,1,0,-1,21,2,3,0,25,0,0,25,0,0,1,0,0,0,0,25,24,24,0.4794,0.0000,0.0000,9,0,0,0,,0,hop,1
1113,124,1,0,-1,1,0,1,1,1,0,0,1,0,0,0,0,0,0,0,1,1,1,0.0369,0.0000,0.0000,1,0,0,0,,0,pending,0
1114,54,2,0,-1,20,1,2,0,24,0,0,24,0,0,0,0,0,0,0,24,24,24,0.5752,0.0000,0.0000,12,0,0,0,,0,pending,0
1114,124,1,0,-1,1,0,1,1,1,0,0,1,0,0,0,0,0,0,0,1,1,1,0.0369,0.0000,0.0000,1,0,0,0,,0,hop,1
1114,161,2,0,-1,16,0,1,0,25,0,0,25,0,0,2,0,0,0,0,25,23,23,0.3779,0.0000,0.0000,9,0,0,0,,0,pending,0
1115,54,2,0,-1,20,1,2,0,24,0,0,24,0,0,0,0,0,0,0,24,24,24,0.5752,0.0000,0.0000,12,0,0,0,,0,hop,1
1115,161,2,0,-1,16,0,1,0,25,0,0,25,0,0,2,0,0,0,0,25,23,23,0.3779,0.0000,0.0000,9,0,0,0,,0,hop,1
1117,29,2,0,-1,20,0,2,0,26,0,0,26,0,0,0,0,0,0,0,26,26,26,0.5502,0.0000,0.0000,12,0,0,0,,0,pending,0
1118,29,2,0,-1,20,0,2,0,26,0,0,26,0,0,0,0,0,0,0,26,26,26,0.5501,0.0000,0.0000,12,0,0,0,,0,hop,1
1118,51,1,0,-1,18,0,3,0,21,0,0,21,0,0,1,0,0,0,0,21,20,20,0.6336,0.0000,0.0000,11,0,0,0,,0,pending,0
1118,65,1,0,-1,19,0,4,0,24,0,0,24,0,0,0,0,0,0,0,24,24,24,0.5659,0.0000,0.0000,10,0,0,0,,0,pending,0
1119,51,1,0,-1,18,0,3,0,21,0,0,21,0,0,1,0,0,0,0,21,20,20,0.6337,0.0000,0.0000,11,0,0,0,,0,hop,1
1119,65,1,0,-1,19,0,4,0,24,0,0,24,0,0,0,0,0,0,0,24,24,24,0.5660,0.0000,0.0000,10,0,0,0,,0,hop,1
1120,117,3,0,-1,18,1,2,0,28,0,0,28,0,0,0,0,0,0,0,28,28,28,0.3438,0.0000,0.0000,9,0,0,0,,0,hop,1
1121,4,2,0,-1,15,0,1,1,20,0,0,20,0,0,0,0,0,0,0,20,20,20,0.3578,0.0000,0.0000,7,0,0,0,,0,hop,1
1121,34,1,0,-1,6,1,4,0,6,0,0,6,0,0,0,0,0,0,0,6,6,6,0.2794,0.0000,0.0000,6,0,0,0,,0,hop,1
1123,32,1,0,-1,14,1,2,0,16,0,0,16,0,0,1,1,0,0,0,16,16,16,0.5904,0.0000,0.0000,8,0,0,0,,0,pending,0
1123,67,2,0,-1,14,0,2,0,16,0,0,16,0,0,0,1,0,0,0,16,17,17,0.5928,0.0000,0.0000,10,0,0,0,,0,pending,0
1124,32,1,0,-1,14,1,2,0,17,0,0,17,0,0,1,0,0,0,0,17,16,16,0.6642,0.0000,0.0000,9,0,0,0,,0,hop,1
1124,67,2,0,-1,15,0,2,0,16,0,0,16,0,0,0,1,0,0,0,16,17,17,0.5928,0.0000,0.0000,10,0,0,0,,0,hop,1
1124,108,1,0,-1,15,0,1,0,18,0,0,18,0,0,1,2,0,0,0,18,19,19,0.6388,0.0000,0.0000,10,0,0,0,,0,pending,0
1125,108,1,0,-1,15,0,1,0,18,0,0,18,0,0,1,2,0,0,0,18,19,19,0.6384,0.0000,0.0000,10,0,0,0,,0,hop,1
1129,1,2,0,-1,18,0,1,1,22,0,0,22,0,0,0,0,0,0,0,22,22,22,0.3775,0.0000,0.0000,7,0,0,0,,0,pending,0
1130,1,2,0,-1,18,0,1,1,22,0,0,22,0,0,0,0,0,0,0,22,22,22,0.3775,0.0000,0.0000,7,0,0,0,,0,hop,1
1130,166,2,0,-1,20,1,2,0,27,0,0,27,0,0,2,0,0,0,0,27,25,25,0.3982,0.0000,0.0000,12,0,0,0,,0,pending,0
1131,26,3,0,-1,22,0,1,0,28,0,0,28,0,0,0,0,0,0,0,28,28,28,0.5356,0.0000,0.0000,14,0,0,0,,0,hop,1
1131,107,2,0,-1,19,1,2,0,23,0,0,23,0,0,0,2,0,0,0,23,25,25,0.6940,0.0000,0.0000,14,0,0,0,,0,hop,1
1131,166,2,0,-1,20,1,2,0,27,0,0,27,0,0,2,0,0,0,0,27,25,25,0.3982,0.0000,0.0000,12,0,0,0,,0,hop,1
1132,113,1,0,-1,16,0,2,0,22,0,0,22,0,0,2,0,0,0,0,22,20,20,0.3224,0.0000,0.0000,7,0,0,0,,0,hop,1
1133,97,3,0,-1,2,0,2,1,3,0,0,3,0,0,0,0,0,0,0,3,3,3,0.0593,0.0000,0.0000,2,0,0,0,,0,pending,0
1134,97,3,0,-1,2,0,2,1,3,0,0,3,0,0,0,0,0,0,0,3,3,3,0.0593,0.0000,0.0000,2,0,0,0,,0,hop,1
1136,3,2,0,-1,15,0,1,0,21,0,0,21,0,0,0,0,0,0,0,21,21,21,0.4060,0.0000,0.0000,7,0,0,0,,0,hop,1
1137,23,2,0,-1,18,2,3,0,25,0,0,25,0,0,0,1,0,0,0,25,26,26,0.5229,0.0000,0.0000,11,0,0,0,,0,hop,1
1141,132,1,0,-1,21,1,3,0,23,0,0,23,0,0,0,1,0,0,0,23,24,24,0.5404,0.0000,0.0000,10,0,0,0,,0,pending,0
1142,132,1,0,-1,21,1,3,0,23,0,0,23,0,0,0,1,0,0,0,23,24,24,0.5405,0.0000,0.0000,10,0,0,0,,0,hop,1
1148,195,1,0,-1,18,1,2,0,23,0,0,23,0,0,1,0,0,0,0,23,22,22,0.4304,0.0000,0.0000,11,0,0,0,,0,pending,0
1149,138,2,0,-1,21,0,1,0,29,0,0,29,0,0,2,0,0,0,0,29,27,27,0.4418,0.0000,0.0000,14,0,0,0,,0,pending,0
1149,195,1,0,-1,18,1,2,0,23,0,0,23,0,0,1,0,0,0,0,23,22,22,0.4304,0.0000,0.0000,11,0,0,0,,0,hop,1
1150,138,2,0,-1,21,0,1,0,29,0,0,29,0,0,2,0,0,0,0,29,27,27,0.4418,0.0000,0.0000,14,0,0,0,,0,hop,1
1151,153,1,0,-1,18,0,2,0,22,0,0,22,0,0,1,0,0,0,0,22,21,21,0.4373,0.0000,0.0000,10,0,0,0,,0,pending,0
1152,153,1,0,-1,18,0,2,0,22,0,0,22,0,0,1,0,0,0,0,22,21,21,0.4371,0.0000,0.0000,10,0,0,0,,0,hop,1
1153,58,1,0,-1,17,0,3,0,24,0,0,24,0,0,0,0,0,0,0,24,24,24,0.5045,0.0000,0.0000,9,0,0,0,,0,hop,1
1155,73,2,0,-1,8,0,3,0,9,0,0,9,0,0,0,0,0,0,0,9,9,9,0.2615,0.0000,0.0000,6,0,0,0,,0,pending,0
1156,73,2,0,-1,8,0,3,0,9,0,0,9,0,0,0,0,0,0,0,9,9,9,0.2616,0.0000,0.0000,6,0,0,0,,0,hop,1
1156,79,1,0,-1,18,1,3,0,21,0,0,21,0,0,1,1,0,0,0,21,21,21,0.6307,0.0000,0.0000,10,0,0,0,,0,pending,0
1156,135,1,0,-1,21,0,1,0,30,0,0,30,0,0,3,0,0,0,0,30,27,27,0.3980,0.0000,0.0000,11,0,0,0,,0,hop,1
1157,79,1,0,-1,18,1,3,0,21,0,0,21,0,0,1,1,0,0,0,21,21,21,0.6308,0.0000,0.0000,10,0,0,0,,0,hop,1
1158,17,3,0,-1,18,0,1,0,25,0,0,25,0,0,0,0,0,0,0,25,25,25,0.5651,0.0000,0.0000,13,0,0,0,,0,hop,1
1159,118,3,0,-1,21,0,1,0,27,0,0,27,0,0,1,0,0,0,0,27,26,26,0.4249,0.0000,0.0000,12,0,0,0,,0,hop,1
1160,115,2,0,-1,16,0,2,0,22,0,0,22,0,0,1,0,0,0,0,22,21,21,0.3506,0.0000,0.0000,9,0,0,0,,0,pending,0
1161,115,2,0,-1,16,0,2,0,22,0,0,22,0,0,1,0,0,0,0,22,21,21,0.3506,0.0000,0.0000,9,0,0,0,,0,hop,1
1164,25,2,0,-1,17,1,2,0,28,0,0,28,0,0,0,0,0,0,0,28,28,28,0.5880,0.0000,0.0000,12,0,0,0,,0,hop,1
1165,57,1,0,-1,20,0,1,0,23,0,0,23,0,0,0,0,0,0,0,23,23,23,0.6264,0.0000,0.0000,12,0,0,0,,0,pending,0
1165,66,1,0,-1,16,0,1,0,19,0,0,19,0,0,1,1,0,0,0,19,19,19,0.5896,0.0000,0.0000,9,0,0,0,,0,pending,0
1166,57,1,0,-1,20,0,1,0,23,0,0,23,0,0,0,0,0,0,0,23,23,23,0.6266,0.0000,0.0000,12,0,0,0,,0,hop,1
1166,66,1,0,-1,16,0,1,0,19,0,0,19,0,0,1,1,0,0,0,19,19,19,0.5896,0.0000,0.0000,9,0,0,0,,0,hop,1
1167,8,2,0,-1,18,1,2,0,27,0,0,27,0,0,1,0,0,0,0,27,26,26,0.4662,0.0000,0.0000,10,0,0,0,,0,hop,1
1167,35,2,0,-1,15,0,1,0,19,0,0,19,0,0,0,1,0,0,0,19,20,20,0.3851,0.0000,0.0000,7,0,0,0,,0,pending,0
1168,35,2,0,-1,15,0,1,0,19,0,0,19,0,0,0,1,0,0,0,19,20,20,0.3851,0.0000,0.0000,7,0,0,0,,0,hop,1
1169,177,1,0,-1,22,0,1,0,28,0,0,28,0,0,3,0,0,0,0,28,25,25,0.3970,0.0000,0.0000,11,0,0,0,,0,hop,1
1171,87,1,0,-1,21,0,2,0,26,0,0,26,0,0,1,1,0,0,0,26,26,26,0.6303,0.0000,0.0000,12,0,0,0,,0,pending,0
1172,87,1,0,-1,21,0,2,0,26,0,0,26,0,0,1,1,0,0,0,26,26,26,0.6304,0.0000,0.0000,12,0,0,0,,0,hop,1
1173,188,1,0,-1,17,1,2,0,23,0,0,23,0,0,2,0,0,0,0,23,21,21,0.4054,0.0000,0.0000,10,0,0,0,,0,pending,0
1174,188,1,0,-1,17,1,2,0,23,0,0,23,0,0,2,0,0,0,0,23,21,21,0.4054,0.0000,0.0000,10,0,0,0,,0,hop,1
1175,88,1,0,-1,23,0,2,0,25,0,0,25,0,0,0,0,0,0,0,25,25,25,0.5372,0.0000,0.0000,11,0,0,0,,0,hop,1
1178,199,1,0,-1,15,1,3,0,20,0,0,20,0,0,1,0,0,0,0,20,19,19,0.2667,0.0000,0.0000,6,0,0,0,,0,pending,0
1179,199,1,0,-1,15,1,3,0,20,0,0,20,0,0,1,0,0,0,0,20,19,19,0.2667,0.0000,0.0000,6,0,0,0,,0,hop,1
1180,136,2,0,-1,10,0,4,0,12,0,0,12,0,0,1,0,0,0,0,12,11,11,0.4727,0.0000,0.0000,10,0,0,0,,0,hop,1
1180,145,1,0,-1,16,1,2,0,22,0,0,22,0,0,2,0,0,0,0,22,20,20,0.3936,0.0000,0.0000,8,0,0,0,,0,pending,0
1180,158,1,0,-1,15,2,3,0,18,0,0,18,0,0,1,0,0,0,0,18,17,17,0.2020,0.0000,0.0000,4,0,0,0,,0,hop,1
1181,145,1,0,-1,16,1,2,0,22,0,0,22,0,0,2,0,0,0,0,22,20,20,0.3937,0.0000,0.0000,8,0,0,0,,0,hop,1
1186,76,3,0,-1,17,0,1,1,23,0,0,23,0,0,0,1,0,0,0,23,24,24,0.5953,0.0000,0.0000,12,0,0,0,,0,hop,1
1187,2,1,0,-1,16,0,1,1,22,0,0,22,0,0,1,0,0,0,0,22,21,21,0.3898,0.0000,0.0000,6,0,0,0,,0,pending,0
1187,114,1,0,-1,15,0,2,0,21,0,0,21,0,0,1,1,0,0,0,21,21,21,0.4103,0.0000,0.0000,8,0,0,0,,0,pending,0
1187,152,1,0,-1,4,0,5,1,5,0,0,5,0,0,0,0,0,0,0,5,5,5,0.1799,0.0000,0.0000,3,0,0,0,,0,pending,0
1188,2,1,0,-1,16,0,1,1,22,0,0,22,0,0,1,0,0,0,0,22,21,21,0.3898,0.0000,0.0000,6,0,0,0,,0,hop,1
1188,114,1,0,-1,15,0,2,0,21,0,0,21,0,0,1,1,0,0,0,21,21,21,0.4103,0.0000,0.0000,8,0,0,0,,0,hop,1
1188,152,1,0,-1,4,0,5,1,5,0,0,5,0,0,0,0,0,0,0,5,5,5,0.1800,0.0000,0.0000,3,0,0,0,,0,hop,1
1191,75,1,0,-1,4,0,5,1,5,0,0,5,0,0,0,0,0,0,0,5,5,5,0.1848,0.0000,0.0000,3,0,0,0,,0,hop,1
1191,170,2,0,-1,16,0,2,0,22,0,0,22,0,0,0,0,0,0,0,22,22,22,0.5747,0.0000,0.0000,11,0,0,0,,0,pending,0
1192,170,2,0,-1,16,0,2,0,23,0,0,23,0,0,0,0,0,0,0,23,23,23,0.5744,0.0000,0.0000,11,0,0,0,,0,hop,1
1193,21,2,0,-1,20,0,2,0,24,0,0,24,0,0,0,0,0,0,0,24,24,24,0.5472,0.0000,0.0000,12,0,0,0,,0,pending,0
1194,14,1,0,-1,17,0,3,1,19,0,0,19,0,0,1,1,0,0,0,19,19,19,0.5541,0.0000,0.0000,9,0,0,0,,0,pending,0
1194,21,2,0,-1,20,0,2,0,24,0,0,24,0,0,0,0,0,0,0,24,24,24,0.5472,0.0000,0.0000,12,0,0,0,,0,hop,1
1194,133,2,0,-1,13,0,2,0,17,0,0,17,0,0,1,0,0,0,0,17,16,16,0.6590,0.0000,0.0000,11,0,0,0,,0,pending,0
1194,142,2,0,-1,17,0,2,0,23,0,0,23,0,0,0,0,0,0,0,23,23,23,0.5403,0.0000,0.0000,10,0,0,0,,0,hop,1
1195,14,1,0,-1,17,0,3,1,19,0,0,19,0,0,1,1,0,0,0,19,19,19,0.5541,0.0000,0.0000,9,0,0,0,,0,hop,1
1195,133,2,0,-1,13,0,2,0,17,0,0,17,0,0,1,0,0,0,0,17,16,16,0.6590,0.0000,0.0000,11,0,0,0,,0,hop,1
1198,72,2,0,-1,15,0,1,0,19,0,0,19,0,0,0,0,0,0,0,19,19,19,0.2494,0.0000,0.0000,4,0,0,0,,0,pending,0
1198,111,1,0,-1,3,0,1,1,3,0,0,3,0,0,0,0,0,0,0,3,3,3,0.1478,0.0000,0.0000,2,0,0,0,,0,pending,0
1199,72,2,0,-1,15,0,1,0,19,0,0,19,0,0,0,0,0,0,0,19,19,19,0.2494,0.0000,0.0000,4,0,0,0,,0,hop,1
1199,111,1,0,-1,3,0,1,1,3,0,0,3,0,0,0,0,0,0,0,3,3,3,0.1478,0.0000,0.0000,2,0,0,0,,0,hop,1
1203,159,1,0,-1,11,1,2,0,13,0,0,13,0,0,0,0,0,0,0,13,13,13,0.2621,0.0000,0.0000,4,0,0,0,,0,hop,1
1203,186,1,0,-1,14,1,2,0,21,0,0,21,0,0,5,0,0,0,0,21,16,16,0.6266,0.0000,0.0000,11,0,0,0,,0,hop,1
1205,13,2,0,-1,19,2,3,0,22,0,0,22,0,0,0,1,0,0,0,22,23,23,0.5936,0.0000,0.0000,11,0,0,0,,0,hop,1
1207,84,1,0,-1,19,0,2,0,23,0,0,23,0,0,1,1,0,0,0,23,23,23,0.5426,0.0000,0.0000,10,0,0,0,,0,hop,1
1209,154,2,0,-1,18,0,1,0,23,0,0,23,0,0,0,0,0,0,0,23,23,23,0.3978,0.0000,0.0000,10,0,0,0,,0,pending,0
1210,154,2,0,-1,18,0,1,0,23,0,0,23,0,0,0,0,0,0,0,23,23,23,0.3977,0.0000,0.0000,10,0,0,0,,0,hop,1
1211,9,1,0,-1,21,0,2,0,24,0,0,24,0,0,0,0,0,0,0,24,24,24,0.4874,0.0000,0.0000,9,0,0,0,,0,hop,1
1212,101,3,0,-1,6,2,4,0,8,0,0,8,0,0,0,0,0,0,0,8,8,8,0.2379,0.0000,0.0000,6,0,0,0,,0,hop,1
1213,12,2,0,-1,18,0,1,0,22,0,0,22,0,0,0,1,0,0,0,22,23,23,0.4873,0.0000,0.0000,9,0,0,0,,0,hop,1
1216,28,2,0,-1,20,0,1,0,26,0,0,26,0,0,1,0,0,0,0,26,25,25,0.5741,0.0000,0.0000,14,0,0,0,,0,hop,1
1220,71,2,0,-1,8,2,3,0,10,0,0,10,0,0,0,0,0,0,0,10,10,10,0.3641,0.0000,0.0000,7,0,0,0,,0,pending,0
1220,168,1,0,-1,19,0,1,0,30,0,0,30,0,0,5,0,0,0,0,30,25,25,0.3469,0.0000,0.0000,8,0,0,0,,0,pending,0
1221,5,2,0,-1,16,0,1,0,22,0,0,22,0,0,0,0,0,0,0,22,22,22,0.3594,0.0000,0.0000,8,0,0,0,,0,pending,0
1221,71,2,0,-1,8,2,3,0,10,0,0,10,0,0,0,0,0,0,0,10,10,10,0.3641,0.0000,0.0000,7,0,0,0,,0,hop,1
1221,103,1,0,-1,4,0,1,1,6,0,0,6,0,0,0,0,0,0,0,6,6,6,0.2223,0.0000,0.0000,4,0,0,0,,0,hop,1
1221,168,1,0,-1,19,0,1,0,30,0,0,30,0,0,5,0,0,0,0,30,25,25,0.3469,0.0000,0.0000,8,0,0,0,,0,hop,1
1222,5,2,0,-1,16,0,1,0,22,0,0,22,0,0,0,0,0,0,0,22,22,22,0.3594,0.0000,0.0000,8,0,0,0,,0,hop,1
1228,55,2,0,-1,21,1,2,0,24,0,0,24,0,0,0,0,0,0,0,24,24,24,0.5836,0.0000,0.0000,13,0,0,0,,0,pending,0
1228,157,2,0,-1,16,0,3,0,21,0,0,21,0,0,0,0,0,0,0,21,21,21,0.2162,0.0000,0.0000,5,0,0,0,,0,hop,1
1229,47,2,0,-1,17,1,3,0,21,0,0,21,0,0,0,0,0,0,0,21,21,21,0.6490,0.0000,0.0000,12,0,0,0,,0,pending,0
1229,55,2,0,-1,21,1,2,0,24,0,0,24,0,0,0,0,0,0,0,24,24,24,0.5836,0.0000,0.0000,13,0,0,0,,0,hop,1
1230,44,1,0,-1,19,0,2,0,22,0,0,22,0,0,0,2,0,0,0,22,24,24,0.5435,0.0000,0.0000,9,0,0,0,,0,hop,1
1230,47,2,0,-1,17,1,3,0,21,0,0,21,0,0,0,0,0,0,0,21,21,21,0.6489,0.0000,0.0000,12,0,0,0,,0,hop,1
1232,179,1,0,-1,0,0,1,1,0,0,0,0,0,0,0,0,0,0,0,0,0,0,0.0000,0.0000,0.0000,0,0,0,0,,0,hop,1
1239,166,2,0,-1,19,1,2,0,27,0,0,27,0,0,3,0,0,0,0,27,24,24,0.4023,0.0000,0.0000,12,0,0,0,,0,pending,0
1240,10,1,0,-1,20,0,1,0,24,0,0,24,0,0,0,0,0,0,0,24,24,24,0.4884,0.0000,0.0000,9,0,0,0,,0,pending,0
1240,166,2,0,-1,19,1,2,0,27,0,0,27,0,0,3,0,0,0,0,27,24,24,0.4024,0.0000,0.0000,12,0,0,0,,0,hop,1
1241,10,1,0,-1,20,0,1,0,24,0,0,24,0,0,0,0,0,0,0,24,24,24,0.4886,0.0000,0.0000,9,0,0,0,,0,hop,1
1243,169,1,0,-1,18,1,2,0,19,0,0,19,0,0,0,1,0,0,0,19,20,20,0.7035,0.0000,0.0000,11,0,0,1,,0,start_crowd,0
1244,113,1,0,-1,17,1,2,0,20,0,0,20,0,0,1,0,0,0,0,20,19,19,0.3223,0.0000,0.0000,7,0,0,0,,0,hop,1
1245,58,1,0,-1,17,0,3,0,24,0,0,24,0,0,0,0,0,0,0,24,24,24,0.5053,0.0000,0.0000,9,0,0,0,,0,pending,0
1246,58,1,0,-1,17,0,3,0,24,0,0,24,0,0,0,0,0,0,0,24,24,24,0.5053,0.0000,0.0000,9,0,0,0,,0,hop,1
1248,11,1,0,-1,19,0,1,1,23,0,1,22,1,0,0,0,0,0,0,23,23,23,0.5390,0.0359,0.0000,9,1,0,0,,0,start_holder,0
1250,56,1,0,-1,20,0,2,0,23,0,0,23,0,0,0,0,0,0,0,23,23,23,0.5503,0.0000,0.0000,11,0,0,0,,0,pending,0
1250,89,1,0,-1,21,0,1,0,25,0,0,25,0,0,0,0,0,0,0,25,25,25,0.6337,0.0000,0.0000,12,0,0,0,,0,pending,0
1250,124,1,0,-1,1,0,2,1,1,0,0,1,0,0,0,0,0,0,0,1,1,1,0.0347,0.0000,0.0000,1,0,0,0,,0,hop,1
1251,56,1,0,-1,20,0,2,0,23,0,0,23,0,0,0,0,0,0,0,23,23,23,0.5503,0.0000,0.0000,11,0,0,0,,0,hop,1
1251,89,1,0,-1,21,0,1,0,25,0,0,25,0,0,0,0,0,0,0,25,25,25,0.6337,0.0000,0.0000,12,0,0,0,,0,hop,1
1252,195,1,0,-1,18,0,2,0,22,0,0,22,0,0,1,0,0,0,0,22,21,21,0.4312,0.0000,0.0000,11,0,0,0,,0,hop,1
1253,107,2,0,-1,18,1,2,0,22,0,0,22,0,0,1,2,0,0,0,22,23,23,0.7039,0.0000,0.0000,14,0,0,1,,0,start_crowd,0
1254,3,2,0,-1,15,0,1,0,22,0,0,21,1,0,0,0,0,0,0,22,22,22,0.4218,0.0000,0.0000,7,0,0,0,,0,pending,0
1254,174,1,0,-1,16,0,2,0,21,0,0,21,0,0,2,1,0,0,0,21,20,20,0.6409,0.0000,0.0000,11,0,0,0,,0,hop,1
1255,3,2,0,-1,15,0,1,0,22,0,0,21,1,0,0,0,0,0,0,22,22,22,0.4217,0.0000,0.0000,7,0,0,0,,0,hop,1
1255,68,3,0,-1,16,0,1,1,22,0,0,22,0,0,0,0,0,0,0,22,22,22,0.3352,0.0000,0.0000,7,0,0,0,,0,hop,1
1258,66,1,0,-1,15,0,1,0,18,0,0,18,0,0,0,1,0,0,0,18,19,19,0.5910,0.0000,0.0000,9,0,0,0,,0,pending,0
1259,66,1,0,-1,15,0,1,0,18,0,0,18,0,0,0,1,0,0,0,18,19,19,0.5910,0.0000,0.0000,9,0,0,0,,0,hop,1
1259,171,1,0,-1,18,0,1,0,30,0,0,29,1,0,4,0,0,0,0,30,26,26,0.3719,0.0000,0.0000,10,0,0,0,,0,hop,1
1261,65,1,0,-1,18,0,4,0,21,0,1,20,1,0,0,0,0,0,0,21,21,21,0.6237,0.0693,0.0000,11,0,1,0,,0,hop,1
1261,194,1,0,-1,19,0,2,0,26,0,1,24,2,0,4,0,0,0,0,26,22,22,0.4619,0.0272,0.0000,12,1,0,0,,0,start_holder,0
1264,128,1,0,-1,20,0,2,0,27,0,0,27,0,0,3,0,0,0,0,27,24,24,0.3740,0.0000,0.0000,10,0,0,0,,0,hop,1
1267,149,1,0,-1,18,0,1,0,25,0,1,22,3,0,2,0,0,0,0,25,23,23,0.3527,0.0294,0.0000,8,1,0,0,,0,start_holder,0
1268,33,3,0,-1,11,2,4,0,14,0,0,14,0,0,1,0,0,0,0,14,13,13,0.4786,0.0000,0.0000,10,0,0,0,,0,pending,0
1269,33,3,0,-1,11,2,4,0,14,0,0,14,0,0,1,0,0,0,0,14,13,13,0.4786,0.0000,0.0000,10,0,0,0,,0,hop,1
1270,127,1,0,-1,19,0,1,1,27,0,0,27,0,0,4,0,0,0,0,27,23,23,0.4035,0.0000,0.0000,11,0,0,0,,0,pending,0
1271,7,2,0,-1,18,0,2,0,25,0,1,21,4,0,0,0,0,0,0,25,25,25,0.4213,0.0324,0.0000,9,1,0,0,,0,start_holder,0
1271,127,1,0,-1,18,0,1,1,26,0,0,26,0,0,4,0,0,0,0,26,22,22,0.4035,0.0000,0.0000,10,0,0,0,,0,hop,1
1272,90,1,0,-1,19,0,1,0,22,0,1,21,1,0,0,0,0,0,0,22,22,22,0.5983,0.0704,0.0000,11,1,0,0,,0,start_holder,0
1272,123,2,0,-1,13,0,2,0,18,0,0,18,0,0,0,0,0,0,0,18,18,18,0.2732,0.0000,0.0000,6,0,0,0,,0,pending,0
1272,132,1,0,-1,18,1,3,0,21,0,1,20,1,0,0,1,0,0,0,21,22,22,0.5826,0.0728,0.0000,11,0,1,0,,0,hop,1
1273,123,2,0,-1,13,0,2,0,18,0,0,18,0,0,0,0,0,0,0,18,18,18,0.2732,0.0000,0.0000,6,0,0,0,,0,hop,1
1274,77,3,0,-1,17,1,2,0,24,0,0,24,0,0,0,0,0,0,0,24,24,24,0.6052,0.0000,0.0000,13,0,0,0,,0,hop,1
1279,97,3,0,-1,2,0,1,1,2,0,0,2,0,0,0,0,0,0,0,2,2,2,0.0545,0.0000,0.0000,2,0,0,0,,0,pending,0
1280,97,3,0,-1,2,0,1,1,2,0,0,2,0,0,0,0,0,0,0,2,2,2,0.0545,0.0000,0.0000,2,0,0,0,,0,hop,1
1282,75,1,0,-1,3,1,5,0,3,0,0,3,0,0,0,1,0,0,0,3,4,4,0.1385,0.0000,0.0000,2,0,0,0,,0,pending,0
1282,115,2,0,-1,16,0,1,0,23,0,1,19,4,0,2,0,0,0,0,23,21,21,0.3506,0.0809,0.0000,9,1,0,0,,0,start_holder,0
1282,199,1,0,-1,14,1,3,0,20,0,0,19,1,0,1,0,0,0,0,20,19,19,0.2670,0.0000,0.0000,6,0,0,0,,0,hop,1
1283,75,1,0,-1,3,1,5,0,3,0,0,3,0,0,0,1,0,0,0,3,4,4,0.1384,0.0000,0.0000,2,0,0,0,,0,hop,1
1285,14,1,0,-1,17,0,2,0,18,0,1,17,1,0,0,1,0,0,0,18,19,19,0.4433,0.0369,0.0000,8,0,1,0,,0,pending,0
1285,34,1,0,-1,6,2,3,0,6,0,0,6,0,0,0,0,0,0,0,6,6,6,0.2585,0.0000,0.0000,5,0,0,0,,0,hop,1
1285,180,1,0,-1,18,0,1,1,26,0,1,24,2,0,4,0,0,0,0,26,22,22,0.3687,0.0527,0.0000,11,1,0,0,,0,start_holder,0
1286,14,1,0,-1,17,0,2,0,18,0,1,17,1,0,0,1,0,0,0,18,19,19,0.4433,0.0369,0.0000,8,0,1,0,,0,hop,1
1286,19,3,0,-1,18,1,2,0,24,0,0,24,0,0,0,0,0,0,0,24,24,24,0.5942,0.0000,0.0000,12,0,0,0,,0,hop,1
1286,26,3,0,-1,21,1,2,0,26,0,1,23,3,0,0,0,0,0,0,26,26,26,0.5881,0.0882,0.0000,15,1,0,0,,0,start_holder,0
1287,4,2,0,-1,15,0,1,0,21,0,1,16,5,0,0,0,0,0,0,21,21,21,0.4209,0.0647,0.0000,8,1,0,0,,0,start_holder,0
1288,143,2,0,-1,18,0,2,1,23,0,1,22,1,0,1,0,0,0,0,23,22,22,0.6220,0.0592,0.0000,13,0,1,0,,0,pending,0
1289,143,2,0,-1,18,0,2,1,23,0,1,22,1,0,1,0,0,0,0,23,22,22,0.6221,0.0593,0.0000,13,0,1,0,,0,hop,1
1290,107,2,1,37,17,1,2,0,21,0,0,21,0,0,1,1,0,0,0,21,21,21,0.7055,0.0000,0.0000,14,0,0,1,recheck,0,still,0
1292,119,1,0,-1,18,0,2,0,25,0,1,23,2,0,3,0,0,0,0,25,22,22,0.4418,0.0295,0.0000,10,1,0,0,,0,start_holder,0
1298,50,1,0,-1,19,0,1,0,21,0,0,21,0,0,0,2,0,0,0,21,23,23,0.6178,0.0000,0.0000,10,0,0,0,,0,pending,0
1299,50,1,0,-1,19,0,1,0,21,0,0,21,0,0,0,2,0,0,0,21,23,23,0.6178,0.0000,0.0000,10,0,0,0,,0,hop,1
1299,91,1,0,-1,18,2,3,0,22,0,1,21,1,0,0,0,0,0,0,22,22,22,0.6001,0.0706,0.0000,11,1,0,0,,0,start_holder,0
1299,144,2,0,-1,6,0,1,1,7,0,0,7,0,0,1,0,0,0,0,7,6,6,0.2481,0.0000,0.0000,6,0,0,0,,0,pending,0
1300,144,2,0,-1,6,0,1,1,7,0,0,7,0,0,1,0,0,0,0,7,6,6,0.2481,0.0000,0.0000,6,0,0,0,,0,hop,1
1301,169,1,1,58,18,1,2,0,19,0,0,19,0,0,0,2,0,0,0,19,21,21,0.5640,0.0000,0.0000,9,0,0,0,recheck,0,end_clear,1
1303,130,1,0,-1,15,1,5,0,20,0,0,20,0,0,0,0,0,0,0,20,20,20,0.5531,0.0000,0.0000,9,0,0,0,,0,pending,0
1304,86,1,0,-1,18,0,2,0,25,0,1,20,5,0,0,1,0,0,0,25,26,26,0.5721,0.1430,0.0000,10,1,0,0,,0,start_holder,0
1304,117,3,0,-1,17,0,1,0,26,0,1,21,5,0,1,0,0,0,0,26,25,25,0.3484,0.0498,0.0000,9,1,0,0,,0,start_holder,0
1304,130,1,0,-1,15,1,5,0,20,0,0,20,0,0,0,0,0,0,0,20,20,20,0.5531,0.0000,0.0000,9,0,0,0,,0,hop,1
1304,177,1,0,-1,21,0,1,0,27,0,1,22,5,0,3,0,0,0,0,27,24,24,0.4498,0.1058,0.0000,12,1,0,0,,0,start_holder,0
1305,67,2,0,-1,12,1,4,0,15,0,0,15,0,0,0,0,0,0,0,15,15,15,0.6607,0.0000,0.0000,11,0,0,0,,0,pending,0
1306,6,2,0,-1,15,1,2,0,25,0,1,19,6,0,0,0,0,0,0,25,25,25,0.3919,0.0980,0.0000,8,1,0,0,,0,start_holder,0
1306,67,2,0,-1,12,1,4,0,15,0,0,15,0,0,0,0,0,0,0,15,15,15,0.6607,0.0000,0.0000,11,0,0,0,,0,hop,1
1307,11,1,1,59,18,0,1,0,23,0,0,23,0,0,0,0,0,0,0,23,23,23,0.5325,0.0000,0.0000,9,0,0,0,recheck,0,end_clear,1
1307,15,1,0,-1,16,2,5,0,21,0,0,21,0,0,1,0,0,0,0,21,20,20,0.5725,0.0000,0.0000,10,0,0,0,,0,pending,0
1307,40,1,0,-1,18,0,1,0,19,0,1,13,6,0,0,1,0,0,0,19,20,20,0.4331,0.1805,0.0000,8,1,0,0,,0,start_holder,0
1307,161,2,0,-1,18,0,1,0,26,0,0,26,0,0,1,0,0,0,0,26,25,25,0.4534,0.0000,0.0000,10,0,0,0,,0,pending,0
1308,15,1,0,-1,16,2,5,0,21,0,0,21,0,0,1,0,0,0,0,21,20,20,0.5730,0.0000,0.0000,10,0,0,0,,0,hop,1
1308,161,2,0,-1,18,0,1,0,26,0,0,26,0,0,1,0,0,0,0,26,25,25,0.4534,0.0000,0.0000,10,0,0,0,,0,hop,1
1313,7,2,1,42,18,0,2,0,25,0,1,22,3,0,0,0,0,0,0,25,25,25,0.4212,0.0000,0.0000,9,0,0,0,recheck,0,end_clear,1
1313,152,1,0,-1,2,1,3,0,4,0,0,4,0,0,0,0,0,0,0,4,4,4,0.0670,0.0000,0.0000,2,0,0,0,,0,pending,0
1314,152,1,0,-1,2,1,3,0,4,0,0,4,0,0,0,0,0,0,0,4,4,4,0.0670,0.0000,0.0000,2,0,0,0,,0,hop,1
1316,194,1,1,55,19,1,2,0,26,0,1,25,1,0,3,0,0,0,0,26,23,23,0.4618,0.0272,0.0000,12,0,1,0,recheck,0,end_clear,1
1317,9,1,0,-1,21,0,1,0,23,0,1,22,1,0,0,0,0,0,0,23,23,23,0.4988,0.0000,0.0000,9,0,0,0,,0,pending,0
1318,9,1,0,-1,21,0,1,0,23,0,1,22,1,0,0,0,0,0,0,23,23,23,0.4990,0.0000,0.0000,9,0,0,0,,0,hop,1
1319,29,2,0,-1,18,0,2,0,22,0,1,19,3,0,0,0,0,0,0,22,22,22,0.5477,0.1217,0.0000,12,1,0,0,,0,start_holder,0
1320,107,2,1,67,16,1,2,0,20,0,0,20,0,0,0,1,0,0,0,20,21,21,0.6756,0.0000,0.0000,13,0,0,0,recheck,0,end_clear,1
1320,115,2,1,38,16,0,1,0,23,0,1,17,6,0,2,0,0,0,0,23,21,21,0.4045,0.0809,0.0000,10,1,0,0,recheck,0,still,0
1320,136,2,0,-1,9,0,4,0,11,0,0,11,0,0,1,0,0,0,0,11,10,10,0.4121,0.0000,0.0000,9,0,0,0,,0,pending,0
1321,116,2,0,-1,17,0,1,0,26,0,1,21,5,0,1,0,0,0,0,26,25,25,0.3780,0.1080,0.0000,9,1,0,0,,0,start_holder,0
1321,131,2,0,-1,16,0,1,0,26,0,1,21,5,0,2,0,2,2,2,28,24,26,0.4210,0.1486,0.0000,11,1,0,0,,0,start_holder,0
1321,136,2,0,-1,9,0,4,0,11,0,0,11,0,0,1,0,0,0,0,11,10,10,0.4121,0.0000,0.0000,9,0,0,0,,0,hop,1
1321,180,1,1,36,18,0,1,1,24,0,1,21,3,0,3,0,0,0,0,24,21,21,0.3950,0.0263,0.0000,12,1,0,0,recheck,0,still,0
1322,13,2,0,-1,19,0,1,0,22,0,0,22,0,0,0,1,0,0,0,22,23,23,0.4947,0.0000,0.0000,10,0,0,0,,0,pending,0
1322,31,3,0,-1,18,1,4,0,23,0,1,22,1,0,0,0,0,0,0,23,23,23,0.6253,0.0298,0.0000,14,0,1,0,,0,hop,1
1323,13,2,0,-1,19,0,1,0,22,0,0,22,0,0,0,1,0,0,0,22,23,23,0.4947,0.0000,0.0000,10,0,0,0,,0,hop,1
1323,149,1,1,56,18,0,1,0,25,0,1,24,1,0,2,0,0,0,0,25,23,23,0.4114,0.0294,0.0000,9,1,0,0,recheck,0,still,0
1324,90,1,1,52,18,0,1,0,21,0,1,20,1,0,0,0,0,0,0,21,21,21,0.5992,0.0352,0.0000,11,0,1,0,recheck,0,end_clear,1
1328,72,2,0,-1,15,0,1,1,18,0,0,15,3,0,0,0,1,1,1,19,18,19,0.2589,0.0000,0.0000,4,0,0,0,,0,pending,0
1329,72,2,0,-1,15,0,1,1,18,0,0,15,3,0,0,0,1,1,1,19,18,19,0.2590,0.0000,0.0000,4,0,0,0,,0,hop,1
1330,25,2,0,-1,17,1,2,0,25,0,1,21,4,0,0,0,2,2,2,27,25,27,0.5819,0.2263,0.0000,12,1,0,0,,0,start_holder,0
1331,5,2,0,-1,16,0,1,0,22,0,1,16,6,0,0,0,0,0,0,22,22,22,0.3610,0.0984,0.0000,8,0,1,0,,0,hop,1
1331,57,1,0,-1,19,2,3,0,22,0,1,16,6,0,0,0,1,1,1,23,22,23,0.6228,0.2198,0.0000,11,1,0,0,,0,start_holder,0
1333,154,2,0,-1,18,0,1,0,21,0,1,16,5,0,0,0,1,1,1,22,21,22,0.3714,0.1061,0.0000,9,1,0,0,,0,start_holder,0
1334,26,3,1,48,20,1,2,0,25,0,1,23,2,0,0,0,1,1,1,26,25,26,0.5874,0.0881,0.0000,15,1,0,0,recheck,0,still,0
1336,8,2,0,-1,19,0,2,0,25,0,1,23,2,0,0,0,0,0,0,25,25,25,0.3842,0.0000,0.0000,9,0,0,0,,0,pending,0
1336,23,2,0,-1,17,1,2,0,23,0,1,18,5,0,0,0,2,2,2,25,23,25,0.5194,0.2597,0.0000,11,1,0,0,,0,start_holder,0
1336,188,1,0,-1,17,0,2,0,21,0,1,15,6,0,2,0,1,1,1,22,19,20,0.4050,0.1890,0.0000,10,1,0,0,,0,start_holder,0
1337,4,2,1,50,15,0,1,0,20,0,1,14,6,0,0,0,1,1,1,21,20,21,0.4175,0.0963,0.0000,8,1,0,0,recheck,0,still,0
1337,8,2,0,-1,19,0,2,0,25,0,1,23,2,0,0,0,0,0,0,25,25,25,0.3843,0.0000,0.0000,9,0,0,0,,0,hop,1
1337,86,1,1,33,18,0,2,0,23,0,1,20,3,0,0,1,2,2,2,25,24,26,0.5364,0.1788,0.0000,9,1,0,0,recheck,0,still,0
1337,138,2,0,-1,20,0,1,0,26,0,1,24,2,0,2,0,1,1,1,27,24,25,0.3933,0.0492,0.0000,13,1,0,0,,0,start_holder,0
1338,168,1,0,-1,18,0,1,0,27,0,1,18,9,0,5,0,2,2,2,29,22,24,0.4263,0.2664,0.0000,10,1,0,0,,0,start_holder,0
1339,88,1,0,-1,19,0,1,0,22,0,1,19,3,0,0,1,1,1,1,23,23,24,0.6099,0.1076,0.0000,12,1,0,0,,0,start_holder,0
1350,21,2,0,-1,19,0,1,0,23,0,1,14,9,0,0,0,1,1,1,24,23,24,0.5908,0.3282,0.0000,12,1,0,0,,0,start_holder,0
1350,115,2,1,68,16,0,1,0,23,0,1,16,7,0,2,0,0,0,0,23,21,21,0.4045,0.1348,0.0000,10,1,0,0,recheck,0,still,0
1350,119,1,1,58,19,1,2,0,25,0,0,25,0,0,3,1,0,0,0,25,23,23,0.4419,0.0000,0.0000,10,0,0,0,recheck,0,end_clear,0
1350,146,2,0,-1,18,0,1,0,25,0,1,20,5,0,1,0,0,0,0,25,24,24,0.3885,0.1942,0.0000,10,1,0,0,,0,start_holder,0
1351,6,2,1,45,15,0,1,0,25,0,1,23,2,0,0,0,0,0,0,25,25,25,0.3952,0.0000,0.0000,8,0,0,0,recheck,0,end_clear,1
1351,180,1,1,66,18,0,1,1,24,0,1,22,2,0,3,0,0,0,0,24,21,21,0.3950,0.0263,0.0000,12,1,0,0,recheck,0,still,0
1352,58,1,0,-1,17,0,2,0,20,0,1,13,7,0,0,0,2,2,2,22,20,22,0.5047,0.3244,0.0000,9,1,0,0,,0,start_holder,0
1353,149,1,1,86,18,0,1,0,26,0,0,26,0,0,3,0,0,0,0,26,23,23,0.3819,0.0000,0.0000,8,0,0,0,recheck,0,end_clear,1
1353,159,1,0,-1,11,1,2,0,14,0,0,12,2,0,0,0,0,0,0,14,14,14,0.2621,0.0000,0.0000,4,0,0,0,,0,hop,1
1354,141,2,0,-1,17,0,1,0,24,0,0,23,1,0,2,0,0,0,0,24,22,22,0.4840,0.0000,0.0000,10,0,0,0,,0,pending,0
1354,186,1,0,-1,13,3,4,0,22,0,0,22,0,0,5,0,0,0,0,22,17,17,0.6768,0.0000,0.0000,12,0,0,0,,0,hop,1
1355,29,2,1,36,18,0,2,0,22,0,1,21,1,0,0,0,0,0,0,22,22,22,0.5777,0.0304,0.0000,13,1,0,0,recheck,0,still,0
1355,141,2,0,-1,17,0,1,0,24,0,0,23,1,0,2,0,0,0,0,24,22,22,0.4841,0.0000,0.0000,10,0,0,0,,0,hop,1
1356,158,1,0,-1,14,2,3,0,17,0,1,13,4,0,1,1,1,1,1,18,17,18,0.2887,0.0000,0.0000,5,0,0,0,,0,hop,1
1357,17,3,0,-1,18,2,4,0,23,0,1,14,9,0,0,0,1,1,1,24,23,24,0.6250,0.2381,0.0000,13,1,0,0,,0,start_holder,0
1357,91,1,1,58,18,3,4,0,22,0,0,22,0,0,0,0,0,0,0,22,22,22,0.6715,0.0000,0.0000,12,0,0,0,recheck,0,end_clear,1
1358,145,1,0,-1,15,1,2,0,20,0,1,16,4,0,2,0,2,2,2,22,18,20,0.3940,0.0844,0.0000,8,1,0,0,,0,start_holder,0
1359,40,1,1,52,17,0,1,0,21,0,1,20,1,0,0,1,0,0,0,21,22,22,0.4332,0.0000,0.0000,8,0,0,0,recheck,0,end_clear,1
1359,117,3,1,55,18,0,1,0,26,0,0,26,0,0,0,0,0,0,0,26,26,26,0.3499,0.0000,0.0000,9,0,0,0,recheck,0,end_clear,1
1359,177,1,1,55,21,0,1,0,25,0,1,22,3,0,2,0,2,2,1,27,23,24,0.4233,0.1058,0.0000,11,1,0,0,recheck,0,still,0
1359,189,1,0,-1,17,0,1,0,20,0,1,18,2,0,0,0,2,2,1,22,20,21,0.3892,0.1816,0.0000,9,1,0,0,,0,start_holder,0
1360,56,1,0,-1,19,0,2,0,21,0,1,11,10,0,0,0,1,1,1,22,21,22,0.5498,0.4032,0.0000,10,1,0,0,,0,start_holder,0
1362,118,3,0,-1,20,0,1,0,27,0,0,26,1,0,1,0,0,0,0,27,26,26,0.4750,0.0000,0.0000,13,0,0,0,,0,pending,0
1363,118,3,0,-1,20,0,1,0,27,0,0,26,1,0,1,0,0,0,0,27,26,26,0.4751,0.0000,0.0000,13,0,0,0,,0,hop,1
1364,26,3,1,78,20,1,2,0,24,0,1,21,3,0,0,1,1,1,1,25,25,26,0.5287,0.0881,0.0000,13,1,0,0,recheck,0,still,0
1364,89,1,0,-1,20,0,1,0,21,0,1,20,1,0,0,1,1,1,1,22,22,23,0.6010,0.0707,0.0000,12,1,0,0,,0,start_holder,0
1364,165,1,0,-1,19,0,1,0,24,0,1,12,12,0,4,0,1,1,1,25,20,21,0.4028,0.1880,0.0000,10,1,0,0,,0,start_holder,0
1365,84,1,0,-1,18,1,3,0,23,0,1,11,12,0,1,0,1,1,1,24,22,23,0.6139,0.4334,0.0000,11,1,0,0,,0,start_holder,0
1366,76,3,0,-1,17,4,5,0,24,0,1,19,5,0,0,0,0,0,0,24,24,24,0.5654,0.0893,0.0000,12,1,0,0,,0,start_holder,0
1366,108,1,0,-1,14,1,3,0,17,0,0,17,0,0,0,1,0,0,0,17,18,18,0.6606,0.0000,0.0000,10,0,0,0,,0,pending,0
1367,4,2,1,80,15,0,1,0,19,0,1,18,1,0,0,0,2,2,2,21,19,21,0.4179,0.0000,0.0000,8,0,0,0,recheck,0,end_clear,1
1367,44,1,0,-1,19,0,2,0,22,0,1,21,1,0,0,2,0,0,0,22,24,24,0.5365,0.1073,0.0000,9,1,0,0,,0,start_holder,0
1367,86,1,1,63,18,0,2,0,20,0,1,17,3,0,0,1,4,4,4,24,21,25,0.5730,0.2507,0.0000,10,1,0,0,recheck,0,still,0
1367,108,1,0,-1,14,1,3,0,17,0,0,17,0,0,0,1,0,0,0,17,18,18,0.6607,0.0000,0.0000,10,0,0,0,,0,hop,1
1368,133,2,0,-1,12,2,4,0,17,0,0,17,0,0,1,0,0,0,0,17,16,16,0.6589,0.0000,0.0000,11,0,0,0,,0,pending,0
1368,182,1,0,-1,20,1,2,0,26,0,1,23,3,0,3,0,0,0,0,26,23,23,0.5166,0.0816,0.0000,12,1,0,0,,0,start_holder,0
1369,131,2,1,48,16,0,1,0,24,0,1,17,7,0,2,0,4,4,4,28,22,26,0.4210,0.1734,0.0000,11,1,0,0,recheck,0,still,0
1369,133,2,0,-1,12,2,4,0,17,0,0,17,0,0,1,0,0,0,0,17,16,16,0.6589,0.0000,0.0000,11,0,0,0,,0,hop,1
1370,28,2,0,-1,19,0,1,0,24,0,1,22,2,0,1,0,1,1,1,25,23,24,0.6011,0.0902,0.0000,15,0,1,0,,0,pending,0
1370,170,2,0,-1,17,3,5,0,22,0,1,16,6,0,0,0,0,0,0,22,22,22,0.5850,0.0975,0.0000,11,1,0,0,,0,start_holder,0
1371,28,2,0,-1,19,0,1,0,24,0,1,22,2,0,1,0,1,1,1,25,23,24,0.6011,0.0902,0.0000,15,0,1,0,,0,hop,1
1372,110,1,0,-1,10,1,4,0,10,0,0,10,0,0,0,1,0,0,0,10,11,11,0.4772,0.0000,0.0000,8,0,0,0,,0,pending,0
1372,124,1,0,-1,1,0,1,1,1,0,0,1,0,0,0,0,0,0,0,1,1,1,0.0351,0.0000,0.0000,1,0,0,0,,0,hop,1
1373,88,1,1,34,19,0,1,0,21,0,1,19,2,0,0,0,2,2,3,23,21,24,0.5725,0.1073,0.0000,11,1,0,0,recheck,0,still,0
1373,110,1,0,-1,10,1,4,0,10,0,0,10,0,0,0,1,0,0,0,10,11,11,0.5506,0.0000,0.0000,9,0,0,0,,0,hop,1
1373,116,2,1,52,17,0,2,1,24,0,1,21,3,0,1,0,0,0,0,24,23,23,0.4050,0.0270,0.0000,10,1,0,0,recheck,0,still,0
1374,25,2,1,44,17,1,2,0,23,0,1,18,5,0,0,0,3,3,3,26,23,26,0.5818,0.2586,0.0000,12,1,0,0,recheck,0,still,0
1374,111,1,0,-1,1,0,4,1,3,0,0,3,0,0,0,0,0,0,0,3,3,3,0.1108,0.0000,0.0000,1,0,0,0,,0,pending,0
1374,166,2,0,-1,20,1,2,0,24,0,1,10,14,0,1,0,1,1,1,25,23,24,0.3840,0.2400,0.0000,10,1,0,0,,0,start_holder,0
1375,111,1,0,-1,1,0,4,1,3,0,0,3,0,0,0,0,0,0,0,3,3,3,0.1108,0.0000,0.0000,1,0,0,0,,0,hop,1
1376,113,1,0,-1,17,1,2,0,19,0,1,15,4,0,2,0,2,2,2,21,17,19,0.3223,0.0293,0.0000,7,0,1,0,,0,hop,1
1379,138,2,1,42,20,0,1,0,26,0,1,24,2,0,2,0,0,0,0,26,24,24,0.3933,0.0246,0.0000,13,0,1,0,recheck,0,end_clear,1
1380,101,3,0,-1,6,0,5,1,7,0,0,7,0,0,0,0,0,0,0,7,7,7,0.2088,0.0000,0.0000,6,0,0,0,,0,pending,0
1380,115,2,1,98,16,0,1,0,22,0,1,21,1,0,2,0,1,1,1,23,20,21,0.4045,0.1348,0.0000,10,1,0,0,recheck,0,still,0
1381,101,3,0,-1,6,0,5,1,7,0,0,7,0,0,0,0,0,0,0,7,7,7,0.2088,0.0000,0.0000,6,0,0,0,,0,hop,1
1381,180,1,1,96,18,0,1,1,25,0,0,23,2,0,4,0,0,0,0,25,21,21,0.3949,0.0000,0.0000,12,0,0,0,recheck,0,end_clear,1
1382,139,1,0,-1,19,0,2,0,25,0,1,22,3,0,2,0,0,0,0,25,23,23,0.5308,0.1474,0.0000,11,1,0,0,,0,start_holder,0
1384,168,1,1,46,18,0,1,0,24,0,1,13,11,0,5,0,2,2,2,26,19,21,0.4269,0.3469,0.0000,10,1,0,0,recheck,0,still,0
1384,188,1,1,48,17,1,2,0,20,0,1,16,4,0,2,0,2,2,2,22,18,20,0.4046,0.0809,0.0000,10,1,0,0,recheck,0,still,0
1385,29,2,1,66,18,0,1,0,22,0,0,22,0,0,0,0,0,0,0,22,22,22,0.5803,0.0000,0.0000,13,0,0,0,recheck,0,end_clear,1
1386,57,1,1,55,19,2,3,0,20,0,1,12,8,0,0,0,3,3,3,23,20,23,0.6238,0.4403,0.0000,11,1,0,0,recheck,0,still,0
1387,142,2,0,-1,16,0,2,0,21,0,1,16,5,0,0,1,1,1,1,22,22,23,0.5904,0.1554,0.0000,11,1,0,0,,0,start_holder,0
1387,154,2,1,54,18,0,1,0,20,0,1,16,4,0,0,0,2,2,2,22,20,22,0.3714,0.0265,0.0000,9,0,1,0,recheck,0,end_clear,1
1388,132,1,0,-1,19,2,4,0,21,0,0,21,0,0,0,1,0,0,0,21,22,22,0.6270,0.0000,0.0000,12,0,0,0,,0,pending,0
1389,23,2,1,53,17,1,2,0,22,0,1,16,6,0,0,0,1,1,1,23,22,23,0.5198,0.2924,0.0000,11,1,0,0,recheck,0,still,0
1389,132,1,0,-1,19,2,4,0,21,0,0,21,0,0,0,1,0,0,0,21,22,22,0.6280,0.0000,0.0000,12,0,0,0,,0,hop,1
1389,177,1,1,85,21,0,1,1,26,0,1,23,3,0,3,0,0,0,0,26,23,23,0.4233,0.0265,0.0000,11,1,0,0,recheck,0,still,0
1390,66,1,0,-1,13,0,1,0,18,0,0,18,0,0,1,0,0,0,0,18,17,17,0.5907,0.0000,0.0000,9,0,0,0,,0,hop,1
1390,103,1,0,-1,4,0,1,0,5,0,0,5,0,0,0,0,0,0,0,5,5,5,0.1732,0.0000,0.0000,4,0,0,0,,0,pending,0
1391,3,2,0,-1,15,0,1,1,19,0,1,15,4,0,0,0,2,2,2,21,19,21,0.4211,0.0000,0.0000,7,0,0,0,,0,hop,1
1391,21,2,1,41,19,0,2,0,18,0,1,10,8,0,0,0,5,5,5,23,18,23,0.5905,0.4264,0.0000,12,1,0,0,recheck,0,still,0
1391,103,1,0,-1,4,0,1,0,5,0,0,5,0,0,0,0,0,0,0,5,5,5,0.1732,0.0000,0.0000,4,0,0,0,,0,hop,1
1392,146,2,1,42,16,1,2,0,25,0,1,21,4,0,2,0,1,1,1,26,23,24,0.3889,0.1215,0.0000,10,1,0,0,recheck,0,still,0
1393,16,1,0,-1,18,0,3,0,20,0,1,11,9,0,0,0,2,2,2,22,20,22,0.5899,0.2212,0.0000,9,1,0,0,,0,start_holder,0
1394,26,3,1,108,18,1,2,0,25,0,1,23,2,0,0,1,0,0,0,25,26,26,0.5605,0.0590,0.0000,14,1,0,0,recheck,0,still,0
1397,86,1,1,93,17,0,2,0,21,0,1,18,3,0,0,1,1,1,1,22,22,23,0.5368,0.1789,0.0000,9,1,0,0,recheck,0,still,0
1399,131,2,1,78,16,0,1,0,26,0,1,19,7,0,2,0,1,1,1,27,24,25,0.3963,0.1238,0.0000,10,1,0,0,recheck,0,still,0
1400,49,2,0,-1,18,0,4,0,22,0,1,13,9,0,0,0,2,2,2,24,22,24,0.6860,0.2287,0.0000,12,1,0,0,,0,start_holder,0
1401,12,2,0,-1,17,0,1,0,23,0,1,15,8,0,0,1,0,0,0,23,24,24,0.5488,0.2905,0.0000,10,1,0,0,,0,start_holder,0
1401,145,1,1,43,15,1,2,0,20,0,1,16,4,0,2,0,2,2,2,22,18,20,0.4504,0.0563,0.0000,9,1,0,0,recheck,0,still,0
1403,10,1,0,-1,20,1,2,0,24,0,1,15,9,0,0,0,0,0,0,24,24,24,0.4972,0.2131,0.0000,9,1,0,0,,0,start_holder,0
1403,88,1,1,64,19,0,1,0,23,0,1,22,1,0,0,0,0,0,1,23,23,24,0.5745,0.0359,0.0000,11,0,1,0,recheck,0,end_clear,1
1403,116,2,1,82,17,0,2,0,24,0,1,18,6,0,1,0,0,0,0,24,23,23,0.4050,0.0270,0.0000,10,1,0,0,recheck,0,still,0
1403,153,1,0,-1,18,1,3,0,19,0,1,15,4,0,1,0,2,2,2,21,18,20,0.4090,0.0584,0.0000,9,0,1,0,,0,pending,0
1403,174,1,0,-1,15,1,3,0,17,0,0,17,0,0,0,1,0,0,0,17,18,18,0.6732,0.0000,0.0000,11,0,0,0,,0,hop,1
1404,25,2,1,74,17,1,2,0,25,0,1,22,3,0,0,0,1,1,1,26,25,26,0.5500,0.1618,0.0000,11,1,0,0,recheck,0,still,0
1404,153,1,0,-1,18,1,3,0,19,0,1,15,4,0,1,0,2,2,2,21,18,20,0.4090,0.0584,0.0000,9,0,1,0,,0,hop,1
1405,17,3,1,48,18,2,4,0,20,0,1,11,9,0,0,0,4,4,4,24,20,24,0.5644,0.2376,0.0000,12,1,0,0,recheck,0,still,0
1406,56,1,1,46,19,0,2,0,18,0,1,11,7,0,0,0,4,4,4,22,18,22,0.5492,0.4027,0.0000,10,1,0,0,recheck,0,still,0
1407,163,1,0,-1,18,0,1,1,23,0,1,12,11,0,4,0,2,2,2,25,19,21,0.4060,0.0812,0.0000,9,1,0,0,,0,start_holder,0
1407,182,1,1,39,20,1,2,0,26,0,1,17,9,0,2,0,0,0,0,26,24,24,0.5170,0.2721,0.0000,12,1,0,0,recheck,0,still,0
1408,89,1,1,44,20,1,2,0,22,0,0,22,0,0,0,2,0,0,0,22,24,24,0.5349,0.0000,0.0000,11,0,0,0,recheck,0,end_clear,1
1409,58,1,1,57,16,0,2,0,20,0,1,17,3,0,0,0,1,1,1,21,20,21,0.5054,0.2166,0.0000,9,1,0,0,recheck,0,still,0
1410,76,3,1,44,17,0,1,0,21,0,1,14,7,0,0,1,2,2,2,23,22,24,0.6547,0.2976,0.0000,13,1,0,0,recheck,0,still,0
1410,115,2,1,128,16,0,1,0,22,0,1,18,4,0,2,0,1,1,1,23,20,21,0.3505,0.1079,0.0000,9,1,0,0,recheck,0,still,0
1411,14,1,0,-1,19,0,1,0,20,0,1,13,7,0,0,1,0,0,0,20,21,21,0.4433,0.2955,0.0000,8,1,0,0,,0,start_holder,0
1411,179,1,0,-1,0,0,2,1,0,0,0,0,0,0,0,0,0,0,0,0,0,0,0.0000,0.0000,0.0000,0,0,0,0,,0,pending,0
1412,179,1,0,-1,0,0,2,1,0,0,0,0,0,0,0,0,0,0,0,0,0,0,0.0000,0.0000,0.0000,0,0,0,0,,0,hop,1
1413,55,2,0,-1,20,1,2,0,19,0,1,13,6,0,0,0,5,5,5,24,19,24,0.5838,0.3892,0.0000,12,1,0,0,,0,start_holder,0
1413,68,3,0,-1,15,1,2,0,20,0,1,16,4,0,0,0,2,2,2,22,20,22,0.3173,0.0000,0.0000,6,0,0,0,,0,hop,1
1413,143,2,0,-1,18,0,1,0,23,0,0,23,0,0,1,1,0,0,0,23,23,23,0.6727,0.0000,0.0000,14,0,0,0,,0,hop,1
1413,165,1,1,49,19,0,1,0,21,0,1,13,8,0,3,0,4,4,4,25,18,22,0.4028,0.2685,0.0000,10,1,0,0,recheck,0,still,0
1414,62,1,0,-1,20,0,1,0,23,0,0,23,0,0,0,0,0,0,0,23,23,23,0.6067,0.0000,0.0000,12,0,0,0,,0,pending,0
1414,75,1,0,-1,2,0,3,1,2,0,0,2,0,0,0,0,0,0,0,2,2,2,0.0369,0.0000,0.0000,1,0,0,0,,0,hop,1
1414,168,1,1,76,17,0,1,0,22,0,1,15,7,0,3,0,4,4,2,26,19,21,0.4002,0.2401,0.0000,9,1,0,0,recheck,0,still,0
1414,188,1,1,78,17,0,2,0,20,0,1,15,5,0,2,0,2,2,2,22,18,20,0.4050,0.0810,0.0000,10,1,0,0,recheck,0,still,0
1415,62,1,0,-1,20,0,1,0,23,0,0,23,0,0,0,0,0,0,0,23,23,23,0.6067,0.0000,0.0000,12,0,0,0,,0,hop,1
1416,47,2,0,-1,19,0,1,0,20,0,1,12,8,0,0,2,0,0,0,20,22,22,0.4866,0.3568,0.0000,10,1,0,0,,0,start_holder,0
1416,57,1,1,85,19,2,3,0,20,0,1,14,6,0,0,0,3,3,3,23,20,23,0.5503,0.3669,0.0000,10,1,0,0,recheck,0,still,0
1416,195,1,0,-1,18,0,3,0,20,0,1,16,4,0,1,0,2,2,2,22,19,21,0.4033,0.0538,0.0000,10,1,0,0,,0,start_holder,0
1417,15,1,0,-1,16,2,4,0,20,0,1,11,9,0,1,0,2,2,2,22,19,21,0.5553,0.2777,0.0000,10,1,0,0,,0,start_holder,0
1417,142,2,1,30,16,0,2,0,19,0,1,11,8,0,0,1,2,2,2,21,20,22,0.5927,0.2495,0.0000,11,1,0,0,recheck,0,still,0
1417,170,2,1,47,17,3,4,0,19,0,1,11,8,0,0,1,2,2,2,21,20,22,0.5537,0.1954,0.0000,10,1,0,0,recheck,0,still,0
1417,171,1,0,-1,17,0,1,0,27,0,1,23,4,0,3,0,1,1,1,28,24,25,0.3718,0.0266,0.0000,10,1,0,0,,0,start_holder,0
1417,189,1,1,58,17,0,1,0,20,0,1,16,4,0,2,0,2,2,2,22,18,20,0.3900,0.1560,0.0000,9,1,0,0,recheck,0,still,0
1419,23,2,1,83,16,1,2,0,21,0,1,16,5,0,0,0,1,1,1,22,21,22,0.5189,0.2270,0.0000,11,1,0,0,recheck,0,still,0
1419,177,1,1,115,21,0,1,1,26,0,0,25,1,0,3,0,0,0,0,26,23,23,0.4233,0.0000,0.0000,11,0,0,0,recheck,0,end_clear,1
1420,84,1,1,55,18,1,3,0,20,0,1,14,6,0,0,0,2,2,2,22,20,22,0.6163,0.3625,0.0000,11,1,0,0,recheck,0,still,0
1421,21,2,1,71,19,0,2,0,18,0,1,10,8,0,0,0,4,4,4,22,18,22,0.5583,0.4597,0.0000,11,1,0,0,recheck,0,still,0
1421,166,2,1,47,20,1,2,0,22,0,1,13,9,0,1,0,4,4,4,26,21,25,0.3861,0.2413,0.0000,10,1,0,0,recheck,0,still,0
1422,92,1,0,-1,16,0,2,0,19,0,0,19,0,0,0,1,0,0,0,19,20,20,0.5905,0.0000,0.0000,10,0,0,0,,0,pending,0
1422,146,2,1,72,16,1,2,0,25,0,1,17,8,0,2,0,1,1,1,26,23,24,0.3895,0.1461,0.0000,10,1,0,0,recheck,0,still,0
1423,92,1,0,-1,16,0,2,0,19,0,0,19,0,0,0,1,0,0,0,19,20,20,0.5905,0.0000,0.0000,10,0,0,0,,0,hop,1
1424,26,3,1,138,18,1,2,0,26,0,0,26,0,0,0,0,0,0,0,26,26,26,0.5913,0.0000,0.0000,15,0,0,0,recheck,0,end_clear,1
1426,44,1,1,59,19,0,2,0,23,0,1,12,11,0,0,1,0,0,0,23,24,24,0.5304,0.3890,0.0000,9,1,0,0,recheck,0,still,0
1427,86,1,1,123,16,0,2,0,23,0,1,23,0,0,0,1,0,0,0,23,24,24,0.5369,0.0000,0.0000,9,0,0,0,recheck,0,end_clear,1
1427,139,1,1,45,19,0,2,0,25,0,1,14,11,0,2,0,0,0,0,25,23,23,0.5308,0.3539,0.0000,11,1,0,0,recheck,0,still,0
1429,131,2,1,108,15,0,1,0,28,0,1,24,4,0,2,0,0,0,0,28,26,26,0.4210,0.0248,0.0000,11,0,1,0,recheck,0,end_clear,1
1430,2,1,0,-1,16,0,1,1,18,0,1,13,5,0,0,0,2,2,2,20,18,20,0.3980,0.0000,0.0000,6,0,0,0,,0,pending,0
1430,54,2,0,-1,19,1,2,0,19,0,1,12,7,0,0,0,3,3,3,22,19,22,0.5742,0.3828,0.0000,11,1,0,0,,0,start_holder,0
1431,2,1,0,-1,16,0,1,1,18,0,1,13,5,0,0,0,2,2,2,20,18,20,0.3980,0.0000,0.0000,6,0,0,0,,0,hop,1
1431,145,1,1,73,15,1,2,0,20,0,1,15,5,0,2,0,2,2,2,22,18,20,0.4220,0.0844,0.0000,9,1,0,0,recheck,0,still,0
1431,157,2,0,-1,16,0,3,0,18,0,1,14,4,0,0,0,2,2,2,20,18,20,0.2703,0.0000,0.0000,6,0,0,0,,0,hop,1
1433,51,1,0,-1,18,3,4,0,17,0,1,8,9,0,0,0,4,4,4,21,17,21,0.6021,0.4250,0.0000,10,1,0,0,,0,start_holder,0
1433,116,2,1,112,17,0,2,0,23,0,1,16,7,0,1,0,1,1,1,24,22,23,0.4050,0.0540,0.0000,10,1,0,0,recheck,0,still,0
1433,169,1,0,-1,16,0,1,0,17,0,1,9,8,0,0,1,3,3,3,20,18,21,0.6687,0.4928,0.0000,10,1,0,0,,0,start_holder,0
1434,9,1,0,-1,21,0,1,0,22,0,1,11,11,0,0,0,2,2,2,24,22,24,0.5043,0.3962,0.0000,9,1,0,0,,0,start_holder,0
1434,25,2,1,104,16,0,1,0,26,0,1,26,0,0,0,0,0,0,0,26,26,26,0.5538,0.0000,0.0000,11,0,0,0,recheck,0,end_clear,1
1435,17,3,1,78,18,2,4,0,21,0,1,13,8,0,0,0,3,3,3,24,21,24,0.5646,0.3566,0.0000,12,1,0,0,recheck,0,still,0
1436,56,1,1,76,19,0,2,0,19,0,1,15,4,0,0,0,2,2,2,21,19,21,0.5492,0.1831,0.0000,10,1,0,0,recheck,0,still,0
1437,80,1,0,-1,20,0,4,0,17,0,1,9,8,0,0,1,3,3,3,20,18,21,0.5271,0.4217,0.0000,9,1,0,0,,0,start_holder,0
1437,182,1,1,69,20,1,2,0,22,0,1,11,11,0,2,0,4,4,4,26,20,24,0.5171,0.3810,0.0000,12,1,0,0,recheck,0,still,0
1438,123,2,0,-1,12,0,2,0,18,0,1,15,3,0,0,0,0,0,0,18,18,18,0.2733,0.0000,0.0000,6,0,0,0,,0,hop,1
1439,58,1,1,87,16,0,2,0,21,0,1,20,1,0,0,0,0,0,0,21,21,21,0.5048,0.0000,0.0000,9,0,0,0,recheck,0,end_clear,1
1439,65,1,0,-1,18,0,5,0,21,0,0,21,0,0,0,0,0,0,0,21,21,21,0.5910,0.0000,0.0000,11,0,0,0,,0,pending,0
1439,109,2,0,-1,11,3,4,0,12,0,0,12,0,0,0,0,0,0,0,12,12,12,0.5771,0.0000,0.0000,10,0,0,0,,0,pending,0
1440,16,1,1,47,18,0,3,0,17,0,1,8,9,0,0,0,4,4,4,21,17,21,0.5910,0.4432,0.0000,9,1,0,0,recheck,0,still,0
1440,65,1,0,-1,18,0,5,0,21,0,0,21,0,0,0,0,0,0,0,21,21,21,0.5911,0.0000,0.0000,11,0,0,0,,0,hop,1
1440,76,3,1,74,17,4,5,0,17,0,1,9,8,0,0,1,6,6,6,23,18,24,0.6547,0.3869,0.0000,13,1,0,0,recheck,0,still,0
1440,109,2,0,-1,11,3,4,0,11,0,0,11,0,0,0,0,0,0,0,11,11,11,0.5770,0.0000,0.0000,10,0,0,0,,0,hop,1
1440,115,2,1,158,16,0,1,0,21,0,1,15,6,0,2,0,2,2,2,23,19,21,0.3505,0.1348,0.0000,9,1,0,0,recheck,0,still,0
1442,140,1,0,-1,17,0,2,1,17,0,1,8,9,0,2,0,4,4,4,21,15,19,0.5603,0.3539,0.0000,11,1,0,0,,0,start_holder,0
1443,165,1,1,79,19,0,1,0,23,0,1,15,8,0,3,0,3,3,3,26,20,23,0.3759,0.2148,0.0000,9,1,0,0,recheck,0,still,0
1444,168,1,1,106,17,0,1,1,25,0,1,21,4,0,3,0,2,2,0,27,22,22,0.4269,0.0000,0.0000,10,0,0,0,recheck,0,end_clear,1
1444,188,1,1,108,17,0,2,0,19,0,1,14,5,0,2,0,3,3,3,22,17,20,0.4050,0.0810,0.0000,10,1,0,0,recheck,0,still,0
1445,14,1,1,34,19,0,1,0,16,0,1,8,8,0,0,2,4,4,4,20,18,22,0.5541,0.3694,0.0000,9,1,0,0,recheck,0,still,0
1446,57,1,1,115,19,2,3,0,21,0,1,19,2,0,0,0,1,1,1,22,21,22,0.6237,0.1101,0.0000,11,0,1,0,recheck,0,end_clear,1
1447,1,2,0,-1,17,0,1,0,19,0,1,13,6,0,0,0,2,2,2,21,19,21,0.3947,0.0000,0.0000,7,0,0,0,,0,pending,0
1447,7,2,0,-1,18,0,3,0,24,0,1,11,13,0,0,0,1,1,1,25,24,25,0.4207,0.2589,0.0000,9,1,0,0,,0,start_holder,0
1447,12,2,1,46,17,0,1,0,19,0,1,8,11,0,0,1,4,4,4,23,20,24,0.5486,0.4518,0.0000,10,1,0,0,recheck,0,still,0
1447,142,2,1,60,16,0,2,0,17,0,1,9,8,0,0,1,4,4,4,21,18,22,0.5952,0.3133,0.0000,11,1,0,0,recheck,0,still,0
1447,161,2,0,-1,17,0,1,0,22,0,1,12,10,0,1,0,4,4,3,26,21,24,0.3778,0.2771,0.0000,9,1,0,0,,0,start_holder,0
1447,170,2,1,77,16,2,5,0,17,0,1,8,9,0,0,0,4,4,4,21,17,21,0.5535,0.2604,0.0000,10,1,0,0,recheck,0,still,0
1447,189,1,1,88,16,0,1,0,19,0,1,14,5,0,2,0,3,3,3,22,17,20,0.3910,0.1824,0.0000,9,1,0,0,recheck,0,still,0
1448,1,2,0,-1,17,0,1,0,19,0,1,12,7,0,0,0,2,2,2,21,19,21,0.3946,0.0000,0.0000,7,0,0,0,,0,hop,1
1449,23,2,1,113,16,1,2,0,22,0,1,21,1,0,0,0,0,0,0,22,22,22,0.5238,0.0000,0.0000,11,0,0,0,recheck,0,end_clear,1
1449,171,1,1,32,18,0,1,0,29,0,0,29,0,0,3,0,0,0,0,29,26,26,0.3453,0.0000,0.0000,9,0,0,0,recheck,0,end_clear,1
1450,84,1,1,85,18,1,3,0,22,0,0,22,0,0,1,1,0,0,0,22,22,22,0.6188,0.0000,0.0000,11,0,0,0,recheck,0,end_clear,1
1450,199,1,0,-1,13,1,3,0,18,0,1,15,3,0,2,0,1,1,1,19,16,17,0.2672,0.0000,0.0000,6,0,0,0,,0,hop,1
1451,21,2,1,101,19,0,2,0,22,0,1,20,2,0,0,0,0,0,0,22,22,22,0.5589,0.0986,0.0000,11,0,1,0,recheck,0,end_clear,1
1451,34,1,0,-1,6,2,6,0,7,0,0,7,0,0,0,0,0,0,0,7,7,7,0.2584,0.0000,0.0000,4,0,0,0,,0,hop,1
1451,126,2,0,-1,18,0,1,0,24,0,1,18,6,0,1,0,1,1,0,25,23,23,0.3758,0.2004,0.0000,10,1,0,0,,0,start_holder,0
1451,166,2,1,77,20,1,2,0,26,0,1,24,2,0,1,0,0,0,0,26,25,25,0.4149,0.0000,0.0000,11,0,0,0,recheck,0,end_clear,1
1452,146,2,1,102,16,1,2,0,24,0,1,13,11,0,2,0,2,2,2,26,22,24,0.3904,0.2196,0.0000,10,1,0,0,recheck,0,still,0
1454,31,3,0,-1,19,1,5,0,24,0,0,24,0,0,0,0,0,0,0,24,24,24,0.5360,0.0000,0.0000,13,0,0,0,,0,hop,1
1456,44,1,1,89,19,0,2,0,22,0,1,10,12,0,0,0,2,2,2,24,22,24,0.5249,0.4199,0.0000,9,1,0,0,recheck,0,still,0
1456,55,2,1,43,20,1,2,0,23,0,1,22,1,0,0,0,0,0,0,23,23,23,0.6144,0.0323,0.0000,13,0,1,0,recheck,0,end_clear,1
1457,10,1,1,54,20,1,2,0,22,0,1,10,12,0,0,0,2,2,2,24,22,24,0.5666,0.4604,0.0000,10,1,0,0,recheck,0,still,0
1457,33,3,0,-1,10,2,4,0,11,0,0,11,0,0,0,0,0,0,0,11,11,11,0.4493,0.0000,0.0000,9,0,0,0,,0,pending,0
1457,139,1,1,75,19,0,2,0,22,0,1,9,13,0,2,0,3,3,3,25,20,23,0.5309,0.4129,0.0000,11,1,0,0,recheck,0,still,0
1458,33,3,0,-1,10,2,4,0,11,0,0,11,0,0,0,0,0,0,0,11,11,11,0.4493,0.0000,0.0000,9,0,0,0,,0,hop,1
1459,49,2,1,59,18,0,7,0,20,0,1,13,7,0,0,1,2,2,2,22,21,23,0.5887,0.2944,0.0000,11,1,0,0,recheck,0,still,0
1459,163,1,1,52,17,0,1,1,23,0,1,16,7,0,2,0,2,2,0,25,21,21,0.3519,0.1895,0.0000,8,1,0,0,recheck,0,still,0
1460,72,2,0,-1,15,0,1,1,19,0,1,15,4,0,0,0,1,1,1,20,19,20,0.2531,0.0000,0.0000,4,0,0,0,,0,hop,1
1460,195,1,1,44,18,0,2,0,20,0,1,14,6,0,1,0,2,2,2,22,19,21,0.4040,0.0539,0.0000,10,1,0,0,recheck,0,still,0
1461,47,2,1,45,19,0,2,0,17,0,1,6,11,0,0,2,3,3,3,20,19,22,0.5840,0.4218,0.0000,11,1,0,0,recheck,0,still,0
1461,145,1,1,103,15,1,2,0,19,0,1,13,6,0,2,0,3,3,3,22,17,20,0.4783,0.1407,0.0000,10,1,0,0,recheck,0,still,0
1462,15,1,1,45,17,3,7,0,18,0,1,9,9,0,0,0,3,3,3,21,18,21,0.6602,0.3475,0.0000,11,1,0,0,recheck,0,still,0
1463,116,2,1,142,17,0,2,0,24,0,1,12,12,0,1,0,1,1,1,25,23,24,0.4050,0.1350,0.0000,10,1,0,0,recheck,0,still,0
1465,17,3,1,108,18,2,4,0,24,0,1,20,4,0,0,0,0,0,0,24,24,24,0.5023,0.1182,0.0000,11,1,0,0,recheck,0,still,0
1466,56,1,1,106,20,0,1,0,23,0,0,23,0,0,0,0,0,0,0,23,23,23,0.6251,0.0000,0.0000,11,0,0,0,recheck,0,end_clear,1
1467,182,1,1,99,20,1,2,0,23,0,1,9,14,0,2,0,3,3,3,26,21,24,0.5173,0.4084,0.0000,12,1,0,0,recheck,0,still,0
1468,51,1,1,35,18,3,4,0,21,0,1,16,5,0,0,0,0,0,0,21,21,21,0.6022,0.2125,0.0000,10,1,0,0,recheck,0,still,0
1468,54,2,1,38,19,1,2,0,22,0,1,22,0,0,0,0,0,0,0,22,22,22,0.5745,0.0000,0.0000,11,0,0,0,recheck,0,end_clear,1
1469,80,1,1,32,19,0,4,0,21,0,1,20,1,0,0,1,0,0,0,21,22,22,0.5283,0.0000,0.0000,9,0,0,0,recheck,0,end_clear,1
1470,16,1,1,77,17,0,3,0,20,0,1,16,4,0,0,0,1,1,1,21,20,21,0.5910,0.1477,0.0000,9,0,1,0,recheck,0,end_clear,1
1470,76,3,1,104,17,4,7,0,20,0,1,13,7,0,0,1,2,2,2,22,21,23,0.6547,0.3571,0.0000,13,1,0,0,recheck,0,still,0
1470,115,2,1,188,16,0,1,0,20,0,1,14,6,0,2,0,3,3,3,23,18,21,0.3505,0.1888,0.0000,9,1,0,0,recheck,0,still,0
1471,11,1,0,-1,18,0,1,0,24,0,1,9,15,0,1,0,0,0,0,24,23,23,0.5953,0.4903,0.0000,10,1,0,0,,0,start_holder,0
1472,9,1,1,38,21,0,1,0,23,0,1,9,14,0,0,0,1,1,1,24,23,24,0.5042,0.4322,0.0000,9,1,0,0,recheck,0,still,0
1472,97,3,0,-1,2,0,1,1,1,0,0,1,0,0,0,0,0,0,0,1,1,1,0.0298,0.0000,0.0000,1,0,0,0,,0,hop,1
1473,165,1,1,109,20,0,1,1,26,0,0,26,0,0,2,0,0,0,0,26,24,24,0.4296,0.0000,0.0000,10,0,0,0,recheck,0,end_clear,0
1474,50,1,0,-1,18,1,3,0,21,0,1,18,3,0,0,0,0,0,1,21,21,22,0.5459,0.1456,0.0000,9,1,0,0,,0,start_holder,0
1474,169,1,1,41,16,0,1,0,18,0,1,9,9,0,0,1,1,1,1,19,19,20,0.7401,0.4582,0.0000,11,1,0,1,recheck,0,still,0
1474,188,1,1,138,17,0,2,0,18,0,1,13,5,0,2,0,4,4,4,22,16,20,0.4050,0.0810,0.0000,10,1,0,0,recheck,0,still,0
1475,14,1,1,64,19,0,1,0,19,0,1,8,11,0,0,2,1,1,1,20,21,22,0.6280,0.4433,0.0000,10,1,0,0,recheck,0,still,0
1477,12,2,1,76,17,0,1,0,21,0,1,7,14,0,0,1,1,1,1,22,22,23,0.5486,0.4518,0.0000,10,1,0,0,recheck,0,still,0
1477,142,2,1,90,17,5,7,0,18,0,1,11,7,0,0,2,2,2,2,20,20,22,0.6009,0.3163,0.0000,11,1,0,0,recheck,0,still,0
1477,170,2,1,107,16,2,7,0,19,0,1,14,5,0,0,0,2,2,2,21,19,21,0.5204,0.2277,0.0000,9,1,0,0,recheck,0,still,0
1477,189,1,1,118,15,0,1,0,18,0,1,13,5,0,3,0,4,4,4,22,15,19,0.3927,0.2356,0.0000,9,1,0,0,recheck,0,still,0
1478,161,2,1,31,17,0,1,0,25,0,1,20,5,0,2,0,1,1,1,26,23,24,0.3778,0.1259,0.0000,9,1,0,0,recheck,0,still,0
1481,183,1,0,-1,18,1,2,0,20,0,1,8,12,0,2,0,2,2,2,22,18,20,0.4897,0.2992,0.0000,12,1,0,0,,0,start_holder,0
1482,140,1,1,40,17,0,2,1,19,0,1,8,11,0,2,0,2,2,2,21,17,19,0.5604,0.3539,0.0000,11,1,0,0,recheck,0,still,0
1482,146,2,1,132,16,1,2,0,23,0,1,12,11,0,2,0,3,3,3,26,21,24,0.3920,0.2450,0.0000,10,1,0,0,recheck,0,still,0
1483,152,1,0,-1,2,0,2,1,3,0,0,3,0,0,0,0,0,0,0,3,3,3,0.0703,0.0000,0.0000,2,0,0,0,,0,pending,0
1484,152,1,0,-1,2,0,2,1,3,0,0,3,0,0,0,0,0,0,0,3,3,3,0.0703,0.0000,0.0000,2,0,0,0,,0,hop,1
1485,151,1,0,-1,19,0,1,0,24,0,1,6,18,0,2,0,2,2,1,26,22,23,0.5205,0.4338,0.0000,12,1,0,0,,0,start_holder,0
1486,44,1,1,119,19,0,2,0,24,0,1,7,17,0,0,0,0,0,0,24,24,24,0.5907,0.5212,0.0000,10,1,0,0,recheck,0,still,0
1486,87,1,0,-1,17,0,2,0,24,0,0,24,0,0,1,1,0,0,0,24,24,24,0.5958,0.0000,0.0000,11,0,0,0,,0,pending,0
1487,10,1,1,84,20,1,2,0,24,0,1,7,17,0,0,0,0,0,0,24,24,24,0.5666,0.4958,0.0000,10,1,0,0,recheck,0,still,0
1487,87,1,0,-1,17,0,2,0,24,0,0,24,0,0,1,1,0,0,0,24,24,24,0.5958,0.0000,0.0000,11,0,0,0,,0,hop,1
1487,139,1,1,105,19,0,2,0,22,0,1,7,15,0,2,0,2,2,2,24,20,22,0.5310,0.4425,0.0000,11,1,0,0,recheck,0,still,0
1489,49,2,1,89,18,0,7,0,21,0,1,18,3,0,0,1,2,2,2,23,22,24,0.5906,0.1641,0.0000,11,1,0,0,recheck,0,still,0
1489,163,1,1,82,17,0,1,1,24,0,1,20,4,0,4,0,1,1,1,25,20,21,0.3519,0.0812,0.0000,8,1,0,0,recheck,0,still,0
1490,195,1,1,74,18,0,2,0,19,0,1,14,5,0,1,0,3,3,3,22,18,21,0.4040,0.0539,0.0000,10,1,0,0,recheck,0,still,0
1491,47,2,1,75,18,0,2,0,18,0,1,7,11,0,0,1,2,2,2,20,19,21,0.5836,0.4215,0.0000,11,1,0,0,recheck,0,still,0
1491,77,3,0,-1,18,2,3,0,23,0,1,19,4,0,0,0,1,1,1,24,23,24,0.6349,0.2020,0.0000,14,1,0,0,,0,start_holder,0
1491,145,1,1,133,15,1,2,0,18,0,1,12,6,0,2,0,4,4,4,22,16,20,0.4220,0.1407,0.0000,9,1,0,0,recheck,0,still,0
1492,7,2,1,45,18,0,3,0,23,0,1,8,15,0,0,0,2,2,2,25,23,25,0.4207,0.2912,0.0000,9,1,0,0,recheck,0,still,0
1492,15,1,1,75,17,3,7,0,18,0,1,12,6,0,0,0,3,3,3,21,18,21,0.6567,0.4148,0.0000,11,1,0,0,recheck,0,still,0
1492,28,2,0,-1,19,0,2,0,24,0,0,24,0,0,1,0,0,0,0,24,23,23,0.6127,0.0000,0.0000,15,0,0,0,,0,hop,1
1493,116,2,1,172,16,0,2,0,23,0,1,10,13,0,1,0,2,2,2,25,22,24,0.4050,0.1620,0.0000,10,1,0,0,recheck,0,still,0
1494,35,2,0,-1,18,0,1,0,18,0,1,10,8,0,0,0,3,3,4,21,18,22,0.3852,0.1605,0.0000,8,1,0,0,,0,start_holder,0
1495,17,3,1,138,18,1,3,0,24,0,1,24,0,0,0,0,0,0,0,24,24,24,0.5060,0.0000,0.0000,11,0,0,0,recheck,0,end_clear,1
1497,182,1,1,129,20,1,2,0,23,0,1,7,16,0,2,0,2,2,2,25,21,23,0.4902,0.4085,0.0000,12,1,0,0,recheck,0,still,0
1498,51,1,1,65,18,2,3,0,21,0,1,21,0,0,1,0,0,0,1,21,20,21,0.6359,0.0000,0.0000,11,0,0,0,recheck,0,end_clear,1
1500,76,3,1,134,17,4,7,0,19,0,1,13,6,0,0,1,3,3,3,22,20,23,0.6548,0.3274,0.0000,13,1,0,0,recheck,0,still,0
1500,115,2,1,218,16,0,1,0,20,0,1,11,9,0,2,0,3,3,3,23,18,21,0.3505,0.2157,0.0000,9,1,0,0,recheck,0,still,0
1502,9,1,1,68,20,0,1,0,22,0,1,6,16,0,0,0,2,2,2,24,22,24,0.5042,0.4322,0.0000,9,1,0,0,recheck,0,still,0
1502,13,2,0,-1,19,1,2,0,20,0,1,7,13,0,0,1,2,2,2,22,21,23,0.5936,0.5606,0.0000,10,1,0,0,,0,start_holder,0
1502,126,2,1,51,18,0,1,0,26,0,0,26,0,0,3,0,0,0,0,26,23,23,0.3508,0.0000,0.0000,10,0,0,0,recheck,0,end_clear,1
1502,144,2,0,-1,3,1,8,0,3,0,0,3,0,0,0,0,0,0,0,3,3,3,0.0981,0.0000,0.0000,3,0,0,0,,0,pending,0
1503,114,1,0,-1,16,0,2,0,17,0,1,11,6,0,2,1,5,5,5,22,16,21,0.4102,0.2051,0.0000,8,1,0,0,,0,start_holder,0
1503,144,2,0,-1,3,1,8,0,3,0,0,3,0,0,0,0,0,0,0,3,3,3,0.0982,0.0000,0.0000,3,0,0,0,,0,hop,1
1504,169,1,1,71,16,0,1,0,16,0,1,10,6,0,0,1,3,3,3,19,17,20,0.7407,0.4938,0.0000,11,1,0,1,recheck,0,still,0
1504,188,1,1,168,17,0,2,0,18,0,1,11,7,0,2,0,4,4,4,22,16,20,0.4320,0.1890,0.0000,11,1,0,0,recheck,0,still,0
1505,14,1,1,94,19,0,1,0,17,0,1,8,9,0,0,2,3,3,3,20,19,22,0.6280,0.5541,0.0000,10,1,0,0,recheck,0,still,0
1505,19,3,0,-1,19,1,2,0,24,0,0,24,0,0,0,1,0,0,0,24,25,25,0.6239,0.0000,0.0000,13,0,0,0,,0,hop,1
1505,67,2,0,-1,11,1,3,0,13,0,0,13,0,0,0,0,0,0,0,13,13,13,0.6616,0.0000,0.0000,11,0,0,0,,0,hop,1
1505,159,1,0,-1,10,1,2,0,13,0,0,12,1,0,0,0,0,0,0,13,13,13,0.2039,0.0000,0.0000,3,0,0,0,,0,pending,0
1506,159,1,0,-1,10,1,2,0,13,0,0,12,1,0,0,0,0,0,0,13,13,13,0.2039,0.0000,0.0000,3,0,0,0,,0,hop,1
1507,12,2,1,106,17,0,1,0,20,0,1,6,14,0,0,1,2,2,2,22,21,23,0.5485,0.5162,0.0000,10,1,0,0,recheck,0,still,0
1507,113,1,0,-1,17,1,2,0,17,0,1,10,7,0,2,0,4,4,4,21,15,19,0.3223,0.1172,0.0000,7,1,0,0,,0,start_holder,0
1507,142,2,1,120,16,5,7,0,17,0,1,13,4,0,0,1,3,3,3,20,18,21,0.5716,0.2858,0.0000,10,1,0,0,recheck,0,still,0
1507,170,2,1,137,16,2,7,0,20,0,1,18,2,0,0,0,3,3,3,23,20,23,0.5207,0.1953,0.0000,9,1,0,0,recheck,0,still,0
1507,189,1,1,148,15,0,1,0,17,0,1,10,7,0,3,0,5,5,5,22,14,19,0.4485,0.3166,0.0000,10,1,0,0,recheck,0,still,0
1508,161,2,1,61,17,0,1,0,24,0,1,22,2,0,1,0,2,2,1,26,23,24,0.3778,0.0252,0.0000,9,0,1,0,recheck,0,end_clear,1
1511,89,1,0,-1,20,1,2,0,21,0,0,21,0,0,0,2,0,0,0,21,23,23,0.5371,0.0000,0.0000,11,0,0,0,,0,hop,1
1512,50,1,1,38,18,1,3,0,21,0,1,21,0,0,0,1,0,0,0,21,22,22,0.6198,0.0000,0.0000,10,0,0,0,recheck,0,end_clear,1
1512,62,1,0,-1,20,0,2,0,23,0,0,23,0,0,0,0,0,0,0,23,23,23,0.7124,0.0000,0.0000,14,0,0,1,,0,start_crowd,0
1512,140,1,1,70,17,0,2,1,20,0,1,10,10,0,2,0,1,1,1,21,18,19,0.4728,0.3546,0.0000,10,1,0,0,recheck,0,still,0
1512,146,2,1,162,16,1,2,0,21,0,1,9,12,0,2,0,4,4,4,25,19,23,0.4166,0.2451,0.0000,11,1,0,0,recheck,0,still,0
1515,111,1,0,-1,2,0,1,1,2,0,0,2,0,0,0,0,0,0,0,2,2,2,0.1366,0.0000,0.0000,2,0,0,0,,0,pending,0
1516,44,1,1,149,19,0,2,0,20,0,1,5,15,0,0,1,2,2,2,22,21,23,0.5888,0.5888,0.0000,10,1,0,0,recheck,0,still,0
1516,111,1,0,-1,2,0,1,1,2,0,0,2,0,0,0,0,0,0,0,2,2,2,0.1364,0.0000,0.0000,2,0,0,0,,0,hop,1
1516,158,1,0,-1,15,2,3,0,16,0,1,10,6,0,0,0,1,1,1,17,16,17,0.2888,0.0000,0.0000,5,0,0,0,,0,pending,0
1517,10,1,1,114,20,1,2,0,22,0,1,6,16,0,0,0,2,2,2,24,22,24,0.5666,0.5666,0.0000,10,1,0,0,recheck,0,still,0
1517,139,1,1,135,19,0,2,0,23,0,1,10,13,0,1,0,2,2,1,25,22,23,0.5309,0.4424,0.0000,11,1,0,0,recheck,0,still,0
1517,158,1,0,-1,15,2,3,0,16,0,1,10,6,0,0,0,1,1,1,17,16,17,0.2888,0.0000,0.0000,5,0,0,0,,0,hop,1
1518,151,1,1,33,18,0,1,0,23,0,1,8,15,0,1,0,3,3,1,26,22,23,0.5297,0.4414,0.0000,12,1,0,0,recheck,0,still,0
1519,49,2,1,119,18,0,7,0,23,0,1,22,1,0,0,1,0,0,0,23,24,24,0.5917,0.0000,0.0000,11,0,0,0,recheck,0,end_clear,1
1519,163,1,1,112,18,0,1,1,25,0,0,24,1,0,4,0,0,0,0,25,21,21,0.3519,0.0000,0.0000,8,0,0,0,recheck,0,end_clear,0
1520,195,1,1,104,18,0,2,0,19,0,1,11,8,0,1,0,3,3,3,22,18,21,0.4040,0.1616,0.0000,10,1,0,0,recheck,0,still,0
1521,47,2,1,105,18,0,2,0,20,0,1,12,8,0,0,2,0,0,0,20,22,22,0.5835,0.4214,0.0000,11,1,0,0,recheck,0,still,0
1521,145,1,1,163,15,1,2,0,17,0,1,10,7,0,2,0,5,5,5,22,15,20,0.4221,0.2251,0.0000,9,1,0,0,recheck,0,still,0
1522,7,2,1,75,18,0,3,0,22,0,1,7,15,0,0,0,3,3,3,25,22,25,0.4207,0.3560,0.0000,9,1,0,0,recheck,0,still,0
1522,15,1,1,105,17,2,6,0,21,0,1,19,2,0,0,0,0,0,0,21,21,21,0.6517,0.1715,0.0000,11,1,0,0,recheck,0,still,0
1523,11,1,1,52,18,0,1,0,22,0,1,7,15,0,0,0,0,0,0,22,22,22,0.5945,0.5595,0.0000,10,1,0,0,recheck,0,still,0
1523,116,2,1,202,16,0,2,0,22,0,1,9,13,0,1,0,3,3,3,25,21,24,0.4050,0.2160,0.0000,10,1,0,0,recheck,0,still,0
1523,124,1,0,-1,1,0,2,1,0,0,0,0,0,0,0,0,0,0,0,0,0,0,0.0000,0.0000,0.0000,0,0,0,0,,0,hop,1
1525,35,2,1,31,18,0,1,0,16,0,1,9,7,0,0,0,4,4,5,20,16,21,0.3853,0.1605,0.0000,8,1,0,0,recheck,0,still,0
1527,91,1,0,-1,19,3,5,0,22,0,0,22,0,0,0,1,0,0,0,22,23,23,0.6017,0.0000,0.0000,12,0,0,0,,0,hop,1
1527,182,1,1,159,20,1,2,0,24,0,1,11,13,0,1,0,1,1,0,25,23,23,0.4900,0.3539,0.0000,12,1,0,0,recheck,0,still,0
1530,76,3,1,164,17,4,7,0,22,0,1,18,4,0,0,1,0,0,0,22,23,23,0.6549,0.2381,0.0000,13,1,0,0,recheck,0,still,0
1530,115,2,1,248,16,0,1,0,19,0,1,10,9,0,2,0,4,4,4,23,17,21,0.3505,0.2157,0.0000,9,1,0,0,recheck,0,still,0
1532,9,1,1,98,20,0,1,0,22,0,1,6,16,0,0,0,2,2,2,24,22,24,0.5042,0.5042,0.0000,9,1,0,0,recheck,0,still,0
1534,77,3,1,43,18,2,3,0,24,0,0,24,0,0,0,0,0,0,0,24,24,24,0.6346,0.0000,0.0000,14,0,0,0,recheck,0,end_clear,1
1534,169,1,1,101,16,0,1,0,20,0,1,16,4,0,0,1,0,0,0,20,21,21,0.7410,0.3882,0.0000,11,1,0,1,recheck,0,still,0
1534,188,1,1,198,17,0,2,0,17,0,1,10,7,0,2,0,5,5,5,22,15,20,0.4320,0.2160,0.0000,11,1,0,0,recheck,0,still,0
1535,14,1,1,124,19,0,1,0,20,0,1,13,7,0,0,2,0,0,0,20,22,22,0.6280,0.3325,0.0000,10,1,0,0,recheck,0,still,0
1537,12,2,1,136,17,0,1,0,22,0,1,10,12,0,0,1,0,0,0,22,23,23,0.5485,0.4517,0.0000,10,1,0,0,recheck,0,still,0
1537,142,2,1,150,16,5,7,0,22,0,1,20,2,0,0,1,0,0,0,22,23,23,0.6041,0.0954,0.0000,11,0,1,0,recheck,0,end_clear,1
1537,170,2,1,167,16,2,7,0,23,0,0,23,0,0,0,0,0,0,0,23,23,23,0.5532,0.0000,0.0000,10,0,0,0,recheck,0,end_clear,0
1537,189,1,1,178,16,0,1,0,16,0,1,10,6,0,1,0,6,6,5,22,15,20,0.5078,0.3207,0.0000,11,1,0,0,recheck,0,still,0
1538,29,2,0,-1,18,0,1,0,24,0,0,23,1,0,1,0,0,0,0,24,23,23,0.6233,0.0312,0.0000,14,0,1,0,,0,hop,1
1539,183,1,1,58,17,0,2,1,23,0,1,16,7,0,3,0,0,0,0,23,20,20,0.3824,0.0819,0.0000,10,1,0,0,recheck,0,still,0
1540,86,1,0,-1,16,0,2,0,23,0,1,22,1,0,0,1,0,0,0,23,24,24,0.5722,0.0358,0.0000,10,1,0,0,,0,start_holder,0
1541,132,1,0,-1,19,2,5,0,20,0,0,20,0,0,0,2,0,0,0,20,22,22,0.6057,0.0000,0.0000,12,0,0,0,,0,pending,0
1542,132,1,0,-1,19,2,5,0,20,0,0,20,0,0,0,2,0,0,0,20,22,22,0.6062,0.0000,0.0000,12,0,0,0,,0,hop,1
1542,140,1,1,100,18,1,2,0,21,0,1,16,5,0,2,1,1,1,1,22,20,21,0.3852,0.0593,0.0000,9,1,0,0,recheck,0,still,0
1542,146,2,1,192,16,1,2,0,21,0,1,9,12,0,2,0,4,4,4,25,19,23,0.4166,0.2451,0.0000,11,1,0,0,recheck,0,still,0
1543,8,2,0,-1,19,0,1,0,21,0,1,9,12,0,0,0,4,4,4,25,21,25,0.4799,0.4799,0.0000,10,1,0,0,,0,start_holder,0
1543,114,1,1,40,16,0,2,0,16,0,1,9,7,0,1,1,5,5,5,21,16,21,0.4102,0.2051,0.0000,8,1,0,0,recheck,0,still,0
1546,44,1,1,179,19,0,2,0,20,0,1,9,11,0,0,1,2,2,2,22,21,23,0.5861,0.4482,0.0000,10,1,0,0,recheck,0,still,0
1546,88,1,0,-1,19,0,1,0,23,0,1,22,1,0,0,1,0,0,0,23,24,24,0.5732,0.0358,0.0000,11,1,0,0,,0,start_holder,0
1546,92,1,0,-1,16,0,2,0,20,0,0,20,0,0,1,1,0,0,0,20,20,20,0.6650,0.0000,0.0000,11,0,0,0,,0,pending,0
1547,10,1,1,144,20,1,2,0,22,0,1,10,12,0,0,0,2,2,2,24,22,24,0.5666,0.4958,0.0000,10,1,0,0,recheck,0,still,0
1547,92,1,0,-1,16,0,2,0,19,0,0,19,0,0,0,1,0,0,0,19,20,20,0.5911,0.0000,0.0000,10,0,0,0,,0,hop,1
1547,139,1,1,165,19,0,2,0,23,0,1,15,8,0,1,0,2,2,1,25,22,23,0.5603,0.2654,0.0000,12,1,0,0,recheck,0,still,0
1548,4,2,0,-1,16,0,1,0,17,0,1,8,9,0,0,0,5,5,5,22,17,22,0.4492,0.2888,0.0000,9,1,0,0,,0,start_holder,0
1548,151,1,1,63,18,0,1,0,23,0,1,12,11,0,1,0,3,3,1,26,22,23,0.5297,0.3237,0.0000,12,1,0,0,recheck,0,still,0
1550,195,1,1,134,18,0,2,0,18,0,1,9,9,0,1,0,4,4,4,22,17,21,0.4040,0.2155,0.0000,10,1,0,0,recheck,0,still,0
1551,47,2,1,135,18,0,2,0,19,0,1,15,4,0,0,0,2,2,3,21,19,22,0.4863,0.1945,0.0000,10,1,0,0,recheck,0,still,0
1551,145,1,1,193,16,1,2,0,16,0,1,8,8,0,1,0,6,6,6,22,15,21,0.4222,0.2815,0.0000,9,1,0,0,recheck,0,still,0
1552,7,2,1,105,18,0,3,0,19,0,1,8,11,0,0,0,6,6,6,25,19,25,0.4207,0.4207,0.0000,9,1,0,0,recheck,0,still,0
1552,15,1,1,135,17,3,7,0,22,0,0,22,0,0,0,0,0,0,0,22,22,22,0.5495,0.0000,0.0000,10,0,0,0,recheck,0,end_clear,1
1553,11,1,1,82,18,0,1,0,22,0,1,13,9,0,1,0,2,2,2,24,21,23,0.5945,0.3847,0.0000,10,1,0,0,recheck,0,still,0
1553,103,1,0,-1,3,2,3,0,4,0,0,4,0,0,0,0,0,0,0,4,4,4,0.1462,0.0000,0.0000,3,0,0,0,,0,hop,1
1553,116,2,1,232,15,0,2,0,20,0,1,9,11,0,1,0,5,5,5,25,19,24,0.4590,0.3240,0.0000,11,1,0,0,recheck,0,still,0
1555,35,2,1,61,17,0,1,0,14,0,1,8,6,0,0,0,6,6,7,20,14,21,0.3854,0.2248,0.0000,8,1,0,0,recheck,0,still,0
1557,2,1,0,-1,17,0,1,0,16,0,1,6,10,0,0,0,5,5,5,21,16,21,0.3925,0.1427,0.0000,6,1,0,0,,0,start_holder,0
1557,182,1,1,189,20,1,2,0,23,0,1,16,7,0,1,0,3,3,2,26,22,24,0.4899,0.2177,0.0000,12,1,0,0,recheck,0,still,0
1558,68,3,0,-1,15,0,1,0,19,0,1,8,11,0,0,0,3,3,3,22,19,22,0.3253,0.1479,0.0000,6,1,0,0,,0,start_holder,0
1560,65,1,0,-1,18,0,5,0,20,0,0,20,0,0,0,0,0,0,0,20,20,20,0.6056,0.0000,0.0000,11,0,0,0,,0,hop,1
1560,76,3,1,194,16,4,7,0,22,0,1,22,0,0,0,1,0,0,0,22,23,23,0.6549,0.0000,0.0000,13,0,0,0,recheck,0,end_clear,1
1560,115,2,1,278,16,0,1,0,17,0,1,8,9,0,2,0,6,6,6,23,15,21,0.3505,0.2696,0.0000,9,1,0,0,recheck,0,still,0
1561,13,2,1,59,19,1,2,0,23,0,1,17,6,0,0,1,1,1,1,24,24,25,0.4947,0.1319,0.0000,9,1,0,0,recheck,0,still,0
1561,101,3,0,-1,5,0,5,1,6,0,0,6,0,0,0,0,0,0,0,6,6,6,0.1792,0.0000,0.0000,5,0,0,0,,0,pending,0
1562,9,1,1,128,20,0,1,0,19,0,1,10,9,0,0,0,4,4,4,23,19,23,0.5042,0.3962,0.0000,9,1,0,0,recheck,0,still,0
1562,34,1,0,-1,5,1,5,0,5,0,0,5,0,0,0,0,0,0,0,5,5,5,0.2953,0.0000,0.0000,5,0,0,0,,0,pending,0
1562,101,3,0,-1,5,0,5,1,6,0,0,6,0,0,0,0,0,0,0,6,6,6,0.1792,0.0000,0.0000,5,0,0,0,,0,hop,1
1563,34,1,0,-1,5,1,5,0,5,0,0,5,0,0,0,0,0,0,0,5,5,5,0.2953,0.0000,0.0000,5,0,0,0,,0,hop,1
1563,75,1,0,-1,2,0,1,1,3,0,0,3,0,0,0,0,0,0,0,3,3,3,0.0369,0.0000,0.0000,1,0,0,0,,0,hop,1
1563,113,1,1,56,17,1,2,0,15,0,1,7,8,0,2,0,6,6,6,21,13,19,0.3223,0.1758,0.0000,7,1,0,0,recheck,0,still,0
1564,169,1,1,131,16,0,1,0,20,0,1,20,0,0,0,0,0,0,1,20,20,21,0.6324,0.0000,0.0000,10,0,0,0,recheck,0,end_clear,1
1564,188,1,1,228,17,0,2,0,15,0,1,7,8,0,2,0,7,7,7,22,13,20,0.4319,0.2700,0.0000,11,1,0,0,recheck,0,still,0
1565,14,1,1,154,19,0,1,1,20,0,1,18,2,0,0,1,0,0,1,20,21,22,0.6280,0.0000,0.0000,10,0,0,0,recheck,0,end_clear,1
1566,199,1,0,-1,13,1,3,0,17,0,1,10,7,0,2,0,4,4,4,21,15,19,0.2666,0.0267,0.0000,6,1,0,0,,0,start_holder,0
1567,12,2,1,166,17,0,1,0,22,0,1,16,6,0,0,1,0,0,0,22,23,23,0.5488,0.1291,0.0000,10,1,0,0,recheck,0,still,0
1567,62,1,1,55,20,0,3,0,23,0,0,23,0,0,0,0,0,0,0,23,23,23,0.7121,0.0000,0.0000,14,0,0,1,recheck,0,still,0
1567,79,1,0,-1,19,0,3,0,21,0,0,20,1,0,1,0,0,0,0,21,20,20,0.6349,0.0000,0.0000,10,0,0,0,,0,pending,0
1567,189,1,1,208,15,0,1,0,16,0,1,8,8,0,1,0,6,6,5,22,15,20,0.5129,0.3780,0.0000,11,1,0,0,recheck,0,still,0
1568,79,1,0,-1,19,0,3,0,21,0,0,20,1,0,1,0,0,0,0,21,20,20,0.6349,0.0000,0.0000,10,0,0,0,,0,hop,1
1569,183,1,1,88,17,0,2,1,23,0,0,20,3,0,3,0,0,0,0,23,20,20,0.4660,0.0274,0.0000,11,0,1,0,recheck,0,end_clear,0
1570,3,2,0,-1,16,0,1,0,16,0,1,7,9,0,0,0,6,6,6,22,16,22,0.4095,0.2520,0.0000,7,1,0,0,,0,start_holder,0
1572,86,1,1,32,16,0,2,0,23,0,1,21,2,0,0,1,0,0,0,23,24,24,0.5722,0.0715,0.0000,10,1,0,0,recheck,0,still,0
1572,140,1,1,130,18,1,2,0,22,0,0,20,2,0,2,1,0,0,0,22,21,21,0.4753,0.0000,0.0000,10,0,0,0,recheck,0,end_clear,0
1572,146,2,1,222,16,1,2,0,21,0,1,11,10,0,2,0,4,4,4,25,19,23,0.4166,0.2941,0.0000,11,1,0,0,recheck,0,still,0
1573,114,1,1,70,16,0,2,0,15,0,1,7,8,0,1,1,6,6,6,21,15,21,0.4102,0.2637,0.0000,8,1,0,0,recheck,0,still,0
1576,44,1,1,209,19,0,2,0,22,0,1,16,6,0,0,0,1,1,1,23,22,23,0.5826,0.2399,0.0000,10,1,0,0,recheck,0,still,0
1577,10,1,1,174,20,1,2,0,23,0,1,16,7,0,0,0,1,1,1,24,23,24,0.5666,0.2833,0.0000,10,1,0,0,recheck,0,still,0
1577,139,1,1,195,19,0,2,0,24,0,1,21,3,0,1,0,1,1,0,25,23,23,0.5603,0.0590,0.0000,12,1,0,0,recheck,0,still,0
1578,21,2,0,-1,19,0,2,0,22,0,1,19,3,0,0,0,0,0,0,22,22,22,0.5567,0.0327,0.0000,11,1,0,0,,0,start_holder,0
1578,151,1,1,93,18,0,1,0,24,0,1,18,6,0,1,0,2,2,0,26,23,23,0.5298,0.1177,0.0000,12,1,0,0,recheck,0,still,0
1579,128,1,0,-1,19,0,1,0,26,0,1,22,4,0,4,0,0,0,0,26,22,22,0.3742,0.0535,0.0000,9,1,0,0,,0,start_holder,0
1579,154,2,0,-1,18,0,1,0,16,0,1,6,10,0,1,0,7,7,7,23,15,22,0.3714,0.2388,0.0000,9,1,0,0,,0,start_holder,0
1580,195,1,1,164,18,0,2,0,15,0,1,7,8,0,1,0,7,7,7,22,14,21,0.4038,0.2692,0.0000,10,1,0,0,recheck,0,still,0
1581,47,2,1,165,19,0,2,0,22,0,1,22,0,0,0,1,0,0,0,22,23,23,0.5843,0.0000,0.0000,11,0,0,0,recheck,0,end_clear,1
1581,145,1,1,223,16,1,2,0,15,0,1,6,9,0,1,0,7,7,7,22,14,21,0.4222,0.2815,0.0000,9,1,0,0,recheck,0,still,0
1582,7,2,1,135,18,0,3,0,21,0,1,15,6,0,0,0,4,4,4,25,21,25,0.4208,0.3237,0.0000,9,1,0,0,recheck,0,still,0
1583,11,1,1,112,18,0,1,0,24,0,1,19,5,0,1,0,0,0,0,24,23,23,0.5945,0.1399,0.0000,10,1,0,0,recheck,0,still,0
1583,116,2,1,262,15,0,2,0,20,0,1,13,7,0,1,0,4,4,4,24,19,23,0.4590,0.3240,0.0000,11,1,0,0,recheck,0,still,0
1584,83,2,0,-1,18,0,2,0,24,0,1,21,3,0,0,0,0,0,0,24,24,24,0.5034,0.0629,0.0000,10,1,0,0,,0,start_holder,0
1584,117,3,0,-1,18,0,1,0,22,0,1,15,7,0,0,0,4,4,4,26,22,26,0.3498,0.1749,0.0000,9,1,0,0,,0,start_holder,0
1585,35,2,1,91,17,0,1,0,15,0,1,9,6,0,0,0,5,5,6,20,15,21,0.3854,0.2248,0.0000,8,1,0,0,recheck,0,still,0
1587,8,2,1,44,19,0,1,0,22,0,1,16,6,0,0,0,3,3,3,25,22,25,0.4797,0.2558,0.0000,10,1,0,0,recheck,0,still,0
1587,182,1,1,219,20,1,2,0,25,0,1,22,3,0,1,0,1,1,0,26,24,24,0.5441,0.0544,0.0000,13,0,1,0,recheck,0,end_clear,0
1588,16,1,0,-1,18,0,3,0,23,0,1,19,4,0,1,0,0,0,0,23,22,22,0.6240,0.0734,0.0000,10,1,0,0,,0,start_holder,0
1589,54,2,0,-1,19,1,2,0,22,0,1,16,6,0,0,0,0,0,0,22,22,22,0.5738,0.1594,0.0000,11,1,0,0,,0,start_holder,0
1590,115,2,1,308,16,0,1,0,18,0,1,9,9,0,2,0,5,5,5,23,16,21,0.3505,0.2696,0.0000,9,1,0,0,recheck,0,still,0
1591,13,2,1,89,18,1,2,0,23,0,1,21,2,0,0,0,0,0,0,23,23,23,0.5936,0.0000,0.0000,10,0,0,0,recheck,0,end_clear,1
1592,9,1,1,158,20,0,1,0,23,0,1,18,5,0,0,0,1,1,1,24,23,24,0.5042,0.1801,0.0000,9,1,0,0,recheck,0,still,0
1592,88,1,1,46,19,0,1,0,23,0,1,22,1,0,0,1,0,0,0,23,24,24,0.5729,0.0358,0.0000,11,1,0,0,recheck,0,still,0
1592,127,1,0,-1,17,0,1,0,26,0,1,20,6,0,4,0,0,0,0,26,22,22,0.4306,0.1615,0.0000,10,1,0,0,,0,start_holder,0
1592,165,1,0,-1,19,0,1,0,26,0,1,19,7,0,2,0,0,0,0,26,24,24,0.3760,0.0537,0.0000,9,1,0,0,,0,start_holder,0
1593,113,1,1,86,17,1,2,0,14,0,1,5,9,0,2,0,7,7,7,21,12,19,0.3516,0.2051,0.0000,8,1,0,0,recheck,0,still,0
1593,171,1,0,-1,18,0,1,0,29,0,1,26,3,0,3,0,0,0,0,29,26,26,0.3717,0.0531,0.0000,10,1,0,0,,0,start_holder,0
1594,188,1,1,258,17,0,2,0,14,0,1,5,9,0,2,0,8,8,8,22,12,20,0.4319,0.2700,0.0000,11,1,0,0,recheck,0,still,0
1595,143,2,0,-1,17,1,2,0,23,0,0,23,0,0,1,0,0,0,0,23,22,22,0.6814,0.0000,0.0000,15,0,0,0,,0,pending,0
1596,1,2,0,-1,17,0,1,0,13,0,1,5,8,0,0,0,8,8,8,21,13,21,0.3845,0.2243,0.0000,7,1,0,0,,0,start_holder,0
1596,143,2,0,-1,17,1,2,0,23,0,0,23,0,0,1,0,0,0,0,23,22,22,0.6814,0.0000,0.0000,15,0,0,0,,0,hop,1
1597,12,2,1,196,17,0,1,0,22,0,1,20,2,0,0,1,0,0,0,22,23,23,0.5498,0.0000,0.0000,10,0,0,0,recheck,0,end_clear,1
1597,62,1,1,85,20,0,3,0,23,0,0,23,0,0,0,0,0,0,0,23,23,23,0.6408,0.0000,0.0000,13,0,0,0,recheck,0,end_clear,1
1597,118,3,0,-1,20,0,1,0,25,0,1,20,5,0,0,0,2,2,1,27,25,26,0.4753,0.1001,0.0000,13,1,0,0,,0,start_holder,0
1597,189,1,1,238,15,0,1,0,16,0,1,7,9,0,1,0,6,6,5,22,15,20,0.5139,0.3787,0.0000,11,1,0,0,recheck,0,still,0
1598,68,3,1,40,15,0,1,0,15,0,1,4,11,0,0,0,7,7,7,22,15,22,0.3243,0.2654,0.0000,6,1,0,0,recheck,0,still,0
1599,73,2,0,-1,5,2,5,0,6,0,0,6,0,0,0,0,0,0,0,6,6,6,0.2643,0.0000,0.0000,5,0,0,0,,0,pending,0
1600,73,2,0,-1,5,2,5,0,6,0,0,6,0,0,0,0,0,0,0,6,6,6,0.2643,0.0000,0.0000,5,0,0,0,,0,hop,1
1601,2,1,1,44,17,0,1,0,12,0,1,4,8,0,0,0,9,9,9,21,12,21,0.3905,0.2130,0.0000,6,1,0,0,recheck,0,still,0
1601,57,1,0,-1,20,0,1,0,22,0,1,18,4,0,0,0,0,0,0,22,22,22,0.6270,0.1475,0.0000,11,1,0,0,,0,start_holder,0
1602,86,1,1,62,16,0,2,0,23,0,1,22,1,0,0,1,0,0,0,23,24,24,0.5721,0.0358,0.0000,10,1,0,0,recheck,0,still,0
1602,99,2,0,-1,6,3,5,0,6,0,0,6,0,0,0,0,0,0,0,6,6,6,0.3242,0.0000,0.0000,6,0,0,0,,0,pending,0
1602,146,2,1,252,16,1,2,0,21,0,1,13,8,0,2,0,4,4,4,25,19,23,0.3921,0.3676,0.0000,10,1,0,0,recheck,0,still,0
1602,159,1,0,-1,10,1,2,0,11,0,1,5,6,0,0,0,2,2,2,13,11,13,0.2039,0.0874,0.0000,3,1,0,0,,0,start_holder,0
1602,163,1,0,-1,18,0,1,1,25,0,1,16,9,0,4,0,0,0,0,25,21,21,0.3518,0.1083,0.0000,8,1,0,0,,0,start_holder,0
1603,99,2,0,-1,6,3,5,0,6,0,0,6,0,0,0,0,0,0,0,6,6,6,0.3242,0.0000,0.0000,6,0,0,0,,0,hop,1
1603,114,1,1,100,16,0,2,0,15,0,1,7,8,0,1,1,6,6,6,21,15,21,0.4102,0.2637,0.0000,8,1,0,0,recheck,0,still,0
1606,3,2,1,36,16,0,1,0,14,0,1,7,7,0,0,0,8,8,8,22,14,22,0.4080,0.2511,0.0000,7,1,0,0,recheck,0,still,0
1606,44,1,1,239,19,0,2,1,23,0,1,19,4,0,0,0,0,0,0,23,23,23,0.5823,0.0343,0.0000,10,0,1,0,recheck,0,end_clear,1
1607,4,2,1,59,16,0,1,0,17,0,1,11,6,0,0,0,5,5,5,22,17,22,0.4141,0.2549,0.0000,8,1,0,0,recheck,0,still,0
1607,10,1,1,204,20,1,2,0,24,0,1,20,4,0,0,0,0,0,0,24,24,24,0.5666,0.0354,0.0000,10,1,0,0,recheck,0,still,0
1607,139,1,1,225,19,0,2,1,25,0,0,22,3,0,2,0,0,0,0,25,23,23,0.5603,0.0295,0.0000,12,1,0,0,recheck,0,still,0
1607,157,2,0,-1,16,0,3,0,12,0,1,5,7,0,1,0,9,9,9,21,11,20,0.2703,0.2432,0.0000,6,1,0,0,,0,start_holder,0
1608,131,2,0,-1,17,0,1,0,28,0,1,25,3,0,2,0,0,0,0,28,26,26,0.3467,0.0495,0.0000,10,1,0,0,,0,start_holder,0
1608,151,1,1,123,18,0,1,0,26,0,1,22,4,0,3,0,0,0,0,26,23,23,0.5298,0.0294,0.0000,12,0,1,0,recheck,0,end_clear,1
1609,56,1,0,-1,20,1,2,0,21,0,1,15,6,0,0,1,1,1,1,22,22,23,0.5477,0.1826,0.0000,10,1,0,0,,0,start_holder,0
1610,153,1,0,-1,18,1,2,0,12,0,1,4,8,0,1,0,9,9,9,21,11,20,0.4089,0.2921,0.0000,9,1,0,0,,0,start_holder,0
1610,195,1,1,194,18,0,2,0,13,0,1,4,9,0,1,0,9,9,9,22,12,21,0.4038,0.2692,0.0000,10,1,0,0,recheck,0,still,0
1611,33,3,0,-1,10,2,4,0,10,0,0,10,0,0,0,0,0,0,0,10,10,10,0.4495,0.0000,0.0000,9,0,0,0,,0,pending,0
1611,145,1,1,253,16,1,2,0,16,0,1,6,10,0,1,0,6,6,6,22,15,21,0.4222,0.2815,0.0000,9,1,0,0,recheck,0,still,0
1612,7,2,1,165,17,0,3,0,24,0,1,19,5,0,0,0,1,1,1,25,24,25,0.4208,0.1619,0.0000,9,1,0,0,recheck,0,still,0
1612,33,3,0,-1,10,2,4,0,10,0,0,10,0,0,0,0,0,0,0,10,10,10,0.4495,0.0000,0.0000,9,0,0,0,,0,hop,1
1613,11,1,1,142,18,0,1,0,24,0,1,22,2,0,1,0,0,0,0,24,23,23,0.5977,0.0000,0.0000,10,0,0,0,recheck,0,end_clear,1
1613,58,1,0,-1,16,0,2,0,23,0,1,20,3,0,0,0,0,0,0,23,23,23,0.5052,0.0722,0.0000,9,1,0,0,,0,start_holder,0
1613,116,2,1,292,15,0,2,0,23,0,1,18,5,0,1,0,2,2,2,25,22,24,0.4050,0.2700,0.0000,10,1,0,0,recheck,0,still,0
1615,35,2,1,121,17,0,1,0,16,0,1,13,3,0,0,0,4,4,5,20,16,21,0.3855,0.1927,0.0000,8,1,0,0,recheck,0,still,0
1615,123,2,0,-1,12,0,2,0,13,0,1,3,10,0,0,0,5,5,5,18,13,18,0.2733,0.2460,0.0000,6,1,0,0,,0,start_holder,0
1616,89,1,0,-1,19,1,3,0,21,0,0,21,0,0,0,1,0,0,0,21,22,22,0.5384,0.0000,0.0000,11,0,0,0,,0,hop,1
1617,8,2,1,74,19,0,1,0,25,0,1,21,4,0,0,0,0,0,0,25,25,25,0.4797,0.0640,0.0000,10,1,0,0,recheck,0,still,0
1617,84,1,0,-1,18,1,2,0,23,0,1,16,7,0,1,0,0,0,0,23,22,22,0.6141,0.2167,0.0000,11,1,0,0,,0,start_holder,0
1618,130,1,0,-1,16,1,7,0,19,0,1,11,8,0,0,0,1,1,1,20,19,20,0.5825,0.0364,0.0000,9,1,0,0,,0,start_holder,0
1618,199,1,1,52,13,1,3,0,13,0,1,4,9,0,2,0,7,7,7,20,11,18,0.3473,0.3206,0.0000,7,1,0,0,recheck,0,still,0
1620,54,2,1,31,19,1,2,0,21,0,1,11,10,0,0,0,1,1,1,22,21,22,0.5739,0.2869,0.0000,11,1,0,0,recheck,0,still,0
1620,115,2,1,338,16,0,1,0,18,0,1,13,5,0,2,0,4,4,4,22,16,20,0.3505,0.2157,0.0000,9,1,0,0,recheck,0,still,0
1622,9,1,1,188,20,0,1,0,24,0,1,20,4,0,0,0,0,0,0,24,24,24,0.5037,0.0360,0.0000,9,0,1,0,recheck,0,end_clear,1
1622,88,1,1,76,19,0,1,0,23,0,0,23,0,0,0,1,0,0,0,23,24,24,0.5729,0.0000,0.0000,11,0,0,0,recheck,0,end_clear,1
1623,25,2,0,-1,17,1,2,0,24,0,1,23,1,0,0,0,0,0,0,24,24,24,0.5576,0.0328,0.0000,11,0,1,0,,0,hop,1
1623,72,2,0,-1,15,0,1,0,13,0,1,4,9,0,0,0,7,7,7,20,13,20,0.3259,0.3259,0.0000,5,1,0,0,,0,start_holder,0
1623,113,1,1,116,17,1,2,0,13,0,1,6,7,0,2,0,8,8,8,21,11,19,0.3516,0.2051,0.0000,8,1,0,0,recheck,0,still,0
1624,154,2,1,45,18,0,1,0,12,0,1,4,8,0,0,0,11,11,10,23,12,22,0.3714,0.2653,0.0000,9,1,0,0,recheck,0,still,0
1624,188,1,1,288,17,0,2,0,13,0,1,6,7,0,2,0,9,9,9,22,11,20,0.4319,0.2970,0.0000,11,1,0,0,recheck,0,still,0
1626,21,2,1,48,19,0,2,0,21,0,1,13,8,0,0,0,1,1,1,22,21,22,0.5553,0.2287,0.0000,11,1,0,0,recheck,0,still,0
1626,23,2,0,-1,16,1,2,0,24,0,1,21,3,0,0,0,0,0,0,24,24,24,0.5276,0.0660,0.0000,11,1,0,0,,0,start_holder,0
1626,171,1,1,33,18,0,1,0,29,0,0,27,2,0,3,0,0,0,0,29,26,26,0.3717,0.0000,0.0000,10,0,0,0,recheck,0,end_clear,1
1627,50,1,0,-1,19,1,3,0,17,0,1,9,8,0,0,1,4,4,4,21,18,22,0.6153,0.2172,0.0000,10,1,0,0,,0,start_holder,0
1627,189,1,1,268,15,0,1,0,17,0,1,10,7,0,1,0,5,5,4,22,16,20,0.4868,0.3516,0.0000,10,1,0,0,recheck,0,still,0
1628,68,3,1,70,15,0,1,0,14,0,1,3,11,0,0,0,8,8,8,22,14,22,0.3243,0.2654,0.0000,6,1,0,0,recheck,0,still,0
1629,117,3,1,45,17,0,1,0,25,0,1,20,5,0,0,0,1,1,1,26,25,26,0.3498,0.1000,0.0000,9,1,0,0,recheck,0,still,0
1630,165,1,1,38,19,0,1,0,24,0,1,14,10,0,2,0,1,1,1,25,22,23,0.3760,0.2149,0.0000,9,1,0,0,recheck,0,still,0
1630,194,1,0,-1,19,0,2,1,25,0,1,21,4,0,3,0,1,1,1,26,22,23,0.5161,0.0543,0.0000,13,1,0,0,,0,start_holder,0
1631,2,1,1,74,17,0,1,0,12,0,1,5,7,0,0,0,8,8,8,20,12,20,0.3899,0.2126,0.0000,6,1,0,0,recheck,0,still,0
1631,55,2,0,-1,20,0,2,0,23,0,1,15,8,0,0,0,1,1,1,24,23,24,0.6155,0.2915,0.0000,13,1,0,0,,0,start_holder,0
1631,128,1,1,52,19,0,1,0,26,0,1,16,10,0,4,0,0,0,0,26,22,22,0.3475,0.1069,0.0000,8,1,0,0,recheck,0,still,0
1632,83,2,1,48,18,0,2,0,24,0,1,20,4,0,0,0,0,0,0,24,24,24,0.5038,0.1260,0.0000,10,1,0,0,recheck,0,still,0
1632,86,1,1,92,16,0,2,0,23,0,0,23,0,0,0,0,0,0,0,23,23,23,0.5719,0.0000,0.0000,10,0,0,0,recheck,0,end_clear,1
1632,146,2,1,282,16,1,2,0,21,0,1,15,6,0,2,0,3,3,3,24,19,22,0.4166,0.2941,0.0000,11,1,0,0,recheck,0,still,0
1633,31,3,0,-1,18,1,5,0,23,0,0,23,0,0,0,0,0,0,0,23,23,23,0.5361,0.0000,0.0000,13,0,0,0,,0,hop,1
1633,57,1,1,32,20,0,1,0,22,0,1,17,5,0,0,0,0,0,0,22,22,22,0.6279,0.2216,0.0000,11,1,0,0,recheck,0,still,0
1633,114,1,1,130,16,0,2,0,17,0,1,10,7,0,1,0,4,4,5,21,16,21,0.4102,0.2344,0.0000,8,1,0,0,recheck,0,still,0
1635,119,1,0,-1,19,1,2,0,25,0,1,21,4,0,3,0,1,1,1,26,22,23,0.5006,0.0589,0.0000,11,1,0,0,,0,start_holder,0
1635,136,2,0,-1,9,6,7,0,10,0,0,10,0,0,0,0,0,0,0,10,10,10,0.4149,0.0000,0.0000,8,0,0,0,,0,pending,0
1636,3,2,1,66,16,0,1,0,15,0,1,9,6,0,0,0,7,7,7,22,15,22,0.4073,0.2506,0.0000,7,1,0,0,recheck,0,still,0
1636,115,2,1,354,16,0,1,0,18,0,1,12,6,0,1,0,4,4,3,22,17,20,0.3505,0.1888,0.0000,9,1,0,0,period_end,0,still,0
1636,136,2,0,-1,9,6,7,0,10,0,0,10,0,0,0,0,0,0,0,10,10,10,0.4149,0.0000,0.0000,8,0,0,0,,0,hop,1
1637,4,2,1,89,16,0,1,0,18,0,1,12,6,0,0,0,4,4,4,22,18,22,0.4134,0.2226,0.0000,8,1,0,0,recheck,0,still,0
1637,10,1,1,234,20,1,2,0,23,0,1,18,5,0,0,0,1,1,1,24,23,24,0.5714,0.0000,0.0000,10,0,0,0,recheck,0,end_clear,1
1637,139,1,1,255,19,0,2,1,23,0,1,21,2,0,2,0,2,2,2,25,21,23,0.5603,0.0590,0.0000,12,1,0,0,recheck,0,still,0
1637,163,1,1,35,18,0,1,1,20,0,1,10,10,0,3,0,4,4,3,24,17,20,0.3518,0.1353,0.0000,8,1,0,0,recheck,0,still,0
1638,157,2,1,31,16,0,3,0,9,0,1,3,6,0,1,0,12,12,12,21,8,20,0.2703,0.2703,0.0000,6,1,0,0,recheck,0,still,0
1640,166,2,0,-1,20,0,1,0,23,0,1,16,7,0,2,0,4,4,4,27,21,25,0.3978,0.1741,0.0000,10,1,0,0,,0,start_holder,0
1640,195,1,1,224,18,0,2,0,9,0,1,5,4,0,0,0,13,13,12,22,9,21,0.4038,0.2961,0.0000,10,1,0,0,recheck,0,still,0
1641,16,1,1,53,18,0,3,0,15,0,1,7,8,0,0,0,6,6,6,21,15,21,0.5866,0.2567,0.0000,9,1,0,0,recheck,0,still,0
1641,145,1,1,283,16,1,2,0,13,0,1,9,4,0,0,0,9,9,8,22,13,21,0.4222,0.2815,0.0000,9,1,0,0,recheck,0,still,0
1642,1,2,1,46,17,0,1,0,9,0,1,5,4,0,0,0,12,12,12,21,9,21,0.3839,0.2240,0.0000,7,1,0,0,recheck,0,still,0
1642,7,2,1,195,17,0,3,0,24,0,1,19,5,0,0,0,1,1,1,25,24,25,0.4209,0.0648,0.0000,9,0,1,0,recheck,0,end_clear,1
1643,116,2,1,322,15,0,2,0,23,0,1,19,4,0,1,0,2,2,2,25,22,24,0.4050,0.1350,0.0000,10,1,0,0,recheck,0,still,0
1643,152,1,0,-1,1,0,3,1,3,0,0,3,0,0,0,0,0,0,0,3,3,3,0.0368,0.0000,0.0000,1,0,0,0,,0,pending,0
1644,152,1,0,-1,1,0,3,1,3,0,0,3,0,0,0,0,0,0,0,3,3,3,0.0368,0.0000,0.0000,1,0,0,0,,0,hop,1
1644,153,1,1,34,18,1,2,0,9,0,1,6,3,0,0,0,12,12,11,21,9,20,0.4089,0.2921,0.0000,9,1,0,0,recheck,0,still,0
1645,35,2,1,151,17,0,1,0,17,0,1,14,3,0,0,0,3,3,4,20,17,21,0.3854,0.0642,0.0000,8,1,0,0,recheck,0,still,0
1645,103,1,0,-1,2,2,3,0,4,0,0,4,0,0,0,0,0,0,0,4,4,4,0.1075,0.0000,0.0000,2,0,0,0,,0,pending,0
1645,126,2,0,-1,19,0,1,0,20,0,1,12,8,0,2,0,6,6,6,26,18,24,0.3508,0.3258,0.0000,10,1,0,0,,0,start_holder,0
1646,103,1,0,-1,2,2,3,0,4,0,0,4,0,0,0,0,0,0,0,4,4,4,0.1075,0.0000,0.0000,2,0,0,0,,0,hop,1
1646,131,2,1,38,17,0,1,1,28,0,0,26,2,0,2,0,0,0,0,28,26,26,0.4457,0.0000,0.0000,12,0,0,0,recheck,0,end_clear,1
1647,8,2,1,104,19,0,2,0,23,0,1,20,3,0,0,0,2,2,2,25,23,25,0.4833,0.0000,0.0000,10,0,0,0,recheck,0,end_clear,1
1647,127,1,1,55,19,0,1,0,21,0,1,13,8,0,2,0,4,4,4,25,19,23,0.3768,0.3768,0.0000,9,1,0,0,recheck,0,still,0
1648,199,1,1,82,13,1,3,0,6,0,1,3,3,0,2,0,14,14,14,20,4,18,0.3472,0.3205,0.0000,7,1,0,0,recheck,0,still,0
1650,54,2,1,61,19,1,2,0,19,0,1,13,6,0,0,0,3,3,3,22,19,22,0.5743,0.3829,0.0000,11,1,0,0,recheck,0,still,0
1650,115,2,1,368,16,0,1,0,18,0,1,15,3,0,1,0,4,4,3,22,17,20,0.3505,0.0539,0.0000,9,0,1,0,recheck,0,end_clear,1
1650,118,3,1,53,20,0,1,0,24,0,1,22,2,0,1,0,3,3,3,27,23,26,0.4503,0.0751,0.0000,12,1,0,0,recheck,0,still,0
1652,87,1,0,-1,18,0,2,0,24,0,0,24,0,0,1,1,0,0,0,24,24,24,0.5953,0.0000,0.0000,11,0,0,0,,0,hop,1
1652,159,1,1,50,10,1,2,0,4,0,1,1,3,0,0,0,9,9,9,13,4,13,0.2039,0.2039,0.0000,3,1,0,0,recheck,0,still,0
1653,113,1,1,146,17,1,2,0,17,0,1,10,7,0,0,0,4,4,2,21,17,19,0.3223,0.1758,0.0000,7,1,0,0,recheck,0,still,0
1653,130,1,1,35,16,1,7,0,14,0,1,8,6,0,0,0,6,6,6,20,14,20,0.5832,0.0729,0.0000,9,1,0,0,recheck,0,still,0
1654,77,3,0,-1,18,2,3,0,18,0,1,8,10,0,0,0,6,6,6,24,18,24,0.6341,0.3171,0.0000,14,1,0,0,,0,start_holder,0
1654,154,2,1,75,18,0,1,0,16,0,1,7,9,0,0,0,7,7,6,23,16,22,0.3714,0.2653,0.0000,9,1,0,0,recheck,0,still,0
1654,188,1,1,318,17,0,2,0,17,0,1,10,7,0,0,0,5,5,3,22,17,20,0.3780,0.2430,0.0000,10,1,0,0,recheck,0,still,0
1656,21,2,1,78,19,0,2,0,19,0,1,14,5,0,0,0,3,3,3,22,19,22,0.5232,0.3270,0.0000,10,1,0,0,recheck,0,still,0
1656,34,1,0,-1,4,1,5,0,5,0,0,5,0,0,0,0,0,0,0,5,5,5,0.2493,0.0000,0.0000,4,0,0,0,,0,hop,1
1657,189,1,1,298,15,0,1,0,19,0,1,13,6,0,1,0,3,3,2,22,18,20,0.4307,0.1346,0.0000,9,1,0,0,recheck,0,still,0
1658,26,3,0,-1,18,0,1,0,24,0,0,24,0,0,0,0,0,0,0,24,24,24,0.5628,0.0000,0.0000,13,0,0,0,,0,hop,1
1658,65,1,0,-1,16,0,1,0,18,0,0,18,0,0,0,1,0,0,0,18,19,19,0.5829,0.0000,0.0000,10,0,0,0,,0,pending,0
1658,68,3,1,100,15,0,1,0,15,0,1,6,9,0,0,0,7,7,7,22,15,22,0.3243,0.2654,0.0000,6,1,0,0,recheck,0,still,0
1659,56,1,1,50,20,1,2,0,20,0,1,16,4,0,0,1,2,2,2,22,21,23,0.5477,0.2556,0.0000,10,1,0,0,recheck,0,still,0
1659,65,1,0,-1,16,0,1,0,18,0,0,18,0,0,0,1,0,0,0,18,19,19,0.5832,0.0000,0.0000,10,0,0,0,,0,hop,1
1659,117,3,1,75,17,0,1,0,23,0,1,21,2,0,0,0,3,3,3,26,23,26,0.4249,0.0750,0.0000,10,1,0,0,recheck,0,still,0
1660,29,2,0,-1,17,0,1,0,23,0,0,23,0,0,1,0,0,0,0,23,22,22,0.5665,0.0000,0.0000,13,0,0,0,,0,hop,1
1660,91,1,0,-1,18,2,4,0,20,0,0,20,0,0,0,0,0,0,0,20,20,20,0.7068,0.0000,0.0000,12,0,0,1,,0,start_crowd,0
1660,165,1,1,68,19,0,1,0,22,0,1,14,8,0,2,0,3,3,3,25,20,23,0.3760,0.3223,0.0000,9,1,0,0,recheck,0,still,0
1661,2,1,1,104,16,0,1,0,17,0,1,9,8,0,0,0,3,3,3,20,17,20,0.3898,0.2126,0.0000,6,1,0,0,recheck,0,still,0
1661,116,2,1,340,15,0,2,0,23,0,1,20,3,0,1,0,2,2,2,25,22,24,0.4048,0.0810,0.0000,10,0,1,0,period_end,0,end_period,1
1661,128,1,1,82,19,0,1,0,24,0,1,17,7,0,2,0,2,2,0,26,22,22,0.3475,0.0802,0.0000,8,1,0,0,recheck,0,still,0
1662,72,2,1,39,15,0,1,0,11,0,1,5,6,0,0,0,9,9,9,20,11,20,0.3260,0.3260,0.0000,5,1,0,0,recheck,0,still,0
1662,83,2,1,78,18,0,2,0,23,0,1,20,3,0,0,0,0,0,0,23,23,23,0.5038,0.0945,0.0000,10,0,1,0,recheck,0,end_clear,1
1662,146,2,1,312,16,1,2,0,23,0,1,19,4,0,2,0,2,2,2,25,21,23,0.3891,0.0730,0.0000,10,1,0,0,recheck,0,still,0
1663,57,1,1,62,20,0,1,0,22,0,1,18,4,0,0,0,0,0,0,22,22,22,0.5540,0.1477,0.0000,10,1,0,0,recheck,0,still,0
1663,114,1,1,160,16,0,2,0,18,0,1,14,4,0,0,1,3,3,2,21,19,21,0.4107,0.0587,0.0000,8,1,0,0,recheck,0,still,0
1664,15,1,0,-1,17,3,7,0,13,0,1,8,5,0,0,0,8,8,8,21,13,21,0.6609,0.2087,0.0000,11,1,0,0,,0,start_holder,0
1664,58,1,1,51,16,0,2,0,22,0,0,21,1,0,0,0,0,0,0,22,22,22,0.5054,0.0000,0.0000,9,0,0,0,recheck,0,end_clear,1
1664,84,1,1,47,18,0,1,0,21,0,1,19,2,0,0,0,1,1,0,22,21,21,0.6184,0.1455,0.0000,11,1,0,0,recheck,0,still,0
1665,6,2,0,-1,16,0,2,0,20,0,1,18,2,0,0,0,4,4,4,24,20,24,0.3867,0.0000,0.0000,8,0,0,0,,0,pending,0
1665,123,2,1,50,12,0,2,0,8,0,1,2,6,0,0,0,10,10,10,18,8,18,0.2733,0.2460,0.0000,6,1,0,0,recheck,0,still,0
1666,3,2,1,96,16,0,1,0,18,0,1,14,4,0,0,0,4,4,4,22,18,22,0.4073,0.1253,0.0000,7,1,0,0,recheck,0,still,0
1666,6,2,0,-1,16,0,2,0,20,0,1,18,2,0,0,0,4,4,4,24,20,24,0.3867,0.0000,0.0000,8,0,0,0,,0,hop,1
1666,107,3,0,-1,16,1,2,0,19,0,0,19,0,0,0,1,0,0,0,19,20,20,0.6185,0.0000,0.0000,13,0,0,0,,0,pending,0
1667,4,2,1,119,16,0,1,0,18,0,1,17,1,0,0,0,4,4,4,22,18,22,0.4134,0.0636,0.0000,8,0,1,0,recheck,0,end_clear,1
1667,97,3,0,-1,1,0,1,1,1,0,0,1,0,0,0,0,0,0,0,1,1,1,0.0290,0.0000,0.0000,1,0,0,0,,0,hop,1
1667,107,3,0,-1,16,1,2,0,19,0,0,19,0,0,0,1,0,0,0,19,20,20,0.6185,0.0000,0.0000,13,0,0,0,,0,hop,1
1667,139,1,1,285,19,0,2,1,21,0,1,19,2,0,2,0,4,4,4,25,19,23,0.5603,0.0885,0.0000,12,1,0,0,recheck,0,still,0
1667,163,1,1,65,18,0,1,1,18,0,1,10,8,0,2,0,7,7,5,25,16,21,0.3518,0.1894,0.0000,8,1,0,0,recheck,0,still,0
1668,157,2,1,61,16,0,3,0,14,0,1,7,7,0,0,0,7,7,6,21,14,20,0.2703,0.2162,0.0000,6,1,0,0,recheck,0,still,0
1670,195,1,1,254,18,0,2,0,18,0,1,10,8,0,0,0,4,4,3,22,18,21,0.3499,0.2422,0.0000,9,1,0,0,recheck,0,still,0
1671,16,1,1,83,17,0,3,0,14,0,1,8,6,0,0,0,7,7,7,21,14,21,0.5866,0.2567,0.0000,9,1,0,0,recheck,0,still,0
1671,124,1,0,-1,1,0,1,1,0,0,0,0,0,0,0,0,0,0,0,0,0,0,0.0000,0.0000,0.0000,0,0,0,0,,0,hop,1
1671,145,1,1,313,15,1,2,0,20,0,1,14,6,0,1,0,2,2,1,22,19,20,0.4790,0.1127,0.0000,10,1,0,0,recheck,0,still,0
1671,194,1,1,41,19,0,2,1,22,0,1,20,2,0,3,0,5,5,5,27,19,24,0.5161,0.1087,0.0000,13,1,0,0,recheck,0,still,0
1672,1,2,1,76,17,0,1,0,18,0,1,10,8,0,0,0,3,3,3,21,18,21,0.3839,0.1600,0.0000,7,1,0,0,recheck,0,still,0
1674,141,2,0,-1,17,6,8,0,17,0,1,11,6,0,1,0,6,6,6,23,16,22,0.6274,0.2091,0.0000,12,1,0,0,,0,start_holder,0
1674,153,1,1,64,18,1,2,0,18,0,1,10,8,0,0,0,3,3,2,21,18,20,0.4089,0.2336,0.0000,9,1,0,0,recheck,0,still,0
1675,35,2,1,181,17,0,1,0,17,0,1,16,1,0,0,0,3,3,3,20,17,20,0.4157,0.0000,0.0000,9,0,0,0,recheck,0,end_clear,1
1675,161,2,0,-1,18,0,1,0,16,0,1,10,6,0,1,0,11,11,10,27,15,25,0.3778,0.1511,0.0000,9,1,0,0,,0,start_holder,0
1676,23,2,1,50,16,0,1,0,23,0,0,22,1,0,0,0,0,0,0,23,23,23,0.5269,0.0000,0.0000,11,0,0,0,recheck,0,end_clear,1
1677,126,2,1,32,19,0,1,0,21,0,1,16,5,0,2,0,5,5,5,26,19,24,0.3508,0.2757,0.0000,10,1,0,0,recheck,0,still,0
1677,127,1,1,85,19,0,1,0,20,0,1,15,5,0,2,0,4,4,4,24,18,22,0.3768,0.2691,0.0000,9,1,0,0,recheck,0,still,0
1677,149,1,0,-1,18,0,1,0,21,0,1,19,2,0,3,0,5,5,5,26,18,23,0.3819,0.0881,0.0000,8,0,1,0,,0,pending,0
1678,149,1,0,-1,18,0,1,0,21,0,1,19,2,0,3,0,5,5,5,26,18,23,0.3819,0.0881,0.0000,8,0,1,0,,0,hop,1
1678,199,1,1,112,13,1,3,0,12,0,1,6,6,0,1,0,8,8,7,20,11,18,0.3474,0.3206,0.0000,7,1,0,0,recheck,0,still,0
1680,54,2,1,91,19,1,2,0,21,0,1,16,5,0,0,0,1,1,1,22,21,22,0.5745,0.2234,0.0000,11,1,0,0,recheck,0,still,0
1680,118,3,1,83,20,0,1,0,22,0,1,19,3,0,1,0,5,5,5,27,21,26,0.4752,0.1251,0.0000,13,1,0,0,recheck,0,still,0
1681,55,2,1,50,20,0,2,0,23,0,1,19,4,0,0,0,1,1,1,24,23,24,0.6162,0.0973,0.0000,13,1,0,0,recheck,0,still,0
1682,159,1,1,80,10,1,2,0,3,0,1,1,2,0,0,0,10,10,10,13,3,13,0.2039,0.2039,0.0000,3,1,0,0,recheck,0,still,0
1682,169,1,0,-1,17,4,5,0,15,0,1,9,6,0,0,2,5,5,5,20,17,22,0.7406,0.3174,0.0000,11,1,0,1,,0,start_both,0
1683,113,1,1,176,17,1,2,0,19,0,1,13,6,0,0,0,2,2,0,21,19,19,0.3516,0.0879,0.0000,8,1,0,0,recheck,0,still,0
1683,130,1,1,65,16,1,3,0,14,0,1,6,8,0,0,0,6,6,6,20,14,20,0.5832,0.1822,0.0000,9,1,0,0,recheck,0,still,0
1683,132,1,0,-1,18,1,4,0,20,0,0,20,0,0,0,2,0,0,0,20,22,22,0.6089,0.0000,0.0000,11,0,0,0,,0,pending,0
1683,189,1,1,324,15,0,1,1,22,0,1,16,6,0,2,0,0,0,0,22,20,20,0.4871,0.0812,0.0000,10,0,1,0,period_end,0,end_period,1
1684,119,1,1,49,19,1,2,0,22,0,1,18,4,0,3,0,4,4,4,26,19,23,0.5006,0.1178,0.0000,11,1,0,0,recheck,0,still,0
1684,132,1,0,-1,18,1,4,0,20,0,0,20,0,0,0,2,0,0,0,20,22,22,0.6089,0.0000,0.0000,11,0,0,0,,0,hop,1
1684,133,2,0,-1,12,2,4,0,15,0,0,15,0,0,1,0,0,0,0,15,14,14,0.6594,0.0000,0.0000,11,0,0,0,,0,pending,0
1684,154,2,1,105,18,0,1,0,18,0,1,11,7,0,0,0,5,5,4,23,18,22,0.2653,0.1592,0.0000,7,1,0,0,recheck,0,still,0
1684,188,1,1,348,17,0,2,0,19,0,1,14,5,0,0,0,3,3,1,22,19,20,0.4321,0.1080,0.0000,11,1,0,0,recheck,0,still,0
1685,50,1,1,58,18,1,3,0,15,0,1,9,6,0,0,0,6,6,7,21,15,22,0.6150,0.2894,0.0000,10,1,0,0,recheck,0,still,0
1685,133,2,0,-1,12,2,4,0,15,0,0,15,0,0,1,0,0,0,0,15,14,14,0.6594,0.0000,0.0000,11,0,0,0,,0,hop,1
1686,21,2,1,108,19,0,2,0,21,0,1,17,4,0,0,0,1,1,1,22,21,22,0.5560,0.1635,0.0000,11,1,0,0,recheck,0,still,0
1687,110,1,0,-1,8,1,5,0,8,0,0,8,0,0,0,1,0,0,0,8,9,9,0.4791,0.0000,0.0000,7,0,0,0,,0,pending,0
1688,68,3,1,130,15,0,1,0,17,0,1,10,7,0,0,0,5,5,5,22,17,22,0.2654,0.1474,0.0000,5,1,0,0,recheck,0,still,0
1688,110,1,0,-1,8,1,5,0,8,0,0,8,0,0,0,1,0,0,0,8,9,9,0.4791,0.0000,0.0000,7,0,0,0,,0,hop,1
1689,28,2,0,-1,19,2,3,0,23,0,1,22,1,0,0,0,0,0,0,23,23,23,0.5597,0.0311,0.0000,13,1,0,0,,0,start_holder,0
1689,56,1,1,80,20,1,2,0,21,0,1,18,3,0,0,1,1,1,1,22,22,23,0.5500,0.0733,0.0000,10,1,0,0,recheck,0,still,0
1689,117,3,1,105,17,0,1,0,24,0,1,18,6,0,0,0,2,2,2,26,24,26,0.4250,0.0750,0.0000,10,1,0,0,recheck,0,still,0
1689,145,1,1,331,15,1,2,0,21,0,1,16,5,0,1,0,1,1,0,22,20,20,0.4790,0.0282,0.0000,10,0,1,0,period_end,0,end_period,1
1690,111,1,0,-1,2,0,1,1,0,0,0,0,0,0,0,0,0,0,0,0,0,0,0.0000,0.0000,0.0000,0,0,0,0,,0,pending,0
1690,165,1,1,98,19,0,1,0,23,0,1,16,7,0,2,0,2,2,2,25,21,23,0.3760,0.1880,0.0000,9,1,0,0,recheck,0,still,0
1690,188,1,1,354,17,0,2,0,20,0,1,15,5,0,0,0,2,2,0,22,20,20,0.4317,0.0809,0.0000,11,1,0,0,period_end,0,still,0
1691,2,1,1,134,16,0,1,0,21,0,1,15,6,0,0,0,0,0,0,21,21,21,0.3189,0.0709,0.0000,5,0,1,0,recheck,0,end_clear,1
1691,91,1,1,31,18,2,4,0,21,0,0,21,0,0,0,0,0,0,0,21,21,21,0.7428,0.0000,0.0000,13,0,0,1,recheck,0,still,0
1691,111,1,0,-1,2,0,1,1,0,0,0,0,0,0,0,0,0,0,0,0,0,0,0.0000,0.0000,0.0000,0,0,0,0,,0,hop,1
1691,128,1,1,112,20,0,2,0,25,0,1,18,7,0,3,0,0,0,0,25,22,22,0.3742,0.0535,0.0000,9,1,0,0,recheck,0,still,0
1692,72,2,1,69,15,0,1,0,16,0,1,10,6,0,0,0,4,4,4,20,16,20,0.2608,0.2282,0.0000,4,1,0,0,recheck,0,still,0
1692,146,2,1,342,16,1,2,0,23,0,1,18,5,0,1,0,1,1,1,24,22,23,0.4154,0.0733,0.0000,11,1,0,0,recheck,0,still,0
1693,57,1,1,92,19,2,3,0,22,0,1,19,3,0,0,0,0,0,0,22,22,22,0.6249,0.1103,0.0000,11,1,0,0,recheck,0,still,0
1693,77,3,1,39,17,2,3,0,18,0,1,12,6,0,1,0,7,7,7,25,17,24,0.6335,0.3168,0.0000,14,1,0,0,recheck,0,still,0
1693,114,1,1,190,16,0,2,0,22,0,1,17,5,0,2,0,0,0,0,22,20,20,0.4101,0.0000,0.0000,8,0,0,0,recheck,0,end_clear,1
1693,138,2,0,-1,18,0,1,1,26,0,1,24,2,0,3,0,0,0,0,26,23,23,0.3684,0.0246,0.0000,12,1,0,0,,0,start_holder,0
1694,84,1,1,77,18,1,3,0,22,0,0,19,3,0,1,0,0,0,0,22,21,21,0.6152,0.1086,0.0000,11,1,0,0,recheck,0,still,0
1694,158,1,0,-1,15,2,3,0,12,0,1,7,5,0,0,0,5,5,5,17,12,17,0.2891,0.2602,0.0000,5,1,0,0,,0,start_holder,0
1695,123,2,1,80,12,0,2,0,11,0,1,5,6,0,0,0,6,6,6,17,11,17,0.2733,0.2460,0.0000,6,1,0,0,recheck,0,still,0
1695,166,2,1,55,20,1,2,0,26,0,1,18,8,0,2,0,1,1,1,27,24,25,0.3979,0.0995,0.0000,10,1,0,0,recheck,0,still,0
1696,3,2,1,126,16,0,1,0,22,0,1,18,4,0,0,0,0,0,0,22,22,22,0.3525,0.0000,0.0000,6,0,0,0,recheck,0,end_clear,1
1696,142,2,0,-1,16,2,4,0,15,0,1,7,8,0,0,1,8,8,8,23,16,24,0.6073,0.2238,0.0000,11,1,0,0,,0,start_holder,0
1697,15,1,1,33,17,0,4,0,15,0,1,7,8,0,0,0,7,7,7,22,15,22,0.6601,0.2085,0.0000,11,1,0,0,recheck,0,still,0
1697,139,1,1,315,19,0,2,1,20,0,1,15,5,0,2,0,5,5,5,25,18,23,0.5603,0.2359,0.0000,12,1,0,0,recheck,0,still,0
1697,163,1,1,95,18,0,1,1,18,0,1,11,7,0,2,0,7,7,5,25,16,21,0.3518,0.1894,0.0000,8,1,0,0,recheck,0,still,0
1698,157,2,1,91,15,0,3,0,17,0,1,13,4,0,0,0,4,4,3,21,17,20,0.2703,0.1351,0.0000,6,1,0,0,recheck,0,still,0
1699,17,3,0,-1,18,1,3,0,20,0,1,13,7,0,0,0,4,4,4,24,20,24,0.5562,0.2634,0.0000,12,1,0,0,,0,start_holder,0
1700,195,1,1,284,18,0,2,0,21,0,1,16,5,0,1,0,1,1,1,22,20,21,0.3499,0.0807,0.0000,9,1,0,0,recheck,0,still,0
1701,16,1,1,113,17,0,3,0,15,0,1,8,7,0,0,0,6,6,6,21,15,21,0.5866,0.3667,0.0000,9,1,0,0,recheck,0,still,0
1701,144,2,0,-1,2,0,2,1,3,0,0,3,0,0,0,0,0,0,0,3,3,3,0.0655,0.0000,0.0000,2,0,0,0,,0,pending,0
1701,146,2,1,351,17,1,2,0,25,0,1,20,5,0,2,0,1,1,1,26,23,24,0.4150,0.0732,0.0000,11,1,0,0,period_end,0,still,0
1701,194,1,1,71,19,0,2,1,22,0,1,16,6,0,3,0,5,5,5,27,19,24,0.4617,0.1901,0.0000,12,1,0,0,recheck,0,still,0
1702,1,2,1,106,17,0,1,0,20,0,1,16,4,0,0,0,1,1,1,21,20,21,0.3205,0.0000,0.0000,6,0,0,0,recheck,0,end_clear,1
1702,144,2,0,-1,2,0,2,1,3,0,0,3,0,0,0,0,0,0,0,3,3,3,0.0655,0.0000,0.0000,2,0,0,0,,0,hop,1
1703,5,2,0,-1,17,0,1,0,22,0,1,17,5,0,0,0,1,1,1,23,22,23,0.4946,0.0000,0.0000,10,0,0,0,,0,pending,0
1703,76,3,0,-1,18,1,4,0,15,0,1,6,9,0,0,1,7,7,7,22,16,23,0.6550,0.3572,0.0000,13,1,0,0,,0,start_holder,0
1704,5,2,0,-1,17,0,1,0,22,0,1,16,6,0,0,0,1,1,1,23,22,23,0.4946,0.0000,0.0000,10,0,0,0,,0,hop,1
1704,66,1,0,-1,13,0,2,0,16,0,0,16,0,0,0,0,0,0,0,16,16,16,0.5894,0.0000,0.0000,9,0,0,0,,0,pending,0
1704,139,1,1,322,19,0,2,1,20,0,1,13,7,0,2,0,5,5,5,25,18,23,0.5603,0.3244,0.0000,12,1,0,0,period_end,0,still,0
1704,153,1,1,94,18,1,2,0,21,0,1,17,4,0,1,0,0,0,0,21,20,20,0.3213,0.0584,0.0000,7,0,1,0,recheck,0,end_clear,0
1705,19,3,0,-1,18,0,2,0,22,0,1,15,7,0,0,0,2,2,2,24,22,24,0.5836,0.2626,0.0000,12,1,0,0,,0,start_holder,0
1705,66,1,0,-1,13,0,2,0,16,0,0,16,0,0,0,0,0,0,0,16,16,16,0.5893,0.0000,0.0000,9,0,0,0,,0,hop,1
1705,75,1,0,-1,3,0,1,1,1,0,0,1,0,0,0,0,0,0,0,1,1,1,0.0340,0.0000,0.0000,1,0,0,0,,0,hop,1
1707,126,2,1,62,19,0,1,0,22,0,1,13,9,0,2,0,4,4,4,26,20,24,0.3508,0.2757,0.0000,10,1,0,0,recheck,0,still,0
1707,127,1,1,115,19,0,1,0,21,0,1,12,9,0,2,0,3,3,3,24,19,22,0.3768,0.2691,0.0000,9,1,0,0,recheck,0,still,0
1708,199,1,1,142,13,1,3,0,17,0,1,11,6,0,1,0,2,2,1,19,16,17,0.3474,0.2138,0.0000,7,1,0,0,recheck,0,still,0
1710,54,2,1,121,19,1,2,0,21,0,1,15,6,0,0,0,1,1,1,22,21,22,0.5742,0.2233,0.0000,11,1,0,0,recheck,0,still,0
1710,118,3,1,113,20,0,1,0,22,0,1,15,7,0,1,0,5,5,5,27,21,26,0.4753,0.2752,0.0000,13,1,0,0,recheck,0,still,0
1711,47,2,0,-1,18,0,2,0,16,0,1,8,8,0,0,1,6,6,6,22,17,23,0.5841,0.4218,0.0000,11,1,0,0,,0,start_holder,0
1711,55,2,1,80,20,0,2,0,23,0,1,18,5,0,0,0,1,1,1,24,23,24,0.6158,0.1621,0.0000,13,1,0,0,recheck,0,still,0
1712,12,2,0,-1,17,0,1,0,16,0,1,9,7,0,0,1,6,6,6,22,17,23,0.5480,0.3223,0.0000,10,1,0,0,,0,start_holder,0
1712,159,1,1,110,10,1,2,0,9,0,1,4,5,0,0,0,4,4,4,13,9,13,0.2039,0.2039,0.0000,3,1,0,0,recheck,0,still,0
1713,113,1,1,206,16,0,2,0,21,0,1,19,2,0,2,0,0,0,0,21,19,19,0.3224,0.0000,0.0000,7,0,0,0,recheck,0,end_clear,1
1713,130,1,1,95,16,1,3,0,14,0,1,5,9,0,1,0,7,7,7,21,13,20,0.6561,0.4009,0.0000,10,1,0,0,recheck,0,still,0
1714,101,3,0,-1,4,0,5,1,5,0,0,5,0,0,0,0,0,0,0,5,5,5,0.1494,0.0000,0.0000,4,0,0,0,,0,pending,0
1714,119,1,1,79,19,1,2,0,21,0,1,13,8,0,3,0,5,5,5,26,18,23,0.5006,0.3828,0.0000,11,1,0,0,recheck,0,still,0
1714,154,2,1,135,18,0,1,0,23,0,1,18,5,0,1,0,0,0,0,23,22,22,0.2388,0.0265,0.0000,6,0,1,0,recheck,0,end_clear,1
1714,188,1,1,378,17,1,2,0,22,0,1,20,2,0,2,0,0,0,0,22,20,20,0.4312,0.0000,0.0000,11,0,0,0,recheck,0,end_clear,1
1715,50,1,1,88,18,1,3,0,15,0,1,7,8,0,0,0,6,6,7,21,15,22,0.6150,0.5064,0.0000,10,1,0,0,recheck,0,still,0
1715,101,3,0,-1,4,0,5,1,5,0,0,5,0,0,0,0,0,0,0,5,5,5,0.1494,0.0000,0.0000,4,0,0,0,,0,hop,1
1716,21,2,1,138,19,0,2,0,21,0,1,16,5,0,0,0,1,1,1,22,21,22,0.5533,0.1627,0.0000,11,1,0,0,recheck,0,still,0
1717,174,1,0,-1,13,0,2,0,16,0,0,16,0,0,1,0,0,0,0,16,15,15,0.7096,0.0000,0.0000,12,0,0,1,,0,start_crowd,0
1718,68,3,1,160,15,0,1,1,22,0,1,19,3,0,0,0,0,0,0,22,22,22,0.3249,0.0000,0.0000,6,0,0,0,recheck,0,end_clear,1
1719,56,1,1,110,20,1,2,0,21,0,1,18,3,0,0,1,1,1,1,22,22,23,0.5468,0.0729,0.0000,10,1,0,0,recheck,0,still,0
1719,117,3,1,135,17,0,1,0,23,0,1,14,9,0,0,0,3,3,3,26,23,26,0.4249,0.2499,0.0000,10,1,0,0,recheck,0,still,0
1719,169,1,1,37,17,0,1,0,13,0,1,5,8,0,0,2,7,7,7,20,15,22,0.7414,0.6002,0.0000,11,1,0,1,recheck,0,still,0
1720,165,1,1,128,19,0,1,0,23,0,1,15,8,0,2,0,2,2,2,25,21,23,0.3760,0.1880,0.0000,9,1,0,0,recheck,0,still,0
1721,91,1,1,61,18,2,4,0,20,0,1,19,1,0,0,1,0,0,0,20,21,21,0.6373,0.0354,0.0000,12,1,0,0,recheck,0,still,0
1721,128,1,1,142,20,0,2,0,26,0,1,19,7,0,3,0,0,0,0,26,23,23,0.3742,0.0535,0.0000,9,1,0,0,recheck,0,still,0
1722,72,2,1,99,15,0,1,1,20,0,1,17,3,0,0,0,0,0,0,20,20,20,0.2608,0.0000,0.0000,4,0,0,0,recheck,0,end_clear,1
1722,146,2,1,372,18,1,2,0,25,0,1,17,8,0,1,0,1,1,1,26,24,25,0.4155,0.0733,0.0000,11,1,0,0,recheck,0,still,0
1722,161,2,1,47,18,0,1,0,18,0,1,9,9,0,1,0,9,9,8,27,17,25,0.3778,0.3022,0.0000,9,1,0,0,recheck,0,still,0
1723,57,1,1,122,19,2,3,0,22,0,1,19,3,0,0,0,0,0,0,22,22,22,0.6218,0.1097,0.0000,11,1,0,0,recheck,0,still,0
1723,77,3,1,69,16,2,3,0,18,0,1,10,8,0,1,0,7,7,7,25,17,24,0.6328,0.4890,0.0000,14,1,0,0,recheck,0,still,0
1723,89,1,0,-1,18,1,3,0,21,0,1,19,2,0,0,0,0,0,1,21,21,22,0.5747,0.0359,0.0000,11,1,0,0,,0,start_holder,0
1723,180,1,0,-1,16,2,3,0,20,0,1,19,1,0,1,1,0,0,0,20,20,20,0.6284,0.0331,0.0000,11,1,0,0,,0,start_holder,0
1724,84,1,1,107,18,1,3,0,22,0,0,18,4,0,1,0,0,0,0,22,21,21,0.6113,0.1438,0.0000,11,1,0,0,recheck,0,still,0
1725,123,2,1,110,12,1,3,0,17,0,1,13,4,0,0,0,0,0,0,17,17,17,0.3279,0.1093,0.0000,7,1,0,0,recheck,0,still,0
1725,166,2,1,85,20,1,2,0,26,0,1,17,9,0,2,0,1,1,1,27,24,25,0.3979,0.0995,0.0000,10,1,0,0,recheck,0,still,0
1727,15,1,1,63,17,0,4,0,14,0,1,5,9,0,0,0,8,8,8,22,14,22,0.6591,0.4163,0.0000,11,1,0,0,recheck,0,still,0
1727,88,1,0,-1,18,0,1,0,22,0,1,17,5,0,0,1,1,1,1,23,23,24,0.6087,0.1432,0.0000,11,1,0,0,,0,start_holder,0
1727,139,1,1,345,19,0,2,1,20,0,1,10,10,0,2,0,5,5,5,25,18,23,0.5603,0.3833,0.0000,12,1,0,0,recheck,0,still,0
1727,141,2,1,53,17,3,4,0,15,0,1,5,10,0,0,0,7,7,7,22,15,22,0.6010,0.4508,0.0000,11,1,0,0,recheck,0,still,0
1727,163,1,1,125,18,0,1,1,18,0,1,9,9,0,2,0,7,7,5,25,16,21,0.4060,0.3248,0.0000,9,1,0,0,recheck,0,still,0
1728,157,2,1,121,14,0,2,0,21,0,1,20,1,0,1,0,0,0,0,21,20,20,0.2704,0.0000,0.0000,6,0,0,0,recheck,0,end_clear,1
1729,90,1,0,-1,16,3,4,0,22,0,1,19,3,0,0,0,0,0,0,22,22,22,0.7425,0.0707,0.0000,13,1,0,1,,0,start_both,0
1730,195,1,1,314,17,0,2,0,24,0,1,22,2,0,3,0,0,0,0,24,21,21,0.4046,0.0000,0.0000,10,0,0,0,recheck,0,end_clear,0
1731,16,1,1,143,17,0,3,0,14,0,1,7,7,0,0,0,7,7,7,21,14,21,0.5866,0.4767,0.0000,9,1,0,0,recheck,0,still,0
1731,158,1,1,37,15,0,3,0,18,0,1,18,0,0,0,0,0,0,0,18,18,18,0.3469,0.0000,0.0000,6,0,0,0,recheck,0,end_clear,1
1731,194,1,1,101,19,0,2,1,22,0,1,13,9,0,3,0,5,5,5,27,19,24,0.4616,0.3801,0.0000,12,1,0,0,recheck,0,still,0
1733,177,1,0,-1,19,0,1,1,25,0,1,18,7,0,3,0,1,1,1,26,22,23,0.4230,0.1057,0.0000,10,1,0,0,,0,start_holder,0
1734,138,2,1,41,17,0,1,1,26,0,1,20,6,0,3,0,0,0,0,26,23,23,0.3684,0.0982,0.0000,12,1,0,0,recheck,0,still,0
1737,126,2,1,92,19,0,1,0,21,0,1,12,9,0,1,0,5,5,4,26,20,24,0.3508,0.2757,0.0000,10,1,0,0,recheck,0,still,0
1737,127,1,1,145,19,0,1,0,20,0,1,11,9,0,1,0,4,4,3,24,19,22,0.3768,0.2691,0.0000,9,1,0,0,recheck,0,still,0
1738,199,1,1,172,14,1,2,0,20,0,0,20,0,0,1,0,0,0,0,20,19,19,0.3430,0.0000,0.0000,7,0,0,0,recheck,0,end_clear,1
1740,14,1,0,-1,19,0,1,0,17,0,1,7,10,0,0,2,3,3,3,20,19,22,0.6280,0.4802,0.0000,10,1,0,0,,0,start_holder,0
1740,54,2,1,151,19,1,2,0,21,0,1,13,8,0,0,0,2,2,2,23,21,23,0.5739,0.2232,0.0000,11,1,0,0,recheck,0,still,0
1740,118,3,1,143,19,0,1,0,25,0,1,12,13,0,1,0,2,2,2,27,24,26,0.4752,0.3752,0.0000,13,1,0,0,recheck,0,still,0
1741,55,2,1,110,20,0,2,0,23,0,1,14,9,0,0,0,1,1,1,24,23,24,0.6155,0.2268,0.0000,13,1,0,0,recheck,0,still,0
1742,159,1,1,140,10,1,2,0,13,0,1,12,1,0,0,0,0,0,0,13,13,13,0.2039,0.0583,0.0000,3,0,1,0,recheck,0,end_clear,1
1743,9,1,0,-1,20,0,1,0,21,0,1,10,11,0,0,0,3,3,3,24,21,24,0.5047,0.3244,0.0000,9,1,0,0,,0,start_holder,0
1743,130,1,1,125,16,1,3,0,16,0,1,5,11,0,1,0,5,5,5,21,15,20,0.6561,0.4009,0.0000,10,1,0,0,recheck,0,still,0
1743,142,2,1,47,16,2,4,0,18,0,1,5,13,0,0,1,5,5,5,23,19,24,0.6108,0.4179,0.0000,11,1,0,0,recheck,0,still,0
1743,152,1,0,-1,2,1,2,0,3,0,0,3,0,0,0,0,0,0,0,3,3,3,0.0689,0.0000,0.0000,1,0,0,0,,0,hop,1
1744,119,1,1,109,20,1,2,0,25,0,1,11,14,0,3,0,1,1,1,26,22,23,0.5006,0.4122,0.0000,11,1,0,0,recheck,0,still,0
1745,50,1,1,118,18,1,3,0,16,0,1,7,9,0,0,0,5,5,6,21,16,22,0.6149,0.5064,0.0000,10,1,0,0,recheck,0,still,0
1746,21,2,1,168,19,0,2,0,21,0,1,13,8,0,0,0,1,1,1,22,21,22,0.5526,0.1625,0.0000,11,1,0,0,recheck,0,still,0
1748,17,3,1,49,18,1,3,0,20,0,1,11,9,0,0,0,4,4,4,24,20,24,0.5588,0.3529,0.0000,12,1,0,0,recheck,0,still,0
1748,28,2,1,59,19,2,3,0,24,0,1,19,5,0,0,0,0,0,0,24,24,24,0.5556,0.1235,0.0000,13,1,0,0,recheck,0,still,0
1748,79,1,0,-1,17,0,3,0,17,0,1,9,8,0,1,0,4,4,4,21,16,20,0.6333,0.5278,0.0000,10,1,0,0,,0,start_holder,0
1749,56,1,1,140,20,1,2,0,21,0,1,14,7,0,0,1,1,1,1,22,22,23,0.5457,0.1091,0.0000,10,1,0,0,recheck,0,still,0
1749,117,3,1,165,17,0,1,0,23,0,1,12,11,0,0,0,3,3,3,26,23,26,0.4249,0.2749,0.0000,10,1,0,0,recheck,0,still,0
1749,169,1,1,67,18,0,1,0,17,0,1,4,13,0,0,3,3,3,3,20,20,23,0.7405,0.5995,0.0000,11,1,0,1,recheck,0,still,0
1750,165,1,1,158,19,0,1,0,23,0,1,13,10,0,2,0,2,2,2,25,21,23,0.3760,0.1880,0.0000,9,1,0,0,recheck,0,still,0
1751,76,3,1,48,18,1,2,0,18,0,1,4,14,0,0,1,4,4,4,22,19,23,0.6549,0.4763,0.0000,13,1,0,0,recheck,0,still,0
1751,91,1,1,91,18,2,4,0,20,0,1,18,2,0,0,1,0,0,0,20,21,21,0.6377,0.0709,0.0000,12,1,0,0,recheck,0,still,0
1751,128,1,1,172,20,0,2,0,26,0,1,15,11,0,3,0,0,0,0,26,23,23,0.3742,0.0802,0.0000,9,1,0,0,recheck,0,still,0
1752,146,2,1,402,18,1,2,0,23,0,1,15,8,0,1,0,3,3,3,26,22,25,0.4156,0.0978,0.0000,11,1,0,0,recheck,0,still,0
1752,161,2,1,77,18,0,1,0,21,0,1,8,13,0,2,0,6,6,6,27,19,25,0.3778,0.3274,0.0000,9,1,0,0,recheck,0,still,0
1753,44,1,0,-1,19,0,2,0,21,0,1,9,12,0,0,1,2,2,2,23,22,24,0.5237,0.4190,0.0000,9,1,0,0,,0,start_holder,0
1753,57,1,1,152,19,2,3,0,22,0,1,15,7,0,0,0,0,0,0,22,22,22,0.6206,0.1825,0.0000,11,1,0,0,recheck,0,still,0
1753,77,3,1,99,16,2,3,0,20,0,1,9,11,0,1,0,5,5,5,25,19,24,0.6304,0.5158,0.0000,14,1,0,0,recheck,0,still,0
1753,180,1,1,30,15,0,2,0,19,0,1,18,1,0,2,1,0,0,0,19,18,18,0.6304,0.0332,0.0000,11,1,0,0,recheck,0,still,0
1754,84,1,1,137,18,1,3,0,22,0,1,15,7,0,1,0,0,0,0,22,21,21,0.6101,0.1794,0.0000,11,1,0,0,recheck,0,still,0
1754,109,2,0,-1,9,3,8,0,11,0,0,11,0,0,0,0,0,0,0,11,11,11,0.5470,0.0000,0.0000,9,0,0,0,,0,pending,0
1755,19,3,1,50,18,0,2,0,22,0,1,13,9,0,0,0,2,2,2,24,22,24,0.6133,0.2628,0.0000,13,1,0,0,recheck,0,still,0
1755,109,2,0,-1,9,3,8,0,11,0,0,11,0,0,0,0,0,0,0,11,11,11,0.5470,0.0000,0.0000,9,0,0,0,,0,hop,1
1755,123,2,1,140,14,0,2,1,18,0,0,18,0,0,0,0,0,0,0,18,18,18,0.2645,0.0000,0.0000,6,0,0,0,recheck,0,end_clear,1
1755,166,2,1,115,20,1,2,0,26,0,1,14,12,0,2,0,1,1,1,27,24,25,0.4228,0.0995,0.0000,11,1,0,0,recheck,0,still,0
1755,174,1,1,38,12,0,2,0,15,0,0,15,0,0,1,0,0,0,0,15,14,14,0.6754,0.0000,0.0000,11,0,0,0,recheck,0,end_clear,1
1757,15,1,1,93,17,0,3,0,17,0,1,4,13,0,0,0,5,5,5,22,17,22,0.6526,0.4465,0.0000,11,1,0,0,recheck,0,still,0
1757,87,1,0,-1,17,0,2,0,23,0,1,16,7,0,1,1,1,1,1,24,23,24,0.5951,0.2100,0.0000,11,1,0,0,,0,start_holder,0
1757,139,1,1,375,19,0,2,1,23,0,1,8,15,0,2,0,2,2,2,25,21,23,0.5603,0.3833,0.0000,12,1,0,0,recheck,0,still,0
1757,141,2,1,83,17,0,1,0,18,0,1,4,14,0,0,0,4,4,4,22,18,22,0.6078,0.4558,0.0000,11,1,0,0,recheck,0,still,0
1757,163,1,1,155,18,0,1,1,20,0,1,8,12,0,4,0,5,5,5,25,16,21,0.4060,0.3518,0.0000,9,1,0,0,recheck,0,still,0
1759,8,2,0,-1,19,0,2,0,22,0,1,10,12,0,0,0,3,3,3,25,22,25,0.4748,0.3482,0.0000,10,1,0,0,,0,start_holder,0
1760,62,1,0,-1,17,0,3,0,22,0,1,19,3,0,0,0,0,0,0,22,22,22,0.7127,0.0713,0.0000,13,1,0,1,,0,start_both,0
1760,88,1,1,33,18,0,1,0,22,0,1,16,6,0,0,1,1,1,1,23,23,24,0.6086,0.1790,0.0000,11,1,0,0,recheck,0,still,0
1761,16,1,1,173,17,0,3,0,15,0,1,6,9,0,0,0,6,6,6,21,15,21,0.5867,0.5134,0.0000,9,1,0,0,recheck,0,still,0
1761,168,1,0,-1,17,0,1,1,25,0,1,14,11,0,4,0,1,1,1,26,21,22,0.4268,0.1334,0.0000,10,1,0,0,,0,start_holder,0
1761,194,1,1,131,19,0,2,1,25,0,1,10,15,0,3,0,2,2,2,27,22,24,0.4614,0.4071,0.0000,12,1,0,0,recheck,0,still,0
1762,182,1,0,-1,20,1,2,0,24,0,1,9,15,0,3,0,3,3,3,27,21,24,0.4911,0.3001,0.0000,12,1,0,0,,0,start_holder,0
1764,47,2,1,53,18,0,2,0,19,0,1,6,13,0,0,1,2,2,2,21,20,22,0.5515,0.4217,0.0000,11,1,0,0,recheck,0,still,0
1764,138,2,1,71,16,0,1,1,25,0,1,20,5,0,2,0,0,0,0,25,23,23,0.3684,0.0737,0.0000,12,1,0,0,recheck,0,still,0
1766,10,1,0,-1,20,1,2,0,22,0,1,7,15,0,0,0,2,2,2,24,22,24,0.5699,0.4630,0.0000,10,1,0,0,,0,start_holder,0
1766,11,1,0,-1,18,0,1,0,21,0,1,7,14,0,0,0,3,3,2,24,21,23,0.5912,0.4521,0.0000,10,1,0,0,,0,start_holder,0
1767,126,2,1,122,19,0,1,0,20,0,1,9,11,0,2,0,6,6,6,26,18,24,0.3508,0.2757,0.0000,10,1,0,0,recheck,0,still,0
1767,127,1,1,175,19,0,1,0,19,0,1,8,11,0,2,0,5,5,5,24,17,22,0.3768,0.2691,0.0000,9,1,0,0,recheck,0,still,0
1769,12,2,1,57,17,0,1,0,21,0,1,7,14,0,0,0,2,2,2,23,21,23,0.5478,0.3545,0.0000,10,1,0,0,recheck,0,still,0
1770,54,2,1,181,19,1,2,0,19,0,1,10,9,0,0,0,3,3,3,22,19,22,0.5739,0.2232,0.0000,11,1,0,0,recheck,0,still,0
1770,118,3,1,173,19,0,1,0,25,0,1,7,18,0,1,0,2,2,2,27,24,26,0.4752,0.4002,0.0000,13,1,0,0,recheck,0,still,0
1771,55,2,1,140,20,0,2,0,20,0,1,11,9,0,0,0,4,4,4,24,20,24,0.5835,0.2269,0.0000,12,1,0,0,recheck,0,still,0
1771,135,1,0,-1,17,0,1,0,25,0,1,17,8,0,4,0,2,2,2,27,21,23,0.3179,0.1324,0.0000,9,1,0,0,,0,start_holder,0
1773,89,1,1,50,18,1,3,0,21,0,1,17,4,0,0,0,0,0,1,21,21,22,0.5760,0.1080,0.0000,11,1,0,0,recheck,0,still,0
1773,130,1,1,155,17,2,6,0,14,0,1,4,10,0,0,0,7,7,7,21,14,21,0.5412,0.3247,0.0000,9,1,0,0,recheck,0,still,0
1773,142,2,1,77,15,4,6,0,16,0,1,4,12,0,0,0,7,7,7,23,16,23,0.6143,0.4526,0.0000,11,1,0,0,recheck,0,still,0
1773,143,2,0,-1,18,0,1,1,21,0,1,20,1,0,0,1,0,0,0,21,22,22,0.6745,0.0307,0.0000,14,0,1,0,,0,hop,1
1774,9,1,1,31,20,0,1,0,20,0,1,6,14,0,0,0,4,4,4,24,20,24,0.5025,0.4307,0.0000,9,1,0,0,recheck,0,still,0
1774,119,1,1,139,20,1,2,0,25,0,1,7,18,0,3,0,1,1,1,26,22,23,0.5300,0.4417,0.0000,12,1,0,0,recheck,0,still,0
1775,33,3,0,-1,8,2,8,0,11,0,0,11,0,0,1,0,0,0,0,11,10,10,0.4197,0.0000,0.0000,8,0,0,0,,0,hop,1
1775,50,1,1,148,18,1,3,0,14,0,1,6,8,0,0,0,7,7,8,21,14,22,0.6141,0.5418,0.0000,10,1,0,0,recheck,0,still,0
1775,116,2,0,-1,15,0,2,0,21,0,1,9,12,0,2,0,5,5,5,26,19,24,0.4316,0.2967,0.0000,10,1,0,0,,0,start_holder,0
1776,13,2,0,-1,20,1,2,0,21,0,1,6,15,0,0,2,3,3,3,24,23,26,0.4947,0.3628,0.0000,9,1,0,0,,0,start_holder,0
1776,21,2,1,198,19,0,2,0,19,0,1,9,10,0,0,0,3,3,3,22,19,22,0.5548,0.1958,0.0000,11,1,0,0,recheck,0,still,0
1776,177,1,1,43,17,0,1,1,25,0,1,17,8,0,3,0,1,1,1,26,22,23,0.4230,0.1322,0.0000,10,1,0,0,recheck,0,still,0
1778,17,3,1,79,18,1,3,0,18,0,1,8,10,0,0,0,6,6,6,24,18,24,0.5603,0.3833,0.0000,12,1,0,0,recheck,0,still,0
1778,28,2,1,89,19,2,3,0,24,0,1,19,5,0,0,0,0,0,0,24,24,24,0.5552,0.1234,0.0000,13,1,0,0,recheck,0,still,0
1779,32,1,0,-1,11,0,2,0,12,0,0,12,0,0,1,0,0,0,0,12,11,11,0.4806,0.0000,0.0000,7,0,0,0,,0,pending,0
1779,56,1,1,170,20,1,2,0,19,0,1,10,9,0,0,1,3,3,3,22,20,23,0.5464,0.1457,0.0000,10,1,0,0,recheck,0,still,0
1779,90,1,1,50,16,3,4,0,21,0,1,19,2,0,0,0,0,0,0,21,21,21,0.6356,0.0353,0.0000,12,0,1,0,recheck,0,end_clear,1
1779,117,3,1,195,17,0,1,0,22,0,1,6,16,0,0,0,4,4,4,26,22,26,0.4248,0.3998,0.0000,10,1,0,0,recheck,0,still,0
1779,169,1,1,97,18,0,1,0,18,0,1,5,13,0,0,2,3,3,3,21,20,23,0.6341,0.4932,0.0000,10,1,0,0,recheck,0,still,0
1780,32,1,0,-1,11,0,2,0,12,0,0,12,0,0,1,0,0,0,0,12,11,11,0.4806,0.0000,0.0000,7,0,0,0,,0,hop,1
1780,165,1,1,188,19,0,1,0,21,0,1,10,11,0,2,0,4,4,4,25,19,23,0.3760,0.1880,0.0000,9,1,0,0,recheck,0,still,0
1781,76,3,1,78,18,5,6,0,18,0,1,5,13,0,0,1,5,5,5,23,19,24,0.5655,0.3869,0.0000,12,1,0,0,recheck,0,still,0
1781,91,1,1,121,18,2,4,0,19,0,1,18,1,0,0,1,0,0,0,19,20,20,0.6367,0.0354,0.0000,12,1,0,0,recheck,0,still,0
1781,128,1,1,202,20,0,2,0,24,0,1,13,11,0,2,0,3,3,2,27,22,24,0.3742,0.1336,0.0000,9,1,0,0,recheck,0,still,0
1782,146,2,1,432,18,1,2,0,20,0,1,7,13,0,0,0,5,5,5,25,20,25,0.4154,0.2688,0.0000,11,1,0,0,recheck,0,still,0
1782,161,2,1,107,18,0,1,0,19,0,1,8,11,0,2,0,8,8,8,27,17,25,0.3778,0.3274,0.0000,9,1,0,0,recheck,0,still,0
1783,57,1,1,182,19,2,3,0,22,0,1,13,9,0,0,0,1,1,1,23,22,23,0.6208,0.2191,0.0000,11,1,0,0,recheck,0,still,0
1783,77,3,1,129,17,2,3,0,18,0,1,8,10,0,1,0,7,7,7,25,17,24,0.6295,0.5150,0.0000,14,1,0,0,recheck,0,still,0
1783,180,1,1,60,15,0,2,0,19,0,0,19,0,0,2,1,0,0,0,19,18,18,0.6309,0.0000,0.0000,11,0,0,0,recheck,0,end_clear,0
1784,80,1,0,-1,18,1,2,0,16,0,1,7,9,0,0,0,5,5,6,21,16,22,0.5626,0.4220,0.0000,9,1,0,0,,0,start_holder,0
1784,84,1,1,167,18,1,3,0,21,0,1,13,8,0,0,0,2,2,1,23,21,22,0.6127,0.2162,0.0000,11,1,0,0,recheck,0,still,0
1785,19,3,1,80,18,0,2,0,20,0,1,9,11,0,0,0,4,4,4,24,20,24,0.6152,0.2929,0.0000,13,1,0,0,recheck,0,still,0
1785,44,1,1,32,19,0,2,0,21,0,1,6,15,0,0,0,3,3,3,24,21,24,0.5208,0.5208,0.0000,9,1,0,0,recheck,0,still,0
1785,166,2,1,145,20,1,2,0,23,0,1,12,11,0,2,0,4,4,4,27,21,25,0.4228,0.1492,0.0000,11,1,0,0,recheck,0,still,0
1786,103,1,0,-1,3,1,6,0,3,0,0,3,0,0,0,0,0,0,0,3,3,3,0.2182,0.0000,0.0000,3,0,0,0,,0,hop,1
1787,15,1,1,123,17,3,6,0,15,0,1,3,12,0,0,0,7,7,7,22,15,22,0.5455,0.3750,0.0000,10,1,0,0,recheck,0,still,0
1787,139,1,1,405,19,0,2,1,22,0,1,5,17,0,1,0,2,2,2,24,21,23,0.5013,0.3244,0.0000,11,1,0,0,recheck,0,still,0
1787,141,2,1,113,18,0,1,0,17,0,1,3,14,0,0,1,5,5,5,22,18,23,0.6133,0.4600,0.0000,11,1,0,0,recheck,0,still,0
1787,163,1,1,185,18,0,1,1,18,0,1,7,11,0,4,0,7,7,7,25,14,21,0.3518,0.3248,0.0000,8,1,0,0,recheck,0,still,0
1788,189,1,0,-1,16,1,2,0,19,0,1,10,9,0,2,0,3,3,3,22,17,20,0.5134,0.1892,0.0000,11,1,0,0,,0,start_holder,0
1790,88,1,1,63,18,0,1,0,22,0,1,18,4,0,0,0,1,1,2,23,22,24,0.6086,0.1790,0.0000,11,1,0,0,recheck,0,still,0
1790,132,1,0,-1,18,1,4,0,18,0,0,18,0,0,0,2,0,0,0,18,20,20,0.5386,0.0000,0.0000,10,0,0,0,,0,pending,0
1791,14,1,1,51,18,0,1,0,16,0,1,5,11,0,0,2,4,4,4,20,18,22,0.6280,0.4802,0.0000,10,1,0,0,recheck,0,still,0
1791,16,1,1,203,17,0,3,0,12,0,1,5,7,0,0,0,9,9,9,21,12,21,0.5858,0.5492,0.0000,9,1,0,0,recheck,0,still,0
1791,86,1,0,-1,16,0,2,0,21,0,1,14,7,0,0,1,2,2,2,23,22,24,0.5371,0.2148,0.0000,9,1,0,0,,0,start_holder,0
1791,132,1,0,-1,18,1,4,0,18,0,0,18,0,0,0,2,0,0,0,18,20,20,0.5386,0.0000,0.0000,10,0,0,0,,0,hop,1
1791,194,1,1,161,19,0,2,1,23,0,1,6,17,0,3,0,4,4,4,27,20,24,0.4614,0.4343,0.0000,12,1,0,0,recheck,0,still,0
1794,47,2,1,83,19,0,2,0,17,0,1,5,12,0,0,1,4,4,5,21,18,23,0.5515,0.4217,0.0000,11,1,0,0,recheck,0,still,0
1794,138,2,1,101,17,0,1,1,24,0,1,21,3,0,1,0,0,0,0,24,23,23,0.3684,0.0246,0.0000,12,1,0,0,recheck,0,still,0
1796,168,1,1,35,17,0,1,1,23,0,1,14,9,0,2,0,4,4,2,27,21,23,0.4268,0.1601,0.0000,10,1,0,0,recheck,0,still,0
1797,126,2,1,152,19,0,1,0,18,0,1,7,11,0,1,0,8,8,7,26,17,24,0.3508,0.3007,0.0000,10,1,0,0,recheck,0,still,0
1797,127,1,1,205,19,0,1,0,17,0,1,6,11,0,1,0,7,7,6,24,16,22,0.3768,0.2691,0.0000,9,1,0,0,recheck,0,still,0
1798,87,1,1,41,17,0,2,0,22,0,1,17,5,0,1,1,2,2,2,24,22,24,0.5952,0.2101,0.0000,11,1,0,0,recheck,0,still,0
1799,12,2,1,87,17,0,1,0,19,0,1,6,13,0,0,0,4,4,4,23,19,23,0.5478,0.4189,0.0000,10,1,0,0,recheck,0,still,0
1800,54,2,1,211,19,1,2,0,19,0,1,9,10,0,0,0,4,4,4,23,19,23,0.5743,0.2552,0.0000,11,1,0,0,recheck,0,still,0
1800,118,3,1,203,19,0,1,0,23,0,1,6,17,0,1,0,4,4,4,27,22,26,0.5253,0.5002,0.0000,14,1,0,0,recheck,0,still,0
1801,55,2,1,170,20,0,2,0,19,0,1,11,8,0,0,0,6,6,6,25,19,25,0.6163,0.2919,0.0000,13,1,0,0,recheck,0,still,0
1801,66,1,0,-1,11,0,1,0,14,0,0,14,0,0,1,0,0,0,0,14,13,13,0.5902,0.0000,0.0000,9,0,0,0,,0,pending,0
1802,66,1,0,-1,11,0,1,0,14,0,0,14,0,0,1,0,0,0,0,14,13,13,0.5902,0.0000,0.0000,9,0,0,0,,0,hop,1
1802,182,1,1,40,19,1,2,0,22,0,1,6,16,0,3,0,5,5,5,27,19,24,0.4934,0.3015,0.0000,12,1,0,0,recheck,0,still,0
1803,25,2,0,-1,16,1,2,0,21,0,1,14,7,0,0,0,3,3,3,24,21,24,0.5514,0.2595,0.0000,11,1,0,0,,0,start_holder,0
1803,89,1,1,80,18,1,3,0,20,0,1,18,2,0,0,0,0,0,1,20,20,21,0.5761,0.0720,0.0000,11,1,0,0,recheck,0,still,0
1803,130,1,1,185,17,2,6,0,12,0,1,3,9,0,0,0,9,9,9,21,12,21,0.5377,0.3584,0.0000,9,1,0,0,recheck,0,still,0
1803,142,2,1,107,15,4,6,0,14,0,1,3,11,0,0,0,9,9,9,23,14,23,0.6152,0.4533,0.0000,11,1,0,0,recheck,0,still,0
1804,9,1,1,61,20,0,1,0,19,0,1,5,14,0,0,0,4,4,4,23,19,23,0.5001,0.5001,0.0000,9,1,0,0,recheck,0,still,0
1804,119,1,1,169,20,1,2,0,23,0,1,6,17,0,3,0,3,3,3,26,20,23,0.5889,0.5595,0.0000,13,1,0,0,recheck,0,still,0
1805,50,1,1,178,18,1,3,0,12,0,1,4,8,0,0,0,9,9,10,21,12,22,0.6143,0.5782,0.0000,10,1,0,0,recheck,0,still,0
1806,13,2,1,30,20,1,2,0,19,0,1,5,14,0,0,2,5,5,5,24,21,26,0.4947,0.3628,0.0000,9,1,0,0,recheck,0,still,0
1806,21,2,1,228,19,0,2,0,18,0,1,9,9,0,0,0,5,5,5,23,18,23,0.5558,0.2942,0.0000,11,1,0,0,recheck,0,still,0
1806,116,2,1,31,15,0,2,0,22,0,1,8,14,0,2,0,5,5,5,27,20,25,0.4315,0.3506,0.0000,10,1,0,0,recheck,0,still,0
1806,177,1,1,73,17,0,1,1,24,0,1,18,6,0,3,0,1,1,1,25,21,22,0.4230,0.1057,0.0000,10,1,0,0,recheck,0,still,0
1807,8,2,1,48,19,0,2,0,21,0,1,6,15,0,0,0,4,4,4,25,21,25,0.4717,0.4717,0.0000,10,1,0,0,recheck,0,still,0
1807,62,1,1,47,17,0,3,0,21,0,1,20,1,0,0,0,0,0,0,21,21,21,0.6421,0.0357,0.0000,12,1,0,0,recheck,0,still,0
1807,79,1,1,59,17,0,3,0,14,0,1,4,10,0,0,0,7,7,6,21,14,20,0.6333,0.5629,0.0000,10,1,0,0,recheck,0,still,0
1807,188,1,0,-1,17,1,2,0,21,0,1,14,7,0,2,0,2,2,2,23,19,21,0.4322,0.0270,0.0000,11,1,0,0,,0,start_holder,0
1808,17,3,1,109,18,1,3,0,19,0,1,5,14,0,0,0,5,5,5,24,19,24,0.5605,0.4130,0.0000,12,1,0,0,recheck,0,still,0
1808,28,2,1,119,19,2,3,0,23,0,1,20,3,0,0,0,0,0,0,23,23,23,0.5562,0.0927,0.0000,13,1,0,0,recheck,0,still,0
1808,149,1,0,-1,18,0,1,0,21,0,1,5,16,0,2,0,4,4,4,25,19,23,0.3819,0.3819,0.0000,8,1,0,0,,0,start_holder,0
1809,31,3,0,-1,17,0,4,1,21,0,1,20,1,0,0,0,0,0,0,21,21,21,0.5064,0.0298,0.0000,12,0,1,0,,0,pending,0
1809,56,1,1,200,20,1,2,0,19,0,1,10,9,0,0,1,4,4,4,23,20,24,0.5474,0.2554,0.0000,10,1,0,0,recheck,0,still,0
1809,117,3,1,225,16,0,1,0,23,0,1,6,17,0,0,0,4,4,4,27,23,27,0.4248,0.4248,0.0000,10,1,0,0,recheck,0,still,0
1809,169,1,1,127,18,0,1,0,16,0,1,4,12,0,0,2,5,5,5,21,18,23,0.6353,0.4941,0.0000,10,1,0,0,recheck,0,still,0
1810,2,1,0,-1,17,0,1,0,19,0,1,11,8,0,0,0,2,2,2,21,19,21,0.3995,0.0000,0.0000,6,0,0,0,,0,pending,0
1810,31,3,0,-1,17,0,4,1,21,0,1,20,1,0,0,0,0,0,0,21,21,21,0.5064,0.0298,0.0000,12,0,1,0,,0,hop,1
1810,165,1,1,218,19,0,1,0,23,0,1,8,15,0,2,0,3,3,3,26,21,24,0.3760,0.2417,0.0000,9,1,0,0,recheck,0,still,0
1811,2,1,0,-1,17,0,1,0,19,0,1,11,8,0,0,0,2,2,2,21,19,21,0.3995,0.0000,0.0000,6,0,0,0,,0,hop,1
1811,76,3,1,108,18,5,6,0,17,0,1,4,13,0,0,1,6,6,6,23,18,24,0.5655,0.4167,0.0000,12,1,0,0,recheck,0,still,0
1811,91,1,1,151,18,2,4,0,19,0,0,19,0,0,0,1,0,0,0,19,20,20,0.6369,0.0000,0.0000,12,0,0,0,recheck,0,end_clear,1
1811,128,1,1,232,20,0,2,0,23,0,1,11,12,0,3,0,3,3,3,26,20,23,0.3742,0.2138,0.0000,9,1,0,0,recheck,0,still,0
1812,65,1,0,-1,16,3,4,0,18,0,0,18,0,0,0,1,0,0,0,18,19,19,0.6649,0.0000,0.0000,11,0,0,0,,0,hop,1
1812,146,2,1,462,18,1,2,0,19,0,1,6,13,0,0,0,6,6,6,25,19,25,0.3918,0.2939,0.0000,10,1,0,0,recheck,0,still,0
1812,161,2,1,137,18,0,1,0,19,0,1,6,13,0,2,0,8,8,8,27,17,25,0.4533,0.4281,0.0000,10,1,0,0,recheck,0,still,0
1813,57,1,1,212,19,2,3,0,20,0,1,12,8,0,0,0,3,3,3,23,20,23,0.6218,0.3292,0.0000,11,1,0,0,recheck,0,still,0
1813,77,3,1,159,18,2,3,0,17,0,1,5,12,0,1,0,8,8,8,25,16,24,0.6285,0.5428,0.0000,14,1,0,0,recheck,0,still,0
1814,10,1,1,48,20,1,2,0,20,0,1,5,15,0,0,0,4,4,4,24,20,24,0.5647,0.5647,0.0000,10,1,0,0,recheck,0,still,0
1814,84,1,1,197,18,1,3,0,20,0,1,12,8,0,1,0,3,3,3,23,19,22,0.6137,0.3249,0.0000,11,1,0,0,recheck,0,still,0
1815,19,3,1,110,18,0,2,0,21,0,1,8,13,0,0,0,4,4,4,25,21,25,0.6150,0.3807,0.0000,13,1,0,0,recheck,0,still,0
1815,44,1,1,62,19,0,2,0,20,0,1,6,14,0,0,0,4,4,4,24,20,24,0.5181,0.5181,0.0000,9,1,0,0,recheck,0,still,0
1815,166,2,1,175,20,1,2,0,23,0,1,10,13,0,2,0,4,4,4,27,21,25,0.4228,0.2238,0.0000,11,1,0,0,recheck,0,still,0
1816,34,1,0,-1,4,0,4,1,4,0,0,4,0,0,0,0,0,0,0,4,4,4,0.2551,0.0000,0.0000,4,0,0,0,,0,pending,0
1816,144,2,0,-1,1,0,2,1,2,0,0,2,0,0,0,0,0,0,0,2,2,2,0.0321,0.0000,0.0000,1,0,0,0,,0,pending,0
1817,15,1,1,153,17,3,6,0,16,0,1,3,13,0,1,0,7,7,7,23,15,22,0.6110,0.4413,0.0000,11,1,0,0,recheck,0,still,0
1817,34,1,0,-1,4,0,4,1,4,0,0,4,0,0,0,0,0,0,0,4,4,4,0.2552,0.0000,0.0000,4,0,0,0,,0,hop,1
1817,110,1,0,-1,7,1,4,0,8,0,0,8,0,0,0,1,0,0,0,8,9,9,0.4062,0.0000,0.0000,6,0,0,0,,0,hop,1
1817,139,1,1,435,19,0,2,1,20,0,1,5,15,0,1,0,4,4,4,24,19,23,0.5013,0.3244,0.0000,11,1,0,0,recheck,0,still,0
1817,141,2,1,143,18,0,2,0,16,0,1,3,13,0,0,1,6,6,6,22,17,23,0.6159,0.4619,0.0000,11,1,0,0,recheck,0,still,0
1817,144,2,0,-1,1,0,2,1,2,0,0,2,0,0,0,0,0,0,0,2,2,2,0.0320,0.0000,0.0000,1,0,0,0,,0,hop,1
1817,163,1,1,215,18,0,1,1,18,0,1,5,13,0,3,0,7,7,6,25,15,21,0.3518,0.3248,0.0000,8,1,0,0,recheck,0,still,0
1818,58,1,0,-1,16,0,1,0,20,0,1,13,7,0,0,0,3,3,3,23,20,23,0.6086,0.3222,0.0000,10,1,0,0,,0,start_holder,0
1818,113,1,0,-1,16,0,2,0,20,0,1,12,8,0,2,0,2,2,2,22,18,20,0.3516,0.0293,0.0000,8,0,1,0,,0,hop,1
1819,67,2,0,-1,12,1,2,0,12,0,0,12,0,0,0,1,0,0,0,12,13,13,0.5571,0.0000,0.0000,10,0,0,0,,0,pending,0
1820,67,2,0,-1,12,1,2,0,12,0,0,12,0,0,0,1,0,0,0,12,13,13,0.5571,0.0000,0.0000,10,0,0,0,,0,hop,1
1820,88,1,1,93,18,0,1,0,21,0,1,18,3,0,0,0,1,1,2,22,21,23,0.6087,0.1432,0.0000,11,1,0,0,recheck,0,still,0
1821,14,1,1,81,18,0,1,0,14,0,1,5,9,0,0,2,6,6,6,20,16,22,0.6280,0.4802,0.0000,10,1,0,0,recheck,0,still,0
1821,16,1,1,233,17,0,3,0,13,0,1,3,10,0,0,0,8,8,8,21,13,21,0.5858,0.5492,0.0000,9,1,0,0,recheck,0,still,0
1821,108,1,0,-1,13,1,3,0,14,0,0,14,0,0,0,1,0,0,0,14,15,15,0.5900,0.0000,0.0000,9,0,0,0,,0,pending,0
1821,194,1,1,191,19,0,2,1,22,0,1,6,16,0,3,0,5,5,5,27,19,24,0.4614,0.4343,0.0000,12,1,0,0,recheck,0,still,0
1822,108,1,0,-1,13,1,3,0,14,0,0,14,0,0,0,1,0,0,0,14,15,15,0.5900,0.0000,0.0000,9,0,0,0,,0,hop,1
1824,47,2,1,113,19,0,2,0,15,0,1,5,10,0,0,1,6,6,7,21,16,23,0.5515,0.4217,0.0000,11,1,0,0,recheck,0,still,0
1824,138,2,1,131,17,0,1,1,25,0,1,22,3,0,2,0,0,0,0,25,23,23,0.3684,0.0000,0.0000,12,0,0,0,recheck,0,end_clear,1
1825,11,1,1,59,18,0,1,0,18,0,1,6,12,0,0,0,6,6,5,24,18,23,0.5833,0.5147,0.0000,10,1,0,0,recheck,0,still,0
1825,26,3,0,-1,18,1,2,0,24,0,1,19,5,0,0,0,0,0,0,24,24,24,0.5580,0.1762,0.0000,13,1,0,0,,0,start_holder,0
1826,80,1,1,42,18,1,2,0,18,0,1,4,14,0,0,0,4,4,5,22,18,23,0.4919,0.4216,0.0000,8,1,0,0,recheck,0,still,0
1826,168,1,1,65,17,0,1,1,24,0,1,12,12,0,4,0,2,2,2,26,20,22,0.4268,0.3201,0.0000,10,1,0,0,recheck,0,still,0
1827,126,2,1,182,19,0,1,0,20,0,1,5,15,0,1,0,7,7,6,27,19,25,0.3508,0.3007,0.0000,10,1,0,0,recheck,0,still,0
1827,127,1,1,235,19,0,1,0,19,0,1,4,15,0,0,0,6,6,4,25,19,23,0.3768,0.2691,0.0000,9,1,0,0,recheck,0,still,0
1828,87,1,1,71,17,0,2,0,22,0,1,17,5,0,1,0,1,1,2,23,21,23,0.5953,0.2801,0.0000,11,1,0,0,recheck,0,still,0
1829,12,2,1,117,18,0,1,0,17,0,1,6,11,0,0,1,6,6,6,23,18,24,0.5478,0.4189,0.0000,10,1,0,0,recheck,0,still,0
1830,54,2,1,241,19,1,2,0,20,0,1,6,14,0,0,0,3,3,3,23,20,23,0.5739,0.4463,0.0000,11,1,0,0,recheck,0,still,0
1830,118,3,1,233,19,0,1,0,21,0,1,6,15,0,0,0,5,5,5,26,21,26,0.5253,0.5002,0.0000,14,1,0,0,recheck,0,still,0
1830,135,1,1,59,16,0,1,0,25,0,1,17,8,0,4,0,1,1,1,26,21,22,0.3179,0.0795,0.0000,9,1,0,0,recheck,0,still,0
1831,51,1,0,-1,18,2,3,0,13,0,1,2,11,0,0,0,7,7,8,20,13,21,0.6017,0.6017,0.0000,10,1,0,0,,0,start_holder,0
1831,55,2,1,200,20,0,2,0,21,0,1,9,12,0,0,0,4,4,4,25,21,25,0.5832,0.4536,0.0000,12,1,0,0,recheck,0,still,0
1832,182,1,1,70,19,1,2,0,20,0,1,5,15,0,3,0,7,7,7,27,17,24,0.4936,0.3017,0.0000,12,1,0,0,recheck,0,still,0
1833,49,2,0,-1,18,0,6,0,14,0,1,2,12,0,0,0,10,10,10,24,14,24,0.6800,0.6800,0.0000,12,1,0,0,,0,start_holder,0
1833,89,1,1,110,18,2,4,0,20,0,1,19,1,0,0,0,0,0,0,20,20,20,0.5760,0.0360,0.0000,11,0,1,0,recheck,0,end_clear,1
1833,130,1,1,215,17,2,6,0,12,0,1,1,11,0,0,0,9,9,9,21,12,21,0.5374,0.3941,0.0000,9,1,0,0,recheck,0,still,0
1833,142,2,1,137,16,4,6,0,14,0,1,1,13,0,0,0,9,9,9,23,14,23,0.6163,0.4866,0.0000,11,1,0,0,recheck,0,still,0
1833,189,1,1,45,15,1,2,0,18,0,1,9,9,0,2,0,4,4,4,22,16,20,0.5146,0.1896,0.0000,11,1,0,0,recheck,0,still,0
1834,4,2,0,-1,16,0,1,0,17,0,1,7,10,0,0,0,5,5,5,22,17,22,0.4573,0.1633,0.0000,9,1,0,0,,0,start_holder,0
1834,9,1,1,91,20,0,1,0,19,0,1,4,15,0,0,0,4,4,4,23,19,23,0.4981,0.4981,0.0000,9,1,0,0,recheck,0,still,0
1834,119,1,1,199,20,1,2,0,22,0,1,4,18,0,3,0,4,4,4,26,19,23,0.5889,0.5595,0.0000,13,1,0,0,recheck,0,still,0
1835,50,1,1,208,18,1,3,0,13,0,1,2,11,0,0,0,8,8,9,21,13,22,0.6139,0.6139,0.0000,10,1,0,0,recheck,0,still,0
1836,13,2,1,60,20,1,2,0,17,0,1,3,14,0,0,2,7,7,7,24,19,26,0.4947,0.4287,0.0000,9,1,0,0,recheck,0,still,0
1836,21,2,1,258,19,0,2,0,20,0,1,8,12,0,0,0,3,3,3,23,20,23,0.5547,0.4242,0.0000,11,1,0,0,recheck,0,still,0
1836,116,2,1,61,15,0,2,0,22,0,1,7,15,0,2,0,5,5,5,27,20,25,0.4315,0.3776,0.0000,10,1,0,0,recheck,0,still,0
1836,177,1,1,103,17,0,1,1,24,0,1,19,5,0,3,0,0,0,0,24,21,21,0.3965,0.0264,0.0000,10,1,0,0,recheck,0,still,0
1837,8,2,1,78,19,0,2,0,21,0,1,4,17,0,0,0,4,4,4,25,21,25,0.4702,0.4702,0.0000,10,1,0,0,recheck,0,still,0
1837,62,1,1,77,18,1,4,0,21,0,0,21,0,0,0,0,0,0,0,21,21,21,0.7116,0.0000,0.0000,13,0,0,1,recheck,0,still,0
1837,79,1,1,89,17,0,3,0,16,0,1,3,13,0,0,0,6,6,5,22,16,21,0.6333,0.5629,0.0000,10,1,0,0,recheck,0,still,0
1838,6,2,0,-1,16,0,2,0,19,0,1,4,15,0,0,0,6,6,6,25,19,25,0.4816,0.4174,0.0000,10,1,0,0,,0,start_holder,0
1838,17,3,1,139,18,1,3,0,19,0,1,4,15,0,0,0,6,6,6,25,19,25,0.5605,0.4425,0.0000,12,1,0,0,recheck,0,still,0
1838,28,2,1,149,19,3,4,0,23,0,1,22,1,0,0,0,0,0,0,23,23,23,0.5595,0.0311,0.0000,13,1,0,0,recheck,0,still,0
1839,56,1,1,230,20,1,2,0,19,0,1,9,10,0,0,1,4,4,4,23,20,24,0.5474,0.4014,0.0000,10,1,0,0,recheck,0,still,0
1839,111,1,0,-1,2,0,1,1,0,0,0,0,0,0,0,0,0,0,0,0,0,0,0.0000,0.0000,0.0000,0,0,0,0,,0,hop,1
1839,117,3,1,255,16,0,1,0,21,0,1,5,16,0,0,0,5,5,5,26,21,26,0.4248,0.4248,0.0000,10,1,0,0,recheck,0,still,0
1839,131,2,0,-1,17,0,1,0,24,0,1,16,8,0,2,0,2,2,2,26,22,24,0.3219,0.1486,0.0000,9,1,0,0,,0,start_holder,0
1839,169,1,1,157,18,2,3,0,13,0,1,2,11,0,0,2,6,6,6,19,15,21,0.6350,0.5645,0.0000,10,1,0,0,recheck,0,still,0
1840,5,2,0,-1,18,1,2,0,16,0,1,3,13,0,0,1,7,7,7,23,17,24,0.4102,0.3155,0.0000,9,1,0,0,,0,start_holder,0
1840,165,1,1,248,19,0,1,0,22,0,1,6,16,0,2,0,3,3,3,25,20,23,0.3760,0.2686,0.0000,9,1,0,0,recheck,0,still,0
1841,76,3,1,138,19,5,6,0,14,0,1,2,12,0,0,1,9,9,9,23,15,24,0.5655,0.5060,0.0000,12,1,0,0,recheck,0,still,0
1841,128,1,1,262,19,0,2,0,21,0,1,9,12,0,2,0,5,5,4,26,19,23,0.3742,0.3208,0.0000,9,1,0,0,recheck,0,still,0
1842,29,2,0,-1,17,0,4,0,22,0,0,21,1,0,1,0,0,0,0,22,21,21,0.5672,0.0315,0.0000,13,0,1,0,,0,pending,0
1842,146,2,1,492,18,1,2,0,18,0,1,4,14,0,0,0,7,7,7,25,18,25,0.3915,0.2937,0.0000,10,1,0,0,recheck,0,still,0
1842,161,2,1,167,18,0,1,0,15,0,1,3,12,0,2,0,12,12,12,27,13,25,0.4533,0.4533,0.0000,10,1,0,0,recheck,0,still,0
1843,29,2,0,-1,17,0,4,0,22,0,0,21,1,0,1,0,0,0,0,22,21,21,0.5671,0.0315,0.0000,13,0,1,0,,0,hop,1
1843,57,1,1,242,18,2,3,0,20,0,1,10,10,0,0,0,3,3,3,23,20,23,0.5852,0.4389,0.0000,10,1,0,0,recheck,0,still,0
1843,77,3,1,189,18,2,3,0,13,0,1,2,11,0,1,0,12,12,12,25,12,24,0.6298,0.6298,0.0000,14,1,0,0,recheck,0,still,0
1844,10,1,1,78,20,1,2,0,17,0,1,4,13,0,0,0,7,7,7,24,17,24,0.5621,0.5621,0.0000,10,1,0,0,recheck,0,still,0
1844,84,1,1,227,17,1,3,0,19,0,1,10,9,0,0,0,4,4,3,23,19,22,0.6121,0.4321,0.0000,11,1,0,0,recheck,0,still,0
1845,19,3,1,140,18,0,2,0,19,0,1,6,13,0,0,0,6,6,6,25,19,25,0.6148,0.4977,0.0000,13,1,0,0,recheck,0,still,0
1845,44,1,1,92,19,0,2,0,16,0,1,4,12,0,0,0,8,8,8,24,16,24,0.5161,0.5161,0.0000,9,1,0,0,recheck,0,still,0
1845,166,2,1,205,19,1,2,0,21,0,1,8,13,0,2,0,6,6,6,27,19,25,0.3979,0.2985,0.0000,10,1,0,0,recheck,0,still,0
1846,188,1,1,39,17,1,2,0,20,0,1,10,10,0,2,0,3,3,3,23,18,21,0.4322,0.1891,0.0000,11,1,0,0,recheck,0,still,0
1847,15,1,1,183,17,3,6,0,11,0,1,1,10,0,1,0,12,12,12,23,10,22,0.7117,0.6440,0.0000,12,1,0,1,recheck,0,still,0
1847,139,1,1,465,19,0,2,1,16,0,1,3,13,0,1,0,8,8,8,24,15,23,0.5013,0.3833,0.0000,11,1,0,0,recheck,0,still,0
1847,141,2,1,173,18,1,3,0,11,0,1,1,10,0,0,1,11,11,11,22,12,23,0.6183,0.5564,0.0000,11,1,0,0,recheck,0,still,0
1847,149,1,1,39,18,0,1,0,18,0,1,5,13,0,2,0,7,7,7,25,16,23,0.3819,0.3819,0.0000,8,1,0,0,recheck,0,still,0
1847,163,1,1,245,18,0,1,1,14,0,1,2,12,0,2,0,11,11,9,25,12,21,0.3518,0.3518,0.0000,8,1,0,0,recheck,0,still,0
1848,86,1,1,57,16,0,2,0,19,0,1,14,5,0,0,1,2,2,2,21,20,22,0.5373,0.2866,0.0000,9,1,0,0,recheck,0,still,0
1849,25,2,1,46,16,1,2,0,20,0,1,14,6,0,0,0,2,2,2,22,20,22,0.5542,0.2934,0.0000,11,1,0,0,recheck,0,still,0
1850,88,1,1,123,18,0,1,0,22,0,1,20,2,0,0,0,0,0,1,22,22,23,0.6088,0.1074,0.0000,11,1,0,0,recheck,0,still,0
1851,14,1,1,111,18,0,1,0,12,0,1,3,9,0,0,2,8,8,8,20,14,22,0.6280,0.5541,0.0000,10,1,0,0,recheck,0,still,0
1851,16,1,1,263,17,0,3,0,11,0,1,2,9,0,0,0,10,10,10,21,11,21,0.5858,0.5858,0.0000,9,1,0,0,recheck,0,still,0
1851,152,1,0,-1,1,0,1,1,2,0,0,2,0,0,0,0,0,0,0,2,2,2,0.0739,0.0000,0.0000,1,0,0,0,,0,hop,1
1851,194,1,1,221,19,0,2,1,19,0,1,4,15,0,3,0,8,8,8,27,16,24,0.4614,0.4343,0.0000,12,1,0,0,recheck,0,still,0
1854,47,2,1,143,20,0,2,0,13,0,1,3,10,0,0,1,8,8,9,21,14,23,0.5515,0.4866,0.0000,11,1,0,0,recheck,0,still,0
1855,11,1,1,89,18,0,1,0,15,0,1,4,11,0,0,0,9,9,8,24,15,23,0.5801,0.5118,0.0000,10,1,0,0,recheck,0,still,0
1856,80,1,1,72,18,1,2,0,16,0,1,3,13,0,0,0,6,6,7,22,16,23,0.4919,0.4216,0.0000,8,1,0,0,recheck,0,still,0
1856,168,1,1,95,16,0,1,1,21,0,1,11,10,0,2,0,4,4,2,25,19,21,0.4268,0.3468,0.0000,10,1,0,0,recheck,0,still,0
1857,126,2,1,212,19,0,1,0,18,0,1,3,15,0,1,0,9,9,8,27,17,25,0.3508,0.3007,0.0000,10,1,0,0,recheck,0,still,0
1857,127,1,1,265,19,0,1,0,18,0,1,4,14,0,0,0,8,8,6,26,18,24,0.3768,0.2691,0.0000,9,1,0,0,recheck,0,still,0
1858,58,1,1,40,15,0,1,0,19,0,1,12,7,0,0,0,2,2,2,21,19,21,0.6086,0.3938,0.0000,10,1,0,0,recheck,0,still,0
1858,87,1,1,101,17,0,2,0,22,0,1,18,4,0,1,0,0,0,2,22,21,23,0.5952,0.2451,0.0000,11,1,0,0,recheck,0,still,0
1859,12,2,1,147,18,0,1,0,14,0,1,4,10,0,0,1,9,9,9,23,15,24,0.6122,0.5477,0.0000,11,1,0,0,recheck,0,still,0
1860,54,2,1,271,19,1,2,0,18,0,1,6,12,0,0,0,5,5,5,23,18,23,0.5742,0.4466,0.0000,11,1,0,0,recheck,0,still,0
1860,118,3,1,263,19,0,1,0,18,0,1,4,14,0,0,0,8,8,8,26,18,26,0.5253,0.5002,0.0000,14,1,0,0,recheck,0,still,0
1860,135,1,1,89,16,0,1,0,25,0,1,18,7,0,4,0,1,1,1,26,21,22,0.3179,0.0530,0.0000,9,1,0,0,recheck,0,still,0
1861,55,2,1,230,20,0,2,0,19,0,1,9,10,0,0,0,6,6,6,25,19,25,0.5838,0.4541,0.0000,12,1,0,0,recheck,0,still,0
1861,68,3,0,-1,17,0,1,0,21,0,1,12,9,0,0,0,1,1,1,22,21,22,0.3390,0.1130,0.0000,7,1,0,0,,0,start_holder,0
1862,182,1,1,100,19,1,2,0,18,0,1,4,14,0,3,0,9,9,9,27,15,24,0.4936,0.3565,0.0000,12,1,0,0,recheck,0,still,0
1862,199,1,0,-1,14,1,2,0,20,0,1,14,6,0,1,0,0,0,0,20,19,19,0.3475,0.0802,0.0000,7,1,0,0,,0,start_holder,0
1863,130,1,1,245,17,2,6,0,10,0,1,1,9,0,0,0,11,11,11,21,10,21,0.5374,0.4658,0.0000,9,1,0,0,recheck,0,still,0
1863,142,2,1,167,16,4,6,0,10,0,1,1,9,0,0,0,13,13,13,23,10,23,0.6170,0.5521,0.0000,11,1,0,0,recheck,0,still,0
1863,189,1,1,75,14,0,1,1,17,0,1,5,12,0,2,0,4,4,4,21,15,19,0.5142,0.2977,0.0000,10,1,0,0,recheck,0,still,0
1864,9,1,1,121,20,0,1,0,16,0,1,4,12,0,0,0,7,7,7,23,16,23,0.4957,0.4957,0.0000,9,1,0,0,recheck,0,still,0
1864,119,1,1,229,20,1,2,0,19,0,1,4,15,0,3,0,7,7,7,26,16,23,0.5300,0.5006,0.0000,12,1,0,0,recheck,0,still,0
1865,50,1,1,238,18,1,3,0,12,0,1,3,9,0,0,0,10,10,11,22,12,23,0.6139,0.6139,0.0000,10,1,0,0,recheck,0,still,0
1866,13,2,1,90,19,1,2,0,14,0,1,3,11,0,0,2,10,10,10,24,16,26,0.4947,0.4287,0.0000,9,1,0,0,recheck,0,still,0
1866,21,2,1,288,19,0,2,0,18,0,1,7,11,0,0,0,5,5,5,23,18,23,0.5560,0.4252,0.0000,11,1,0,0,recheck,0,still,0
1866,116,2,1,91,14,0,2,0,18,0,1,4,14,0,2,0,8,8,8,26,16,24,0.4315,0.3775,0.0000,10,1,0,0,recheck,0,still,0
1866,177,1,1,133,17,0,1,1,25,0,1,20,5,0,3,0,0,0,0,25,22,22,0.3701,0.0264,0.0000,9,1,0,0,recheck,0,still,0
1867,8,2,1,108,18,0,2,0,17,0,1,4,13,0,0,0,8,8,8,25,17,25,0.4678,0.4678,0.0000,10,1,0,0,recheck,0,still,0
1867,62,1,1,107,18,1,4,0,22,0,0,22,0,0,0,0,0,0,0,22,22,22,0.7134,0.0000,0.0000,13,0,0,1,recheck,0,still,0
1867,72,2,0,-1,16,0,1,0,20,0,1,13,7,0,0,0,0,0,0,20,20,20,0.3097,0.1549,0.0000,5,1,0,0,,0,start_holder,0
1867,79,1,1,119,17,0,3,0,14,0,1,3,11,0,0,0,8,8,7,22,14,21,0.6333,0.5629,0.0000,10,1,0,0,recheck,0,still,0
1868,17,3,1,169,18,1,3,0,17,0,1,3,14,0,0,0,8,8,8,25,17,25,0.5605,0.4425,0.0000,12,1,0,0,recheck,0,still,0
1868,28,2,1,179,19,3,4,0,24,0,1,23,1,0,0,0,0,0,0,24,24,24,0.5586,0.0310,0.0000,13,1,0,0,recheck,0,still,0
1869,56,1,1,260,20,1,2,0,17,0,1,8,9,0,0,1,6,6,6,23,18,24,0.5474,0.4014,0.0000,10,1,0,0,recheck,0,still,0
1869,117,3,1,285,16,0,1,0,18,0,1,5,13,0,0,0,8,8,8,26,18,26,0.4248,0.4248,0.0000,10,1,0,0,recheck,0,still,0
1869,169,1,1,187,18,2,3,0,11,0,1,2,9,0,0,2,8,8,8,19,13,21,0.5295,0.4589,0.0000,9,1,0,0,recheck,0,still,0
1870,165,1,1,278,19,0,1,0,19,0,1,6,13,0,2,0,6,6,6,25,17,23,0.3760,0.2686,0.0000,9,1,0,0,recheck,0,still,0
1871,76,3,1,168,19,5,6,0,12,0,1,2,10,0,0,1,11,11,11,23,13,24,0.6251,0.5655,0.0000,13,1,0,0,recheck,0,still,0
1871,114,1,0,-1,15,0,2,0,16,0,1,4,12,0,1,0,4,4,4,20,15,19,0.4108,0.2054,0.0000,7,1,0,0,,0,start_holder,0
1871,128,1,1,292,19,0,2,0,19,0,1,8,11,0,2,0,6,6,5,25,17,22,0.3742,0.3208,0.0000,9,1,0,0,recheck,0,still,0
1872,75,1,0,-1,2,0,1,1,0,0,0,0,0,0,0,0,0,0,0,0,0,0,0.0000,0.0000,0.0000,0,0,0,0,,0,hop,1
1872,146,2,1,522,17,1,2,0,17,0,1,3,14,0,0,0,7,7,7,24,17,24,0.3902,0.2926,0.0000,10,1,0,0,recheck,0,still,0
1872,161,2,1,197,18,0,1,0,15,0,1,4,11,0,1,0,13,13,12,28,14,26,0.4533,0.4533,0.0000,10,1,0,0,recheck,0,still,0
1873,3,2,0,-1,15,0,1,0,17,0,1,3,14,0,0,0,4,4,4,21,17,21,0.4534,0.2914,0.0000,7,1,0,0,,0,start_holder,0
1873,57,1,1,272,18,2,3,0,18,0,1,9,9,0,0,0,4,4,4,22,18,22,0.5852,0.4389,0.0000,10,1,0,0,recheck,0,still,0
1873,77,3,1,219,19,2,3,0,14,0,1,3,11,0,1,0,12,12,12,26,13,25,0.6300,0.6300,0.0000,14,1,0,0,recheck,0,still,0
1873,123,2,0,-1,14,1,3,0,19,0,1,10,9,0,0,0,0,0,0,19,19,19,0.2646,0.1058,0.0000,6,1,0,0,,0,start_holder,0
1873,131,2,1,34,16,0,1,0,25,0,1,17,8,0,2,0,2,2,2,27,23,25,0.3219,0.1486,0.0000,9,1,0,0,recheck,0,still,0
1873,154,2,0,-1,17,0,1,0,21,0,1,9,12,0,1,0,1,1,1,22,20,21,0.2923,0.1594,0.0000,7,1,0,0,,0,start_holder,0
1874,10,1,1,108,20,1,2,0,16,0,1,4,12,0,0,0,8,8,8,24,16,24,0.5588,0.5588,0.0000,10,1,0,0,recheck,0,still,0
1874,84,1,1,257,17,1,3,0,17,0,1,9,8,0,0,0,5,5,4,22,17,21,0.6136,0.4331,0.0000,11,1,0,0,recheck,0,still,0
1875,6,2,1,37,16,0,1,0,17,0,1,4,13,0,0,0,8,8,8,25,17,25,0.4770,0.4134,0.0000,10,1,0,0,recheck,0,still,0
1875,19,3,1,170,18,0,2,0,18,0,1,6,12,0,0,0,7,7,7,25,18,25,0.6153,0.4981,0.0000,13,1,0,0,recheck,0,still,0
1875,35,3,0,-1,16,0,2,1,17,0,1,3,14,0,0,0,8,8,8,25,17,25,0.4627,0.4049,0.0000,10,1,0,0,,0,start_holder,0
1875,44,1,1,122,19,0,2,0,19,0,1,4,15,0,0,0,5,5,5,24,19,24,0.5134,0.5134,0.0000,9,1,0,0,recheck,0,still,0
1875,166,2,1,235,19,1,2,0,19,0,1,7,12,0,2,0,7,7,7,26,17,24,0.3979,0.2985,0.0000,10,1,0,0,recheck,0,still,0
1876,188,1,1,69,16,1,2,0,20,0,1,6,14,0,2,0,2,2,2,22,18,20,0.4322,0.2971,0.0000,10,1,0,0,recheck,0,still,0
1877,4,2,1,43,15,0,1,0,16,0,1,3,13,0,0,0,5,5,5,21,16,21,0.4538,0.3890,0.0000,8,1,0,0,recheck,0,still,0
1877,15,1,1,213,17,3,6,0,16,0,1,1,15,0,1,0,7,7,7,23,15,22,0.6101,0.5423,0.0000,11,1,0,0,recheck,0,still,0
1877,139,1,1,495,19,0,2,1,21,0,1,3,18,0,1,0,3,3,3,24,20,23,0.5013,0.3833,0.0000,11,1,0,0,recheck,0,still,0
1877,141,2,1,203,18,1,3,0,17,0,1,2,15,0,0,0,6,6,6,23,17,23,0.7447,0.6516,0.0000,13,1,0,1,recheck,0,still,0
1877,149,1,1,69,18,0,1,0,19,0,1,5,14,0,2,0,6,6,6,25,17,23,0.3819,0.3819,0.0000,8,1,0,0,recheck,0,still,0
1877,163,1,1,275,18,0,1,1,19,0,1,3,16,0,4,0,7,7,7,26,15,22,0.3518,0.3518,0.0000,8,1,0,0,recheck,0,still,0
1878,49,2,1,45,18,0,6,0,17,0,1,3,14,0,0,0,8,8,8,25,17,25,0.6807,0.6807,0.0000,12,1,0,0,recheck,0,still,0
1878,86,1,1,87,16,0,2,0,19,0,1,15,4,0,0,1,3,3,3,22,20,23,0.5372,0.2865,0.0000,9,1,0,0,recheck,0,still,0
1879,25,2,1,76,15,1,2,0,20,0,1,15,5,0,0,0,3,3,3,23,20,23,0.5530,0.2928,0.0000,11,1,0,0,recheck,0,still,0
1880,26,3,1,55,18,1,2,0,24,0,1,20,4,0,0,0,0,0,0,24,24,24,0.5584,0.1470,0.0000,13,1,0,0,recheck,0,still,0
1880,88,1,1,153,18,0,1,0,22,0,1,20,2,0,0,0,0,0,1,22,22,23,0.5728,0.1074,0.0000,10,1,0,0,recheck,0,still,0
1881,14,1,1,141,18,0,1,0,17,0,1,3,14,0,0,2,4,4,3,21,19,22,0.5541,0.4802,0.0000,8,1,0,0,recheck,0,still,0
1881,16,1,1,293,17,0,3,0,14,0,1,3,11,0,0,0,8,8,8,22,14,22,0.5862,0.5862,0.0000,9,1,0,0,recheck,0,still,0
1881,194,1,1,251,19,0,2,1,22,0,1,4,18,0,3,0,4,4,4,26,19,23,0.4614,0.4343,0.0000,12,1,0,0,recheck,0,still,0
1882,143,2,0,-1,17,0,3,1,23,0,0,23,0,0,1,0,0,0,0,23,22,22,0.7740,0.0000,0.0000,16,0,0,1,,0,start_crowd,0
1884,47,2,1,173,20,0,2,0,18,0,1,3,15,0,0,1,3,3,4,21,19,23,0.5514,0.4865,0.0000,11,1,0,0,recheck,0,still,0
1884,51,1,1,53,18,2,3,0,12,0,1,3,9,0,0,0,9,9,10,21,12,22,0.6020,0.6020,0.0000,10,1,0,0,recheck,0,still,0
1885,11,1,1,119,18,0,1,0,19,0,1,4,15,0,0,0,5,5,4,24,19,23,0.5765,0.5087,0.0000,10,1,0,0,recheck,0,still,0
1885,107,3,0,-1,16,1,2,0,18,0,1,18,0,0,0,1,0,0,0,18,19,19,0.6217,0.0000,0.0000,13,0,0,0,,0,pending,0
1886,5,2,1,46,17,0,1,0,15,0,1,2,13,0,0,0,8,8,8,23,15,23,0.4696,0.4070,0.0000,9,1,0,0,recheck,0,still,0
1886,80,1,1,102,18,1,2,0,12,0,1,3,9,0,0,0,10,10,11,22,12,23,0.5626,0.4219,0.0000,9,1,0,0,recheck,0,still,0
1886,107,3,0,-1,16,1,2,0,19,0,1,19,0,0,0,1,0,0,0,19,20,20,0.6217,0.0000,0.0000,13,0,0,0,,0,hop,1
1886,159,1,0,-1,10,2,3,0,13,0,1,7,6,0,0,0,0,0,0,13,13,13,0.2040,0.2040,0.0000,3,1,0,0,,0,start_holder,0
1886,168,1,1,125,16,0,1,1,18,0,1,10,8,0,1,0,8,8,4,26,17,21,0.4268,0.3468,0.0000,10,1,0,0,recheck,0,still,0
1887,126,2,1,242,19,0,1,0,16,0,1,3,13,0,2,0,11,11,11,27,14,25,0.3508,0.3007,0.0000,10,1,0,0,recheck,0,still,0
1887,127,1,1,295,19,0,1,0,16,0,1,4,12,0,2,0,10,10,10,26,14,24,0.3768,0.2691,0.0000,9,1,0,0,recheck,0,still,0
1888,58,1,1,70,15,0,1,0,19,0,1,12,7,0,0,0,3,3,3,22,19,22,0.6079,0.3934,0.0000,10,1,0,0,recheck,0,still,0
1888,87,1,1,131,17,0,2,0,21,0,1,17,4,0,0,0,2,2,2,23,21,23,0.5952,0.2451,0.0000,11,1,0,0,recheck,0,still,0
1889,12,2,1,177,18,0,1,0,19,0,1,4,15,0,0,1,4,4,4,23,20,24,0.6123,0.5478,0.0000,11,1,0,0,recheck,0,still,0
1890,54,2,1,301,19,1,2,0,13,0,1,5,8,0,0,0,9,9,9,22,13,22,0.5743,0.4467,0.0000,11,1,0,0,recheck,0,still,0
1890,118,3,1,293,19,0,1,0,22,0,1,4,18,0,0,0,4,4,4,26,22,26,0.5253,0.5002,0.0000,14,1,0,0,recheck,0,still,0
1890,135,1,1,119,16,0,1,0,24,0,1,17,7,0,3,0,2,2,1,26,21,22,0.3179,0.0530,0.0000,9,1,0,0,recheck,0,still,0
1891,55,2,1,260,20,0,2,0,15,0,1,8,7,0,0,0,9,9,9,24,15,24,0.5839,0.4542,0.0000,12,1,0,0,recheck,0,still,0
1892,182,1,1,130,19,1,2,0,23,0,1,4,19,0,3,0,4,4,4,27,20,24,0.4936,0.3565,0.0000,12,1,0,0,recheck,0,still,0
1893,130,1,1,275,17,2,6,0,13,0,1,2,11,0,0,0,9,9,9,22,13,22,0.5377,0.4660,0.0000,9,1,0,0,recheck,0,still,0
1893,142,2,1,197,16,4,6,0,14,0,1,2,12,0,0,0,10,10,10,24,14,24,0.6173,0.5523,0.0000,11,1,0,0,recheck,0,still,0
1893,189,1,1,105,14,0,1,1,16,0,1,2,14,0,2,0,5,5,5,21,14,19,0.5141,0.4059,0.0000,10,1,0,0,recheck,0,still,0
1894,9,1,1,151,20,0,1,0,17,0,1,4,13,0,0,0,6,6,6,23,17,23,0.4913,0.4913,0.0000,9,1,0,0,recheck,0,still,0
1894,119,1,1,259,20,1,2,0,23,0,1,4,19,0,3,0,3,3,3,26,20,23,0.5300,0.5006,0.0000,12,1,0,0,recheck,0,still,0
1895,50,1,1,268,18,1,3,0,13,0,1,3,10,0,0,0,9,9,10,22,13,23,0.6145,0.6145,0.0000,10,1,0,0,recheck,0,still,0
1895,103,1,0,-1,1,0,6,1,2,0,0,2,0,0,0,0,0,0,0,2,2,2,0.0354,0.0000,0.0000,1,0,0,0,,0,hop,1
1896,13,2,1,120,18,1,2,0,20,0,1,4,16,0,0,1,5,5,5,25,21,26,0.4947,0.4287,0.0000,9,1,0,0,recheck,0,still,0
1896,21,2,1,318,19,0,2,0,13,0,1,6,7,0,0,0,9,9,9,22,13,22,0.5564,0.4255,0.0000,11,1,0,0,recheck,0,still,0
1896,116,2,1,121,14,0,1,0,18,0,1,3,15,0,2,0,8,8,8,26,16,24,0.4314,0.3775,0.0000,10,1,0,0,recheck,0,still,0
1896,177,1,1,163,17,0,1,1,24,0,1,19,5,0,2,0,1,1,0,25,22,22,0.3701,0.0793,0.0000,9,1,0,0,recheck,0,still,0
1897,8,2,1,138,18,0,2,0,18,0,1,4,14,0,0,0,7,7,7,25,18,25,0.4642,0.4642,0.0000,10,1,0,0,recheck,0,still,0
1897,62,1,1,137,18,1,4,0,22,0,1,21,1,0,0,0,0,0,0,22,22,22,0.7136,0.0714,0.0000,13,1,0,1,recheck,0,still,0
1897,79,1,1,149,17,0,3,0,12,0,1,3,9,0,1,0,10,10,10,22,11,21,0.6337,0.5633,0.0000,10,1,0,0,recheck,0,still,0
1897,117,3,1,313,16,0,1,0,19,0,1,5,14,0,0,0,7,7,7,26,19,26,0.4248,0.4248,0.0000,10,1,0,0,period_end,0,still,0
1898,17,3,1,199,18,1,3,0,14,0,1,3,11,0,0,0,11,11,11,25,14,25,0.5613,0.4432,0.0000,12,1,0,0,recheck,0,still,0
1898,28,2,1,209,19,3,4,0,24,0,1,22,2,0,0,0,0,0,0,24,24,24,0.5583,0.0310,0.0000,13,1,0,0,recheck,0,still,0
1899,56,1,1,290,20,1,2,0,14,0,1,7,7,0,0,0,8,8,9,22,14,23,0.5474,0.4014,0.0000,10,1,0,0,recheck,0,still,0
1899,117,3,1,315,16,0,1,0,19,0,1,5,14,0,0,0,7,7,7,26,19,26,0.4248,0.4248,0.0000,10,1,0,0,recheck,0,still,0
1899,169,1,1,217,18,2,3,0,16,0,1,2,14,0,0,2,3,3,3,19,18,21,0.5298,0.4591,0.0000,9,1,0,0,recheck,0,still,0
1900,165,1,1,308,19,0,1,0,15,0,1,5,10,0,2,0,9,9,9,24,13,22,0.3760,0.2686,0.0000,9,1,0,0,recheck,0,still,0
1901,76,3,1,198,19,0,1,0,18,0,1,3,15,0,0,2,6,6,6,24,20,26,0.5357,0.4762,0.0000,12,1,0,0,recheck,0,still,0
1901,128,1,1,322,19,0,2,0,16,0,1,8,8,0,1,0,9,9,7,25,15,22,0.3742,0.3208,0.0000,9,1,0,0,recheck,0,still,0
1902,21,2,1,324,19,0,2,0,13,0,1,6,7,0,0,0,9,9,9,22,13,22,0.5564,0.4255,0.0000,11,1,0,0,period_end,0,still,0
1902,146,2,1,552,17,0,1,0,16,0,1,2,14,0,0,0,8,8,8,24,16,24,0.3915,0.2936,0.0000,10,1,0,0,recheck,0,still,0
1902,161,2,1,227,18,0,1,0,18,0,1,4,14,0,2,0,10,10,10,28,16,26,0.4533,0.4533,0.0000,10,1,0,0,recheck,0,still,0
1903,57,1,1,302,18,2,3,0,15,0,1,8,7,0,0,0,6,6,6,21,15,21,0.5852,0.4389,0.0000,10,1,0,0,recheck,0,still,0
1903,77,3,1,249,18,2,3,0,16,0,1,3,13,0,1,0,10,10,10,26,15,25,0.6273,0.6273,0.0000,14,1,0,0,recheck,0,still,0
1903,131,2,1,64,16,0,1,0,24,0,1,16,8,0,2,0,3,3,3,27,22,25,0.3219,0.1486,0.0000,9,1,0,0,recheck,0,still,0
1904,10,1,1,138,20,1,2,0,20,0,1,4,16,0,0,0,4,4,4,24,20,24,0.5548,0.5548,0.0000,10,1,0,0,recheck,0,still,0
1904,84,1,1,287,17,1,3,0,16,0,1,9,7,0,0,0,6,6,5,22,16,21,0.6136,0.4332,0.0000,11,1,0,0,recheck,0,still,0
1904,158,1,0,-1,15,0,3,0,16,0,1,8,8,0,0,0,2,2,2,18,16,18,0.2895,0.1448,0.0000,5,1,0,0,,0,start_holder,0
1905,1,2,0,-1,16,0,1,0,17,0,1,6,11,0,0,0,4,4,4,21,17,21,0.3845,0.3524,0.0000,6,1,0,0,,0,start_holder,0
1905,6,2,1,67,16,0,1,0,18,0,1,4,14,0,0,0,7,7,7,25,18,25,0.4736,0.4104,0.0000,10,1,0,0,recheck,0,still,0
1905,19,3,1,200,18,0,2,0,14,0,1,5,9,0,0,0,10,10,10,24,14,24,0.6163,0.4989,0.0000,13,1,0,0,recheck,0,still,0
1905,44,1,1,152,19,0,2,0,20,0,1,4,16,0,0,0,4,4,4,24,20,24,0.5097,0.5097,0.0000,9,1,0,0,recheck,0,still,0
1905,114,1,1,34,15,0,2,0,15,0,1,2,13,0,1,0,5,5,5,20,14,19,0.4107,0.2934,0.0000,7,1,0,0,recheck,0,still,0
1905,118,3,1,308,19,0,1,0,23,0,1,4,19,0,0,0,3,3,3,26,23,26,0.5253,0.5002,0.0000,14,1,0,0,period_end,0,still,0
1905,127,1,1,313,19,0,1,0,16,0,1,4,12,0,2,0,10,10,10,26,14,24,0.3768,0.2691,0.0000,9,1,0,0,period_end,0,still,0
1905,165,1,1,313,19,0,1,0,15,0,1,5,10,0,2,0,9,9,9,24,13,22,0.3760,0.2686,0.0000,9,1,0,0,period_end,0,still,0
1905,166,2,1,265,19,1,2,0,16,0,1,7,9,0,2,0,10,10,10,26,14,24,0.4228,0.3233,0.0000,11,1,0,0,recheck,0,still,0
1906,188,1,1,99,16,1,2,0,18,0,1,5,13,0,2,0,4,4,4,22,16,20,0.4323,0.2972,0.0000,10,1,0,0,recheck,0,still,0
1907,4,2,1,73,15,0,1,0,15,0,1,3,12,0,0,0,6,6,6,21,15,21,0.4521,0.3875,0.0000,8,1,0,0,recheck,0,still,0
1907,15,1,1,243,17,3,5,0,14,0,1,3,11,0,2,0,11,11,11,25,12,23,0.6104,0.5426,0.0000,11,1,0,0,recheck,0,still,0
1907,139,1,1,525,19,0,2,1,20,0,1,3,17,0,1,0,4,4,4,24,19,23,0.5013,0.3833,0.0000,11,1,0,0,recheck,0,still,0
1907,141,2,1,233,18,0,2,0,16,0,1,3,13,0,0,0,8,8,8,24,16,24,0.7441,0.6511,0.0000,13,1,0,1,recheck,0,still,0
1907,149,1,1,99,17,0,1,0,20,0,1,5,15,0,2,0,5,5,5,25,18,23,0.3819,0.3819,0.0000,8,1,0,0,recheck,0,still,0
1907,163,1,1,305,18,0,1,1,15,0,1,3,12,0,3,0,11,11,10,26,12,22,0.3518,0.3518,0.0000,8,1,0,0,recheck,0,still,0
1908,49,2,1,75,18,0,5,0,13,0,1,3,10,0,0,0,12,12,12,25,13,25,0.6822,0.6822,0.0000,12,1,0,0,recheck,0,still,0
1908,86,1,1,117,16,0,2,0,19,0,1,14,5,0,0,1,3,3,3,22,20,23,0.5371,0.2865,0.0000,9,1,0,0,recheck,0,still,0
1909,25,2,1,106,15,1,2,0,19,0,1,14,5,0,0,0,4,4,4,23,19,23,0.5528,0.2926,0.0000,11,1,0,0,recheck,0,still,0
1909,101,3,0,-1,2,0,5,1,3,0,0,3,0,0,0,0,0,0,0,3,3,3,0.0591,0.0000,0.0000,2,0,0,0,,0,hop,1
1910,26,3,1,85,18,1,2,0,24,0,1,19,5,0,0,0,0,0,0,24,24,24,0.5584,0.1470,0.0000,13,1,0,0,recheck,0,still,0
1910,88,1,1,183,18,0,1,0,20,0,1,17,3,0,0,0,0,0,1,20,20,21,0.5734,0.1075,0.0000,10,1,0,0,recheck,0,still,0
1911,14,1,1,171,18,0,1,0,16,0,1,3,13,0,0,2,5,5,4,21,18,22,0.4802,0.4063,0.0000,8,1,0,0,recheck,0,still,0
1911,16,1,1,323,17,0,3,0,11,0,1,3,8,0,0,0,11,11,11,22,11,22,0.5870,0.5870,0.0000,9,1,0,0,recheck,0,still,0
1911,68,3,1,50,17,0,1,0,18,0,1,7,11,0,0,0,3,3,3,21,18,21,0.3936,0.3655,0.0000,7,1,0,0,recheck,0,still,0
1911,194,1,1,281,19,0,2,1,22,0,1,4,18,0,3,0,4,4,4,26,19,23,0.4614,0.4343,0.0000,12,1,0,0,recheck,0,still,0
1912,199,1,1,50,14,1,2,0,18,0,1,7,11,0,1,0,2,2,2,20,17,19,0.3476,0.2674,0.0000,7,1,0,0,recheck,0,still,0
1913,132,1,0,-1,18,1,5,0,21,0,1,21,0,0,0,1,0,0,0,21,22,22,0.5514,0.0000,0.0000,10,0,0,0,,0,pending,0
1914,47,2,1,203,20,0,2,0,17,0,1,3,14,0,0,1,4,4,5,21,18,23,0.5511,0.4863,0.0000,11,1,0,0,recheck,0,still,0
1914,51,1,1,83,18,2,3,0,9,0,1,3,6,0,0,0,12,12,13,21,9,22,0.6020,0.6020,0.0000,10,1,0,0,recheck,0,still,0
1914,73,2,0,-1,3,1,4,0,4,0,0,4,0,0,0,0,0,0,0,4,4,4,0.1654,0.0000,0.0000,3,0,0,0,,0,pending,0
1914,123,2,1,41,14,1,3,0,17,0,1,6,11,0,0,0,2,2,2,19,17,19,0.3175,0.2381,0.0000,7,1,0,0,recheck,0,still,0
1914,132,1,0,-1,18,1,5,0,21,0,1,21,0,0,0,1,0,0,0,21,22,22,0.5514,0.0000,0.0000,10,0,0,0,,0,hop,1
1915,11,1,1,149,18,0,1,0,18,0,1,4,14,0,0,0,6,6,5,24,18,23,0.5738,0.5063,0.0000,10,1,0,0,recheck,0,still,0
1915,35,3,1,40,15,0,1,0,18,0,1,3,15,0,0,0,7,7,7,25,18,25,0.4630,0.4051,0.0000,10,1,0,0,recheck,0,still,0
1915,73,2,0,-1,3,1,4,0,4,0,0,4,0,0,0,0,0,0,0,4,4,4,0.1654,0.0000,0.0000,3,0,0,0,,0,hop,1
1915,143,2,1,33,18,0,2,1,22,0,0,22,0,0,0,0,0,0,0,22,22,22,0.7747,0.0000,0.0000,16,0,0,1,recheck,0,still,0
1916,5,2,1,76,17,0,1,0,15,0,1,2,13,0,0,0,8,8,8,23,15,23,0.4676,0.4053,0.0000,9,1,0,0,recheck,0,still,0
1916,72,2,1,49,16,0,1,0,17,0,1,8,9,0,0,0,3,3,3,20,17,20,0.3080,0.2772,0.0000,5,1,0,0,recheck,0,still,0
1916,80,1,1,132,18,1,2,0,9,0,1,2,7,0,0,0,12,12,13,21,9,22,0.5623,0.4217,0.0000,9,1,0,0,recheck,0,still,0
1916,168,1,1,155,16,0,1,1,17,0,1,10,7,0,1,0,9,9,5,26,16,21,0.4268,0.3468,0.0000,10,1,0,0,recheck,0,still,0
1917,57,1,1,316,18,2,3,0,14,0,1,8,6,0,0,0,7,7,7,21,14,21,0.5852,0.4389,0.0000,10,1,0,0,period_end,0,still,0
1917,99,2,0,-1,4,2,4,0,5,0,0,5,0,0,0,0,0,0,0,5,5,5,0.2274,0.0000,0.0000,4,0,0,0,,0,pending,0
1917,126,2,1,272,19,0,1,0,12,0,1,2,10,0,1,0,14,14,13,26,11,24,0.3508,0.3007,0.0000,10,1,0,0,recheck,0,still,0
1917,127,1,1,325,19,0,1,0,12,0,1,3,9,0,1,0,13,13,12,25,11,23,0.3768,0.2691,0.0000,9,1,0,0,recheck,0,still,0
1918,34,1,0,-1,3,0,4,1,4,0,0,4,0,0,0,0,0,0,0,4,4,4,0.0363,0.0000,0.0000,1,0,0,0,,0,pending,0
1918,58,1,1,100,15,0,1,0,17,0,1,11,6,0,0,0,4,4,4,21,17,21,0.6080,0.3934,0.0000,10,1,0,0,recheck,0,still,0
1918,87,1,1,161,18,0,2,0,21,0,1,17,4,0,0,0,2,2,3,23,21,24,0.5966,0.2457,0.0000,11,1,0,0,recheck,0,still,0
1918,99,2,0,-1,4,2,4,0,5,0,0,5,0,0,0,0,0,0,0,5,5,5,0.2273,0.0000,0.0000,4,0,0,0,,0,hop,1
1919,12,2,1,207,18,0,1,0,19,0,1,4,15,0,0,1,4,4,4,23,20,24,0.5479,0.4834,0.0000,10,1,0,0,recheck,0,still,0
1919,34,1,0,-1,3,0,3,1,4,0,0,4,0,0,0,0,0,0,0,4,4,4,0.0364,0.0000,0.0000,1,0,0,0,,0,hop,1
1920,2,1,0,-1,16,0,1,0,16,0,1,4,12,0,0,0,4,4,4,20,16,20,0.4588,0.3882,0.0000,6,1,0,0,,0,start_holder,0
1920,54,2,1,331,19,1,2,0,14,0,1,5,9,0,0,0,8,8,8,22,14,22,0.5741,0.4466,0.0000,11,1,0,0,recheck,0,still,0
1920,118,3,1,323,19,0,1,0,22,0,1,4,18,0,0,0,4,4,4,26,22,26,0.5253,0.5002,0.0000,14,1,0,0,recheck,0,still,0
1920,135,1,1,149,16,0,1,0,23,0,1,17,6,0,2,0,3,3,1,26,21,22,0.3179,0.0530,0.0000,9,1,0,0,recheck,0,still,0
1921,55,2,1,290,20,0,2,0,17,0,1,8,9,0,0,0,7,7,7,24,17,24,0.5837,0.4540,0.0000,12,1,0,0,recheck,0,still,0
1922,151,1,0,-1,20,0,1,0,22,0,1,3,19,0,2,0,2,2,3,24,20,23,0.4709,0.4415,0.0000,10,1,0,0,,0,start_holder,0
1922,182,1,1,160,19,1,2,0,24,0,1,3,21,0,3,0,3,3,3,27,21,24,0.4936,0.3565,0.0000,12,1,0,0,recheck,0,still,0
1923,130,1,1,305,17,2,4,0,17,0,1,2,15,0,0,0,5,5,5,22,17,22,0.5389,0.4670,0.0000,9,1,0,0,recheck,0,still,0
1923,142,2,1,227,17,0,2,0,19,0,1,2,17,0,0,1,5,5,5,24,20,25,0.6174,0.5524,0.0000,11,1,0,0,recheck,0,still,0
1923,189,1,1,135,14,0,1,1,15,0,1,2,13,0,1,0,6,6,5,21,14,19,0.5139,0.4057,0.0000,10,1,0,0,recheck,0,still,0
1924,9,1,1,181,20,0,1,0,18,0,1,3,15,0,0,0,5,5,5,23,18,23,0.4883,0.4883,0.0000,9,1,0,0,recheck,0,still,0
1924,119,1,1,289,20,1,2,0,24,0,1,3,21,0,3,0,2,2,2,26,21,23,0.5300,0.5300,0.0000,12,1,0,0,recheck,0,still,0
1924,128,1,1,345,19,0,2,0,19,0,1,8,11,0,3,0,6,6,6,25,16,22,0.3742,0.3208,0.0000,9,1,0,0,period_end,0,still,0
1925,50,1,1,298,18,1,3,0,17,0,1,3,14,0,0,0,5,5,6,22,17,23,0.6126,0.6126,0.0000,10,1,0,0,recheck,0,still,0
1926,13,2,1,150,18,1,2,0,20,0,1,3,17,0,0,1,4,4,4,24,21,25,0.4947,0.4287,0.0000,9,1,0,0,recheck,0,still,0
1926,21,2,1,348,19,0,2,0,16,0,1,6,10,0,0,0,6,6,6,22,16,22,0.5550,0.4244,0.0000,11,1,0,0,recheck,0,still,0
1926,116,2,1,151,14,0,1,0,19,0,1,2,17,0,2,0,7,7,7,26,17,24,0.4314,0.3775,0.0000,10,1,0,0,recheck,0,still,0
1926,177,1,1,193,17,0,1,1,24,0,1,19,5,0,2,0,1,1,0,25,22,22,0.3701,0.0793,0.0000,9,1,0,0,recheck,0,still,0
1927,8,2,1,168,18,0,2,0,19,0,1,3,16,0,0,0,6,6,6,25,19,25,0.4618,0.4618,0.0000,10,1,0,0,recheck,0,still,0
1927,62,1,1,167,17,1,4,0,23,0,1,22,1,0,0,0,0,0,0,23,23,23,0.7137,0.0714,0.0000,13,1,0,1,recheck,0,still,0
1927,79,1,1,179,17,0,3,0,14,0,1,2,12,0,1,0,7,7,7,21,13,20,0.6336,0.5632,0.0000,10,1,0,0,recheck,0,still,0
1927,89,1,0,-1,18,2,4,0,22,0,1,20,2,0,0,0,0,0,0,22,22,22,0.5754,0.0360,0.0000,11,0,1,0,,0,hop,1
1928,17,3,1,229,18,1,3,0,18,0,1,2,16,0,0,0,6,6,6,24,18,24,0.5606,0.4426,0.0000,12,1,0,0,recheck,0,still,0
1928,28,2,1,239,19,3,4,0,25,0,1,23,2,0,0,0,0,0,0,25,25,25,0.5581,0.0310,0.0000,13,1,0,0,recheck,0,still,0
1928,154,2,1,55,17,0,1,0,19,0,1,6,13,0,1,0,3,3,3,22,18,21,0.3189,0.2392,0.0000,8,1,0,0,recheck,0,still,0
1929,56,1,1,320,20,1,2,0,17,0,1,7,10,0,0,1,5,5,5,22,18,23,0.5477,0.4017,0.0000,10,1,0,0,recheck,0,still,0
1929,71,2,0,-1,5,0,1,1,6,0,0,6,0,0,0,0,0,0,0,6,6,6,0.1982,0.0000,0.0000,4,0,0,0,,0,pending,0
1929,117,3,1,345,16,0,1,0,20,0,1,4,16,0,0,0,6,6,6,26,20,26,0.4248,0.4248,0.0000,10,1,0,0,recheck,0,still,0
1929,157,2,0,-1,17,0,2,0,18,0,1,6,12,0,0,0,3,3,3,21,18,21,0.2625,0.2362,0.0000,6,1,0,0,,0,start_holder,0
1929,169,1,1,247,18,1,2,0,19,0,1,4,15,0,0,1,2,2,2,21,20,22,0.5656,0.4596,0.0000,10,1,0,0,recheck,0,still,0
1930,71,2,0,-1,5,0,1,1,6,0,0,6,0,0,0,0,0,0,0,6,6,6,0.1982,0.0000,0.0000,4,0,0,0,,0,hop,1
1930,159,1,1,44,10,2,3,0,12,0,1,3,9,0,0,0,1,1,1,13,12,13,0.2040,0.2040,0.0000,3,1,0,0,recheck,0,still,0
1930,165,1,1,338,19,0,1,0,20,0,1,5,15,0,2,0,4,4,4,24,18,22,0.3760,0.2686,0.0000,9,1,0,0,recheck,0,still,0
1931,76,3,1,228,19,1,2,0,18,0,1,3,15,0,0,2,6,6,6,24,20,26,0.5358,0.4762,0.0000,12,1,0,0,recheck,0,still,0
1931,84,1,1,314,17,1,3,0,18,0,1,9,9,0,1,0,4,4,4,22,17,21,0.6126,0.4324,0.0000,11,1,0,0,period_end,0,still,0
1931,128,1,1,352,19,0,2,0,21,0,1,8,13,0,3,0,4,4,4,25,18,22,0.3742,0.3208,0.0000,9,1,0,0,recheck,0,still,0
1932,3,2,1,59,15,0,1,0,14,0,1,2,12,0,0,0,7,7,7,21,14,21,0.4503,0.3859,0.0000,7,1,0,0,recheck,0,still,0
1932,146,2,1,582,17,0,1,0,16,0,1,1,15,0,0,0,8,8,8,24,16,24,0.3916,0.2937,0.0000,10,1,0,0,recheck,0,still,0
1932,161,2,1,257,18,0,1,0,21,0,1,4,17,0,1,0,7,7,6,28,20,26,0.4533,0.4533,0.0000,10,1,0,0,recheck,0,still,0
1933,57,1,1,332,18,2,3,0,17,0,1,8,9,0,0,0,4,4,4,21,17,21,0.5850,0.4388,0.0000,10,1,0,0,recheck,0,still,0
1933,77,3,1,279,18,2,3,0,19,0,1,2,17,0,1,0,6,6,6,25,18,24,0.6271,0.6271,0.0000,14,1,0,0,recheck,0,still,0
1933,131,2,1,94,15,0,1,0,25,0,1,16,9,0,2,0,2,2,2,27,23,25,0.3219,0.1486,0.0000,9,1,0,0,recheck,0,still,0
1933,163,1,1,331,18,0,1,1,21,0,1,3,18,0,4,0,5,5,5,26,17,22,0.3518,0.3518,0.0000,8,1,0,0,period_end,0,still,0
1934,10,1,1,168,20,1,2,0,18,0,1,3,15,0,0,0,7,7,6,25,18,24,0.5523,0.5523,0.0000,10,1,0,0,recheck,0,still,0
1934,84,1,1,317,17,1,3,0,18,0,1,9,9,0,1,0,4,4,4,22,17,21,0.6121,0.4321,0.0000,11,1,0,0,recheck,0,still,0
1935,6,2,1,97,16,0,1,0,16,0,1,2,14,0,0,0,8,8,8,24,16,24,0.4719,0.4090,0.0000,10,1,0,0,recheck,0,still,0
1935,19,3,1,230,18,0,2,0,19,0,1,5,14,0,0,0,5,5,5,24,19,24,0.6151,0.4980,0.0000,13,1,0,0,recheck,0,still,0
1935,44,1,1,182,20,0,2,0,17,0,1,3,14,0,0,1,6,6,6,23,18,24,0.5477,0.5477,0.0000,9,1,0,0,recheck,0,still,0
1935,114,1,1,64,15,0,2,0,15,0,1,2,13,0,1,0,5,5,5,20,14,19,0.4107,0.2934,0.0000,7,1,0,0,recheck,0,still,0
1935,130,1,1,317,17,2,4,0,17,0,1,2,15,0,0,0,5,5,5,22,17,22,0.5385,0.4667,0.0000,9,1,0,0,period_end,0,still,0
1935,166,2,1,295,19,1,2,0,21,0,1,7,14,0,2,0,5,5,5,26,19,24,0.4228,0.3233,0.0000,11,1,0,0,recheck,0,still,0
1936,54,2,1,347,19,1,2,0,18,0,1,5,13,0,0,0,4,4,4,22,18,22,0.5739,0.4464,0.0000,11,1,0,0,period_end,0,still,0
1936,188,1,1,129,16,1,2,0,17,0,1,4,13,0,2,0,5,5,5,22,15,20,0.4324,0.2972,0.0000,10,1,0,0,recheck,0,still,0
1937,4,2,1,103,15,0,1,0,15,0,1,2,13,0,0,0,6,6,6,21,15,21,0.4505,0.3861,0.0000,8,1,0,0,recheck,0,still,0
1937,15,1,1,273,17,3,4,0,19,0,1,3,16,0,2,0,6,6,6,25,17,23,0.6099,0.5421,0.0000,11,1,0,0,recheck,0,still,0
1937,139,1,1,555,19,0,2,1,21,0,1,4,17,0,1,0,4,4,4,25,20,24,0.5013,0.3833,0.0000,11,1,0,0,recheck,0,still,0
1937,141,2,1,263,18,0,2,0,18,0,1,3,15,0,0,0,6,6,6,24,18,24,0.7469,0.6535,0.0000,13,1,0,1,recheck,0,still,0
1937,149,1,1,129,17,0,1,0,18,0,1,4,14,0,2,0,7,7,7,25,16,23,0.3819,0.3819,0.0000,8,1,0,0,recheck,0,still,0
1937,163,1,1,335,18,0,1,1,21,0,1,3,18,0,4,0,5,5,5,26,17,22,0.3518,0.3518,0.0000,8,1,0,0,recheck,0,still,0
1938,49,2,1,105,18,0,4,0,19,0,1,3,16,0,0,0,6,6,6,25,19,25,0.6809,0.6809,0.0000,12,1,0,0,recheck,0,still,0
1938,86,1,1,147,15,0,2,0,20,0,1,14,6,0,0,1,2,2,2,22,21,23,0.5371,0.2865,0.0000,9,1,0,0,recheck,0,still,0
1939,25,2,1,136,15,1,2,0,21,0,1,14,7,0,0,0,2,2,2,23,21,23,0.5529,0.2927,0.0000,11,1,0,0,recheck,0,still,0
1940,26,3,1,115,18,1,2,0,25,0,1,20,5,0,0,0,0,0,0,25,25,25,0.5585,0.1470,0.0000,13,1,0,0,recheck,0,still,0
1940,88,1,1,213,18,0,1,0,21,0,1,18,3,0,0,0,0,0,1,21,21,22,0.5727,0.1074,0.0000,10,1,0,0,recheck,0,still,0
1940,119,1,1,305,20,1,2,0,22,0,1,3,19,0,3,0,4,4,4,26,19,23,0.5300,0.5300,0.0000,12,1,0,0,period_end,0,still,0
1941,14,1,1,201,18,0,1,0,17,0,1,4,13,0,0,2,5,5,4,22,19,23,0.4802,0.4063,0.0000,8,1,0,0,recheck,0,still,0
1941,16,1,1,353,17,0,3,0,15,0,1,2,13,0,0,0,6,6,6,21,15,21,0.5859,0.5859,0.0000,9,1,0,0,recheck,0,still,0
1941,68,3,1,80,17,0,1,0,17,0,1,6,11,0,0,0,4,4,4,21,17,21,0.3924,0.3924,0.0000,7,1,0,0,recheck,0,still,0
1941,171,1,0,-1,16,0,1,0,23,0,1,14,9,0,3,0,2,2,2,25,20,22,0.3716,0.1858,0.0000,10,1,0,0,,0,start_holder,0
1941,194,1,1,311,19,0,2,1,21,0,1,3,18,0,3,0,5,5,5,26,18,23,0.4614,0.4614,0.0000,12,1,0,0,recheck,0,still,0
1942,16,1,1,354,17,0,3,0,15,0,1,2,13,0,0,0,6,6,6,21,15,21,0.5858,0.5858,0.0000,9,1,0,0,period_end,0,still,0
1942,199,1,1,80,14,1,2,0,17,0,1,5,12,0,1,0,3,3,3,20,16,19,0.3476,0.3476,0.0000,7,1,0,0,recheck,0,still,0
1944,47,2,1,233,20,0,2,0,18,0,1,4,14,0,0,1,4,4,5,22,19,24,0.5508,0.4860,0.0000,11,1,0,0,recheck,0,still,0
1944,51,1,1,113,18,2,3,0,15,0,1,2,13,0,0,0,5,5,6,20,15,21,0.6025,0.6025,0.0000,10,1,0,0,recheck,0,still,0
1944,90,1,0,-1,17,4,5,0,23,0,1,22,1,0,0,0,0,0,0,23,23,23,0.6356,0.0706,0.0000,12,0,1,0,,0,hop,1
1944,123,2,1,71,14,1,3,0,16,0,1,4,12,0,0,0,3,3,3,19,16,19,0.3175,0.3175,0.0000,7,1,0,0,recheck,0,still,0
1945,11,1,1,179,18,0,1,0,18,0,1,3,15,0,0,0,6,6,5,24,18,23,0.5725,0.5051,0.0000,10,1,0,0,recheck,0,still,0
1945,35,3,1,70,15,0,1,0,17,0,1,2,15,0,0,0,8,8,8,25,17,25,0.4630,0.4051,0.0000,10,1,0,0,recheck,0,still,0
1945,143,2,1,63,17,0,2,1,22,0,0,22,0,0,0,0,0,0,0,22,22,22,0.7752,0.0000,0.0000,16,0,0,1,recheck,0,still,0
1946,5,2,1,106,17,0,1,0,15,0,1,1,14,0,0,0,8,8,8,23,15,23,0.5283,0.4661,0.0000,10,1,0,0,recheck,0,still,0
1946,72,2,1,79,16,0,1,0,16,0,1,6,10,0,0,0,4,4,4,20,16,20,0.3070,0.3070,0.0000,5,1,0,0,recheck,0,still,0
1946,80,1,1,162,18,1,2,0,16,0,1,2,14,0,0,0,5,5,6,21,16,22,0.4923,0.4220,0.0000,8,1,0,0,recheck,0,still,0
1946,168,1,1,185,16,0,1,1,22,0,1,9,13,0,4,0,3,3,3,25,18,21,0.4268,0.3468,0.0000,10,1,0,0,recheck,0,still,0
1947,126,2,1,302,19,0,1,0,20,0,1,2,18,0,2,0,6,6,6,26,18,24,0.3508,0.3007,0.0000,10,1,0,0,recheck,0,still,0
1947,127,1,1,355,19,0,1,0,20,0,1,2,18,0,2,0,5,5,5,25,18,23,0.3768,0.2691,0.0000,9,1,0,0,recheck,0,still,0
1948,58,1,1,130,15,0,1,0,19,0,1,10,9,0,0,0,2,2,2,21,19,21,0.6075,0.3931,0.0000,10,1,0,0,recheck,0,still,0
1948,87,1,1,191,17,0,2,0,22,0,1,17,5,0,1,0,1,1,2,23,21,23,0.5947,0.2449,0.0000,11,1,0,0,recheck,0,still,0
1949,12,2,1,237,18,0,1,0,19,0,1,4,15,0,0,1,5,5,5,24,20,25,0.5479,0.4834,0.0000,10,1,0,0,recheck,0,still,0
1950,1,2,1,45,16,0,1,0,16,0,1,5,11,0,0,0,5,5,5,21,16,21,0.3824,0.3824,0.0000,6,1,0,0,recheck,0,still,0
1950,54,2,1,361,19,1,2,0,18,0,1,4,14,0,0,0,4,4,4,22,18,22,0.5739,0.4463,0.0000,11,1,0,0,recheck,0,still,0
1950,118,3,1,353,19,0,1,0,21,0,1,3,18,0,0,0,5,5,5,26,21,26,0.5253,0.5253,0.0000,14,1,0,0,recheck,0,still,0
1950,135,1,1,179,16,0,1,0,26,0,1,18,8,0,4,0,1,1,1,27,22,23,0.3179,0.0530,0.0000,9,1,0,0,recheck,0,still,0
1951,33,3,0,-1,7,2,4,0,8,0,0,8,0,0,0,0,0,0,0,8,8,8,0.2699,0.0000,0.0000,6,0,0,0,,0,pending,0
1951,55,2,1,320,20,0,2,0,17,0,1,7,10,0,0,0,7,7,7,24,17,24,0.5832,0.4536,0.0000,12,1,0,0,recheck,0,still,0
1952,33,3,0,-1,7,2,4,0,8,0,0,8,0,0,0,0,0,0,0,8,8,8,0.2699,0.0000,0.0000,6,0,0,0,,0,hop,1
1952,182,1,1,190,19,1,2,0,20,0,1,4,16,0,2,0,8,8,7,28,18,25,0.4936,0.3839,0.0000,12,1,0,0,recheck,0,still,0
1953,56,1,1,344,20,1,2,0,16,0,1,6,10,0,0,1,6,6,6,22,17,23,0.5478,0.4017,0.0000,10,1,0,0,period_end,0,still,0
1953,130,1,1,335,17,2,4,0,13,0,1,2,11,0,0,0,9,9,9,22,13,22,0.5385,0.4667,0.0000,9,1,0,0,recheck,0,still,0
1953,142,2,1,257,17,0,2,0,13,0,1,2,11,0,0,1,11,11,11,24,14,25,0.6501,0.5851,0.0000,12,1,0,0,recheck,0,still,0
1953,189,1,1,165,14,0,1,1,15,0,1,2,13,0,1,0,6,6,5,21,14,19,0.5139,0.4057,0.0000,10,1,0,0,recheck,0,still,0
1954,9,1,1,211,20,0,1,0,15,0,1,3,12,0,0,0,8,8,8,23,15,23,0.4860,0.4860,0.0000,9,1,0,0,recheck,0,still,0
1954,119,1,1,319,20,1,2,0,20,0,1,4,16,0,3,0,7,7,7,27,17,24,0.5300,0.5300,0.0000,12,1,0,0,recheck,0,still,0
1955,50,1,1,328,18,1,3,0,12,0,1,2,10,0,0,0,9,9,10,21,12,22,0.6060,0.6060,0.0000,10,1,0,0,recheck,0,still,0
1956,13,2,1,180,18,1,2,0,16,0,1,4,12,0,0,1,9,9,9,25,17,26,0.4947,0.4287,0.0000,9,1,0,0,recheck,0,still,0
1956,21,2,1,378,19,0,2,0,16,0,1,5,11,0,0,0,6,6,6,22,16,22,0.5554,0.4247,0.0000,11,1,0,0,recheck,0,still,0
1956,116,2,1,181,14,0,1,0,17,0,1,2,15,0,2,0,9,9,9,26,15,24,0.4314,0.3775,0.0000,10,1,0,0,recheck,0,still,0
1956,158,1,1,52,15,0,3,0,16,0,1,5,11,0,0,0,3,3,3,19,16,19,0.2895,0.2895,0.0000,5,1,0,0,recheck,0,still,0
1956,177,1,1,223,17,0,1,1,27,0,1,21,6,0,3,0,0,0,0,27,24,24,0.3701,0.0793,0.0000,9,1,0,0,recheck,0,still,0
1957,8,2,1,198,18,0,2,0,16,0,1,3,13,0,0,0,9,9,9,25,16,25,0.4599,0.4599,0.0000,10,1,0,0,recheck,0,still,0
1957,62,1,1,197,17,1,4,0,24,0,1,23,1,0,0,0,0,0,0,24,24,24,0.6779,0.0714,0.0000,12,1,0,0,recheck,0,still,0
1957,79,1,1,209,17,0,3,0,13,0,1,2,11,0,0,0,8,8,7,21,13,20,0.6333,0.5629,0.0000,10,1,0,0,recheck,0,still,0
1957,194,1,1,327,19,0,2,1,20,0,1,4,16,0,3,0,8,8,8,28,17,25,0.4614,0.4614,0.0000,12,1,0,0,period_end,0,still,0
1958,17,3,1,259,18,1,3,0,15,0,1,2,13,0,0,0,9,9,9,24,15,24,0.5606,0.4426,0.0000,12,1,0,0,recheck,0,still,0
1958,28,2,1,269,18,3,4,0,25,0,1,23,2,0,0,0,0,0,0,25,25,25,0.5571,0.0309,0.0000,13,1,0,0,recheck,0,still,0
1958,109,2,0,-1,8,3,4,0,9,0,0,9,0,0,0,0,0,0,0,9,9,9,0.4513,0.0000,0.0000,8,0,0,0,,0,hop,1
1958,154,2,1,85,17,0,1,0,18,0,1,6,12,0,1,0,4,4,4,22,17,21,0.3189,0.2392,0.0000,8,1,0,0,recheck,0,still,0
1959,56,1,1,350,20,1,2,0,15,0,1,6,9,0,0,1,7,7,7,22,16,23,0.5478,0.4017,0.0000,10,1,0,0,recheck,0,still,0
1959,92,1,0,-1,14,0,1,0,17,0,0,17,0,0,0,0,0,0,0,17,17,17,0.5173,0.0000,0.0000,9,0,0,0,,0,pending,0
1959,117,3,1,375,16,0,1,0,17,0,1,4,13,0,0,0,9,9,9,26,17,26,0.4248,0.4248,0.0000,10,1,0,0,recheck,0,still,0
1959,169,1,1,277,18,1,2,0,14,0,1,4,10,0,0,1,6,6,6,20,15,21,0.6016,0.4600,0.0000,11,1,0,0,recheck,0,still,0
1960,92,1,0,-1,14,0,1,0,17,0,0,17,0,0,0,0,0,0,0,17,17,17,0.5173,0.0000,0.0000,9,0,0,0,,0,hop,1
1960,159,1,1,74,10,2,3,0,9,0,1,3,6,0,0,0,4,4,4,13,9,13,0.2040,0.2040,0.0000,3,1,0,0,recheck,0,still,0
1960,165,1,1,368,19,0,1,0,17,0,1,4,13,0,2,0,7,7,7,24,15,22,0.3760,0.2686,0.0000,9,1,0,0,recheck,0,still,0
1961,76,3,1,258,18,2,3,0,16,0,1,4,12,0,0,1,9,9,9,25,17,26,0.5358,0.4762,0.0000,12,1,0,0,recheck,0,still,0
1961,128,1,1,382,19,0,2,0,18,0,1,7,11,0,2,0,7,7,6,25,16,22,0.3742,0.3208,0.0000,9,1,0,0,recheck,0,still,0
1962,3,2,1,89,15,0,1,0,14,0,1,2,12,0,0,0,7,7,7,21,14,21,0.4487,0.3846,0.0000,7,1,0,0,recheck,0,still,0
1962,113,1,0,-1,16,0,2,0,16,0,1,3,13,0,2,0,5,5,5,21,14,19,0.3517,0.3224,0.0000,7,1,0,0,,0,start_holder,0
1962,146,2,1,612,17,0,1,0,15,0,1,1,14,0,0,0,9,9,9,24,15,24,0.3916,0.2937,0.0000,10,1,0,0,recheck,0,still,0
1962,161,2,1,287,18,0,1,0,16,0,1,3,13,0,1,0,11,11,10,27,15,25,0.4533,0.4533,0.0000,10,1,0,0,recheck,0,still,0
1963,57,1,1,362,18,2,3,0,16,0,1,7,9,0,0,0,5,5,5,21,16,21,0.5853,0.4390,0.0000,10,1,0,0,recheck,0,still,0
1963,77,3,1,309,18,2,3,0,15,0,1,2,13,0,1,0,10,10,10,25,14,24,0.5697,0.5697,0.0000,13,1,0,0,recheck,0,still,0
1963,131,2,1,124,15,0,1,0,25,0,1,16,9,0,2,0,3,3,3,28,23,26,0.3219,0.1733,0.0000,9,1,0,0,recheck,0,still,0
1963,152,1,0,-1,1,0,1,1,1,0,0,1,0,0,0,0,0,0,0,1,1,1,0.0693,0.0000,0.0000,1,0,0,0,,0,pending,0
1964,10,1,1,198,20,1,2,0,18,0,1,4,14,0,0,0,8,8,7,26,18,25,0.5505,0.5505,0.0000,10,1,0,0,recheck,0,still,0
1964,84,1,1,347,17,1,3,0,16,0,1,8,8,0,0,0,6,6,5,22,16,21,0.6118,0.4318,0.0000,11,1,0,0,recheck,0,still,0
1964,152,1,0,-1,1,0,1,1,1,0,0,1,0,0,0,0,0,0,0,1,1,1,0.0692,0.0000,0.0000,1,0,0,0,,0,hop,1
1965,6,2,1,127,16,0,1,0,16,0,1,2,14,0,0,0,8,8,8,24,16,24,0.4704,0.4077,0.0000,10,1,0,0,recheck,0,still,0
1965,19,3,1,260,18,0,2,0,16,0,1,4,12,0,0,0,8,8,8,24,16,24,0.6153,0.4981,0.0000,13,1,0,0,recheck,0,still,0
1965,44,1,1,212,20,0,2,0,16,0,1,3,13,0,0,1,7,7,7,23,17,24,0.5475,0.5475,0.0000,9,1,0,0,recheck,0,still,0
1965,114,1,1,94,15,0,2,0,15,0,1,2,13,0,1,0,5,5,5,20,14,19,0.4107,0.2934,0.0000,7,1,0,0,recheck,0,still,0
1965,115,2,0,-1,16,0,1,0,16,0,1,1,15,0,1,0,8,8,8,24,15,23,0.4042,0.3503,0.0000,9,1,0,0,,0,start_holder,0
1965,166,2,1,325,19,1,2,0,18,0,1,6,12,0,2,0,8,8,8,26,16,24,0.4228,0.3233,0.0000,11,1,0,0,recheck,0,still,0
1966,31,3,0,-1,16,2,5,0,24,0,1,23,1,0,0,0,0,0,0,24,24,24,0.5064,0.0000,0.0000,12,0,0,0,,0,pending,0
1966,188,1,1,159,16,1,2,0,17,0,1,2,15,0,2,0,5,5,5,22,15,20,0.4324,0.3783,0.0000,10,1,0,0,recheck,0,still,0
1967,4,2,1,133,15,0,1,0,14,0,1,1,13,0,0,0,7,7,7,21,14,21,0.4490,0.3848,0.0000,8,1,0,0,recheck,0,still,0
1967,15,1,1,303,17,3,4,0,15,0,1,3,12,0,2,0,10,10,10,25,13,23,0.6090,0.5413,0.0000,11,1,0,0,recheck,0,still,0
1967,31,3,0,-1,16,2,5,0,24,0,1,23,1,0,0,0,0,0,0,24,24,24,0.5064,0.0000,0.0000,12,0,0,0,,0,hop,1
1967,139,1,1,585,19,0,2,1,20,0,1,4,16,0,1,0,5,5,5,25,19,24,0.5013,0.3833,0.0000,11,1,0,0,recheck,0,still,0
1967,141,2,1,293,18,0,2,0,16,0,1,3,13,0,0,0,8,8,8,24,16,24,0.7481,0.6546,0.0000,13,1,0,1,recheck,0,still,0
1967,149,1,1,159,17,0,1,0,18,0,1,4,14,0,2,0,7,7,7,25,16,23,0.3819,0.3819,0.0000,8,1,0,0,recheck,0,still,0
1967,163,1,1,365,18,0,1,1,16,0,1,2,14,0,3,0,9,9,8,25,13,21,0.3518,0.3518,0.0000,8,1,0,0,recheck,0,still,0
1968,49,2,1,135,18,0,4,0,14,0,1,2,12,0,0,0,10,10,10,24,14,24,0.6814,0.6814,0.0000,12,1,0,0,recheck,0,still,0
1968,86,1,1,177,15,0,2,0,20,0,1,15,5,0,0,1,3,3,3,23,21,24,0.5010,0.2863,0.0000,8,1,0,0,recheck,0,still,0
1969,25,2,1,166,15,1,2,0,21,0,1,15,6,0,0,0,3,3,3,24,21,24,0.5523,0.2924,0.0000,11,1,0,0,recheck,0,still,0
1970,26,3,1,145,18,1,2,0,26,0,1,21,5,0,0,0,0,0,0,26,26,26,0.5577,0.1468,0.0000,13,1,0,0,recheck,0,still,0
1970,88,1,1,243,17,0,1,0,22,0,1,19,3,0,0,0,0,0,1,22,22,23,0.5737,0.1076,0.0000,10,1,0,0,recheck,0,still,0
1971,14,1,1,231,18,0,1,0,16,0,1,4,12,0,0,2,6,6,5,22,18,23,0.4802,0.4063,0.0000,8,1,0,0,recheck,0,still,0
1971,16,1,1,383,17,0,3,0,12,0,1,2,10,0,0,0,9,9,9,21,12,21,0.5855,0.5855,0.0000,9,1,0,0,recheck,0,still,0
1971,68,3,1,110,17,0,1,0,17,0,1,4,13,0,0,0,4,4,4,21,17,21,0.3912,0.3912,0.0000,7,1,0,0,recheck,0,still,0
1971,194,1,1,341,19,0,2,1,21,0,1,4,17,0,3,0,7,7,7,28,18,25,0.4614,0.4614,0.0000,12,1,0,0,recheck,0,still,0
1972,199,1,1,110,15,1,2,0,15,0,1,3,12,0,0,0,5,5,4,20,15,19,0.3477,0.3477,0.0000,7,1,0,0,recheck,0,still,0
1973,55,2,1,342,20,0,2,0,15,0,1,7,8,0,0,0,9,9,9,24,15,24,0.5837,0.4540,0.0000,12,1,0,0,period_end,0,still,0
1973,157,2,1,44,17,0,2,0,17,0,1,4,13,0,0,0,4,4,4,21,17,21,0.2625,0.2362,0.0000,6,1,0,0,recheck,0,still,0
1974,47,2,1,263,20,0,2,0,17,0,1,4,13,0,0,1,5,5,6,22,18,24,0.5829,0.4857,0.0000,12,1,0,0,recheck,0,still,0
1974,51,1,1,143,18,2,3,0,12,0,1,2,10,0,0,0,8,8,9,20,12,21,0.6027,0.6027,0.0000,10,1,0,0,recheck,0,still,0
1974,123,2,1,101,14,1,3,0,14,0,1,3,11,0,0,0,5,5,5,19,14,19,0.3175,0.3175,0.0000,7,1,0,0,recheck,0,still,0
1974,151,1,1,52,20,0,1,0,20,0,1,4,16,0,2,0,5,5,6,25,18,24,0.4709,0.4415,0.0000,10,1,0,0,recheck,0,still,0
1975,11,1,1,209,18,0,1,0,17,0,1,4,13,0,0,0,8,8,7,25,17,24,0.5725,0.5051,0.0000,10,1,0,0,recheck,0,still,0
1975,35,3,1,100,15,0,1,0,17,0,1,2,15,0,0,0,8,8,8,25,17,25,0.4630,0.4051,0.0000,10,1,0,0,recheck,0,still,0
1975,143,2,1,93,16,0,2,1,21,0,0,21,0,0,1,0,0,0,0,21,20,20,0.7749,0.0000,0.0000,16,0,0,1,recheck,0,still,0
1976,5,2,1,136,17,0,1,0,15,0,1,1,14,0,0,0,9,9,9,24,15,24,0.5266,0.4646,0.0000,10,1,0,0,recheck,0,still,0
1976,72,2,1,109,16,0,1,0,15,0,1,4,11,0,0,0,5,5,5,20,15,20,0.3059,0.3059,0.0000,5,1,0,0,recheck,0,still,0
1976,80,1,1,192,18,1,2,0,13,0,1,2,11,0,0,0,8,8,9,21,13,22,0.4921,0.4218,0.0000,8,1,0,0,recheck,0,still,0
1976,168,1,1,215,16,0,1,1,18,0,1,9,9,0,2,0,7,7,5,25,16,21,0.4268,0.3468,0.0000,10,1,0,0,recheck,0,still,0
1977,126,2,1,332,19,0,1,0,16,0,1,2,14,0,1,0,10,10,9,26,15,24,0.3508,0.3007,0.0000,10,1,0,0,recheck,0,still,0
1977,127,1,1,385,19,0,1,0,15,0,1,2,13,0,1,0,10,10,9,25,14,23,0.3768,0.2691,0.0000,9,1,0,0,recheck,0,still,0
1977,171,1,1,36,16,0,1,0,24,0,1,16,8,0,3,0,3,3,3,27,21,24,0.3716,0.1858,0.0000,10,1,0,0,recheck,0,still,0
1978,2,1,1,58,16,0,1,0,15,0,1,2,13,0,0,0,5,5,5,20,15,20,0.4554,0.3853,0.0000,6,1,0,0,recheck,0,still,0
1978,58,1,1,160,15,0,1,0,18,0,1,11,7,0,0,0,4,4,4,22,18,22,0.6074,0.3930,0.0000,10,1,0,0,recheck,0,still,0
1978,83,2,0,-1,17,0,3,0,18,0,1,10,8,0,0,0,4,4,4,22,18,22,0.5420,0.3826,0.0000,11,1,0,0,,0,start_holder,0
1978,87,1,1,221,16,0,2,0,23,0,1,19,4,0,0,0,2,2,3,25,23,26,0.5618,0.2458,0.0000,10,1,0,0,recheck,0,still,0
1978,141,2,1,304,18,0,2,0,16,0,1,3,13,0,0,0,8,8,8,24,16,24,0.7486,0.6550,0.0000,13,1,0,1,period_end,0,still,0
1979,12,2,1,267,19,0,1,0,17,0,1,4,13,0,0,1,7,7,7,24,18,25,0.5479,0.4834,0.0000,10,1,0,0,recheck,0,still,0
1980,1,2,1,75,16,0,1,0,17,0,1,3,14,0,0,0,5,5,5,22,17,22,0.3811,0.3811,0.0000,6,1,0,0,recheck,0,still,0
1980,54,2,1,391,19,1,2,0,14,0,1,3,11,0,0,0,8,8,8,22,14,22,0.5743,0.5105,0.0000,11,1,0,0,recheck,0,still,0
1980,118,3,1,383,19,0,1,0,20,0,1,4,16,0,0,0,7,7,7,27,20,27,0.5253,0.5253,0.0000,14,1,0,0,recheck,0,still,0
1980,135,1,1,209,16,0,1,0,26,0,1,19,7,0,3,0,2,2,1,28,23,24,0.3179,0.0530,0.0000,9,1,0,0,recheck,0,still,0
1981,50,1,1,354,18,1,3,0,10,0,1,1,9,0,0,0,11,11,12,21,10,22,0.6047,0.6047,0.0000,10,1,0,0,period_end,0,still,0
1981,55,2,1,350,20,0,2,0,15,0,1,6,9,0,0,0,9,9,9,24,15,24,0.5838,0.5189,0.0000,12,1,0,0,recheck,0,still,0
1982,182,1,1,220,19,1,2,0,18,0,1,4,14,0,2,0,10,10,9,28,16,25,0.4936,0.3839,0.0000,12,1,0,0,recheck,0,still,0
1983,130,1,1,365,17,2,3,0,9,0,1,1,8,0,0,0,12,12,12,21,9,21,0.5385,0.4667,0.0000,9,1,0,0,recheck,0,still,0
1983,142,2,1,287,17,1,3,0,11,0,1,2,9,0,0,0,13,13,13,24,11,24,0.6830,0.5855,0.0000,13,1,0,0,recheck,0,still,0
1983,189,1,1,195,14,0,1,1,15,0,1,1,14,0,1,0,6,6,5,21,14,19,0.5139,0.4598,0.0000,10,1,0,0,recheck,0,still,0
1984,9,1,1,241,20,0,1,0,17,0,1,4,13,0,0,0,7,7,7,24,17,24,0.4838,0.4838,0.0000,9,1,0,0,recheck,0,still,0
1984,119,1,1,349,20,1,2,0,18,0,1,4,14,0,2,0,8,8,8,26,16,24,0.5300,0.5300,0.0000,12,1,0,0,recheck,0,still,0
1985,7,2,0,-1,16,1,2,0,16,0,1,2,14,0,0,0,8,8,9,24,16,25,0.4193,0.4193,0.0000,9,1,0,0,,0,start_holder,0
1985,50,1,1,358,18,1,3,0,10,0,1,1,9,0,0,0,11,11,12,21,10,22,0.6047,0.6047,0.0000,10,1,0,0,recheck,0,still,0
1986,13,2,1,210,18,1,2,0,14,0,1,4,10,0,0,1,11,11,11,25,15,26,0.4947,0.4287,0.0000,9,1,0,0,recheck,0,still,0
1986,21,2,1,408,19,0,2,0,14,0,1,4,10,0,0,0,8,8,8,22,14,22,0.5565,0.4910,0.0000,11,1,0,0,recheck,0,still,0
1986,116,2,1,211,14,0,1,0,18,0,1,1,17,0,2,0,8,8,8,26,16,24,0.4314,0.4314,0.0000,10,1,0,0,recheck,0,still,0
1986,158,1,1,82,15,0,3,0,15,0,1,3,12,0,0,0,4,4,4,19,15,19,0.2895,0.2895,0.0000,5,1,0,0,recheck,0,still,0
1986,177,1,1,253,17,0,1,1,26,0,1,21,5,0,2,0,1,1,0,27,24,24,0.2908,0.0793,0.0000,8,1,0,0,recheck,0,still,0
1987,8,2,1,228,18,0,2,0,18,0,1,4,14,0,0,0,8,8,8,26,18,26,0.4580,0.4580,0.0000,10,1,0,0,recheck,0,still,0
1987,62,1,1,227,17,1,4,0,24,0,1,23,1,0,0,0,0,0,0,24,24,24,0.6783,0.0714,0.0000,12,1,0,0,recheck,0,still,0
1987,79,1,1,239,17,0,3,0,14,0,1,1,13,0,0,0,7,7,6,21,14,20,0.6333,0.5629,0.0000,10,1,0,0,recheck,0,still,0
1988,17,3,1,289,17,1,3,0,17,0,1,1,16,0,0,0,7,7,7,24,17,24,0.5606,0.5016,0.0000,12,1,0,0,recheck,0,still,0
1988,28,2,1,299,17,3,4,0,25,0,1,23,2,0,0,0,0,0,0,25,25,25,0.5579,0.0310,0.0000,13,1,0,0,recheck,0,still,0
1988,154,2,1,115,17,0,1,0,18,0,1,3,15,0,1,0,4,4,4,22,17,21,0.3189,0.2657,0.0000,8,1,0,0,recheck,0,still,0
1989,56,1,1,380,20,1,2,0,16,0,1,5,11,0,0,1,6,6,6,22,17,23,0.5486,0.4755,0.0000,10,1,0,0,recheck,0,still,0
1989,117,3,1,405,16,0,1,0,19,0,1,4,15,0,0,0,8,8,8,27,19,27,0.4248,0.4248,0.0000,10,1,0,0,recheck,0,still,0
1989,169,1,1,307,18,1,2,0,12,0,1,4,8,0,0,1,8,8,8,20,13,21,0.6020,0.4604,0.0000,11,1,0,0,recheck,0,still,0
1990,23,2,0,-1,15,0,1,0,21,0,1,12,9,0,0,0,3,3,3,24,21,24,0.5139,0.3854,0.0000,11,1,0,0,,0,start_holder,0
1990,159,1,1,104,10,2,3,0,9,0,1,2,7,0,0,0,4,4,4,13,9,13,0.2040,0.2040,0.0000,3,1,0,0,recheck,0,still,0
1990,165,1,1,398,19,0,1,0,19,0,1,2,17,0,2,0,5,5,5,24,17,22,0.3760,0.3223,0.0000,9,1,0,0,recheck,0,still,0
1991,76,3,1,288,18,2,3,0,14,0,1,3,11,0,0,0,10,10,10,24,14,24,0.6548,0.5655,0.0000,14,1,0,0,recheck,0,still,0
1991,128,1,1,412,19,0,2,0,20,0,1,5,15,0,3,0,5,5,5,25,17,22,0.3742,0.3742,0.0000,9,1,0,0,recheck,0,still,0
1992,3,2,1,119,15,0,1,0,14,0,1,0,14,0,0,0,7,7,7,21,14,21,0.4472,0.4472,0.0000,7,1,0,0,recheck,0,still,0
1992,146,2,1,642,17,0,1,0,15,0,1,0,15,0,0,0,9,9,9,24,15,24,0.3916,0.3916,0.0000,10,1,0,0,recheck,0,still,0
1992,161,2,1,317,18,0,1,0,15,0,1,1,14,0,1,0,12,12,11,27,14,25,0.4533,0.4533,0.0000,10,1,0,0,period_end,0,still,0
1993,57,1,1,392,18,2,3,0,16,0,1,5,11,0,0,0,5,5,5,21,16,21,0.5859,0.5859,0.0000,10,1,0,0,recheck,0,still,0
1993,77,3,1,339,19,2,3,0,14,0,1,0,14,0,1,0,11,11,11,25,13,24,0.6284,0.6284,0.0000,14,1,0,0,recheck,0,still,0
1993,131,2,1,154,15,0,1,0,27,0,1,16,11,0,3,0,3,3,3,30,24,27,0.3219,0.1733,0.0000,9,1,0,0,recheck,0,still,0
1994,10,1,1,228,20,1,2,0,16,0,1,4,12,0,0,0,10,10,9,26,16,25,0.5495,0.5495,0.0000,10,1,0,0,recheck,0,still,0
1994,84,1,1,377,17,1,3,0,17,0,1,6,11,0,1,0,5,5,5,22,16,21,0.6137,0.5776,0.0000,11,1,0,0,recheck,0,still,0
1995,6,2,1,157,16,0,1,0,15,0,1,1,14,0,0,0,9,9,9,24,15,24,0.4690,0.4690,0.0000,10,1,0,0,recheck,0,still,0
1995,15,1,1,331,18,0,3,0,13,0,1,2,11,0,1,0,11,11,11,24,12,23,0.6095,0.5418,0.0000,11,1,0,0,period_end,0,still,0
1995,19,3,1,290,18,0,2,0,18,0,1,2,16,0,0,0,6,6,6,24,18,24,0.6154,0.6154,0.0000,13,1,0,0,recheck,0,still,0
1995,44,1,1,242,20,0,2,0,15,0,1,4,11,0,0,1,9,9,9,24,16,25,0.5474,0.5474,0.0000,9,1,0,0,recheck,0,still,0
1995,114,1,1,124,15,0,2,0,15,0,1,0,15,0,1,0,5,5,5,20,14,19,0.4107,0.4107,0.0000,7,1,0,0,recheck,0,still,0
1995,166,2,1,355,19,1,2,0,20,0,1,4,16,0,2,0,6,6,6,26,18,24,0.4228,0.4228,0.0000,11,1,0,0,period_end,0,still,0
1996,188,1,1,189,16,1,2,0,16,0,1,1,15,0,2,0,6,6,6,22,14,20,0.4322,0.3782,0.0000,10,1,0,0,recheck,0,still,0
1997,4,2,1,163,15,0,1,0,14,0,1,0,14,0,0,0,7,7,7,21,14,21,0.4475,0.4475,0.0000,8,1,0,0,recheck,0,still,0
1997,15,1,1,333,18,0,3,0,13,0,1,2,11,0,1,0,11,11,11,24,12,23,0.6095,0.5418,0.0000,11,1,0,0,recheck,0,still,0
1997,139,1,1,615,19,0,2,1,16,0,1,4,12,0,1,0,9,9,9,25,15,24,0.5013,0.3833,0.0000,11,1,0,0,recheck,0,still,0
1997,141,2,1,323,18,0,2,0,12,0,1,2,10,0,0,0,11,11,11,23,12,23,0.6558,0.5621,0.0000,12,1,0,0,recheck,0,still,0
1997,149,1,1,189,17,0,1,0,18,0,1,4,14,0,2,0,8,8,8,26,16,24,0.3819,0.3819,0.0000,8,1,0,0,recheck,0,still,0
1997,163,1,1,395,18,0,1,1,15,0,1,0,15,0,2,0,10,10,8,25,13,21,0.3518,0.3518,0.0000,8,1,0,0,recheck,0,still,0
1998,49,2,1,165,18,0,3,0,13,0,1,0,13,0,0,0,11,11,11,24,13,24,0.6818,0.6818,0.0000,12,1,0,0,recheck,0,still,0
1998,77,3,1,344,19,2,3,0,14,0,1,0,14,0,1,0,11,11,11,25,13,24,0.6288,0.6288,0.0000,14,1,0,0,period_end,0,still,0
1998,86,1,1,207,15,0,2,0,22,0,1,16,6,0,0,0,2,2,3,24,22,25,0.5363,0.2860,0.0000,9,1,0,0,recheck,0,still,0
1999,25,2,1,196,15,1,2,0,23,0,1,16,7,0,0,0,2,2,2,25,23,25,0.5521,0.2923,0.0000,11,1,0,0,recheck,0,still,0
1999,133,2,0,-1,10,2,3,0,12,0,0,12,0,0,1,0,0,0,0,12,11,11,0.5591,0.0000,0.0000,10,0,0,0,,0,pending,0
2000,26,3,1,175,17,1,2,0,26,0,1,21,5,0,0,0,0,0,0,26,26,26,0.5580,0.1469,0.0000,13,1,0,0,recheck,0,still,0
2000,88,1,1,273,17,0,1,0,22,0,1,19,3,0,0,0,0,0,1,22,22,23,0.5729,0.1074,0.0000,10,1,0,0,recheck,0,still,0
2000,126,2,1,355,19,0,1,0,17,0,1,0,17,0,0,0,9,9,7,26,17,24,0.3508,0.3508,0.0000,10,1,0,0,period_end,0,still,0
2000,133,2,0,-1,10,2,3,0,12,0,0,12,0,0,1,0,0,0,0,12,11,11,0.5591,0.0000,0.0000,10,0,0,0,,0,hop,1
2001,14,1,1,261,18,0,1,0,12,0,1,4,8,0,0,2,10,10,9,22,14,23,0.5910,0.5172,0.0000,9,1,0,0,recheck,0,still,0
2001,16,1,1,413,17,0,3,0,12,0,1,0,12,0,0,0,9,9,9,21,12,21,0.5855,0.5855,0.0000,9,1,0,0,recheck,0,still,0
2001,68,3,1,140,17,0,1,0,16,0,1,3,13,0,0,0,5,5,5,21,16,21,0.3900,0.3900,0.0000,7,1,0,0,recheck,0,still,0
2001,194,1,1,371,19,0,2,1,17,0,1,4,13,0,2,0,10,10,10,27,15,25,0.4614,0.4614,0.0000,12,1,0,0,recheck,0,still,0
2002,199,1,1,140,15,1,2,0,14,0,1,3,11,0,0,0,6,6,5,20,14,19,0.2678,0.2678,0.0000,6,1,0,0,recheck,0,still,0
2003,157,2,1,74,17,0,2,0,16,0,1,3,13,0,0,0,5,5,5,21,16,21,0.2625,0.2362,0.0000,6,1,0,0,recheck,0,still,0
2004,17,3,1,305,17,1,3,0,17,0,1,0,17,0,0,0,7,7,7,24,17,24,0.5606,0.5606,0.0000,12,1,0,0,period_end,0,still,0
2004,47,2,1,293,20,0,2,0,13,0,1,4,9,0,0,1,9,9,10,22,14,24,0.5827,0.4856,0.0000,12,1,0,0,recheck,0,still,0
2004,51,1,1,173,18,2,3,0,13,0,1,0,13,0,0,0,7,7,8,20,13,21,0.6027,0.6027,0.0000,10,1,0,0,recheck,0,still,0
2004,123,2,1,131,14,1,3,0,13,0,1,3,10,0,0,0,6,6,6,19,13,19,0.3175,0.3175,0.0000,7,1,0,0,recheck,0,still,0
2004,151,1,1,82,20,0,1,0,16,0,1,4,12,0,2,0,9,9,10,25,14,24,0.4709,0.4415,0.0000,10,1,0,0,recheck,0,still,0
2005,11,1,1,239,18,0,1,0,14,0,1,4,10,0,0,0,11,11,10,25,14,24,0.5722,0.5049,0.0000,10,1,0,0,recheck,0,still,0
2005,35,3,1,130,15,0,1,0,17,0,1,2,15,0,0,0,9,9,9,26,17,26,0.4630,0.4630,0.0000,10,1,0,0,recheck,0,still,0
2005,143,2,1,123,16,0,2,1,20,0,0,20,0,0,1,0,0,0,0,20,19,19,0.7763,0.0000,0.0000,16,0,0,1,recheck,0,still,0
2006,5,2,1,166,17,0,1,0,15,0,1,0,15,0,0,0,9,9,9,24,15,24,0.5249,0.5249,0.0000,10,1,0,0,recheck,0,still,0
2006,72,2,1,139,16,0,1,0,14,0,1,3,11,0,0,0,6,6,6,20,14,20,0.3049,0.3049,0.0000,5,1,0,0,recheck,0,still,0
2006,80,1,1,222,18,1,2,0,16,0,1,0,16,0,0,0,5,5,6,21,16,22,0.4923,0.4923,0.0000,8,1,0,0,recheck,0,still,0
2006,168,1,1,245,16,0,1,1,23,0,1,9,14,0,4,0,4,4,4,27,19,23,0.4268,0.3468,0.0000,10,1,0,0,recheck,0,still,0
2007,126,2,1,362,19,0,1,0,17,0,1,0,17,0,0,0,9,9,7,26,17,24,0.3508,0.3508,0.0000,10,1,0,0,recheck,0,still,0
2007,127,1,1,415,19,0,1,0,17,0,1,0,17,0,0,0,8,8,6,25,17,23,0.3768,0.3768,0.0000,9,1,0,0,recheck,0,still,0
2007,171,1,1,66,16,0,1,0,25,0,1,16,9,0,3,0,2,2,2,27,22,24,0.3716,0.1858,0.0000,10,1,0,0,recheck,0,still,0
2008,2,1,1,88,16,0,1,0,14,0,1,1,13,0,0,0,6,6,6,20,14,20,0.4537,0.4537,0.0000,6,1,0,0,recheck,0,still,0
2008,58,1,1,190,15,0,1,0,20,0,1,12,8,0,0,0,3,3,3,23,20,23,0.6069,0.3927,0.0000,10,1,0,0,recheck,0,still,0
2008,76,3,1,305,18,2,3,0,13,0,1,3,10,0,0,0,11,11,11,24,13,24,0.6548,0.5655,0.0000,14,1,0,0,period_end,0,still,0
2008,87,1,1,251,16,0,2,0,23,0,1,18,5,0,1,0,1,1,2,24,22,24,0.5951,0.2450,0.0000,11,1,0,0,recheck,0,still,0
2008,169,1,1,326,18,1,2,0,10,0,1,3,7,0,0,1,9,9,9,19,11,20,0.6025,0.4607,0.0000,11,1,0,0,period_end,0,still,0
2009,12,2,1,297,20,0,1,0,14,0,1,4,10,0,0,0,11,11,12,25,14,26,0.5803,0.5158,0.0000,11,1,0,0,recheck,0,still,0
2010,1,2,1,105,16,0,1,0,16,0,1,2,14,0,0,0,6,6,6,22,16,22,0.3798,0.3798,0.0000,6,1,0,0,recheck,0,still,0
2010,54,2,1,421,19,1,2,0,17,0,1,2,15,0,0,0,5,5,5,22,17,22,0.5739,0.5739,0.0000,11,1,0,0,recheck,0,still,0
2010,118,3,1,413,19,0,1,0,17,0,1,4,13,0,0,0,10,10,10,27,17,27,0.5253,0.5253,0.0000,14,1,0,0,recheck,0,still,0
2010,135,1,1,239,16,0,1,0,27,0,1,19,8,0,4,0,1,1,1,28,23,24,0.3179,0.0530,0.0000,9,1,0,0,recheck,0,still,0
2011,55,2,1,380,20,0,2,0,18,0,1,5,13,0,0,0,6,6,6,24,18,24,0.5832,0.5832,0.0000,12,1,0,0,recheck,0,still,0
2012,12,2,1,300,20,0,1,0,14,0,1,4,10,0,0,0,11,11,12,25,14,26,0.5803,0.5158,0.0000,11,1,0,0,period_end,0,still,0
2012,182,1,1,250,19,1,2,0,17,0,1,4,13,0,2,0,11,11,10,28,15,25,0.4936,0.3839,0.0000,12,1,0,0,recheck,0,still,0
2013,130,1,1,395,17,2,3,0,11,0,1,1,10,0,0,0,10,10,10,21,11,21,0.5385,0.4667,0.0000,9,1,0,0,recheck,0,still,0
2013,142,2,1,317,17,1,5,0,12,0,1,2,10,0,0,0,12,12,12,24,12,24,0.6831,0.5855,0.0000,13,1,0,0,recheck,0,still,0
2013,189,1,1,225,14,0,1,1,15,0,1,0,15,0,1,0,6,6,5,21,14,19,0.5139,0.5139,0.0000,10,1,0,0,recheck,0,still,0
2014,9,1,1,271,20,0,1,0,16,0,1,4,12,0,0,0,8,8,8,24,16,24,0.5506,0.5506,0.0000,10,1,0,0,recheck,0,still,0
2014,119,1,1,379,20,1,2,0,17,0,1,4,13,0,2,0,9,9,9,26,15,24,0.5300,0.5300,0.0000,12,1,0,0,recheck,0,still,0
2015,50,1,1,388,18,1,3,0,12,0,1,0,12,0,0,0,9,9,10,21,12,22,0.6047,0.6047,0.0000,10,1,0,0,recheck,0,still,0
2015,113,1,1,53,16,0,2,0,16,0,1,1,15,0,2,0,5,5,5,21,14,19,0.4103,0.3810,0.0000,8,1,0,0,recheck,0,still,0
2016,13,2,1,240,18,1,2,0,13,0,1,4,9,0,0,1,12,12,12,25,14,26,0.5607,0.4947,0.0000,10,1,0,0,recheck,0,still,0
2016,21,2,1,438,19,0,2,0,17,0,1,3,14,0,0,0,5,5,5,22,17,22,0.5553,0.5553,0.0000,11,1,0,0,recheck,0,still,0
2016,116,2,1,241,14,0,1,0,18,0,1,2,16,0,2,0,9,9,9,27,16,25,0.4314,0.4314,0.0000,10,1,0,0,recheck,0,still,0
2016,158,1,1,112,15,0,3,0,14,0,1,3,11,0,0,0,5,5,5,19,14,19,0.2895,0.2895,0.0000,5,1,0,0,recheck,0,still,0
2016,177,1,1,283,17,0,1,1,27,0,1,21,6,0,3,0,0,0,0,27,24,24,0.2908,0.0793,0.0000,8,1,0,0,recheck,0,still,0
2017,8,2,1,258,18,0,2,0,17,0,1,4,13,0,0,0,9,9,9,26,17,26,0.4563,0.4563,0.0000,10,1,0,0,recheck,0,still,0
2017,62,1,1,257,17,1,4,0,22,0,1,21,1,0,0,0,0,0,0,22,22,22,0.6783,0.0714,0.0000,12,1,0,0,recheck,0,still,0
2017,79,1,1,269,17,0,3,0,14,0,1,0,14,0,0,0,7,7,6,21,14,20,0.6333,0.6333,0.0000,10,1,0,0,recheck,0,still,0
2018,17,3,1,319,17,1,3,0,14,0,1,0,14,0,0,0,10,10,10,24,14,24,0.5606,0.5606,0.0000,12,1,0,0,recheck,0,still,0
2018,28,2,1,329,16,3,4,0,24,0,1,22,2,0,0,0,0,0,0,24,24,24,0.5589,0.0310,0.0000,13,1,0,0,recheck,0,still,0
2018,89,1,0,-1,18,2,4,0,22,0,1,20,2,0,0,0,0,0,0,22,22,22,0.5397,0.0360,0.0000,10,0,1,0,,0,pending,0
2018,144,2,0,-1,0,0,1,1,0,0,0,0,0,0,0,0,0,0,0,0,0,0,0.0000,0.0000,0.0000,0,0,0,0,,0,hop,1
2018,154,2,1,145,17,0,1,0,17,0,1,3,14,0,1,0,5,5,5,22,16,21,0.3189,0.2657,0.0000,8,1,0,0,recheck,0,still,0
2019,56,1,1,410,20,1,2,0,15,0,1,5,10,0,0,1,8,8,8,23,16,24,0.5481,0.5481,0.0000,10,1,0,0,recheck,0,still,0
2019,89,1,0,-1,18,2,4,0,22,0,1,20,2,0,0,0,0,0,0,22,22,22,0.5397,0.0360,0.0000,10,0,1,0,,0,hop,1
2019,117,3,1,435,16,0,1,0,18,0,1,4,14,0,0,0,9,9,9,27,18,27,0.4248,0.4248,0.0000,10,1,0,0,recheck,0,still,0
2019,169,1,1,337,18,4,5,0,10,0,1,3,7,0,0,1,9,9,9,19,11,20,0.6027,0.4609,0.0000,11,1,0,0,recheck,0,still,0
2020,115,2,1,55,16,0,1,0,16,0,1,0,16,0,1,0,8,8,8,24,15,23,0.4043,0.4043,0.0000,9,1,0,0,recheck,0,still,0
2020,159,1,1,134,10,2,3,0,7,0,1,2,5,0,0,0,6,6,6,13,7,13,0.2040,0.2040,0.0000,3,1,0,0,recheck,0,still,0
2020,165,1,1,428,19,0,1,0,16,0,1,2,14,0,2,0,8,8,8,24,14,22,0.3760,0.3760,0.0000,9,1,0,0,recheck,0,still,0
2021,76,3,1,318,18,2,5,0,12,0,1,3,9,0,0,0,12,12,12,24,12,24,0.6548,0.5655,0.0000,14,1,0,0,recheck,0,still,0
2021,128,1,1,442,19,0,2,0,19,0,1,7,12,0,2,0,8,8,7,27,17,24,0.3742,0.3742,0.0000,9,1,0,0,recheck,0,still,0
2022,3,2,1,149,15,0,1,0,14,0,1,0,14,0,0,0,7,7,7,21,14,21,0.4458,0.4458,0.0000,7,1,0,0,recheck,0,still,0
2022,146,2,1,672,17,0,1,0,17,0,1,1,16,0,0,0,9,9,9,26,17,26,0.3916,0.3916,0.0000,10,1,0,0,recheck,0,still,0
2022,161,2,1,347,18,0,1,0,13,0,1,1,12,0,1,0,14,14,13,27,12,25,0.4533,0.4533,0.0000,10,1,0,0,recheck,0,still,0
2023,57,1,1,422,18,2,3,0,17,0,1,7,10,0,0,0,6,6,6,23,17,23,0.5857,0.5857,0.0000,10,1,0,0,recheck,0,still,0
2023,77,3,1,369,19,2,3,0,12,0,1,0,12,0,1,0,13,13,13,25,11,24,0.6285,0.6285,0.0000,14,1,0,0,recheck,0,still,0
2023,131,2,1,184,15,0,1,0,26,0,1,16,10,0,3,0,4,4,4,30,23,27,0.3219,0.1733,0.0000,9,1,0,0,recheck,0,still,0
2024,10,1,1,258,20,1,2,0,16,0,1,4,12,0,0,0,10,10,9,26,16,25,0.6166,0.6166,0.0000,11,1,0,0,recheck,0,still,0
2024,84,1,1,407,17,1,3,0,17,0,1,8,9,0,0,0,7,7,6,24,17,23,0.6124,0.5763,0.0000,11,1,0,0,recheck,0,still,0
2025,6,2,1,187,16,0,1,0,16,0,1,2,14,0,0,0,9,9,9,25,16,25,0.4675,0.4675,0.0000,10,1,0,0,recheck,0,still,0
2025,19,3,1,320,18,0,2,0,16,0,1,3,13,0,0,0,9,9,9,25,16,25,0.6155,0.6155,0.0000,13,1,0,0,recheck,0,still,0
2025,44,1,1,272,19,0,2,0,15,0,1,4,11,0,0,1,9,9,9,24,16,25,0.5473,0.5473,0.0000,9,1,0,0,recheck,0,still,0
2025,114,1,1,154,15,0,2,0,15,0,1,0,15,0,1,0,5,5,5,20,14,19,0.4107,0.4107,0.0000,7,1,0,0,recheck,0,still,0
2025,166,2,1,385,19,1,2,0,19,0,1,6,13,0,2,0,9,9,9,28,17,26,0.3731,0.3731,0.0000,10,1,0,0,recheck,0,still,0
2026,188,1,1,219,16,1,2,0,16,0,1,1,15,0,2,0,6,6,6,22,14,20,0.4323,0.3782,0.0000,10,1,0,0,recheck,0,still,0
2027,4,2,1,193,15,0,1,0,14,0,1,0,14,0,0,0,7,7,7,21,14,21,0.4460,0.4460,0.0000,8,1,0,0,recheck,0,still,0
2027,15,1,1,363,18,0,5,0,10,0,1,2,8,0,1,0,14,14,14,24,9,23,0.6095,0.5418,0.0000,11,1,0,0,recheck,0,still,0
2027,139,1,1,645,19,0,2,1,13,0,1,3,10,0,0,0,10,10,10,23,13,23,0.5013,0.3833,0.0000,11,1,0,0,recheck,0,still,0
2027,141,2,1,353,16,3,5,0,10,0,1,2,8,0,0,0,13,13,13,23,10,23,0.6578,0.5638,0.0000,12,1,0,0,recheck,0,still,0
2027,146,2,1,677,17,0,1,0,17,0,1,1,16,0,0,0,9,9,9,26,17,26,0.3916,0.3916,0.0000,10,1,0,0,period_end,0,still,0
2027,149,1,1,219,17,0,1,0,18,0,1,4,14,0,2,0,8,8,8,26,16,24,0.3819,0.3819,0.0000,8,1,0,0,recheck,0,still,0
2027,163,1,1,425,18,0,1,1,12,0,1,0,12,0,1,0,13,13,10,25,11,21,0.3518,0.3518,0.0000,8,1,0,0,recheck,0,still,0
2028,49,2,1,195,18,0,3,0,10,0,1,0,10,0,0,0,14,14,14,24,10,24,0.6821,0.6821,0.0000,12,1,0,0,recheck,0,still,0
2028,83,2,1,50,17,0,3,0,19,0,1,10,9,0,0,0,4,4,4,23,19,23,0.5420,0.4464,0.0000,11,1,0,0,recheck,0,still,0
2028,86,1,1,237,15,0,2,0,21,0,1,16,5,0,0,0,3,3,4,24,21,25,0.5009,0.2862,0.0000,8,1,0,0,recheck,0,still,0
2029,25,2,1,226,15,1,2,0,22,0,1,16,6,0,0,0,3,3,3,25,22,25,0.5531,0.2928,0.0000,11,1,0,0,recheck,0,still,0
2030,7,2,1,45,16,1,2,0,16,0,1,3,13,0,0,0,9,9,10,25,16,26,0.4192,0.4192,0.0000,9,1,0,0,recheck,0,still,0
2030,26,3,1,205,17,1,2,0,25,0,1,20,5,0,0,0,0,0,0,25,25,25,0.5585,0.1470,0.0000,13,1,0,0,recheck,0,still,0
2030,88,1,1,303,17,0,1,0,21,0,1,18,3,0,0,0,0,0,1,21,21,22,0.5741,0.1076,0.0000,10,1,0,0,recheck,0,still,0
2031,14,1,1,291,19,0,1,0,10,0,1,3,7,0,0,2,11,11,11,21,12,23,0.5910,0.5172,0.0000,9,1,0,0,recheck,0,still,0
2031,16,1,1,443,17,0,3,0,10,0,1,0,10,0,0,0,11,11,11,21,10,21,0.5855,0.5855,0.0000,9,1,0,0,recheck,0,still,0
2031,68,3,1,170,17,0,1,0,15,0,1,3,12,0,0,0,6,6,6,21,15,21,0.3887,0.3887,0.0000,7,1,0,0,recheck,0,still,0
2031,142,2,1,335,17,1,5,0,9,0,1,2,7,0,0,0,15,15,15,24,9,24,0.6832,0.5856,0.0000,13,1,0,0,period_end,0,still,0
2031,194,1,1,401,19,0,2,1,16,0,1,4,12,0,2,0,11,11,11,27,14,25,0.4614,0.4614,0.0000,12,1,0,0,recheck,0,still,0
2031,195,1,0,-1,17,1,2,0,16,0,1,2,14,0,1,0,7,7,7,23,15,22,0.4313,0.3774,0.0000,10,1,0,0,,0,start_holder,0
2032,88,1,1,305,17,0,1,0,21,0,1,18,3,0,0,0,0,0,1,21,21,22,0.5741,0.1076,0.0000,10,1,0,0,period_end,0,still,0
2032,199,1,1,170,15,1,2,0,13,0,1,2,11,0,0,0,7,7,6,20,13,19,0.2678,0.2678,0.0000,6,1,0,0,recheck,0,still,0
2033,157,2,1,104,17,0,2,0,15,0,1,2,13,0,0,0,6,6,6,21,15,21,0.2625,0.2362,0.0000,6,1,0,0,recheck,0,still,0
2034,47,2,1,323,19,0,2,0,11,0,1,3,8,0,0,1,10,10,11,21,12,23,0.5824,0.4853,0.0000,12,1,0,0,recheck,0,still,0
2034,51,1,1,203,18,2,3,0,11,0,1,0,11,0,0,0,9,9,10,20,11,21,0.6027,0.6027,0.0000,10,1,0,0,recheck,0,still,0
2034,123,2,1,161,14,1,3,0,11,0,1,2,9,0,0,0,8,8,8,19,11,19,0.3175,0.3175,0.0000,7,1,0,0,recheck,0,still,0
2034,151,1,1,112,20,0,1,0,14,0,1,3,11,0,2,0,10,10,11,24,12,23,0.4709,0.4415,0.0000,10,1,0,0,recheck,0,still,0
2035,11,1,1,269,18,0,1,0,12,0,1,3,9,0,0,0,12,12,11,24,12,23,0.6391,0.5718,0.0000,11,1,0,0,recheck,0,still,0
2035,19,3,1,330,18,0,2,0,17,0,1,4,13,0,0,0,9,9,9,26,17,26,0.6159,0.6159,0.0000,13,1,0,0,period_end,0,still,0
2035,35,3,1,160,16,0,1,0,17,0,1,2,15,0,0,0,9,9,9,26,17,26,0.4630,0.4630,0.0000,10,1,0,0,recheck,0,still,0
2035,143,2,1,153,16,0,2,1,20,0,0,20,0,0,1,0,0,0,0,20,19,19,0.7763,0.0000,0.0000,16,0,0,1,recheck,0,still,0
2036,5,2,1,196,17,0,1,0,17,0,1,1,16,0,0,0,8,8,8,25,17,25,0.5232,0.5232,0.0000,10,1,0,0,recheck,0,still,0
2036,28,2,1,347,16,3,4,0,23,0,1,21,2,0,0,0,0,0,0,23,23,23,0.5593,0.0311,0.0000,13,1,0,0,period_end,0,still,0
2036,72,2,1,169,16,0,1,0,16,0,1,2,14,0,0,0,4,4,4,20,16,20,0.3039,0.3039,0.0000,5,1,0,0,recheck,0,still,0
2036,80,1,1,252,18,1,2,0,13,0,1,0,13,0,0,0,8,8,9,21,13,22,0.4924,0.4924,0.0000,8,1,0,0,recheck,0,still,0
2036,168,1,1,275,17,0,1,1,20,0,1,9,11,0,1,0,7,7,5,27,19,24,0.4001,0.3468,0.0000,9,1,0,0,recheck,0,still,0
2037,23,2,1,47,15,0,2,0,19,0,1,11,8,0,0,0,4,4,4,23,19,23,0.5141,0.3856,0.0000,11,1,0,0,recheck,0,still,0
2037,126,2,1,392,19,0,1,0,14,0,1,0,14,0,0,0,12,12,10,26,14,24,0.3508,0.3508,0.0000,10,1,0,0,recheck,0,still,0
2037,127,1,1,445,19,0,1,0,14,0,1,0,14,0,0,0,11,11,9,25,14,23,0.3768,0.3768,0.0000,9,1,0,0,recheck,0,still,0
2037,171,1,1,96,16,0,1,0,24,0,1,16,8,0,3,0,3,3,3,27,21,24,0.3716,0.1858,0.0000,10,1,0,0,recheck,0,still,0
2038,2,1,1,118,16,0,1,0,16,0,1,1,15,0,0,0,4,4,4,20,16,20,0.4521,0.4521,0.0000,6,1,0,0,recheck,0,still,0
2038,47,2,1,327,19,0,2,0,11,0,1,3,8,0,0,1,10,10,11,21,12,23,0.5823,0.4853,0.0000,12,1,0,0,period_end,0,still,0
2038,58,1,1,220,15,0,1,0,19,0,1,12,7,0,0,0,4,4,4,23,19,23,0.6073,0.3929,0.0000,10,1,0,0,recheck,0,still,0
2038,87,1,1,281,16,0,2,0,22,0,1,18,4,0,0,0,2,2,3,24,22,25,0.5621,0.2459,0.0000,10,1,0,0,recheck,0,still,0
2039,12,2,1,327,19,0,1,0,12,0,1,3,9,0,0,0,12,12,13,24,12,25,0.5804,0.5160,0.0000,11,1,0,0,recheck,0,still,0
2040,1,2,1,135,16,0,1,0,18,0,1,2,16,0,0,0,4,4,4,22,18,22,0.3785,0.3785,0.0000,6,1,0,0,recheck,0,still,0
2040,54,2,1,451,19,1,2,0,16,0,1,4,12,0,0,0,8,8,8,24,16,24,0.5743,0.5743,0.0000,11,1,0,0,recheck,0,still,0
2040,118,3,1,443,19,0,1,0,15,0,1,3,12,0,0,0,11,11,11,26,15,26,0.5253,0.5253,0.0000,14,1,0,0,recheck,0,still,0
2040,135,1,1,269,16,0,1,0,25,0,1,18,7,0,3,0,2,2,1,27,22,23,0.3179,0.0530,0.0000,9,1,0,0,recheck,0,still,0
2041,55,2,1,410,20,0,2,0,17,0,1,7,10,0,0,0,9,9,9,26,17,26,0.5838,0.5838,0.0000,12,1,0,0,recheck,0,still,0
2042,182,1,1,280,19,1,2,0,15,0,1,3,12,0,2,0,12,12,11,27,13,24,0.4936,0.3839,0.0000,12,1,0,0,recheck,0,still,0
2043,130,1,1,425,17,2,3,0,8,0,1,1,7,0,0,0,13,13,13,21,8,21,0.5385,0.4667,0.0000,9,1,0,0,recheck,0,still,0
2043,142,2,1,347,17,1,5,0,9,0,1,2,7,0,0,0,15,15,15,24,9,24,0.6832,0.5856,0.0000,13,1,0,0,recheck,0,still,0
2043,189,1,1,255,14,0,1,1,17,0,1,0,17,0,2,0,4,4,4,21,15,19,0.4600,0.4600,0.0000,9,1,0,0,recheck,0,still,0
2044,9,1,1,301,20,0,1,0,16,0,1,4,12,0,0,0,8,8,8,24,16,24,0.5485,0.5485,0.0000,10,1,0,0,recheck,0,still,0
2044,119,1,1,409,20,1,2,0,15,0,1,3,12,0,2,0,10,10,10,25,13,23,0.5300,0.5300,0.0000,12,1,0,0,recheck,0,still,0
2044,153,1,0,-1,16,0,2,0,18,0,1,1,17,0,1,0,4,4,4,22,17,21,0.4386,0.4094,0.0000,9,1,0,0,,0,start_holder,0
2045,50,1,1,418,18,1,3,0,10,0,1,0,10,0,0,0,11,11,12,21,10,22,0.6047,0.6047,0.0000,10,1,0,0,recheck,0,still,0
2045,113,1,1,83,16,0,2,0,20,0,1,1,19,0,2,0,2,2,2,22,18,20,0.4103,0.3810,0.0000,8,1,0,0,recheck,0,still,0
2046,13,2,1,270,18,2,3,0,11,0,1,3,8,0,0,1,13,13,13,24,12,25,0.5607,0.4947,0.0000,10,1,0,0,recheck,0,still,0
2046,21,2,1,468,19,0,2,0,15,0,1,4,11,0,0,0,8,8,8,23,15,23,0.5570,0.5570,0.0000,11,1,0,0,recheck,0,still,0
2046,116,2,1,271,14,0,1,0,18,0,1,2,16,0,2,0,9,9,9,27,16,25,0.4315,0.4315,0.0000,10,1,0,0,recheck,0,still,0
2046,158,1,1,142,15,0,3,0,15,0,1,1,14,0,0,0,4,4,4,19,15,19,0.2895,0.2895,0.0000,5,1,0,0,recheck,0,still,0
2046,177,1,1,313,17,0,1,1,24,0,1,19,5,0,2,0,1,1,0,25,22,22,0.2908,0.0793,0.0000,8,1,0,0,recheck,0,still,0
2047,8,2,1,288,18,0,2,0,17,0,1,4,13,0,0,0,9,9,9,26,17,26,0.4548,0.4548,0.0000,10,1,0,0,recheck,0,still,0
2047,29,2,0,-1,16,0,4,0,23,0,1,21,2,0,1,0,0,0,0,23,22,22,0.5679,0.0316,0.0000,13,0,1,0,,0,hop,1
2047,62,1,1,287,17,1,4,0,22,0,1,21,1,0,0,0,0,0,0,22,22,22,0.6783,0.0714,0.0000,12,1,0,0,recheck,0,still,0
2047,79,1,1,299,17,0,3,0,12,0,1,0,12,0,0,0,9,9,8,21,12,20,0.6333,0.6333,0.0000,10,1,0,0,recheck,0,still,0
2048,17,3,1,349,17,1,3,0,15,0,1,1,14,0,0,0,10,10,10,25,15,25,0.5606,0.5606,0.0000,12,1,0,0,recheck,0,still,0
2048,28,2,1,359,16,3,4,0,23,0,1,21,2,0,0,0,0,0,0,23,23,23,0.5598,0.0311,0.0000,13,1,0,0,recheck,0,still,0
2048,154,2,1,175,17,0,1,0,19,0,1,1,18,0,1,0,3,3,3,22,18,21,0.3189,0.3189,0.0000,8,1,0,0,recheck,0,still,0
2049,56,1,1,440,20,1,2,0,16,0,1,6,10,0,0,1,8,8,8,24,17,25,0.5481,0.5481,0.0000,10,1,0,0,recheck,0,still,0
2049,117,3,1,465,16,0,1,0,18,0,1,4,14,0,0,0,9,9,9,27,18,27,0.4248,0.4248,0.0000,10,1,0,0,recheck,0,still,0
2049,169,1,1,367,17,4,5,0,9,0,1,3,6,0,0,1,10,10,10,19,10,20,0.6035,0.4615,0.0000,11,1,0,0,recheck,0,still,0
2050,115,2,1,85,16,0,1,0,18,0,1,1,17,0,1,0,7,7,7,25,17,24,0.4041,0.4041,0.0000,9,1,0,0,recheck,0,still,0
2050,159,1,1,164,10,2,3,0,7,0,1,0,7,0,0,0,6,6,6,13,7,13,0.2040,0.2040,0.0000,3,1,0,0,recheck,0,still,0
2050,165,1,1,458,19,0,1,0,18,0,1,4,14,0,2,0,8,8,8,26,16,24,0.3760,0.3760,0.0000,9,1,0,0,recheck,0,still,0
2051,76,3,1,348,18,2,5,0,11,0,1,3,8,0,0,0,13,13,13,24,11,24,0.6549,0.5656,0.0000,14,1,0,0,recheck,0,still,0
2051,128,1,1,472,19,0,2,0,19,0,1,7,12,0,2,0,8,8,7,27,17,24,0.3742,0.3742,0.0000,9,1,0,0,recheck,0,still,0
2052,3,2,1,179,15,0,1,0,18,0,1,1,17,0,0,0,4,4,4,22,18,22,0.4443,0.4443,0.0000,7,1,0,0,recheck,0,still,0
2052,146,2,1,702,17,0,1,0,18,0,1,1,17,0,0,0,8,8,8,26,18,26,0.3902,0.3902,0.0000,10,1,0,0,recheck,0,still,0
2052,161,2,1,377,18,0,1,0,12,0,1,1,11,0,1,0,15,15,14,27,11,25,0.4533,0.4533,0.0000,10,1,0,0,recheck,0,still,0
2053,57,1,1,452,18,1,2,0,17,0,1,7,10,0,0,0,6,6,6,23,17,23,0.5857,0.5857,0.0000,10,1,0,0,recheck,0,still,0
2053,77,3,1,399,19,2,3,0,12,0,1,0,12,0,1,0,13,13,13,25,11,24,0.6285,0.6285,0.0000,14,1,0,0,recheck,0,still,0
2053,131,2,1,214,15,0,1,0,25,0,1,15,10,0,3,0,4,4,4,29,22,26,0.3219,0.1733,0.0000,9,1,0,0,recheck,0,still,0
2054,10,1,1,288,20,1,2,0,14,0,1,3,11,0,0,0,11,11,10,25,14,24,0.6159,0.6159,0.0000,11,1,0,0,recheck,0,still,0
2054,84,1,1,437,17,0,2,0,17,0,1,8,9,0,0,0,7,7,6,24,17,23,0.6158,0.5796,0.0000,11,1,0,0,recheck,0,still,0
2055,6,2,1,217,16,0,1,0,16,0,1,2,14,0,0,0,9,9,9,25,16,25,0.4661,0.4661,0.0000,10,1,0,0,recheck,0,still,0
2055,19,3,1,350,18,0,2,0,17,0,1,4,13,0,0,0,9,9,9,26,17,26,0.6164,0.6164,0.0000,13,1,0,0,recheck,0,still,0
2055,44,1,1,302,19,0,2,0,17,0,1,3,14,0,0,1,6,6,6,23,18,24,0.5474,0.5474,0.0000,9,1,0,0,recheck,0,still,0
2055,114,1,1,184,15,0,2,0,17,0,1,1,16,0,1,0,4,4,4,21,16,20,0.4107,0.4107,0.0000,7,1,0,0,recheck,0,still,0
2055,166,2,1,415,19,1,2,0,19,0,1,6,13,0,2,0,9,9,9,28,17,26,0.4228,0.4228,0.0000,11,1,0,0,recheck,0,still,0
2056,139,1,1,674,19,0,2,1,20,0,1,3,17,0,0,0,3,3,3,23,20,23,0.5013,0.3833,0.0000,11,1,0,0,period_end,0,still,0
2056,188,1,1,249,16,1,2,0,20,0,1,1,19,0,2,0,3,3,3,23,18,21,0.4323,0.4053,0.0000,10,1,0,0,recheck,0,still,0
2057,4,2,1,223,15,0,1,0,16,0,1,1,15,0,0,0,6,6,6,22,16,22,0.4445,0.4445,0.0000,8,1,0,0,recheck,0,still,0
2057,15,1,1,393,18,0,5,0,17,0,1,2,15,0,1,0,7,7,7,24,16,23,0.6095,0.5418,0.0000,11,1,0,0,recheck,0,still,0
2057,139,1,1,675,19,0,2,1,20,0,1,3,17,0,0,0,3,3,3,23,20,23,0.5013,0.3833,0.0000,11,1,0,0,recheck,0,still,0
2057,141,2,1,383,16,3,5,0,17,0,1,2,15,0,0,0,6,6,6,23,17,23,0.6588,0.5647,0.0000,12,1,0,0,recheck,0,still,0
2057,149,1,1,249,17,0,1,0,19,0,1,4,15,0,2,0,7,7,7,26,17,24,0.3819,0.3819,0.0000,8,1,0,0,recheck,0,still,0
2057,163,1,1,455,17,0,1,1,18,0,1,0,18,0,4,0,7,7,7,25,14,21,0.3518,0.3518,0.0000,8,1,0,0,recheck,0,still,0
2058,49,2,1,225,18,0,3,0,16,0,1,0,16,0,0,0,8,8,8,24,16,24,0.6797,0.6797,0.0000,12,1,0,0,recheck,0,still,0
2058,83,2,1,80,16,1,2,0,19,0,1,10,9,0,0,0,4,4,4,23,19,23,0.5422,0.4465,0.0000,11,1,0,0,recheck,0,still,0
2058,86,1,1,267,15,0,2,0,20,0,1,15,5,0,0,0,3,3,4,23,20,24,0.5363,0.2860,0.0000,9,1,0,0,recheck,0,still,0
2058,152,1,0,-1,1,0,1,1,1,0,0,1,0,0,0,0,0,0,0,1,1,1,0.0000,0.0000,0.0000,0,0,0,0,,0,pending,0
2059,25,2,1,256,15,1,2,0,21,0,1,15,6,0,0,0,3,3,3,24,21,24,0.5532,0.2929,0.0000,11,1,0,0,recheck,0,still,0
2059,152,1,0,-1,1,0,1,1,1,0,0,1,0,0,0,0,0,0,0,1,1,1,0.0000,0.0000,0.0000,0,0,0,0,,0,hop,1
2060,7,2,1,75,16,1,2,0,17,0,1,3,14,0,0,0,8,8,9,25,17,26,0.4192,0.4192,0.0000,9,1,0,0,recheck,0,still,0
2060,26,3,1,235,17,1,2,0,23,0,1,19,4,0,0,1,0,0,0,23,24,24,0.5291,0.1176,0.0000,12,1,0,0,recheck,0,still,0
2060,88,1,1,333,17,0,1,0,20,0,1,17,3,0,0,0,0,0,1,20,20,21,0.5739,0.1076,0.0000,10,1,0,0,recheck,0,still,0
2061,14,1,1,321,19,0,3,0,17,0,1,3,14,0,0,2,4,4,4,21,19,23,0.5541,0.4802,0.0000,9,1,0,0,recheck,0,still,0
2061,16,1,1,473,17,0,3,0,13,0,1,0,13,0,0,0,8,8,8,21,13,21,0.5853,0.5853,0.0000,9,1,0,0,recheck,0,still,0
2061,68,3,1,200,17,0,1,0,18,0,1,1,17,0,0,0,3,3,3,21,18,21,0.3875,0.3875,0.0000,7,1,0,0,recheck,0,still,0
2061,194,1,1,431,19,0,2,1,20,0,1,3,17,0,2,0,5,5,5,25,18,23,0.4614,0.4614,0.0000,12,1,0,0,recheck,0,still,0
2062,199,1,1,200,15,1,2,0,15,0,1,1,14,0,0,0,5,5,4,20,15,19,0.2678,0.2678,0.0000,6,1,0,0,recheck,0,still,0
2063,157,2,1,134,17,0,2,0,18,0,1,1,17,0,0,0,3,3,3,21,18,21,0.2625,0.2625,0.0000,6,1,0,0,recheck,0,still,0
2064,47,2,1,353,19,1,3,0,18,0,1,3,15,0,0,1,3,3,4,21,19,23,0.5818,0.4848,0.0000,12,1,0,0,recheck,0,still,0
2064,51,1,1,233,18,2,3,0,13,0,1,0,13,0,0,0,7,7,8,20,13,21,0.6031,0.6031,0.0000,10,1,0,0,recheck,0,still,0
2064,90,1,0,-1,17,4,5,0,21,0,1,20,1,0,0,0,0,0,0,21,21,21,0.6353,0.0706,0.0000,12,1,0,0,,0,start_holder,0
2064,99,2,0,-1,4,3,5,0,5,0,0,5,0,0,0,0,0,0,0,5,5,5,0.2283,0.0000,0.0000,4,0,0,0,,0,pending,0
2064,123,2,1,191,14,1,3,0,13,0,1,1,12,0,0,0,6,6,6,19,13,19,0.3175,0.3175,0.0000,7,1,0,0,recheck,0,still,0
2064,151,1,1,142,20,0,1,0,20,0,1,3,17,0,1,0,3,3,4,23,19,23,0.4709,0.4415,0.0000,10,1,0,0,recheck,0,still,0
2065,11,1,1,299,18,0,1,0,18,0,1,3,15,0,0,0,6,6,5,24,18,23,0.6393,0.5720,0.0000,11,1,0,0,recheck,0,still,0
2065,35,3,1,190,16,0,1,0,17,0,1,2,15,0,0,0,9,9,9,26,17,26,0.4630,0.4630,0.0000,10,1,0,0,recheck,0,still,0
2065,99,2,0,-1,4,3,5,0,5,0,0,5,0,0,0,0,0,0,0,5,5,5,0.2283,0.0000,0.0000,4,0,0,0,,0,hop,1
2065,143,2,1,183,16,0,2,1,20,0,0,20,0,0,1,0,0,0,0,20,19,19,0.7760,0.0000,0.0000,16,0,0,1,recheck,0,still,0
2066,5,2,1,226,17,0,1,0,16,0,1,1,15,0,0,0,9,9,9,25,16,25,0.5215,0.5215,0.0000,10,1,0,0,recheck,0,still,0
2066,72,2,1,199,16,0,1,0,14,0,1,1,13,0,0,0,6,6,6,20,14,20,0.3029,0.3029,0.0000,5,1,0,0,recheck,0,still,0
2066,80,1,1,282,18,1,2,0,15,0,1,2,13,0,0,0,8,8,9,23,15,24,0.4925,0.4925,0.0000,8,1,0,0,recheck,0,still,0
2066,168,1,1,305,17,0,1,1,21,0,1,8,13,0,2,0,7,7,5,28,19,24,0.4001,0.3468,0.0000,9,1,0,0,recheck,0,still,0
2067,23,2,1,77,15,0,2,0,18,0,1,9,9,0,0,0,4,4,4,22,18,22,0.5147,0.4182,0.0000,11,1,0,0,recheck,0,still,0
2067,126,2,1,422,19,0,1,0,19,0,1,2,17,0,2,0,9,9,9,28,17,26,0.3508,0.3508,0.0000,10,1,0,0,recheck,0,still,0
2067,127,1,1,475,19,0,1,0,18,0,1,2,16,0,2,0,9,9,9,27,16,25,0.3768,0.3768,0.0000,9,1,0,0,recheck,0,still,0
2067,171,1,1,126,16,0,1,0,22,0,1,13,9,0,3,0,3,3,3,25,19,22,0.3716,0.2124,0.0000,10,1,0,0,recheck,0,still,0
2068,2,1,1,148,16,0,1,0,14,0,1,1,13,0,0,0,6,6,6,20,14,20,0.4504,0.4504,0.0000,6,1,0,0,recheck,0,still,0
2068,58,1,1,250,15,0,1,0,18,0,1,10,8,0,0,0,4,4,4,22,18,22,0.6071,0.3928,0.0000,10,1,0,0,recheck,0,still,0
2068,73,2,0,-1,3,2,4,0,4,0,0,4,0,0,0,0,0,0,0,4,4,4,0.1652,0.0000,0.0000,3,0,0,0,,0,pending,0
2068,87,1,1,311,16,0,2,0,21,0,1,16,5,0,0,0,2,2,3,23,21,24,0.5621,0.2810,0.0000,10,1,0,0,recheck,0,still,0
2068,177,1,1,335,17,0,1,1,24,0,1,18,6,0,2,0,1,1,0,25,22,22,0.2908,0.1057,0.0000,8,1,0,0,period_end,0,still,0
2069,8,2,1,310,18,0,2,0,17,0,1,3,14,0,0,0,8,8,8,25,17,25,0.4540,0.4540,0.0000,10,1,0,0,period_end,0,still,0
2069,12,2,1,357,19,0,1,0,19,0,1,3,16,0,0,0,5,5,6,24,19,25,0.5809,0.5163,0.0000,11,1,0,0,recheck,0,still,0
2069,73,2,0,-1,3,2,4,0,4,0,0,4,0,0,0,0,0,0,0,4,4,4,0.1652,0.0000,0.0000,3,0,0,0,,0,hop,1
2069,103,1,0,-1,2,0,4,1,2,0,0,2,0,0,0,0,0,0,0,2,2,2,0.1024,0.0000,0.0000,1,0,0,0,,0,hop,1
2070,1,2,1,165,16,0,1,0,16,0,1,1,15,0,0,0,6,6,6,22,16,22,0.3772,0.3772,0.0000,6,1,0,0,recheck,0,still,0
2070,54,2,1,481,19,1,2,0,16,0,1,4,12,0,0,0,8,8,8,24,16,24,0.5744,0.5744,0.0000,11,1,0,0,recheck,0,still,0
2070,118,3,1,473,19,0,1,0,21,0,1,3,18,0,0,0,5,5,5,26,21,26,0.5253,0.5253,0.0000,14,1,0,0,recheck,0,still,0
2070,135,1,1,299,16,0,1,0,24,0,1,16,8,0,3,0,2,2,1,26,21,22,0.3179,0.0795,0.0000,9,1,0,0,recheck,0,still,0
2071,55,2,1,440,20,0,2,0,17,0,1,6,11,0,0,0,9,9,9,26,17,26,0.5839,0.5839,0.0000,12,1,0,0,recheck,0,still,0
2072,182,1,1,310,19,1,2,0,21,0,1,3,18,0,2,0,5,5,4,26,19,23,0.4936,0.3839,0.0000,12,1,0,0,recheck,0,still,0
2073,130,1,1,455,17,2,3,0,14,0,1,1,13,0,0,0,7,7,7,21,14,21,0.5375,0.4658,0.0000,9,1,0,0,recheck,0,still,0
2073,142,2,1,377,17,1,5,0,16,0,1,2,14,0,0,0,8,8,8,24,16,24,0.6831,0.5856,0.0000,13,1,0,0,recheck,0,still,0
2073,189,1,1,285,14,0,1,1,16,0,1,1,15,0,1,0,6,6,5,22,15,20,0.5139,0.5139,0.0000,10,1,0,0,recheck,0,still,0
2074,9,1,1,331,20,0,1,0,16,0,1,3,13,0,0,0,7,7,7,23,16,23,0.5469,0.5469,0.0000,10,1,0,0,recheck,0,still,0
2074,119,1,1,439,20,1,2,0,21,0,1,3,18,0,2,0,4,4,4,25,19,23,0.4711,0.4711,0.0000,11,1,0,0,recheck,0,still,0
2074,195,1,1,43,17,1,2,0,16,0,1,1,15,0,1,0,7,7,7,23,15,22,0.4313,0.4044,0.0000,10,1,0,0,recheck,0,still,0
2075,50,1,1,448,18,1,3,0,13,0,1,1,12,0,0,0,9,9,10,22,13,23,0.6041,0.6041,0.0000,10,1,0,0,recheck,0,still,0
2075,113,1,1,113,16,0,2,0,19,0,1,2,17,0,2,0,4,4,4,23,17,21,0.4103,0.3810,0.0000,8,1,0,0,recheck,0,still,0
2075,145,1,0,-1,14,1,2,0,18,0,1,1,17,0,2,0,5,5,5,23,16,21,0.4227,0.4227,0.0000,8,1,0,0,,0,start_holder,0
2076,13,2,1,300,18,2,3,0,18,0,1,3,15,0,0,1,6,6,6,24,19,25,0.5607,0.4947,0.0000,10,1,0,0,recheck,0,still,0
2076,21,2,1,498,19,0,2,0,13,0,1,4,9,0,0,0,10,10,10,23,13,23,0.5573,0.5573,0.0000,11,1,0,0,recheck,0,still,0
2076,116,2,1,301,14,0,1,0,18,0,1,2,16,0,2,0,9,9,9,27,16,25,0.4314,0.4314,0.0000,10,1,0,0,recheck,0,still,0
2076,158,1,1,172,15,0,3,0,12,0,1,0,12,0,0,0,7,7,7,19,12,19,0.2895,0.2895,0.0000,5,1,0,0,recheck,0,still,0
2076,177,1,1,343,17,0,1,1,24,0,1,18,6,0,2,0,1,1,0,25,22,22,0.2908,0.1057,0.0000,8,1,0,0,recheck,0,still,0
2077,8,2,1,318,18,0,2,0,17,0,1,3,14,0,0,0,8,8,8,25,17,25,0.4536,0.4536,0.0000,10,1,0,0,recheck,0,still,0
2077,62,1,1,317,17,1,4,0,22,0,1,20,2,0,0,0,0,0,0,22,22,22,0.6784,0.1071,0.0000,12,1,0,0,recheck,0,still,0
2077,79,1,1,329,17,0,3,0,13,0,1,2,11,0,1,0,10,10,10,23,12,22,0.6339,0.6339,0.0000,10,1,0,0,recheck,0,still,0
2077,132,1,0,-1,17,1,5,0,19,0,1,19,0,0,0,1,0,0,0,19,20,20,0.5511,0.0000,0.0000,10,0,0,0,,0,pending,0
2078,9,1,1,335,20,0,1,0,16,0,1,3,13,0,0,0,7,7,7,23,16,23,0.5466,0.5466,0.0000,10,1,0,0,period_end,0,still,0
2078,17,3,1,379,17,1,3,0,15,0,1,2,13,0,0,0,11,11,11,26,15,26,0.5618,0.5618,0.0000,12,1,0,0,recheck,0,still,0
2078,28,2,1,389,16,3,4,0,22,0,1,19,3,0,0,0,0,0,0,22,22,22,0.5594,0.0622,0.0000,13,1,0,0,recheck,0,still,0
2078,132,1,0,-1,17,1,5,0,19,0,1,19,0,0,0,1,0,0,0,19,20,20,0.5511,0.0000,0.0000,10,0,0,0,,0,hop,1
2078,153,1,1,34,16,0,2,0,16,0,1,0,16,0,1,0,6,6,6,22,15,21,0.4386,0.4386,0.0000,9,1,0,0,recheck,0,still,0
2078,154,2,1,205,17,0,1,0,14,0,1,0,14,0,0,0,7,7,7,21,14,21,0.3189,0.3189,0.0000,8,1,0,0,recheck,0,still,0
2079,56,1,1,470,20,1,2,0,15,0,1,5,10,0,0,0,9,9,10,24,15,25,0.5481,0.5481,0.0000,10,1,0,0,recheck,0,still,0
2079,117,3,1,495,16,0,1,0,19,0,1,3,16,0,0,0,8,8,8,27,19,27,0.4248,0.4248,0.0000,10,1,0,0,recheck,0,still,0
2079,169,1,1,397,17,4,5,0,16,0,1,3,13,0,0,1,3,3,3,19,17,20,0.6047,0.4624,0.0000,11,1,0,0,recheck,0,still,0
2080,11,1,1,314,18,0,1,0,18,0,1,3,15,0,0,0,6,6,5,24,18,23,0.6389,0.5716,0.0000,11,1,0,0,period_end,0,still,0
2080,33,3,0,-1,7,2,5,0,8,0,0,8,0,0,0,0,0,0,0,8,8,8,0.2676,0.0000,0.0000,6,0,0,0,,0,pending,0
2080,115,2,1,115,16,0,1,0,17,0,1,1,16,0,1,0,8,8,8,25,16,24,0.4044,0.4044,0.0000,9,1,0,0,recheck,0,still,0
2080,159,1,1,194,10,2,3,0,6,0,1,0,6,0,0,0,8,8,8,14,6,14,0.2040,0.2040,0.0000,3,1,0,0,recheck,0,still,0
2080,165,1,1,488,19,0,1,0,16,0,1,4,12,0,2,0,10,10,10,26,14,24,0.3760,0.3760,0.0000,9,1,0,0,recheck,0,still,0
2081,33,3,0,-1,7,2,5,0,9,0,0,9,0,0,0,0,0,0,0,9,9,9,0.2676,0.0000,0.0000,6,0,0,0,,0,hop,1
2081,34,1,0,-1,2,0,3,1,3,0,0,3,0,0,0,0,0,0,0,3,3,3,0.1328,0.0000,0.0000,2,0,0,0,,0,hop,1
2081,76,3,1,378,18,2,5,0,18,0,1,3,15,0,0,0,6,6,6,24,18,24,0.5655,0.4762,0.0000,13,1,0,0,recheck,0,still,0
2081,128,1,1,502,19,0,2,0,17,0,1,6,11,0,1,0,10,10,8,27,16,24,0.3742,0.3742,0.0000,9,1,0,0,recheck,0,still,0
2082,3,2,1,209,15,0,1,0,16,0,1,1,15,0,0,0,6,6,6,22,16,22,0.4428,0.4428,0.0000,7,1,0,0,recheck,0,still,0
2082,140,1,0,-1,18,0,1,0,20,0,1,2,18,0,1,0,3,3,3,23,19,22,0.6351,0.5398,0.0000,12,1,0,0,,0,start_holder,0
2082,146,2,1,732,17,0,1,0,17,0,1,1,16,0,0,0,9,9,9,26,17,26,0.3919,0.3919,0.0000,10,1,0,0,recheck,0,still,0
2082,161,2,1,407,18,0,1,0,18,0,1,2,16,0,2,0,10,10,10,28,16,26,0.4533,0.4533,0.0000,10,1,0,0,recheck,0,still,0
2083,57,1,1,482,18,1,2,0,16,0,1,6,10,0,0,0,7,7,7,23,16,23,0.5857,0.5857,0.0000,10,1,0,0,recheck,0,still,0
2083,77,3,1,429,18,2,3,0,17,0,1,2,15,0,1,0,10,10,10,27,16,26,0.5698,0.5698,0.0000,13,1,0,0,recheck,0,still,0
2083,131,2,1,244,15,0,1,0,24,0,1,13,11,0,3,0,4,4,4,28,21,25,0.3219,0.1733,0.0000,9,1,0,0,recheck,0,still,0
2084,10,1,1,318,20,1,2,0,19,0,1,2,17,0,0,0,6,6,5,25,19,24,0.6147,0.6147,0.0000,11,1,0,0,recheck,0,still,0
2084,84,1,1,467,17,0,2,0,15,0,1,5,10,0,0,0,7,7,6,22,15,21,0.6166,0.5804,0.0000,11,1,0,0,recheck,0,still,0
2085,6,2,1,247,16,0,1,0,16,0,1,0,16,0,0,0,8,8,8,24,16,24,0.4645,0.4645,0.0000,10,1,0,0,recheck,0,still,0
2085,19,3,1,380,18,0,2,0,15,0,1,4,11,0,0,0,11,11,11,26,15,26,0.6170,0.6170,0.0000,13,1,0,0,recheck,0,still,0
2085,44,1,1,332,19,0,2,0,19,0,1,2,17,0,0,0,5,5,5,24,19,24,0.5838,0.5838,0.0000,10,1,0,0,recheck,0,still,0
2085,114,1,1,214,15,0,2,0,16,0,1,1,15,0,1,0,5,5,5,21,15,20,0.4107,0.4107,0.0000,7,1,0,0,recheck,0,still,0
2085,166,2,1,445,19,1,2,0,17,0,1,5,12,0,2,0,11,11,11,28,15,26,0.4228,0.4228,0.0000,11,1,0,0,recheck,0,still,0
2086,188,1,1,279,16,1,2,0,19,0,1,1,18,0,2,0,5,5,5,24,17,22,0.4323,0.4323,0.0000,10,1,0,0,recheck,0,still,0
2087,4,2,1,253,15,0,1,0,15,0,1,1,14,0,0,0,7,7,7,22,15,22,0.4431,0.4431,0.0000,8,1,0,0,recheck,0,still,0
2087,15,1,1,423,18,0,5,0,13,0,1,2,11,0,1,0,10,10,10,23,12,22,0.6092,0.5415,0.0000,11,1,0,0,recheck,0,still,0
2087,139,1,1,705,19,0,2,1,19,0,1,2,17,0,0,0,4,4,4,23,19,23,0.5013,0.4128,0.0000,11,1,0,0,recheck,0,still,0
2087,141,2,1,413,16,3,5,0,15,0,1,2,13,0,0,0,8,8,8,23,15,23,0.6578,0.5639,0.0000,12,1,0,0,recheck,0,still,0
2087,149,1,1,279,17,0,1,0,19,0,1,2,17,0,2,0,6,6,6,25,17,23,0.3819,0.3819,0.0000,8,1,0,0,recheck,0,still,0
2087,163,1,1,485,17,0,1,1,14,0,1,1,13,0,3,0,11,11,10,25,11,21,0.3518,0.3518,0.0000,8,1,0,0,recheck,0,still,0
2088,49,2,1,255,18,0,3,0,13,0,1,1,12,0,0,0,12,12,12,25,13,25,0.6789,0.6789,0.0000,12,1,0,0,recheck,0,still,0
2088,83,2,1,110,16,1,2,0,17,0,1,7,10,0,0,0,4,4,4,21,17,21,0.5421,0.4464,0.0000,11,1,0,0,recheck,0,still,0
2088,86,1,1,297,15,0,2,0,19,0,1,13,6,0,0,0,3,3,4,22,19,23,0.5363,0.3218,0.0000,9,1,0,0,recheck,0,still,0
2089,25,2,1,286,15,1,2,0,20,0,1,13,7,0,0,0,3,3,3,23,20,23,0.5531,0.3253,0.0000,11,1,0,0,recheck,0,still,0
2090,7,2,1,105,16,1,2,0,17,0,1,1,16,0,0,0,7,7,8,24,17,25,0.4192,0.4192,0.0000,9,1,0,0,recheck,0,still,0
2090,26,3,1,265,16,1,2,0,23,0,1,18,5,0,0,1,0,0,0,23,24,24,0.5291,0.1470,0.0000,12,1,0,0,recheck,0,still,0
2090,88,1,1,363,17,0,1,0,20,0,1,16,4,0,0,0,0,0,1,20,20,21,0.5739,0.1435,0.0000,10,1,0,0,recheck,0,still,0
2091,14,1,1,351,19,0,1,0,16,0,1,2,14,0,0,2,5,5,5,21,18,23,0.4802,0.4063,0.0000,8,1,0,0,recheck,0,still,0
2091,16,1,1,503,17,0,3,0,11,0,1,1,10,0,0,0,11,11,11,22,11,22,0.5855,0.5855,0.0000,9,1,0,0,recheck,0,still,0
2091,68,3,1,230,17,0,1,0,15,0,1,1,14,0,0,0,7,7,7,22,15,22,0.3864,0.3864,0.0000,7,1,0,0,recheck,0,still,0
2091,194,1,1,461,19,0,2,1,20,0,1,2,18,0,2,0,5,5,5,25,18,23,0.4614,0.4614,0.0000,12,1,0,0,recheck,0,still,0
2092,14,1,1,352,19,0,1,0,16,0,1,2,14,0,0,2,5,5,5,21,18,23,0.4802,0.4063,0.0000,8,1,0,0,period_end,0,still,0
2092,87,1,1,335,16,0,2,0,21,0,1,16,5,0,0,0,2,2,3,23,21,24,0.5621,0.2810,0.0000,10,1,0,0,period_end,0,still,0
2092,101,3,0,-1,1,0,2,1,2,0,0,2,0,0,0,0,0,0,0,2,2,2,0.0270,0.0000,0.0000,1,0,0,0,,0,pending,0
2092,199,1,1,230,15,1,2,0,12,0,1,0,12,0,0,0,8,8,7,20,12,19,0.2678,0.2678,0.0000,6,1,0,0,recheck,0,still,0
2093,80,1,1,309,18,1,2,0,13,0,1,2,11,0,0,0,10,10,11,23,13,24,0.4922,0.4922,0.0000,8,1,0,0,period_end,0,still,0
2093,101,3,0,-1,1,0,2,1,2,0,0,2,0,0,0,0,0,0,0,2,2,2,0.0270,0.0000,0.0000,1,0,0,0,,0,hop,1
2093,157,2,1,164,17,0,2,0,14,0,1,0,14,0,0,0,7,7,7,21,14,21,0.2625,0.2625,0.0000,6,1,0,0,recheck,0,still,0
2094,47,2,1,383,19,0,2,0,17,0,1,2,15,0,0,1,4,4,5,21,18,23,0.5814,0.4845,0.0000,12,1,0,0,recheck,0,still,0
2094,51,1,1,263,18,2,3,0,12,0,1,2,10,0,0,0,10,10,11,22,12,23,0.6033,0.6033,0.0000,10,1,0,0,recheck,0,still,0
2094,123,2,1,221,14,1,3,0,10,0,1,0,10,0,0,0,9,9,9,19,10,19,0.3175,0.3175,0.0000,7,1,0,0,recheck,0,still,0
2094,151,1,1,172,20,0,1,0,19,0,1,2,17,0,1,0,4,4,5,23,18,23,0.4709,0.4709,0.0000,10,1,0,0,recheck,0,still,0
2095,11,1,1,329,18,0,1,0,17,0,1,2,15,0,0,0,7,7,6,24,17,23,0.6388,0.5715,0.0000,11,1,0,0,recheck,0,still,0
2095,35,3,1,220,16,0,1,0,17,0,1,0,17,0,0,0,8,8,8,25,17,25,0.4630,0.4630,0.0000,10,1,0,0,recheck,0,still,0
2095,116,2,1,320,14,0,1,0,18,0,1,0,18,0,2,0,8,8,8,26,16,24,0.4314,0.4314,0.0000,10,1,0,0,period_end,0,still,0
2095,143,2,1,213,16,0,2,1,19,0,0,19,0,0,1,0,0,0,0,19,18,18,0.7763,0.0000,0.0000,16,0,0,1,recheck,0,still,0
2095,182,1,1,333,19,1,2,0,20,0,1,2,18,0,2,0,6,6,5,26,18,23,0.4936,0.4114,0.0000,12,1,0,0,period_end,0,still,0
2096,5,2,1,256,17,0,1,0,16,0,1,1,15,0,0,0,9,9,9,25,16,25,0.5199,0.5199,0.0000,10,1,0,0,recheck,0,still,0
2096,72,2,1,229,16,0,1,0,12,0,1,0,12,0,0,0,8,8,8,20,12,20,0.3020,0.3020,0.0000,5,1,0,0,recheck,0,still,0
2096,80,1,1,312,18,1,2,0,13,0,1,2,11,0,0,0,10,10,11,23,13,24,0.4922,0.4922,0.0000,8,1,0,0,recheck,0,still,0
2096,168,1,1,335,17,0,1,1,17,0,1,6,11,0,0,0,9,9,5,26,17,22,0.4001,0.3468,0.0000,9,1,0,0,recheck,0,still,0
2097,23,2,1,107,15,0,2,0,17,0,1,8,9,0,0,0,4,4,4,21,17,21,0.5136,0.4173,0.0000,11,1,0,0,recheck,0,still,0
2097,126,2,1,452,19,0,1,0,16,0,1,2,14,0,1,0,12,12,11,28,15,26,0.3508,0.3508,0.0000,10,1,0,0,recheck,0,still,0
2097,127,1,1,505,19,0,1,0,15,0,1,2,13,0,1,0,12,12,11,27,14,25,0.3768,0.3768,0.0000,9,1,0,0,recheck,0,still,0
2097,171,1,1,156,15,0,1,0,22,0,1,13,9,0,3,0,3,3,3,25,19,22,0.3716,0.2124,0.0000,10,1,0,0,recheck,0,still,0
2098,2,1,1,178,16,0,1,0,15,0,1,1,14,0,0,0,6,6,6,21,15,21,0.4488,0.4488,0.0000,6,1,0,0,recheck,0,still,0
2098,58,1,1,280,15,0,1,0,17,0,1,9,8,0,0,0,4,4,4,21,17,21,0.6079,0.3933,0.0000,10,1,0,0,recheck,0,still,0
2098,87,1,1,341,16,0,2,0,21,0,1,16,5,0,0,0,2,2,3,23,21,24,0.5621,0.2810,0.0000,10,1,0,0,recheck,0,still,0
2099,12,2,1,387,18,0,1,0,19,0,1,2,17,0,0,0,5,5,6,24,19,25,0.5810,0.5165,0.0000,11,1,0,0,recheck,0,still,0
2100,1,2,1,195,16,0,1,0,16,0,1,1,15,0,0,0,7,7,7,23,16,23,0.3760,0.3760,0.0000,6,1,0,0,recheck,0,still,0
2100,54,2,1,511,19,1,2,0,16,0,1,4,12,0,0,0,8,8,8,24,16,24,0.5739,0.5739,0.0000,11,1,0,0,recheck,0,still,0
2100,118,3,1,503,19,0,1,0,21,0,1,2,19,0,0,0,5,5,5,26,21,26,0.5253,0.5253,0.0000,14,1,0,0,recheck,0,still,0
2100,135,1,1,329,16,0,1,0,24,0,1,16,8,0,3,0,2,2,1,26,21,22,0.3179,0.0795,0.0000,9,1,0,0,recheck,0,still,0
2101,55,2,1,470,20,0,2,0,17,0,1,4,13,0,0,0,7,7,7,24,17,24,0.5837,0.5837,0.0000,12,1,0,0,recheck,0,still,0
2102,168,1,1,341,17,0,1,1,21,0,1,6,15,0,4,0,5,5,5,26,17,22,0.4001,0.3468,0.0000,9,1,0,0,period_end,0,still,0
2102,182,1,1,340,19,1,2,0,21,0,1,2,19,0,2,0,5,5,4,26,19,23,0.4936,0.4114,0.0000,12,1,0,0,recheck,0,still,0
2103,130,1,1,485,17,2,3,0,16,0,1,2,14,0,0,0,6,6,6,22,16,22,0.5366,0.4651,0.0000,9,1,0,0,recheck,0,still,0
2103,142,2,1,407,17,1,5,0,18,0,1,2,16,0,0,0,6,6,6,24,18,24,0.6501,0.5526,0.0000,12,1,0,0,recheck,0,still,0
2103,189,1,1,315,14,0,1,1,16,0,1,1,15,0,1,0,6,6,5,22,15,20,0.5139,0.5139,0.0000,10,1,0,0,recheck,0,still,0
2104,9,1,1,361,20,0,1,0,17,0,1,2,15,0,0,0,6,6,6,23,17,23,0.5454,0.5454,0.0000,10,1,0,0,recheck,0,still,0
2104,62,1,1,344,17,1,4,0,22,0,1,20,2,0,0,0,0,0,0,22,22,22,0.6785,0.1071,0.0000,12,1,0,0,period_end,0,still,0
2104,107,3,0,-1,16,1,2,0,17,0,1,17,0,0,0,0,0,0,0,17,17,17,0.6523,0.0000,0.0000,14,0,0,0,,0,pending,0
2104,119,1,1,469,20,1,2,0,21,0,1,2,19,0,2,0,4,4,4,25,19,23,0.4711,0.4711,0.0000,11,1,0,0,recheck,0,still,0
2104,135,1,1,333,16,0,1,0,24,0,1,16,8,0,3,0,2,2,1,26,21,22,0.3179,0.0795,0.0000,9,1,0,0,period_end,0,still,0
2104,195,1,1,73,17,1,2,0,17,0,1,1,16,0,1,0,7,7,7,24,16,23,0.4313,0.4313,0.0000,10,1,0,0,recheck,0,still,0
2105,10,1,1,339,20,1,2,0,18,0,1,2,16,0,0,0,7,7,6,25,18,24,0.6139,0.6139,0.0000,11,1,0,0,period_end,0,still,0
2105,50,1,1,478,18,1,3,0,17,0,1,2,15,0,0,0,6,6,7,23,17,24,0.6034,0.6034,0.0000,10,1,0,0,recheck,0,still,0
2105,107,3,0,-1,16,1,2,0,17,0,1,17,0,0,0,0,0,0,0,17,17,17,0.6523,0.0000,0.0000,14,0,0,0,,0,hop,1
2105,113,1,1,143,16,0,2,0,17,0,1,1,16,0,2,0,6,6,6,23,15,21,0.4103,0.4103,0.0000,8,1,0,0,recheck,0,still,0
2106,13,2,1,330,18,1,2,0,18,0,1,2,16,0,0,1,6,6,6,24,19,25,0.5607,0.4947,0.0000,10,1,0,0,recheck,0,still,0
2106,21,2,1,528,19,0,2,0,16,0,1,3,13,0,0,0,6,6,6,22,16,22,0.5557,0.5557,0.0000,11,1,0,0,recheck,0,still,0
2106,90,1,1,42,16,4,5,0,20,0,1,19,1,0,0,0,0,0,0,20,20,20,0.6706,0.0706,0.0000,12,1,0,0,recheck,0,still,0
2106,116,2,1,331,14,0,1,0,18,0,1,0,18,0,2,0,8,8,8,26,16,24,0.4314,0.4314,0.0000,10,1,0,0,recheck,0,still,0
2106,158,1,1,202,15,0,3,0,10,0,1,0,10,0,0,0,9,9,9,19,10,19,0.2895,0.2895,0.0000,5,1,0,0,recheck,0,still,0
2106,177,1,1,373,16,0,1,1,23,0,1,17,6,0,2,0,1,1,0,24,21,21,0.2908,0.1057,0.0000,8,1,0,0,recheck,0,still,0
2107,8,2,1,348,18,0,2,0,18,0,1,2,16,0,0,0,7,7,7,25,18,25,0.4526,0.4526,0.0000,10,1,0,0,recheck,0,still,0
2107,62,1,1,347,16,1,4,0,21,0,1,19,2,0,0,0,0,0,0,21,21,21,0.6785,0.1071,0.0000,12,1,0,0,recheck,0,still,0
2107,79,1,1,359,17,0,3,0,17,0,1,2,15,0,1,0,6,6,6,23,16,22,0.6346,0.6346,0.0000,10,1,0,0,period_end,0,still,0
2108,13,2,1,332,18,1,2,0,18,0,1,2,16,0,0,1,6,6,6,24,19,25,0.5607,0.4947,0.0000,10,1,0,0,period_end,0,still,0
2108,17,3,1,409,17,1,3,0,19,0,1,2,17,0,0,0,7,7,7,26,19,26,0.5574,0.5574,0.0000,12,1,0,0,recheck,0,still,0
2108,28,2,1,419,15,3,4,0,21,0,1,18,3,0,0,0,0,0,0,21,21,21,0.5280,0.0621,0.0000,12,1,0,0,recheck,0,still,0
2108,153,1,1,64,16,0,2,0,15,0,1,1,14,0,1,0,8,8,8,23,14,22,0.4386,0.4386,0.0000,9,1,0,0,recheck,0,still,0
2108,154,2,1,235,17,0,1,0,13,0,1,1,12,0,0,0,9,9,9,22,13,22,0.3189,0.3189,0.0000,8,1,0,0,recheck,0,still,0
2109,56,1,1,500,20,1,2,0,16,0,1,4,12,0,0,1,7,7,7,23,17,24,0.5482,0.5482,0.0000,10,1,0,0,recheck,0,still,0
2109,117,3,1,525,16,0,1,0,20,0,1,2,18,0,0,0,7,7,7,27,20,27,0.4248,0.4248,0.0000,10,1,0,0,recheck,0,still,0
2109,169,1,1,427,18,4,5,0,16,0,1,2,14,0,0,2,3,3,3,19,18,21,0.5702,0.4633,0.0000,10,1,0,0,recheck,0,still,0
2110,44,1,1,357,19,0,2,0,18,0,1,2,16,0,0,0,6,6,6,24,18,24,0.5836,0.5836,0.0000,10,1,0,0,period_end,0,still,0
2110,115,2,1,145,16,0,1,0,16,0,1,0,16,0,1,0,8,8,8,24,15,23,0.4043,0.4043,0.0000,9,1,0,0,recheck,0,still,0
2110,145,1,1,35,14,1,2,0,17,0,1,1,16,0,2,0,6,6,6,23,15,21,0.4227,0.4227,0.0000,8,1,0,0,recheck,0,still,0
2110,159,1,1,224,10,2,3,0,6,0,1,0,6,0,0,0,8,8,8,14,6,14,0.2623,0.2623,0.0000,4,1,0,0,recheck,0,still,0
2110,165,1,1,518,19,0,1,0,20,0,1,4,16,0,2,0,6,6,6,26,18,24,0.3760,0.3760,0.0000,9,1,0,0,recheck,0,still,0
2111,76,3,1,408,18,2,5,0,17,0,1,2,15,0,0,0,7,7,7,24,17,24,0.5656,0.4763,0.0000,13,1,0,0,recheck,0,still,0
2111,128,1,1,532,19,0,2,0,19,0,1,4,15,0,3,0,6,6,6,25,16,22,0.3742,0.3742,0.0000,9,1,0,0,recheck,0,still,0
2112,3,2,1,239,15,0,1,0,15,0,1,1,14,0,0,0,7,7,7,22,15,22,0.4414,0.4414,0.0000,7,1,0,0,recheck,0,still,0
2112,146,2,1,762,17,0,1,0,16,0,1,0,16,0,0,0,9,9,9,25,16,25,0.3918,0.3918,0.0000,10,1,0,0,recheck,0,still,0
2112,161,2,1,437,18,0,1,0,21,0,1,3,18,0,1,0,8,8,7,29,20,27,0.4533,0.4533,0.0000,10,1,0,0,recheck,0,still,0
2113,57,1,1,512,18,1,2,0,15,0,1,4,11,0,0,0,6,6,6,21,15,21,0.5858,0.5858,0.0000,10,1,0,0,recheck,0,still,0
2113,77,3,1,459,18,2,3,0,20,0,1,2,18,0,1,0,7,7,7,27,19,26,0.6270,0.6270,0.0000,14,1,0,0,recheck,0,still,0
2113,131,2,1,274,15,0,1,0,23,0,1,12,11,0,3,0,4,4,4,27,20,24,0.3219,0.1733,0.0000,9,1,0,0,recheck,0,still,0
2114,10,1,1,348,20,1,2,0,16,0,1,2,14,0,0,0,9,9,8,25,16,24,0.6134,0.6134,0.0000,11,1,0,0,recheck,0,still,0
2114,84,1,1,497,17,0,2,0,16,0,1,5,11,0,1,0,6,6,6,22,15,21,0.6143,0.5781,0.0000,11,1,0,0,recheck,0,still,0
2115,6,2,1,277,16,0,1,0,15,0,1,0,15,0,0,0,9,9,9,24,15,24,0.4631,0.4631,0.0000,10,1,0,0,recheck,0,still,0
2115,19,3,1,410,18,0,2,0,18,0,1,3,15,0,0,0,7,7,7,25,18,25,0.6134,0.6134,0.0000,13,1,0,0,recheck,0,still,0
2115,44,1,1,362,19,0,2,0,16,0,1,2,14,0,0,0,8,8,8,24,16,24,0.5836,0.5836,0.0000,10,1,0,0,recheck,0,still,0
2115,114,1,1,244,15,0,2,0,16,0,1,1,15,0,1,0,5,5,5,21,15,20,0.4107,0.4107,0.0000,7,1,0,0,recheck,0,still,0
2115,166,2,1,475,19,1,2,0,19,0,1,3,16,0,2,0,7,7,7,26,17,24,0.4228,0.4228,0.0000,11,1,0,0,recheck,0,still,0
2116,66,1,0,-1,10,0,2,0,12,0,0,12,0,0,0,0,0,0,0,12,12,12,0.5538,0.0000,0.0000,8,0,0,0,,0,pending,0
2116,188,1,1,309,16,1,2,0,17,0,1,1,16,0,2,0,7,7,7,24,15,22,0.4323,0.4323,0.0000,10,1,0,0,recheck,0,still,0
2117,4,2,1,283,15,0,1,0,14,0,1,0,14,0,0,0,7,7,7,21,14,21,0.4417,0.4417,0.0000,8,1,0,0,recheck,0,still,0
2117,15,1,1,453,18,0,5,0,17,0,1,3,14,0,1,0,8,8,8,25,16,24,0.6089,0.5413,0.0000,11,1,0,0,recheck,0,still,0
2117,66,1,0,-1,10,0,2,0,12,0,0,12,0,0,0,0,0,0,0,12,12,12,0.5538,0.0000,0.0000,8,0,0,0,,0,hop,1
2117,139,1,1,735,19,0,2,1,17,0,1,2,15,0,0,0,6,6,6,23,17,23,0.5013,0.4128,0.0000,11,1,0,0,recheck,0,still,0
2117,141,2,1,443,16,3,5,0,15,0,1,2,13,0,0,0,8,8,8,23,15,23,0.6595,0.5653,0.0000,12,1,0,0,recheck,0,still,0
2117,149,1,1,309,17,0,1,0,17,0,1,2,15,0,2,0,8,8,8,25,15,23,0.4701,0.4701,0.0000,9,1,0,0,recheck,0,still,0
2117,163,1,1,515,17,0,1,1,19,0,1,2,17,0,2,0,7,7,5,26,17,22,0.3518,0.3518,0.0000,8,1,0,0,recheck,0,still,0
2118,49,2,1,285,18,0,3,0,18,0,1,2,16,0,0,0,8,8,8,26,18,26,0.6782,0.6782,0.0000,12,1,0,0,recheck,0,still,0
2118,83,2,1,140,16,1,2,0,17,0,1,7,10,0,0,0,4,4,4,21,17,21,0.5421,0.4465,0.0000,11,1,0,0,recheck,0,still,0
2118,86,1,1,327,15,0,2,0,18,0,1,12,6,0,0,0,3,3,4,21,18,22,0.5365,0.3219,0.0000,9,1,0,0,recheck,0,still,0
2119,25,2,1,316,15,1,2,0,19,0,1,12,7,0,0,0,3,3,3,22,19,22,0.5533,0.3255,0.0000,11,1,0,0,recheck,0,still,0
2120,7,2,1,135,16,1,2,0,15,0,1,1,14,0,0,0,9,9,10,24,15,25,0.4193,0.4193,0.0000,9,1,0,0,recheck,0,still,0
2120,26,3,1,295,16,1,2,0,22,0,1,17,5,0,0,1,0,0,0,22,23,23,0.5291,0.1470,0.0000,12,1,0,0,recheck,0,still,0
2120,88,1,1,393,16,0,1,0,19,0,1,15,4,0,0,0,0,0,1,19,19,20,0.5738,0.1435,0.0000,10,1,0,0,recheck,0,still,0
2121,14,1,1,381,19,0,1,0,15,0,1,2,13,0,0,2,6,6,6,21,17,23,0.5541,0.4802,0.0000,9,1,0,0,recheck,0,still,0
2121,16,1,1,533,17,0,3,0,17,0,1,2,15,0,0,0,6,6,6,23,17,23,0.5855,0.5855,0.0000,9,1,0,0,recheck,0,still,0
2121,68,3,1,260,17,0,1,0,13,0,1,1,12,0,0,0,9,9,9,22,13,22,0.3852,0.3852,0.0000,7,1,0,0,recheck,0,still,0
2121,194,1,1,491,19,0,2,1,19,0,1,2,17,0,2,0,7,7,7,26,17,24,0.4614,0.4614,0.0000,12,1,0,0,recheck,0,still,0
2122,189,1,1,334,14,0,1,1,16,0,1,1,15,0,1,0,6,6,5,22,15,20,0.5139,0.5139,0.0000,10,1,0,0,period_end,0,still,0
2122,199,1,1,260,15,1,2,0,10,0,1,0,10,0,0,0,10,10,9,20,10,19,0.2678,0.2678,0.0000,6,1,0,0,recheck,0,still,0
2123,157,2,1,194,17,0,2,0,13,0,1,1,12,0,0,0,9,9,9,22,13,22,0.2625,0.2625,0.0000,6,1,0,0,recheck,0,still,0
2124,47,2,1,413,19,0,2,0,16,0,1,2,14,0,0,1,5,5,6,21,17,23,0.5813,0.4845,0.0000,12,1,0,0,recheck,0,still,0
2124,51,1,1,293,18,2,3,0,17,0,1,2,15,0,0,0,6,6,6,23,17,23,0.6381,0.6381,0.0000,11,1,0,0,recheck,0,still,0
2124,123,2,1,251,14,1,3,0,8,0,1,0,8,0,0,0,11,11,11,19,8,19,0.3175,0.3175,0.0000,7,1,0,0,recheck,0,still,0
2124,151,1,1,202,20,0,1,0,18,0,1,2,16,0,1,0,5,5,6,23,17,23,0.5298,0.4709,0.0000,11,1,0,0,recheck,0,still,0
2125,11,1,1,359,18,0,1,0,16,0,1,2,14,0,0,0,8,8,7,24,16,23,0.6375,0.5704,0.0000,11,1,0,0,recheck,0,still,0
2125,35,3,1,250,16,0,1,0,16,0,1,0,16,0,0,0,9,9,9,25,16,25,0.4630,0.4630,0.0000,10,1,0,0,recheck,0,still,0
2125,91,1,0,-1,17,3,5,0,19,0,1,18,1,0,0,1,0,0,0,19,20,20,0.6435,0.0715,0.0000,11,0,1,0,,0,pending,0
2125,143,2,1,243,16,0,2,1,19,0,0,19,0,0,0,0,0,0,0,19,19,19,0.7758,0.0000,0.0000,15,0,0,1,recheck,0,still,0
2126,5,2,1,286,17,0,1,0,15,0,1,0,15,0,0,0,9,9,9,24,15,24,0.5183,0.5183,0.0000,10,1,0,0,recheck,0,still,0
2126,72,2,1,259,16,0,1,0,11,0,1,1,10,0,0,0,10,10,10,21,11,21,0.3010,0.3010,0.0000,5,1,0,0,recheck,0,still,0
2126,80,1,1,342,19,1,2,0,17,0,1,2,15,0,0,0,6,6,7,23,17,24,0.4928,0.4928,0.0000,8,1,0,0,recheck,0,still,0
2126,91,1,0,-1,17,3,5,0,19,0,1,18,1,0,0,1,0,0,0,19,20,20,0.6435,0.0715,0.0000,11,0,1,0,,0,hop,1
2126,168,1,1,365,17,0,1,1,20,0,1,6,14,0,3,0,5,5,5,25,17,22,0.4001,0.3468,0.0000,9,1,0,0,recheck,0,still,0
2127,23,2,1,137,15,0,2,0,17,0,1,8,9,0,0,0,4,4,4,21,17,21,0.5147,0.4182,0.0000,11,1,0,0,recheck,0,still,0
2127,65,1,0,-1,16,0,5,0,17,0,1,17,0,0,0,1,0,0,0,17,18,18,0.6278,0.0000,0.0000,10,0,0,0,,0,pending,0
2127,126,2,1,482,19,0,1,0,21,0,1,2,19,0,2,0,7,7,7,28,19,26,0.3508,0.3508,0.0000,10,1,0,0,recheck,0,still,0
2127,127,1,1,535,19,0,1,0,19,0,1,1,18,0,2,0,7,7,7,26,17,24,0.3768,0.3768,0.0000,9,1,0,0,recheck,0,still,0
2127,149,1,1,319,17,0,1,0,17,0,1,2,15,0,2,0,8,8,8,25,15,23,0.4701,0.4701,0.0000,9,1,0,0,period_end,0,still,0
2127,171,1,1,186,14,0,1,0,21,0,1,12,9,0,3,0,3,3,3,24,18,21,0.3716,0.2124,0.0000,10,1,0,0,recheck,0,still,0
2128,2,1,1,208,16,0,1,0,13,0,1,1,12,0,0,0,8,8,8,21,13,21,0.4472,0.4472,0.0000,6,1,0,0,recheck,0,still,0
2128,58,1,1,310,15,0,1,0,17,0,1,9,8,0,0,0,4,4,4,21,17,21,0.6077,0.3932,0.0000,10,1,0,0,recheck,0,still,0
2128,65,1,0,-1,16,0,5,0,17,0,1,17,0,0,0,1,0,0,0,17,18,18,0.6278,0.0000,0.0000,10,0,0,0,,0,hop,1
2128,87,1,1,371,16,0,2,0,19,0,1,14,5,0,0,0,2,2,3,21,19,22,0.5620,0.2810,0.0000,10,1,0,0,recheck,0,still,0
2129,12,2,1,417,18,0,1,0,17,0,1,2,15,0,0,0,7,7,8,24,17,25,0.5811,0.5165,0.0000,11,1,0,0,recheck,0,still,0
2129,89,1,0,-1,17,2,4,0,19,0,1,16,3,0,0,0,0,0,0,19,19,19,0.5400,0.0720,0.0000,10,1,0,0,,0,start_holder,0
2130,1,2,1,225,16,0,1,0,14,0,1,1,13,0,0,0,9,9,9,23,14,23,0.3748,0.3748,0.0000,6,1,0,0,recheck,0,still,0
2130,54,2,1,541,19,1,2,0,16,0,1,1,15,0,0,0,6,6,6,22,16,22,0.5742,0.5742,0.0000,11,1,0,0,recheck,0,still,0
2130,118,3,1,533,19,0,1,0,19,0,1,2,17,0,0,0,7,7,7,26,19,26,0.5253,0.5253,0.0000,14,1,0,0,recheck,0,still,0
2130,135,1,1,359,15,0,1,0,23,0,1,14,9,0,3,0,2,2,1,25,20,21,0.3179,0.1060,0.0000,9,1,0,0,recheck,0,still,0
2131,55,2,1,500,19,0,2,0,14,0,1,2,12,0,0,0,9,9,9,23,14,23,0.5834,0.5834,0.0000,12,1,0,0,recheck,0,still,0
2131,110,1,0,-1,6,1,5,0,6,0,0,6,0,0,0,0,0,0,0,6,6,6,0.3612,0.0000,0.0000,6,0,0,0,,0,pending,0
2132,110,1,0,-1,6,1,5,0,6,0,0,6,0,0,0,0,0,0,0,6,6,6,0.3613,0.0000,0.0000,6,0,0,0,,0,hop,1
2132,182,1,1,370,19,1,2,0,20,0,1,2,18,0,2,0,7,7,6,27,18,24,0.4936,0.4114,0.0000,12,1,0,0,recheck,0,still,0
2133,130,1,1,515,17,2,3,0,15,0,1,3,12,0,0,0,8,8,8,23,15,23,0.5366,0.4651,0.0000,9,1,0,0,recheck,0,still,0
2133,142,2,1,437,16,1,5,0,16,0,1,4,12,0,0,0,10,10,10,26,16,26,0.6829,0.5854,0.0000,13,1,0,0,recheck,0,still,0
2133,189,1,1,345,14,0,1,1,15,0,1,0,15,0,1,0,6,6,5,21,14,19,0.5139,0.5139,0.0000,10,1,0,0,recheck,0,still,0
2134,9,1,1,391,20,0,1,0,15,0,1,2,13,0,0,0,8,8,8,23,15,23,0.5439,0.5439,0.0000,10,1,0,0,recheck,0,still,0
2134,119,1,1,499,20,1,2,0,19,0,1,2,17,0,2,0,6,6,6,25,17,23,0.4711,0.4711,0.0000,11,1,0,0,recheck,0,still,0
2134,195,1,1,103,17,1,2,0,15,0,1,1,14,0,1,0,9,9,9,24,14,23,0.4313,0.4313,0.0000,10,1,0,0,recheck,0,still,0
2135,50,1,1,508,18,1,3,0,15,0,1,2,13,0,0,0,8,8,9,23,15,24,0.6035,0.6035,0.0000,10,1,0,0,recheck,0,still,0
2135,113,1,1,173,16,0,2,0,17,0,1,1,16,0,2,0,6,6,6,23,15,21,0.4103,0.4103,0.0000,8,1,0,0,recheck,0,still,0
2136,13,2,1,360,18,1,2,0,16,0,1,2,14,0,0,1,8,8,8,24,17,25,0.5607,0.4947,0.0000,10,1,0,0,recheck,0,still,0
2136,21,2,1,558,19,0,2,0,10,0,1,1,9,0,0,0,11,11,11,21,10,21,0.5537,0.5537,0.0000,11,1,0,0,recheck,0,still,0
2136,90,1,1,72,16,5,6,0,21,0,1,20,1,0,0,0,0,0,0,21,21,21,0.5998,0.0706,0.0000,11,1,0,0,recheck,0,still,0
2136,116,2,1,361,14,0,1,0,17,0,1,0,17,0,2,0,9,9,9,26,15,24,0.4314,0.4314,0.0000,10,1,0,0,recheck,0,still,0
2136,158,1,1,232,15,0,3,0,11,0,1,1,10,0,0,0,9,9,9,20,11,20,0.2895,0.2895,0.0000,5,1,0,0,recheck,0,still,0
2136,177,1,1,403,16,0,1,1,21,0,1,16,5,0,0,0,3,3,0,24,21,21,0.2908,0.1057,0.0000,8,1,0,0,recheck,0,still,0
2137,8,2,1,378,18,0,2,0,16,0,1,2,14,0,0,0,9,9,9,25,16,25,0.5117,0.5117,0.0000,11,1,0,0,recheck,0,still,0
2137,62,1,1,377,16,1,4,0,21,0,1,19,2,0,0,0,0,0,0,21,21,21,0.6784,0.1071,0.0000,12,1,0,0,recheck,0,still,0
2137,79,1,1,389,17,0,3,0,13,0,1,2,11,0,1,0,10,10,10,23,12,22,0.6344,0.6344,0.0000,10,1,0,0,recheck,0,still,0
2137,108,1,0,-1,11,1,3,0,13,0,0,13,0,0,0,0,0,0,0,13,13,13,0.5850,0.0000,0.0000,9,0,0,0,,0,pending,0
2138,17,3,1,439,17,1,3,0,13,0,1,1,12,0,0,0,12,12,12,25,13,25,0.5555,0.5555,0.0000,12,1,0,0,recheck,0,still,0
2138,28,2,1,449,15,3,4,0,21,0,1,17,4,0,0,0,0,0,0,21,21,21,0.5285,0.0933,0.0000,12,1,0,0,recheck,0,still,0
2138,49,2,1,305,18,0,3,0,17,0,1,2,15,0,0,0,9,9,9,26,17,26,0.6778,0.6778,0.0000,12,1,0,0,period_end,0,still,0
2138,108,1,0,-1,11,1,3,0,13,0,0,13,0,0,0,0,0,0,0,13,13,13,0.5848,0.0000,0.0000,9,0,0,0,,0,hop,1
2138,153,1,1,94,16,0,2,0,15,0,1,1,14,0,1,0,8,8,8,23,14,22,0.4386,0.4386,0.0000,9,1,0,0,recheck,0,still,0
2138,154,2,1,265,17,0,1,0,14,0,1,1,13,0,0,0,9,9,9,23,14,23,0.3189,0.3189,0.0000,8,1,0,0,recheck,0,still,0
2139,56,1,1,530,20,1,2,0,11,0,1,2,9,0,0,1,11,11,11,22,12,23,0.5468,0.5468,0.0000,10,1,0,0,recheck,0,still,0
2139,117,3,1,555,16,0,1,0,18,0,1,2,16,0,0,0,9,9,9,27,18,27,0.4248,0.4248,0.0000,10,1,0,0,recheck,0,still,0
2139,140,1,1,57,18,0,1,0,18,0,1,3,15,0,1,0,6,6,6,24,17,23,0.6039,0.5085,0.0000,11,1,0,0,recheck,0,still,0
2139,169,1,1,457,18,4,5,0,14,0,1,2,12,0,0,2,5,5,5,19,16,21,0.5705,0.4635,0.0000,10,1,0,0,recheck,0,still,0
2140,51,1,1,309,18,2,3,0,14,0,1,2,12,0,0,0,9,9,9,23,14,23,0.6381,0.6381,0.0000,11,1,0,0,period_end,0,still,0
2140,115,2,1,175,16,0,1,0,16,0,1,0,16,0,1,0,8,8,8,24,15,23,0.4043,0.4043,0.0000,9,1,0,0,recheck,0,still,0
2140,145,1,1,65,14,1,2,0,16,0,1,0,16,0,2,0,6,6,6,22,14,20,0.4227,0.4227,0.0000,8,1,0,0,recheck,0,still,0
2140,159,1,1,254,10,2,3,0,6,0,1,0,6,0,0,0,8,8,8,14,6,14,0.2623,0.2623,0.0000,4,1,0,0,recheck,0,still,0
2140,165,1,1,548,19,0,1,0,13,0,1,1,12,0,2,0,11,11,11,24,11,22,0.3760,0.3760,0.0000,9,1,0,0,recheck,0,still,0
2141,76,3,1,438,18,2,5,0,18,0,1,4,14,0,0,0,8,8,8,26,18,26,0.5656,0.4763,0.0000,13,1,0,0,recheck,0,still,0
2141,86,1,1,350,14,0,2,0,16,0,1,11,5,0,0,0,5,5,6,21,16,22,0.5364,0.3576,0.0000,9,1,0,0,period_end,0,still,0
2141,128,1,1,562,19,0,2,0,14,0,1,3,11,0,2,0,11,11,10,25,12,22,0.3742,0.3742,0.0000,9,1,0,0,recheck,0,still,0
2142,3,2,1,269,15,0,1,0,14,0,1,0,14,0,0,0,7,7,7,21,14,21,0.4400,0.4400,0.0000,7,1,0,0,recheck,0,still,0
2142,146,2,1,792,17,0,1,0,16,0,1,0,16,0,0,0,9,9,9,25,16,25,0.3918,0.3918,0.0000,10,1,0,0,recheck,0,still,0
2142,161,2,1,467,18,0,1,0,19,0,1,3,16,0,1,0,10,10,9,29,18,27,0.4533,0.4533,0.0000,10,1,0,0,recheck,0,still,0
2143,5,2,1,303,17,0,1,0,15,0,1,0,15,0,0,0,9,9,9,24,15,24,0.5174,0.5174,0.0000,10,1,0,0,period_end,0,still,0
2143,57,1,1,542,18,1,2,0,12,0,1,3,9,0,0,0,9,9,9,21,12,21,0.5849,0.5849,0.0000,10,1,0,0,recheck,0,still,0
2143,77,3,1,489,18,2,3,0,17,0,1,2,15,0,1,0,10,10,10,27,16,26,0.6272,0.6272,0.0000,14,1,0,0,recheck,0,still,0
2143,131,2,1,304,15,0,1,0,20,0,1,11,9,0,3,0,7,7,7,27,17,24,0.3219,0.1981,0.0000,9,1,0,0,recheck,0,still,0
2143,188,1,1,336,16,1,2,0,17,0,1,1,16,0,2,0,7,7,7,24,15,22,0.4323,0.4323,0.0000,10,1,0,0,period_end,0,still,0
2144,10,1,1,378,20,1,2,0,16,0,1,2,14,0,0,0,9,9,8,25,16,24,0.6115,0.6115,0.0000,11,1,0,0,recheck,0,still,0
2144,84,1,1,527,17,0,2,0,11,0,1,3,8,0,0,0,10,10,9,21,11,20,0.6148,0.6148,0.0000,11,1,0,0,recheck,0,still,0
2145,6,2,1,307,16,0,1,0,15,0,1,0,15,0,0,0,9,9,9,24,15,24,0.4616,0.4616,0.0000,10,1,0,0,recheck,0,still,0
2145,19,3,1,440,18,0,2,0,12,0,1,1,11,0,0,0,12,12,12,24,12,24,0.6124,0.6124,0.0000,13,1,0,0,recheck,0,still,0
2145,44,1,1,392,19,0,2,0,16,0,1,2,14,0,0,0,8,8,8,24,16,24,0.5835,0.5835,0.0000,10,1,0,0,recheck,0,still,0
2145,114,1,1,274,15,0,2,0,15,0,1,0,15,0,1,0,5,5,5,20,14,19,0.4107,0.4107,0.0000,7,1,0,0,recheck,0,still,0
2145,166,2,1,505,19,1,2,0,14,0,1,2,12,0,2,0,12,12,12,26,12,24,0.4228,0.4228,0.0000,11,1,0,0,recheck,0,still,0
2146,188,1,1,339,16,1,2,0,17,0,1,1,16,0,2,0,7,7,7,24,15,22,0.4323,0.4323,0.0000,10,1,0,0,recheck,0,still,0
2147,4,2,1,313,15,0,1,0,14,0,1,0,14,0,0,0,7,7,7,21,14,21,0.4403,0.4403,0.0000,8,1,0,0,recheck,0,still,0
2147,15,1,1,483,18,0,5,0,16,0,1,4,12,0,1,0,10,10,10,26,15,25,0.6089,0.5413,0.0000,11,1,0,0,recheck,0,still,0
2147,139,1,1,765,19,0,2,1,17,0,1,2,15,0,0,0,6,6,6,23,17,23,0.5013,0.4128,0.0000,11,1,0,0,recheck,0,still,0
2147,141,2,1,473,17,3,5,0,16,0,1,4,12,0,0,1,9,9,9,25,17,26,0.6598,0.5655,0.0000,12,1,0,0,recheck,0,still,0
2147,149,1,1,339,17,0,1,0,17,0,1,2,15,0,2,0,8,8,8,25,15,23,0.4701,0.4701,0.0000,9,1,0,0,recheck,0,still,0
2147,163,1,1,545,17,0,1,1,17,0,1,2,15,0,3,0,9,9,8,26,14,22,0.3518,0.3518,0.0000,8,1,0,0,recheck,0,still,0
2148,49,2,1,315,18,0,3,0,17,0,1,2,15,0,0,0,9,9,9,26,17,26,0.6776,0.6776,0.0000,12,1,0,0,recheck,0,still,0
2148,83,2,1,170,16,1,2,0,14,0,1,6,8,0,0,0,7,7,7,21,14,21,0.5424,0.4786,0.0000,11,1,0,0,recheck,0,still,0
2148,86,1,1,357,14,0,2,0,16,0,1,11,5,0,0,0,5,5,6,21,16,22,0.5364,0.3576,0.0000,9,1,0,0,recheck,0,still,0
2149,25,2,1,346,15,1,2,0,16,0,1,11,5,0,0,0,6,6,6,22,16,22,0.5532,0.3580,0.0000,11,1,0,0,recheck,0,still,0
2149,26,3,1,324,16,1,2,0,21,0,1,16,5,0,0,0,1,1,2,22,21,23,0.5291,0.1764,0.0000,12,1,0,0,period_end,0,still,0
2150,7,2,1,165,16,1,2,0,15,0,1,1,14,0,0,0,9,9,10,24,15,25,0.4193,0.4193,0.0000,9,1,0,0,recheck,0,still,0
2150,26,3,1,325,16,1,2,0,21,0,1,16,5,0,0,0,1,1,2,22,21,23,0.5291,0.1764,0.0000,12,1,0,0,recheck,0,still,0
2150,88,1,1,423,16,0,1,0,19,0,1,14,5,0,0,0,0,0,1,19,19,20,0.5739,0.1793,0.0000,10,1,0,0,recheck,0,still,0
2151,14,1,1,411,19,0,1,0,15,0,1,3,12,0,0,2,7,7,7,22,17,24,0.5172,0.4433,0.0000,8,1,0,0,recheck,0,still,0
2151,16,1,1,563,17,0,3,0,15,0,1,2,13,0,0,0,8,8,8,23,15,23,0.5855,0.5855,0.0000,9,1,0,0,recheck,0,still,0
2151,68,3,1,290,17,0,1,0,13,0,1,1,12,0,0,0,9,9,9,22,13,22,0.3840,0.3840,0.0000,7,1,0,0,recheck,0,still,0
2151,194,1,1,521,19,0,2,1,18,0,1,2,16,0,2,0,8,8,8,26,16,24,0.4614,0.4614,0.0000,12,1,0,0,recheck,0,still,0
2152,199,1,1,290,15,1,2,0,11,0,1,1,10,0,0,0,10,10,9,21,11,20,0.2678,0.2678,0.0000,6,1,0,0,recheck,0,still,0
2153,157,2,1,224,17,0,2,0,13,0,1,1,12,0,0,0,9,9,9,22,13,22,0.2625,0.2625,0.0000,6,1,0,0,recheck,0,still,0
2154,47,2,1,443,19,0,2,0,16,0,1,3,13,0,0,1,6,6,7,22,17,24,0.5813,0.4844,0.0000,12,1,0,0,recheck,0,still,0
2154,51,1,1,323,18,2,3,0,13,0,1,1,12,0,0,0,9,9,9,22,13,22,0.6380,0.6380,0.0000,11,1,0,0,recheck,0,still,0
2154,123,2,1,281,14,1,3,0,9,0,1,1,8,0,0,0,11,11,11,20,9,20,0.3175,0.3175,0.0000,7,1,0,0,recheck,0,still,0
2154,151,1,1,232,20,0,1,0,17,0,1,2,15,0,1,0,6,6,7,23,16,23,0.5298,0.4709,0.0000,11,1,0,0,recheck,0,still,0
2155,11,1,1,389,18,0,1,0,15,0,1,2,13,0,0,0,9,9,8,24,15,23,0.6356,0.5687,0.0000,11,1,0,0,recheck,0,still,0
2155,31,3,0,-1,15,3,6,0,21,0,1,20,1,0,0,0,0,0,0,21,21,21,0.5362,0.0000,0.0000,12,0,0,0,,0,pending,0
2155,35,3,1,280,16,0,1,0,16,0,1,0,16,0,0,0,9,9,9,25,16,25,0.4630,0.4630,0.0000,10,1,0,0,recheck,0,still,0
2155,143,2,1,273,16,0,2,1,19,0,0,19,0,0,0,0,0,0,0,19,19,19,0.7757,0.0000,0.0000,15,0,0,1,recheck,0,still,0
2156,5,2,1,316,17,0,1,0,15,0,1,0,15,0,0,0,9,9,9,24,15,24,0.5167,0.5167,0.0000,10,1,0,0,recheck,0,still,0
2156,31,3,0,-1,15,5,8,0,21,0,1,20,1,0,0,0,0,0,0,21,21,21,0.5362,0.0000,0.0000,12,0,0,0,,0,hop,1
2156,72,2,1,289,16,0,1,0,11,0,1,1,10,0,0,0,10,10,10,21,11,21,0.3000,0.3000,0.0000,5,1,0,0,recheck,0,still,0
2156,80,1,1,372,19,1,2,0,10,0,1,0,10,0,0,0,11,11,12,21,10,22,0.4929,0.4929,0.0000,8,1,0,0,recheck,0,still,0
2156,168,1,1,395,17,0,1,1,16,0,1,5,11,0,2,0,10,10,8,26,14,22,0.4001,0.3468,0.0000,9,1,0,0,recheck,0,still,0
2157,23,2,1,167,15,0,2,0,14,0,1,7,7,0,0,0,7,7,7,21,14,21,0.5154,0.4510,0.0000,11,1,0,0,recheck,0,still,0
2157,126,2,1,512,19,0,1,0,14,0,1,0,14,0,2,0,12,12,12,26,12,24,0.3508,0.3508,0.0000,10,1,0,0,recheck,0,still,0
2157,127,1,1,565,19,0,1,0,13,0,1,0,13,0,2,0,12,12,12,25,11,23,0.3768,0.3768,0.0000,9,1,0,0,recheck,0,still,0
2157,171,1,1,216,14,0,1,0,18,0,1,11,7,0,2,0,6,6,5,24,16,21,0.3716,0.2389,0.0000,10,1,0,0,recheck,0,still,0
2158,2,1,1,238,16,0,1,0,12,0,1,0,12,0,0,0,9,9,8,21,12,20,0.4456,0.4456,0.0000,6,1,0,0,recheck,0,still,0
2158,58,1,1,340,16,0,1,0,14,0,1,8,6,0,0,0,7,7,7,21,14,21,0.6064,0.4281,0.0000,10,1,0,0,recheck,0,still,0
2158,87,1,1,401,16,0,2,0,18,0,1,13,5,0,0,0,3,3,4,21,18,22,0.5620,0.3161,0.0000,10,1,0,0,recheck,0,still,0
2159,12,2,1,447,17,0,1,0,17,0,1,1,16,0,0,0,6,6,7,23,17,24,0.6134,0.5166,0.0000,11,1,0,0,recheck,0,still,0
2160,1,2,1,255,16,0,1,0,13,0,1,0,13,0,0,0,9,9,9,22,13,22,0.3736,0.3736,0.0000,6,1,0,0,recheck,0,still,0
2160,25,2,1,357,15,1,2,0,16,0,1,11,5,0,0,0,6,6,6,22,16,22,0.5533,0.3580,0.0000,11,1,0,0,period_end,0,still,0
2160,54,2,1,571,19,1,2,0,11,0,1,1,10,0,0,0,11,11,11,22,11,22,0.5746,0.5746,0.0000,11,1,0,0,recheck,0,still,0
2160,118,3,1,563,18,0,1,0,20,0,1,1,19,0,0,0,5,5,5,25,20,25,0.4752,0.4752,0.0000,13,1,0,0,recheck,0,still,0
2160,135,1,1,389,15,0,1,0,20,0,1,14,6,0,1,0,5,5,2,25,19,21,0.3179,0.1060,0.0000,9,1,0,0,recheck,0,still,0
2160,144,2,0,-1,0,0,1,1,0,0,0,0,0,0,0,0,0,0,0,0,0,0,0.0000,0.0000,0.0000,0,0,0,0,,0,pending,0
2161,55,2,1,530,20,0,2,0,11,0,1,2,9,0,0,0,12,12,12,23,11,23,0.5841,0.5841,0.0000,12,1,0,0,recheck,0,still,0
2161,58,1,1,343,16,0,1,0,14,0,1,8,6,0,0,0,7,7,7,21,14,21,0.6063,0.4280,0.0000,10,1,0,0,period_end,0,still,0
2161,144,2,0,-1,0,0,1,1,0,0,0,0,0,0,0,0,0,0,0,0,0,0,0.0000,0.0000,0.0000,0,0,0,0,,0,hop,1
2162,182,1,1,400,18,1,2,0,23,0,1,2,21,0,2,0,4,4,3,27,21,24,0.4936,0.4114,0.0000,11,1,0,0,recheck,0,still,0
2163,130,1,1,545,17,0,6,0,16,0,1,3,13,0,0,0,7,7,7,23,16,23,0.5715,0.4644,0.0000,9,1,0,0,recheck,0,still,0
2163,142,2,1,467,16,2,6,0,18,0,1,3,15,0,0,1,7,7,7,25,19,26,0.6835,0.5859,0.0000,12,1,0,0,recheck,0,still,0
2163,189,1,1,375,14,0,1,1,15,0,1,0,15,0,1,0,6,6,5,21,14,19,0.5139,0.5139,0.0000,10,1,0,0,recheck,0,still,0
2164,9,1,1,421,19,0,1,0,16,0,1,1,15,0,0,0,6,6,6,22,16,22,0.5422,0.5422,0.0000,10,1,0,0,recheck,0,still,0
2164,119,1,1,529,19,1,2,0,21,0,1,1,20,0,2,0,3,3,3,24,19,22,0.4711,0.4711,0.0000,11,1,0,0,recheck,0,still,0
2164,195,1,1,133,17,1,2,0,14,0,1,0,14,0,1,0,9,9,9,23,13,22,0.4313,0.4313,0.0000,10,1,0,0,recheck,0,still,0
2165,50,1,1,538,18,1,3,0,15,0,1,1,14,0,0,0,7,7,8,22,15,23,0.6039,0.6039,0.0000,10,1,0,0,recheck,0,still,0
2165,113,1,1,203,16,0,2,0,16,0,1,0,16,0,2,0,6,6,6,22,14,20,0.4103,0.4103,0.0000,8,1,0,0,recheck,0,still,0
2166,13,2,1,390,17,1,2,0,19,0,1,2,17,0,0,1,5,5,5,24,20,25,0.5936,0.4947,0.0000,10,1,0,0,recheck,0,still,0
2166,21,2,1,588,19,0,2,0,10,0,1,1,9,0,0,0,11,11,11,21,10,21,0.5557,0.5557,0.0000,11,1,0,0,recheck,0,still,0
2166,90,1,1,102,16,7,8,0,21,0,1,20,1,0,0,0,0,0,0,21,21,21,0.5996,0.0705,0.0000,11,0,1,0,recheck,0,end_clear,1
2166,116,2,1,391,14,0,1,0,19,0,1,0,19,0,2,0,8,8,8,27,17,25,0.4314,0.4314,0.0000,10,1,0,0,recheck,0,still,0
2166,131,2,1,327,15,0,1,0,20,0,1,12,8,0,3,0,7,7,7,27,17,24,0.3219,0.1981,0.0000,9,1,0,0,period_end,0,still,0
2166,158,1,1,262,15,0,3,0,11,0,1,1,10,0,0,0,9,9,9,20,11,20,0.2895,0.2895,0.0000,5,1,0,0,recheck,0,still,0
2166,177,1,1,433,16,0,1,1,22,0,1,18,4,0,0,0,3,3,0,25,22,22,0.2908,0.1057,0.0000,8,1,0,0,recheck,0,still,0
2167,8,2,1,408,18,0,2,0,17,0,1,1,16,0,0,0,7,7,7,24,17,24,0.4502,0.4502,0.0000,10,1,0,0,recheck,0,still,0
2167,62,1,1,407,16,1,4,0,22,0,1,21,1,0,0,0,0,0,0,22,22,22,0.6788,0.0714,0.0000,12,1,0,0,recheck,0,still,0
2167,79,1,1,419,17,0,3,0,14,0,1,0,14,0,1,0,7,7,7,21,13,20,0.6342,0.6342,0.0000,10,1,0,0,recheck,0,still,0
2168,17,3,1,469,17,1,3,0,16,0,1,0,16,0,0,0,8,8,8,24,16,24,0.5590,0.5590,0.0000,12,1,0,0,recheck,0,still,0
2168,28,2,1,479,15,3,4,0,22,0,1,19,3,0,0,0,0,0,0,22,22,22,0.5287,0.0622,0.0000,12,1,0,0,recheck,0,still,0
2168,153,1,1,124,16,0,2,0,14,0,1,0,14,0,1,0,8,8,8,22,13,21,0.4386,0.4386,0.0000,9,1,0,0,recheck,0,still,0
2168,154,2,1,295,17,0,1,0,13,0,1,0,13,0,0,0,9,9,9,22,13,22,0.3189,0.3189,0.0000,8,1,0,0,recheck,0,still,0
2169,56,1,1,560,20,1,2,0,15,0,1,3,12,0,0,1,7,7,7,22,16,23,0.5468,0.5468,0.0000,10,1,0,0,recheck,0,still,0
2169,117,3,1,585,16,0,1,0,19,0,1,1,18,0,0,0,7,7,7,26,19,26,0.4248,0.4248,0.0000,10,1,0,0,recheck,0,still,0
2169,140,1,1,87,17,0,1,0,21,0,1,3,18,0,1,0,3,3,3,24,20,23,0.6027,0.5075,0.0000,10,1,0,0,recheck,0,still,0
2169,169,1,1,487,17,5,6,0,18,0,1,3,15,0,0,2,2,2,2,20,20,22,0.5704,0.4635,0.0000,9,1,0,0,recheck,0,still,0
2170,115,2,1,205,16,0,1,0,16,0,1,0,16,0,1,0,8,8,8,24,15,23,0.4043,0.4043,0.0000,9,1,0,0,recheck,0,still,0
2170,145,1,1,95,14,1,2,0,16,0,1,0,16,0,2,0,6,6,6,22,14,20,0.4227,0.4227,0.0000,8,1,0,0,recheck,0,still,0
2170,159,1,1,284,10,2,3,0,7,0,1,1,6,0,0,0,8,8,8,15,7,15,0.2623,0.2623,0.0000,4,1,0,0,recheck,0,still,0
2170,165,1,1,578,19,0,1,0,17,0,1,1,16,0,2,0,7,7,7,24,15,22,0.3760,0.3760,0.0000,9,1,0,0,recheck,0,still,0
2171,76,3,1,468,17,3,6,0,20,0,1,3,17,0,0,0,5,5,5,25,20,25,0.5656,0.4763,0.0000,12,1,0,0,recheck,0,still,0
2171,128,1,1,592,19,0,2,0,18,0,1,4,14,0,2,0,7,7,6,25,16,22,0.3742,0.3742,0.0000,9,1,0,0,recheck,0,still,0
2172,3,2,1,299,15,0,1,0,14,0,1,0,14,0,0,0,7,7,7,21,14,21,0.4385,0.4385,0.0000,7,1,0,0,recheck,0,still,0
2172,146,2,1,822,17,0,1,0,16,0,1,0,16,0,0,0,9,9,9,25,16,25,0.4407,0.4407,0.0000,11,1,0,0,recheck,0,still,0
2172,161,2,1,497,18,0,1,0,20,0,1,2,18,0,2,0,8,8,8,28,18,26,0.4533,0.4533,0.0000,10,1,0,0,recheck,0,still,0
2172,170,3,0,-1,16,1,2,0,18,0,1,1,17,0,1,0,7,7,7,25,17,24,0.6697,0.6697,0.0000,13,1,0,0,,0,start_holder,0
2173,57,1,1,572,18,1,2,0,16,0,1,4,12,0,0,0,5,5,5,21,16,21,0.5849,0.5849,0.0000,10,1,0,0,recheck,0,still,0
2173,77,3,1,519,19,2,3,0,17,0,1,0,17,0,1,0,8,8,8,25,16,24,0.5682,0.5682,0.0000,13,1,0,0,recheck,0,still,0
2173,99,2,0,-1,3,1,3,0,4,0,0,4,0,0,0,0,0,0,0,4,4,4,0.1309,0.0000,0.0000,3,0,0,0,,0,pending,0
2173,131,2,1,334,15,0,1,0,24,0,1,12,12,0,3,0,3,3,3,27,21,24,0.3466,0.2228,0.0000,10,1,0,0,recheck,0,still,0
2174,10,1,1,408,19,1,2,0,18,0,1,0,18,0,0,0,6,6,5,24,18,23,0.6091,0.6091,0.0000,11,1,0,0,recheck,0,still,0
2174,84,1,1,557,17,0,2,0,15,0,1,4,11,0,0,0,6,6,5,21,15,20,0.6170,0.6170,0.0000,11,1,0,0,recheck,0,still,0
2174,99,2,0,-1,3,1,3,0,4,0,0,4,0,0,0,0,0,0,0,4,4,4,0.1309,0.0000,0.0000,3,0,0,0,,0,hop,1
2174,199,1,1,312,15,1,2,0,11,0,1,1,10,0,0,0,10,10,9,21,11,20,0.2678,0.2678,0.0000,6,1,0,0,period_end,0,still,0
2175,6,2,1,337,16,0,1,0,16,0,1,0,16,0,0,0,8,8,8,24,16,24,0.4600,0.4600,0.0000,10,1,0,0,recheck,0,still,0
2175,19,3,1,470,18,0,2,0,16,0,1,1,15,0,0,0,8,8,8,24,16,24,0.6156,0.6156,0.0000,13,1,0,0,recheck,0,still,0
2175,44,1,1,422,18,0,2,0,18,0,1,0,18,0,0,0,5,5,6,23,18,24,0.5834,0.5834,0.0000,10,1,0,0,recheck,0,still,0
2175,114,1,1,304,15,0,2,0,15,0,1,0,15,0,1,0,5,5,5,20,14,19,0.4107,0.4107,0.0000,7,1,0,0,recheck,0,still,0
2175,166,2,1,535,19,1,2,0,18,0,1,3,15,0,2,0,8,8,8,26,16,24,0.3731,0.3731,0.0000,10,1,0,0,recheck,0,still,0
2176,188,1,1,369,16,1,2,0,16,0,1,0,16,0,2,0,7,7,7,23,14,21,0.4323,0.4323,0.0000,10,1,0,0,recheck,0,still,0
2177,4,2,1,343,15,0,1,0,15,0,1,0,15,0,0,0,7,7,7,22,15,22,0.4388,0.4388,0.0000,8,1,0,0,recheck,0,still,0
2177,15,1,1,513,17,1,6,0,16,0,1,2,14,0,0,0,7,7,7,23,16,23,0.5724,0.5724,0.0000,10,1,0,0,recheck,0,still,0
2177,139,1,1,795,18,0,2,1,22,0,1,2,20,0,0,0,2,2,2,24,22,24,0.5013,0.5013,0.0000,10,1,0,0,recheck,0,still,0
2177,141,2,1,503,17,4,6,0,19,0,1,2,17,0,0,2,5,5,5,24,21,26,0.6588,0.6588,0.0000,11,1,0,0,recheck,0,still,0
2177,149,1,1,369,17,0,1,0,18,0,1,0,18,0,2,0,6,6,6,24,16,22,0.4701,0.4701,0.0000,9,1,0,0,recheck,0,still,0
2177,163,1,1,575,17,0,1,1,17,0,1,0,17,0,4,0,7,7,7,24,13,20,0.3518,0.3518,0.0000,8,1,0,0,recheck,0,still,0
2178,49,2,1,345,18,0,2,0,17,0,1,1,16,0,0,0,8,8,8,25,17,25,0.5776,0.5776,0.0000,11,1,0,0,recheck,0,still,0
2178,83,2,1,200,16,1,2,0,18,0,1,7,11,0,0,0,3,3,3,21,18,21,0.5424,0.4786,0.0000,11,1,0,0,recheck,0,still,0
2178,86,1,1,387,14,0,1,0,19,0,1,12,7,0,0,0,2,2,3,21,19,22,0.4989,0.3207,0.0000,8,1,0,0,recheck,0,still,0
2179,25,2,1,376,15,0,1,0,20,0,1,12,8,0,0,0,2,2,2,22,20,22,0.5523,0.3249,0.0000,11,1,0,0,recheck,0,still,0
2180,7,2,1,195,16,1,2,0,16,0,1,0,16,0,0,0,7,7,8,23,16,24,0.4193,0.4193,0.0000,9,1,0,0,recheck,0,still,0
2180,26,3,1,355,16,1,2,0,24,0,1,18,6,0,0,0,0,0,0,24,24,24,0.5591,0.1766,0.0000,13,1,0,0,recheck,0,still,0
2180,88,1,1,453,16,0,1,0,20,0,1,16,4,0,0,0,0,0,1,20,20,21,0.5734,0.1434,0.0000,10,1,0,0,recheck,0,still,0
2180,89,1,1,51,16,2,4,0,20,0,1,18,2,0,0,0,0,0,0,20,20,20,0.5401,0.0360,0.0000,10,0,1,0,recheck,0,end_clear,1
2181,14,1,1,441,19,0,1,0,19,0,1,2,17,0,0,2,3,3,3,22,21,24,0.4802,0.4802,0.0000,7,1,0,0,recheck,0,still,0
2181,16,1,1,593,17,0,3,0,11,0,1,0,11,0,0,0,10,10,10,21,11,21,0.5807,0.5807,0.0000,9,1,0,0,recheck,0,still,0
2181,68,3,1,320,17,0,1,0,12,0,1,0,12,0,0,0,9,9,9,21,12,21,0.3829,0.3829,0.0000,7,1,0,0,recheck,0,still,0
2181,194,1,1,551,18,0,2,1,22,0,1,1,21,0,2,0,4,4,4,26,20,24,0.4614,0.4614,0.0000,12,1,0,0,recheck,0,still,0
2182,68,3,1,321,17,0,1,0,12,0,1,0,12,0,0,0,9,9,9,21,12,21,0.3828,0.3828,0.0000,7,1,0,0,period_end,0,still,0
2182,199,1,1,320,15,1,2,0,11,0,1,1,10,0,0,0,10,10,9,21,11,20,0.2678,0.2678,0.0000,6,1,0,0,recheck,0,still,0
2183,6,2,1,345,16,0,1,0,16,0,1,0,16,0,0,0,8,8,8,24,16,24,0.4596,0.4596,0.0000,10,1,0,0,period_end,0,still,0
2183,157,2,1,254,17,0,2,0,12,0,1,0,12,0,0,0,9,9,9,21,12,21,0.2625,0.2625,0.0000,6,1,0,0,recheck,0,still,0
2184,47,2,1,473,18,0,2,0,20,0,1,2,18,0,0,1,2,2,3,22,21,24,0.5812,0.5812,0.0000,11,1,0,0,recheck,0,still,0
2184,51,1,1,353,18,2,3,0,11,0,1,0,11,0,0,0,9,9,10,20,11,21,0.6038,0.6038,0.0000,10,1,0,0,recheck,0,still,0
2184,123,2,1,311,14,1,3,0,9,0,1,1,8,0,0,0,11,11,11,20,9,20,0.3175,0.3175,0.0000,7,1,0,0,recheck,0,still,0
2184,151,1,1,262,19,0,1,0,22,0,1,2,20,0,1,0,2,2,3,24,21,24,0.4709,0.4709,0.0000,10,1,0,0,recheck,0,still,0
2185,11,1,1,419,17,0,1,0,19,0,1,1,18,0,0,0,5,5,4,24,19,23,0.6646,0.6646,0.0000,11,1,0,0,recheck,0,still,0
2185,35,3,1,310,16,0,1,0,17,0,1,0,17,0,0,0,8,8,8,25,17,25,0.4630,0.4630,0.0000,10,1,0,0,recheck,0,still,0
2185,143,2,1,303,16,0,11,1,19,0,0,19,0,0,0,0,0,0,0,19,19,19,0.7734,0.0000,0.0000,15,0,0,1,recheck,0,still,0
2186,5,2,1,346,17,0,1,0,15,0,1,0,15,0,0,0,9,9,9,24,15,24,0.5150,0.5150,0.0000,10,1,0,0,recheck,0,still,0
2186,72,2,1,319,16,0,1,0,11,0,1,1,10,0,0,0,10,10,10,21,11,21,0.2991,0.2991,0.0000,5,1,0,0,recheck,0,still,0
2186,80,1,1,402,18,1,2,0,12,0,1,0,12,0,0,0,9,9,10,21,12,22,0.4925,0.4925,0.0000,8,1,0,0,recheck,0,still,0
2186,168,1,1,425,17,0,1,1,18,0,1,7,11,0,0,0,8,8,4,26,18,22,0.4001,0.3468,0.0000,9,1,0,0,recheck,0,still,0
2187,23,2,1,197,15,0,2,0,18,0,1,9,9,0,0,0,3,3,3,21,18,21,0.5149,0.3862,0.0000,11,1,0,0,recheck,0,still,0
2187,126,2,1,542,19,0,1,0,16,0,1,0,16,0,2,0,10,10,10,26,14,24,0.3508,0.3508,0.0000,10,1,0,0,recheck,0,still,0
2187,127,1,1,595,19,0,1,0,15,0,1,0,15,0,2,0,10,10,10,25,13,23,0.3768,0.3768,0.0000,9,1,0,0,recheck,0,still,0
2187,171,1,1,246,14,0,1,0,23,0,1,14,9,0,3,0,2,2,2,25,20,22,0.3716,0.1858,0.0000,10,1,0,0,recheck,0,still,0
2188,2,1,1,268,16,0,1,0,13,0,1,0,13,0,0,0,9,9,8,22,13,21,0.4440,0.4440,0.0000,6,1,0,0,recheck,0,still,0
2188,58,1,1,370,15,0,1,0,18,0,1,10,8,0,0,0,3,3,3,21,18,21,0.6064,0.3924,0.0000,10,1,0,0,recheck,0,still,0
2188,87,1,1,431,15,0,2,0,21,0,1,16,5,0,1,0,1,1,2,22,20,22,0.5612,0.2455,0.0000,10,1,0,0,recheck,0,still,0
2189,12,2,1,477,17,0,1,0,21,0,1,2,19,0,0,0,4,4,5,25,21,26,0.6134,0.6134,0.0000,11,1,0,0,recheck,0,still,0
2190,1,2,1,285,16,0,1,0,13,0,1,0,13,0,0,0,9,9,9,22,13,22,0.3724,0.3724,0.0000,6,1,0,0,recheck,0,still,0
2190,4,2,1,356,15,0,1,0,15,0,1,0,15,0,0,0,7,7,7,22,15,22,0.4382,0.4382,0.0000,8,1,0,0,period_end,0,still,0
2190,54,2,1,601,19,1,2,0,13,0,1,2,11,0,0,0,9,9,9,22,13,22,0.5743,0.5743,0.0000,11,1,0,0,recheck,0,still,0
2190,118,3,1,593,18,0,1,0,23,0,1,2,21,0,0,0,4,4,4,27,23,27,0.4752,0.4752,0.0000,13,1,0,0,recheck,0,still,0
2190,135,1,1,419,15,0,1,0,25,0,1,17,8,0,4,0,1,1,1,26,21,22,0.3179,0.0530,0.0000,9,1,0,0,recheck,0,still,0
2191,55,2,1,560,20,0,2,0,15,0,1,5,10,0,0,0,9,9,9,24,15,24,0.5840,0.5840,0.0000,12,1,0,0,recheck,0,still,0
2192,182,1,1,430,18,1,2,0,23,0,1,2,21,0,2,0,4,4,3,27,21,24,0.4936,0.4936,0.0000,11,1,0,0,recheck,0,still,0
2193,72,2,1,326,16,0,1,0,10,0,1,0,10,0,0,0,10,10,10,20,10,20,0.2989,0.2989,0.0000,5,1,0,0,period_end,0,still,0
2193,130,1,1,575,17,0,6,0,13,0,1,1,12,0,0,0,9,9,9,22,13,22,0.5698,0.5698,0.0000,9,1,0,0,recheck,0,still,0
2193,142,2,1,497,16,2,6,0,15,0,1,1,14,0,0,1,9,9,9,24,16,25,0.6501,0.6501,0.0000,11,1,0,0,recheck,0,still,0
2193,189,1,1,405,14,0,1,1,16,0,1,0,16,0,1,0,6,6,5,22,15,20,0.5139,0.5139,0.0000,10,1,0,0,recheck,0,still,0
2194,9,1,1,451,19,0,1,0,16,0,1,0,16,0,0,0,6,6,6,22,16,22,0.5395,0.5395,0.0000,10,1,0,0,recheck,0,still,0
2194,119,1,1,559,19,1,2,0,23,0,1,2,21,0,2,0,3,3,3,26,21,24,0.4711,0.4711,0.0000,11,1,0,0,recheck,0,still,0
2194,195,1,1,163,17,1,2,0,14,0,1,0,14,0,1,0,9,9,9,23,13,22,0.4313,0.4313,0.0000,10,1,0,0,recheck,0,still,0
2195,50,1,1,568,18,1,3,0,12,0,1,0,12,0,0,0,9,9,10,21,12,22,0.5981,0.5981,0.0000,10,1,0,0,recheck,0,still,0
2195,113,1,1,233,16,0,2,0,16,0,1,0,16,0,2,0,6,6,6,22,14,20,0.4103,0.4103,0.0000,8,1,0,0,recheck,0,still,0
2196,13,2,1,420,16,1,2,0,19,0,1,2,17,0,0,1,5,5,5,24,20,25,0.5936,0.5936,0.0000,10,1,0,0,recheck,0,still,0
2196,21,2,1,618,19,0,2,0,12,0,1,2,10,0,0,0,9,9,9,21,12,21,0.5565,0.5565,0.0000,11,1,0,0,recheck,0,still,0
2196,116,2,1,421,14,0,1,0,19,0,1,0,19,0,2,0,8,8,8,27,17,25,0.4314,0.4314,0.0000,10,1,0,0,recheck,0,still,0
2196,158,1,1,292,15,0,3,0,11,0,1,1,10,0,0,0,9,9,9,20,11,20,0.2895,0.2895,0.0000,5,1,0,0,recheck,0,still,0
2196,177,1,1,463,16,0,1,1,25,0,1,19,6,0,3,0,0,0,0,25,22,22,0.3965,0.0793,0.0000,10,1,0,0,recheck,0,still,0
2197,8,2,1,438,18,0,2,0,17,0,1,0,17,0,0,0,7,7,7,24,17,24,0.4483,0.4483,0.0000,10,1,0,0,recheck,0,still,0
2197,62,1,1,437,16,8,12,0,22,0,1,21,1,0,0,0,0,0,0,22,22,22,0.6784,0.0714,0.0000,12,1,0,0,recheck,0,still,0
2197,79,1,1,449,17,0,3,0,11,0,1,0,11,0,1,0,10,10,10,21,10,20,0.6347,0.6347,0.0000,10,1,0,0,recheck,0,still,0
2198,17,3,1,499,17,1,3,0,13,0,1,0,13,0,0,0,11,11,11,24,13,24,0.5613,0.5613,0.0000,12,1,0,0,recheck,0,still,0
2198,28,2,1,509,15,11,12,0,22,0,1,20,2,0,0,0,0,0,0,22,22,22,0.5296,0.0312,0.0000,12,1,0,0,recheck,0,still,0
2198,153,1,1,154,16,0,2,0,14,0,1,0,14,0,1,0,8,8,8,22,13,21,0.4386,0.4386,0.0000,9,1,0,0,recheck,0,still,0
2198,154,2,1,325,17,0,1,0,13,0,1,0,13,0,0,0,9,9,9,22,13,22,0.3189,0.3189,0.0000,8,1,0,0,recheck,0,still,0
2199,56,1,1,590,20,1,2,0,13,0,1,4,9,0,0,0,9,9,10,22,13,23,0.5468,0.5468,0.0000,10,1,0,0,recheck,0,still,0
2199,103,1,0,-1,3,0,1,1,2,0,0,2,0,0,0,1,0,0,0,2,3,3,0.1108,0.0000,0.0000,1,0,0,0,,0,pending,0
2199,117,3,1,615,16,0,1,0,19,0,1,0,19,0,0,0,7,7,7,26,19,26,0.4248,0.4248,0.0000,10,1,0,0,recheck,0,still,0
2199,140,1,1,117,17,0,1,0,21,0,1,2,19,0,1,0,3,3,3,24,20,23,0.6014,0.6014,0.0000,10,1,0,0,recheck,0,still,0
2199,169,1,1,517,17,5,6,0,18,0,1,2,16,0,0,2,2,2,2,20,20,22,0.5700,0.5700,0.0000,9,1,0,0,recheck,0,still,0
2200,103,1,0,-1,3,0,1,1,2,0,0,2,0,0,0,1,0,0,0,2,3,3,0.1108,0.0000,0.0000,1,0,0,0,,0,hop,1
2200,115,2,1,235,16,0,1,0,16,0,1,0,16,0,1,0,8,8,8,24,15,23,0.4043,0.4043,0.0000,9,1,0,0,recheck,0,still,0
2200,145,1,1,125,14,1,2,0,16,0,1,0,16,0,2,0,6,6,6,22,14,20,0.4227,0.4227,0.0000,8,1,0,0,recheck,0,still,0
2200,159,1,1,314,10,2,3,0,7,0,1,1,6,0,0,0,8,8,8,15,7,15,0.2623,0.2623,0.0000,4,1,0,0,recheck,0,still,0
2200,165,1,1,608,19,0,1,0,14,0,1,2,12,0,2,0,10,10,10,24,12,22,0.3760,0.3760,0.0000,9,1,0,0,recheck,0,still,0
2201,76,3,1,498,17,3,6,0,18,0,1,1,17,0,0,0,6,6,6,24,18,24,0.5656,0.5656,0.0000,12,1,0,0,recheck,0,still,0
2201,128,1,1,622,19,0,2,0,15,0,1,5,10,0,1,0,10,10,8,25,14,22,0.3742,0.3742,0.0000,9,1,0,0,recheck,0,still,0
2202,3,2,1,329,15,0,1,0,14,0,1,0,14,0,0,0,7,7,7,21,14,21,0.4371,0.4371,0.0000,7,1,0,0,recheck,0,still,0
2202,146,2,1,852,17,0,1,0,16,0,1,0,16,0,0,0,9,9,9,25,16,25,0.4897,0.4897,0.0000,12,1,0,0,recheck,0,still,0
2202,161,2,1,527,18,0,1,0,17,0,1,0,17,0,2,0,10,10,10,27,15,25,0.4533,0.4533,0.0000,10,1,0,0,recheck,0,still,0
2203,57,1,1,602,18,1,2,0,14,0,1,5,9,0,0,0,7,7,7,21,14,21,0.5849,0.5849,0.0000,10,1,0,0,recheck,0,still,0
2203,77,3,1,549,19,2,3,0,15,0,1,0,15,0,1,0,10,10,10,25,14,24,0.5678,0.5678,0.0000,13,1,0,0,recheck,0,still,0
2203,131,2,1,364,15,0,1,0,24,0,1,14,10,0,3,0,4,4,4,28,21,25,0.3219,0.1733,0.0000,9,1,0,0,recheck,0,still,0
2204,10,1,1,438,19,1,2,0,20,0,1,2,18,0,0,0,6,6,5,26,20,25,0.6057,0.6057,0.0000,11,1,0,0,recheck,0,still,0
2204,35,3,1,329,16,0,1,0,17,0,1,0,17,0,0,0,8,8,8,25,17,25,0.4630,0.4630,0.0000,10,1,0,0,period_end,0,still,0
2204,84,1,1,587,17,0,2,0,14,0,1,5,9,0,0,0,7,7,6,21,14,20,0.6170,0.5808,0.0000,11,1,0,0,recheck,0,still,0
2205,6,2,1,367,16,0,1,0,16,0,1,0,16,0,0,0,8,8,8,24,16,24,0.4584,0.4584,0.0000,10,1,0,0,recheck,0,still,0
2205,19,3,1,500,18,0,2,0,13,0,1,2,11,0,0,0,11,11,11,24,13,24,0.6164,0.6164,0.0000,13,1,0,0,recheck,0,still,0
2205,44,1,1,452,18,0,2,0,18,0,1,1,17,0,0,0,5,5,6,23,18,24,0.5833,0.5833,0.0000,10,1,0,0,recheck,0,still,0
2205,114,1,1,334,15,0,2,0,16,0,1,0,16,0,1,0,5,5,5,21,15,20,0.4107,0.4107,0.0000,7,1,0,0,recheck,0,still,0
2205,159,1,1,319,10,2,3,0,7,0,1,1,6,0,0,0,8,8,8,15,7,15,0.2623,0.2623,0.0000,4,1,0,0,period_end,0,still,0
2205,166,2,1,565,19,1,2,0,15,0,1,4,11,0,2,0,11,11,11,26,13,24,0.3731,0.3731,0.0000,10,1,0,0,recheck,0,still,0
2206,133,2,0,-1,7,4,5,0,12,0,0,12,0,0,3,0,0,0,0,12,9,9,0.5277,0.0000,0.0000,9,0,0,0,,0,hop,1
2206,188,1,1,399,16,1,2,0,16,0,1,0,16,0,2,0,7,7,7,23,14,21,0.4323,0.4323,0.0000,10,1,0,0,recheck,0,still,0
2207,4,2,1,373,15,0,1,0,15,0,1,0,15,0,0,0,7,7,7,22,15,22,0.4373,0.4373,0.0000,8,1,0,0,recheck,0,still,0
2207,15,1,1,543,17,1,6,0,14,0,1,1,13,0,0,0,8,8,8,22,14,22,0.5727,0.5727,0.0000,10,1,0,0,recheck,0,still,0
2207,139,1,1,825,18,0,2,1,22,0,1,2,20,0,0,0,2,2,2,24,22,24,0.5013,0.5013,0.0000,10,1,0,0,recheck,0,still,0
2207,141,2,1,533,18,4,6,0,17,0,1,1,16,0,0,2,6,6,6,23,19,25,0.6589,0.6589,0.0000,11,1,0,0,recheck,0,still,0
2207,149,1,1,399,17,0,1,0,19,0,1,1,18,0,2,0,6,6,6,25,17,23,0.4407,0.4407,0.0000,8,1,0,0,recheck,0,still,0
2207,163,1,1,605,17,0,1,1,15,0,1,0,15,0,4,0,9,9,9,24,11,20,0.3518,0.3518,0.0000,8,1,0,0,recheck,0,still,0
2208,49,2,1,375,18,0,2,0,14,0,1,0,14,0,0,0,10,10,10,24,14,24,0.5776,0.5776,0.0000,11,1,0,0,recheck,0,still,0
2208,83,2,1,230,16,1,2,0,18,0,1,9,9,0,0,0,4,4,4,22,18,22,0.5422,0.4465,0.0000,11,1,0,0,recheck,0,still,0
2208,86,1,1,417,14,0,2,0,19,0,1,14,5,0,0,0,3,3,4,22,19,23,0.5360,0.2859,0.0000,9,1,0,0,recheck,0,still,0
2209,25,2,1,406,15,1,2,0,20,0,1,14,6,0,0,0,3,3,3,23,20,23,0.5544,0.2935,0.0000,11,1,0,0,recheck,0,still,0
2210,7,2,1,225,16,1,2,0,16,0,1,0,16,0,0,0,7,7,8,23,16,24,0.4193,0.4193,0.0000,9,1,0,0,recheck,0,still,0
2210,26,3,1,385,16,1,2,0,23,0,1,19,4,0,0,1,0,0,0,23,24,24,0.5302,0.1178,0.0000,12,1,0,0,recheck,0,still,0
2210,88,1,1,483,16,0,1,0,20,0,1,17,3,0,0,0,0,0,1,20,20,21,0.5740,0.1076,0.0000,10,1,0,0,recheck,0,still,0
2211,14,1,1,471,19,0,1,0,19,0,1,2,17,0,0,2,3,3,3,22,21,24,0.5541,0.5541,0.0000,8,1,0,0,recheck,0,still,0
2211,16,1,1,623,17,0,3,0,10,0,1,0,10,0,0,0,11,11,11,21,10,21,0.5809,0.5809,0.0000,9,1,0,0,recheck,0,still,0
2211,68,3,1,350,17,0,1,0,12,0,1,0,12,0,0,0,9,9,9,21,12,21,0.3817,0.3817,0.0000,7,1,0,0,recheck,0,still,0
2211,127,1,1,619,19,0,1,0,13,0,1,0,13,0,2,0,12,12,12,25,11,23,0.3768,0.3768,0.0000,9,1,0,0,period_end,0,still,0
2211,152,1,0,-1,1,0,1,1,0,0,0,0,0,0,0,0,0,0,0,0,0,0,0.0000,0.0000,0.0000,0,0,0,0,,0,pending,0
2211,194,1,1,581,18,0,2,1,22,0,1,2,20,0,2,0,4,4,4,26,20,24,0.4614,0.4614,0.0000,12,1,0,0,recheck,0,still,0
2212,152,1,0,-1,1,0,1,1,0,0,0,0,0,0,0,0,0,0,0,0,0,0,0.0000,0.0000,0.0000,0,0,0,0,,0,hop,1
2212,199,1,1,350,15,1,2,0,10,0,1,0,10,0,0,0,10,10,9,20,10,19,0.2678,0.2678,0.0000,6,1,0,0,recheck,0,still,0
2213,157,2,1,284,17,0,2,0,12,0,1,0,12,0,0,0,9,9,9,21,12,21,0.2625,0.2625,0.0000,6,1,0,0,recheck,0,still,0
2214,29,2,0,-1,16,9,12,0,23,0,1,21,2,0,0,0,0,0,0,23,23,23,0.5381,0.0317,0.0000,12,0,1,0,,0,hop,1
2214,47,2,1,503,18,0,2,0,20,0,1,2,18,0,0,1,2,2,3,22,21,24,0.5812,0.5812,0.0000,11,1,0,0,recheck,0,still,0
2214,51,1,1,383,18,2,3,0,10,0,1,0,10,0,0,0,10,10,11,20,10,21,0.6043,0.6043,0.0000,10,1,0,0,recheck,0,still,0
2214,123,2,1,341,14,1,3,0,8,0,1,0,8,0,0,0,11,11,11,19,8,19,0.3175,0.3175,0.0000,7,1,0,0,recheck,0,still,0
2214,151,1,1,292,19,0,1,0,22,0,1,2,20,0,1,0,2,2,3,24,21,24,0.4709,0.4709,0.0000,10,1,0,0,recheck,0,still,0
2215,11,1,1,449,17,0,1,0,20,0,1,2,18,0,0,0,5,5,4,25,20,24,0.6615,0.6615,0.0000,11,1,0,0,recheck,0,still,0
2215,35,3,1,340,16,0,1,0,17,0,1,0,17,0,0,0,8,8,8,25,17,25,0.4630,0.4630,0.0000,10,1,0,0,recheck,0,still,0
2215,143,2,1,333,16,0,12,1,18,0,0,18,0,0,0,0,0,0,0,18,18,18,0.6497,0.0000,0.0000,13,0,0,0,recheck,0,end_clear,1
2216,5,2,1,376,17,0,1,0,16,0,1,0,16,0,0,0,8,8,8,24,16,24,0.5133,0.5133,0.0000,10,1,0,0,recheck,0,still,0
2216,72,2,1,349,16,0,1,0,15,0,1,0,15,0,0,0,5,5,5,20,15,20,0.2981,0.2981,0.0000,5,1,0,0,recheck,0,still,0
2216,80,1,1,432,18,1,2,0,10,0,1,0,10,0,0,0,11,11,12,21,10,22,0.4925,0.4925,0.0000,8,1,0,0,recheck,0,still,0
2216,168,1,1,455,17,0,1,1,18,0,1,9,9,0,0,0,9,9,5,27,18,23,0.3468,0.3468,0.0000,8,1,0,0,recheck,0,still,0
2217,23,2,1,227,15,0,2,0,18,0,1,11,7,0,0,0,4,4,4,22,18,22,0.5148,0.3861,0.0000,11,1,0,0,recheck,0,still,0
2217,126,2,1,572,19,0,1,0,14,0,1,0,14,0,2,0,12,12,12,26,12,24,0.3508,0.3508,0.0000,10,1,0,0,recheck,0,still,0
2217,127,1,1,625,19,0,1,0,13,0,1,0,13,0,2,0,12,12,12,25,11,23,0.3768,0.3768,0.0000,9,1,0,0,recheck,0,still,0
2217,171,1,1,276,14,0,1,0,22,0,1,15,7,0,3,0,3,3,3,25,19,22,0.3716,0.1858,0.0000,10,1,0,0,recheck,0,still,0
2218,2,1,1,298,16,0,1,0,18,0,1,0,18,0,0,0,4,4,3,22,18,21,0.4424,0.4424,0.0000,6,1,0,0,recheck,0,still,0
2218,58,1,1,400,15,0,1,0,18,0,1,12,6,0,0,0,4,4,4,22,18,22,0.6075,0.3931,0.0000,10,1,0,0,recheck,0,still,0
2218,87,1,1,461,16,0,2,0,20,0,1,17,3,0,0,0,2,2,3,22,20,23,0.5622,0.2460,0.0000,10,1,0,0,recheck,0,still,0
2218,118,3,1,621,18,0,1,0,23,0,1,2,21,0,0,0,4,4,4,27,23,27,0.4752,0.4752,0.0000,13,1,0,0,period_end,0,still,0
2219,12,2,1,507,17,0,1,0,20,0,1,2,18,0,0,0,4,4,5,24,20,25,0.6135,0.6135,0.0000,11,1,0,0,recheck,0,still,0
2219,114,1,1,348,15,0,2,0,17,0,1,0,17,0,1,0,4,4,4,21,16,20,0.4108,0.4108,0.0000,7,1,0,0,period_end,0,still,0
2219,154,2,1,346,17,0,1,0,18,0,1,0,18,0,0,0,4,4,4,22,18,22,0.3189,0.3189,0.0000,8,1,0,0,period_end,0,still,0
2220,1,2,1,315,16,0,1,0,18,0,1,0,18,0,0,0,4,4,4,22,18,22,0.3711,0.3711,0.0000,6,1,0,0,period_end,0,still,0
2220,54,2,1,631,19,1,2,0,12,0,1,2,10,0,0,0,10,10,10,22,12,22,0.5742,0.5742,0.0000,11,1,0,0,recheck,0,still,0
2220,117,3,1,636,16,0,1,0,21,0,1,2,19,0,0,0,7,7,7,28,21,28,0.4498,0.4498,0.0000,11,1,0,0,period_end,0,still,0
2220,118,3,1,623,18,0,1,0,23,0,1,2,21,0,0,0,4,4,4,27,23,27,0.4752,0.4752,0.0000,13,1,0,0,recheck,0,still,0
2220,135,1,1,449,15,0,1,0,24,0,1,18,6,0,3,0,2,2,1,26,21,22,0.3179,0.0530,0.0000,9,1,0,0,recheck,0,still,0
2221,55,2,1,590,20,0,2,0,14,0,1,5,9,0,0,0,10,10,10,24,14,24,0.5840,0.5840,0.0000,12,1,0,0,recheck,0,still,0
2222,182,1,1,460,18,1,2,0,21,0,1,2,19,0,2,0,6,6,5,27,19,24,0.4936,0.4936,0.0000,11,1,0,0,recheck,0,still,0
2223,130,1,1,605,17,0,6,0,10,0,1,0,10,0,0,0,11,11,11,21,10,21,0.5694,0.5694,0.0000,9,1,0,0,recheck,0,still,0
2223,142,2,1,527,16,2,6,0,12,0,1,0,12,0,0,1,11,11,11,23,13,24,0.6504,0.6504,0.0000,11,1,0,0,recheck,0,still,0
2223,189,1,1,435,14,0,1,1,18,0,1,0,18,0,2,0,4,4,4,22,16,20,0.4600,0.4600,0.0000,9,1,0,0,recheck,0,still,0
2224,9,1,1,481,19,0,1,0,16,0,1,2,14,0,0,0,8,8,8,24,16,24,0.5367,0.5367,0.0000,10,1,0,0,recheck,0,still,0
2224,119,1,1,589,19,1,2,0,20,0,1,2,18,0,2,0,6,6,6,26,18,24,0.4711,0.4711,0.0000,11,1,0,0,recheck,0,still,0
2224,195,1,1,193,17,1,2,0,19,0,1,0,19,0,1,0,4,4,4,23,18,22,0.4313,0.4313,0.0000,10,1,0,0,recheck,0,still,0
2225,50,1,1,598,18,1,3,0,10,0,1,0,10,0,0,0,11,11,12,21,10,22,0.5967,0.5967,0.0000,10,1,0,0,recheck,0,still,0
2225,113,1,1,263,16,0,2,0,19,0,1,0,19,0,1,0,2,2,2,21,18,20,0.4103,0.4103,0.0000,8,1,0,0,recheck,0,still,0
2226,13,2,1,450,16,1,2,0,16,0,1,2,14,0,0,1,8,8,8,24,17,25,0.5936,0.5936,0.0000,10,1,0,0,recheck,0,still,0
2226,21,2,1,648,19,0,2,0,10,0,1,2,8,0,0,0,11,11,11,21,10,21,0.5565,0.5565,0.0000,11,1,0,0,recheck,0,still,0
2226,116,2,1,451,14,0,1,0,18,0,1,0,18,0,2,0,9,9,9,27,16,25,0.4315,0.4315,0.0000,10,1,0,0,recheck,0,still,0
2226,158,1,1,322,15,0,3,0,14,0,1,0,14,0,0,0,5,5,5,19,14,19,0.2895,0.2895,0.0000,5,1,0,0,recheck,0,still,0
2226,177,1,1,493,16,0,1,1,24,0,1,20,4,0,2,0,1,1,0,25,22,22,0.3172,0.0264,0.0000,9,1,0,0,recheck,0,still,0
2227,8,2,1,468,18,0,2,0,17,0,1,2,15,0,0,0,9,9,9,26,17,26,0.5057,0.5057,0.0000,11,1,0,0,recheck,0,still,0
2227,62,1,1,467,16,8,12,0,21,0,0,21,0,0,0,0,0,0,0,21,21,21,0.6781,0.0000,0.0000,12,0,0,0,recheck,0,end_clear,0
2227,79,1,1,479,17,0,3,0,9,0,1,0,9,0,1,0,12,12,12,21,8,20,0.6348,0.6348,0.0000,10,1,0,0,recheck,0,still,0
2228,17,3,1,529,17,1,3,0,11,0,1,0,11,0,0,0,13,13,13,24,11,24,0.5595,0.5595,0.0000,12,1,0,0,recheck,0,still,0
2228,28,2,1,539,15,11,12,0,21,0,0,21,0,0,0,0,0,0,0,21,21,21,0.5300,0.0000,0.0000,12,0,0,0,recheck,0,end_clear,1
2228,91,1,0,-1,17,6,12,0,19,0,0,19,0,0,0,1,0,0,0,19,20,20,0.6422,0.0000,0.0000,11,0,0,0,,0,hop,1
2228,153,1,1,184,16,0,2,0,19,0,1,0,19,0,1,0,3,3,3,22,18,21,0.4386,0.4386,0.0000,9,1,0,0,recheck,0,still,0
2228,154,2,1,355,17,0,1,0,18,0,1,0,18,0,0,0,4,4,4,22,18,22,0.3189,0.3189,0.0000,8,1,0,0,recheck,0,still,0
2228,174,2,0,-1,11,0,3,0,13,0,0,13,0,0,1,0,0,0,0,13,12,12,0.6751,0.0000,0.0000,12,0,0,0,,0,pending,0
2229,56,1,1,620,20,1,2,0,14,0,1,7,7,0,0,0,9,9,10,23,14,24,0.5468,0.5468,0.0000,10,1,0,0,recheck,0,still,0
2229,117,3,1,645,16,0,1,0,19,0,1,2,17,0,0,0,9,9,9,28,19,28,0.4498,0.4498,0.0000,11,1,0,0,recheck,0,still,0
2229,140,1,1,147,17,0,1,0,15,0,1,0,15,0,1,0,7,7,7,22,14,21,0.6032,0.6032,0.0000,10,1,0,0,recheck,0,still,0
2229,169,1,1,547,17,5,6,0,14,0,1,1,13,0,0,2,5,5,5,19,16,21,0.5703,0.5703,0.0000,9,1,0,0,recheck,0,still,0
2229,170,3,1,57,16,1,2,0,11,0,1,0,11,0,0,0,13,13,12,24,11,23,0.6698,0.6698,0.0000,13,1,0,0,recheck,0,still,0
2229,174,2,0,-1,11,0,3,0,13,0,0,13,0,0,1,0,0,0,0,13,12,12,0.6752,0.0000,0.0000,12,0,0,0,,0,hop,1
2230,115,2,1,265,16,0,1,0,17,0,1,0,17,0,1,0,7,7,7,24,16,23,0.3503,0.3503,0.0000,8,1,0,0,recheck,0,still,0
2230,145,1,1,155,14,1,2,0,19,0,1,0,19,0,2,0,3,3,3,22,17,20,0.4226,0.4226,0.0000,8,1,0,0,recheck,0,still,0
2230,159,1,1,344,10,2,3,0,7,0,1,1,6,0,0,0,8,8,8,15,7,15,0.2623,0.2623,0.0000,4,1,0,0,recheck,0,still,0
2230,165,1,1,638,19,0,1,0,13,0,1,3,10,0,2,0,11,11,11,24,11,22,0.3760,0.3760,0.0000,9,1,0,0,recheck,0,still,0
2231,76,3,1,528,17,5,8,0,13,0,1,0,13,0,0,0,10,10,10,23,13,23,0.5656,0.5656,0.0000,12,1,0,0,recheck,0,still,0
2231,128,1,1,652,19,0,2,0,16,0,1,8,8,0,1,0,10,10,8,26,15,23,0.3742,0.3208,0.0000,9,1,0,0,recheck,0,still,0
2232,3,2,1,359,15,0,1,0,17,0,1,0,17,0,0,0,4,4,4,21,17,21,0.4356,0.4356,0.0000,7,1,0,0,period_end,0,still,0
2232,146,2,1,882,17,0,1,0,17,0,1,0,17,0,0,0,8,8,8,25,17,25,0.4878,0.4878,0.0000,12,1,0,0,recheck,0,still,0
2232,161,2,1,557,18,0,1,0,13,0,1,0,13,0,1,0,14,14,13,27,12,25,0.4533,0.4533,0.0000,10,1,0,0,recheck,0,still,0
2233,57,1,1,632,18,1,2,0,15,0,1,8,7,0,0,0,7,7,7,22,15,22,0.5849,0.5118,0.0000,10,1,0,0,recheck,0,still,0
2233,77,3,1,579,19,2,3,0,12,0,1,0,12,0,1,0,13,13,13,25,11,24,0.5679,0.5679,0.0000,13,1,0,0,recheck,0,still,0
2233,123,2,1,360,14,1,3,0,12,0,1,0,12,0,0,0,7,7,7,19,12,19,0.3175,0.3175,0.0000,7,1,0,0,period_end,0,still,0
2233,131,2,1,394,15,0,1,0,23,0,1,16,7,0,2,0,4,4,3,27,21,24,0.3961,0.1733,0.0000,10,1,0,0,recheck,0,still,0
2234,10,1,1,468,19,1,2,0,17,0,1,2,15,0,0,0,9,9,8,26,17,25,0.6027,0.6027,0.0000,11,1,0,0,recheck,0,still,0
2234,84,1,1,617,17,0,2,0,15,0,1,8,7,0,0,0,7,7,6,22,15,21,0.6170,0.5082,0.0000,11,1,0,0,recheck,0,still,0
2235,2,1,1,315,16,0,1,0,18,0,1,0,18,0,0,0,4,4,3,22,18,21,0.4415,0.4415,0.0000,6,1,0,0,period_end,0,still,0
2235,6,2,1,397,16,0,1,0,16,0,1,1,15,0,0,0,9,9,9,25,16,25,0.4569,0.4569,0.0000,10,1,0,0,recheck,0,still,0
2235,19,3,1,530,18,0,2,0,13,0,1,5,8,0,0,0,12,12,12,25,13,25,0.6152,0.6152,0.0000,13,1,0,0,recheck,0,still,0
2235,44,1,1,482,18,0,2,0,17,0,1,2,15,0,0,0,7,7,8,24,17,25,0.5468,0.5468,0.0000,9,1,0,0,recheck,0,still,0
2235,114,1,1,364,15,0,2,0,17,0,1,0,17,0,1,0,4,4,4,21,16,20,0.4107,0.4107,0.0000,7,1,0,0,recheck,0,still,0
2235,166,2,1,595,19,1,2,0,15,0,1,7,8,0,1,0,12,12,11,27,14,25,0.3731,0.3731,0.0000,10,1,0,0,recheck,0,still,0
2236,188,1,1,429,16,1,2,0,19,0,1,0,19,0,1,0,3,3,3,22,18,21,0.4323,0.4323,0.0000,10,1,0,0,recheck,0,still,0
2237,4,2,1,403,15,0,1,0,16,0,1,0,16,0,0,0,6,6,6,22,16,22,0.4358,0.4358,0.0000,8,1,0,0,recheck,0,still,0
2237,15,1,1,573,17,3,8,0,10,0,1,0,10,0,0,0,11,11,11,21,10,21,0.5728,0.5728,0.0000,10,1,0,0,recheck,0,still,0
2237,139,1,1,855,18,0,2,1,18,0,1,1,17,0,0,0,5,5,5,23,18,23,0.5013,0.5013,0.0000,10,1,0,0,recheck,0,still,0
2237,141,2,1,563,18,6,8,0,12,0,1,0,12,0,0,2,10,10,10,22,14,24,0.6597,0.6597,0.0000,11,1,0,0,recheck,0,still,0
2237,149,1,1,429,17,0,1,0,18,0,1,2,16,0,2,0,8,8,8,26,16,24,0.4407,0.4407,0.0000,8,1,0,0,recheck,0,still,0
2237,163,1,1,635,17,0,1,1,13,0,1,0,13,0,3,0,12,12,11,25,10,21,0.3518,0.3518,0.0000,8,1,0,0,recheck,0,still,0
2238,49,2,1,405,18,0,8,0,11,0,1,0,11,0,0,0,13,13,13,24,11,24,0.5783,0.5783,0.0000,11,1,0,0,recheck,0,still,0
2238,83,2,1,260,16,1,2,0,19,0,1,12,7,0,0,0,3,3,3,22,19,22,0.5420,0.3507,0.0000,11,1,0,0,recheck,0,still,0
2238,86,1,1,447,14,0,2,0,20,0,1,17,3,0,0,0,2,2,3,22,20,23,0.5006,0.1788,0.0000,8,1,0,0,recheck,0,still,0
2239,25,2,1,436,15,1,2,0,21,0,1,17,4,0,0,0,2,2,2,23,21,23,0.5539,0.1955,0.0000,11,1,0,0,recheck,0,still,0
2239,34,1,0,-1,1,0,1,1,2,0,0,2,0,0,0,0,0,0,0,2,2,2,0.0369,0.0000,0.0000,1,0,0,0,,0,pending,0
2239,163,1,1,637,17,0,1,1,13,0,1,0,13,0,3,0,12,12,11,25,10,21,0.3518,0.3518,0.0000,8,1,0,0,period_end,0,still,0
2240,7,2,1,255,16,1,2,0,16,0,1,2,14,0,0,0,9,9,10,25,16,26,0.4192,0.4192,0.0000,9,1,0,0,recheck,0,still,0
2240,26,3,1,415,16,1,2,0,23,0,1,21,2,0,0,0,0,0,0,23,23,23,0.5626,0.0592,0.0000,13,0,1,0,recheck,0,end_clear,1
2240,34,1,0,-1,1,0,1,1,2,0,0,2,0,0,0,0,0,0,0,2,2,2,0.0369,0.0000,0.0000,1,0,0,0,,0,hop,1
2240,73,2,0,-1,2,0,3,1,3,0,0,3,0,0,0,0,0,0,0,3,3,3,0.0331,0.0000,0.0000,1,0,0,0,,0,hop,1
2240,88,1,1,513,16,0,1,0,20,0,1,20,0,0,0,0,0,0,1,20,20,21,0.5743,0.0000,0.0000,10,0,0,0,recheck,0,end_clear,1
2241,14,1,1,501,19,0,1,0,15,0,1,1,14,0,0,2,6,6,6,21,17,23,0.5541,0.5541,0.0000,8,1,0,0,recheck,0,still,0
2241,16,1,1,653,17,0,3,0,9,0,1,0,9,0,0,0,12,12,12,21,9,21,0.5807,0.5807,0.0000,9,1,0,0,recheck,0,still,0
2241,68,3,1,380,17,0,1,0,17,0,1,0,17,0,0,0,4,4,4,21,17,21,0.3806,0.3806,0.0000,7,1,0,0,recheck,0,still,0
2241,194,1,1,611,18,0,2,1,20,0,1,2,18,0,2,0,7,7,7,27,18,25,0.4614,0.4614,0.0000,12,1,0,0,recheck,0,still,0
2242,199,1,1,380,15,1,2,0,14,0,1,0,14,0,0,0,6,6,5,20,14,19,0.2678,0.2678,0.0000,6,1,0,0,recheck,0,still,0
2243,16,1,1,655,17,0,3,0,9,0,1,0,9,0,0,0,12,12,12,21,9,21,0.5807,0.5807,0.0000,9,1,0,0,period_end,0,still,0
2243,157,2,1,314,17,0,2,0,17,0,1,0,17,0,0,0,4,4,4,21,17,21,0.2625,0.2625,0.0000,6,1,0,0,recheck,0,still,0
2244,47,2,1,533,18,0,2,0,16,0,1,1,15,0,0,1,5,5,6,21,17,23,0.5812,0.5812,0.0000,11,1,0,0,recheck,0,still,0
2244,51,1,1,413,18,2,3,0,9,0,1,0,9,0,0,0,11,11,12,20,9,21,0.6038,0.6038,0.0000,10,1,0,0,recheck,0,still,0
2244,123,2,1,371,14,1,3,0,12,0,1,0,12,0,0,0,7,7,7,19,12,19,0.3175,0.3175,0.0000,7,1,0,0,recheck,0,still,0
2244,151,1,1,322,19,0,1,0,19,0,1,2,17,0,1,0,5,5,6,24,18,24,0.4709,0.4709,0.0000,10,1,0,0,recheck,0,still,0
2245,11,1,1,479,17,0,1,0,17,0,1,2,15,0,0,0,8,8,7,25,17,24,0.6585,0.6585,0.0000,11,1,0,0,recheck,0,still,0
2245,32,1,0,-1,8,0,2,0,10,0,0,10,0,0,1,0,0,0,0,10,9,9,0.5175,0.0000,0.0000,7,0,0,0,,0,pending,0
2245,35,3,1,370,16,0,1,0,18,0,1,2,16,0,0,0,9,9,9,27,18,27,0.4630,0.4630,0.0000,10,1,0,0,recheck,0,still,0
2245,71,2,0,-1,3,1,2,0,4,0,0,4,0,0,0,0,0,0,0,4,4,4,0.1652,0.0000,0.0000,3,0,0,0,,0,pending,0
2245,165,1,1,653,19,0,1,0,14,0,1,6,8,0,2,0,11,11,11,25,12,23,0.3760,0.3760,0.0000,9,1,0,0,period_end,0,still,0
2246,5,2,1,406,17,0,1,0,16,0,1,1,15,0,0,0,9,9,9,25,16,25,0.5116,0.5116,0.0000,10,1,0,0,recheck,0,still,0
2246,32,1,0,-1,8,0,2,0,10,0,0,10,0,0,1,0,0,0,0,10,9,9,0.5175,0.0000,0.0000,7,0,0,0,,0,hop,1
2246,57,1,1,645,18,1,2,0,15,0,1,10,5,0,0,0,7,7,7,22,15,22,0.5849,0.3656,0.0000,10,1,0,0,period_end,0,still,0
2246,71,2,0,-1,3,1,2,0,4,0,0,4,0,0,0,0,0,0,0,4,4,4,0.1652,0.0000,0.0000,3,0,0,0,,0,hop,1
2246,72,2,1,379,16,0,1,0,11,0,1,0,11,0,0,0,9,9,9,20,11,20,0.2972,0.2972,0.0000,5,1,0,0,recheck,0,still,0
2246,80,1,1,462,18,1,2,0,9,0,1,2,7,0,0,0,11,11,12,20,9,21,0.4927,0.4927,0.0000,8,1,0,0,recheck,0,still,0
2246,168,1,1,485,17,0,1,1,17,0,1,12,5,0,0,0,9,9,5,26,17,22,0.3468,0.1867,0.0000,8,1,0,0,recheck,0,still,0
2247,23,2,1,257,15,0,2,0,18,0,1,14,4,0,0,0,3,3,3,21,18,21,0.5157,0.1611,0.0000,11,1,0,0,recheck,0,still,0
2247,126,2,1,602,19,0,1,0,13,0,1,2,11,0,2,0,12,12,12,25,11,23,0.3508,0.3508,0.0000,10,1,0,0,recheck,0,still,0
2247,127,1,1,655,19,0,1,0,13,0,1,3,10,0,2,0,12,12,12,25,11,23,0.3768,0.3768,0.0000,9,1,0,0,recheck,0,still,0
2247,171,1,1,306,14,0,1,0,23,0,1,19,4,0,3,0,2,2,2,25,20,22,0.3716,0.0796,0.0000,10,1,0,0,recheck,0,still,0
2248,2,1,1,328,16,0,1,0,14,0,1,0,14,0,0,0,8,8,7,22,14,21,0.4408,0.4408,0.0000,6,1,0,0,recheck,0,still,0
2248,58,1,1,430,15,0,1,0,18,0,1,15,3,0,0,0,3,3,3,21,18,21,0.6079,0.1430,0.0000,10,1,0,0,recheck,0,still,0
2248,87,1,1,491,15,0,2,1,21,0,1,21,0,0,1,0,0,0,2,21,20,22,0.5576,0.0000,0.0000,10,0,0,0,recheck,0,end_clear,1
2249,12,2,1,537,17,0,1,0,17,0,1,2,15,0,0,0,7,7,8,24,17,25,0.6136,0.6136,0.0000,11,1,0,0,recheck,0,still,0
2250,1,2,1,345,16,0,1,0,14,0,1,0,14,0,0,0,8,8,8,22,14,22,0.4315,0.4315,0.0000,7,1,0,0,recheck,0,still,0
2250,54,2,1,661,19,1,2,0,13,0,1,8,5,0,0,0,10,10,10,23,13,23,0.5742,0.4785,0.0000,11,1,0,0,recheck,0,still,0
2250,118,3,1,653,18,0,1,0,20,0,1,2,18,0,0,0,7,7,7,27,20,27,0.4752,0.4752,0.0000,13,1,0,0,recheck,0,still,0
2250,135,1,1,479,15,0,1,0,24,0,1,22,2,0,4,0,1,1,1,25,20,21,0.3444,0.0265,0.0000,10,0,1,0,recheck,0,end_clear,0
2251,55,2,1,620,19,0,2,0,15,0,1,11,4,0,0,0,9,9,9,24,15,24,0.5516,0.3569,0.0000,11,1,0,0,recheck,0,still,0
2252,128,1,1,673,19,0,2,0,17,0,1,12,5,0,1,0,9,9,7,26,16,23,0.3208,0.1871,0.0000,7,1,0,0,period_end,0,still,0
2252,182,1,1,490,18,1,2,0,19,0,1,1,18,0,2,0,8,8,7,27,17,24,0.4936,0.4936,0.0000,11,1,0,0,recheck,0,still,0
2253,130,1,1,635,17,2,8,0,9,0,1,0,9,0,0,0,12,12,12,21,9,21,0.5694,0.5694,0.0000,9,1,0,0,recheck,0,still,0
2253,142,2,1,557,16,4,8,0,9,0,1,0,9,0,0,1,13,13,13,22,10,23,0.6506,0.6506,0.0000,11,1,0,0,recheck,0,still,0
2253,189,1,1,465,14,0,1,1,16,0,1,0,16,0,1,0,6,6,5,22,15,20,0.5138,0.5138,0.0000,10,1,0,0,recheck,0,still,0
2254,9,1,1,511,19,0,1,0,16,0,1,2,14,0,0,0,8,8,8,24,16,24,0.5339,0.5339,0.0000,10,1,0,0,recheck,0,still,0
2254,119,1,1,619,19,1,2,0,19,0,1,2,17,0,2,0,7,7,7,26,17,24,0.4711,0.4711,0.0000,11,1,0,0,recheck,0,still,0
2254,195,1,1,223,17,1,2,0,15,0,1,0,15,0,1,0,8,8,8,23,14,22,0.3774,0.3774,0.0000,9,1,0,0,recheck,0,still,0
2255,50,1,1,628,18,1,3,0,9,0,1,0,9,0,0,0,12,12,13,21,9,22,0.5967,0.5967,0.0000,10,1,0,0,recheck,0,still,0
2255,113,1,1,293,16,0,2,0,16,0,1,0,16,0,1,0,5,5,5,21,15,20,0.4103,0.4103,0.0000,8,1,0,0,recheck,0,still,0
2256,13,2,1,480,16,1,2,0,14,0,1,1,13,0,0,1,9,9,9,23,15,24,0.5936,0.5936,0.0000,10,1,0,0,recheck,0,still,0
2256,21,2,1,678,19,0,2,0,13,0,1,9,4,0,0,0,9,9,9,22,13,22,0.5233,0.4252,0.0000,10,1,0,0,recheck,0,still,0
2256,116,2,1,481,14,0,1,0,20,0,1,2,18,0,2,0,9,9,9,29,18,27,0.4314,0.4314,0.0000,10,1,0,0,recheck,0,still,0
2256,157,2,1,327,17,0,2,0,13,0,1,0,13,0,0,0,8,8,8,21,13,21,0.2625,0.2625,0.0000,6,1,0,0,period_end,0,still,0
2256,158,1,1,352,15,0,3,0,11,0,1,0,11,0,0,0,8,8,8,19,11,19,0.2895,0.2895,0.0000,5,1,0,0,recheck,0,still,0
2256,177,1,1,523,16,0,1,1,24,0,0,24,0,0,3,0,0,0,0,24,21,21,0.3701,0.0000,0.0000,10,0,0,0,recheck,0,end_clear,1
2257,8,2,1,498,18,0,2,0,17,0,1,2,15,0,0,0,9,9,9,26,17,26,0.5034,0.5034,0.0000,11,1,0,0,recheck,0,still,0
2257,79,1,1,509,17,0,3,0,9,0,1,1,8,0,1,0,11,11,11,20,8,19,0.6355,0.6355,0.0000,10,1,0,0,recheck,0,still,0
2258,17,3,1,559,17,1,3,0,13,0,1,5,8,0,0,0,12,12,12,25,13,25,0.5559,0.5559,0.0000,12,1,0,0,recheck,0,still,0
2258,153,1,1,214,16,0,2,0,15,0,1,0,15,0,1,0,7,7,7,22,14,21,0.4386,0.4386,0.0000,9,1,0,0,recheck,0,still,0
2258,154,2,1,385,17,0,1,0,15,0,1,0,15,0,0,0,8,8,8,23,15,23,0.3189,0.3189,0.0000,8,1,0,0,recheck,0,still,0
2258,158,1,1,354,15,0,3,0,11,0,1,0,11,0,0,0,8,8,8,19,11,19,0.2895,0.2895,0.0000,5,1,0,0,period_end,0,still,0
2259,21,2,1,681,19,0,2,0,13,0,1,9,4,0,0,0,9,9,9,22,13,22,0.5233,0.4252,0.0000,10,1,0,0,period_end,0,still,0
2259,56,1,1,650,20,1,2,0,15,0,1,11,4,0,0,0,7,7,8,22,15,23,0.4739,0.3646,0.0000,8,1,0,0,recheck,0,still,0
2259,117,3,1,675,16,0,1,0,19,0,1,2,17,0,0,0,9,9,9,28,19,28,0.4498,0.4498,0.0000,11,1,0,0,recheck,0,still,0
2259,140,1,1,177,17,0,1,0,14,0,1,0,14,0,1,0,8,8,8,22,13,21,0.6039,0.6039,0.0000,10,1,0,0,recheck,0,still,0
2259,169,1,1,577,17,7,8,0,12,0,1,0,12,0,0,2,6,6,6,18,14,20,0.5704,0.5704,0.0000,9,1,0,0,recheck,0,still,0
2259,170,3,1,87,16,1,8,0,10,0,1,0,10,0,0,0,14,14,13,24,10,23,0.6711,0.6711,0.0000,13,1,0,0,recheck,0,still,0
2260,115,2,1,295,16,0,1,0,17,0,1,1,16,0,1,0,8,8,8,25,16,24,0.3505,0.3505,0.0000,8,1,0,0,recheck,0,still,0
2260,145,1,1,185,14,1,2,0,17,0,1,0,17,0,2,0,5,5,5,22,15,20,0.4226,0.4226,0.0000,8,1,0,0,recheck,0,still,0
2260,159,1,1,374,10,2,3,0,6,0,1,0,6,0,0,0,8,8,8,14,6,14,0.2623,0.2623,0.0000,4,1,0,0,recheck,0,still,0
2260,165,1,1,668,19,0,1,0,14,0,1,7,7,0,2,0,11,11,11,25,12,23,0.3760,0.3760,0.0000,9,1,0,0,recheck,0,still,0
2260,171,1,1,319,14,0,1,0,24,0,0,21,3,0,3,0,0,0,0,24,21,21,0.3451,0.0000,0.0000,9,0,0,0,period_end,0,end_period,1
2261,54,2,1,672,19,1,2,0,16,0,1,10,6,0,0,0,7,7,7,23,16,23,0.5742,0.4785,0.0000,11,1,0,0,period_end,0,still,0
2261,76,3,1,558,17,5,8,0,13,0,1,0,13,0,0,0,10,10,10,23,13,23,0.5656,0.5656,0.0000,12,1,0,0,recheck,0,still,0
2261,128,1,1,682,19,0,2,0,20,0,1,14,6,0,1,0,6,6,4,26,19,23,0.3208,0.1871,0.0000,7,1,0,0,recheck,0,still,0
2262,3,2,1,389,15,0,1,0,15,0,1,0,15,0,0,0,6,6,6,21,15,21,0.4341,0.4341,0.0000,7,1,0,0,recheck,0,still,0
2262,146,2,1,912,17,0,1,0,18,0,1,2,16,0,0,0,9,9,9,27,18,27,0.4899,0.4899,0.0000,12,1,0,0,recheck,0,still,0
2262,161,2,1,587,18,0,1,0,13,0,1,0,13,0,2,0,14,14,14,27,11,25,0.4533,0.4533,0.0000,10,1,0,0,recheck,0,still,0
2263,57,1,1,662,18,1,2,0,18,0,1,13,5,0,0,0,3,3,3,21,18,21,0.5484,0.3290,0.0000,9,1,0,0,recheck,0,still,0
2263,77,3,1,609,19,2,3,0,11,0,1,0,11,0,1,0,14,14,14,25,10,24,0.5690,0.5690,0.0000,13,1,0,0,recheck,0,still,0
2263,131,2,1,424,15,0,1,1,25,0,1,21,4,0,2,0,1,1,0,26,23,23,0.3961,0.0000,0.0000,10,0,0,0,recheck,0,end_clear,1
2264,10,1,1,498,19,1,2,0,18,0,1,2,16,0,0,0,8,8,7,26,18,25,0.5999,0.5999,0.0000,11,1,0,0,recheck,0,still,0
2264,84,1,1,647,17,0,2,0,18,0,1,14,4,0,0,0,3,3,2,21,18,20,0.5808,0.3267,0.0000,10,1,0,0,recheck,0,still,0
2265,6,2,1,427,16,0,1,0,18,0,1,2,16,0,0,0,8,8,8,26,18,26,0.4555,0.4555,0.0000,10,1,0,0,recheck,0,still,0
2265,19,3,1,560,18,0,2,0,16,0,1,11,5,0,0,0,9,9,9,25,16,25,0.5851,0.4973,0.0000,12,1,0,0,recheck,0,still,0
2265,44,1,1,512,18,0,2,0,18,0,1,2,16,0,0,0,6,6,7,24,18,25,0.5467,0.5467,0.0000,9,1,0,0,recheck,0,still,0
2265,84,1,1,648,17,0,2,0,18,0,1,14,4,0,0,0,3,3,2,21,18,20,0.5808,0.3267,0.0000,10,1,0,0,period_end,0,still,0
2265,114,1,1,394,15,0,2,0,16,0,1,0,16,0,1,0,5,5,5,21,15,20,0.4107,0.4107,0.0000,7,1,0,0,recheck,0,still,0
2265,166,2,1,625,18,1,2,0,18,0,1,13,5,0,1,0,8,8,7,26,17,24,0.3482,0.2736,0.0000,9,1,0,0,recheck,0,still,0
2266,188,1,1,459,16,1,2,0,16,0,1,0,16,0,1,0,6,6,6,22,15,21,0.4863,0.4863,0.0000,11,1,0,0,recheck,0,still,0
2267,4,2,1,433,15,0,1,0,16,0,1,1,15,0,0,0,7,7,7,23,16,23,0.4343,0.4343,0.0000,8,1,0,0,recheck,0,still,0
2267,15,1,1,603,17,3,8,0,10,0,1,0,10,0,0,0,11,11,11,21,10,21,0.5731,0.5731,0.0000,10,1,0,0,recheck,0,still,0
2267,101,3,0,-1,1,0,1,1,1,0,0,1,0,0,0,0,0,0,0,1,1,1,0.0299,0.0000,0.0000,1,0,0,0,,0,hop,1
2267,115,2,1,302,16,0,1,0,18,0,1,2,16,0,1,0,8,8,8,26,17,25,0.3504,0.3504,0.0000,8,1,0,0,period_end,0,still,0
2267,139,1,1,885,18,0,2,1,18,0,1,0,18,0,0,0,4,4,4,22,18,22,0.5013,0.5013,0.0000,10,1,0,0,recheck,0,still,0
2267,141,2,1,593,18,6,8,0,13,0,1,0,13,0,0,2,9,9,9,22,15,24,0.6583,0.6583,0.0000,11,1,0,0,recheck,0,still,0
2267,149,1,1,459,17,0,1,0,20,0,1,2,18,0,2,0,6,6,6,26,18,24,0.4407,0.4407,0.0000,8,1,0,0,recheck,0,still,0
2267,163,1,1,665,17,0,1,1,12,0,1,0,12,0,2,0,13,13,11,25,10,21,0.3518,0.3518,0.0000,8,1,0,0,recheck,0,still,0
2268,49,2,1,435,18,0,8,0,10,0,1,0,10,0,0,0,14,14,14,24,10,24,0.6785,0.6785,0.0000,12,1,0,0,recheck,0,still,0
2268,83,2,1,290,16,1,2,0,22,0,1,18,4,0,0,0,0,0,0,22,22,22,0.5420,0.1913,0.0000,11,1,0,0,recheck,0,still,0
2268,86,1,1,477,14,0,1,0,21,0,0,21,0,0,0,0,0,0,0,21,21,21,0.5023,0.0000,0.0000,8,0,0,0,recheck,0,end_clear,1
2269,25,2,1,466,16,0,2,0,22,0,0,22,0,0,0,0,0,0,0,22,22,22,0.5239,0.0000,0.0000,10,0,0,0,recheck,0,end_clear,1
2269,33,3,0,-1,5,2,5,0,8,0,0,8,0,0,1,0,0,0,0,8,7,7,0.3298,0.0000,0.0000,6,0,0,0,,0,hop,1
2269,130,1,1,651,17,2,8,0,9,0,1,0,9,0,0,0,12,12,12,21,9,21,0.5705,0.5705,0.0000,9,1,0,0,period_end,0,still,0
2269,151,1,1,347,19,0,1,0,18,0,1,0,18,0,1,0,4,4,5,22,17,22,0.4709,0.4709,0.0000,10,1,0,0,period_end,0,still,0
2270,7,2,1,285,16,1,2,0,18,0,1,2,16,0,0,0,7,7,8,25,18,26,0.4191,0.4191,0.0000,9,1,0,0,recheck,0,still,0
2271,14,1,1,531,19,0,1,0,15,0,1,0,15,0,0,2,5,5,5,20,17,22,0.4802,0.4802,0.0000,7,1,0,0,recheck,0,still,0
2271,16,1,1,683,17,0,3,0,10,0,1,1,9,0,0,0,11,11,11,21,10,21,0.5807,0.5807,0.0000,9,1,0,0,recheck,0,still,0
2271,68,3,1,410,17,0,1,0,14,0,1,0,14,0,0,0,8,8,8,22,14,22,0.3794,0.3794,0.0000,7,1,0,0,recheck,0,still,0
2271,194,1,1,641,18,0,2,1,20,0,1,1,19,0,2,0,6,6,6,26,18,24,0.4614,0.4614,0.0000,12,1,0,0,recheck,0,still,0
2272,109,2,0,-1,6,3,5,0,8,0,0,8,0,0,0,0,0,0,0,8,8,8,0.3900,0.0000,0.0000,6,0,0,0,,0,pending,0
2272,199,1,1,410,15,1,2,0,11,0,1,0,11,0,0,0,9,9,8,20,11,19,0.2678,0.2678,0.0000,6,1,0,0,recheck,0,still,0
2273,109,2,0,-1,6,3,5,0,8,0,0,8,0,0,0,0,0,0,0,8,8,8,0.3899,0.0000,0.0000,6,0,0,0,,0,hop,1
2273,136,2,0,-1,4,0,5,1,6,0,0,6,0,0,1,0,0,0,0,6,5,5,0.2501,0.0000,0.0000,5,0,0,0,,0,pending,0
2273,157,2,1,344,17,0,2,0,13,0,1,0,13,0,0,0,8,8,8,21,13,21,0.2625,0.2625,0.0000,6,1,0,0,recheck,0,still,0
2274,47,2,1,563,18,0,2,0,16,0,1,0,16,0,0,1,4,4,5,20,17,22,0.5812,0.5812,0.0000,11,1,0,0,recheck,0,still,0
2274,51,1,1,443,18,2,3,0,11,0,1,3,8,0,0,0,10,10,11,21,11,22,0.6031,0.6031,0.0000,10,1,0,0,recheck,0,still,0
2274,66,1,0,-1,9,0,1,0,10,0,0,10,0,0,0,0,0,0,0,10,10,10,0.4061,0.0000,0.0000,6,0,0,0,,0,hop,1
2274,67,2,0,-1,8,1,2,0,9,0,0,9,0,0,0,1,0,0,0,9,10,10,0.4274,0.0000,0.0000,7,0,0,0,,0,pending,0
2274,92,1,0,-1,12,2,3,0,13,0,0,13,0,0,0,0,0,0,0,13,13,13,0.4803,0.0000,0.0000,8,0,0,0,,0,pending,0
2274,123,2,1,401,14,1,3,0,9,0,1,0,9,0,0,0,10,10,10,19,9,19,0.3175,0.3175,0.0000,7,1,0,0,recheck,0,still,0
2274,136,2,0,-1,4,0,5,1,6,0,0,6,0,0,1,0,0,0,0,6,5,5,0.2499,0.0000,0.0000,5,0,0,0,,0,hop,1
2274,151,1,1,352,19,0,1,0,18,0,1,0,18,0,1,0,4,4,5,22,17,22,0.4709,0.4709,0.0000,10,1,0,0,recheck,0,still,0
2275,11,1,1,509,17,0,1,0,16,0,1,0,16,0,0,0,7,7,6,23,16,22,0.6563,0.6563,0.0000,11,1,0,0,recheck,0,still,0
2275,35,3,1,400,16,0,1,0,19,0,1,2,17,0,0,0,8,8,8,27,19,27,0.4630,0.4630,0.0000,10,1,0,0,recheck,0,still,0
2275,67,2,0,-1,8,1,3,0,8,0,0,8,0,0,0,1,0,0,0,8,9,9,0.3616,0.0000,0.0000,6,0,0,0,,0,hop,1
2275,92,1,0,-1,12,2,3,0,13,0,0,13,0,0,0,0,0,0,0,13,13,13,0.4803,0.0000,0.0000,8,0,0,0,,0,hop,1
2276,5,2,1,436,17,0,1,0,17,0,1,2,15,0,0,0,9,9,9,26,17,26,0.5099,0.5099,0.0000,10,1,0,0,recheck,0,still,0
2276,72,2,1,409,16,0,1,0,10,0,1,0,10,0,0,0,10,10,10,20,10,20,0.2962,0.2962,0.0000,5,1,0,0,recheck,0,still,0
2276,80,1,1,492,18,1,2,0,11,0,1,6,5,0,0,0,9,9,10,20,11,21,0.4928,0.4928,0.0000,8,1,0,0,recheck,0,still,0
2276,168,1,1,515,17,0,1,1,20,0,1,17,3,0,0,0,4,4,0,24,20,20,0.3468,0.0267,0.0000,8,1,0,0,recheck,0,still,0
2277,23,2,1,287,15,0,2,0,20,0,1,19,1,0,0,0,0,0,0,20,20,20,0.4838,0.0323,0.0000,10,0,1,0,recheck,0,end_clear,1
2277,126,2,1,632,17,0,1,0,15,0,1,7,8,0,2,0,10,10,10,25,13,23,0.3508,0.3508,0.0000,10,1,0,0,recheck,0,still,0
2277,127,1,1,685,19,0,1,0,15,0,1,8,7,0,2,0,9,9,9,24,13,22,0.3768,0.3768,0.0000,9,1,0,0,recheck,0,still,0
2278,2,1,1,358,16,0,1,0,13,0,1,0,13,0,0,0,9,9,8,22,13,21,0.4391,0.4391,0.0000,6,1,0,0,recheck,0,still,0
2278,58,1,1,460,15,1,2,0,20,0,0,20,0,0,0,0,0,0,0,20,20,20,0.6081,0.0000,0.0000,10,0,0,0,recheck,0,end_clear,0
2279,12,2,1,567,17,0,1,0,16,0,1,0,16,0,0,0,6,6,7,22,16,23,0.6139,0.6139,0.0000,11,1,0,0,recheck,0,still,0
2280,1,2,1,375,16,0,1,0,13,0,1,0,13,0,0,0,9,9,9,22,13,22,0.4301,0.4301,0.0000,7,1,0,0,recheck,0,still,0
2280,54,2,1,691,19,1,2,0,20,0,1,15,5,0,0,0,3,3,3,23,20,23,0.5742,0.2871,0.0000,11,1,0,0,recheck,0,still,0
2280,55,2,1,649,18,0,2,0,20,0,1,17,3,0,0,0,3,3,3,23,20,23,0.5516,0.1622,0.0000,11,1,0,0,period_end,0,still,0
2280,118,3,1,683,18,0,1,0,19,0,1,0,19,0,0,0,6,6,6,25,19,25,0.4752,0.4752,0.0000,13,1,0,0,recheck,0,still,0
2281,55,2,1,650,18,0,2,0,21,0,1,17,4,0,0,0,2,2,2,23,21,23,0.5514,0.1622,0.0000,11,1,0,0,recheck,0,still,0
2282,65,1,0,-1,16,3,8,0,15,0,0,15,0,0,0,1,0,0,0,15,16,16,0.4801,0.0000,0.0000,8,0,0,0,,0,hop,1
2282,182,1,1,520,18,1,2,0,20,0,1,0,20,0,2,0,6,6,5,26,18,23,0.4936,0.4936,0.0000,11,1,0,0,recheck,0,still,0
2283,130,1,1,665,17,2,8,0,14,0,1,0,14,0,0,0,7,7,7,21,14,21,0.5706,0.5706,0.0000,9,1,0,0,recheck,0,still,0
2283,142,2,1,587,16,4,8,0,15,0,1,0,15,0,0,1,7,7,7,22,16,23,0.6503,0.6503,0.0000,11,1,0,0,recheck,0,still,0
2283,189,1,1,495,14,0,1,1,17,0,1,1,16,0,1,0,6,6,5,23,16,21,0.5138,0.5138,0.0000,10,1,0,0,recheck,0,still,0
2284,9,1,1,541,19,0,1,0,17,0,1,1,16,0,0,0,6,6,6,23,17,23,0.5315,0.5315,0.0000,10,1,0,0,recheck,0,still,0
2284,107,3,0,-1,15,2,8,0,15,0,0,15,0,0,1,1,0,0,0,15,15,15,0.6222,0.0000,0.0000,13,0,0,0,,0,hop,1
2284,119,1,1,649,19,1,2,0,19,0,1,0,19,0,2,0,5,5,5,24,17,22,0.4711,0.4711,0.0000,11,1,0,0,recheck,0,still,0
2284,195,1,1,253,17,1,2,0,14,0,1,0,14,0,1,0,9,9,9,23,13,22,0.3774,0.3774,0.0000,9,1,0,0,recheck,0,still,0
2285,50,1,1,658,18,1,3,0,16,0,1,4,12,0,0,0,6,6,7,22,16,23,0.5967,0.5967,0.0000,10,1,0,0,recheck,0,still,0
2285,113,1,1,323,16,0,2,0,15,0,1,0,15,0,1,0,6,6,6,21,14,20,0.4103,0.4103,0.0000,8,1,0,0,recheck,0,still,0
2285,141,2,1,611,18,6,8,0,16,0,1,0,16,0,0,2,6,6,6,22,18,24,0.6594,0.6594,0.0000,11,1,0,0,period_end,0,still,0
2286,13,2,1,510,16,1,2,0,15,0,1,0,15,0,0,1,7,7,7,22,16,23,0.5936,0.5936,0.0000,10,1,0,0,recheck,0,still,0
2286,21,2,1,708,19,0,2,0,20,0,1,15,5,0,0,0,2,2,2,22,20,22,0.5221,0.2284,0.0000,10,1,0,0,recheck,0,still,0
2286,116,2,1,511,14,0,1,0,21,0,1,2,19,0,2,0,8,8,8,29,19,27,0.4314,0.4314,0.0000,10,1,0,0,recheck,0,still,0
2286,119,1,1,651,19,1,2,0,19,0,1,0,19,0,2,0,5,5,5,24,17,22,0.4711,0.4711,0.0000,11,1,0,0,period_end,0,still,0
2286,158,1,1,382,15,0,3,0,10,0,1,0,10,0,0,0,9,9,9,19,10,19,0.2895,0.2895,0.0000,5,1,0,0,recheck,0,still,0
2287,8,2,1,528,18,0,2,0,18,0,1,1,17,0,0,0,7,7,7,25,18,25,0.5014,0.5014,0.0000,11,1,0,0,recheck,0,still,0
2287,79,1,1,539,17,0,3,0,16,0,1,6,10,0,1,0,5,5,5,21,15,20,0.6354,0.5648,0.0000,10,1,0,0,recheck,0,still,0
2287,132,1,0,-1,15,1,5,0,16,0,0,16,0,0,0,1,0,0,0,16,17,17,0.5908,0.0000,0.0000,10,0,0,0,,0,hop,1
2288,17,3,1,589,17,1,3,0,19,0,1,9,10,0,0,0,5,5,5,24,19,24,0.5547,0.4671,0.0000,12,1,0,0,recheck,0,still,0
2288,83,2,1,310,16,1,2,0,21,0,0,21,0,0,0,0,0,0,0,21,21,21,0.5408,0.0000,0.0000,11,0,0,0,period_end,0,end_period,1
2288,153,1,1,244,16,0,2,0,14,0,1,0,14,0,1,0,8,8,8,22,13,21,0.4386,0.4386,0.0000,9,1,0,0,recheck,0,still,0
2288,154,2,1,415,17,0,1,0,14,0,1,0,14,0,0,0,9,9,9,23,14,23,0.3189,0.3189,0.0000,8,1,0,0,recheck,0,still,0
2289,56,1,1,680,19,1,2,0,20,0,1,18,2,0,0,1,2,2,2,22,21,23,0.5143,0.0735,0.0000,9,1,0,0,recheck,0,still,0
2289,117,3,1,705,16,0,1,0,20,0,1,1,19,0,0,0,7,7,7,27,20,27,0.4498,0.4498,0.0000,11,1,0,0,recheck,0,still,0
2289,140,1,1,207,17,0,1,0,17,0,1,0,17,0,1,0,5,5,5,22,16,21,0.6032,0.6032,0.0000,10,1,0,0,recheck,0,still,0
2289,169,1,1,607,17,7,8,0,14,0,1,0,14,0,0,2,4,4,4,18,16,20,0.5705,0.5705,0.0000,9,1,0,0,recheck,0,still,0
2289,170,3,1,117,16,1,8,0,17,0,1,3,14,0,1,0,7,7,7,24,16,23,0.6723,0.6723,0.0000,13,1,0,0,recheck,0,still,0
2290,115,2,1,325,16,0,1,0,18,0,1,2,16,0,1,0,8,8,8,26,17,25,0.3504,0.3504,0.0000,8,1,0,0,recheck,0,still,0
2290,145,1,1,215,14,1,2,0,17,0,1,1,16,0,2,0,6,6,6,23,15,21,0.4226,0.4226,0.0000,8,1,0,0,recheck,0,still,0
2290,159,1,1,404,10,2,3,0,6,0,1,0,6,0,0,0,8,8,8,14,6,14,0.2623,0.2623,0.0000,4,1,0,0,recheck,0,still,0
2290,165,1,1,698,19,0,1,0,22,0,1,14,8,0,2,0,3,3,3,25,20,23,0.3760,0.1880,0.0000,9,1,0,0,recheck,0,still,0
2291,76,3,1,588,17,5,8,0,17,0,1,0,17,0,0,0,6,6,6,23,17,23,0.5656,0.5656,0.0000,12,1,0,0,recheck,0,still,0
2291,108,1,0,-1,11,1,3,0,11,0,0,11,0,0,0,1,0,0,0,11,12,12,0.5171,0.0000,0.0000,8,0,0,0,,0,pending,0
2291,128,1,1,712,18,0,2,0,24,0,1,19,5,0,3,0,1,1,1,25,21,22,0.4009,0.0267,0.0000,9,0,1,0,recheck,0,end_clear,1
2292,3,2,1,419,15,0,1,0,16,0,1,2,14,0,0,0,7,7,7,23,16,23,0.4326,0.4326,0.0000,7,1,0,0,recheck,0,still,0
2292,108,1,0,-1,11,1,3,0,11,0,0,11,0,0,0,1,0,0,0,11,12,12,0.5172,0.0000,0.0000,8,0,0,0,,0,hop,1
2292,146,2,1,942,17,0,1,0,18,0,1,2,16,0,0,0,9,9,9,27,18,27,0.4898,0.4898,0.0000,12,1,0,0,recheck,0,still,0
2292,161,2,1,617,18,0,1,0,21,0,1,6,15,0,1,0,7,7,6,28,20,26,0.4533,0.4533,0.0000,10,1,0,0,recheck,0,still,0
2293,57,1,1,692,18,0,1,0,20,0,1,18,2,0,0,0,0,0,0,20,20,20,0.5171,0.0369,0.0000,9,0,1,0,recheck,0,end_clear,1
2293,77,3,1,639,19,2,3,0,21,0,1,8,13,0,1,0,5,5,5,26,20,25,0.5696,0.5696,0.0000,13,1,0,0,recheck,0,still,0
2294,10,1,1,528,19,1,2,0,14,0,1,0,14,0,0,0,10,10,9,24,14,23,0.5980,0.5980,0.0000,11,1,0,0,recheck,0,still,0
2294,84,1,1,677,16,0,2,0,19,0,1,19,0,0,1,1,0,0,0,19,19,19,0.6190,0.0000,0.0000,11,0,0,0,recheck,0,end_clear,0
2295,6,2,1,457,16,0,1,0,17,0,1,2,15,0,0,0,9,9,9,26,17,26,0.4541,0.4541,0.0000,10,1,0,0,recheck,0,still,0
2295,19,3,1,590,18,0,2,0,25,0,1,19,6,0,0,0,0,0,0,25,25,25,0.4965,0.2044,0.0000,11,1,0,0,recheck,0,still,0
2295,44,1,1,542,18,0,2,0,14,0,1,0,14,0,0,0,7,7,8,21,14,22,0.5466,0.5466,0.0000,9,1,0,0,recheck,0,still,0
2295,114,1,1,424,15,0,2,0,18,0,1,2,16,0,1,0,5,5,5,23,17,22,0.4107,0.4107,0.0000,7,1,0,0,recheck,0,still,0
2295,166,2,1,655,18,0,1,1,25,0,1,20,5,0,2,0,0,0,0,25,23,23,0.3482,0.0249,0.0000,9,1,0,0,recheck,0,still,0
2296,188,1,1,489,16,1,2,0,16,0,1,1,15,0,1,0,7,7,7,23,15,22,0.4863,0.4863,0.0000,11,1,0,0,recheck,0,still,0
2297,4,2,1,463,15,0,1,0,17,0,1,2,15,0,0,0,7,7,7,24,17,24,0.4329,0.4329,0.0000,8,1,0,0,recheck,0,still,0
2297,15,1,1,633,17,3,8,0,13,0,1,1,12,0,0,0,8,8,8,21,13,21,0.5735,0.5735,0.0000,10,1,0,0,recheck,0,still,0
2297,139,1,1,915,18,0,2,1,16,0,1,0,16,0,0,0,6,6,6,22,16,22,0.5013,0.5013,0.0000,10,1,0,0,recheck,0,still,0
2297,141,2,1,623,18,6,8,0,14,0,1,0,14,0,0,2,8,8,8,22,16,24,0.6596,0.6596,0.0000,11,1,0,0,recheck,0,still,0
2297,149,1,1,489,17,0,1,0,17,0,1,1,16,0,2,0,8,8,8,25,15,23,0.4407,0.4407,0.0000,8,1,0,0,recheck,0,still,0
2297,163,1,1,695,16,0,1,1,20,0,1,8,12,0,2,0,5,5,3,25,18,21,0.3518,0.3518,0.0000,8,1,0,0,recheck,0,still,0
2298,49,2,1,465,18,0,8,0,18,0,1,7,11,0,0,0,6,6,6,24,18,24,0.6766,0.6766,0.0000,12,1,0,0,recheck,0,still,0
2300,7,2,1,315,16,1,2,0,15,0,1,1,14,0,0,0,9,9,10,24,15,25,0.4190,0.4190,0.0000,9,1,0,0,recheck,0,still,0
2301,14,1,1,561,19,0,1,0,13,0,1,0,13,0,0,2,7,7,7,20,15,22,0.5541,0.5541,0.0000,8,1,0,0,recheck,0,still,0
2301,16,1,1,713,17,0,3,0,18,0,1,8,10,0,0,0,4,4,4,22,18,22,0.5807,0.5807,0.0000,9,1,0,0,recheck,0,still,0
2301,68,3,1,440,17,0,1,0,13,0,1,0,13,0,0,0,9,9,9,22,13,22,0.3783,0.3783,0.0000,7,1,0,0,recheck,0,still,0
2301,126,2,1,656,17,0,1,0,23,0,1,12,11,0,2,0,2,2,2,25,21,23,0.3508,0.2506,0.0000,10,1,0,0,period_end,0,still,0
2301,194,1,1,671,18,0,2,1,17,0,1,0,17,0,2,0,8,8,8,25,15,23,0.4614,0.4614,0.0000,12,1,0,0,recheck,0,still,0
2302,199,1,1,440,15,1,2,0,10,0,1,0,10,0,0,0,10,10,9,20,10,19,0.2678,0.2678,0.0000,6,1,0,0,recheck,0,still,0
2303,157,2,1,374,17,0,2,0,12,0,1,0,12,0,0,0,9,9,9,21,12,21,0.2625,0.2625,0.0000,6,1,0,0,recheck,0,still,0
2304,47,2,1,593,18,0,2,0,14,0,1,0,14,0,0,1,7,7,7,21,15,22,0.5813,0.5813,0.0000,11,1,0,0,recheck,0,still,0
2304,51,1,1,473,18,2,3,0,19,0,1,9,10,0,0,0,2,2,3,21,19,22,0.6029,0.5320,0.0000,10,1,0,0,recheck,0,still,0
2304,113,1,1,342,16,0,2,0,17,0,1,2,15,0,1,0,6,6,6,23,16,22,0.4103,0.4103,0.0000,8,1,0,0,period_end,0,still,0
2304,123,2,1,431,14,1,3,0,8,0,1,0,8,0,0,0,11,11,11,19,8,19,0.3175,0.3175,0.0000,7,1,0,0,recheck,0,still,0
2304,151,1,1,382,19,0,1,0,16,0,1,0,16,0,1,0,6,6,7,22,15,22,0.4709,0.4709,0.0000,10,1,0,0,recheck,0,still,0
2305,11,1,1,539,17,0,1,0,14,0,1,0,14,0,0,0,9,9,8,23,14,22,0.6542,0.6542,0.0000,11,1,0,0,recheck,0,still,0
2305,35,3,1,430,17,0,1,0,18,0,1,2,16,0,0,1,9,9,9,27,19,28,0.4630,0.4630,0.0000,10,1,0,0,recheck,0,still,0
2306,5,2,1,466,17,0,1,0,17,0,1,2,15,0,0,0,9,9,9,26,17,26,0.5083,0.5083,0.0000,10,1,0,0,recheck,0,still,0
2306,72,2,1,439,16,0,1,0,10,0,1,0,10,0,0,0,10,10,10,20,10,20,0.2953,0.2953,0.0000,5,1,0,0,recheck,0,still,0
2306,80,1,1,522,18,1,2,0,20,0,1,13,7,0,0,0,1,1,2,21,20,22,0.4930,0.3522,0.0000,8,1,0,0,recheck,0,still,0
2306,166,2,1,666,18,0,1,1,25,0,1,20,5,0,2,0,0,0,0,25,23,23,0.3483,0.0249,0.0000,9,1,0,0,period_end,0,still,0
2306,168,1,1,545,17,0,1,1,25,0,0,23,2,0,4,0,0,0,0,25,21,21,0.4001,0.0000,0.0000,9,0,0,0,recheck,0,end_clear,1
2307,126,2,1,662,17,0,1,0,24,0,1,14,10,0,2,0,2,2,2,26,22,24,0.3508,0.2506,0.0000,10,1,0,0,recheck,0,still,0
2307,127,1,1,715,19,0,1,0,24,0,1,15,9,0,2,0,1,1,1,25,22,23,0.3768,0.2153,0.0000,9,1,0,0,recheck,0,still,0
2307,194,1,1,677,18,0,2,1,17,0,1,0,17,0,2,0,8,8,8,25,15,23,0.4614,0.4614,0.0000,12,1,0,0,period_end,0,still,0
2308,2,1,1,388,16,0,1,0,14,0,1,1,13,0,0,0,9,9,8,23,14,22,0.4376,0.4376,0.0000,6,1,0,0,recheck,0,still,0
2308,84,1,0,-1,16,0,2,0,20,0,0,20,0,0,1,0,0,0,0,20,19,19,0.6173,0.0000,0.0000,11,0,0,0,,0,pending,0
2309,12,2,1,597,17,0,1,0,14,0,1,0,14,0,0,0,8,8,9,22,14,23,0.6143,0.6143,0.0000,11,1,0,0,recheck,0,still,0
2309,84,1,0,-1,16,1,3,0,20,0,0,20,0,0,1,0,0,0,0,20,19,19,0.6170,0.0000,0.0000,11,0,0,0,,0,hop,1
2310,1,2,1,405,16,0,1,0,14,0,1,1,13,0,0,0,9,9,9,23,14,23,0.4287,0.4287,0.0000,7,1,0,0,recheck,0,still,0
2310,54,2,1,721,19,1,2,0,22,0,1,19,3,0,0,0,0,0,0,22,22,22,0.5745,0.1596,0.0000,11,1,0,0,recheck,0,still,0
2310,118,3,1,713,18,0,1,0,17,0,1,0,17,0,0,0,8,8,8,25,17,25,0.4752,0.4752,0.0000,13,1,0,0,recheck,0,still,0
2311,55,2,1,680,19,1,2,0,22,0,1,21,1,0,0,0,0,0,0,22,22,22,0.5840,0.0324,0.0000,12,0,1,0,recheck,0,end_clear,1
2311,56,1,1,702,18,0,2,0,21,0,1,21,0,0,0,0,0,0,0,21,21,21,0.5537,0.0000,0.0000,10,0,0,0,period_end,0,end_period,1
2311,89,1,0,-1,15,2,5,0,20,0,0,20,0,0,0,0,0,0,0,20,20,20,0.5400,0.0000,0.0000,10,0,0,0,,0,pending,0
2312,89,1,0,-1,15,2,5,0,20,0,0,20,0,0,0,0,0,0,0,20,20,20,0.5399,0.0000,0.0000,10,0,0,0,,0,hop,1
2312,182,1,1,550,18,1,2,0,18,0,1,0,18,0,2,0,8,8,7,26,16,23,0.4936,0.4936,0.0000,11,1,0,0,recheck,0,still,0
2313,7,2,1,328,16,1,2,0,15,0,1,1,14,0,0,0,9,9,10,24,15,25,0.4190,0.4190,0.0000,9,1,0,0,period_end,0,still,0
2313,130,1,1,695,17,2,8,0,15,0,1,5,10,0,0,0,7,7,7,22,15,22,0.5705,0.5705,0.0000,9,1,0,0,recheck,0,still,0
2313,142,2,1,617,16,4,8,0,13,0,1,3,10,0,0,1,9,9,9,22,14,23,0.6505,0.6505,0.0000,11,1,0,0,recheck,0,still,0
2313,189,1,1,525,14,0,1,1,18,0,1,2,16,0,1,0,6,6,5,24,17,22,0.5138,0.5138,0.0000,10,1,0,0,recheck,0,still,0
2314,9,1,1,571,19,0,1,0,14,0,1,0,14,0,0,0,8,8,8,22,14,22,0.5297,0.5297,0.0000,10,1,0,0,recheck,0,still,0
2314,119,1,1,679,19,1,2,0,17,0,1,0,17,0,2,0,7,7,7,24,15,22,0.4711,0.4711,0.0000,11,1,0,0,recheck,0,still,0
2314,195,1,1,283,17,1,2,0,15,0,1,1,14,0,1,0,9,9,9,24,14,23,0.3774,0.3774,0.0000,9,1,0,0,recheck,0,still,0
2315,50,1,1,688,18,1,3,0,18,0,1,10,8,0,0,0,4,4,5,22,18,23,0.5967,0.4914,0.0000,10,1,0,0,recheck,0,still,0
2315,113,1,1,353,16,0,2,0,17,0,1,2,15,0,1,0,6,6,6,23,16,22,0.4689,0.4689,0.0000,9,1,0,0,recheck,0,still,0
2316,13,2,1,540,16,1,2,0,13,0,1,0,13,0,0,1,9,9,9,22,14,23,0.5936,0.5936,0.0000,10,1,0,0,recheck,0,still,0
2316,21,2,1,738,19,0,2,0,21,0,1,21,0,0,0,0,0,0,0,21,21,21,0.5597,0.0000,0.0000,11,0,0,0,recheck,0,end_clear,1
2316,116,2,1,541,14,0,1,0,19,0,1,1,18,0,2,0,9,9,9,28,17,26,0.4314,0.4314,0.0000,10,1,0,0,recheck,0,still,0
2316,158,1,1,412,15,0,3,0,10,0,1,0,10,0,0,0,9,9,9,19,10,19,0.2895,0.2895,0.0000,5,1,0,0,recheck,0,still,0
2317,8,2,1,558,18,0,2,0,15,0,1,0,15,0,0,0,9,9,9,24,15,24,0.4998,0.4998,0.0000,11,1,0,0,recheck,0,still,0
2317,79,1,1,569,17,0,3,0,20,0,1,15,5,0,1,0,2,2,2,22,19,21,0.6355,0.3178,0.0000,10,1,0,0,recheck,0,still,0
2318,17,3,1,619,17,1,3,0,23,0,1,18,5,0,0,0,2,2,2,25,23,25,0.5553,0.2046,0.0000,12,1,0,0,recheck,0,still,0
2318,153,1,1,274,16,0,2,0,16,0,1,2,14,0,1,0,8,8,8,24,15,23,0.4386,0.4386,0.0000,9,1,0,0,recheck,0,still,0
2318,154,2,1,445,17,0,1,0,15,0,1,1,14,0,0,0,9,9,9,24,15,24,0.3189,0.3189,0.0000,8,1,0,0,recheck,0,still,0
2319,15,1,1,655,16,3,8,0,14,0,1,5,9,0,0,0,8,8,8,22,14,22,0.5735,0.5735,0.0000,10,1,0,0,period_end,0,still,0
2319,117,3,1,735,16,0,1,0,17,0,1,0,17,0,0,0,9,9,9,26,17,26,0.4498,0.4498,0.0000,11,1,0,0,recheck,0,still,0
2319,140,1,1,237,17,0,1,0,15,0,1,1,14,0,1,0,7,7,7,22,14,21,0.6040,0.6040,0.0000,10,1,0,0,recheck,0,still,0
2319,169,1,1,637,17,7,8,0,12,0,1,0,12,0,0,2,6,6,6,18,14,20,0.5707,0.5707,0.0000,9,1,0,0,recheck,0,still,0
2319,170,3,1,147,16,1,8,0,17,0,1,8,9,0,0,0,7,7,6,24,17,23,0.6723,0.5553,0.0000,13,1,0,0,recheck,0,still,0
2320,115,2,1,355,16,0,1,0,18,0,1,2,16,0,1,0,8,8,8,26,17,25,0.3504,0.3504,0.0000,8,1,0,0,recheck,0,still,0
2320,145,1,1,245,14,1,2,0,18,0,1,2,16,0,2,0,6,6,6,24,16,22,0.4226,0.4226,0.0000,8,1,0,0,recheck,0,still,0
2320,159,1,1,434,10,2,3,0,6,0,1,0,6,0,0,0,8,8,8,14,6,14,0.2623,0.2623,0.0000,4,1,0,0,recheck,0,still,0
2320,165,1,1,728,19,0,1,0,24,0,1,20,4,0,2,0,0,0,0,24,22,22,0.3760,0.0537,0.0000,9,0,1,0,recheck,0,end_clear,0
2321,76,3,1,618,17,5,8,0,16,0,1,4,12,0,0,0,8,8,8,24,16,24,0.5656,0.5656,0.0000,12,1,0,0,recheck,0,still,0
2322,3,2,1,449,15,0,1,0,16,0,1,2,14,0,0,0,7,7,7,23,16,23,0.4313,0.4313,0.0000,7,1,0,0,recheck,0,still,0
2322,146,2,1,972,17,0,1,0,17,0,1,1,16,0,0,0,9,9,9,26,17,26,0.4898,0.4898,0.0000,12,1,0,0,recheck,0,still,0
2322,161,2,1,647,18,0,1,0,21,0,1,12,9,0,1,0,7,7,6,28,20,26,0.4533,0.3778,0.0000,10,1,0,0,recheck,0,still,0
2323,77,3,1,669,18,2,3,0,20,0,1,13,7,0,1,0,5,5,5,25,19,24,0.5697,0.3703,0.0000,13,1,0,0,recheck,0,still,0
2323,103,1,0,-1,1,0,1,1,1,0,0,1,0,0,0,0,0,0,0,1,1,1,0.1029,0.0000,0.0000,1,0,0,0,,0,pending,0
2324,10,1,1,558,19,1,2,0,13,0,1,0,13,0,0,1,10,10,9,23,14,23,0.5629,0.5629,0.0000,10,1,0,0,recheck,0,still,0
2324,103,1,0,-1,1,0,1,1,1,0,0,1,0,0,0,0,0,0,0,1,1,1,0.1028,0.0000,0.0000,1,0,0,0,,0,hop,1
2325,6,2,1,487,16,0,1,0,15,0,1,0,15,0,0,0,9,9,9,24,15,24,0.4528,0.4528,0.0000,10,1,0,0,recheck,0,still,0
2325,19,3,1,620,18,0,2,0,23,0,1,22,1,0,0,0,1,1,1,24,23,24,0.4998,0.0588,0.0000,11,0,1,0,recheck,0,end_clear,1
2325,44,1,1,572,18,0,2,0,14,0,1,0,14,0,0,0,7,7,8,21,14,22,0.5466,0.5466,0.0000,9,1,0,0,recheck,0,still,0
2325,114,1,1,454,15,0,2,0,18,0,1,2,16,0,1,0,5,5,5,23,17,22,0.4107,0.4107,0.0000,7,1,0,0,recheck,0,still,0
2325,166,2,1,685,18,0,1,1,25,0,0,24,1,0,2,0,0,0,0,25,23,23,0.3236,0.0000,0.0000,8,0,0,0,recheck,0,end_clear,1
2325,169,1,1,643,17,7,8,0,12,0,1,1,11,0,0,2,6,6,6,18,14,20,0.5707,0.5707,0.0000,9,1,0,0,period_end,0,still,0
2326,188,1,1,519,16,1,2,0,17,0,1,2,15,0,1,0,7,7,7,24,16,23,0.4863,0.4863,0.0000,11,1,0,0,recheck,0,still,0
2327,4,2,1,493,15,0,1,0,17,0,1,2,15,0,0,0,7,7,7,24,17,24,0.4315,0.4315,0.0000,8,1,0,0,recheck,0,still,0
2327,15,1,1,663,16,3,8,0,14,0,1,6,8,0,0,0,7,7,7,21,14,21,0.5735,0.4723,0.0000,10,1,0,0,recheck,0,still,0
2327,139,1,1,945,18,0,2,1,16,0,1,1,15,0,0,0,6,6,6,22,16,22,0.5013,0.5013,0.0000,10,1,0,0,recheck,0,still,0
2327,141,2,1,653,18,6,8,0,13,0,1,3,10,0,0,2,8,8,8,21,15,23,0.6599,0.6599,0.0000,11,1,0,0,recheck,0,still,0
2327,149,1,1,519,17,0,1,0,16,0,1,0,16,0,2,0,8,8,8,24,14,22,0.4407,0.4407,0.0000,8,1,0,0,recheck,0,still,0
2327,163,1,1,725,16,0,1,1,21,0,1,14,7,0,2,0,4,4,2,25,19,21,0.3518,0.1894,0.0000,8,1,0,0,recheck,0,still,0
2328,49,2,1,495,18,0,8,0,20,0,1,14,6,0,0,0,5,5,5,25,20,25,0.6762,0.4186,0.0000,12,1,0,0,recheck,0,still,0
2330,7,2,1,345,16,1,2,0,14,0,1,0,14,0,0,0,9,9,10,23,14,24,0.4190,0.4190,0.0000,9,1,0,0,recheck,0,still,0
2331,14,1,1,591,19,0,1,0,13,0,1,1,12,0,0,2,7,7,7,20,15,22,0.5541,0.5541,0.0000,8,1,0,0,recheck,0,still,0
2331,16,1,1,743,17,0,3,0,19,0,1,14,5,0,0,0,3,3,3,22,19,22,0.5807,0.2904,0.0000,9,1,0,0,recheck,0,still,0
2331,68,3,1,470,17,0,1,0,16,0,1,2,14,0,0,0,9,9,9,25,16,25,0.3771,0.3771,0.0000,7,1,0,0,recheck,0,still,0
2331,161,2,1,656,18,0,1,0,22,0,1,14,8,0,1,0,6,6,5,28,21,26,0.4533,0.3022,0.0000,10,1,0,0,period_end,0,still,0
2331,194,1,1,701,18,0,2,1,17,0,1,0,17,0,2,0,8,8,8,25,15,23,0.4614,0.4614,0.0000,12,1,0,0,recheck,0,still,0
2332,199,1,1,470,15,1,2,0,10,0,1,0,10,0,0,0,10,10,9,20,10,19,0.2678,0.2678,0.0000,6,1,0,0,recheck,0,still,0
2333,157,2,1,404,17,0,2,0,13,0,1,1,12,0,0,0,9,9,9,22,13,22,0.2625,0.2625,0.0000,6,1,0,0,recheck,0,still,0
2334,47,2,1,623,18,0,2,0,14,0,1,1,13,0,0,1,7,7,7,21,15,22,0.5813,0.5813,0.0000,11,1,0,0,recheck,0,still,0
2334,51,1,1,503,18,2,3,0,19,0,1,15,4,0,0,0,1,1,2,20,19,21,0.6028,0.2482,0.0000,10,1,0,0,recheck,0,still,0
2334,123,2,1,461,14,1,3,0,8,0,1,0,8,0,0,0,11,11,11,19,8,19,0.3175,0.3175,0.0000,7,1,0,0,recheck,0,still,0
2334,151,1,1,412,19,0,1,0,16,0,1,0,16,0,1,0,6,6,7,22,15,22,0.4709,0.4709,0.0000,10,1,0,0,recheck,0,still,0
2335,11,1,1,569,17,0,1,0,14,0,1,0,14,0,0,0,9,9,8,23,14,22,0.6516,0.6516,0.0000,11,1,0,0,recheck,0,still,0
2335,35,3,1,460,17,0,1,0,16,0,1,0,16,0,0,1,9,9,9,25,17,26,0.4630,0.4630,0.0000,10,1,0,0,recheck,0,still,0
2335,62,1,0,-1,16,0,5,0,20,0,0,20,0,0,1,0,0,0,0,20,19,19,0.6784,0.0000,0.0000,12,0,0,0,,0,pending,0
2336,5,2,1,496,17,0,1,0,15,0,1,0,15,0,0,0,9,9,9,24,15,24,0.5068,0.5068,0.0000,10,1,0,0,recheck,0,still,0
2336,62,1,0,-1,16,0,5,0,20,0,0,20,0,0,1,0,0,0,0,20,19,19,0.6784,0.0000,0.0000,12,0,0,0,,0,hop,1
2336,72,2,1,469,16,0,1,0,11,0,1,1,10,0,0,0,10,10,10,21,11,21,0.2943,0.2943,0.0000,5,1,0,0,recheck,0,still,0
2336,80,1,1,552,18,1,2,0,20,0,1,19,1,0,0,0,0,0,1,20,20,21,0.4936,0.0705,0.0000,8,1,0,0,recheck,0,still,0
2337,50,1,1,710,18,1,3,0,19,0,1,14,5,0,0,0,3,3,4,22,19,23,0.5967,0.3159,0.0000,10,1,0,0,period_end,0,still,0
2337,126,2,1,692,17,0,1,0,24,0,1,19,5,0,2,0,1,1,1,25,22,23,0.3508,0.1002,0.0000,10,1,0,0,recheck,0,still,0
2337,127,1,1,745,19,0,1,0,24,0,1,20,4,0,2,0,0,0,0,24,22,22,0.3768,0.0538,0.0000,9,1,0,0,recheck,0,still,0
2338,2,1,1,418,16,0,1,0,15,0,1,2,13,0,0,0,9,9,8,24,15,23,0.4360,0.4360,0.0000,6,1,0,0,recheck,0,still,0
2339,12,2,1,627,17,0,1,0,14,0,1,0,14,0,0,0,8,8,9,22,14,23,0.6146,0.6146,0.0000,11,1,0,0,recheck,0,still,0
2340,1,2,1,435,16,0,1,0,15,0,1,2,13,0,0,0,9,9,9,24,15,24,0.4273,0.4273,0.0000,7,1,0,0,recheck,0,still,0
2340,54,2,1,751,19,1,2,0,22,0,0,22,0,0,0,0,0,0,0,22,22,22,0.5742,0.0000,0.0000,11,0,0,0,recheck,0,end_clear,1
2340,118,3,1,743,18,0,1,0,18,0,1,0,18,0,0,0,7,7,7,25,18,25,0.4752,0.4752,0.0000,13,1,0,0,recheck,0,still,0
2342,87,1,0,-1,15,0,2,0,21,0,0,21,0,0,1,1,0,0,0,21,21,21,0.5605,0.0000,0.0000,10,0,0,0,,0,hop,1
2342,182,1,1,580,18,1,2,0,17,0,1,0,17,0,1,0,7,7,6,24,16,22,0.4936,0.4936,0.0000,11,1,0,0,recheck,0,still,0
2343,130,1,1,725,17,2,8,0,16,0,1,9,7,0,0,0,6,6,6,22,16,22,0.5706,0.4636,0.0000,9,1,0,0,recheck,0,still,0
2343,142,2,1,647,16,4,8,0,15,0,1,7,8,0,0,1,7,7,7,22,16,23,0.6831,0.5855,0.0000,12,1,0,0,period_end,0,still,0
2343,189,1,1,555,14,0,1,1,18,0,1,2,16,0,1,0,6,6,5,24,17,22,0.5138,0.5138,0.0000,10,1,0,0,recheck,0,still,0
2344,9,1,1,601,19,0,1,0,15,0,1,0,15,0,0,0,7,7,7,22,15,22,0.5279,0.5279,0.0000,10,1,0,0,recheck,0,still,0
2344,119,1,1,709,19,1,2,0,18,0,1,0,18,0,2,0,6,6,6,24,16,22,0.4711,0.4711,0.0000,11,1,0,0,recheck,0,still,0
2344,195,1,1,313,17,1,2,0,16,0,1,2,14,0,1,0,9,9,9,25,15,24,0.3774,0.3774,0.0000,9,1,0,0,recheck,0,still,0
2345,50,1,1,718,18,1,3,0,19,0,1,15,4,0,0,0,3,3,4,22,19,23,0.5967,0.2457,0.0000,10,1,0,0,recheck,0,still,0
2345,113,1,1,383,16,0,2,0,17,0,1,2,15,0,1,0,6,6,6,23,16,22,0.4689,0.4689,0.0000,9,1,0,0,recheck,0,still,0
2346,13,2,1,570,16,1,2,0,14,0,1,0,14,0,0,1,8,8,8,22,15,23,0.5936,0.5936,0.0000,10,1,0,0,recheck,0,still,0
2346,116,2,1,571,14,0,1,0,18,0,1,0,18,0,2,0,9,9,9,27,16,25,0.4584,0.4584,0.0000,11,1,0,0,recheck,0,still,0
2346,158,1,1,442,15,0,3,0,10,0,1,0,10,0,0,0,9,9,9,19,10,19,0.2895,0.2895,0.0000,5,1,0,0,recheck,0,still,0
2347,8,2,1,588,18,0,2,0,16,0,1,0,16,0,0,0,8,8,8,24,16,24,0.4983,0.4983,0.0000,11,1,0,0,recheck,0,still,0
2347,76,3,1,644,17,5,8,0,17,0,1,6,11,0,0,0,7,7,7,24,17,24,0.5656,0.5656,0.0000,12,1,0,0,period_end,0,still,0
2347,79,1,1,599,17,0,3,0,19,0,1,17,2,0,1,0,1,1,1,20,18,19,0.6355,0.1412,0.0000,10,0,1,0,recheck,0,end_clear,1
2348,17,3,1,649,17,1,3,0,23,0,1,22,1,0,0,0,1,1,1,24,23,24,0.5584,0.0294,0.0000,12,0,1,0,recheck,0,end_clear,1
2348,153,1,1,304,16,0,2,0,16,0,1,2,14,0,1,0,8,8,8,24,15,23,0.4386,0.4386,0.0000,9,1,0,0,recheck,0,still,0
2348,154,2,1,475,17,0,1,0,16,0,1,2,14,0,0,0,9,9,9,25,16,25,0.3189,0.3189,0.0000,8,1,0,0,recheck,0,still,0
2349,117,3,1,765,16,0,1,0,18,0,1,0,18,0,0,0,8,8,8,26,18,26,0.4498,0.4498,0.0000,11,1,0,0,recheck,0,still,0
2349,140,1,1,267,17,0,1,0,18,0,1,6,12,0,1,1,4,4,4,22,18,22,0.6046,0.5091,0.0000,10,1,0,0,recheck,0,still,0
2349,169,1,1,667,17,7,8,0,16,0,1,4,12,0,0,2,3,3,3,19,18,21,0.5708,0.5708,0.0000,9,1,0,0,recheck,0,still,0
2349,170,3,1,177,16,1,8,0,21,0,1,14,7,0,1,0,3,3,3,24,20,23,0.6138,0.2923,0.0000,12,1,0,0,recheck,0,still,0
2350,88,1,0,-1,16,4,5,0,20,0,0,20,0,0,0,0,0,0,0,20,20,20,0.5725,0.0000,0.0000,10,0,0,0,,0,pending,0
2350,115,2,1,385,16,0,1,0,16,0,1,0,16,0,1,0,8,8,8,24,15,23,0.3504,0.3504,0.0000,8,1,0,0,recheck,0,still,0
2350,145,1,1,275,14,1,2,0,18,0,1,2,16,0,2,0,6,6,6,24,16,22,0.4226,0.4226,0.0000,8,1,0,0,recheck,0,still,0
2350,159,1,1,464,10,2,3,0,6,0,1,0,6,0,0,0,8,8,8,14,6,14,0.2623,0.2623,0.0000,4,1,0,0,recheck,0,still,0
2351,76,3,1,648,17,5,8,0,19,0,1,8,11,0,0,0,5,5,5,24,19,24,0.5359,0.4168,0.0000,11,1,0,0,recheck,0,still,0
2351,88,1,0,-1,16,4,5,0,20,0,0,20,0,0,0,0,0,0,0,20,20,20,0.5725,0.0000,0.0000,10,0,0,0,,0,hop,1
2352,3,2,1,479,15,0,1,0,15,0,1,1,14,0,0,0,7,7,7,22,15,22,0.4299,0.4299,0.0000,7,1,0,0,recheck,0,still,0
2352,146,2,1,1002,17,0,1,0,16,0,1,0,16,0,0,0,9,9,9,25,16,25,0.4897,0.4897,0.0000,12,1,0,0,recheck,0,still,0
2352,161,2,1,677,18,0,1,0,25,0,1,17,8,0,2,0,3,3,3,28,23,26,0.4533,0.1511,0.0000,10,1,0,0,recheck,0,still,0
2353,77,3,1,699,18,2,3,0,23,0,1,18,5,0,1,0,2,2,2,25,22,24,0.5692,0.1138,0.0000,13,1,0,0,period_end,0,still,0
2354,10,1,1,588,19,1,2,0,16,0,1,0,16,0,0,1,7,7,6,23,17,23,0.5609,0.5609,0.0000,10,1,0,0,recheck,0,still,0
2355,6,2,1,517,16,0,1,0,15,0,1,0,15,0,0,0,9,9,9,24,15,24,0.4514,0.4514,0.0000,10,1,0,0,recheck,0,still,0
2355,44,1,1,602,18,0,2,0,14,0,1,0,14,0,0,0,6,6,7,20,14,21,0.5466,0.5466,0.0000,9,1,0,0,recheck,0,still,0
2355,114,1,1,484,15,0,2,0,17,0,1,1,16,0,1,0,5,5,5,22,16,21,0.4107,0.4107,0.0000,7,1,0,0,recheck,0,still,0
2356,34,1,0,-1,1,0,1,1,2,0,0,2,0,0,0,0,0,0,0,2,2,2,0.0346,0.0000,0.0000,1,0,0,0,,0,pending,0
2356,188,1,1,549,16,1,2,0,17,0,1,2,15,0,1,0,7,7,7,24,16,23,0.5403,0.5403,0.0000,12,1,0,0,recheck,0,still,0
2357,4,2,1,523,15,0,1,0,15,0,1,0,15,0,0,0,7,7,7,22,15,22,0.4302,0.4302,0.0000,8,1,0,0,recheck,0,still,0
2357,15,1,1,693,16,3,8,0,18,0,1,10,8,0,0,0,4,4,4,22,18,22,0.5735,0.3374,0.0000,10,1,0,0,recheck,0,still,0
2357,34,1,0,-1,1,0,1,1,2,0,0,2,0,0,0,0,0,0,0,2,2,2,0.0346,0.0000,0.0000,1,0,0,0,,0,hop,1
2357,139,1,1,975,18,0,2,1,20,0,1,4,16,0,0,0,3,3,3,23,20,23,0.5013,0.5013,0.0000,10,1,0,0,recheck,0,still,0
2357,141,2,1,683,18,6,8,0,16,0,1,6,10,0,0,2,5,5,5,21,18,23,0.6601,0.5658,0.0000,11,1,0,0,recheck,0,still,0
2357,149,1,1,549,17,0,1,0,17,0,1,0,17,0,2,0,7,7,7,24,15,22,0.4407,0.4407,0.0000,8,1,0,0,recheck,0,still,0
2357,163,1,1,755,16,0,1,1,22,0,1,16,6,0,4,0,2,2,2,24,18,20,0.4330,0.1083,0.0000,9,1,0,0,recheck,0,still,0
2357,195,1,1,326,17,1,2,0,16,0,1,2,14,0,1,0,9,9,9,25,15,24,0.3774,0.3774,0.0000,9,1,0,0,period_end,0,still,0
2358,49,2,1,525,18,0,8,0,21,0,1,16,5,0,0,0,3,3,3,24,21,24,0.6770,0.2257,0.0000,12,1,0,0,recheck,0,still,0
2360,7,2,1,375,16,1,2,0,14,0,1,0,14,0,0,0,8,8,9,22,14,23,0.4190,0.4190,0.0000,9,1,0,0,recheck,0,still,0
2361,14,1,1,621,19,0,1,0,17,0,1,4,13,0,0,2,4,4,4,21,19,23,0.5541,0.5541,0.0000,8,1,0,0,recheck,0,still,0
2361,16,1,1,773,17,0,3,0,18,0,1,16,2,0,0,0,3,3,3,21,18,21,0.5867,0.0733,0.0000,9,1,0,0,recheck,0,still,0
2361,68,3,1,500,14,0,1,0,14,0,1,2,12,0,0,0,9,9,9,23,14,23,0.3584,0.3584,0.0000,6,1,0,0,recheck,0,still,0
2361,91,1,0,-1,16,3,5,0,18,0,0,18,0,0,0,1,0,0,0,18,19,19,0.6428,0.0000,0.0000,11,0,0,0,,0,pending,0
2361,194,1,1,731,18,0,2,1,20,0,1,1,19,0,2,0,5,5,5,25,18,23,0.4886,0.4886,0.0000,13,1,0,0,recheck,0,still,0
2362,91,1,0,-1,16,3,5,0,18,0,0,18,0,0,0,1,0,0,0,18,19,19,0.6428,0.0000,0.0000,11,0,0,0,,0,hop,1
2362,199,1,1,500,15,1,2,0,12,0,1,2,10,0,0,0,10,10,9,22,12,21,0.2678,0.2678,0.0000,6,1,0,0,recheck,0,still,0
2363,47,2,1,652,18,0,2,0,18,0,1,4,14,0,0,1,4,4,4,22,19,23,0.5491,0.5491,0.0000,10,1,0,0,period_end,0,still,0
2363,157,2,1,434,17,0,2,0,14,0,1,2,12,0,0,0,9,9,9,23,14,23,0.2625,0.2625,0.0000,6,1,0,0,recheck,0,still,0
2364,47,2,1,653,18,0,2,0,18,0,1,4,14,0,0,1,4,4,4,22,19,23,0.5491,0.5491,0.0000,10,1,0,0,recheck,0,still,0
2364,51,1,1,533,18,2,3,0,19,0,1,18,1,0,0,0,1,1,2,20,19,21,0.6033,0.0355,0.0000,10,1,0,0,recheck,0,still,0
2364,123,2,1,491,14,1,3,0,9,0,1,1,8,0,0,0,11,11,11,20,9,20,0.3175,0.3175,0.0000,7,1,0,0,recheck,0,still,0
2364,151,1,1,442,19,0,1,0,20,0,1,3,17,0,1,0,3,3,4,23,19,23,0.4709,0.4709,0.0000,10,1,0,0,recheck,0,still,0
2365,11,1,1,599,17,0,1,0,18,0,1,2,16,0,0,0,6,6,5,24,18,23,0.6489,0.6489,0.0000,11,1,0,0,recheck,0,still,0
2365,12,2,1,653,17,0,1,0,18,0,1,2,16,0,0,0,5,5,6,23,18,24,0.6150,0.6150,0.0000,11,1,0,0,period_end,0,still,0
2365,35,3,1,490,17,0,1,0,16,0,1,0,16,0,0,1,9,9,9,25,17,26,0.4630,0.4630,0.0000,10,1,0,0,recheck,0,still,0
2366,5,2,1,526,17,0,1,0,15,0,1,0,15,0,0,0,9,9,9,24,15,24,0.5053,0.5053,0.0000,10,1,0,0,recheck,0,still,0
2366,72,2,1,499,16,0,1,0,12,0,1,2,10,0,0,0,10,10,10,22,12,22,0.2935,0.2935,0.0000,5,1,0,0,recheck,0,still,0
2366,80,1,1,582,18,1,2,0,20,0,1,20,0,0,0,0,0,0,1,20,20,21,0.4931,0.0000,0.0000,8,0,0,0,recheck,0,end_clear,1
2367,126,2,1,722,17,0,1,0,24,0,1,23,1,0,2,0,1,1,1,25,22,23,0.3508,0.0251,0.0000,10,0,1,0,recheck,0,end_clear,1
2367,127,1,1,775,19,0,1,0,24,0,0,24,0,0,2,0,0,0,0,24,22,22,0.3768,0.0000,0.0000,9,0,0,0,recheck,0,end_clear,1
2368,2,1,1,448,16,0,1,0,15,0,1,2,13,0,0,0,9,9,8,24,15,23,0.4346,0.4346,0.0000,6,1,0,0,recheck,0,still,0
2368,86,1,0,-1,14,0,2,0,20,0,0,20,0,0,0,1,0,0,0,20,21,21,0.5014,0.0000,0.0000,8,0,0,0,,0,pending,0
2369,12,2,1,657,17,0,1,0,18,0,1,2,16,0,0,0,5,5,6,23,18,24,0.6151,0.6151,0.0000,11,1,0,0,recheck,0,still,0
2369,31,3,0,-1,15,2,5,0,19,0,0,19,0,0,0,0,0,0,0,19,19,19,0.5363,0.0000,0.0000,12,0,0,0,,0,hop,1
2369,86,1,0,-1,14,0,2,0,20,0,0,20,0,0,0,1,0,0,0,20,21,21,0.5014,0.0000,0.0000,8,0,0,0,,0,hop,1
2370,1,2,1,465,16,0,1,0,15,0,1,2,13,0,0,0,9,9,9,24,15,24,0.4260,0.4260,0.0000,7,1,0,0,recheck,0,still,0
2370,118,3,1,773,18,0,1,0,20,0,1,2,18,0,0,0,6,6,6,26,20,26,0.4252,0.4252,0.0000,12,1,0,0,recheck,0,still,0
2372,182,1,1,610,18,1,2,0,18,0,1,3,15,0,1,0,6,6,5,24,17,22,0.4936,0.4936,0.0000,11,1,0,0,recheck,0,still,0
2373,130,1,1,755,17,2,8,0,20,0,1,14,6,0,0,0,2,2,2,22,20,22,0.5708,0.2854,0.0000,9,1,0,0,recheck,0,still,0
2373,142,2,1,677,16,4,8,0,18,0,1,12,6,0,0,1,4,4,4,22,19,23,0.6504,0.4228,0.0000,11,1,0,0,recheck,0,still,0
2373,189,1,1,585,14,0,1,1,16,0,1,0,16,0,1,0,6,6,5,22,15,20,0.4597,0.4597,0.0000,9,1,0,0,recheck,0,still,0
2374,9,1,1,631,19,0,1,0,14,0,1,0,14,0,0,0,8,8,8,22,14,22,0.5262,0.5262,0.0000,10,1,0,0,recheck,0,still,0
2374,119,1,1,739,19,1,2,0,19,0,1,1,18,0,2,0,5,5,5,24,17,22,0.4711,0.4711,0.0000,11,1,0,0,recheck,0,still,0
2374,146,2,1,1024,17,0,1,0,16,0,1,0,16,0,0,0,9,9,9,25,16,25,0.4897,0.4897,0.0000,12,1,0,0,period_end,0,still,0
2374,195,1,1,343,17,1,2,0,16,0,1,2,14,0,1,0,9,9,9,25,15,24,0.3774,0.3774,0.0000,9,1,0,0,recheck,0,still,0
2375,50,1,1,748,18,1,3,0,21,0,1,19,2,0,0,0,0,0,1,21,21,22,0.6038,0.0710,0.0000,10,0,1,0,recheck,0,end_clear,1
2375,99,2,0,-1,1,0,7,1,2,0,0,2,0,0,0,0,0,0,0,2,2,2,0.0661,0.0000,0.0000,1,0,0,0,,0,hop,1
2375,113,1,1,413,16,0,2,0,16,0,1,1,15,0,1,0,6,6,6,22,15,21,0.4689,0.4689,0.0000,9,1,0,0,recheck,0,still,0
2375,171,1,0,-1,16,0,1,0,24,0,0,24,0,0,3,0,0,0,0,24,21,21,0.3449,0.0000,0.0000,9,0,0,0,,0,hop,1
2376,13,2,1,600,16,1,2,0,16,0,1,4,12,0,0,1,7,7,7,23,17,24,0.5936,0.5936,0.0000,10,1,0,0,recheck,0,still,0
2376,116,2,1,601,14,0,1,0,18,0,1,0,18,0,2,0,9,9,9,27,16,25,0.4584,0.4584,0.0000,11,1,0,0,recheck,0,still,0
2376,158,1,1,472,15,0,3,0,12,0,1,2,10,0,0,0,9,9,9,21,12,21,0.2895,0.2895,0.0000,5,1,0,0,recheck,0,still,0
2377,8,2,1,618,14,0,2,0,14,0,1,0,14,0,0,0,9,9,9,23,14,23,0.4947,0.4947,0.0000,10,1,0,0,recheck,0,still,0
2378,28,2,0,-1,16,3,5,0,22,0,0,22,0,0,0,0,0,0,0,22,22,22,0.5132,0.0000,0.0000,11,0,0,0,,0,pending,0
2378,153,1,1,334,16,0,2,0,16,0,1,2,14,0,1,0,8,8,8,24,15,23,0.4386,0.4386,0.0000,9,1,0,0,recheck,0,still,0
2378,154,2,1,505,17,0,1,0,16,0,1,2,14,0,0,0,9,9,9,25,16,25,0.3189,0.3189,0.0000,8,1,0,0,recheck,0,still,0
2379,28,2,0,-1,16,3,5,0,22,0,0,22,0,0,0,0,0,0,0,22,22,22,0.5132,0.0000,0.0000,11,0,0,0,,0,hop,1
2379,117,3,1,795,16,0,1,0,17,0,1,0,17,0,0,0,9,9,9,26,17,26,0.4498,0.4498,0.0000,11,1,0,0,recheck,0,still,0
2379,140,1,1,297,17,0,1,0,17,0,1,8,9,0,1,1,4,4,4,21,17,21,0.6050,0.4776,0.0000,10,1,0,0,recheck,0,still,0
2379,169,1,1,697,17,7,8,0,15,0,1,6,9,0,0,2,4,4,4,19,17,21,0.5705,0.5349,0.0000,9,1,0,0,recheck,0,still,0
2379,170,3,1,207,16,1,8,0,21,0,1,17,4,0,0,0,2,2,1,23,21,22,0.6722,0.2338,0.0000,13,1,0,0,recheck,0,still,0
2380,115,2,1,415,16,0,1,0,16,0,1,0,16,0,1,0,8,8,8,24,15,23,0.3504,0.3504,0.0000,8,1,0,0,recheck,0,still,0
2380,145,1,1,305,14,1,2,0,16,0,1,0,16,0,2,0,6,6,6,22,14,20,0.4226,0.4226,0.0000,8,1,0,0,recheck,0,still,0
2380,159,1,1,494,10,2,3,0,6,0,1,0,6,0,0,0,8,8,8,14,6,14,0.2623,0.2623,0.0000,4,1,0,0,recheck,0,still,0
2381,76,3,1,678,17,5,8,0,20,0,1,12,8,0,0,0,4,4,4,24,20,24,0.5359,0.3870,0.0000,11,1,0,0,recheck,0,still,0
2382,3,2,1,509,15,0,1,0,14,0,1,0,14,0,0,0,7,7,7,21,14,21,0.4286,0.4286,0.0000,7,1,0,0,recheck,0,still,0
2382,146,2,1,1032,17,0,1,0,16,0,1,0,16,0,0,0,9,9,9,25,16,25,0.4897,0.4897,0.0000,12,1,0,0,recheck,0,still,0
2382,161,2,1,707,18,0,1,0,25,0,1,20,5,0,1,0,2,2,1,27,24,25,0.4533,0.1259,0.0000,10,1,0,0,recheck,0,still,0
2383,77,3,1,729,18,2,3,0,24,0,1,21,3,0,1,0,0,0,0,24,23,23,0.5688,0.0569,0.0000,13,1,0,0,recheck,0,still,0
2384,10,1,1,618,19,1,2,0,16,0,1,2,14,0,0,1,8,8,7,24,17,24,0.5589,0.5589,0.0000,10,1,0,0,recheck,0,still,0
2385,6,2,1,547,16,0,1,0,15,0,1,0,15,0,0,0,9,9,9,24,15,24,0.4500,0.4500,0.0000,10,1,0,0,recheck,0,still,0
2385,23,2,0,-1,16,0,4,0,20,0,0,20,0,0,0,0,0,0,0,20,20,20,0.4917,0.0000,0.0000,10,0,0,0,,0,hop,1
2385,44,1,1,632,18,0,2,0,14,0,1,1,13,0,0,0,7,7,8,21,14,22,0.5466,0.5466,0.0000,9,1,0,0,recheck,0,still,0
2385,114,1,1,514,15,0,2,0,16,0,1,0,16,0,1,0,5,5,5,21,15,20,0.4107,0.4107,0.0000,7,1,0,0,recheck,0,still,0
2386,188,1,1,579,16,1,2,0,15,0,1,0,15,0,1,0,7,7,7,22,14,21,0.5403,0.5403,0.0000,12,1,0,0,recheck,0,still,0
2387,4,2,1,553,15,0,1,0,15,0,1,0,15,0,0,0,7,7,7,22,15,22,0.4288,0.4288,0.0000,8,1,0,0,recheck,0,still,0
2387,15,1,1,723,16,3,8,0,17,0,1,13,4,0,0,0,4,4,4,21,17,21,0.5735,0.2699,0.0000,10,1,0,0,recheck,0,still,0
2387,139,1,1,1005,18,0,2,1,18,0,1,6,12,0,0,0,5,5,5,23,18,23,0.5013,0.5013,0.0000,10,1,0,0,recheck,0,still,0
2387,141,2,1,713,18,6,8,0,16,0,1,10,6,0,0,2,5,5,5,21,18,23,0.6607,0.5349,0.0000,11,1,0,0,recheck,0,still,0
2387,149,1,1,579,17,0,1,0,17,0,1,1,16,0,2,0,8,8,8,25,15,23,0.4407,0.4407,0.0000,8,1,0,0,recheck,0,still,0
2387,163,1,1,785,16,0,1,1,23,0,1,20,3,0,3,0,1,1,0,24,20,20,0.3789,0.0271,0.0000,8,1,0,0,recheck,0,still,0
2388,49,2,1,555,18,0,8,0,21,0,1,19,2,0,0,0,2,2,2,23,21,23,0.5822,0.0647,0.0000,11,1,0,0,recheck,0,still,0
2390,7,2,1,405,16,1,2,0,14,0,1,0,14,0,0,0,8,8,9,22,14,23,0.4190,0.4190,0.0000,9,1,0,0,recheck,0,still,0
2390,33,3,0,-1,5,3,6,0,6,0,0,6,0,0,1,0,0,0,0,6,5,5,0.3301,0.0000,0.0000,6,0,0,0,,0,pending,0
2390,132,1,0,-1,15,1,5,0,17,0,0,17,0,0,0,0,0,0,0,17,17,17,0.6441,0.0000,0.0000,11,0,0,0,,0,pending,0
2391,14,1,1,651,19,0,1,0,15,0,1,6,9,0,0,2,6,6,6,21,17,23,0.5541,0.5541,0.0000,8,1,0,0,recheck,0,still,0
2391,16,1,1,803,17,0,3,0,20,0,1,19,1,0,0,0,1,1,1,21,20,21,0.5872,0.0367,0.0000,9,0,1,0,recheck,0,end_clear,1
2391,33,3,0,-1,5,3,6,0,6,0,0,6,0,0,1,0,0,0,0,6,5,5,0.3300,0.0000,0.0000,6,0,0,0,,0,hop,1
2391,68,3,1,530,14,0,1,0,14,0,1,2,12,0,0,0,9,9,9,23,14,23,0.3583,0.3583,0.0000,6,1,0,0,recheck,0,still,0
2391,132,1,0,-1,15,1,5,0,17,0,0,17,0,0,0,0,0,0,0,17,17,17,0.6440,0.0000,0.0000,11,0,0,0,,0,hop,1
2391,194,1,1,761,18,0,2,1,19,0,1,3,16,0,2,0,6,6,6,25,17,23,0.4886,0.4886,0.0000,13,1,0,0,recheck,0,still,0
2392,29,2,0,-1,17,1,5,0,20,0,0,20,0,0,0,0,0,0,0,20,20,20,0.5582,0.0000,0.0000,12,0,0,0,,0,pending,0
2392,199,1,1,530,15,1,2,0,12,0,1,2,10,0,0,0,10,10,9,22,12,21,0.2678,0.2678,0.0000,6,1,0,0,recheck,0,still,0
2393,29,2,0,-1,17,1,5,0,20,0,0,20,0,0,0,0,0,0,0,20,20,20,0.5584,0.0000,0.0000,12,0,0,0,,0,hop,1
2393,153,1,1,349,16,0,2,0,15,0,1,1,14,0,1,0,8,8,8,23,14,22,0.4386,0.4386,0.0000,9,1,0,0,period_end,0,still,0
2393,157,2,1,464,17,0,2,0,14,0,1,2,12,0,0,0,9,9,9,23,14,23,0.2625,0.2625,0.0000,6,1,0,0,recheck,0,still,0
2394,47,2,1,683,18,0,2,0,17,0,1,7,10,0,0,1,5,5,5,22,18,23,0.5492,0.5169,0.0000,10,1,0,0,recheck,0,still,0
2394,51,1,1,563,18,2,3,0,20,0,0,20,0,0,0,1,0,0,0,20,21,21,0.6022,0.0000,0.0000,10,0,0,0,recheck,0,end_clear,1
2394,123,2,1,521,14,1,3,0,10,0,1,2,8,0,0,0,11,11,11,21,10,21,0.3175,0.3175,0.0000,7,1,0,0,recheck,0,still,0
2394,151,1,1,472,18,0,1,0,19,0,1,6,13,0,1,0,4,4,5,23,18,23,0.4709,0.4709,0.0000,10,1,0,0,recheck,0,still,0
2395,11,1,1,629,18,0,1,0,15,0,1,3,12,0,0,1,7,7,7,22,16,23,0.5910,0.5910,0.0000,9,1,0,0,recheck,0,still,0
2395,35,3,1,520,17,0,1,0,16,0,1,0,16,0,0,1,9,9,9,25,17,26,0.4630,0.4630,0.0000,10,1,0,0,recheck,0,still,0
2396,5,2,1,556,17,0,1,0,16,0,1,0,16,0,0,0,8,8,8,24,16,24,0.5037,0.5037,0.0000,10,1,0,0,recheck,0,still,0
2396,72,2,1,529,14,0,1,0,15,0,1,2,13,0,0,0,6,6,6,21,15,21,0.3303,0.3303,0.0000,5,1,0,0,recheck,0,still,0
2397,116,2,1,622,14,0,1,0,18,0,1,0,18,0,2,0,9,9,9,27,16,25,0.4585,0.4585,0.0000,11,1,0,0,period_end,0,still,0
2398,2,1,1,478,16,0,1,0,18,0,1,0,18,0,0,0,4,4,3,22,18,21,0.4331,0.4331,0.0000,6,1,0,0,recheck,0,still,0
2398,71,2,0,-1,3,1,5,0,3,0,0,3,0,0,0,0,0,0,0,3,3,3,0.1972,0.0000,0.0000,3,0,0,0,,0,hop,1
2398,128,1,0,-1,18,0,2,1,24,0,0,24,0,0,3,0,0,0,0,24,21,21,0.3474,0.0000,0.0000,8,0,0,0,,0,pending,0
2399,12,2,1,687,18,0,1,0,17,0,1,5,12,0,0,1,6,6,7,23,18,25,0.6160,0.6160,0.0000,11,1,0,0,recheck,0,still,0
2399,128,1,0,-1,18,0,2,1,24,0,0,24,0,0,3,0,0,0,0,24,21,21,0.3474,0.0000,0.0000,8,0,0,0,,0,hop,1
