tick,id,holding,elapsed,count,jam,blocked,n_hold,n_train,n_other,n_behind,mean_dist,ahead,resting,n_far,outcome
108,123,0,-1,26,0,0,0,26,0,0,141.9,23,0,0,hop
115,111,0,-1,5,0,0,0,5,0,0,117.2,5,0,0,hop
117,179,0,-1,4,0,0,0,4,0,0,125.4,4,0,0,nohop_nohold
118,179,0,-1,4,0,0,0,4,0,0,125.3,4,0,0,hop
123,160,0,-1,10,0,0,0,10,0,4,132.8,6,0,0,nohop_nohold
124,160,0,-1,10,0,0,0,10,0,4,132.7,6,0,0,hop
130,158,0,-1,30,0,0,0,30,0,3,146.5,27,0,0,hop
135,121,0,-1,1,0,0,0,1,0,0,154.9,1,0,0,nohop_nohold
136,121,0,-1,1,0,0,0,1,0,0,155.0,1,0,0,hop
138,100,0,-1,27,0,0,0,27,0,0,145.1,23,0,0,hop
141,75,0,-1,10,0,0,0,10,0,0,94.9,10,0,0,hop
146,155,0,-1,2,0,0,0,2,0,0,135.6,2,0,0,nohop_nohold
147,137,0,-1,4,0,0,0,4,0,0,113.2,5,0,0,nohop_nohold
147,155,0,-1,2,0,0,0,2,0,0,132.6,2,0,0,hop
148,137,0,-1,4,0,0,0,4,0,0,110.4,5,0,0,hop
163,102,0,-1,5,0,0,0,5,0,2,125.4,3,0,0,nohop_nohold
164,102,0,-1,5,0,0,0,5,0,2,125.5,3,0,0,hop
167,97,0,-1,9,0,0,0,9,0,1,103.1,8,0,0,nohop_nohold
167,104,0,-1,8,0,0,0,8,0,0,85.2,9,0,0,nohop_nohold
168,97,0,-1,9,0,0,0,9,0,1,102.8,8,0,0,hop
168,104,0,-1,8,0,0,0,8,0,0,84.9,9,0,0,hop
170,199,0,-1,26,0,0,0,26,0,0,142.7,24,0,0,nohop_nohold
171,199,0,-1,26,0,0,0,26,0,0,142.7,24,0,0,hop
177,124,0,-1,9,0,0,0,9,0,0,91.0,9,0,0,nohop_nohold
177,159,0,-1,25,0,0,0,25,0,0,139.4,24,0,0,nohop_nohold
178,124,0,-1,9,0,0,0,9,0,0,91.0,9,0,0,hop
178,159,0,-1,25,0,0,0,25,0,0,139.4,24,0,0,hop
206,156,0,-1,12,0,0,0,12,0,1,87.4,11,0,0,nohop_nohold
207,156,0,-1,12,0,0,0,12,0,1,87.6,11,0,0,hop
253,121,0,-1,1,0,0,0,1,0,0,140.7,1,0,0,nohop_nohold
254,121,0,-1,1,0,0,0,1,0,0,140.8,1,0,0,hop
254,137,0,-1,4,0,0,0,4,0,0,116.7,4,0,0,hop
270,100,0,-1,23,0,0,0,23,0,0,139.2,24,0,0,hop
284,179,0,-1,5,0,0,0,5,0,1,102.9,4,0,0,hop
285,111,0,-1,5,0,0,0,5,0,0,99.6,5,0,0,hop
285,155,0,-1,2,0,0,0,2,0,0,120.2,2,0,0,hop
287,158,0,-1,26,0,0,0,26,0,2,147.6,21,0,0,nohop_nohold
288,158,0,-1,26,0,0,0,26,0,2,147.6,21,0,0,hop
289,104,0,-1,8,0,0,0,8,0,0,95.6,8,0,0,nohop_nohold
290,104,0,-1,8,0,0,0,8,0,0,95.2,8,0,0,hop
295,160,0,-1,0,0,0,0,0,0,0,0.0,0,0,0,hop
308,199,0,-1,23,0,0,0,23,0,0,135.9,20,0,0,nohop_nohold
309,199,0,-1,23,0,0,0,23,0,0,136.0,20,0,0,hop
310,123,0,-1,26,0,0,0,26,0,0,146.9,23,0,0,nohop_nohold
311,102,0,-1,4,0,0,0,4,0,1,134.7,3,0,0,hop
311,123,0,-1,26,0,0,0,26,0,0,146.9,23,0,0,hop
314,1,0,-1,27,0,0,0,27,0,1,163.6,22,0,0,nohop_nohold
314,3,0,-1,28,0,0,0,28,0,0,152.5,21,0,0,nohop_nohold
314,4,0,-1,30,0,0,0,30,0,0,149.7,22,0,1,nohop_nohold
314,5,0,-1,31,0,1,0,31,0,0,146.9,25,0,0,start
314,6,0,-1,27,0,0,0,27,0,0,137.9,25,0,0,nohop_nohold
314,7,0,-1,30,0,0,0,30,0,0,148.0,23,0,0,nohop_nohold
314,8,0,-1,30,0,0,0,30,0,1,143.9,20,0,0,nohop_nohold
314,10,0,-1,30,0,0,0,30,0,0,134.8,23,0,0,nohop_nohold
314,11,0,-1,30,0,0,0,30,0,0,129.7,25,0,0,nohop_nohold
314,12,0,-1,27,0,0,0,27,0,0,112.1,24,0,0,nohop_nohold
314,13,0,-1,29,0,0,0,29,0,0,119.4,26,0,0,nohop_nohold
314,14,0,-1,30,0,0,0,30,0,1,128.3,26,0,0,nohop_nohold
314,15,0,-1,28,0,0,0,28,0,0,136.0,24,0,0,nohop_nohold
314,16,0,-1,27,0,0,0,27,0,0,144.5,24,0,0,nohop_nohold
314,25,0,-1,33,0,1,0,33,0,0,142.8,24,0,0,start
314,28,0,-1,30,0,0,0,30,0,1,120.5,25,0,0,nohop_nohold
314,29,0,-1,30,0,0,0,30,0,1,125.5,22,0,0,nohop_nohold
314,31,0,-1,28,0,0,0,28,0,0,124.0,23,0,0,nohop_nohold
314,41,0,-1,28,0,0,0,28,0,0,140.7,23,0,0,nohop_nohold
314,44,0,-1,27,0,0,0,27,0,0,126.5,24,0,0,nohop_nohold
314,45,0,-1,27,0,0,0,27,0,0,121.5,24,0,0,nohop_nohold
314,46,0,-1,26,0,0,0,26,0,0,110.1,23,0,0,nohop_nohold
314,47,0,-1,29,0,0,0,29,0,0,121.5,26,0,0,nohop_nohold
314,51,0,-1,24,0,0,0,24,0,0,138.7,22,0,0,nohop_nohold
314,54,0,-1,26,0,0,0,26,0,0,137.7,22,0,0,start
314,55,0,-1,28,0,0,0,28,0,0,146.7,23,0,0,start
314,56,0,-1,26,0,0,0,26,0,0,146.7,22,0,0,start
314,57,0,-1,26,0,0,0,26,0,0,141.0,23,0,0,start
314,58,0,-1,29,0,0,0,29,0,0,146.2,22,0,0,start
314,65,0,-1,26,0,0,0,26,0,0,123.6,19,0,0,nohop_nohold
314,66,0,-1,24,0,0,0,24,0,1,119.6,20,0,0,nohop_nohold
314,67,0,-1,23,0,0,0,23,0,0,118.5,19,0,0,nohop_nohold
314,71,0,-1,19,0,0,0,19,0,0,103.8,16,0,0,nohop_nohold
314,73,0,-1,15,0,0,0,15,0,0,110.0,14,0,0,nohop_nohold
314,79,0,-1,24,0,0,0,24,0,0,135.1,22,0,0,start
314,84,0,-1,26,0,0,0,26,0,0,142.2,23,0,0,start
314,86,0,-1,29,0,0,0,29,0,1,138.1,23,0,0,nohop_nohold
314,87,0,-1,31,0,1,0,31,0,0,137.7,24,0,0,start
314,88,0,-1,31,0,1,0,31,0,0,129.4,25,0,0,start
314,89,0,-1,30,0,0,0,30,0,0,123.6,27,0,0,nohop_nohold
314,90,0,-1,26,0,0,0,26,0,0,109.4,24,0,0,nohop_nohold
314,91,0,-1,27,0,0,0,27,0,0,119.6,23,0,0,nohop_nohold
314,92,0,-1,27,0,0,0,27,0,0,125.8,22,0,0,nohop_nohold
314,95,0,-1,24,0,0,0,24,0,0,153.7,20,0,0,nohop_nohold
314,98,0,-1,24,0,0,0,24,0,0,149.2,21,0,0,nohop_nohold
314,99,0,-1,16,0,0,0,16,0,0,97.3,16,0,0,nohop_nohold
314,109,0,-1,22,0,0,0,22,0,0,114.4,17,0,0,nohop_nohold
314,110,0,-1,18,0,0,0,18,0,0,98.3,17,0,0,nohop_nohold
314,113,0,-1,27,0,0,0,27,0,3,152.6,21,0,0,start
314,114,0,-1,28,0,0,0,28,0,1,149.7,23,0,0,start
314,115,0,-1,33,0,1,0,33,0,1,151.1,25,0,0,start
314,119,0,-1,34,0,1,0,34,0,4,146.6,22,0,0,start
314,126,0,-1,30,0,0,0,30,0,5,148.4,22,0,0,start
314,127,0,-1,28,0,0,0,28,0,2,142.0,22,0,0,start
314,128,0,-1,30,0,0,0,30,0,2,149.5,22,0,0,start
314,130,0,-1,27,0,0,0,27,0,0,128.9,25,0,0,start
314,131,0,-1,32,0,1,0,32,0,3,150.3,22,0,0,start
314,132,0,-1,28,0,0,0,28,0,0,124.3,20,0,0,nohop_nohold
314,135,0,-1,35,0,1,0,35,0,3,144.4,24,0,0,start
314,138,0,-1,32,0,1,0,32,0,2,125.4,27,0,0,start
314,139,0,-1,33,0,1,0,33,0,4,138.6,23,0,0,start
314,140,0,-1,31,0,1,0,31,0,4,128.4,24,0,0,start
314,141,0,-1,30,0,0,0,30,0,2,119.9,23,0,0,start
314,142,0,-1,32,0,1,0,32,0,2,131.0,25,0,0,start
314,143,0,-1,33,0,1,0,33,0,4,134.9,23,0,0,start
314,144,0,-1,16,0,0,0,16,0,1,97.1,15,0,0,nohop_nohold
314,153,0,-1,27,0,0,0,27,0,4,156.5,22,0,0,start
314,154,0,-1,30,0,0,0,30,0,3,165.0,22,0,0,start
314,157,0,-1,30,0,0,0,30,0,2,164.7,19,0,0,start
314,163,0,-1,30,0,0,0,30,0,5,148.4,22,0,0,start
314,166,0,-1,28,0,0,0,28,0,2,143.1,22,0,0,start
314,167,0,-1,30,0,0,0,30,0,2,149.5,22,0,0,start
314,168,0,-1,30,0,0,0,30,0,3,148.4,22,0,0,start
314,169,0,-1,32,0,1,0,32,0,2,133.0,25,0,0,start
314,171,0,-1,32,0,1,0,32,0,3,150.4,22,0,0,start
314,172,0,-1,34,0,1,0,34,0,3,149.0,21,0,0,start
314,174,0,-1,28,0,0,0,28,0,3,129.5,19,0,0,nohop_nohold
314,176,0,-1,35,0,1,0,35,0,3,144.5,24,0,0,start
314,180,0,-1,32,0,1,0,32,0,2,125.4,27,0,0,start
314,181,0,-1,32,0,1,0,32,0,3,127.6,24,0,0,start
314,183,0,-1,32,0,1,0,32,0,5,130.3,24,0,0,start
314,186,0,-1,33,0,1,0,33,0,4,134.9,23,0,0,start
314,188,0,-1,31,0,1,0,31,0,5,164.5,22,0,0,start
314,189,0,-1,31,0,1,0,31,0,4,159.0,22,0,0,start
314,194,0,-1,34,0,1,0,34,0,3,146.5,23,0,0,start
314,195,0,-1,29,0,0,0,29,0,3,162.0,24,0,0,start
315,1,0,-1,27,1,1,9,18,0,1,163.6,22,0,0,start
315,3,0,-1,28,1,1,6,22,0,0,152.5,21,0,0,start
315,4,0,-1,30,1,1,6,24,0,0,149.7,22,0,1,start
315,6,0,-1,27,1,1,6,21,0,0,137.9,25,0,0,start
315,7,0,-1,30,1,1,9,21,0,0,148.0,23,0,0,start
315,8,0,-1,30,1,1,9,21,0,1,143.9,20,0,0,start
315,10,0,-1,30,1,1,7,23,0,0,134.7,23,0,0,start
315,11,0,-1,30,1,1,7,23,0,0,129.7,25,0,0,start
315,12,0,-1,27,1,1,5,22,0,0,112.1,24,0,0,start
315,13,0,-1,28,1,1,6,22,0,0,115.3,26,0,0,start
315,14,0,-1,29,1,1,8,21,0,1,125.7,26,0,0,start
315,15,0,-1,27,1,1,9,18,0,0,135.5,24,0,0,start
315,16,0,-1,26,1,1,11,15,0,0,146.5,23,0,0,start
315,28,0,-1,30,1,1,1,29,0,1,120.5,25,0,0,start
315,29,0,-1,30,1,1,0,30,0,1,125.5,22,0,0,start
315,31,0,-1,28,1,1,0,28,0,0,124.0,23,0,0,start
315,41,0,-1,28,1,1,8,20,0,0,140.6,23,0,0,start
315,44,0,-1,27,1,1,6,21,0,0,126.4,24,0,0,start
315,45,0,-1,27,1,1,5,22,0,0,121.5,24,0,0,start
315,46,0,-1,26,1,1,5,21,0,0,110.1,23,0,0,start
315,47,0,-1,29,1,1,7,22,0,0,122.2,26,0,0,start
315,51,0,-1,23,1,1,13,10,0,0,142.7,21,0,0,start
315,65,0,-1,26,0,0,0,26,0,0,123.6,19,0,0,hop
315,66,0,-1,24,0,0,0,24,0,1,119.7,20,0,0,hop
315,67,0,-1,23,0,0,0,23,0,0,118.5,19,0,0,hop
315,71,0,-1,19,0,0,0,19,0,0,103.8,16,0,0,hop
315,73,0,-1,15,0,0,0,15,0,0,110.2,14,0,0,hop
315,86,0,-1,29,1,1,7,22,0,1,138.1,23,0,0,start
315,89,0,-1,30,1,1,3,27,0,0,123.7,27,0,0,start
315,90,0,-1,26,1,1,0,26,0,0,109.3,24,0,0,start
315,91,0,-1,27,1,1,0,27,0,0,119.5,23,0,0,start
315,92,0,-1,27,0,0,0,27,0,0,125.8,22,0,0,start
315,95,0,-1,24,1,1,9,15,0,0,153.7,20,0,0,start
315,98,0,-1,24,1,1,10,14,0,0,149.2,21,0,0,start
315,99,0,-1,16,0,0,0,16,0,0,97.3,16,0,0,hop
315,109,0,-1,22,0,0,0,22,0,0,114.5,17,0,0,hop
315,110,0,-1,18,0,0,0,18,0,0,98.4,17,0,0,hop
315,132,0,-1,28,0,0,0,28,0,0,124.3,20,0,0,start
315,144,0,-1,16,0,0,0,16,0,1,97.2,15,0,0,hop
315,174,0,-1,28,0,0,0,28,0,3,129.5,19,0,0,hop
316,75,0,-1,9,0,0,0,9,0,1,98.3,8,0,0,nohop_nohold
316,117,0,-1,31,1,1,21,10,0,3,144.2,23,0,0,start
317,75,0,-1,9,0,0,0,9,0,1,98.5,8,0,0,hop
322,108,0,-1,25,0,0,0,25,0,1,125.1,19,0,0,nohop_nohold
323,108,0,-1,25,0,0,0,25,0,1,124.9,19,0,0,hop
328,124,0,-1,7,0,0,0,7,0,0,95.6,7,0,0,hop
330,83,0,-1,26,1,1,19,7,0,1,143.5,22,0,0,start
332,165,0,-1,27,1,1,19,8,0,2,143.3,21,0,0,start
334,97,0,-1,7,0,0,0,7,0,0,114.3,7,0,0,nohop_nohold
335,97,0,-1,7,0,0,0,7,0,0,113.7,7,0,0,hop
337,42,0,-1,29,1,1,20,9,0,0,140.1,22,0,0,start
344,5,1,30,31,1,1,21,10,0,0,146.1,24,0,0,still
344,25,1,30,27,1,1,11,16,0,0,127.0,24,0,0,still
344,54,1,30,18,1,1,12,6,0,0,107.1,21,0,0,still
344,55,1,30,21,1,1,13,8,0,1,123.5,22,0,0,still
344,56,1,30,21,1,1,14,7,0,0,127.5,23,0,0,still
344,57,1,30,21,1,1,14,7,0,0,124.4,23,0,0,still
344,58,1,30,22,1,1,12,10,0,0,124.3,22,0,0,still
344,79,1,30,19,1,1,11,8,0,0,122.9,21,0,0,still
344,84,1,30,22,1,1,14,8,0,1,127.8,23,0,0,still
344,87,1,30,27,1,1,9,18,0,0,128.8,24,0,0,still
344,88,1,30,27,1,1,8,19,0,0,118.3,25,0,0,still
344,113,1,30,27,1,1,15,12,0,3,152.7,21,0,0,still
344,114,1,30,28,1,1,18,10,0,1,149.4,23,0,0,still
344,115,1,30,33,1,1,23,10,0,1,150.6,25,0,0,still
344,119,1,30,32,1,1,20,12,0,4,141.1,22,0,0,still
344,126,1,30,25,1,1,14,11,0,5,141.7,21,1,0,still
344,127,1,30,20,1,1,12,8,0,2,117.8,21,0,0,still
344,128,1,30,22,1,1,14,8,0,2,126.1,21,1,0,still
344,130,1,30,23,1,1,9,14,0,0,121.8,24,0,0,still
344,131,1,30,26,1,1,15,11,0,3,135.3,22,1,0,still
344,135,1,30,31,1,1,13,18,0,3,137.7,24,1,0,still
344,138,1,30,30,1,1,9,21,0,2,120.7,27,1,0,still
344,139,1,30,32,1,1,19,13,0,4,138.4,23,0,0,still
344,140,1,30,30,1,1,17,13,0,4,129.9,23,0,0,still
344,141,1,30,28,1,1,13,15,0,2,121.7,23,0,0,still
344,142,1,30,28,1,1,11,17,0,2,126.6,24,0,0,still
344,143,1,30,33,1,1,6,27,0,4,135.4,23,1,0,still
344,153,1,30,27,1,1,14,13,0,4,156.5,22,0,0,still
344,154,1,30,31,1,1,17,14,0,4,167.4,22,0,0,still
344,157,1,30,30,1,1,20,10,0,2,164.6,19,0,0,still
344,163,1,30,25,1,1,14,11,0,5,141.7,21,1,0,still
344,166,1,30,22,1,1,14,8,0,3,128.1,21,1,0,still
344,167,1,30,23,1,1,14,9,0,3,131.0,21,1,0,still
344,168,1,30,23,1,1,16,7,0,2,127.5,22,1,0,still
344,169,1,30,28,1,1,11,17,0,2,129.1,25,0,0,still
344,171,1,30,26,1,1,15,11,0,3,135.4,22,1,0,still
344,172,1,30,29,1,1,13,16,0,3,139.1,21,1,0,still
344,176,1,30,31,1,1,13,18,0,3,137.8,24,1,0,still
344,180,1,30,30,1,1,9,21,0,2,120.8,27,1,0,still
344,181,1,30,31,1,1,8,23,0,3,125.3,24,1,0,still
344,183,1,30,31,1,1,18,13,0,5,132.4,23,0,0,still
344,186,1,30,33,1,1,6,27,0,4,135.3,23,1,0,still
344,188,1,30,31,1,1,17,14,0,5,164.6,22,0,0,still
344,189,1,30,31,1,1,18,13,0,4,159.4,22,0,0,still
344,194,1,30,33,1,1,21,12,0,4,143.6,22,0,0,still
344,195,1,30,29,1,1,16,13,0,3,162.0,24,0,0,still
345,1,1,30,23,1,1,13,10,0,1,182.0,22,1,0,still
345,3,1,30,25,1,1,14,11,0,0,162.4,21,1,0,still
345,4,1,30,28,1,1,17,11,0,0,153.5,22,1,1,still
345,6,1,30,29,1,1,20,9,0,0,143.9,25,1,0,still
345,7,1,30,31,1,1,21,10,0,0,148.6,23,0,0,still
345,8,1,30,29,1,1,19,10,0,0,141.6,20,0,0,still
345,10,1,30,29,1,1,18,11,0,0,133.4,22,0,0,still
345,11,1,30,28,1,1,16,12,0,0,127.2,24,0,0,still
345,12,1,30,26,1,1,12,14,0,0,115.9,23,0,0,still
345,13,1,30,26,1,1,10,16,0,0,116.6,25,0,0,still
345,14,1,30,24,1,1,8,16,0,0,112.4,23,0,0,still
345,15,1,30,24,1,1,10,14,0,0,129.5,23,0,0,still
345,16,1,30,22,1,1,10,12,0,0,132.5,23,0,0,still
345,28,1,30,28,1,1,6,22,0,0,114.9,25,0,0,still
345,29,1,30,30,1,1,5,25,0,1,126.0,22,0,0,still
345,31,1,30,28,1,1,2,26,0,0,124.4,23,0,0,still
345,41,1,30,30,1,1,21,9,0,0,144.9,23,0,0,still
345,44,1,30,26,1,1,16,10,0,0,125.1,22,0,0,still
345,45,1,30,26,1,1,13,13,0,0,123.0,23,0,0,still
345,46,1,30,25,1,1,11,14,0,0,113.4,22,0,0,still
345,47,1,30,25,1,1,8,17,0,0,114.4,23,0,0,still
345,51,1,30,19,1,1,11,8,0,0,125.4,21,0,0,still
345,86,1,30,25,1,1,11,14,0,0,128.0,24,0,0,still
345,89,1,30,26,1,1,7,19,0,0,110.3,27,0,0,still
345,90,1,30,26,1,1,5,21,0,0,110.0,24,0,0,still
345,91,1,30,27,1,1,3,24,0,0,120.1,23,0,0,still
345,92,1,30,26,1,1,0,26,0,0,122.6,22,0,0,still
345,95,1,30,19,1,1,10,9,0,0,171.5,21,0,0,still
345,98,1,30,19,1,1,11,8,0,0,160.5,21,0,0,still
345,132,1,30,28,1,1,2,26,0,0,124.8,21,0,0,still
346,117,1,30,30,1,1,20,10,0,1,141.3,23,0,0,still
350,159,0,-1,17,1,1,8,9,0,0,127.5,17,0,0,start
354,9,0,-1,30,1,1,20,10,0,0,140.9,23,0,0,start
356,156,0,-1,9,0,0,0,9,0,0,91.6,8,0,0,hop
357,34,0,-1,13,0,0,0,13,0,1,99.4,11,0,0,nohop_nohold
357,103,0,-1,11,0,0,0,11,0,0,91.8,11,0,0,nohop_nohold
357,191,0,-1,30,1,1,21,9,0,0,147.5,25,0,0,start
358,34,0,-1,13,0,0,0,13,0,1,99.2,11,0,0,hop
358,103,0,-1,11,0,0,0,11,0,0,91.6,11,0,0,hop
360,83,1,30,20,1,1,13,7,0,1,129.0,22,0,0,still
362,165,1,30,18,1,1,12,6,0,2,112.0,20,1,0,still
367,42,1,30,30,1,1,21,9,0,0,142.1,21,0,0,still
369,125,0,-1,20,1,1,10,10,0,1,127.2,21,0,0,start
373,19,0,-1,18,1,1,13,5,0,0,112.3,21,0,0,start
373,21,0,-1,20,1,1,14,6,0,0,125.8,22,0,0,start
373,26,0,-1,28,1,1,9,19,0,0,117.7,23,0,0,start
373,43,0,-1,28,1,1,19,9,0,0,136.3,23,0,0,start
373,101,0,-1,13,0,0,0,13,0,0,114.4,12,0,0,nohop_nohold
373,118,0,-1,33,1,1,22,11,0,2,146.0,22,0,0,start
374,5,1,60,29,1,1,23,6,0,0,144.6,23,1,0,still
374,25,1,60,26,1,1,12,14,0,0,127.6,23,0,0,still
374,54,1,60,17,1,1,14,3,0,0,107.7,21,0,0,still
374,55,1,60,20,1,1,15,5,0,1,125.2,21,0,0,still
374,56,1,60,20,1,1,15,5,0,0,130.3,22,0,0,still
374,57,1,60,20,1,1,15,5,0,0,129.1,22,0,0,still
374,58,1,60,22,1,1,13,9,0,0,133.8,21,0,0,still
374,79,1,60,16,1,1,11,5,0,0,116.1,20,0,0,still
374,84,1,60,21,1,1,15,6,0,1,132.4,22,0,0,still
374,87,1,60,25,1,1,10,15,0,0,125.1,23,0,0,still
374,88,1,60,26,1,1,8,18,0,0,118.7,24,0,0,still
374,101,0,-1,13,0,0,0,13,0,0,114.4,12,0,0,hop
374,113,1,60,21,1,1,14,7,0,2,162.9,21,0,0,still
374,114,1,60,23,1,1,18,5,0,0,154.3,21,1,0,still
374,115,1,60,28,1,1,22,6,0,0,142.8,24,0,0,still
374,119,1,60,31,1,1,22,9,0,4,140.4,22,0,0,still
374,126,1,60,22,1,1,14,8,0,5,140.1,20,1,0,still
374,127,1,60,18,1,1,15,3,0,2,112.4,20,1,0,still
374,128,1,60,21,1,1,16,5,0,2,128.3,20,1,0,still
374,130,1,60,19,1,1,10,9,0,0,118.9,22,0,0,still
374,131,1,60,25,1,1,16,9,0,3,140.2,21,1,0,still
374,135,1,60,30,1,1,14,16,0,3,138.2,23,1,0,still
374,138,1,60,29,1,1,9,20,0,1,117.6,27,1,0,still
374,139,1,60,30,1,1,21,9,0,4,139.2,23,0,0,still
374,140,1,60,28,1,1,17,11,0,4,133.4,23,0,0,still
374,141,1,60,25,1,1,14,11,0,2,124.6,23,0,0,still
374,142,1,60,25,1,1,13,12,0,2,130.5,22,0,0,still
374,143,1,60,31,1,1,6,25,0,4,130.8,23,1,0,still
374,153,1,60,21,1,1,12,9,0,3,172.1,21,0,0,still
374,154,1,60,24,1,1,14,10,0,3,181.8,22,0,0,still
374,157,1,60,24,1,1,15,9,0,2,182.1,19,0,0,still
374,163,1,60,22,1,1,14,8,0,5,140.1,20,1,0,still
374,166,1,60,20,1,1,17,3,0,2,124.1,21,1,0,still
374,167,1,60,21,1,1,16,5,0,2,128.3,20,1,0,still
374,168,1,60,22,1,1,17,5,0,2,132.0,21,1,0,still
374,169,1,60,22,1,1,10,12,0,0,119.6,24,0,0,still
374,171,1,60,25,1,1,16,9,0,3,140.3,21,1,0,still
374,172,1,60,28,1,1,14,14,0,3,141.5,20,1,0,still
374,176,1,60,30,1,1,14,16,0,3,138.3,23,1,0,still
374,177,0,-1,29,1,1,11,18,0,2,124.7,24,0,0,start
374,180,1,60,29,1,1,9,20,0,1,117.7,27,1,0,still
374,181,1,60,30,1,1,8,22,0,3,121.9,24,1,0,still
374,183,1,60,29,1,1,18,11,0,5,136.5,22,0,0,still
374,186,1,60,31,1,1,6,25,0,4,130.8,23,1,0,still
374,188,1,60,24,1,1,15,9,0,4,174.8,21,0,0,still
374,189,1,60,24,1,1,17,7,0,3,162.7,21,0,0,still
374,194,1,60,32,1,1,23,9,0,4,142.7,23,0,0,still
374,195,1,60,23,1,1,14,9,0,2,178.7,22,0,0,still
375,1,1,60,22,1,1,13,9,0,1,183.6,22,1,0,still
375,3,1,60,22,1,1,17,5,0,0,155.7,20,1,0,still
375,4,1,60,27,1,1,21,6,0,0,152.5,21,1,1,still
375,6,1,60,29,1,1,23,6,0,0,144.7,23,1,0,still
375,7,1,60,29,1,1,23,6,0,0,141.2,22,0,0,still
375,8,1,60,29,1,1,22,7,0,0,140.9,20,0,0,still
375,10,1,60,28,1,1,18,10,0,1,135.3,22,0,0,still
375,11,1,60,26,1,1,16,10,0,0,129.2,23,0,0,still
375,12,1,60,24,1,1,13,11,0,0,121.6,22,0,0,still
375,13,1,60,22,1,1,11,11,0,0,116.4,23,0,0,still
375,14,1,60,21,1,1,9,12,0,0,114.5,22,0,0,still
375,15,1,60,21,1,1,12,9,0,0,129.6,21,1,0,still
375,16,1,60,19,1,1,10,9,0,0,131.1,22,0,0,still
375,28,1,60,28,1,1,7,21,0,1,114.0,25,0,0,still
375,29,1,60,29,1,1,5,24,0,1,124.0,22,0,0,still
375,31,1,60,27,1,1,2,25,0,0,124.1,23,0,0,still
375,41,1,60,28,1,1,24,4,0,0,138.4,22,0,0,still
375,44,1,60,24,1,1,16,8,0,0,123.3,22,0,0,still
375,45,1,60,23,1,1,13,10,0,0,120.3,22,0,0,still
375,46,1,60,23,1,1,12,11,0,0,119.2,21,0,0,still
375,47,1,60,23,1,1,11,12,0,0,120.7,22,0,0,still
375,51,1,60,16,1,1,11,5,0,0,121.9,20,0,0,still
375,86,1,60,24,1,1,13,11,0,0,129.9,23,0,0,still
375,89,1,60,26,1,1,7,19,0,0,110.7,27,0,0,still
375,90,1,60,26,1,1,5,21,0,0,110.6,24,0,0,still
375,91,1,60,25,1,1,3,22,0,0,112.5,23,0,0,still
375,92,1,60,25,1,1,0,25,0,0,123.1,22,0,0,still
375,95,1,60,18,1,1,10,8,0,0,172.8,21,0,0,still
375,98,1,60,17,1,1,9,8,0,0,155.3,21,0,0,still
375,132,1,60,26,1,1,2,24,0,0,119.7,21,0,0,still
376,117,1,60,29,1,1,23,6,0,1,138.1,22,0,0,still
380,159,1,30,16,1,1,6,10,0,0,145.5,17,0,0,still
382,179,0,-1,4,0,0,0,4,0,0,102.3,4,0,0,nohop_nohold
383,179,0,-1,4,0,0,0,4,0,0,102.3,4,0,0,hop
384,9,1,30,30,1,1,21,9,0,0,140.2,23,0,0,still
384,170,0,-1,22,1,1,12,10,0,0,123.7,22,0,0,start
384,200,0,-1,23,1,1,14,9,0,3,134.6,20,0,0,start
387,191,1,30,28,1,1,22,6,0,0,142.9,24,0,0,still
390,83,1,60,20,1,1,16,4,0,1,128.7,21,0,0,still
392,165,1,60,19,1,1,15,4,0,3,119.0,20,1,0,still
395,121,0,-1,1,0,0,0,1,0,0,2.0,1,0,0,nohop_nohold
396,121,0,-1,1,0,0,0,1,0,0,1.8,1,0,0,hop
397,42,1,60,30,1,1,25,5,0,0,140.4,21,0,0,still
399,125,1,30,20,1,1,12,8,0,1,126.6,21,0,0,still
403,19,1,30,18,1,1,15,3,0,0,112.0,21,0,0,still
403,21,1,30,20,1,1,16,4,0,0,124.9,22,0,0,still
403,26,1,30,27,1,1,9,18,0,0,116.4,23,0,0,still
403,43,1,30,30,1,1,23,7,0,0,137.6,23,0,0,still
403,118,1,30,34,1,1,26,8,0,2,144.3,22,0,0,still
404,5,1,90,28,1,1,22,6,0,0,140.5,23,1,0,still
404,25,1,90,25,1,1,12,13,0,0,123.3,23,0,0,still
404,54,1,90,18,1,1,15,3,0,0,114.8,22,0,0,still
404,55,1,90,18,1,1,14,4,0,0,114.9,21,0,0,still
404,56,1,90,19,1,1,15,4,0,0,124.3,22,0,0,still
404,57,1,90,20,1,1,15,5,0,0,129.5,22,0,0,still
404,58,1,90,22,1,1,13,9,0,0,133.2,21,0,0,still
404,79,1,90,15,1,1,11,4,0,0,107.9,21,0,0,still
404,84,1,90,19,1,1,14,5,0,0,125.2,22,0,0,still
404,87,1,90,24,1,1,10,14,0,0,118.9,23,0,0,still
404,88,1,90,25,1,1,8,17,0,0,116.2,24,0,0,still
404,113,1,90,21,1,1,14,7,0,2,163.4,21,0,0,still
404,114,1,90,22,1,1,17,5,0,0,150.3,21,1,0,still
404,115,1,90,28,1,1,22,6,0,0,142.3,24,0,1,still
404,119,1,90,33,1,1,25,8,0,4,142.1,22,0,0,still
404,126,1,90,21,1,1,14,7,0,4,134.3,20,1,0,still
404,127,1,90,19,1,1,15,4,0,3,118.9,20,1,0,still
404,128,1,90,21,1,1,17,4,0,2,128.5,20,1,0,still
404,130,1,90,21,1,1,13,8,0,0,125.3,21,0,0,still
404,131,1,90,25,1,1,17,8,0,4,140.4,21,1,0,still
404,135,1,90,28,1,1,14,14,0,3,131.1,23,1,0,still
404,138,1,90,28,1,1,9,19,0,1,117.4,26,1,0,still
404,139,1,90,30,1,1,23,7,0,3,132.9,23,0,0,still
404,140,1,90,29,1,1,20,9,0,4,129.5,23,0,0,still
404,141,1,90,27,1,1,17,10,0,2,127.0,23,0,0,still
404,142,1,90,26,1,1,16,10,0,1,130.6,23,0,0,still
404,143,1,90,31,1,1,6,25,0,4,138.3,22,1,0,still
404,153,1,90,21,1,1,12,9,0,3,172.5,21,0,0,still
404,154,1,90,22,1,1,12,10,0,2,177.2,21,0,0,still
404,157,1,90,21,1,1,12,9,0,1,179.8,19,0,0,still
404,163,1,90,22,1,1,14,8,0,5,139.1,20,1,0,still
404,166,1,90,20,1,1,17,3,0,2,123.6,21,1,0,still
404,167,1,90,21,1,1,17,4,0,2,128.5,20,1,0,still
404,168,1,90,23,1,1,19,4,0,3,137.2,21,1,0,still
404,169,1,90,23,1,1,13,10,0,0,119.0,23,0,0,still
404,171,1,90,25,1,1,17,8,0,4,140.5,21,1,0,still
404,172,1,90,27,1,1,14,13,0,3,137.9,20,1,0,still
404,176,1,90,28,1,1,14,14,0,3,131.2,23,1,0,still
404,177,1,30,28,1,1,11,17,0,2,122.5,24,1,0,still
404,180,1,90,28,1,1,9,19,0,1,117.4,26,1,0,still
404,181,1,90,29,1,1,8,21,0,3,123.9,23,1,0,still
404,183,1,90,30,1,1,21,9,0,5,132.4,22,0,0,still
404,186,1,90,30,1,1,6,24,0,4,134.8,22,1,0,still
404,188,1,90,23,1,1,14,9,0,4,172.5,21,0,0,still
404,189,1,90,25,1,1,18,7,0,3,166.0,21,1,0,still
404,194,1,90,34,1,1,26,8,0,4,144.2,23,0,0,still
404,195,1,90,21,1,1,12,9,0,1,173.5,22,0,0,still
405,1,1,90,22,1,1,13,9,0,1,183.8,22,1,0,still
405,3,1,90,23,1,1,18,5,0,0,159.4,20,1,1,still
405,4,1,90,25,1,1,20,5,0,0,145.1,21,1,1,still
405,6,1,90,29,1,1,23,6,0,0,143.9,23,1,0,still
405,7,1,90,30,1,1,25,5,0,0,142.3,22,0,0,still
405,8,1,90,30,1,1,25,5,0,0,140.1,23,0,0,still
405,10,1,90,29,1,1,21,8,0,0,132.8,23,0,0,still
405,11,1,90,28,1,1,20,8,0,1,129.1,23,0,0,still
405,12,1,90,26,1,1,17,9,0,1,120.9,22,0,0,still
405,13,1,90,23,1,1,14,9,0,0,111.8,22,0,0,still
405,14,1,90,22,1,1,12,10,0,0,111.9,24,0,0,still
405,15,1,90,21,1,1,13,8,0,0,129.2,21,0,0,still
405,16,1,90,18,1,1,10,8,0,0,123.8,22,0,0,still
405,28,1,90,27,1,1,7,20,0,1,114.9,24,0,0,still
405,29,1,90,28,1,1,5,23,0,1,127.0,21,0,0,still
405,31,1,90,26,1,1,2,24,0,0,127.5,22,0,0,still
405,41,1,90,29,1,1,24,5,0,0,140.0,22,0,0,still
405,44,1,90,25,1,1,19,6,0,0,120.7,22,0,0,still
405,45,1,90,26,1,1,18,8,0,0,124.0,22,0,0,still
405,46,1,90,24,1,1,15,9,0,0,113.9,21,0,0,still
405,47,1,90,24,1,1,14,10,0,0,118.3,22,0,0,still
405,51,1,90,16,1,1,11,5,0,0,120.1,20,0,0,still
405,86,1,90,23,1,1,12,11,0,0,125.2,23,0,0,still
405,89,1,90,25,1,1,7,18,0,0,109.6,26,0,0,still
405,90,1,90,25,1,1,5,20,0,0,111.7,23,0,0,still
405,91,1,90,24,1,1,3,21,0,0,115.4,22,0,0,still
405,92,1,90,24,1,1,0,24,0,0,126.5,21,0,0,still
405,95,1,90,19,1,1,11,8,0,0,176.5,21,1,0,still
405,98,1,90,16,1,1,8,8,0,0,158.0,21,1,0,still
405,132,1,90,25,1,1,1,24,0,0,126.1,20,0,0,still
406,117,1,90,29,1,1,23,6,0,1,137.0,22,0,0,still
407,199,0,-1,16,1,1,6,10,0,2,144.9,20,0,0,start
410,159,1,60,16,1,1,7,9,0,0,145.7,17,0,0,still
411,32,0,-1,22,0,0,0,22,0,0,128.9,17,0,0,nohop_nohold
411,33,0,-1,19,0,0,0,19,0,1,109.3,14,0,0,nohop_nohold
411,136,0,-1,19,0,0,0,19,0,1,111.3,15,0,0,nohop_nohold
412,32,0,-1,22,0,0,0,22,0,0,128.8,17,0,0,hop
412,33,0,-1,19,0,0,0,19,0,1,109.3,14,0,0,hop
412,136,0,-1,19,0,0,0,19,0,1,111.5,14,0,0,hop
414,9,1,60,30,1,1,23,7,0,0,138.4,23,0,0,still
414,170,1,30,20,1,1,12,8,0,0,114.6,22,0,0,still
414,200,1,30,23,1,1,14,9,0,3,133.6,20,0,0,still
417,155,0,-1,2,0,0,0,2,0,0,37.6,2,0,0,hop
417,191,1,60,28,1,1,22,6,0,0,142.6,24,1,0,still
419,49,0,-1,20,1,1,11,9,0,0,130.7,21,0,0,start
419,160,0,-1,0,0,0,0,0,0,0,0.0,0,0,0,nohop_nohold
420,83,1,90,18,1,1,14,4,0,0,121.1,21,0,0,still
420,160,0,-1,0,0,0,0,0,0,0,0.0,0,0,0,hop
422,165,1,90,19,1,1,15,4,0,3,118.8,20,1,0,still
423,111,0,-1,6,0,0,0,6,0,0,98.0,6,0,0,nohop_nohold
424,99,0,-1,14,0,0,0,14,0,0,93.5,13,0,0,hop
424,111,0,-1,6,0,0,0,6,0,0,99.0,6,0,0,hop
427,42,1,90,31,1,1,27,4,0,0,141.0,21,0,0,still
429,125,1,60,20,1,1,13,7,0,1,126.3,20,0,0,still
430,100,0,-1,14,1,1,6,8,0,1,139.7,21,0,0,start
432,109,0,-1,18,0,0,0,18,0,0,103.6,14,0,0,hop
433,19,1,60,18,1,1,15,3,0,0,111.9,21,0,0,still
433,21,1,60,19,1,1,15,4,0,0,119.0,22,0,0,still
433,26,1,60,26,1,1,9,17,0,0,112.1,23,0,0,still
433,43,1,60,29,1,1,24,5,0,0,137.6,22,0,0,still
433,118,1,60,32,1,1,26,6,0,1,142.6,21,0,0,still
434,5,1,120,28,1,1,22,6,0,0,140.1,23,1,0,still
434,25,1,120,25,1,1,12,13,0,0,123.5,23,0,0,still
434,54,1,120,18,1,1,15,3,0,0,114.4,22,0,0,still
434,55,1,120,19,1,1,15,4,0,0,121.0,21,0,0,still
434,56,1,120,19,1,1,15,4,0,0,123.7,22,0,0,still
434,57,1,120,20,1,1,15,5,0,0,128.6,22,0,0,still
434,58,1,120,22,1,1,13,9,0,0,131.6,21,0,0,still
434,79,1,120,15,1,1,11,4,0,0,106.9,21,0,0,still
434,84,1,120,19,1,1,14,5,0,0,124.3,22,0,0,still
434,87,1,120,24,1,1,10,14,0,0,119.3,23,0,0,still
434,88,1,120,25,1,1,8,17,0,0,116.9,24,0,0,still
434,113,1,120,20,1,1,13,7,0,2,162.3,21,0,0,still
434,114,1,120,21,1,1,16,5,0,0,147.9,21,1,0,still
434,115,1,120,28,1,1,22,6,0,0,142.0,24,0,1,still
434,119,1,120,32,1,1,26,6,0,4,143.1,21,0,0,still
434,126,1,120,21,1,1,14,7,0,4,133.5,20,1,0,still
434,127,1,120,19,1,1,15,4,0,3,118.6,20,1,0,still
434,128,1,120,21,1,1,17,4,0,2,128.1,20,1,0,still
434,130,1,120,20,1,1,13,7,0,0,122.6,21,0,0,still
434,131,1,120,24,1,1,16,8,0,3,135.5,21,1,0,still
434,135,1,120,28,1,1,14,14,0,3,131.4,23,1,0,still
434,138,1,120,28,1,1,9,19,0,1,118.5,26,1,0,still
434,139,1,120,29,1,1,24,5,0,3,135.8,23,0,0,still
434,140,1,120,28,1,1,21,7,0,4,132.5,22,0,0,still
434,141,1,120,26,1,1,18,8,0,1,128.4,22,0,0,still
434,142,1,120,25,1,1,17,8,0,1,130.2,22,0,0,still
434,143,1,120,31,1,1,6,25,0,4,138.9,22,1,0,still
434,153,1,120,21,1,1,12,9,0,4,173.4,21,0,0,still
434,154,1,120,22,1,1,13,9,0,3,177.1,21,0,0,still
434,157,1,120,22,1,1,14,8,0,1,175.5,19,0,0,still
434,163,1,120,21,1,1,14,7,0,4,133.5,20,1,0,still
434,166,1,120,20,1,1,17,3,0,2,123.3,21,1,0,still
434,167,1,120,21,1,1,17,4,0,2,128.1,20,1,0,still
434,168,1,120,23,1,1,19,4,0,3,136.5,21,1,0,still
434,169,1,120,22,1,1,14,8,0,0,117.1,21,0,0,still
434,171,1,120,24,1,1,16,8,0,3,135.6,21,1,0,still
434,172,1,120,26,1,1,14,12,0,3,133.3,20,1,0,still
434,176,1,120,28,1,1,14,14,0,3,131.4,23,1,0,still
434,177,1,60,28,1,1,11,17,0,2,123.0,24,1,0,still
434,180,1,120,28,1,1,9,19,0,1,118.5,26,1,0,still
434,181,1,120,29,1,1,8,21,0,3,125.0,23,1,0,still
434,183,1,120,29,1,1,22,7,0,5,135.3,21,0,0,still
434,186,1,120,31,1,1,6,25,0,4,138.8,22,1,0,still
434,188,1,120,23,1,1,14,9,0,5,174.5,21,0,0,still
434,189,1,120,24,1,1,17,7,0,3,164.7,21,1,0,still
434,194,1,120,33,1,1,27,6,0,4,145.3,22,0,0,still
434,195,1,120,21,1,1,12,9,0,2,173.8,22,0,0,still
435,1,1,120,21,1,1,12,9,0,1,182.8,22,0,0,still
435,3,1,120,21,1,1,16,5,0,0,153.8,20,1,1,still
435,4,1,120,24,1,1,19,5,0,0,141.9,20,1,1,still
435,6,1,120,28,1,1,23,5,0,0,140.1,23,1,0,still
435,7,1,120,29,1,1,25,4,0,0,139.9,22,0,0,still
435,8,1,120,29,1,1,26,3,0,0,138.5,22,0,0,still
435,10,1,120,28,1,1,22,6,0,0,135.1,22,0,0,still
435,11,1,120,27,1,1,21,6,0,1,132.6,22,0,0,still
435,12,1,120,25,1,1,18,7,0,1,123.1,21,0,0,still
435,13,1,120,22,1,1,15,7,0,0,114.0,20,0,0,still
435,14,1,120,20,1,1,13,7,0,0,106.2,21,0,0,still
435,15,1,120,21,1,1,14,7,0,0,128.9,21,0,0,still
435,16,1,120,17,1,1,10,7,0,0,120.0,22,0,0,still
435,28,1,120,27,1,1,7,20,0,1,116.0,24,0,0,still
435,29,1,120,28,1,1,5,23,0,1,127.7,21,0,0,still
435,31,1,120,26,1,1,2,24,0,0,127.2,22,0,0,still
435,41,1,120,27,1,1,23,4,0,0,133.2,22,0,0,still
435,44,1,120,25,1,1,21,4,0,0,126.2,21,0,0,still
435,45,1,120,25,1,1,19,6,0,0,127.7,21,0,0,still
435,46,1,120,23,1,1,16,7,0,0,116.0,20,0,0,still
435,47,1,120,23,1,1,15,8,0,0,118.5,21,0,0,still
435,51,1,120,17,1,1,12,5,0,0,126.0,20,0,0,still
435,86,1,120,23,1,1,12,11,0,1,124.6,22,0,0,still
435,89,1,120,25,1,1,7,18,0,0,110.2,26,0,0,still
435,90,1,120,25,1,1,5,20,0,0,112.9,23,0,0,still
435,91,1,120,24,1,1,3,21,0,0,116.1,22,0,0,still
435,92,1,120,24,1,1,0,24,0,0,125.8,21,0,0,still
435,95,1,120,18,1,1,11,7,0,0,171.0,21,0,0,still
435,98,1,120,17,1,1,10,7,0,0,151.3,20,0,0,still
435,132,1,120,25,1,1,1,24,0,0,125.9,19,0,0,still
436,117,1,120,29,1,1,24,5,0,1,137.2,22,0,0,still
437,199,1,30,19,1,1,11,8,0,2,141.8,20,0,0,still
440,159,1,90,17,1,1,10,7,0,0,131.3,16,0,0,still
441,76,0,-1,23,1,1,17,6,0,0,138.2,20,0,1,start
443,65,0,-1,24,0,0,0,24,0,1,125.7,18,0,0,nohop_nohold
444,9,1,90,29,1,1,25,4,0,0,139.3,22,0,0,still
444,65,0,-1,24,0,0,0,24,0,1,125.6,18,0,0,hop
444,170,1,60,20,1,1,14,6,0,0,126.7,21,0,0,still
444,200,1,60,20,1,1,14,6,0,1,129.5,19,0,0,still
447,68,0,-1,20,1,1,13,7,0,0,173.1,21,0,0,start
447,191,1,90,28,1,1,22,6,0,0,141.7,24,1,0,still
449,17,0,-1,17,1,1,14,3,0,0,109.4,21,0,0,start
449,49,1,30,19,1,1,11,8,0,0,132.6,20,0,0,still
449,164,0,-1,19,1,1,15,4,0,3,121.8,20,0,0,start
450,83,1,120,18,1,1,14,4,0,0,120.5,21,0,0,still
452,165,1,120,18,1,1,15,3,0,2,112.0,20,1,0,still
457,42,1,120,30,1,1,28,2,0,0,140.3,21,0,0,still
459,125,1,90,19,1,1,15,4,0,1,130.9,19,0,0,still
460,100,1,30,17,1,1,12,5,0,1,132.1,19,0,0,still
463,19,1,90,19,1,1,16,3,0,0,118.3,21,0,1,still
463,21,1,90,19,1,1,15,4,0,0,118.2,22,0,0,still
463,26,1,90,25,1,1,9,16,0,0,117.8,22,0,1,still
463,43,1,90,30,1,1,26,4,0,0,140.5,22,0,0,still
463,66,0,-1,21,0,0,0,21,0,1,120.7,16,0,0,hop
463,110,0,-1,15,0,0,0,15,0,0,87.7,16,0,0,hop
463,118,1,90,32,1,1,28,4,0,1,143.2,21,0,0,still
463,158,0,-1,20,1,1,14,6,0,2,144.5,18,0,0,start
464,5,1,150,28,1,1,22,6,0,0,139.1,23,1,0,still
464,25,1,150,24,1,1,12,12,0,0,124.0,22,0,0,still
464,54,1,150,18,1,1,15,3,0,0,113.8,22,0,0,still
464,55,1,150,19,1,1,15,4,0,0,119.8,21,0,0,still
464,56,1,150,19,1,1,15,4,0,0,122.6,22,0,0,still
464,57,1,150,20,1,1,15,5,0,0,127.2,22,0,0,still
464,58,1,150,21,1,1,13,8,0,0,127.4,21,0,0,still
464,79,1,150,15,1,1,12,3,0,0,106.9,21,0,0,still
464,84,1,150,19,1,1,14,5,0,0,122.9,22,0,0,still
464,87,1,150,22,1,1,10,12,0,0,115.0,22,0,0,still
464,88,1,150,23,1,1,8,15,0,0,117.2,23,0,0,still
464,107,0,-1,25,1,1,1,24,0,0,133.6,20,0,0,start
464,113,1,150,22,1,1,15,7,0,2,159.2,21,0,0,still
464,114,1,150,24,1,1,19,5,0,1,152.6,21,1,0,still
464,115,1,150,29,1,1,23,6,0,1,144.0,24,0,1,still
464,119,1,150,31,1,1,27,4,0,4,140.4,21,0,0,still
464,126,1,150,20,1,1,16,4,0,3,130.8,20,1,0,still
464,127,1,150,19,1,1,16,3,0,2,118.5,20,1,0,still
464,128,1,150,22,1,1,18,4,0,3,132.2,20,1,0,still
464,130,1,150,19,1,1,15,4,0,0,127.6,20,0,0,still
464,131,1,150,23,1,1,16,7,0,3,131.0,21,1,0,still
464,135,1,150,26,1,1,14,12,0,3,128.6,22,1,0,still
464,138,1,150,26,1,1,9,17,0,1,121.1,24,1,0,still
464,139,1,150,28,1,1,26,2,0,3,134.6,24,0,0,still
464,140,1,150,26,1,1,22,4,0,3,128.9,21,0,0,still
464,141,1,150,25,1,1,21,4,0,1,132.0,21,0,0,still
464,142,1,150,24,1,1,20,4,0,0,136.9,21,0,0,still
464,143,1,150,29,1,1,6,23,0,4,141.0,20,1,0,still
464,153,1,150,22,1,1,14,8,0,3,164.7,20,0,0,still
464,154,1,150,23,1,1,15,8,0,2,167.6,21,0,0,still
464,157,1,150,22,1,1,16,6,0,1,162.8,18,0,0,still
464,163,1,150,20,1,1,16,4,0,3,130.9,20,1,0,still
464,166,1,150,20,1,1,17,3,0,2,122.8,21,1,0,still
464,167,1,150,22,1,1,18,4,0,3,132.2,20,1,0,still
464,168,1,150,23,1,1,19,4,0,3,135.4,21,1,0,still
464,169,1,150,21,1,1,17,4,0,0,122.0,20,0,0,still
464,171,1,150,23,1,1,16,7,0,3,131.0,21,1,0,still
464,172,1,150,25,1,1,14,11,0,3,131.7,20,1,0,still
464,174,0,-1,24,0,0,2,22,0,4,129.1,15,0,0,hop
464,176,1,150,26,1,1,14,12,0,3,128.7,22,1,0,still
464,177,1,90,26,1,1,11,15,0,2,123.3,23,1,0,still
464,180,1,150,26,1,1,9,17,0,1,121.1,24,1,0,still
464,181,1,150,27,1,1,8,19,0,3,128.0,21,1,0,still
464,183,1,150,27,1,1,23,4,0,4,132.1,20,0,0,still
464,186,1,150,29,1,1,6,23,0,4,141.0,20,1,0,still
464,188,1,150,24,1,1,16,8,0,4,167.2,21,0,0,still
464,189,1,150,25,1,1,19,6,0,3,160.2,21,1,0,still
464,194,1,150,32,1,1,28,4,0,4,142.7,22,0,0,still
464,195,1,150,23,1,1,15,8,0,3,167.5,21,0,0,still
465,1,1,150,22,1,1,14,8,0,0,171.3,22,0,0,still
465,3,1,150,22,1,1,17,5,0,0,151.7,20,0,1,still
465,4,1,150,24,1,1,19,5,0,0,140.6,20,0,0,still
465,6,1,150,28,1,1,24,4,0,0,139.4,23,1,0,still
465,7,1,150,29,1,1,26,3,0,0,139.0,22,0,0,still
465,8,1,150,29,1,1,27,2,0,0,137.9,22,0,0,still
465,10,1,150,27,1,1,23,4,0,0,132.3,22,0,0,still
465,11,1,150,26,1,1,23,3,0,1,131.2,22,0,0,still
465,12,1,150,24,1,1,20,4,0,0,128.4,20,0,0,still
465,13,1,150,21,1,1,17,4,0,0,114.6,19,0,0,still
465,14,1,150,19,1,1,15,4,0,0,108.3,20,0,0,still
465,15,1,150,20,1,1,16,4,0,0,133.7,20,0,0,still
465,16,1,150,17,1,1,13,4,0,0,126.7,20,0,0,still
465,28,1,150,25,1,1,8,17,0,1,119.1,22,0,0,still
465,29,1,150,26,1,1,6,20,0,1,130.0,19,0,0,still
465,31,1,150,24,1,1,3,21,0,0,127.3,20,0,0,still
465,34,0,-1,11,0,0,0,11,0,1,99.6,9,0,0,nohop_nohold
465,41,1,150,27,1,1,24,3,0,0,132.3,22,0,0,still
465,44,1,150,25,1,1,22,3,0,0,127.2,21,0,0,still
465,45,1,150,24,1,1,21,3,0,0,126.0,21,0,0,still
465,46,1,150,21,1,1,17,4,0,0,114.9,21,0,0,still
465,47,1,150,22,1,1,18,4,0,0,121.7,21,0,0,still
465,51,1,150,16,1,1,13,3,0,0,120.2,20,0,0,still
465,86,1,150,21,1,1,13,8,0,1,117.6,21,0,0,still
465,89,1,150,23,1,1,8,15,0,0,112.6,24,0,0,still
465,90,1,150,23,1,1,6,17,0,0,115.8,21,0,0,still
465,91,1,150,22,1,1,4,18,0,0,117.8,20,0,0,still
465,92,1,150,23,1,1,1,22,0,0,126.2,19,0,0,still
465,95,1,150,19,1,1,13,6,0,0,159.6,20,0,0,still
465,98,1,150,18,1,1,13,5,0,0,146.5,17,0,0,still
465,132,1,150,24,1,1,3,21,0,0,128.7,17,0,0,still
466,34,0,-1,11,0,0,0,11,0,1,99.5,9,0,0,hop
466,117,1,150,29,1,1,25,4,0,1,136.3,22,0,0,still
467,199,1,60,21,1,1,15,6,0,2,147.8,19,0,0,still
470,159,1,120,18,1,1,14,4,0,0,141.5,15,0,0,still
471,76,1,30,22,1,1,18,4,0,0,133.8,20,0,1,still
471,108,0,-1,21,0,0,0,21,0,0,122.4,17,0,0,hop
472,75,0,-1,8,0,0,0,8,0,0,102.7,8,0,0,nohop_nohold
473,67,0,-1,21,0,0,0,21,0,0,121.7,15,0,0,nohop_nohold
473,75,0,-1,8,0,0,0,8,0,0,102.6,8,0,0,hop
473,123,0,-1,19,1,1,15,4,0,0,136.4,17,0,0,start
474,9,1,120,29,1,1,25,4,0,0,139.5,22,0,0,still
474,67,0,-1,21,0,0,0,21,0,0,122.0,14,0,0,hop
474,73,0,-1,13,0,0,0,13,0,0,106.5,11,0,0,hop
474,170,1,90,20,1,1,16,4,0,0,125.9,21,0,0,still
474,200,1,90,20,1,1,16,4,0,1,128.8,19,0,0,still
477,68,1,30,21,1,1,15,6,0,0,162.4,20,0,0,still
477,191,1,120,29,1,1,23,6,0,1,143.9,24,1,0,still
479,17,1,30,17,1,1,14,3,0,0,108.6,21,0,0,still
479,49,1,60,18,1,1,12,6,0,0,128.8,20,0,0,still
479,164,1,30,19,1,1,16,3,0,3,121.3,20,1,0,still
480,71,0,-1,15,0,0,0,15,0,0,98.3,14,0,0,nohop_nohold
480,83,1,150,17,1,1,14,3,0,0,116.6,21,0,0,still
480,179,0,-1,4,0,0,0,4,0,0,105.8,3,0,0,hop
481,71,0,-1,15,0,0,0,15,0,0,98.8,14,0,0,hop
482,165,1,150,19,1,1,16,3,0,2,118.2,20,1,0,still
483,97,0,-1,6,0,0,0,6,0,0,99.1,6,0,0,hop
487,42,1,150,29,1,1,27,2,0,0,136.8,21,0,0,still
487,102,0,-1,4,0,0,0,4,0,0,109.0,3,0,0,hop
488,145,0,-1,24,1,1,18,6,0,3,157.8,20,0,0,start
489,125,1,120,17,1,1,13,4,0,0,123.4,20,0,0,still
490,100,1,60,18,1,1,14,4,0,1,135.7,19,0,0,still
493,19,1,120,15,1,1,13,2,0,0,109.1,21,0,0,still
493,21,1,120,16,1,1,13,3,0,0,122.4,22,0,0,still
493,26,1,120,23,1,1,10,13,0,0,115.7,21,0,0,still
493,43,1,120,30,1,1,26,4,0,0,140.9,22,0,0,still
493,118,1,120,32,1,1,28,4,0,1,143.7,21,0,0,still
493,158,1,30,21,1,1,16,5,0,2,146.4,18,0,0,still
494,5,1,180,28,1,1,22,6,0,0,138.4,23,1,0,still
494,25,1,180,23,1,1,13,10,0,0,129.5,21,0,0,still
494,54,1,180,18,1,1,15,3,0,0,114.4,22,0,0,still
494,55,1,180,19,1,1,16,3,0,0,123.1,21,0,1,still
494,56,1,180,18,1,1,15,3,0,0,120.3,22,0,0,still
494,57,1,180,18,1,1,14,4,0,0,121.6,22,0,0,still
494,58,1,180,19,1,1,14,5,0,0,126.3,20,0,0,still
494,79,1,180,15,1,1,12,3,0,0,106.2,21,0,0,still
494,84,1,180,18,1,1,14,4,0,0,123.7,22,0,0,still
494,87,1,180,21,1,1,11,10,0,0,121.0,21,0,0,still
494,88,1,180,20,1,1,9,11,0,0,110.3,21,0,0,still
494,107,1,30,25,1,1,1,24,0,0,135.1,20,0,0,still
494,113,1,180,23,1,1,16,7,0,2,160.2,21,0,0,still
494,114,1,180,24,1,1,19,5,0,1,152.3,21,0,0,still
494,115,1,180,29,1,1,23,6,0,1,143.2,24,0,1,still
494,119,1,180,31,1,1,27,4,0,4,141.0,21,0,0,still
494,126,1,180,19,1,1,15,4,0,3,125.8,20,1,0,still
494,127,1,180,19,1,1,16,3,0,2,117.9,20,1,0,still
494,128,1,180,21,1,1,18,3,0,3,130.1,20,1,0,still
494,130,1,180,18,1,1,14,4,0,0,122.9,20,0,0,still
494,131,1,180,22,1,1,17,5,0,3,134.2,20,1,0,still
494,135,1,180,25,1,1,15,10,0,3,133.9,21,1,0,still
494,138,1,180,25,1,1,10,15,0,1,122.6,23,1,0,still
494,139,1,180,27,1,1,25,2,0,2,131.2,23,0,0,still
494,140,1,180,26,1,1,22,4,0,3,129.2,21,0,0,still
494,141,1,180,24,1,1,20,4,0,1,127.7,21,0,0,still
494,142,1,180,23,1,1,19,4,0,0,133.7,21,0,0,still
494,143,1,180,27,1,1,7,20,0,3,135.8,20,1,0,still
494,153,1,180,24,1,1,17,7,0,4,167.9,20,0,0,still
494,154,1,180,25,1,1,18,7,0,2,169.7,21,0,0,still
494,157,1,180,24,1,1,19,5,0,1,164.9,18,0,0,still
494,163,1,180,20,1,1,15,5,0,4,131.5,20,1,0,still
494,166,1,180,20,1,1,17,3,0,2,123.3,21,1,0,still
494,167,1,180,21,1,1,18,3,0,3,130.1,20,1,0,still
494,168,1,180,22,1,1,18,4,0,3,136.2,21,1,0,still
494,169,1,180,19,1,1,15,4,0,0,111.8,21,0,0,still
494,171,1,180,22,1,1,17,5,0,3,134.2,20,1,0,still
494,172,1,180,24,1,1,15,9,0,3,136.8,19,1,0,still
494,176,1,180,25,1,1,15,10,0,3,134.0,21,1,0,still
494,177,1,120,25,1,1,12,13,0,2,127.1,22,1,0,still
494,180,1,180,24,1,1,10,14,0,1,117.8,23,1,0,still
494,181,1,180,26,1,1,9,17,0,3,127.8,20,1,0,still
494,183,1,180,27,1,1,23,4,0,4,132.3,20,0,0,still
494,186,1,180,27,1,1,7,20,0,3,135.8,20,1,0,still
494,188,1,180,25,1,1,18,7,0,4,167.5,21,0,0,still
494,189,1,180,25,1,1,19,6,0,3,158.7,19,0,0,still
494,194,1,180,32,1,1,28,4,0,4,143.3,22,0,0,still
494,195,1,180,26,1,1,19,7,0,3,172.4,21,0,0,still
495,1,1,180,24,1,1,17,7,0,0,172.7,22,0,0,still
495,3,1,180,23,1,1,18,5,0,0,153.5,20,0,1,still
495,4,1,180,24,1,1,19,5,0,0,139.5,20,0,0,still
495,6,1,180,29,1,1,25,4,0,0,142.3,23,1,0,still
495,7,1,180,29,1,1,26,3,0,0,138.1,22,0,0,still
495,8,1,180,29,1,1,27,2,0,0,137.7,22,0,0,still
495,10,1,180,27,1,1,23,4,0,0,132.7,22,0,0,still
495,11,1,180,26,1,1,23,3,0,1,131.3,22,0,0,still
495,12,1,180,24,1,1,20,4,0,0,128.7,20,0,0,still
495,13,1,180,21,1,1,17,4,0,0,114.7,19,0,0,still
495,14,1,180,19,1,1,15,4,0,0,107.4,20,0,0,still
495,15,1,180,20,1,1,16,4,0,1,131.0,20,0,0,still
495,16,1,180,15,1,1,12,3,0,0,118.6,18,0,0,still
495,28,1,180,24,1,1,8,16,0,1,118.6,21,0,0,still
495,29,1,180,24,1,1,6,18,0,1,123.9,18,0,0,still
495,31,1,180,24,1,1,3,21,0,0,128.3,20,0,0,still
495,41,1,180,27,1,1,24,3,0,0,131.7,22,0,0,still
495,44,1,180,25,1,1,22,3,0,0,127.5,21,0,0,still
495,45,1,180,24,1,1,21,3,0,0,126.1,21,0,0,still
495,46,1,180,21,1,1,17,4,0,0,115.4,21,0,0,still
495,47,1,180,21,1,1,17,4,0,0,115.6,21,0,0,still
495,51,1,180,15,1,1,12,3,0,0,114.7,20,0,0,still
495,86,1,180,20,1,1,13,7,0,1,122.7,20,0,0,still
495,89,1,180,22,1,1,8,14,0,0,114.7,23,0,0,still
495,90,1,180,23,1,1,6,17,0,1,116.8,20,0,0,still
495,91,1,180,22,1,1,4,18,0,0,118.5,20,0,0,still
495,92,1,180,23,1,1,1,22,0,0,127.6,19,0,0,still
495,95,1,180,22,1,1,17,5,0,0,165.7,20,0,0,still
495,98,1,180,20,1,1,16,4,0,0,152.0,17,0,0,still
495,132,1,180,23,1,1,2,21,0,0,127.8,17,0,0,still
496,117,1,180,29,1,1,25,4,0,1,135.6,22,0,0,still
497,199,1,90,22,1,1,17,5,0,2,149.7,19,0,0,still
500,159,1,150,18,1,1,15,3,0,0,141.7,15,0,0,still
501,76,1,60,21,1,1,17,4,0,0,129.7,21,0,1,still
502,144,0,-1,15,0,0,0,15,0,1,108.3,12,0,0,nohop_nohold
503,123,1,30,20,1,1,17,3,0,0,139.9,17,0,0,still
503,144,0,-1,15,0,0,0,15,0,1,108.1,12,0,0,hop
504,9,1,150,29,1,1,25,4,0,0,139.8,22,0,0,still
504,170,1,120,19,1,1,15,4,0,0,120.6,21,0,0,still
504,200,1,120,19,1,1,15,4,0,1,124.3,19,0,0,still
505,121,0,-1,2,0,0,0,2,0,0,91.1,2,0,0,nohop_nohold
505,124,0,-1,5,0,0,0,5,0,1,79.5,4,0,0,nohop_nohold
506,121,0,-1,2,0,0,0,2,0,0,91.1,2,0,0,hop
506,124,0,-1,5,0,0,0,5,0,1,79.5,4,0,0,hop
507,68,1,60,23,1,1,18,5,0,0,164.4,20,0,0,still
507,191,1,150,28,1,1,22,6,0,1,139.8,22,1,0,still
509,17,1,60,17,1,1,14,3,0,0,107.9,21,0,0,still
509,49,1,90,17,1,1,12,5,0,0,121.2,20,0,0,still
509,164,1,60,19,1,1,16,3,0,3,120.8,20,1,0,still
510,83,1,180,17,1,1,14,3,0,0,116.6,21,0,0,still
512,165,1,180,19,1,1,16,3,0,2,117.6,20,1,0,still
514,156,0,-1,8,0,0,0,8,0,0,93.0,8,0,0,nohop_nohold
515,156,0,-1,8,0,0,0,8,0,0,93.1,8,0,0,hop
517,42,1,180,29,1,1,27,2,0,0,136.6,21,0,0,still
518,145,1,30,24,1,1,19,5,0,3,158.7,19,0,0,still
519,125,1,150,17,1,1,13,4,0,0,122.1,20,0,0,still
520,100,1,90,19,1,1,15,4,0,1,139.9,19,0,0,still
523,19,1,150,19,1,1,16,3,0,0,118.1,21,0,2,still
523,21,1,150,19,1,1,16,3,0,0,120.4,22,0,0,still
523,26,1,150,23,1,1,10,13,0,0,115.0,21,0,0,still
523,43,1,150,29,1,1,25,4,0,0,137.3,22,0,0,still
523,118,1,150,32,1,1,28,4,0,1,143.8,21,0,0,still
523,158,1,60,22,1,1,17,5,0,2,150.9,18,0,0,still
524,5,1,210,27,1,1,22,5,0,0,135.6,22,1,0,still
524,25,1,210,23,1,1,13,10,0,0,128.5,21,0,0,still
524,54,1,210,18,1,1,15,3,0,0,113.6,22,0,0,still
524,55,1,210,19,1,1,16,3,0,0,122.2,21,0,1,still
524,56,1,210,18,1,1,15,3,0,0,119.3,22,0,0,still
524,57,1,210,19,1,1,15,4,0,0,126.8,21,0,0,still
524,58,1,210,19,1,1,14,5,0,0,125.1,20,0,0,still
524,79,1,210,15,1,1,12,3,0,0,105.8,21,0,0,still
524,84,1,210,18,1,1,14,4,0,0,122.6,22,0,0,still
524,87,1,210,21,1,1,11,10,0,0,120.4,21,0,0,still
524,88,1,210,20,1,1,9,11,0,0,109.3,21,0,0,still
524,107,1,60,22,1,1,1,21,0,0,125.5,20,0,0,still
524,113,1,210,22,1,1,16,6,0,2,157.2,20,0,0,still
524,114,1,210,24,1,1,20,4,0,2,152.9,20,0,0,still
524,115,1,210,27,1,1,22,5,0,1,137.6,23,0,1,still
524,119,1,210,31,1,1,27,4,0,4,141.1,21,0,0,still
524,126,1,210,20,1,1,15,5,0,4,130.8,20,1,0,still
524,127,1,210,19,1,1,16,3,0,2,117.5,20,1,0,still
524,128,1,210,22,1,1,19,3,0,3,134.3,20,1,1,still
524,130,1,210,18,1,1,14,4,0,0,122.1,20,0,0,still
524,131,1,210,22,1,1,17,5,0,3,133.2,20,1,0,still
524,135,1,210,25,1,1,15,10,0,3,132.9,21,1,0,still
524,138,1,210,24,1,1,10,14,0,1,117.4,23,1,0,still
524,139,1,210,27,1,1,25,2,0,2,131.2,24,0,0,still
524,140,1,210,26,1,1,22,4,0,3,129.3,21,0,0,still
524,141,1,210,24,1,1,20,4,0,1,127.5,21,0,0,still
524,142,1,210,23,1,1,19,4,0,0,133.7,21,0,0,still
524,143,1,210,28,1,1,7,21,0,3,139.3,20,1,0,still
524,153,1,210,23,1,1,17,6,0,4,164.5,19,0,0,still
524,154,1,210,25,1,1,19,6,0,2,169.2,20,0,0,still
524,157,1,210,24,1,1,19,5,0,1,164.2,18,0,0,still
524,163,1,210,20,1,1,15,5,0,4,130.8,20,1,0,still
524,166,1,210,20,1,1,17,3,0,2,122.7,21,1,0,still
524,167,1,210,22,1,1,19,3,0,3,134.3,20,1,1,still
524,168,1,210,22,1,1,18,4,0,3,135.3,21,1,0,still
524,169,1,210,18,1,1,14,4,0,0,104.2,21,0,0,still
524,171,1,210,22,1,1,17,5,0,3,133.3,20,1,0,still
524,172,1,210,24,1,1,15,9,0,3,135.7,19,1,0,still
524,176,1,210,25,1,1,15,10,0,3,133.0,21,1,0,still
524,177,1,150,25,1,1,12,13,0,2,126.4,22,1,0,still
524,180,1,210,24,1,1,10,14,0,1,117.4,23,1,0,still
524,181,1,210,26,1,1,9,17,0,3,127.7,20,1,0,still
524,183,1,210,27,1,1,23,4,0,4,132.4,20,0,0,still
524,186,1,210,28,1,1,7,21,0,3,139.2,20,1,0,still
524,188,1,210,25,1,1,19,6,0,4,167.7,19,0,0,still
524,189,1,210,25,1,1,20,5,0,3,159.5,19,0,0,still
524,194,1,210,32,1,1,28,4,0,4,143.4,22,0,0,still
524,195,1,210,25,1,1,19,6,0,3,169.2,20,0,0,still
525,1,1,210,24,1,1,18,6,0,0,171.9,21,0,0,still
525,3,1,210,22,1,1,18,4,0,0,150.1,20,0,0,still
525,4,1,210,24,1,1,20,4,0,0,140.4,19,0,0,still
525,6,1,210,28,1,1,25,3,0,0,139.0,22,1,0,still
525,7,1,210,29,1,1,26,3,0,0,136.9,22,0,0,still
525,8,1,210,29,1,1,27,2,0,0,137.4,22,0,0,still
525,10,1,210,27,1,1,23,4,0,0,132.6,22,0,0,still
525,11,1,210,26,1,1,23,3,0,1,131.2,22,0,0,still
525,12,1,210,24,1,1,20,4,0,0,128.8,20,0,0,still
525,13,1,210,21,1,1,17,4,0,0,114.6,19,0,0,still
525,14,1,210,19,1,1,15,4,0,0,106.9,20,0,0,still
525,15,1,210,20,1,1,16,4,0,1,129.9,20,0,0,still
525,16,1,210,15,1,1,12,3,0,0,117.0,18,0,0,still
525,28,1,210,24,1,1,8,16,0,1,118.4,21,0,0,still
525,29,1,210,25,1,1,6,19,0,0,128.1,19,0,0,still
525,31,1,210,23,1,1,3,20,0,0,123.5,20,0,0,still
525,41,1,210,27,1,1,24,3,0,0,130.5,22,0,0,still
525,44,1,210,25,1,1,22,3,0,0,127.5,22,0,0,still
525,45,1,210,24,1,1,21,3,0,0,126.0,21,0,0,still
525,46,1,210,21,1,1,17,4,0,0,115.5,21,0,0,still
525,47,1,210,20,1,1,16,4,0,0,108.7,21,0,0,still
525,51,1,210,15,1,1,12,3,0,0,113.9,20,0,0,still
525,86,1,210,20,1,1,13,7,0,0,121.6,21,0,0,still
525,89,1,210,22,1,1,8,14,0,0,114.4,23,0,0,still
525,90,1,210,22,1,1,6,16,0,1,113.4,18,0,0,still
525,91,1,210,22,1,1,4,18,0,0,118.8,19,0,0,still
525,92,1,210,22,1,1,1,21,0,0,123.8,19,0,0,still
525,95,1,210,22,1,1,17,5,0,0,165.1,20,0,0,still
525,98,1,210,20,1,1,16,4,0,0,151.8,18,0,0,still
525,132,1,210,22,1,1,2,20,0,0,122.3,17,0,0,still
526,117,1,210,33,1,1,30,3,0,0,143.5,22,0,2,still
527,199,1,120,23,1,1,18,5,0,2,154.0,19,0,0,still
530,159,1,180,18,1,1,15,3,0,0,142.0,15,0,0,still
531,76,1,90,21,1,1,17,4,0,0,128.7,21,0,1,still
533,123,1,60,20,1,1,17,3,0,0,140.2,17,0,0,still
534,9,1,180,29,1,1,25,4,0,0,139.6,22,0,0,still
534,155,0,-1,1,0,0,0,1,0,0,15.0,1,0,0,nohop_nohold
534,170,1,150,19,1,1,15,4,0,0,119.8,21,0,0,still
534,200,1,150,19,1,1,15,4,0,1,123.5,19,0,0,still
535,155,0,-1,1,0,0,0,1,0,0,14.8,1,0,0,hop
537,68,1,90,23,1,1,18,5,0,0,164.2,20,0,0,still
537,191,1,180,27,1,1,22,5,0,1,137.2,21,0,0,still
539,17,1,90,17,1,1,14,3,0,0,107.6,21,0,0,still
539,49,1,120,17,1,1,12,5,0,0,120.3,20,0,0,still
539,164,1,90,19,1,1,16,3,0,3,120.4,20,1,0,still
540,83,1,210,17,1,1,14,3,0,0,115.8,21,0,0,still
542,165,1,210,19,1,1,16,3,0,2,117.3,20,1,0,still
544,99,0,-1,13,0,0,0,13,0,0,100.2,12,0,0,hop
544,136,0,-1,16,0,0,0,16,0,0,110.1,13,0,0,hop
547,42,1,210,25,1,1,23,2,0,0,148.2,20,0,0,still
548,145,1,60,20,1,1,15,5,0,3,154.8,19,0,0,still
549,125,1,180,11,1,1,7,4,0,0,97.0,20,0,0,still
550,100,1,120,19,1,1,15,4,0,1,140.3,19,0,0,still
553,19,1,180,13,1,1,10,3,0,0,125.5,21,0,2,still
553,21,1,180,14,1,1,11,3,0,0,115.7,22,0,0,still
553,26,1,180,23,1,1,10,13,0,0,115.1,21,0,0,still
553,33,0,-1,17,0,0,0,17,0,1,111.0,13,0,0,nohop_nohold
553,43,1,180,25,1,1,21,4,0,0,141.1,22,0,0,still
553,118,1,180,28,1,1,24,4,0,1,142.5,21,0,0,still
553,158,1,90,22,1,1,17,5,0,2,151.3,18,0,0,still
554,5,1,240,23,1,1,18,5,0,0,150.7,22,1,0,still
554,25,1,240,23,1,1,13,10,0,0,127.9,21,0,0,still
554,33,0,-1,17,0,0,0,17,0,1,111.1,13,0,0,hop
554,54,1,240,13,1,1,10,3,0,0,121.2,22,1,0,still
554,55,1,240,15,1,1,12,3,0,0,118.8,21,1,1,still
554,56,1,240,15,1,1,12,3,0,0,116.4,22,1,0,still
554,57,1,240,18,1,1,14,4,0,0,124.4,21,1,0,still
554,58,1,240,18,1,1,14,4,0,0,118.2,20,0,0,still
554,79,1,240,9,1,1,6,3,0,0,130.5,21,0,0,still
554,84,1,240,18,1,1,14,4,0,0,122.1,22,1,0,still
554,87,1,240,21,1,1,11,10,0,0,120.3,21,0,0,still
554,88,1,240,20,1,1,9,11,0,0,108.9,21,0,0,still
554,107,1,90,22,1,1,1,21,0,0,126.9,20,0,0,still
554,113,1,240,18,1,1,12,6,0,2,148.2,20,0,0,still
554,114,1,240,20,1,1,16,4,0,2,152.8,20,0,0,still
554,115,1,240,23,1,1,18,5,0,1,151.2,22,0,1,still
554,119,1,240,27,1,1,23,4,0,3,140.6,21,0,0,still
554,126,1,240,14,1,1,9,5,0,4,155.6,20,1,0,still
554,127,1,240,13,1,1,10,3,0,2,140.9,20,1,0,still
554,128,1,240,16,1,1,13,3,0,1,125.2,20,1,1,still
554,130,1,240,13,1,1,9,4,0,0,95.9,20,0,0,still
554,131,1,240,20,1,1,15,5,0,1,125.1,20,1,0,still
554,135,1,240,25,1,1,15,10,0,3,132.4,21,1,0,still
554,138,1,240,24,1,1,10,14,0,1,117.8,23,1,0,still
554,139,1,240,25,1,1,22,3,0,0,128.1,23,0,0,still
554,140,1,240,25,1,1,21,4,0,1,126.0,20,0,0,still
554,141,1,240,22,1,1,18,4,0,0,119.2,21,0,0,still
554,142,1,240,18,1,1,14,4,0,0,115.4,23,0,0,still
554,143,1,240,27,1,1,7,20,0,3,136.7,20,1,0,still
554,153,1,240,21,1,1,15,6,0,4,159.9,19,0,0,still
554,154,1,240,24,1,1,18,6,0,2,167.3,20,0,0,still
554,157,1,240,24,1,1,19,5,0,1,164.2,18,0,0,still
554,163,1,240,14,1,1,9,5,0,4,155.5,20,1,0,still
554,166,1,240,14,1,1,11,3,0,1,127.4,21,1,0,still
554,167,1,240,16,1,1,13,3,0,1,125.3,20,1,1,still
554,168,1,240,17,1,1,13,4,0,0,118.4,21,1,0,still
554,169,1,240,17,1,1,13,4,0,0,99.1,21,0,0,still
554,171,1,240,20,1,1,15,5,0,1,125.2,20,1,0,still
554,172,1,240,24,1,1,15,9,0,3,135.2,19,1,0,still
554,176,1,240,25,1,1,15,10,0,3,132.5,21,1,0,still
554,177,1,180,24,1,1,12,12,0,2,121.5,22,1,0,still
554,180,1,240,24,1,1,10,14,0,1,117.8,23,1,0,still
554,181,1,240,26,1,1,9,17,0,3,128.6,20,1,0,still
554,183,1,240,26,1,1,22,4,0,1,129.4,21,0,0,still
554,186,1,240,27,1,1,7,20,0,3,136.6,20,1,0,still
554,188,1,240,22,1,1,16,6,0,4,163.1,19,0,0,still
554,189,1,240,22,1,1,17,5,0,3,162.1,19,0,0,still
554,194,1,240,28,1,1,24,4,0,3,143.2,22,0,0,still
554,195,1,240,24,1,1,18,6,0,3,167.6,20,0,0,still
555,1,1,240,24,1,1,18,6,0,0,171.8,21,0,0,still
555,3,1,240,18,1,1,14,4,0,0,147.2,19,0,0,still
555,4,1,240,21,1,1,17,4,0,0,151.6,19,0,0,still
555,6,1,240,24,1,1,21,3,0,0,156.0,22,1,0,still
555,7,1,240,25,1,1,22,3,0,0,152.8,22,0,0,still
555,8,1,240,25,1,1,23,2,0,0,147.1,22,0,0,still
555,10,1,240,25,1,1,21,4,0,0,131.9,22,1,0,still
555,11,1,240,26,1,1,23,3,0,1,131.0,22,1,0,still
555,12,1,240,23,1,1,20,3,0,0,123.8,20,0,0,still
555,13,1,240,21,1,1,17,4,0,0,114.9,19,0,0,still
555,14,1,240,19,1,1,15,4,0,1,106.4,20,0,0,still
555,15,1,240,14,1,1,10,4,0,1,103.4,20,0,0,still
555,16,1,240,9,1,1,6,3,0,0,119.5,18,0,0,still
555,28,1,240,24,1,1,8,16,0,1,119.5,21,0,0,still
555,29,1,240,25,1,1,6,19,0,0,129.3,19,0,0,still
555,31,1,240,23,1,1,3,20,0,0,125.5,20,0,0,still
555,41,1,240,23,1,1,20,3,0,0,147.9,22,0,0,still
555,44,1,240,24,1,1,21,3,0,0,126.7,22,1,0,still
555,45,1,240,24,1,1,21,3,0,0,125.9,21,0,0,still
555,46,1,240,21,1,1,17,4,0,0,115.6,21,0,0,still
555,47,1,240,19,1,1,15,4,0,0,102.7,21,0,0,still
555,51,1,240,10,1,1,7,3,0,0,139.0,20,0,0,still
555,86,1,240,20,1,1,13,7,0,0,121.2,21,0,0,still
555,89,1,240,22,1,1,8,14,0,0,115.0,23,0,0,still
555,90,1,240,23,1,1,6,17,0,1,120.1,19,0,0,still
555,91,1,240,22,1,1,4,18,0,0,120.5,19,0,0,still
555,92,1,240,21,1,1,1,20,0,0,123.3,19,0,0,still
555,95,1,240,22,1,1,17,5,0,0,165.0,20,0,0,still
555,98,1,240,21,1,1,16,5,0,0,155.6,19,0,0,still
555,132,1,240,22,1,1,2,20,0,0,124.3,17,0,0,still
556,117,1,240,29,1,1,26,3,0,0,154.5,22,0,2,still
557,199,1,150,23,1,1,18,5,0,2,154.3,19,0,0,still
558,160,0,-1,0,0,0,0,0,0,0,0.0,0,0,0,nohop_nohold
559,160,0,-1,0,0,0,0,0,0,0,0.0,0,0,0,hop
560,159,1,210,18,1,1,15,3,0,0,142.3,15,0,0,still
561,76,1,120,17,1,1,13,4,0,0,117.5,21,0,0,still
561,109,0,-1,17,0,0,0,17,0,0,107.4,13,0,0,hop
563,123,1,90,21,1,1,18,3,0,0,143.9,17,0,0,still
564,9,1,210,26,1,1,22,4,0,0,145.7,21,1,0,still
564,170,1,180,15,1,1,11,4,0,0,96.8,21,0,0,still
564,200,1,180,14,1,1,10,4,0,1,100.9,19,0,0,still
567,68,1,120,24,1,1,19,5,0,0,159.8,20,0,0,still
567,191,1,210,26,1,1,21,5,0,2,135.9,20,0,0,still
568,23,0,-1,19,1,1,15,4,0,0,120.1,21,0,0,start
569,17,1,120,11,1,1,9,2,0,0,137.0,21,0,0,still
569,49,1,150,11,1,1,7,4,0,0,115.2,20,0,0,still
569,164,1,120,13,1,1,11,2,0,3,152.1,20,1,0,still
570,83,1,240,15,1,1,13,2,0,0,114.4,21,1,0,still
572,165,1,240,13,1,1,11,2,0,2,140.5,20,1,0,still
573,108,0,-1,20,0,0,0,20,0,0,121.9,17,0,0,nohop_nohold
574,108,0,-1,20,0,0,0,20,0,0,121.8,17,0,0,hop
576,34,0,-1,9,0,0,0,9,0,0,81.5,8,0,0,hop
576,50,0,-1,10,1,1,8,2,0,0,121.1,19,0,0,start
578,145,1,90,23,1,1,18,5,0,3,155.0,17,0,0,still
579,125,1,210,11,1,1,8,3,0,0,96.9,20,0,0,still
580,100,1,150,22,1,1,18,4,0,1,151.4,19,0,0,still
583,19,1,210,13,1,1,11,2,0,0,124.6,21,0,2,still
583,21,1,210,14,1,1,12,2,0,0,115.5,22,0,0,still
583,26,1,210,24,1,1,10,14,0,0,120.2,21,0,1,still
583,43,1,210,25,1,1,23,2,0,0,141.3,19,0,0,still
583,118,1,210,30,1,1,27,3,0,1,148.5,19,0,0,still
583,158,1,120,24,1,1,19,5,0,2,155.2,19,0,0,still
584,5,1,270,23,1,1,18,5,0,0,138.2,19,0,0,still
584,25,1,270,22,1,1,13,9,0,0,123.5,21,0,0,still
584,54,1,270,13,1,1,11,2,0,0,120.5,22,1,0,still
584,55,1,270,15,1,1,13,2,0,0,118.6,21,1,1,still
584,56,1,270,15,1,1,13,2,0,0,116.2,22,1,0,still
584,57,1,270,17,1,1,14,3,0,0,117.7,21,1,0,still
584,58,1,270,18,1,1,14,4,0,0,119.0,20,0,0,still
584,79,1,270,9,1,1,7,2,0,0,129.6,21,0,0,still
584,84,1,270,18,1,1,15,3,0,0,122.3,21,1,0,still
584,87,1,270,21,1,1,11,10,0,0,121.8,21,0,0,still
584,88,1,270,20,1,1,9,11,0,0,109.5,21,0,0,still
584,107,1,120,22,0,0,1,21,0,1,126.1,17,0,0,end_pass
584,113,1,270,21,1,1,15,6,0,2,150.6,18,0,0,still
584,114,1,270,21,1,1,17,4,0,1,144.1,18,0,0,still
584,115,1,270,24,1,1,19,5,0,1,142.3,19,0,1,still
584,119,1,270,28,1,1,25,3,0,3,143.4,20,0,0,still
584,126,1,270,14,1,1,11,3,0,4,154.7,20,1,0,still
584,127,1,270,13,1,1,11,2,0,2,140.0,20,1,0,still
584,128,1,270,16,1,1,14,2,0,1,125.0,20,1,1,still
584,130,1,270,13,1,1,10,3,0,0,95.7,20,0,0,still
584,131,1,270,20,1,1,16,4,0,1,125.5,20,1,0,still
584,135,1,270,25,1,1,15,10,0,3,133.2,21,1,0,still
584,138,1,270,24,1,1,10,14,0,1,117.4,23,1,0,still
584,139,1,270,26,1,1,24,2,0,2,134.7,21,0,0,still
584,140,1,270,24,1,1,21,3,0,1,124.5,19,0,0,still
584,141,1,270,22,1,1,19,3,0,0,118.1,21,0,0,still
584,142,1,270,18,1,1,15,3,0,1,116.5,21,0,0,still
584,143,1,270,27,1,1,7,20,0,3,135.6,20,1,0,still
584,153,1,270,22,1,1,16,6,0,3,155.2,18,0,0,still
584,154,1,270,24,1,1,18,6,0,2,160.4,19,0,0,still
584,157,1,270,24,1,1,19,5,0,1,157.4,18,0,0,still
584,163,1,270,14,1,1,11,3,0,4,154.6,20,1,0,still
584,166,1,270,14,1,1,12,2,0,1,126.6,21,1,0,still
584,167,1,270,16,1,1,14,2,0,1,125.1,20,1,1,still
584,168,1,270,17,1,1,14,3,0,0,118.3,21,1,0,still
584,169,1,270,17,1,1,14,3,0,0,98.7,21,0,0,still
584,171,1,270,20,1,1,16,4,0,1,125.6,20,1,0,still
584,172,1,270,24,1,1,16,8,0,3,135.8,19,1,0,still
584,176,1,270,25,1,1,15,10,0,3,133.3,21,1,0,still
584,177,1,210,25,1,1,12,13,0,2,126.7,22,1,0,still
584,180,1,270,24,1,1,10,14,0,1,117.4,23,1,0,still
584,181,1,270,26,1,1,9,17,0,3,127.9,20,1,0,still
584,183,1,270,25,1,1,22,3,0,1,128.1,20,0,0,still
584,186,1,270,27,1,1,7,20,0,3,135.6,20,1,0,still
584,188,1,270,24,1,1,18,6,0,3,160.7,17,0,0,still
584,189,1,270,24,1,1,19,5,0,3,158.1,17,0,0,still
584,194,1,270,29,1,1,26,3,0,4,145.8,19,0,0,still
584,195,1,270,25,1,1,19,6,0,3,163.6,19,0,0,still
585,1,1,270,23,1,1,17,6,0,0,161.8,20,0,0,still
585,3,1,270,20,1,1,16,4,0,0,143.5,17,0,0,still
585,4,1,270,21,1,1,17,4,0,0,139.5,17,0,0,still
585,6,1,270,24,1,1,21,3,0,0,137.1,18,0,0,still
585,7,1,270,28,1,1,26,2,0,0,147.6,18,0,0,still
585,8,1,270,27,1,1,25,2,0,0,147.2,20,0,0,still
585,10,1,270,26,1,1,23,3,0,1,139.5,20,0,0,still
585,11,1,270,24,1,1,22,2,0,1,129.5,20,0,0,still
585,12,1,270,23,1,1,20,3,0,0,123.0,20,0,0,still
585,13,1,270,21,1,1,18,3,0,0,110.2,18,0,0,still
585,14,1,270,19,1,1,16,3,0,1,105.3,20,0,0,still
585,15,1,270,14,1,1,11,3,0,1,102.8,20,0,0,still
585,16,1,270,9,1,1,7,2,0,0,118.8,18,0,0,still
585,28,1,270,24,1,1,7,17,0,1,118.6,21,0,0,still
585,29,1,270,24,1,1,5,19,0,0,123.0,19,0,0,still
585,31,1,270,23,1,1,2,21,0,0,124.3,19,0,0,still
585,44,1,270,23,1,1,21,2,0,0,129.5,20,0,0,still
585,47,1,270,20,1,1,17,3,0,0,109.3,21,0,0,still
585,51,1,270,10,1,1,8,2,0,0,138.0,20,0,0,still
585,86,1,270,20,1,1,12,8,0,0,122.5,21,0,0,still
585,89,1,270,22,1,1,7,15,0,0,114.8,23,0,0,still
585,90,1,270,24,1,1,5,19,0,1,123.9,19,0,0,still
585,91,1,270,22,1,1,3,19,0,0,118.9,19,0,0,still
585,92,1,270,21,1,1,0,21,0,0,122.2,19,0,0,still
585,95,1,270,22,1,1,17,5,0,0,157.3,19,0,0,still
585,98,1,270,22,1,1,17,5,0,0,153.6,19,0,0,still
585,132,1,270,22,1,1,1,21,0,0,122.9,17,0,0,still
586,117,1,270,29,1,1,26,3,0,1,149.9,17,1,1,still
587,199,1,180,25,1,1,20,5,0,2,157.6,19,0,0,still
590,65,0,-1,22,0,0,1,21,0,1,123.1,17,0,0,hop
590,159,1,240,18,1,1,15,3,0,0,142.1,15,0,0,still
591,76,1,150,17,1,1,14,3,0,0,117.9,21,0,0,still
592,32,0,-1,17,0,0,0,17,0,0,111.5,15,0,0,hop
592,66,0,-1,21,0,0,0,21,0,1,124.9,16,0,0,nohop_nohold
592,102,0,-1,2,0,0,0,2,0,0,107.3,2,0,0,nohop_nohold
592,111,0,-1,5,0,0,0,5,0,0,107.1,4,0,0,hop
593,66,0,-1,21,0,0,0,21,0,1,124.9,16,0,0,hop
593,102,0,-1,2,0,0,0,2,0,0,107.3,2,0,0,hop
593,123,1,120,21,1,1,18,3,0,0,143.9,17,0,0,still
594,9,1,240,26,1,1,23,3,0,0,144.3,20,0,0,still
594,170,1,210,15,1,1,12,3,0,0,96.4,21,0,0,still
594,200,1,210,14,1,1,11,3,0,1,100.9,19,0,0,still
597,68,1,150,24,1,1,19,5,0,0,159.8,20,0,0,still
597,161,0,-1,15,1,1,12,3,0,3,152.9,20,0,0,start
597,179,0,-1,3,0,0,0,3,0,0,103.7,2,0,0,nohop_nohold
597,191,1,240,24,1,1,19,5,0,2,142.2,18,0,0,still
598,23,1,30,19,1,1,14,5,0,0,121.5,21,0,0,still
598,101,0,-1,10,0,0,0,10,0,0,114.1,9,0,0,nohop_nohold
598,179,0,-1,3,0,0,0,3,0,0,103.3,2,0,0,hop
599,17,1,150,11,1,1,9,2,0,0,135.9,21,0,0,still
599,49,1,180,11,1,1,8,3,0,0,114.9,20,0,0,still
599,101,0,-1,10,0,0,0,10,0,0,113.6,9,0,0,hop
599,164,1,150,13,1,1,11,2,0,3,151.3,20,1,0,still
600,83,1,270,15,1,1,13,2,0,0,114.5,21,1,0,still
602,165,1,270,14,1,1,12,2,0,3,147.0,20,1,0,still
606,50,1,30,10,1,1,8,2,0,0,120.5,19,0,0,still
608,145,1,120,22,1,1,17,5,0,2,150.2,17,0,0,still
609,125,1,240,10,1,1,8,2,0,0,84.5,20,0,0,still
610,100,1,180,23,1,1,19,4,0,1,154.5,19,0,0,still
612,146,0,-1,23,1,1,19,4,0,2,145.0,16,0,0,start
613,19,1,240,13,1,1,11,2,0,0,124.2,21,0,2,still
613,21,1,240,14,1,1,12,2,0,0,115.6,22,0,0,still
613,26,1,240,23,1,1,9,14,0,0,115.2,21,0,0,still
613,43,1,240,25,1,1,23,2,0,0,143.7,19,0,0,still
613,118,1,240,30,1,1,27,3,0,1,149.8,19,0,0,still
613,158,1,150,24,1,1,20,4,0,2,154.6,19,0,0,still
614,5,1,300,23,1,1,18,5,0,0,139.1,19,0,0,end_cap
614,25,1,300,22,1,1,12,10,0,0,124.1,21,0,0,end_cap
614,54,1,300,13,1,1,11,2,0,0,120.4,22,1,0,end_cap
614,55,1,300,15,1,1,13,2,0,0,118.8,21,1,1,end_cap
614,56,1,300,15,1,1,13,2,0,0,116.5,22,1,0,end_cap
614,57,1,300,17,1,1,14,3,0,0,118.0,21,1,0,end_cap
614,58,1,300,18,1,1,13,5,0,0,119.7,20,0,0,end_cap
614,79,1,300,9,1,1,7,2,0,0,128.8,21,0,0,end_cap
614,84,1,300,18,1,1,15,3,0,0,122.7,21,1,0,end_cap
614,87,1,300,21,1,1,10,11,0,0,122.5,21,0,0,end_cap
614,88,1,300,20,1,1,8,12,0,0,109.7,21,0,0,end_cap
614,110,0,-1,14,0,0,0,14,0,0,97.5,13,0,0,nohop_nohold
614,113,1,300,22,1,1,17,5,0,2,152.7,18,0,0,end_cap
614,114,1,300,21,1,1,17,4,0,1,143.4,18,0,0,end_cap
614,115,1,300,24,1,1,19,5,0,1,142.9,19,0,1,end_cap
614,119,1,300,28,1,1,25,3,0,3,144.7,20,0,0,end_cap
614,126,1,300,14,1,1,11,3,0,4,153.7,20,1,0,end_cap
614,127,1,300,14,1,1,12,2,0,3,146.7,20,1,0,end_cap
614,128,1,300,16,1,1,14,2,0,1,125.2,20,1,1,end_cap
614,130,1,300,13,1,1,11,2,0,0,95.3,20,0,0,end_cap
614,131,1,300,20,1,1,15,5,0,1,126.0,20,1,0,end_cap
614,135,1,300,25,1,1,14,11,0,3,133.7,21,1,0,end_cap
614,138,1,300,24,1,1,9,15,0,1,117.5,23,1,0,end_cap
614,139,1,300,26,1,1,25,1,0,2,135.1,21,0,0,end_cap
614,140,1,300,24,1,1,22,2,0,1,124.5,19,0,0,end_cap
614,141,1,300,22,1,1,20,2,0,0,117.5,21,0,0,end_cap
614,142,1,300,18,1,1,16,2,0,1,117.0,21,0,0,end_cap
614,143,1,300,27,1,1,6,21,0,3,135.2,20,1,0,end_cap
614,153,1,300,24,1,1,19,5,0,3,160.0,18,0,0,end_cap
614,154,1,300,24,1,1,19,5,0,2,159.1,19,0,0,end_cap
614,157,1,300,25,1,1,21,4,0,1,160.0,18,0,0,end_cap
614,163,1,300,14,1,1,11,3,0,4,153.6,20,1,0,end_cap
614,166,1,300,14,1,1,12,2,0,1,126.5,21,1,0,end_cap
614,167,1,300,16,1,1,14,2,0,1,125.3,20,1,1,end_cap
614,168,1,300,17,1,1,14,3,0,0,118.7,21,1,0,end_cap
614,169,1,300,18,1,1,16,2,0,0,102.4,21,0,0,end_cap
614,171,1,300,20,1,1,15,5,0,1,126.1,20,1,0,end_cap
614,172,1,300,24,1,1,15,9,0,3,136.4,19,1,0,end_cap
614,176,1,300,25,1,1,14,11,0,3,133.8,21,1,0,end_cap
614,177,1,240,25,1,1,11,14,0,2,127.1,22,1,0,still
614,180,1,300,24,1,1,9,15,0,1,117.5,23,1,0,end_cap
614,181,1,300,26,1,1,8,18,0,3,127.8,20,1,0,end_cap
614,183,1,300,25,1,1,23,2,0,1,128.2,20,0,0,end_cap
614,186,1,300,27,1,1,6,21,0,3,135.2,20,1,0,end_cap
614,188,1,300,23,1,1,18,5,0,2,156.1,18,0,0,end_cap
614,189,1,300,24,1,1,20,4,0,3,157.3,17,0,0,end_cap
614,194,1,300,29,1,1,26,3,0,4,147.1,19,0,0,end_cap
614,195,1,300,25,1,1,20,5,0,3,162.3,19,0,0,end_cap
615,1,1,300,23,1,1,9,14,0,0,179.7,20,0,0,end_cap
615,3,1,300,19,1,1,12,7,0,0,143.5,17,1,0,end_cap
615,4,1,300,21,1,1,12,9,0,0,140.7,17,1,0,end_cap
615,6,1,300,23,1,1,13,10,0,0,138.0,18,0,0,end_cap
615,7,1,300,27,1,1,16,11,0,0,148.3,18,0,0,end_cap
615,8,1,300,26,1,1,15,11,0,0,147.6,19,0,0,end_cap
615,10,1,300,26,1,1,15,11,0,1,141.4,20,0,0,end_cap
615,11,1,300,24,1,1,15,9,0,0,131.1,21,0,0,end_cap
615,12,1,300,23,1,1,14,9,0,0,124.5,22,0,0,end_cap
615,13,1,300,22,1,1,14,8,0,0,115.8,18,0,0,end_cap
615,14,1,300,21,1,1,12,9,0,0,116.8,21,0,0,end_cap
615,15,1,300,23,1,1,12,11,0,1,138.4,20,0,0,end_cap
615,16,1,300,21,1,1,8,13,0,0,143.0,18,0,0,end_cap
615,28,1,300,25,1,1,7,18,0,1,122.4,21,0,0,end_cap
615,29,1,300,24,1,1,5,19,0,0,122.8,20,0,0,end_cap
615,31,1,300,23,1,1,2,21,0,0,124.1,19,0,0,end_cap
615,44,1,300,23,1,1,14,9,0,0,131.6,20,0,0,end_cap
615,47,1,300,23,1,1,15,8,0,0,122.7,21,0,0,end_cap
615,51,1,300,22,1,1,8,14,0,0,145.9,20,0,0,end_cap
615,86,1,300,24,1,1,9,15,0,0,138.3,21,0,0,end_cap
615,89,1,300,24,1,1,7,17,0,0,122.5,23,0,0,end_cap
615,90,1,300,23,1,1,5,18,0,1,118.6,19,0,0,end_cap
615,91,1,300,22,1,1,3,19,0,0,118.7,19,0,0,end_cap
615,92,1,300,21,1,1,0,21,0,0,121.9,19,0,0,end_cap
615,95,1,300,20,1,1,7,13,0,0,171.2,19,0,0,end_cap
615,98,1,300,20,1,1,6,14,0,0,164.3,19,0,0,end_cap
615,110,0,-1,14,0,0,0,14,0,0,97.2,13,0,0,hop
615,132,1,300,21,1,1,1,20,0,0,117.1,17,0,0,end_cap
616,117,1,300,29,1,1,6,23,0,1,153.8,17,0,1,end_cap
617,199,1,210,25,1,1,5,20,0,2,161.5,19,0,0,still
618,97,0,-1,6,0,0,0,6,0,0,121.1,5,0,0,hop
620,159,1,270,16,1,1,5,11,0,0,135.6,15,0,0,still
621,76,1,180,27,1,1,11,16,0,0,148.7,21,0,1,still
623,121,0,-1,1,0,0,0,1,0,0,58.2,1,0,0,hop
623,123,1,150,21,1,1,5,16,0,0,147.6,17,0,0,still
624,9,1,270,25,0,0,5,20,0,0,147.2,19,0,0,end_pass
624,170,1,240,23,1,1,10,13,0,0,136.1,22,0,0,still
624,200,1,240,24,1,1,9,15,0,2,142.3,18,0,0,still
627,68,1,180,23,1,1,3,20,0,0,158.1,20,0,0,still
627,161,1,30,26,1,1,9,17,0,2,151.7,20,1,0,still
627,191,1,270,25,1,1,2,23,0,2,146.6,18,0,0,still
628,23,1,60,23,1,1,2,21,0,0,138.0,21,0,0,still
628,67,0,-1,19,0,0,0,19,0,0,118.0,14,0,0,hop
629,17,1,180,23,1,1,5,18,0,0,136.9,20,0,0,still
629,49,1,210,23,1,1,8,15,0,0,144.3,18,0,0,still
629,164,1,180,25,1,1,6,19,0,3,144.7,20,0,0,still
630,83,1,300,22,1,1,3,19,0,0,139.9,21,0,0,end_cap
630,85,0,-1,24,1,1,3,21,0,0,147.3,21,0,0,start
632,165,1,300,25,1,1,6,19,0,3,141.9,20,0,0,end_cap
636,50,1,60,22,1,1,6,16,0,0,144.3,19,0,0,still
636,174,0,-1,22,0,0,0,22,0,3,122.6,15,0,0,hop
638,77,0,-1,25,1,1,8,17,0,1,148.2,20,0,0,start
638,145,1,150,23,1,1,4,19,0,2,152.5,17,0,0,still
639,71,0,-1,14,0,0,0,14,0,1,105.3,12,0,0,hop
640,100,1,210,22,1,1,4,18,0,1,152.1,19,1,0,still
641,75,0,-1,6,0,0,0,6,0,0,86.8,5,0,0,hop
642,146,1,30,24,1,1,3,21,0,1,147.3,18,0,0,still
643,19,1,270,26,1,1,4,22,0,0,144.5,21,0,1,still
643,21,1,270,24,1,1,4,20,0,0,138.8,23,0,0,still
643,26,1,270,27,1,1,0,27,0,0,130.7,21,0,0,still
643,43,1,270,24,0,0,4,20,0,0,144.4,19,0,0,end_pass
643,118,1,270,28,1,1,6,22,0,1,153.1,18,0,0,end_pass
643,158,1,180,22,1,1,3,19,0,1,151.3,19,0,0,still
644,177,1,270,29,0,0,1,28,0,2,139.0,22,0,0,end_pass
645,155,0,-1,0,0,0,0,0,0,0,0.0,1,0,0,nohop_nohold
646,155,0,-1,0,0,0,0,0,0,0,0.0,1,0,0,hop
647,199,1,240,24,1,1,4,20,0,1,157.8,19,0,0,still
650,159,1,300,16,1,1,4,12,0,0,142.6,15,0,0,end_cap
651,76,1,210,24,1,1,8,16,0,0,142.7,21,0,1,still
653,123,1,180,21,1,1,4,17,0,0,149.8,17,0,0,still
654,152,0,-1,9,0,0,0,9,0,1,85.1,8,0,0,nohop_nohold
654,170,1,270,23,1,1,7,16,0,0,140.3,20,0,0,still
655,152,0,-1,9,0,0,0,9,0,1,85.1,8,0,0,hop
657,68,1,210,23,1,1,3,20,0,0,156.9,20,0,0,still
657,161,1,60,26,1,1,9,17,0,2,150.4,20,1,0,still
657,191,1,300,25,0,0,0,25,0,2,145.5,18,0,0,end_cap
658,23,1,90,25,1,1,1,24,0,0,145.3,21,0,0,still
659,17,1,210,23,1,1,5,18,0,0,133.6,19,0,0,still
659,49,1,240,25,1,1,8,17,0,0,150.8,18,0,0,still
659,164,1,210,26,1,1,6,20,0,3,145.4,20,0,0,still
660,73,0,-1,11,0,0,0,11,0,1,99.5,10,0,0,nohop_nohold
660,85,1,30,24,1,1,2,22,0,0,146.4,21,0,0,still
661,73,0,-1,11,0,0,0,11,0,1,99.3,10,0,0,hop
666,50,1,90,21,1,1,5,16,0,0,140.3,19,0,0,still
667,144,0,-1,11,0,0,0,11,0,0,84.1,11,0,0,nohop_nohold
668,77,1,30,24,1,1,7,17,0,1,146.0,18,0,0,still
668,144,0,-1,11,0,0,0,11,0,0,83.8,11,0,0,hop
668,145,1,180,23,1,1,1,22,0,2,152.0,17,0,0,still
670,100,1,240,21,1,1,3,18,0,1,155.8,19,1,0,still
672,146,1,60,24,0,0,0,24,0,1,147.5,18,0,0,end_pass
673,19,1,300,25,1,1,3,22,0,0,146.6,21,0,1,end_cap
673,21,1,300,23,1,1,2,21,0,0,140.8,22,0,0,end_cap
673,26,1,300,27,0,0,0,27,0,0,129.6,21,0,0,end_cap
673,158,1,210,22,1,1,1,21,0,1,158.2,19,0,0,still
674,103,0,-1,8,0,0,0,8,0,0,98.0,8,0,0,nohop_nohold
675,103,0,-1,8,0,0,0,8,0,0,98.0,8,0,0,hop
677,199,1,270,22,1,1,2,20,0,1,157.0,19,0,0,still
678,99,0,-1,12,0,0,0,12,0,0,83.4,11,0,0,nohop_nohold
678,136,0,-1,15,0,0,0,15,0,1,98.1,12,0,0,hop
679,99,0,-1,12,0,0,0,12,0,0,83.4,11,0,0,hop
680,2,0,-1,21,1,1,1,20,0,0,155.7,17,0,0,start
681,34,0,-1,9,0,0,0,9,0,1,78.2,8,0,0,nohop_nohold
681,76,1,240,24,1,1,6,18,0,0,143.0,21,0,1,still
682,34,0,-1,9,0,0,0,9,0,1,78.2,8,0,0,hop
683,123,1,210,20,1,1,4,16,0,0,154.5,17,0,0,still
684,124,0,-1,3,0,0,0,3,0,0,107.9,3,0,0,hop
684,170,1,300,24,1,1,5,19,0,0,144.7,20,0,0,end_cap
687,68,1,240,23,1,1,2,21,0,0,157.0,20,1,0,still
687,161,1,90,25,1,1,6,19,0,2,148.6,20,1,0,still
688,23,1,120,25,1,1,0,25,0,0,144.0,21,0,0,still
689,17,1,240,23,1,1,1,22,0,0,139.4,20,0,0,still
689,49,1,270,24,1,1,5,19,0,0,147.9,19,0,0,still
689,164,1,240,26,0,0,2,24,0,4,149.7,20,0,0,end_pass
690,85,1,60,24,1,1,1,23,0,0,145.6,21,1,0,still
696,50,1,120,21,1,1,2,19,0,0,139.8,20,0,0,still
696,108,0,-1,20,0,0,0,20,0,1,123.6,15,0,0,nohop_nohold
697,33,0,-1,17,0,0,0,17,0,0,106.6,14,0,0,hop
697,108,0,-1,20,0,0,0,20,0,1,123.5,15,0,0,hop
698,77,1,60,24,1,1,4,20,0,1,145.4,18,0,0,still
698,145,1,210,23,0,0,1,22,0,2,151.2,17,0,0,end_pass
700,100,1,270,22,1,1,4,18,0,1,153.2,19,0,0,still
703,158,1,240,24,1,1,3,21,0,2,157.5,19,0,0,still
706,80,0,-1,20,0,0,1,19,0,0,131.7,21,0,0,nohop_nohold
706,109,0,-1,17,0,0,0,17,0,0,104.1,14,0,0,nohop_nohold
707,80,0,-1,20,0,0,1,19,0,0,131.7,21,0,0,hop
707,109,0,-1,17,0,0,0,17,0,0,104.1,14,0,0,hop
707,135,0,-1,30,0,0,0,30,0,3,145.3,22,0,0,nohop_nohold
707,186,0,-1,27,0,0,0,27,0,3,138.0,18,0,0,nohop_nohold
707,199,1,300,25,1,1,4,21,0,2,159.6,19,0,0,end_cap
708,135,0,-1,30,0,0,0,30,0,3,145.5,22,0,0,hop
708,143,0,-1,25,0,0,0,25,0,2,131.8,19,0,0,nohop_nohold
708,186,0,-1,27,0,0,0,27,0,3,138.1,18,0,0,hop
710,2,1,30,21,0,0,0,21,0,0,155.2,17,1,0,end_pass
711,76,1,270,25,1,1,4,21,0,0,146.3,19,0,1,still
713,123,1,240,20,1,1,2,18,0,0,144.3,17,1,0,still
714,121,0,-1,1,0,0,0,1,0,0,78.9,1,0,0,hop
714,126,0,-1,25,1,1,3,22,0,3,146.6,21,0,0,start
715,171,0,-1,28,0,0,1,27,0,3,151.9,20,0,0,hop
715,188,0,-1,24,0,0,0,24,0,2,157.0,18,0,0,nohop_nohold
716,128,0,-1,26,1,1,1,25,0,4,149.4,21,0,0,start
716,188,0,-1,24,0,0,0,24,0,2,157.1,18,0,0,hop
717,68,1,270,23,0,0,0,23,0,0,156.8,20,0,0,end_pass
717,161,1,120,25,1,1,7,18,0,2,147.7,20,1,0,still
718,23,1,150,25,1,1,0,25,0,0,144.3,21,0,0,still
718,169,0,-1,20,1,1,6,14,0,0,124.4,19,0,0,start
718,189,0,-1,25,0,0,0,25,0,3,157.6,17,0,0,nohop_nohold
719,17,1,270,23,1,1,2,21,0,0,138.4,19,0,0,still
719,49,1,300,24,1,1,6,18,0,0,147.1,19,0,0,end_cap
719,189,0,-1,25,0,0,0,25,0,3,157.6,17,0,0,hop
720,85,1,90,24,1,1,1,23,0,0,146.0,21,1,0,still
720,132,0,-1,21,0,0,0,21,0,0,119.1,20,0,0,nohop_nohold
721,5,0,-1,24,0,0,0,24,0,0,142.1,19,0,0,nohop_nohold
721,111,0,-1,4,0,0,0,4,0,0,122.8,3,0,0,hop
721,132,0,-1,21,0,0,0,21,0,0,119.1,20,0,0,hop
722,5,0,-1,24,0,0,0,24,0,0,142.1,19,0,0,hop
722,31,0,-1,23,0,0,0,23,0,0,125.4,19,0,0,hop
722,57,0,-1,24,1,1,1,23,0,0,149.0,21,0,0,start
726,32,0,-1,18,0,0,0,18,0,0,120.4,14,0,0,nohop_nohold
726,50,1,150,22,1,1,5,17,0,0,142.1,20,0,0,still
727,3,0,-1,22,0,0,0,22,0,0,148.1,18,0,0,nohop_nohold
727,32,0,-1,18,0,0,0,18,0,0,120.3,14,0,0,hop
728,3,0,-1,22,0,0,0,22,0,0,148.1,18,0,0,hop
728,77,1,90,25,1,1,6,19,0,0,147.4,20,0,0,still
730,100,1,300,21,1,1,0,21,0,1,151.4,19,1,0,end_cap
732,29,0,-1,25,0,0,0,25,0,0,126.3,20,0,0,nohop_nohold
733,29,0,-1,25,0,0,0,25,0,0,126.1,20,0,0,hop
733,158,1,270,24,0,0,0,24,0,2,158.0,19,0,0,end_pass
734,44,0,-1,22,1,1,4,18,0,0,134.2,17,0,0,start
734,87,0,-1,26,0,0,0,26,0,0,139.8,21,0,0,nohop_nohold
735,87,0,-1,26,0,0,0,26,0,0,139.8,21,0,0,hop
736,138,0,-1,28,0,0,0,28,0,3,130.5,20,0,0,hop
739,176,0,-1,29,0,0,0,29,0,3,142.4,23,0,0,hop
741,76,1,300,26,1,1,5,21,0,0,148.4,19,0,1,end_cap
743,123,1,270,21,0,0,0,21,0,0,146.3,17,0,0,end_pass
744,126,1,30,25,1,1,5,20,0,3,145.9,21,1,0,still
746,67,0,-1,19,0,0,0,19,0,0,116.5,15,0,0,hop
746,113,0,-1,23,0,0,1,22,0,2,154.0,18,0,0,nohop_nohold
746,128,1,30,26,1,1,2,24,0,4,150.1,20,0,0,still
747,9,0,-1,23,1,1,3,20,0,0,139.3,18,0,0,start
747,113,0,-1,23,0,0,1,22,0,2,154.0,18,0,0,hop
747,161,1,150,24,1,1,6,18,0,2,143.7,20,1,0,still
747,179,0,-1,2,0,0,0,2,0,0,170.2,1,0,0,nohop_nohold
748,23,1,180,24,1,1,0,24,0,0,141.0,21,0,0,still
748,91,0,-1,23,0,0,0,23,0,0,118.5,20,0,0,nohop_nohold
748,92,0,-1,22,0,0,0,22,0,0,125.7,19,0,0,hop
748,169,1,30,19,1,1,3,16,0,0,118.8,19,0,0,still
748,179,0,-1,1,0,0,0,1,0,0,102.0,1,0,0,hop
749,17,1,300,23,1,1,3,20,0,0,138.6,19,0,0,end_cap
749,91,0,-1,23,0,0,0,23,0,0,118.4,20,0,0,hop
750,47,0,-1,21,1,1,3,18,0,0,124.9,19,0,0,start
750,79,0,-1,21,1,1,3,18,0,0,136.9,19,0,0,start
750,85,1,120,22,1,1,1,21,0,0,139.1,21,1,0,still
751,56,0,-1,24,1,1,3,21,0,0,150.0,22,0,0,start
752,57,1,30,25,1,1,1,24,0,0,153.9,21,0,0,still
754,86,0,-1,25,0,0,0,25,0,0,143.2,20,0,0,hop
755,107,0,-1,23,0,0,0,23,0,2,128.5,16,0,0,hop
756,50,1,180,21,1,1,5,16,0,0,138.4,20,0,0,still
756,89,0,-1,25,0,0,0,25,0,0,123.0,23,0,0,hop
757,15,0,-1,22,1,1,5,17,0,0,140.6,19,0,0,start
758,77,1,120,22,1,1,5,17,0,1,136.3,20,0,0,still
758,194,0,-1,27,1,1,7,20,0,4,146.0,19,0,0,start
758,195,0,-1,26,0,0,1,25,0,3,164.1,19,0,0,nohop_nohold
759,195,0,-1,26,0,0,1,25,0,3,164.1,19,0,0,hop
760,14,0,-1,17,1,1,5,12,0,0,105.5,19,0,0,start
761,102,0,-1,2,0,0,0,2,0,0,171.7,0,0,0,nohop_nohold
762,102,0,-1,2,0,0,0,2,0,0,171.7,0,0,0,hop
764,44,1,30,22,1,1,6,16,0,0,133.9,17,1,0,still
764,71,0,-1,14,0,0,0,14,0,1,98.6,12,0,0,nohop_nohold
765,65,0,-1,23,0,0,0,23,0,1,126.2,17,0,0,hop
765,66,0,-1,22,0,0,0,22,0,0,128.1,18,0,0,hop
765,71,0,-1,14,0,0,0,14,0,1,99.2,12,0,0,hop
765,97,0,-1,4,0,0,0,4,0,0,136.0,4,0,0,hop
767,180,0,-1,28,0,0,0,28,0,3,128.5,21,0,0,hop
770,83,0,-1,22,1,1,2,20,0,0,144.9,21,0,0,start
770,114,0,-1,22,0,0,2,20,0,1,148.0,19,0,0,hop
771,35,0,-1,23,0,0,1,22,0,0,158.2,18,0,0,nohop_nohold
772,35,0,-1,23,0,0,1,22,0,0,158.3,18,0,0,hop
773,115,0,-1,24,1,1,4,20,0,1,147.6,18,0,0,start
773,133,0,-1,19,0,0,0,19,0,1,116.0,14,0,0,nohop_nohold
774,126,1,60,24,1,1,6,18,0,3,143.4,21,1,0,still
774,133,0,-1,19,0,0,0,19,0,1,116.0,14,0,0,hop
774,174,0,-1,24,0,0,0,24,0,3,131.1,15,0,0,hop
776,128,1,60,27,1,1,4,23,0,4,153.3,19,1,0,still
777,9,1,30,22,1,1,6,16,0,0,140.0,18,1,0,still
777,119,0,-1,24,1,1,6,18,0,2,141.2,20,0,0,start
777,161,1,180,23,1,1,7,16,0,2,140.1,20,1,0,still
778,23,1,210,25,1,1,0,25,0,0,144.8,21,0,0,still
778,153,0,-1,24,1,1,1,23,0,3,160.2,19,0,0,start
778,169,1,60,19,1,1,4,15,0,0,118.5,19,0,0,still
778,172,0,-1,28,0,0,1,27,0,3,144.2,22,0,0,nohop_nohold
779,152,0,-1,7,0,0,0,7,0,0,97.5,8,0,0,hop
779,172,0,-1,28,0,0,1,27,0,3,144.2,22,0,0,hop
780,34,0,-1,8,0,0,0,8,0,0,83.4,7,0,0,hop
780,47,1,30,21,1,1,6,15,0,0,124.3,19,0,0,still
780,58,0,-1,24,0,0,0,24,0,0,143.4,19,0,0,hop
780,75,0,-1,5,0,0,0,5,0,0,103.9,5,0,0,nohop_nohold
780,79,1,30,20,1,1,4,16,0,0,134.0,20,0,0,still
780,85,1,150,24,1,1,1,23,0,0,147.1,21,1,0,still
781,56,1,30,24,1,1,4,20,0,0,144.2,22,0,0,still
781,75,0,-1,5,0,0,0,5,0,0,104.8,5,0,0,hop
781,110,0,-1,14,0,0,0,14,0,0,89.9,13,0,0,nohop_nohold
782,57,1,60,26,1,1,2,24,0,0,152.7,21,0,0,still
782,110,0,-1,14,0,0,0,14,0,0,90.5,13,0,0,hop
783,84,0,-1,24,1,1,2,22,0,0,147.4,21,0,0,start
784,117,0,-1,26,1,1,6,20,0,1,154.4,17,0,0,start
786,50,1,210,21,1,1,7,14,0,0,136.8,20,0,0,still
786,155,0,-1,0,0,0,0,0,0,0,0.0,1,0,0,hop
787,10,0,-1,21,1,1,6,15,0,1,135.7,18,0,0,start
787,15,1,30,22,1,1,7,15,0,0,140.2,19,1,0,still
788,77,1,150,23,1,1,8,15,0,1,137.9,20,0,0,still
788,127,0,-1,25,1,1,7,18,0,3,140.1,21,0,0,start
788,194,1,30,24,1,1,7,17,0,3,144.6,19,0,0,still
790,14,1,30,16,1,1,4,12,0,0,109.6,19,0,0,still
790,62,0,-1,25,0,0,0,25,0,0,118.3,21,0,0,nohop_nohold
791,62,0,-1,25,0,0,0,25,0,0,118.3,21,0,0,hop
791,130,0,-1,19,1,1,7,12,0,0,139.4,18,0,0,start
792,19,0,-1,25,1,1,6,19,0,0,140.6,21,0,1,start
793,90,0,-1,25,0,0,0,25,0,1,120.8,21,0,0,nohop_nohold
794,44,1,60,21,1,1,6,15,0,0,134.8,17,1,0,still
794,90,0,-1,25,0,0,0,25,0,1,120.8,21,0,0,hop
796,177,0,-1,29,0,0,0,29,0,3,132.4,22,0,0,hop
800,83,1,30,22,1,1,4,18,0,0,138.9,21,0,0,still
802,4,0,-1,20,1,1,5,15,0,0,145.4,18,0,0,start
803,115,1,30,23,1,1,7,16,0,1,153.4,18,0,0,still
803,154,0,-1,25,1,1,4,21,0,2,162.2,19,0,0,start
804,126,1,90,24,1,1,9,15,0,3,143.4,21,1,0,still
806,73,0,-1,10,0,0,0,10,0,0,95.3,10,0,0,nohop_nohold
806,128,1,90,27,1,1,6,21,0,4,148.7,19,1,0,still
807,9,1,60,21,1,1,8,13,0,0,138.6,18,1,0,still
807,73,0,-1,10,0,0,0,10,0,0,95.4,10,0,0,hop
807,119,1,30,23,1,1,7,16,0,2,141.4,20,0,0,still
807,161,1,210,23,1,1,10,13,0,2,143.3,20,1,0,still
808,23,1,240,26,1,1,0,26,0,0,148.0,20,0,0,still
808,153,1,30,24,1,1,4,20,0,3,160.5,19,0,0,still
808,169,1,90,17,1,1,4,13,0,0,121.9,19,0,0,still
809,124,0,-1,2,0,0,0,2,0,0,121.9,2,0,0,nohop_nohold
810,47,1,60,19,1,1,6,13,0,0,128.3,20,0,0,still
810,79,1,60,21,1,1,8,13,0,0,134.0,20,1,0,still
810,85,1,180,25,1,1,1,24,0,0,150.2,20,0,0,still
810,121,0,-1,0,0,0,0,0,0,0,0.0,1,0,0,hop
810,124,0,-1,2,0,0,0,2,0,0,121.8,2,0,0,hop
811,56,1,60,23,1,1,5,18,0,0,139.7,22,0,0,still
811,101,0,-1,9,0,0,0,9,0,0,135.2,8,0,0,nohop_nohold
812,13,0,-1,18,1,1,7,11,0,0,120.5,18,0,0,start
812,57,1,90,26,1,1,3,23,0,0,153.0,21,0,0,still
812,101,0,-1,9,0,0,0,9,0,0,135.0,8,0,0,hop
813,84,1,30,24,1,1,2,22,0,0,147.6,21,0,0,still
813,103,0,-1,7,0,0,0,7,0,0,107.7,6,0,0,hop
814,117,1,30,25,1,1,8,17,0,1,152.0,17,1,0,still
815,199,0,-1,25,1,1,4,21,0,2,159.7,19,0,0,start
816,50,1,240,20,1,1,8,12,0,0,138.2,20,1,0,still
816,136,0,-1,14,0,0,0,14,0,1,95.3,12,0,0,hop
817,10,1,30,20,1,1,7,13,0,1,131.5,18,1,0,still
817,15,1,60,20,1,1,8,12,0,0,147.8,19,1,0,still
818,77,1,180,21,1,1,7,14,0,1,138.8,20,0,0,still
818,127,1,30,26,1,1,7,19,0,2,143.7,21,1,0,still
818,164,0,-1,24,1,1,7,17,0,3,140.0,20,0,0,start
818,194,1,60,22,1,1,7,15,0,3,140.4,19,0,0,still
820,14,1,60,15,1,1,4,11,0,1,118.3,19,0,0,still
820,28,0,-1,27,0,0,0,27,0,1,123.3,22,0,0,hop
820,159,0,-1,17,1,1,3,14,0,0,138.9,15,0,0,start
821,100,0,-1,20,1,1,4,16,0,0,150.1,19,0,0,start
821,130,1,30,17,1,1,7,10,0,0,139.8,18,1,0,still
822,19,1,30,25,1,1,6,19,0,0,140.4,21,0,1,still
824,44,1,90,19,1,1,5,14,0,0,132.0,17,1,0,still
828,118,0,-1,21,1,1,6,15,0,1,140.8,18,0,0,start
830,83,1,60,23,1,1,4,19,0,0,142.3,21,0,0,still
832,4,1,30,18,1,1,5,13,0,0,145.8,18,1,0,still
833,2,0,-1,18,1,1,2,16,0,0,156.4,18,0,0,start
833,99,0,-1,11,0,0,0,11,0,0,80.8,11,0,0,nohop_nohold
833,115,1,60,20,1,1,6,14,0,0,152.3,18,0,0,still
833,154,1,30,22,1,1,1,21,0,2,164.2,19,1,0,still
834,99,0,-1,11,0,0,0,11,0,0,80.8,11,0,0,hop
834,126,1,120,22,1,1,8,14,0,2,138.4,21,1,0,still
836,128,1,120,27,1,1,6,21,0,4,147.9,19,1,0,still
837,9,1,90,19,1,1,7,12,0,0,137.8,18,1,0,still
837,119,1,60,21,1,1,6,15,0,2,140.7,20,0,0,still
837,161,1,240,22,1,1,10,12,0,2,141.2,20,1,0,still
838,23,1,270,27,1,1,0,27,0,0,149.9,20,0,0,still
838,153,1,60,21,1,1,2,19,0,3,160.8,19,1,0,still
838,169,1,120,16,1,1,4,12,0,0,125.2,19,0,0,still
840,47,1,90,18,1,1,6,12,0,0,132.6,20,0,0,still
840,79,1,90,20,1,1,7,13,0,0,130.4,20,1,0,still
840,85,1,210,24,1,1,1,23,0,0,145.4,20,0,0,still
841,56,1,90,24,1,1,5,19,0,0,143.4,22,0,0,still
842,13,1,30,17,1,1,6,11,0,0,125.5,18,0,0,still
842,57,1,120,26,1,1,3,23,0,0,152.2,21,0,0,still
843,84,1,60,24,1,1,2,22,0,0,146.7,21,0,0,still
844,117,1,60,24,1,1,9,15,0,1,147.7,16,1,0,still
844,188,0,-1,20,1,1,5,15,0,2,157.3,18,0,0,start
845,199,1,30,22,1,1,4,18,0,2,161.0,19,1,0,still
846,50,1,270,14,1,1,3,11,0,0,136.0,20,0,0,still
847,10,1,60,21,1,1,8,13,0,1,135.5,18,0,0,still
847,15,1,90,15,1,1,4,11,0,0,121.4,19,1,0,still
847,135,0,-1,30,0,0,0,30,0,3,140.5,22,0,0,hop
848,77,1,210,17,1,1,4,13,0,1,148.7,21,0,0,still
848,127,1,60,21,1,1,2,19,0,2,169.4,21,1,0,still
848,164,1,30,19,1,1,2,17,0,3,164.3,20,0,0,still
848,194,1,90,24,1,1,10,14,0,3,142.2,19,0,0,still
850,14,1,90,15,1,1,4,11,0,0,120.1,20,0,0,still
850,159,1,30,14,1,1,2,12,0,0,125.7,15,1,0,still
851,100,1,30,16,1,1,2,14,0,0,143.0,19,0,0,still
851,130,1,60,14,1,1,4,10,0,0,117.0,18,1,0,still
852,19,1,60,20,1,1,1,19,0,0,156.8,21,0,1,still
852,87,0,-1,27,0,0,0,27,0,0,136.4,22,0,0,hop
854,44,1,120,20,1,1,6,14,0,0,134.3,17,0,0,still
856,8,0,-1,23,1,1,11,12,0,0,138.8,17,0,0,start
858,68,0,-1,19,1,1,4,15,0,0,156.0,18,0,0,start
858,118,1,30,25,1,1,11,14,0,1,146.4,17,0,0,still
860,83,1,90,20,1,1,1,19,0,0,147.3,21,1,0,still
862,4,1,60,20,1,1,10,10,0,0,143.6,16,1,0,still
862,33,0,-1,16,0,0,0,16,0,0,101.0,14,0,0,hop
862,114,0,-1,20,1,1,10,10,0,1,152.5,16,0,0,start
862,145,0,-1,20,1,1,9,11,0,2,155.2,15,0,0,start
862,170,0,-1,15,1,1,4,11,0,0,121.3,20,0,0,start
863,2,1,30,18,1,1,8,10,0,0,158.7,16,1,0,still
863,86,0,-1,26,0,0,0,26,0,0,140.3,22,0,0,hop
863,115,1,90,22,1,1,11,11,0,0,145.5,16,0,0,still
863,154,1,60,21,1,1,7,14,0,2,169.1,17,1,0,still
864,126,1,150,18,1,1,4,14,0,3,155.6,21,1,0,still
866,40,0,-1,20,1,1,11,9,0,0,140.7,17,0,0,start
866,108,0,-1,20,0,0,0,20,0,1,121.3,16,0,0,hop
866,128,1,150,22,1,1,1,21,0,2,151.5,19,1,0,still
867,9,1,120,21,1,1,10,11,0,0,133.3,18,0,0,still
867,119,1,90,22,1,1,10,12,0,2,135.3,20,0,0,still
867,161,1,270,16,1,1,4,12,0,2,144.1,20,1,0,still
868,23,1,300,27,1,1,0,27,0,0,149.5,20,0,0,end_cap
868,29,0,-1,25,0,0,0,25,0,0,119.6,21,0,0,hop
868,153,1,90,21,1,1,9,12,0,3,168.2,18,1,0,still
868,169,1,150,15,1,1,4,11,0,0,130.9,19,0,0,still
869,66,0,-1,21,0,0,0,21,0,0,125.2,18,0,0,nohop_nohold
870,47,1,120,17,1,1,6,11,0,0,137.4,20,0,0,still
870,66,0,-1,21,0,0,0,21,0,0,125.2,18,0,0,hop
870,79,1,120,17,1,1,3,14,0,0,144.7,20,1,0,still
870,85,1,240,24,0,0,0,24,0,0,145.5,20,0,0,end_pass
870,98,0,-1,18,1,1,6,12,0,1,164.0,18,0,0,start
871,56,1,120,22,1,1,1,21,0,0,145.5,22,1,0,still
871,91,0,-1,24,0,0,0,24,0,0,117.2,21,0,0,hop
871,146,0,-1,21,1,1,11,10,0,1,148.4,16,0,0,start
872,12,0,-1,17,1,1,6,11,0,0,128.4,17,0,0,start
872,13,1,60,16,1,1,6,10,0,0,127.1,18,0,0,still
872,57,1,150,26,1,1,1,25,0,0,152.7,20,1,0,still
873,6,0,-1,23,1,1,13,10,0,0,140.3,16,0,0,start
873,84,1,90,24,0,0,0,24,0,0,147.3,21,0,0,end_pass
873,89,0,-1,26,0,0,0,26,0,0,123.1,23,0,0,nohop_nohold
874,89,0,-1,26,0,0,0,26,0,0,123.1,23,0,0,hop
874,117,1,90,25,1,1,13,12,0,0,144.6,18,0,0,still
874,188,1,30,20,1,1,12,8,0,1,161.2,17,0,0,still
875,199,1,60,21,1,1,10,11,0,2,167.4,19,1,0,still
876,50,1,300,15,1,1,2,13,0,0,134.7,20,1,0,end_cap
876,111,0,-1,3,0,0,0,3,0,0,119.8,3,0,0,nohop_nohold
877,10,1,90,21,1,1,9,12,0,1,134.8,18,0,0,still
877,15,1,120,16,1,1,4,12,0,0,117.7,19,1,0,still
877,75,0,-1,5,0,0,0,5,0,0,115.0,4,0,0,nohop_nohold
877,111,0,-1,3,0,0,0,3,0,0,119.7,3,0,0,hop
878,75,0,-1,5,0,0,0,5,0,0,113.7,4,0,0,hop
878,77,1,240,21,1,1,3,18,0,1,152.5,21,0,0,still
878,127,1,90,24,1,1,2,22,0,3,163.6,21,1,0,still
878,164,1,60,23,1,1,2,21,0,5,162.8,20,0,0,still
878,194,1,120,24,1,1,12,12,0,3,142.2,19,0,0,still
880,14,1,120,16,1,1,5,11,0,0,121.6,20,0,0,still
880,159,1,60,13,1,1,3,10,0,0,124.8,15,1,0,still
881,17,0,-1,21,1,1,2,19,0,1,154.7,19,0,0,start
881,100,1,60,15,1,1,6,9,0,0,149.3,19,0,0,still
881,130,1,90,16,1,1,4,12,0,0,120.9,18,1,0,still
882,19,1,90,23,1,1,1,22,0,0,145.1,21,0,1,still
883,189,0,-1,21,1,1,14,7,0,2,160.6,15,0,0,start
884,44,1,150,20,1,1,7,13,0,0,134.1,17,0,0,still
884,71,0,-1,13,0,0,0,13,0,1,94.5,12,0,0,hop
886,8,1,30,23,1,1,13,10,0,0,138.6,17,0,0,still
888,7,0,-1,21,1,1,13,8,0,0,130.6,17,0,0,start
888,68,1,30,18,1,1,9,9,0,0,160.3,18,0,0,still
888,118,1,60,24,1,1,11,13,0,0,142.6,17,0,0,still
888,133,0,-1,19,0,0,0,19,0,1,116.5,14,0,0,nohop_nohold
889,133,0,-1,19,0,0,0,19,0,1,116.5,14,0,0,hop
890,83,1,120,23,1,1,1,22,0,0,142.3,20,0,0,still
892,4,1,90,20,1,1,14,6,0,0,143.1,16,1,0,still
892,114,1,30,20,1,1,14,6,0,1,151.7,16,0,0,still
892,145,1,30,19,1,1,14,5,0,1,151.5,15,0,0,still
892,170,1,30,20,1,1,8,12,0,0,136.5,20,0,0,still
893,2,1,60,19,1,1,14,5,0,0,162.7,16,1,0,still
893,115,1,120,22,1,1,15,7,0,0,144.6,16,0,0,still
893,154,1,90,21,1,1,12,9,0,2,168.9,17,1,0,still
894,126,1,180,24,1,1,7,17,0,3,141.7,21,1,0,still
894,195,0,-1,21,1,1,13,8,0,3,168.1,18,0,0,start
895,132,0,-1,23,0,0,0,23,0,0,122.7,19,0,0,nohop_nohold
896,26,0,-1,28,0,0,0,28,0,0,127.6,22,0,0,nohop_nohold
896,40,1,30,20,1,1,14,6,0,0,140.5,17,0,0,still
896,128,1,180,27,1,1,3,24,0,4,147.9,19,1,0,still
896,132,0,-1,23,0,0,0,23,0,0,122.7,19,0,0,hop
897,9,1,150,21,1,1,11,10,0,0,133.2,18,0,0,still
897,26,0,-1,28,0,0,0,28,0,0,127.7,22,0,0,hop
897,119,1,120,23,1,1,11,12,0,2,138.8,20,0,0,still
897,161,1,300,23,1,1,8,15,0,2,140.7,20,1,0,end_cap
898,153,1,120,21,1,1,13,8,0,3,167.8,18,1,0,still
898,169,1,180,18,1,1,6,12,0,0,128.3,19,0,0,still
900,47,1,150,20,1,1,8,12,0,0,135.9,20,0,0,still
900,79,1,150,20,1,1,5,15,0,0,130.8,20,0,0,still
900,98,1,30,18,1,1,10,8,0,1,164.0,18,0,0,still
901,56,1,150,24,1,1,2,22,0,0,144.3,22,0,0,still
901,146,1,30,18,1,1,11,7,0,1,140.8,16,0,0,still
901,158,0,-1,20,1,1,12,8,0,2,164.8,19,0,0,start
902,12,1,30,19,1,1,8,11,0,0,131.5,17,0,0,still
902,13,1,90,19,1,1,8,11,0,0,131.6,18,0,0,still
902,57,1,180,26,0,0,0,26,0,0,152.9,20,0,0,end_pass
903,6,1,30,20,1,1,11,9,0,0,135.1,16,0,0,still
903,179,0,-1,1,0,0,0,1,0,0,42.3,1,0,0,nohop_nohold
904,117,1,120,22,1,1,11,11,0,0,137.8,18,0,0,still
904,179,0,-1,1,0,0,0,1,0,0,42.0,1,0,0,hop
904,188,1,60,19,1,1,12,7,0,1,157.0,17,0,0,still
905,199,1,90,21,1,1,13,8,0,2,167.6,19,1,0,still
907,10,1,120,20,1,1,8,12,0,0,130.2,18,0,0,still
907,15,1,150,21,1,1,8,13,0,0,139.5,19,1,0,still
907,76,0,-1,23,1,1,9,14,0,0,145.8,20,0,0,start
907,138,0,-1,28,0,0,0,28,0,3,124.5,21,0,0,nohop_nohold
908,77,1,270,25,1,1,7,18,0,1,148.0,21,0,0,still
908,113,0,-1,19,1,1,13,6,0,2,154.6,17,0,0,start
908,127,1,120,27,1,1,5,22,0,3,147.8,21,1,0,still
908,138,0,-1,28,0,0,0,28,0,3,124.5,21,0,0,hop
908,164,1,90,26,1,1,5,21,0,5,147.1,20,0,0,still
908,194,1,150,23,1,1,12,11,0,2,138.9,19,1,0,still
910,14,1,150,17,1,1,7,10,0,0,131.7,20,0,0,still
910,107,0,-1,22,0,0,0,22,0,1,126.0,16,0,0,hop
910,159,1,90,13,1,1,7,6,0,0,131.1,14,1,0,still
911,17,1,30,23,1,1,3,20,0,0,134.3,19,0,0,still
911,100,1,90,15,1,1,10,5,0,0,150.4,18,0,0,still
911,130,1,120,20,1,1,7,13,0,0,144.0,18,1,0,still
912,19,1,120,25,1,1,2,23,0,0,140.3,21,0,1,still
913,65,0,-1,24,0,0,0,24,0,2,129.8,17,0,0,nohop_nohold
913,189,1,30,21,1,1,15,6,0,4,159.6,15,0,0,still
914,31,0,-1,25,0,0,0,25,0,0,125.7,21,0,0,hop
914,44,1,180,20,1,1,8,12,0,0,133.7,17,0,0,still
914,65,0,-1,24,0,0,0,24,0,2,129.8,17,0,0,hop
914,102,0,-1,0,0,0,0,0,0,0,0.0,0,0,0,hop
914,103,0,-1,7,0,0,0,7,0,0,105.0,6,0,0,hop
915,152,0,-1,7,0,0,0,7,0,0,101.9,6,0,0,hop
916,8,1,60,20,1,1,11,9,0,0,127.7,17,0,0,still
918,7,1,30,18,1,1,11,7,0,0,121.7,17,0,0,still
918,68,1,60,18,1,1,13,5,0,0,154.7,17,0,0,still
918,92,0,-1,22,0,0,0,22,0,0,126.7,18,0,0,nohop_nohold
918,118,1,90,23,1,1,11,12,0,0,139.2,17,1,0,still
919,92,0,-1,22,0,0,0,22,0,0,126.7,18,0,0,hop
920,1,0,-1,20,1,1,15,5,0,0,162.8,18,0,0,start
920,83,1,150,23,1,1,0,23,0,0,142.3,20,0,0,still
922,4,1,120,17,1,1,11,6,0,0,134.7,16,1,0,still
922,114,1,60,17,1,1,11,6,0,1,140.7,17,0,0,still
922,145,1,60,18,1,1,13,5,0,2,146.7,15,0,0,still
922,170,1,60,22,1,1,8,14,0,0,142.5,20,0,0,still
923,2,1,90,19,1,1,15,4,0,0,161.9,16,0,0,still
923,115,1,150,20,1,1,12,8,0,0,143.9,16,0,0,still
923,154,1,120,21,1,1,16,5,0,1,163.9,17,1,0,still
923,174,0,-1,23,0,0,0,23,0,3,126.9,15,0,0,hop
924,126,1,210,24,1,1,6,18,0,3,141.9,21,0,0,still
924,195,1,30,21,1,1,16,5,0,2,163.1,18,0,0,still
926,40,1,60,17,1,1,11,6,0,0,134.4,17,0,0,still
926,128,1,210,27,0,0,2,25,0,4,148.2,19,1,0,end_pass
927,9,1,180,19,1,1,10,9,0,0,125.8,18,0,0,still
927,119,1,150,23,1,1,12,11,0,2,139.0,20,1,0,still
928,55,0,-1,25,1,1,2,23,0,0,143.9,20,0,1,start
928,153,1,150,21,1,1,16,5,0,2,162.8,18,1,0,still
928,169,1,210,18,1,1,8,10,0,0,129.9,19,0,0,still
929,16,0,-1,21,1,1,8,13,0,0,141.4,20,0,0,start
929,49,0,-1,23,1,1,9,14,0,0,143.0,19,0,0,start
930,3,0,-1,16,1,1,12,4,0,0,138.1,16,0,0,start
930,47,1,180,21,1,1,12,9,0,0,138.7,20,0,0,still
930,79,1,180,21,1,1,5,16,0,0,134.4,20,0,0,still
930,98,1,60,18,1,1,14,4,0,1,160.2,17,0,0,still
931,56,1,180,25,1,1,1,24,0,0,147.7,22,0,0,still
931,146,1,60,18,1,1,12,6,0,1,140.2,15,0,0,still
931,158,1,30,20,1,1,16,4,0,2,164.9,18,1,0,still
932,12,1,60,20,1,1,11,9,0,0,136.4,17,0,0,still
932,13,1,120,20,1,1,12,8,0,0,135.4,18,0,0,still
933,6,1,60,20,1,1,12,8,0,0,135.3,16,0,0,still
934,117,1,150,22,1,1,13,9,0,0,138.0,17,0,0,still
934,188,1,90,20,1,1,15,5,0,2,157.0,17,0,0,still
935,199,1,120,20,1,1,16,4,0,2,164.1,18,1,0,still
936,168,0,-1,29,0,0,3,26,0,5,154.9,20,0,0,nohop_nohold
936,181,0,-1,27,0,0,0,27,0,2,126.5,21,0,0,nohop_nohold
937,10,1,150,20,1,1,11,9,0,0,130.3,18,0,0,still
937,15,1,180,21,1,1,11,10,0,0,138.3,19,1,0,still
937,76,1,30,23,1,1,12,11,0,0,144.7,20,0,0,still
937,123,0,-1,15,1,1,11,4,0,0,143.9,16,0,0,start
937,168,0,-1,29,0,0,3,26,0,5,154.9,20,0,0,hop
937,181,0,-1,27,0,0,0,27,0,2,126.5,21,0,0,hop
938,73,0,-1,10,0,0,0,10,0,0,100.0,10,0,0,hop
938,77,1,300,25,1,1,10,15,0,1,146.8,20,0,0,end_cap
938,97,0,-1,4,0,0,0,4,0,0,154.6,3,0,0,hop
938,113,1,30,19,1,1,14,5,0,2,153.7,17,0,0,still
938,127,1,150,28,1,1,6,22,0,3,149.6,21,1,0,still
938,164,1,120,27,1,1,7,20,0,5,148.8,20,0,0,still
938,194,1,180,23,1,1,14,9,0,2,139.1,19,1,0,still
940,14,1,180,18,1,1,9,9,0,0,132.0,20,0,0,still
940,159,1,120,12,1,1,9,3,0,0,129.3,14,1,0,still
941,17,1,60,25,1,1,5,20,0,1,140.5,19,0,0,still
941,100,1,120,15,1,1,12,3,0,0,151.4,18,0,0,still
941,130,1,150,21,1,1,10,11,0,0,139.3,18,1,0,still
941,151,0,-1,23,1,1,13,10,0,3,143.0,18,0,0,start
942,19,1,150,26,1,1,3,23,0,0,143.6,21,0,1,still
942,35,0,-1,20,1,1,17,3,0,0,161.2,18,0,0,start
943,99,0,-1,11,0,0,0,11,0,0,89.7,10,0,0,hop
943,141,0,-1,21,1,1,12,9,0,1,143.4,19,0,0,start
943,142,0,-1,21,1,1,9,12,0,0,143.7,18,0,0,start
943,189,1,60,21,1,1,17,4,0,4,159.3,15,0,0,still
944,44,1,210,20,1,1,12,8,0,0,134.6,17,0,0,still
944,124,0,-1,1,0,0,0,1,0,0,53.4,1,0,0,hop
944,135,0,-1,30,0,0,0,30,0,3,141.2,22,0,0,nohop_nohold
945,135,0,-1,30,0,0,0,30,0,3,141.2,22,0,0,hop
946,8,1,90,19,1,1,14,5,0,0,122.8,17,0,0,still
946,87,0,-1,27,0,0,0,27,0,0,137.0,22,0,0,nohop_nohold
947,34,0,-1,8,0,0,0,8,0,1,106.0,7,0,0,hop
947,87,0,-1,27,0,0,0,27,0,0,137.0,22,0,0,hop
948,7,1,60,18,1,1,13,5,0,0,122.0,17,0,0,still
948,28,0,-1,26,0,0,0,26,0,1,118.1,22,0,0,hop
948,68,1,90,18,1,1,16,2,0,0,154.9,17,0,0,still
948,118,1,120,23,1,1,15,8,0,0,140.0,17,1,0,still
950,1,1,30,19,1,1,16,3,0,0,158.8,18,0,0,still
950,83,1,180,23,0,0,0,23,0,0,144.0,20,0,0,end_pass
951,67,0,-1,17,0,0,0,17,0,0,109.2,15,0,0,nohop_nohold
952,4,1,150,16,1,1,11,5,0,0,130.0,16,1,0,still
952,67,0,-1,17,0,0,0,17,0,0,109.1,15,0,0,hop
952,114,1,90,16,1,1,12,4,0,1,136.4,17,0,0,still
952,145,1,90,17,1,1,13,4,0,2,143.0,15,0,0,still
952,170,1,90,21,1,1,9,12,0,0,145.9,20,0,0,still
953,2,1,120,18,1,1,15,3,0,0,158.3,16,0,0,still
953,115,1,180,19,1,1,12,7,0,0,139.8,16,0,0,still
953,154,1,150,20,1,1,17,3,0,1,160.4,17,1,0,still
954,110,0,-1,14,0,0,0,14,0,0,101.3,12,0,0,hop
954,126,1,240,25,1,1,6,19,0,4,148.5,21,0,0,still
954,195,1,60,20,1,1,17,3,0,2,159.8,18,0,0,still
956,40,1,90,16,1,1,11,5,0,0,129.1,17,0,0,still
957,9,1,210,19,1,1,13,6,0,0,126.7,18,0,0,still
957,119,1,180,23,1,1,16,7,0,2,139.7,20,1,0,still
958,55,1,30,25,1,1,1,24,0,0,144.5,20,1,1,still
958,153,1,180,20,1,1,17,3,0,2,159.6,18,1,0,still
958,169,1,240,17,1,1,9,8,0,0,131.4,19,0,0,still
959,16,1,30,21,1,1,6,15,0,0,147.4,20,1,0,still
959,49,1,30,21,1,1,6,15,0,0,145.2,19,1,0,still
960,3,1,30,16,1,1,12,4,0,0,140.1,16,0,0,still
960,47,1,210,19,1,1,10,9,0,0,156.0,20,0,0,still
960,79,1,210,21,1,1,4,17,0,0,134.4,20,1,0,still
960,98,1,90,17,1,1,15,2,0,0,156.0,17,0,0,still
961,56,1,210,25,0,0,0,25,0,0,147.9,22,0,0,end_pass
961,146,1,90,17,1,1,12,5,0,1,136.0,15,0,0,still
961,158,1,60,19,1,1,16,3,0,2,161.3,18,1,0,still
962,12,1,90,17,1,1,9,8,0,0,137.0,17,0,0,still
962,13,1,150,17,1,1,10,7,0,0,143.1,18,0,0,still
962,66,0,-1,20,0,0,0,20,0,0,121.6,18,0,0,nohop_nohold
963,6,1,90,20,1,1,14,6,0,0,135.4,16,0,0,still
963,66,0,-1,20,0,0,0,20,0,0,121.5,18,0,0,hop
964,117,1,180,21,1,1,15,6,0,0,133.5,17,1,0,still
964,188,1,120,19,1,1,15,4,0,2,154.0,17,0,0,still
965,199,1,150,20,1,1,17,3,0,2,164.5,18,1,0,still
967,10,1,180,18,1,1,11,7,0,0,124.7,18,0,0,still
967,15,1,210,18,1,1,6,12,0,0,149.1,19,1,0,still
967,76,1,60,20,1,1,8,12,0,0,155.8,20,0,0,still
967,123,1,30,15,1,1,12,3,0,0,144.2,16,1,0,still
968,113,1,60,18,1,1,14,4,0,2,150.4,17,0,0,still
968,127,1,180,27,1,1,3,24,0,2,146.8,21,1,0,still
968,164,1,150,24,1,1,3,21,0,2,140.2,20,0,0,still
968,194,1,210,21,1,1,14,7,0,2,134.9,19,1,0,still
970,14,1,210,15,1,1,8,7,0,0,142.8,20,0,0,still
970,159,1,150,11,1,1,9,2,0,0,123.2,14,1,0,still
971,17,1,90,24,1,1,2,22,0,0,137.1,19,0,0,still
971,100,1,150,15,1,1,13,2,0,0,151.5,18,0,0,still
971,130,1,180,18,1,1,5,13,0,0,149.6,18,1,0,still
971,151,1,30,21,1,1,13,8,0,3,142.4,18,1,0,still
972,19,1,180,26,1,1,1,25,0,0,143.3,21,0,1,still
972,35,1,30,19,1,1,16,3,0,0,157.8,18,0,0,still
973,141,1,30,19,1,1,9,10,0,1,153.4,19,0,0,still
973,142,1,30,19,1,1,5,14,0,0,147.3,18,0,0,still
973,189,1,90,20,1,1,16,4,0,4,156.9,15,0,0,still
974,44,1,240,17,1,1,9,8,0,0,125.7,17,0,0,still
974,165,0,-1,27,1,1,2,25,0,3,145.7,21,0,0,start
976,8,1,120,18,1,1,12,6,0,0,122.0,17,0,0,still
978,7,1,90,17,1,1,12,5,0,0,120.3,17,0,0,still
978,68,1,120,18,1,1,16,2,0,0,155.0,17,0,0,still
978,118,1,150,20,1,1,12,8,0,0,132.9,17,1,0,still
980,1,1,60,19,1,1,16,3,0,0,158.8,18,0,0,still
981,62,0,-1,26,0,0,0,26,0,0,118.6,21,0,0,hop
982,4,1,180,15,1,1,10,5,0,0,124.9,16,1,0,still
982,114,1,120,15,1,1,11,4,0,1,129.7,17,0,0,still
982,144,0,-1,10,0,0,0,10,0,1,111.1,8,0,0,nohop_nohold
982,145,1,120,17,1,1,13,4,0,2,142.8,15,0,0,still
982,170,1,120,19,1,1,7,12,0,0,152.8,20,0,0,still
983,2,1,150,18,1,1,15,3,0,0,158.1,16,0,0,still
983,115,1,210,18,1,1,11,7,0,0,137.3,16,0,0,still
983,144,0,-1,10,0,0,0,10,0,1,111.1,8,0,0,hop
983,154,1,180,20,1,1,17,3,0,1,160.4,17,1,0,still
984,126,1,270,24,1,1,5,19,0,3,146.8,21,0,0,still
984,195,1,90,20,1,1,17,3,0,2,159.8,18,0,0,still
986,40,1,120,15,1,1,10,5,0,0,126.0,17,0,0,still
987,9,1,240,17,1,1,11,6,0,0,119.4,18,0,0,still
987,54,0,-1,25,1,1,1,24,0,0,141.6,22,0,0,start
987,119,1,210,20,1,1,13,7,0,2,132.1,20,1,0,still
987,132,0,-1,24,0,0,0,24,0,0,125.6,20,0,0,hop
988,55,1,60,25,0,0,0,25,0,0,144.2,21,0,1,end_pass
988,153,1,210,20,1,1,17,3,0,2,159.6,18,1,0,still
988,169,1,270,15,1,1,8,7,0,0,145.3,19,0,0,still
989,16,1,60,21,1,1,6,15,0,0,147.8,20,1,0,still
989,49,1,60,21,1,1,6,15,0,0,145.8,19,1,0,still
990,3,1,60,14,1,1,10,4,0,0,128.2,16,0,0,still
990,47,1,240,19,1,1,11,8,0,0,155.8,20,0,0,still
990,79,1,240,21,1,1,4,17,0,0,134.8,20,1,0,still
990,89,0,-1,25,0,0,0,25,0,0,115.1,23,0,0,hop
990,98,1,120,11,1,1,9,2,0,0,138.8,17,0,0,still
991,146,1,120,17,1,1,12,5,0,1,138.0,15,0,1,still
991,158,1,90,13,1,1,10,3,0,2,146.2,18,1,0,still
992,12,1,120,18,1,1,9,9,0,0,142.2,16,0,0,still
992,13,1,180,17,1,1,10,7,0,0,142.7,18,0,0,still
993,6,1,120,19,1,1,13,6,0,0,134.4,16,0,0,still
993,108,0,-1,19,0,0,0,19,0,1,116.6,16,0,0,hop
994,117,1,210,20,1,1,14,6,0,0,132.4,17,1,0,still
994,188,1,150,16,1,1,12,4,0,2,145.7,17,1,0,still
995,199,1,180,14,1,1,11,3,0,2,152.6,18,1,0,still
997,10,1,210,18,1,1,11,7,0,0,122.8,18,0,0,still
997,15,1,240,19,1,1,8,11,0,0,147.2,19,1,0,still
997,76,1,90,21,1,1,10,11,0,0,153.6,20,0,0,still
997,84,0,-1,24,0,0,0,24,0,0,148.4,20,0,0,nohop_nohold
997,123,1,60,10,1,1,7,3,0,0,114.2,16,1,0,still
998,84,0,-1,24,0,0,0,24,0,0,148.3,20,0,0,hop
998,113,1,90,16,1,1,12,4,0,2,145.2,17,1,0,still
998,127,1,210,27,1,1,4,23,0,2,146.8,21,1,0,still
998,164,1,180,25,1,1,4,21,0,3,144.2,20,0,0,still
998,194,1,240,20,1,1,13,7,0,1,128.2,19,1,0,still
1000,14,1,240,15,1,1,9,6,0,0,127.8,20,0,0,still
1000,133,0,-1,17,0,0,0,17,0,1,108.4,14,0,0,nohop_nohold
1000,159,1,180,9,1,1,7,2,0,0,99.6,14,1,0,still
1001,17,1,120,24,1,1,3,21,0,0,137.5,19,0,0,still
1001,100,1,180,9,1,1,7,2,0,0,117.7,18,0,0,still
1001,130,1,210,19,1,1,7,12,0,0,148.3,18,1,0,still
1001,133,0,-1,17,0,0,0,17,0,1,108.4,14,0,0,hop
1001,151,1,60,22,1,1,14,8,0,3,141.2,18,1,0,still
1002,19,1,210,25,1,1,1,24,0,0,139.8,21,0,1,still
1002,35,1,60,14,1,1,11,3,0,0,141.8,18,0,0,still
1003,141,1,60,20,1,1,10,10,0,1,150.0,19,0,0,still
1003,142,1,60,20,1,1,7,13,0,0,147.7,18,0,0,still
1003,189,1,120,17,1,1,13,4,0,3,146.4,15,1,0,still
1004,44,1,270,18,1,1,10,8,0,0,126.7,17,0,0,still
1004,165,1,30,27,0,0,2,25,0,3,146.0,21,1,0,end_pass
1006,8,1,150,19,1,1,13,6,0,0,126.1,17,0,0,still
1008,7,1,120,17,1,1,12,5,0,0,120.4,17,0,0,still
1008,68,1,150,12,1,1,10,2,0,0,141.0,17,0,0,still
1008,118,1,180,21,1,1,13,8,0,0,133.9,17,1,0,still
1010,1,1,90,13,1,1,10,3,0,0,142.2,18,0,0,still
1012,4,1,210,15,1,1,10,5,0,0,124.8,16,1,0,still
1012,114,1,150,15,1,1,11,4,0,1,129.6,17,1,0,still
1012,145,1,150,16,1,1,12,4,0,2,139.6,15,1,0,still
1012,170,1,150,20,1,1,7,13,0,0,152.3,19,0,0,still
1013,2,1,180,13,1,1,10,3,0,0,141.0,16,0,0,still
1013,115,1,240,18,1,1,11,7,0,0,137.5,16,0,0,still
1013,154,1,210,14,1,1,11,3,0,1,144.8,17,1,0,still
1014,126,1,300,25,1,1,4,21,0,2,142.3,18,0,0,end_cap
1014,195,1,120,15,1,1,12,3,0,2,148.2,18,1,0,still
1016,40,1,150,15,1,1,10,5,0,0,125.9,17,0,0,still
1017,9,1,270,18,1,1,12,6,0,0,123.8,18,0,0,still
1017,54,1,30,25,0,0,0,25,0,0,141.3,22,0,0,end_pass
1017,119,1,240,20,1,1,13,7,0,1,128.2,20,1,0,still
1018,153,1,240,15,1,1,12,3,0,2,147.5,18,1,0,still
1018,169,1,300,15,1,1,6,9,0,0,135.6,18,0,0,end_cap
1019,16,1,90,21,1,1,3,18,0,0,147.9,19,1,0,still
1019,49,1,90,21,1,1,3,18,0,0,146.5,18,0,0,still
1020,3,1,90,14,1,1,10,4,0,0,128.1,16,0,0,still
1020,47,1,270,19,1,1,9,10,0,0,136.9,20,0,0,still
1020,79,1,270,22,1,1,3,19,0,0,138.4,20,1,0,still
1020,98,1,150,11,1,1,9,2,0,0,138.6,17,0,0,still
1021,109,0,-1,15,0,0,0,15,0,1,100.1,13,0,0,nohop_nohold
1021,143,0,-1,25,0,0,0,25,0,0,127.3,21,0,0,nohop_nohold
1021,146,1,150,16,1,1,11,5,0,1,131.7,15,0,0,still
1021,158,1,120,13,1,1,10,3,0,1,150.6,18,1,0,still
1022,12,1,150,20,1,1,10,10,0,0,134.9,16,0,0,still
1022,13,1,210,18,1,1,10,8,0,0,126.2,18,0,0,still
1022,85,0,-1,25,0,0,0,25,0,0,148.7,19,0,0,nohop_nohold
1022,109,0,-1,15,0,0,0,15,0,1,100.1,13,0,0,hop
1022,143,0,-1,25,0,0,0,25,0,0,127.3,21,0,0,hop
1023,6,1,150,19,1,1,12,7,0,0,134.7,16,0,0,still
1023,85,0,-1,25,0,0,0,25,0,0,148.9,19,0,0,hop
1024,117,1,240,22,1,1,15,7,0,0,140.6,17,1,0,still
1024,188,1,180,16,1,1,12,4,0,2,145.7,17,1,0,still
1025,199,1,210,13,1,1,10,3,0,1,149.9,18,1,0,still
1027,10,1,240,19,1,1,11,8,0,0,123.2,18,0,0,still
1027,15,1,270,20,1,1,6,14,0,0,148.9,18,1,0,still
1027,76,1,120,22,1,1,8,14,0,0,154.8,19,0,0,still
1027,123,1,90,9,1,1,6,3,0,0,110.7,16,1,0,still
1028,113,1,120,16,1,1,12,4,0,2,145.1,17,1,0,still
1028,127,1,240,27,1,1,2,25,0,2,147.1,21,0,0,still
1028,194,1,270,21,1,1,13,8,0,1,128.5,19,1,0,still
1030,14,1,270,15,1,1,8,7,0,0,116.0,20,0,0,still
1030,159,1,210,8,1,1,6,2,0,0,103.3,14,1,0,still
1031,17,1,150,25,1,1,2,23,0,0,141.2,19,0,0,still
1031,71,0,-1,13,0,0,0,13,0,1,106.8,10,0,0,hop
1031,100,1,210,9,1,1,7,2,0,0,117.5,18,1,0,still
1031,130,1,240,19,1,1,4,15,0,0,149.6,17,0,0,still
1031,151,1,90,23,1,1,14,9,0,3,139.1,18,1,0,still
1032,19,1,240,26,1,1,0,26,0,0,143.4,21,0,1,still
1032,35,1,90,14,1,1,11,3,0,0,141.8,18,0,0,still
1033,75,0,-1,4,0,0,0,4,0,0,80.4,4,0,0,hop
1033,141,1,90,21,1,1,8,13,0,1,150.2,18,0,0,still
1033,142,1,90,21,1,1,5,16,0,0,149.8,17,0,0,still
1033,189,1,150,17,1,1,13,4,0,3,146.4,15,1,0,still
1034,44,1,300,19,1,1,10,9,0,0,126.3,17,0,0,end_cap
1034,171,0,-1,33,0,1,0,33,0,4,159.5,18,0,0,start
1036,5,0,-1,18,1,1,10,8,0,0,138.5,15,0,0,start
1036,8,1,180,20,1,1,12,8,0,0,128.5,17,0,0,still
1036,152,0,-1,6,0,0,0,6,0,0,93.8,6,0,0,nohop_nohold
1037,152,0,-1,6,0,0,0,6,0,0,93.6,6,0,0,hop
1038,7,1,150,18,1,1,11,7,0,0,126.5,17,0,0,still
1038,68,1,180,16,1,1,15,1,0,0,151.6,17,0,0,still
1038,118,1,210,22,1,1,12,10,0,0,133.3,17,1,0,still
1039,50,0,-1,21,1,1,3,18,0,0,147.6,20,0,0,start
1040,1,1,120,17,1,1,15,2,0,0,153.7,18,0,0,still
1041,111,0,-1,2,0,0,0,2,0,0,32.7,2,0,0,hop
1042,4,1,240,15,1,1,10,5,0,0,125.2,16,1,0,still
1042,114,1,180,15,1,1,11,4,0,1,130.1,17,0,0,still
1042,135,0,-1,30,0,0,0,30,0,2,139.3,23,0,0,nohop_nohold
1042,145,1,180,17,1,1,13,4,0,2,143.2,15,0,0,still
1042,170,1,180,21,1,1,7,14,0,0,151.8,19,0,0,still
1043,2,1,210,17,1,1,14,3,0,0,156.0,16,0,0,still
1043,115,1,270,18,1,1,11,7,0,0,137.7,16,0,0,still
1043,135,0,-1,30,0,0,0,30,0,2,139.3,23,0,0,hop
1043,154,1,240,18,1,1,16,2,0,1,155.4,17,1,0,still
1044,57,0,-1,26,1,1,1,25,0,0,152.7,20,0,0,start
1044,101,0,-1,8,0,0,0,8,0,0,118.2,7,0,0,hop
1044,195,1,150,19,1,1,17,2,0,2,158.6,18,1,0,still
1046,40,1,180,15,1,1,9,6,0,0,126.2,17,0,0,still
1047,9,1,300,19,1,1,11,8,0,0,126.1,18,0,0,end_cap
1047,87,0,-1,27,0,0,0,27,0,0,134.6,22,0,0,nohop_nohold
1047,119,1,270,22,1,1,14,8,0,2,133.3,20,1,0,still
1048,87,0,-1,27,0,0,0,27,0,0,134.6,22,0,0,hop
1048,153,1,270,19,1,1,16,3,0,2,158.6,18,1,0,still
1048,161,0,-1,24,1,1,6,18,0,2,150.1,19,0,0,start
1049,16,1,120,21,1,1,4,17,0,0,146.9,19,1,0,still
1049,49,1,120,22,1,1,5,17,0,0,149.6,18,0,0,still
1050,3,1,120,16,1,1,11,5,0,0,140.8,16,0,0,still
1050,47,1,300,20,1,1,11,9,0,0,140.8,20,0,0,end_cap
1050,73,0,-1,10,0,0,0,10,0,0,105.5,9,0,0,nohop_nohold
1050,79,1,300,22,1,1,4,18,0,0,137.7,20,1,0,end_cap
1050,98,1,180,15,1,1,14,1,0,0,153.4,17,0,0,still
1050,186,0,-1,22,0,0,0,22,0,4,127.8,15,0,0,nohop_nohold
1051,73,0,-1,10,0,0,0,10,0,0,105.8,9,0,0,hop
1051,146,1,180,16,1,1,10,6,0,1,132.4,15,0,0,still
1051,158,1,150,17,1,1,15,2,0,1,162.9,18,1,0,still
1051,186,0,-1,22,0,0,0,22,0,4,127.7,15,0,0,hop
1052,12,1,180,20,1,1,11,9,0,0,132.7,17,0,0,still
1052,13,1,240,19,1,1,11,8,0,0,127.9,18,0,0,still
1053,6,1,180,19,1,1,9,10,0,0,135.0,16,0,0,still
1054,117,1,270,22,1,1,12,10,0,0,140.6,17,1,0,still
1054,188,1,210,18,1,1,13,5,0,2,151.3,17,0,0,still
1055,199,1,240,17,1,1,15,2,0,1,161.8,18,1,0,still
1056,65,0,-1,24,0,0,0,24,0,2,130.5,17,0,0,hop
1057,10,1,270,19,1,1,10,9,0,0,123.2,18,0,0,still
1057,15,1,300,21,1,1,9,12,0,0,143.7,18,1,0,end_cap
1057,33,0,-1,15,0,0,0,15,0,0,108.9,13,0,0,nohop_nohold
1057,76,1,150,23,1,1,11,12,0,0,149.7,19,0,0,still
1057,123,1,120,12,1,1,10,2,0,0,136.5,16,1,0,still
1058,33,0,-1,15,0,0,0,15,0,0,108.8,13,0,0,hop
1058,107,0,-1,21,0,0,0,21,0,1,122.7,17,0,0,hop
1058,113,1,150,18,1,1,13,5,0,2,150.9,17,1,0,still
1058,127,1,270,26,1,1,4,22,0,3,143.1,21,0,0,still
1058,194,1,300,24,1,1,13,11,0,2,136.2,19,1,0,end_cap
1059,88,0,-1,25,0,0,0,25,0,0,122.8,22,0,0,nohop_nohold
1060,14,1,300,19,1,1,11,8,0,0,116.4,20,0,0,end_cap
1060,88,0,-1,25,0,0,0,25,0,0,123.2,22,0,0,hop
1060,159,1,240,8,1,1,6,2,0,0,103.1,14,1,0,still
1061,17,1,180,26,1,1,4,22,0,0,144.2,20,0,0,still
1061,100,1,240,13,1,1,12,1,0,0,146.4,18,1,0,still
1061,130,1,270,22,1,1,8,14,0,0,144.0,16,0,0,still
1061,151,1,120,25,1,1,12,13,0,3,138.1,18,1,0,still
1062,19,1,270,26,1,1,2,24,0,0,143.7,21,0,1,still
1062,35,1,120,18,1,1,14,4,0,0,156.0,18,0,0,still
1063,141,1,120,26,1,1,11,15,0,2,146.8,18,0,0,still
1063,142,1,120,24,1,1,9,15,0,1,144.0,17,0,0,still
1063,189,1,180,20,1,1,15,5,0,3,157.1,15,0,0,still
1064,23,0,-1,26,1,1,0,26,0,0,146.3,19,0,0,start
1064,171,1,30,31,0,1,0,31,0,3,155.4,18,1,0,still
1066,5,1,30,19,1,1,8,11,0,0,137.9,15,0,0,still
1066,8,1,210,23,1,1,10,13,0,0,137.0,17,0,0,still
1068,7,1,180,21,1,1,9,12,0,0,136.1,17,0,0,still
1068,68,1,210,16,1,1,15,1,0,0,151.7,17,0,0,still
1068,102,0,-1,0,0,0,0,0,0,0,0.0,0,0,0,hop
1068,118,1,240,24,1,1,12,12,0,0,135.0,17,1,0,still
1068,139,0,-1,24,1,1,12,12,0,2,134.3,19,0,0,start
1069,29,0,-1,26,0,0,0,26,0,0,121.1,21,0,0,nohop_nohold
1069,50,1,30,23,1,1,6,17,0,0,145.4,20,0,0,still
1070,1,1,150,13,1,1,10,3,0,0,142.5,18,0,0,still
1070,29,0,-1,26,0,0,0,26,0,0,121.0,21,0,0,hop
1071,168,0,-1,28,1,1,2,26,0,4,152.7,19,0,0,start
1072,4,1,270,18,1,1,12,6,0,0,138.5,16,1,0,still
1072,114,1,210,17,1,1,12,5,0,1,140.8,16,1,0,still
1072,145,1,210,17,1,1,12,5,0,2,145.4,15,1,0,still
1072,170,1,210,24,1,1,10,14,0,0,143.2,19,0,0,still
1072,174,0,-1,23,0,0,0,23,0,3,127.7,16,0,0,hop
1073,2,1,240,13,1,1,9,4,0,0,141.6,16,0,0,still
1073,115,1,300,21,1,1,11,10,0,0,144.4,16,0,0,end_cap
1073,154,1,270,14,1,1,11,3,0,1,145.2,17,1,0,still
1074,57,1,30,24,1,1,2,22,0,0,147.0,20,1,0,still
1074,195,1,180,18,1,1,14,4,0,2,158.2,18,1,0,still
1076,40,1,210,19,1,1,10,9,0,0,139.7,17,0,0,still
1076,92,0,-1,22,0,0,0,22,0,0,125.0,18,0,0,hop
1077,26,0,-1,28,0,0,0,28,0,0,126.6,22,0,0,hop
1077,119,1,300,25,1,1,14,11,0,2,138.2,20,0,0,end_cap
1078,153,1,300,18,1,1,14,4,0,2,157.7,18,1,0,end_cap
1078,161,1,30,24,1,1,7,17,0,2,147.7,18,0,0,still
1079,16,1,150,21,1,1,4,17,0,0,146.6,18,0,0,still
1079,49,1,150,23,1,1,6,17,0,0,146.7,18,0,0,still
1080,3,1,150,13,1,1,6,7,0,0,181.5,16,0,0,still
1080,98,1,210,15,1,1,12,3,0,0,149.7,16,0,0,still
1081,146,1,210,16,1,1,8,8,0,1,170.9,15,0,0,still
1081,158,1,180,16,1,1,12,4,0,1,149.9,18,1,0,still
1082,12,1,210,22,1,1,12,10,0,0,128.0,17,0,0,still
1082,13,1,270,22,1,1,11,11,0,0,125.3,18,0,0,still
1082,103,0,-1,6,0,0,0,6,0,0,82.2,6,0,0,nohop_nohold
1082,179,0,-1,1,0,0,0,1,0,0,121.2,1,0,0,nohop_nohold
1083,6,1,210,21,1,1,9,12,0,0,142.3,16,1,0,still
1083,103,0,-1,6,0,0,0,6,0,0,82.1,6,0,0,hop
1083,179,0,-1,1,0,0,0,1,0,0,121.4,1,0,0,hop
1084,117,1,300,24,1,1,12,12,0,0,141.5,17,0,0,end_cap
1084,188,1,240,15,1,1,9,6,0,2,191.1,17,0,0,still
1085,199,1,270,17,1,1,13,4,0,1,155.0,18,1,0,still
1087,10,1,300,24,1,1,12,12,0,0,137.4,20,1,0,end_cap
1087,76,1,180,22,1,1,9,13,0,0,133.8,19,0,0,still
1087,123,1,150,14,1,1,11,3,0,0,137.7,16,1,0,still
1088,113,1,180,14,1,1,6,8,0,2,191.5,17,0,0,still
1088,127,1,300,24,1,1,4,20,0,3,145.8,20,1,0,end_cap
1089,166,0,-1,27,1,1,2,25,0,2,153.5,20,0,1,start
1090,159,1,270,12,1,1,9,3,0,0,139.5,14,1,0,still
1091,17,1,210,22,1,1,4,18,0,0,138.3,19,0,0,still
1091,100,1,270,14,1,1,12,2,0,0,140.7,18,1,0,still
1091,130,1,300,20,1,1,6,14,0,0,135.2,16,0,0,end_cap
1091,151,1,150,25,1,1,12,13,0,3,137.6,18,0,0,still
1092,19,1,300,24,1,1,3,21,0,0,144.4,20,0,1,end_cap
1092,35,1,150,13,1,1,7,6,0,0,188.7,17,0,0,still
1093,141,1,150,25,1,1,8,17,0,2,143.3,18,0,0,still
1093,142,1,150,23,1,1,6,17,0,1,142.5,17,0,0,still
1093,189,1,210,16,1,1,8,8,0,4,194.5,15,0,0,still
1094,23,1,30,26,1,1,0,26,0,0,146.2,19,0,0,still
1094,58,0,-1,25,1,1,0,25,0,0,144.8,18,0,0,start
1094,66,0,-1,19,0,0,0,19,0,0,116.0,16,0,0,hop
1094,99,0,-1,11,0,0,0,11,0,0,103.3,9,0,0,hop
1094,171,1,60,32,0,1,1,31,0,3,157.7,18,1,0,still
1094,172,0,-1,31,0,1,1,30,0,3,149.6,21,0,0,start
1096,5,1,60,17,1,1,5,12,0,0,149.0,15,1,0,still
1096,8,1,240,25,1,1,10,15,0,0,141.0,17,1,0,still
1098,7,1,210,22,1,1,8,14,0,0,138.9,18,1,0,still
1098,68,1,240,14,1,1,11,3,0,0,161.5,17,0,0,still
1098,118,1,270,26,1,1,11,15,0,0,140.6,17,0,0,still
1098,139,1,30,24,1,1,11,13,0,2,134.1,18,0,0,still
1099,50,1,60,21,1,1,5,16,0,0,143.0,19,0,0,still
1099,110,0,-1,13,0,0,0,13,0,0,97.3,11,0,0,nohop_nohold
1100,1,1,180,14,1,1,9,5,0,0,179.9,18,0,0,still
1100,110,0,-1,13,0,0,0,13,0,0,97.2,11,0,0,hop
1101,168,1,30,29,1,1,3,26,0,4,157.4,19,1,0,still
1102,4,1,300,14,1,1,5,9,0,0,164.0,15,1,0,end_cap
1102,114,1,240,13,1,1,5,8,0,1,175.7,16,0,0,still
1102,145,1,240,14,1,1,6,8,0,2,186.9,15,1,0,still
1102,170,1,240,23,1,1,6,17,0,0,140.0,19,0,0,still
1103,2,1,270,14,1,1,7,7,0,0,167.8,15,0,0,still
1103,154,1,300,17,1,1,11,6,0,1,164.2,17,0,0,end_cap
1104,57,1,60,23,1,1,3,20,0,0,142.7,20,1,0,still
1104,182,0,-1,22,1,1,9,13,0,2,147.0,19,0,0,start
1104,195,1,210,19,1,1,12,7,0,2,157.4,17,0,0,still
1106,40,1,240,17,1,1,7,10,0,0,144.9,17,0,0,still
1108,132,0,-1,23,0,0,0,23,0,0,120.5,20,0,0,nohop_nohold
1108,161,1,60,25,1,1,7,18,0,2,150.7,18,0,0,still
1109,16,1,180,21,1,1,4,17,0,0,145.6,18,0,0,still
1109,49,1,180,23,1,1,6,17,0,0,146.0,18,0,0,still
1109,132,0,-1,23,0,0,0,23,0,0,120.5,20,0,0,hop
1110,3,1,180,16,1,1,7,9,0,0,151.7,16,0,0,still
1110,98,1,240,19,1,1,14,5,0,0,154.4,16,0,0,still
1111,31,0,-1,26,0,0,0,26,0,0,128.6,21,0,0,nohop_nohold
1111,146,1,240,20,1,1,8,12,0,1,162.1,15,0,1,still
1111,158,1,210,20,1,1,14,6,0,1,158.8,18,1,0,still
1111,177,0,-1,30,0,0,0,30,0,3,131.6,22,0,0,nohop_nohold
1112,12,1,240,20,1,1,9,11,0,0,142.9,17,0,0,still
1112,13,1,300,19,1,1,6,13,0,0,130.8,18,0,0,end_cap
1112,31,0,-1,26,0,0,0,26,0,0,128.6,21,0,0,hop
1112,177,0,-1,30,0,0,0,30,0,3,131.6,22,0,0,hop
1113,6,1,240,20,1,1,6,14,0,0,139.3,16,0,0,still
1113,56,0,-1,21,1,1,3,18,0,0,138.9,21,0,0,start
1113,124,0,-1,0,0,0,0,0,0,0,0.0,0,0,0,nohop_nohold
1114,124,0,-1,0,0,0,0,0,0,0,0.0,0,0,0,hop
1114,188,1,270,19,1,1,11,8,0,2,161.3,16,0,0,still
1115,199,1,300,21,1,1,15,6,0,1,161.1,18,1,0,end_cap
1116,28,0,-1,27,0,0,0,27,0,1,120.0,22,0,0,hop
1117,76,1,210,23,1,1,8,15,0,0,137.1,20,0,0,still
1117,77,0,-1,24,1,1,8,16,0,1,147.7,18,0,0,start
1117,83,0,-1,20,1,1,3,17,0,0,136.5,20,0,0,start
1117,123,1,180,18,1,1,12,6,0,0,152.7,16,0,0,still
1118,113,1,210,17,1,1,9,8,0,2,153.5,16,0,0,still
1119,166,1,30,25,1,1,5,20,0,2,147.7,20,0,1,still
1120,159,1,300,15,1,1,10,5,0,0,150.8,14,1,0,end_cap
1121,17,1,240,22,1,1,5,17,0,0,139.7,19,0,0,still
1121,34,0,-1,8,0,0,0,8,0,1,104.9,7,0,0,hop
1121,100,1,300,18,1,1,14,4,0,0,153.6,17,1,0,end_cap
1121,151,1,180,25,1,1,12,13,0,3,137.9,18,0,0,still
1122,35,1,180,18,1,1,11,7,0,0,158.5,17,0,0,still
1123,67,0,-1,17,0,0,0,17,0,0,110.4,14,0,0,nohop_nohold
1123,141,1,180,25,1,1,10,15,0,2,144.1,18,0,0,still
1123,142,1,180,23,1,1,9,14,0,1,142.4,17,0,0,still
1123,189,1,240,19,1,1,10,9,0,3,161.6,15,0,0,still
1124,23,1,60,24,1,1,0,24,0,0,143.6,19,0,0,still
1124,58,1,30,24,1,1,0,24,0,0,142.4,18,1,0,still
1124,67,0,-1,17,0,0,0,17,0,0,110.4,14,0,0,hop
1124,171,1,90,30,1,1,1,29,0,2,155.5,18,1,0,still
1124,172,1,30,30,0,0,1,29,0,2,148.3,21,1,0,end_pass
1125,169,0,-1,18,1,1,8,10,0,0,114.5,18,0,0,start
1126,5,1,90,20,1,1,7,13,0,0,152.3,15,0,0,still
1126,8,1,270,25,1,1,12,13,0,0,141.2,18,1,0,still
1126,62,0,-1,25,0,0,0,25,0,0,113.9,20,0,0,nohop_nohold
1127,62,0,-1,25,0,0,0,25,0,0,114.0,20,0,0,hop
1128,7,1,240,22,1,1,9,13,0,0,139.1,17,1,0,still
1128,68,1,270,18,1,1,13,5,0,0,146.9,17,0,0,still
1128,118,1,300,26,1,1,13,13,0,0,140.6,18,0,0,end_cap
1128,139,1,60,23,1,1,11,12,0,2,130.0,18,0,0,still
1129,50,1,90,20,1,1,6,14,0,0,138.3,19,0,0,still
1130,1,1,210,18,1,1,12,6,0,0,152.4,18,0,0,still
1131,168,1,60,28,1,1,4,24,0,4,159.9,19,1,0,still
1132,114,1,270,17,1,1,6,11,0,1,154.8,16,0,0,still
1132,145,1,270,18,1,1,8,10,0,2,157.8,15,1,0,still
1132,170,1,270,22,1,1,8,14,0,0,135.7,19,0,0,still
1133,2,1,300,16,1,1,9,7,0,0,153.6,15,0,0,end_cap
1133,97,0,-1,3,0,0,0,3,0,0,116.7,3,0,0,nohop_nohold
1133,136,0,-1,13,0,0,0,13,0,1,101.2,11,0,0,nohop_nohold
1134,57,1,90,23,1,1,2,21,0,0,149.6,20,1,0,still
1134,97,0,-1,3,0,0,0,3,0,0,117.9,3,0,0,hop
1134,136,0,-1,13,0,0,0,13,0,1,101.1,11,0,0,hop
1134,182,1,30,24,1,1,12,12,0,2,133.5,19,0,0,still
1134,195,1,240,17,1,1,9,8,0,2,160.8,17,0,0,still
1136,40,1,270,18,1,1,5,13,0,0,150.5,17,0,0,still
1138,161,1,90,24,1,1,9,15,0,2,147.8,18,1,0,still
1139,16,1,210,20,1,1,5,15,0,0,141.8,18,0,0,still
1139,49,1,210,22,1,1,8,14,0,0,141.6,18,0,0,still
1140,3,1,210,15,1,1,5,10,0,0,148.3,15,0,0,still
1140,98,1,270,20,1,1,13,7,0,2,157.3,16,0,0,still
1141,89,0,-1,25,0,0,0,25,0,0,115.9,23,0,0,nohop_nohold
1141,146,1,270,20,1,1,6,14,0,1,161.6,15,0,1,still
1141,158,1,240,20,1,1,12,8,0,1,155.9,19,0,0,still
1142,12,1,270,22,1,1,12,10,0,0,128.6,17,0,0,still
1142,89,0,-1,25,0,0,0,25,0,0,115.9,23,0,0,hop
1143,6,1,270,22,1,1,8,14,0,0,146.8,16,0,0,still
1143,56,1,30,22,1,1,3,19,0,0,151.3,21,0,0,still
1144,85,0,-1,22,1,1,1,21,0,0,143.0,19,0,0,start
1144,188,1,300,18,1,1,8,10,0,2,160.3,15,0,0,end_cap
1147,76,1,240,21,1,1,8,13,0,0,131.7,19,0,0,still
1147,77,1,30,21,1,1,7,14,0,1,151.4,18,0,0,still
1147,83,1,30,20,1,1,3,17,0,0,144.1,20,1,0,still
1147,123,1,210,20,1,1,11,9,0,0,153.7,16,0,0,still
1147,165,0,-1,20,1,1,4,16,0,2,152.2,21,0,0,start
1148,113,1,240,18,1,1,8,10,0,2,156.3,15,0,0,still
1149,166,1,60,23,1,1,3,20,0,2,154.9,20,0,1,still
1151,17,1,270,20,1,1,5,15,0,0,158.0,19,0,0,still
1151,108,0,-1,18,0,0,0,18,0,1,112.4,16,0,0,nohop_nohold
1151,151,1,210,24,1,1,12,12,0,2,137.6,18,0,0,still
1152,35,1,210,18,1,1,9,9,0,0,155.7,17,0,0,still
1152,108,0,-1,18,0,0,0,18,0,1,112.4,16,0,0,hop
1152,143,0,-1,25,0,0,0,25,0,0,127.8,21,0,0,nohop_nohold
1153,141,1,210,22,1,1,10,12,0,1,132.4,18,0,0,still
1153,142,1,210,20,1,1,7,13,0,1,135.4,17,0,0,still
1153,143,0,-1,25,0,0,0,25,0,0,127.9,21,0,0,hop
1153,189,1,270,19,1,1,8,11,0,3,161.5,15,0,0,still
1154,23,1,90,25,1,1,0,25,0,0,146.2,19,0,0,still
1154,58,1,60,25,1,1,0,25,0,0,145.1,18,1,0,still
1154,171,1,120,30,0,0,2,28,0,2,154.8,18,1,0,end_pass
1155,73,0,-1,9,0,0,0,9,0,0,94.5,9,0,0,nohop_nohold
1155,169,1,30,18,1,1,8,10,0,0,114.7,18,0,0,still
1156,5,1,120,17,1,1,3,14,0,0,156.0,15,1,0,still
1156,8,1,300,24,1,1,10,14,0,0,144.2,18,1,0,end_cap
1156,73,0,-1,9,0,0,0,9,0,0,94.4,9,0,0,hop
1158,7,1,270,22,1,1,7,15,0,0,143.0,17,0,0,still
1158,68,1,300,19,1,1,11,8,0,0,159.0,17,0,0,end_cap
1158,139,1,90,22,1,1,10,12,0,2,127.5,18,0,0,still
1159,50,1,120,21,1,1,9,12,0,0,143.8,19,0,0,still
1160,1,1,240,19,1,1,10,9,0,0,164.6,18,0,0,still
1161,84,0,-1,24,1,1,3,21,0,0,148.1,20,0,0,start
1161,168,1,90,30,1,1,6,24,0,5,157.8,19,1,0,still
1162,114,1,300,17,1,1,5,12,0,1,150.3,16,0,0,end_cap
1162,145,1,300,18,1,1,6,12,0,2,159.5,15,0,0,end_cap
1162,170,1,300,23,1,1,11,12,0,0,139.6,19,0,0,end_cap
1164,57,1,120,24,1,1,4,20,0,0,146.2,20,0,0,still
1164,182,1,60,24,1,1,11,13,0,2,133.8,19,0,0,still
1164,195,1,270,19,1,1,7,12,0,2,173.1,17,0,0,still
1166,40,1,300,20,1,1,6,14,0,0,142.4,17,1,0,end_cap
1167,55,0,-1,24,1,1,7,17,0,0,140.8,19,0,1,start
1168,161,1,120,26,1,1,15,11,0,2,149.3,18,1,0,still
1169,16,1,240,22,1,1,11,11,0,0,144.2,18,0,0,still
1169,49,1,240,24,1,1,14,10,0,0,145.4,18,0,0,still
1170,3,1,240,18,1,1,4,14,0,0,150.0,15,1,0,still
1170,98,1,300,20,1,1,8,12,0,2,166.1,16,0,0,end_cap
1171,146,1,300,22,1,1,5,17,0,1,153.5,15,0,1,end_cap
1171,158,1,270,19,1,1,6,13,0,1,159.2,19,0,0,still
1172,12,1,300,22,1,1,11,11,0,0,128.7,17,0,0,end_cap
1173,6,1,300,24,1,1,7,17,0,0,145.6,16,0,0,end_cap
1173,56,1,60,23,1,1,6,17,0,0,140.7,21,0,0,still
1174,85,1,30,23,1,1,2,21,0,0,141.2,19,0,0,still
1177,76,1,270,23,1,1,11,12,0,0,137.8,19,0,0,still
1177,77,1,60,23,1,1,12,11,0,1,141.3,18,0,0,still
1177,83,1,60,22,1,1,5,17,0,0,138.5,20,0,0,still
1177,86,0,-1,26,0,0,0,26,0,0,139.3,21,0,0,nohop_nohold
1177,123,1,240,18,1,1,5,13,0,0,153.0,16,1,0,still
1177,165,1,30,23,1,1,8,15,0,2,132.2,21,1,0,still
1178,86,0,-1,26,0,0,0,26,0,0,139.3,21,0,0,hop
1178,113,1,270,19,1,1,3,16,0,2,152.5,15,0,0,still
1179,166,1,90,27,1,1,8,19,0,2,148.3,20,1,1,still
1181,17,1,300,21,1,1,8,13,0,0,127.1,19,0,0,end_cap
1181,151,1,240,26,1,1,11,15,0,3,141.4,18,0,0,still
1182,15,0,-1,21,1,1,10,11,0,0,134.8,18,0,0,start
1182,35,1,240,20,1,1,4,16,0,0,160.5,17,0,0,still
1183,141,1,240,23,1,1,11,12,0,1,136.5,18,0,0,still
1183,142,1,240,22,1,1,11,11,0,1,137.2,17,0,0,still
1183,189,1,300,20,1,1,2,18,0,1,151.1,15,0,0,end_cap
1184,23,1,120,26,1,1,1,25,0,0,145.8,19,0,0,still
1184,58,1,90,25,0,0,0,25,0,0,144.4,18,0,0,end_pass
1185,169,1,60,19,1,1,8,11,0,0,118.5,18,0,0,still
1186,5,1,150,23,1,1,5,18,0,0,148.1,15,0,0,still
1186,90,0,-1,24,0,0,0,24,0,0,118.0,20,0,0,nohop_nohold
1187,32,0,-1,16,0,0,0,16,0,0,109.9,14,0,0,nohop_nohold
1187,90,0,-1,24,0,0,0,24,0,0,118.0,20,0,0,hop
1188,7,1,300,24,1,1,8,16,0,0,141.8,18,0,0,end_cap
1188,32,0,-1,16,0,0,0,16,0,0,109.9,14,0,0,hop
1188,139,1,120,23,1,1,9,14,0,2,130.4,18,0,0,still
1189,14,0,-1,18,1,1,9,9,0,0,112.2,20,0,0,start
1189,50,1,150,20,1,1,8,12,0,0,135.3,19,0,0,still
1189,152,0,-1,5,0,0,0,5,0,0,98.7,4,0,0,nohop_nohold
1190,1,1,270,20,1,1,4,16,0,0,160.4,18,0,0,still
1190,152,0,-1,5,0,0,0,5,0,0,98.6,4,0,0,hop
1191,75,0,-1,4,0,0,0,4,0,0,99.9,3,0,0,hop
1191,84,1,30,24,1,1,2,22,0,0,147.5,20,0,0,still
1191,168,1,120,30,1,1,7,23,0,5,157.2,19,1,0,still
1192,54,0,-1,23,1,1,7,16,0,0,134.4,21,0,0,start
1194,44,0,-1,22,1,1,13,9,0,0,132.1,18,0,0,start
1194,57,1,150,24,1,1,3,21,0,0,145.4,20,0,0,still
1194,133,0,-1,18,0,0,0,18,0,2,118.6,13,0,1,nohop_nohold
1194,153,0,-1,20,1,1,4,16,0,2,158.3,17,0,0,start
1194,182,1,90,24,1,1,11,13,0,2,133.8,19,0,0,still
1194,195,1,300,21,1,1,4,17,0,2,161.1,17,0,0,end_cap
1195,133,0,-1,18,0,0,0,18,0,2,118.7,13,0,1,hop
1197,55,1,30,24,1,1,6,18,0,0,140.1,19,0,1,still
1198,111,0,-1,2,0,0,0,2,0,0,110.7,2,0,0,nohop_nohold
1198,161,1,150,25,1,1,12,13,0,3,148.7,18,1,0,still
1199,16,1,270,20,1,1,8,12,0,0,138.2,18,0,0,still
1199,49,1,270,22,1,1,11,11,0,0,139.8,18,0,0,still
1199,111,0,-1,2,0,0,0,2,0,0,110.6,2,0,0,hop
1200,3,1,270,19,1,1,2,17,0,0,145.3,15,1,0,still
1201,158,1,300,19,1,1,5,14,0,1,156.6,19,1,0,end_cap
1202,186,0,-1,22,0,0,0,22,0,4,127.9,15,0,0,hop
1203,56,1,90,23,1,1,5,18,0,0,140.0,21,0,0,still
1204,85,1,60,23,1,1,1,22,0,0,140.0,19,0,0,still
1204,110,0,-1,13,0,0,0,13,0,0,94.9,11,0,0,hop
1207,76,1,300,23,1,1,12,11,0,0,137.9,19,0,1,end_cap
1207,77,1,90,23,1,1,11,12,0,1,141.3,18,0,0,still
1207,83,1,90,22,1,1,4,18,0,0,137.7,20,0,0,still
1207,123,1,270,19,1,1,5,14,0,0,156.3,16,0,0,still
1207,165,1,60,23,1,1,8,15,0,2,131.8,21,1,0,still
1208,113,1,300,19,1,1,3,16,0,2,151.0,16,0,0,end_cap
1209,166,1,120,27,1,1,8,19,0,2,147.2,20,1,1,still
1211,151,1,270,25,1,1,12,13,0,2,138.2,18,0,0,still
1212,10,0,-1,24,1,1,13,11,0,0,137.9,20,0,0,start
1212,15,1,30,21,1,1,11,10,0,0,134.5,18,0,0,still
1212,35,1,270,19,1,1,1,18,0,0,167.3,17,0,0,still
1212,101,0,-1,8,0,0,0,8,0,0,125.0,7,0,0,hop
1213,87,0,-1,27,0,0,0,27,0,0,136.7,22,0,0,hop
1213,141,1,270,23,1,1,11,12,0,1,136.0,18,0,0,still
1213,142,1,270,22,1,1,12,10,0,1,137.0,17,0,0,still
1214,23,1,150,26,1,1,0,26,0,0,145.4,19,0,0,still
1215,169,1,90,19,1,1,8,11,0,0,118.1,18,0,0,still
1216,5,1,180,23,1,1,7,16,0,0,147.8,16,1,0,still
1216,183,0,-1,22,1,1,9,13,0,1,125.5,20,0,0,start
1218,139,1,150,24,1,1,11,13,0,2,135.0,18,0,0,still
1219,14,1,30,18,1,1,8,10,0,0,111.9,20,1,0,still
1219,50,1,180,20,1,1,9,11,0,0,135.1,19,0,0,still
1220,1,1,300,19,1,1,2,17,0,0,164.7,18,0,0,end_cap
1220,19,0,-1,24,1,1,8,16,0,0,136.8,20,0,1,start
1220,71,0,-1,12,0,0,0,12,0,1,95.3,10,0,0,nohop_nohold
1221,71,0,-1,12,0,0,0,12,0,1,95.2,10,0,0,hop
1221,84,1,60,24,1,1,2,22,0,0,147.1,20,0,0,still
1221,103,0,-1,6,0,0,0,6,0,0,97.5,5,0,0,hop
1221,168,1,150,31,1,1,7,24,0,5,159.6,19,1,0,still
1221,172,0,-1,32,0,1,2,30,0,4,152.6,20,0,0,start
1222,54,1,30,23,1,1,8,15,0,0,134.1,21,0,0,still
1223,9,0,-1,22,1,1,12,10,0,0,140.0,19,0,0,start
1223,127,0,-1,24,1,1,10,14,0,3,139.2,20,0,0,start
1224,44,1,30,21,1,1,12,9,0,0,137.8,18,0,0,still
1224,57,1,180,24,1,1,4,20,0,0,145.0,20,0,0,still
1224,153,1,30,19,1,1,3,16,0,2,163.2,17,0,0,still
1224,182,1,120,23,1,1,11,12,0,2,135.7,19,0,0,still
1225,109,0,-1,15,0,0,0,15,0,1,103.5,12,0,0,hop
1227,55,1,60,24,1,1,7,17,0,0,139.6,19,0,1,still
1227,154,0,-1,20,1,1,3,17,0,1,165.7,17,0,0,start
1228,161,1,180,25,1,1,14,11,0,3,148.6,18,1,0,still
1229,16,1,300,20,1,1,10,10,0,0,138.0,18,0,0,end_cap
1229,49,1,300,22,1,1,13,9,0,0,139.7,19,0,0,end_cap
1230,3,1,300,18,1,1,3,15,0,0,147.7,15,1,0,end_cap
1230,174,0,-1,22,0,0,0,22,0,2,124.5,17,0,0,nohop_nohold
1231,174,0,-1,22,0,0,0,22,0,2,124.4,17,0,0,hop
1232,26,0,-1,29,0,0,0,29,0,0,130.8,21,0,0,nohop_nohold
1232,179,0,-1,1,0,0,0,1,0,0,61.1,1,0,0,hop
1233,13,0,-1,20,1,1,8,12,0,0,123.2,18,0,0,start
1233,26,0,-1,29,0,0,0,29,0,0,130.8,21,0,0,hop
1233,56,1,120,23,1,1,6,17,0,0,139.4,21,0,0,still
1233,88,0,-1,25,0,0,0,25,0,0,123.2,22,0,0,nohop_nohold
1234,65,0,-1,24,0,0,0,24,0,1,129.2,18,0,0,nohop_nohold
1234,85,1,90,23,1,1,2,21,0,0,139.6,19,0,0,still
1234,88,0,-1,25,0,0,0,25,0,0,123.6,22,0,0,hop
1235,65,0,-1,24,0,0,0,24,0,1,129.1,18,0,0,hop
1237,77,1,120,22,1,1,11,11,0,0,135.8,19,0,0,still
1237,83,1,120,22,1,1,5,17,0,0,138.5,20,0,0,still
1237,123,1,300,20,1,1,4,16,0,0,154.2,16,0,0,end_cap
1237,165,1,90,23,1,1,10,13,0,2,132.2,21,1,0,still
1239,132,0,-1,23,0,0,0,23,0,0,120.3,20,0,0,hop
1239,166,1,150,27,1,1,9,18,0,2,147.6,20,1,1,still
1241,128,0,-1,27,1,1,8,19,0,4,148.3,19,0,0,start
1241,151,1,300,24,1,1,12,12,0,2,142.1,18,0,0,end_cap
1242,10,1,30,23,1,1,11,12,0,0,143.9,20,0,0,still
1242,15,1,60,21,1,1,11,10,0,0,134.2,18,0,0,still
1242,35,1,300,21,1,1,4,17,0,0,154.7,18,0,0,end_cap
1243,47,0,-1,21,1,1,8,13,0,0,126.9,20,0,0,start
1243,141,1,300,22,1,1,10,12,0,0,132.4,18,0,0,end_cap
1243,142,1,300,22,1,1,12,10,0,1,136.5,17,0,0,end_cap
1244,23,1,180,26,1,1,1,25,0,0,146.5,19,0,0,still
1245,169,1,120,19,1,1,5,14,0,0,118.8,18,0,0,still
1246,5,1,210,23,1,1,9,14,0,0,149.8,16,0,1,still
1246,183,1,30,21,1,1,7,14,0,1,126.1,20,0,0,still
1248,139,1,180,23,1,1,8,15,0,2,138.0,19,0,0,still
1248,177,0,-1,29,0,0,0,29,0,2,128.1,23,0,0,hop
1249,14,1,60,18,1,1,5,13,0,0,113.1,20,1,0,still
1249,50,1,210,20,1,1,11,9,0,0,134.0,19,0,0,still
1250,19,1,30,24,1,1,10,14,0,0,136.3,20,0,1,still
1250,124,0,-1,0,0,0,0,0,0,0,0.0,0,0,0,hop
1251,84,1,90,22,1,1,2,20,0,0,141.2,20,0,0,still
1251,92,0,-1,22,0,0,0,22,0,0,124.4,17,0,0,hop
1251,168,1,180,29,1,1,7,22,0,5,155.7,19,1,0,still
1251,172,1,30,32,0,1,2,30,0,4,153.1,20,1,0,still
1252,54,1,60,22,1,1,8,14,0,0,130.2,21,0,0,still
1253,9,1,30,22,1,1,10,12,0,0,141.7,19,0,0,still
1253,127,1,30,23,1,1,10,13,0,3,134.0,20,1,0,still
1254,44,1,60,21,1,1,9,12,0,0,139.8,18,0,0,still
1254,57,1,210,23,1,1,3,20,0,0,143.4,20,0,0,still
1254,153,1,60,21,1,1,3,18,0,2,152.1,17,0,0,still
1254,182,1,150,24,1,1,9,15,0,2,141.2,19,0,0,still
1255,89,0,-1,25,0,0,0,25,0,0,118.7,22,0,0,nohop_nohold
1256,11,0,-1,22,1,1,9,13,0,0,139.4,18,0,0,start
1256,89,0,-1,25,0,0,0,25,0,0,118.6,22,0,0,hop
1257,55,1,90,22,1,1,6,16,0,0,132.5,19,0,1,still
1257,154,1,30,22,1,1,3,19,0,1,154.7,17,0,0,still
1258,161,1,210,24,1,1,12,12,0,3,146.0,18,1,0,still
1260,143,0,-1,24,0,0,0,24,0,0,124.6,21,0,0,nohop_nohold
1261,143,0,-1,24,0,0,0,24,0,0,124.5,21,0,0,hop
1263,13,1,30,20,1,1,7,13,0,0,122.4,18,0,0,still
1263,56,1,150,22,1,1,6,16,0,0,137.0,21,0,0,still
1264,85,1,120,22,1,1,1,21,0,0,137.6,19,0,0,still
1264,188,0,-1,22,1,1,5,17,0,2,154.2,16,0,0,start
1267,77,1,150,21,1,1,11,10,0,0,132.8,20,0,0,still
1267,83,1,150,21,1,1,4,17,0,0,134.6,20,0,0,still
1267,165,1,120,22,1,1,10,12,0,2,127.0,21,1,0,still
1267,170,0,-1,21,1,1,10,11,0,0,132.0,19,0,0,start
1268,33,0,-1,14,0,0,0,14,0,0,101.4,13,0,0,nohop_nohold
1268,117,0,-1,25,1,1,13,12,0,0,144.8,21,0,0,start
1269,33,0,-1,14,0,0,0,14,0,0,101.4,13,0,0,hop
1269,166,1,180,26,1,1,9,17,0,2,144.7,20,1,1,still
1270,28,0,-1,27,0,0,0,27,0,1,120.9,23,0,0,nohop_nohold
1271,28,0,-1,27,0,0,0,27,0,1,121.1,23,0,0,hop
1271,29,0,-1,27,0,0,0,27,0,1,124.2,20,0,0,nohop_nohold
1271,128,1,30,25,1,1,7,18,0,4,141.8,19,1,0,still
1271,159,0,-1,16,0,0,2,14,0,0,143.8,14,0,0,nohop_nohold
1272,10,1,60,23,1,1,12,11,0,0,143.4,20,0,0,still
1272,15,1,90,20,1,1,9,11,0,0,130.9,18,0,0,still
1272,29,0,-1,27,0,0,0,27,0,1,124.3,20,0,0,hop
1272,159,0,-1,16,0,0,2,14,0,0,143.7,14,0,0,hop
1273,47,1,30,20,1,1,7,13,0,0,121.1,20,0,0,still
1273,66,0,-1,19,0,0,0,19,0,0,117.1,16,0,0,hop
1274,23,1,210,25,1,1,0,25,0,0,144.2,19,0,0,still
1274,136,0,-1,12,0,0,0,12,0,1,95.1,11,0,0,nohop_nohold
1275,136,0,-1,12,0,0,0,12,0,1,95.2,11,0,0,hop
1275,169,1,150,19,1,1,6,13,0,0,118.7,18,0,0,still
1276,5,1,240,23,1,1,11,12,0,0,149.1,16,1,1,still
1276,183,1,60,21,1,1,8,13,0,1,125.2,21,0,0,still
1278,139,1,210,22,1,1,9,13,0,1,131.7,19,0,0,still
1278,199,0,-1,21,1,1,3,18,0,2,156.7,18,0,0,start
1279,14,1,90,18,1,1,6,12,0,0,112.1,20,1,0,still
1279,50,1,240,18,1,1,9,9,0,0,125.8,19,0,0,still
1279,97,0,-1,3,0,0,0,3,0,0,136.3,2,0,0,nohop_nohold
1279,181,0,-1,26,0,0,0,26,0,5,134.6,16,0,0,nohop_nohold
1280,19,1,60,22,1,1,8,14,0,0,129.7,20,0,1,still
1280,58,0,-1,25,1,1,0,25,0,0,144.1,18,0,0,start
1280,97,0,-1,3,0,0,0,3,0,0,137.1,2,0,0,hop
1280,181,0,-1,26,0,0,0,26,0,5,134.6,16,0,0,hop
1281,84,1,120,22,1,1,3,19,0,0,140.9,20,0,0,still
1281,168,1,210,29,1,1,8,21,0,5,155.4,19,1,0,still
1281,172,1,60,32,0,1,3,29,0,4,153.5,20,1,0,still
1282,54,1,90,21,1,1,8,13,0,0,126.1,21,0,0,still
1282,75,0,-1,3,0,0,0,3,0,0,92.7,3,0,0,nohop_nohold
1282,90,0,-1,24,0,0,0,24,0,0,118.0,20,0,0,hop
1283,9,1,60,22,1,1,12,10,0,0,139.7,19,0,0,still
1283,75,0,-1,3,0,0,0,3,0,0,91.3,3,0,0,hop
1283,127,1,60,22,1,1,10,12,0,3,131.2,20,1,0,still
1284,44,1,90,19,1,1,10,9,0,0,128.7,18,0,0,still
1284,57,1,240,23,1,1,4,19,0,0,143.2,20,0,0,still
1284,153,1,90,20,1,1,3,17,0,2,158.0,17,0,0,still
1284,182,1,180,23,1,1,10,13,0,2,140.4,20,0,0,still
1285,34,0,-1,7,0,0,0,7,0,1,105.0,5,0,0,hop
1286,11,1,30,21,1,1,9,12,0,0,136.3,18,0,0,still
1287,55,1,120,23,1,1,7,16,0,0,136.7,19,0,1,still
1287,154,1,60,20,1,1,2,18,0,1,157.5,17,1,0,still
1288,73,0,-1,9,0,0,0,9,0,0,106.5,8,0,0,hop
1288,161,1,240,22,1,1,11,11,0,3,142.2,18,1,0,still
1290,40,0,-1,20,1,1,11,9,0,0,142.4,17,0,0,start
1293,13,1,60,19,1,1,7,12,0,0,123.1,20,0,0,still
1293,56,1,180,21,1,1,6,15,0,0,131.8,21,0,0,still
1294,85,1,150,22,1,1,2,20,0,0,137.3,19,0,0,still
1294,188,1,30,21,1,1,5,16,0,2,159.9,16,0,0,still
1295,6,0,-1,24,1,1,13,11,0,0,147.8,16,0,0,start
1297,77,1,180,20,1,1,10,10,0,1,131.8,19,0,0,still
1297,83,1,180,21,1,1,5,16,0,0,134.2,20,0,0,still
1297,144,0,-1,9,0,0,0,9,0,1,106.5,7,0,0,nohop_nohold
1297,165,1,150,21,1,1,10,11,0,2,123.2,21,1,0,still
1297,170,1,30,20,1,1,9,11,0,0,135.2,19,0,0,still
1298,117,1,30,24,1,1,12,12,0,0,143.0,21,0,0,still
1298,144,0,-1,9,0,0,0,9,0,1,106.5,7,0,0,hop
1298,195,0,-1,20,1,1,5,15,0,2,157.8,17,0,0,start
1299,7,0,-1,23,1,1,13,10,0,0,143.5,17,0,0,start
1299,166,1,210,25,1,1,9,16,0,2,140.8,20,1,1,still
1301,31,0,-1,24,0,0,0,24,0,0,117.9,21,0,0,nohop_nohold
1301,62,0,-1,26,0,0,0,26,0,0,119.0,21,0,0,nohop_nohold
1301,128,1,60,25,1,1,8,17,0,4,141.4,19,1,0,still
1302,10,1,90,22,1,1,11,11,0,0,139.2,20,0,0,still
1302,15,1,120,18,1,1,7,11,0,0,128.7,18,0,0,still
1302,31,0,-1,24,0,0,0,24,0,0,117.8,21,0,0,hop
1302,62,0,-1,26,0,0,0,26,0,0,119.0,21,0,0,hop
1303,47,1,60,19,1,1,6,13,0,0,124.2,20,0,0,still
1304,23,1,240,26,1,1,1,25,0,0,148.2,19,0,0,still
1305,67,0,-1,17,0,0,0,17,0,0,113.7,14,0,0,nohop_nohold
1305,108,0,-1,18,0,0,0,18,0,1,115.4,14,0,0,nohop_nohold
1305,169,1,180,18,1,1,5,13,0,0,122.8,19,0,0,still
1305,171,0,-1,29,1,1,4,25,0,4,150.8,17,0,0,start
1306,5,1,270,23,1,1,14,9,0,0,149.0,16,1,1,still
1306,67,0,-1,17,0,0,0,17,0,0,113.6,14,0,0,hop
1306,108,0,-1,18,0,0,0,18,0,1,115.4,14,0,0,hop
1306,183,1,90,19,1,1,7,12,0,0,120.6,21,0,0,still
1308,139,1,240,21,1,1,8,13,0,2,131.1,18,0,0,still
1308,199,1,30,19,1,1,4,15,0,2,155.6,18,1,0,still
1309,14,1,120,18,1,1,6,12,0,1,119.0,20,1,0,still
1309,50,1,270,18,1,1,10,8,0,0,125.8,19,1,0,still
1310,19,1,90,21,1,1,10,11,0,0,124.0,20,0,1,still
1310,58,1,30,25,1,1,0,25,0,0,144.7,18,0,0,still
1310,158,0,-1,18,1,1,4,14,0,1,152.4,19,0,0,start
1311,84,1,150,22,1,1,4,18,0,0,141.2,20,0,0,still
1311,168,1,240,28,1,1,9,19,0,5,152.6,19,1,0,still
1311,172,1,90,32,0,1,3,29,0,4,154.1,20,1,0,still
1312,54,1,120,21,1,1,9,12,0,0,125.8,21,0,0,still
1313,9,1,90,22,1,1,12,10,0,0,139.5,19,0,0,still
1313,127,1,90,22,1,1,11,11,0,3,130.7,20,1,0,still
1314,44,1,120,20,1,1,10,10,0,0,133.8,18,0,0,still
1314,57,1,270,23,1,1,5,18,0,0,143.2,20,0,0,still
1314,153,1,120,20,1,1,6,14,0,2,157.8,17,1,0,still
1314,182,1,210,22,1,1,9,13,0,1,134.9,20,0,0,still
1315,152,0,-1,4,0,0,0,4,0,0,93.1,4,0,0,nohop_nohold
1316,11,1,60,21,1,1,9,12,0,0,135.7,18,0,0,still
1316,152,0,-1,4,0,0,0,4,0,0,93.2,4,0,0,hop
1317,55,1,150,23,1,1,8,15,0,0,136.4,19,0,1,still
1317,154,1,90,20,1,1,6,14,0,1,157.5,17,1,0,still
1318,87,0,-1,26,0,0,0,26,0,0,134.3,22,0,0,hop
1318,161,1,270,22,1,1,11,11,0,3,141.9,18,1,0,still
1320,12,0,-1,19,1,1,9,10,0,0,124.2,18,0,0,start
1320,40,1,30,19,1,1,12,7,0,0,137.4,17,0,0,still
1323,13,1,90,20,1,1,8,12,0,0,127.7,20,0,0,still
1323,56,1,210,21,1,1,7,14,0,0,132.3,21,0,0,still
1323,189,0,-1,20,1,1,8,12,0,3,152.2,14,0,0,start
1324,85,1,180,22,1,1,2,20,0,0,137.7,19,0,0,still
1324,188,1,60,21,1,1,8,13,0,2,159.8,16,0,0,still
1325,6,1,30,24,1,1,15,9,0,0,147.7,15,0,0,still
1325,126,0,-1,22,1,1,10,12,0,4,133.2,18,0,0,start
1327,77,1,210,20,1,1,11,9,0,1,131.1,19,0,0,still
1327,83,1,210,21,1,1,6,15,0,0,134.7,20,0,0,still
1327,146,0,-1,21,1,1,12,9,0,1,145.8,15,0,0,start
1327,165,1,180,21,1,1,11,10,0,2,123.7,21,1,0,still
1327,170,1,60,20,1,1,10,10,0,0,134.6,18,0,0,still
1328,117,1,60,24,1,1,13,11,0,0,142.6,21,0,0,still
1328,195,1,30,20,1,1,8,12,0,2,157.8,17,0,0,still
1329,7,1,30,23,1,1,14,9,0,0,143.4,17,1,0,still
1329,166,1,240,25,1,1,10,15,0,2,141.1,20,1,1,still
1331,128,1,90,25,1,1,9,16,0,4,141.7,19,1,0,still
1332,10,1,120,22,1,1,12,10,0,0,139.0,20,0,0,still
1332,15,1,150,19,1,1,9,10,0,1,130.5,18,0,0,still
1332,86,0,-1,26,1,1,0,26,0,0,141.6,20,0,0,start
1333,47,1,90,19,1,1,7,12,0,0,123.4,20,0,0,still
1334,23,1,270,26,1,1,2,24,0,0,147.2,19,0,0,still
1335,169,1,210,18,1,1,6,12,0,0,122.4,19,0,0,still
1335,171,1,30,29,1,1,5,24,0,4,149.7,17,1,0,still
1336,5,1,300,20,1,1,12,8,0,0,152.2,16,1,1,end_cap
1336,183,1,120,19,1,1,7,12,0,0,119.6,21,0,0,still
1338,118,0,-1,25,1,1,14,11,0,1,146.2,18,0,0,start
1338,139,1,270,21,1,1,9,12,0,2,130.5,18,0,0,still
1338,199,1,60,20,1,1,6,14,0,2,157.1,18,1,0,still
1339,14,1,150,18,1,1,6,12,0,0,117.7,21,1,0,still
1339,50,1,300,18,1,1,11,7,0,0,125.8,19,1,0,end_cap
1339,145,0,-1,20,1,1,10,10,0,2,144.4,14,0,0,start
1340,19,1,120,21,1,1,10,11,0,0,124.8,20,0,1,still
1340,58,1,60,25,1,1,1,24,0,0,143.7,18,0,0,still
1340,158,1,30,19,1,1,6,13,0,1,154.4,19,1,0,still
1341,84,1,180,21,1,1,4,17,0,0,136.6,20,0,0,still
1341,168,1,270,28,1,1,9,19,0,5,152.6,19,1,0,still
1341,172,1,120,32,1,1,4,28,0,4,153.1,20,1,0,still
1342,54,1,150,20,1,1,9,11,0,0,120.9,21,0,0,still
1343,9,1,120,23,1,1,14,9,0,0,143.8,19,0,0,still
1343,127,1,120,21,1,1,11,10,0,3,125.5,20,1,0,still
1343,138,0,-1,28,0,0,0,28,0,3,122.9,20,0,0,nohop_nohold
1343,186,0,-1,22,0,0,0,22,0,4,128.4,14,0,0,hop
1344,44,1,150,20,1,1,11,9,0,0,132.4,18,0,0,still
1344,57,1,300,21,1,1,5,16,0,0,134.3,20,0,0,end_cap
1344,138,0,-1,28,0,0,0,28,0,3,123.1,20,0,0,hop
1344,153,1,150,21,1,1,9,12,0,2,151.4,17,1,0,still
1344,182,1,240,23,1,1,10,13,0,2,134.3,19,0,0,still
1346,11,1,90,22,1,1,10,12,0,1,137.2,18,0,0,still
1346,130,0,-1,18,1,1,8,10,0,0,124.9,17,0,0,start
1347,55,1,180,22,1,1,7,15,0,0,132.1,19,0,1,still
1347,154,1,120,21,1,1,9,12,0,1,151.8,17,1,0,still
1348,161,1,300,23,1,1,12,11,0,3,142.1,18,1,0,end_cap
1350,12,1,30,21,1,1,10,11,0,0,130.3,17,0,0,still
1350,40,1,60,20,1,1,14,6,0,0,141.7,17,0,0,still
1350,76,0,-1,22,1,1,10,12,0,0,132.1,19,0,0,start
1353,13,1,120,22,1,1,10,12,0,0,130.7,19,0,0,still
1353,56,1,240,20,1,1,6,14,0,0,126.8,21,0,0,still
1353,189,1,30,21,1,1,11,10,0,2,147.8,14,0,0,still
1354,85,1,210,22,1,1,3,19,0,0,137.1,19,0,0,still
1354,188,1,90,22,1,1,11,11,0,2,153.6,16,0,0,still
1355,6,1,60,24,1,1,17,7,0,0,147.6,15,0,0,still
1355,65,0,-1,24,0,0,0,24,0,2,124.5,18,0,0,hop
1355,126,1,30,22,1,1,10,12,0,4,132.1,18,1,0,still
1355,132,0,-1,23,0,0,0,23,0,1,122.4,20,0,0,nohop_nohold
1356,113,0,-1,21,1,1,11,10,0,2,150.6,16,0,0,start
1356,132,0,-1,22,0,0,0,22,0,0,120.4,20,0,0,hop
1357,77,1,240,20,1,1,10,10,0,1,128.6,19,0,0,still
1357,83,1,240,20,1,1,5,15,0,0,129.4,20,0,0,still
1357,146,1,30,22,1,1,13,9,0,1,145.5,15,0,0,still
1357,165,1,210,20,1,1,10,10,0,2,117.7,21,1,0,still
1357,170,1,90,20,1,1,8,12,0,0,130.2,18,0,0,still
1358,117,1,90,26,1,1,15,11,0,0,147.3,21,0,0,still
1358,195,1,60,21,1,1,10,11,0,2,151.5,17,0,0,still
1359,7,1,60,23,1,1,17,6,0,0,143.3,17,0,0,still
1359,8,0,-1,25,1,1,18,7,0,0,148.2,18,0,0,start
1359,21,0,-1,22,1,1,8,14,0,0,131.9,21,0,1,start
1359,89,0,-1,25,0,0,0,25,0,0,118.7,22,0,0,hop
1359,166,1,270,24,1,1,9,15,0,2,137.2,20,1,1,still
1360,142,0,-1,22,1,1,12,10,0,2,138.4,17,0,0,start
1361,128,1,120,24,1,1,9,15,0,4,138.2,19,1,0,still
1362,10,1,150,23,1,1,15,8,0,0,142.2,20,0,0,still
1362,15,1,180,20,1,1,10,10,0,1,128.0,18,0,0,still
1362,86,1,30,26,1,1,0,26,0,0,142.3,20,0,0,still
1363,47,1,120,20,1,1,9,11,0,0,119.5,20,0,0,still
1364,3,0,-1,19,1,1,12,7,0,0,141.6,15,0,0,start
1364,23,1,300,26,1,1,2,24,0,0,147.7,19,0,0,end_cap
1364,79,0,-1,18,1,1,11,7,0,1,122.0,18,0,0,start
1365,169,1,240,19,1,1,10,9,0,0,118.7,19,0,0,still
1365,171,1,60,29,1,1,4,25,0,4,150.2,17,1,0,still
1366,183,1,150,21,1,1,11,10,0,0,122.1,21,0,0,still
1368,118,1,30,25,1,1,17,8,0,0,145.2,18,1,0,still
1368,133,0,-1,18,0,0,0,18,0,3,116.7,12,0,0,nohop_nohold
1368,139,1,300,23,1,1,13,10,0,2,133.7,19,0,0,end_cap
1368,199,1,90,18,1,1,8,10,0,1,154.1,18,1,0,still
1369,14,1,180,20,1,1,10,10,0,0,120.1,21,1,0,still
1369,66,0,-1,19,0,0,0,19,0,0,118.1,15,0,0,nohop_nohold
1369,133,0,-1,18,0,0,0,18,0,3,116.7,12,0,0,hop
1369,145,1,30,19,1,1,11,8,0,2,141.7,14,0,0,still
1370,19,1,150,21,1,1,9,12,0,0,124.4,20,0,1,still
1370,58,1,90,25,1,1,1,24,0,0,143.8,18,0,0,still
1370,66,0,-1,19,0,0,0,19,0,0,118.2,15,0,0,hop
1370,68,0,-1,21,1,1,12,9,0,0,153.2,16,0,1,start
1370,158,1,60,18,1,1,8,10,0,1,155.3,18,1,0,still
1371,84,1,210,21,1,1,3,18,0,0,136.4,20,0,0,still
1371,168,1,300,28,1,1,7,21,0,5,152.5,19,1,0,end_cap
1371,172,1,150,32,1,1,3,29,0,4,153.4,20,1,0,still
1372,54,1,180,23,1,1,10,13,0,0,132.3,20,0,0,still
1372,124,0,-1,0,0,0,0,0,0,0,0.0,0,0,0,hop
1373,9,1,150,23,1,1,16,7,0,0,143.4,18,0,0,still
1373,17,0,-1,22,1,1,12,10,0,0,128.6,19,0,1,start
1373,127,1,150,24,1,1,13,11,0,3,136.3,20,1,0,still
1374,44,1,180,21,1,1,13,8,0,0,135.5,18,0,0,still
1374,92,0,-1,22,0,0,0,22,0,0,123.7,17,0,0,nohop_nohold
1374,111,0,-1,1,0,0,0,1,0,0,0.8,1,0,0,nohop_nohold
1374,153,1,180,21,1,1,12,9,0,2,151.3,17,1,0,still
1374,182,1,270,24,1,1,14,10,0,2,137.1,19,0,0,still
1375,92,0,-1,22,0,0,0,22,0,0,123.7,17,0,0,hop
1375,111,0,-1,1,0,0,0,1,0,0,0.9,1,0,0,hop
1376,11,1,120,22,1,1,13,9,0,1,136.5,18,0,0,still
1376,88,0,-1,25,0,0,0,25,0,0,123.0,22,0,0,hop
1376,130,1,30,18,1,1,10,8,0,0,126.2,17,0,0,still
1377,55,1,210,24,1,1,7,17,0,0,139.8,19,0,1,still
1377,154,1,150,21,1,1,12,9,0,1,151.8,17,1,0,still
1377,159,0,-1,11,1,1,4,7,0,0,136.4,13,0,0,start
1380,12,1,60,21,1,1,13,8,0,0,129.7,18,0,0,still
1380,40,1,90,19,1,1,14,5,0,0,140.0,16,0,0,still
1380,76,1,30,21,1,1,13,8,0,0,128.6,19,0,0,still
1380,101,0,-1,7,0,0,0,7,0,0,126.0,6,0,0,nohop_nohold
1381,101,0,-1,7,0,0,0,7,0,0,126.5,6,0,0,hop
1383,13,1,150,22,1,1,12,10,0,0,129.9,19,0,0,still
1383,56,1,270,23,1,1,7,16,0,0,139.9,21,0,0,still
1383,71,0,-1,11,0,0,0,11,0,1,97.1,9,0,0,hop
1383,189,1,60,20,1,1,12,8,0,2,145.3,14,0,0,still
1384,85,1,240,22,1,1,2,20,0,0,137.7,19,0,0,still
1384,141,0,-1,21,1,1,14,7,0,0,128.9,18,0,0,start
1384,188,1,120,21,1,1,13,8,0,2,150.4,15,0,0,still
1385,1,0,-1,20,1,1,12,8,0,0,149.8,18,0,0,start
1385,6,1,90,22,1,1,16,6,0,0,141.4,15,0,0,still
1385,35,0,-1,20,1,1,13,7,0,0,148.6,18,0,0,start
1385,126,1,60,24,1,1,13,11,0,4,137.8,18,1,0,still
1386,113,1,30,20,1,1,13,7,0,2,147.2,16,0,0,still
1387,77,1,270,22,1,1,13,9,0,0,137.6,20,0,0,still
1387,83,1,270,22,1,1,5,17,0,0,137.9,20,0,0,still
1387,146,1,60,20,1,1,12,8,0,1,139.4,15,0,0,still
1387,165,1,240,23,1,1,12,11,0,2,129.4,21,1,0,still
1387,170,1,120,20,1,1,12,8,0,0,130.1,18,0,0,still
1388,117,1,120,27,1,1,18,9,0,0,150.0,21,0,0,still
1388,195,1,90,21,1,1,14,7,0,2,151.3,17,0,0,still
1389,7,1,90,22,1,1,17,5,0,0,140.3,17,0,0,still
1389,8,1,30,24,1,1,18,6,0,0,144.1,18,0,0,still
1389,21,1,30,25,1,1,9,16,0,0,142.3,21,0,1,still
1389,166,1,300,27,1,1,11,16,0,2,146.6,20,1,1,end_cap
1390,103,0,-1,5,0,0,0,5,0,0,104.1,4,0,0,nohop_nohold
1390,142,1,30,22,1,1,13,9,0,2,138.3,17,0,0,still
1391,103,0,-1,5,0,0,0,5,0,0,104.8,4,0,0,hop
1391,119,0,-1,25,1,1,18,7,0,2,146.2,21,0,0,start
1391,128,1,150,26,1,1,9,17,0,4,144.2,19,0,0,still
1392,10,1,180,23,1,1,16,7,0,0,141.6,21,0,0,still
1392,15,1,210,20,1,1,12,8,0,1,127.9,18,0,0,still
1392,28,0,-1,26,0,0,0,26,0,1,114.5,21,0,0,hop
1392,72,0,-1,16,1,1,11,5,0,0,149.2,15,0,0,start
1392,86,1,60,26,1,1,0,26,0,0,141.8,20,0,0,still
1392,157,0,-1,20,1,1,14,6,0,0,153.3,17,0,0,start
1393,47,1,150,20,1,1,12,8,0,0,119.2,20,0,0,still
1394,3,1,30,20,1,1,13,7,0,0,148.6,15,1,1,still
1394,79,1,30,21,1,1,12,9,0,1,134.2,18,1,0,still
1395,169,1,270,19,1,1,11,8,0,0,121.5,19,0,0,still
1395,171,1,90,30,1,1,4,26,0,4,153.2,17,0,0,still
1396,183,1,180,20,1,1,12,8,0,2,120.6,19,0,0,still
1398,118,1,60,25,1,1,18,7,0,0,144.9,18,1,0,still
1398,199,1,120,16,1,1,12,4,0,1,157.4,17,1,0,still
1399,14,1,210,19,1,1,11,8,0,0,118.0,21,1,0,still
1399,145,1,60,17,1,1,10,7,0,1,134.6,14,0,0,still
1400,19,1,180,24,1,1,11,13,0,0,135.0,20,0,0,still
1400,58,1,120,25,1,1,1,24,0,0,144.2,18,0,0,still
1400,68,1,30,20,1,1,13,7,0,0,158.4,16,0,1,still
1400,158,1,90,16,1,1,12,4,0,1,158.7,17,1,0,still
1401,84,1,240,21,1,1,3,18,0,0,136.9,20,0,0,still
1401,172,1,180,32,1,1,3,29,0,4,153.4,20,1,0,still
1402,54,1,210,22,1,1,9,13,0,0,128.6,20,0,0,still
1403,9,1,180,23,1,1,18,5,0,0,142.7,18,0,0,still
1403,17,1,30,22,1,1,11,11,0,0,127.2,19,0,1,still
1403,127,1,180,23,1,1,12,11,0,2,131.5,20,1,0,still
1404,44,1,210,21,1,1,14,7,0,0,134.8,18,0,0,still
1404,153,1,210,20,1,1,13,7,0,2,154.1,17,1,0,still
1404,182,1,300,24,1,1,14,10,0,3,138.9,20,0,0,end_cap
1406,11,1,150,23,1,1,13,10,0,1,140.5,18,0,0,still
1406,130,1,60,17,1,1,9,8,0,0,129.7,17,0,0,still
1407,55,1,240,23,1,1,6,17,0,0,136.2,19,0,1,still
1407,154,1,180,20,1,1,13,7,0,1,155.5,17,1,0,still
1407,159,1,30,9,1,1,7,2,0,0,137.2,12,1,0,still
1408,99,0,-1,10,0,0,0,10,0,0,111.2,8,0,0,nohop_nohold
1409,99,0,-1,10,0,0,0,10,0,0,111.1,8,0,0,hop
1410,12,1,90,21,1,1,12,9,0,0,129.6,18,0,0,still
1410,40,1,120,18,1,1,14,4,0,0,134.3,15,0,0,still
1410,76,1,60,21,1,1,13,8,0,0,136.0,19,0,0,still
1410,174,0,-1,21,0,0,0,21,0,1,120.5,15,0,0,nohop_nohold
1411,174,0,-1,21,0,0,0,21,0,1,120.7,15,0,0,hop
1411,179,0,-1,0,0,0,0,0,0,0,0.0,0,0,0,nohop_nohold
1412,87,0,-1,25,0,0,0,25,0,0,129.5,21,0,0,hop
1412,179,0,-1,0,0,0,0,0,0,0,0.0,0,0,0,hop
1413,13,1,180,21,1,1,12,9,0,0,127.4,19,0,0,still
1413,56,1,300,22,1,1,6,16,0,0,136.4,21,0,0,end_cap
1413,189,1,90,19,1,1,12,7,0,1,143.5,14,0,0,still
1414,62,0,-1,26,0,0,0,26,0,0,117.3,21,0,0,hop
1414,75,0,-1,3,0,0,0,3,0,0,85.6,3,0,0,hop
1414,85,1,270,22,1,1,2,20,0,0,137.7,19,0,0,still
1414,141,1,30,19,1,1,11,8,0,0,127.8,18,0,0,still
1414,188,1,150,20,1,1,13,7,0,2,151.1,15,0,0,still
1415,1,1,30,19,1,1,12,7,0,0,153.9,18,0,0,still
1415,6,1,120,22,1,1,16,6,0,0,141.5,15,0,0,still
1415,35,1,30,19,1,1,12,7,0,0,150.2,18,0,0,still
1415,126,1,90,24,1,1,11,13,0,3,138.4,18,1,0,still
1416,4,0,-1,20,1,1,13,7,0,0,143.4,16,0,0,start
1416,113,1,60,19,1,1,12,7,0,2,147.5,16,0,0,still
1417,77,1,300,22,1,1,11,11,0,0,141.4,20,0,0,end_cap
1417,83,1,300,21,1,1,4,17,0,0,135.0,20,0,0,end_cap
1417,146,1,90,20,1,1,14,6,0,1,139.1,15,0,0,still
1417,165,1,270,23,1,1,10,13,0,2,130.1,21,1,0,still
1417,170,1,150,19,1,1,10,9,0,0,133.7,18,0,0,still
1418,117,1,150,26,1,1,15,11,0,1,146.6,20,0,0,still
1418,195,1,120,20,1,1,14,6,0,2,154.3,17,0,0,still
1419,7,1,120,22,1,1,17,5,0,0,140.5,17,0,0,still
1419,8,1,60,23,1,1,17,6,0,0,139.9,18,0,0,still
1419,21,1,60,24,1,1,6,18,0,0,140.1,21,0,1,still
1419,31,0,-1,24,0,0,0,24,0,0,115.8,21,0,0,hop
1420,142,1,60,21,1,1,9,12,0,2,141.8,17,0,0,still
1421,119,1,30,25,1,1,16,9,0,2,146.7,21,0,0,still
1421,128,1,180,25,1,1,6,19,0,3,142.4,20,0,0,still
1422,10,1,210,23,1,1,14,9,0,0,142.0,21,0,0,still
1422,15,1,240,19,1,1,8,11,0,1,131.3,18,0,0,still
1422,72,1,30,14,1,1,11,3,0,0,151.6,15,0,0,still
1422,86,1,90,26,1,1,0,26,0,0,142.2,20,0,0,still
1422,157,1,30,19,1,1,14,5,0,0,160.8,17,1,0,still
1423,47,1,180,20,1,1,11,9,0,0,123.6,19,0,0,still
1424,3,1,60,20,1,1,14,6,0,0,148.3,15,1,1,still
1424,79,1,60,20,1,1,10,10,0,1,129.5,18,1,0,still
1425,29,0,-1,25,0,0,0,25,0,1,112.8,20,0,0,hop
1425,169,1,300,18,1,1,9,9,0,0,115.3,19,0,0,end_cap
1425,171,1,120,30,1,1,4,26,0,4,153.4,17,1,0,still
1426,123,0,-1,8,1,1,5,3,0,0,122.8,14,0,0,start
1426,183,1,210,21,1,1,11,10,0,2,126.7,19,0,0,still
1428,118,1,90,25,1,1,15,10,0,0,145.5,18,1,0,still
1428,199,1,150,10,1,1,7,3,0,1,138.1,17,1,0,still
1429,14,1,240,19,1,1,9,10,0,0,118.1,21,1,0,still
1429,145,1,90,17,1,1,11,6,0,1,134.1,14,1,0,still
1430,19,1,210,23,1,1,8,15,0,0,132.4,20,0,0,still
1430,58,1,150,25,1,1,1,24,0,0,144.2,18,0,0,still
1430,68,1,60,13,1,1,8,5,0,0,147.2,15,0,0,still
1430,135,0,-1,30,0,0,2,28,0,3,141.0,22,0,0,nohop_nohold
1430,158,1,120,10,1,1,7,3,0,1,139.4,17,1,0,still
1431,84,1,270,21,1,1,3,18,0,0,137.3,20,0,0,still
1431,135,0,-1,30,0,0,2,28,0,3,141.0,22,0,0,hop
1431,172,1,210,32,1,1,3,29,0,4,153.6,20,1,0,still
1431,180,0,-1,28,0,0,0,28,0,2,125.3,21,0,0,nohop_nohold
1432,54,1,240,22,1,1,7,15,0,0,129.3,20,0,0,still
1432,180,0,-1,28,0,0,0,28,0,2,125.3,21,0,0,hop
1433,9,1,210,22,1,1,15,7,0,0,138.6,18,0,0,still
1433,17,1,60,22,1,1,9,13,0,0,129.8,19,0,1,still
1433,127,1,210,22,1,1,10,12,0,2,129.4,20,1,0,still
1434,44,1,240,21,1,1,11,10,0,0,135.1,18,0,0,still
1434,153,1,240,16,1,1,10,6,0,2,143.8,17,1,0,still
1435,181,0,-1,26,0,0,0,26,0,4,133.5,17,0,0,nohop_nohold
1436,11,1,180,23,1,1,11,12,0,1,140.3,18,0,0,still
1436,130,1,90,18,1,1,7,11,0,0,126.4,17,0,0,still
1436,181,0,-1,26,0,0,0,26,0,4,133.5,17,0,0,hop
1437,55,1,270,24,1,1,5,19,0,0,139.9,19,0,1,still
1437,154,1,210,15,1,1,9,6,0,1,141.4,17,1,0,still
1437,159,1,60,6,1,1,5,1,0,0,100.0,12,1,0,still
1440,12,1,120,22,1,1,11,11,0,0,133.6,18,0,0,still
1440,40,1,150,18,1,1,13,5,0,0,134.1,15,0,0,still
1440,76,1,90,22,1,1,11,11,0,0,132.8,19,0,0,still
1443,13,1,210,22,1,1,11,11,0,0,129.9,19,0,0,still
1443,189,1,120,18,1,1,12,6,0,1,139.4,14,1,0,still
1444,85,1,300,23,1,1,3,20,0,0,140.9,18,0,0,end_cap
1444,141,1,60,20,1,1,10,10,0,0,124.7,18,0,0,still
1444,188,1,180,17,1,1,11,6,0,2,141.2,15,1,0,still
1445,1,1,60,14,1,1,8,6,0,0,139.4,18,0,0,still
1445,6,1,150,22,1,1,15,7,0,0,141.0,15,0,0,still
1445,35,1,60,15,1,1,9,6,0,0,135.4,18,0,0,still
1445,126,1,120,23,1,1,9,14,0,4,134.6,18,1,0,still
1446,4,1,30,20,1,1,13,7,0,0,143.1,16,1,0,still
1446,113,1,90,16,1,1,10,6,0,2,144.5,16,1,0,still
1447,146,1,120,20,1,1,13,7,0,1,141.2,15,0,0,still
1447,165,1,300,23,1,1,8,15,0,2,131.5,21,1,0,end_cap
1447,170,1,180,20,1,1,9,11,0,0,129.8,19,0,0,still
1448,117,1,180,27,1,1,15,12,0,1,149.8,19,0,0,still
1448,195,1,150,15,1,1,9,6,0,2,151.8,17,1,0,still
1449,7,1,150,22,1,1,16,6,0,0,140.4,17,0,0,still
1449,8,1,90,23,1,1,16,7,0,0,139.9,18,0,0,still
1449,21,1,90,24,1,1,6,18,0,0,138.4,21,0,0,still
1450,91,0,-1,23,0,0,0,23,0,0,106.7,21,0,0,nohop_nohold
1450,142,1,90,26,1,1,12,14,0,2,149.5,17,0,0,still
1451,34,0,-1,7,0,0,0,7,0,1,120.0,5,0,0,hop
1451,91,0,-1,23,0,0,0,23,0,0,106.7,21,0,0,hop
1451,119,1,60,25,1,1,15,10,0,2,146.6,21,0,0,still
1451,128,1,210,26,1,1,6,20,0,3,143.9,20,0,0,still
1452,10,1,240,23,1,1,13,10,0,0,141.7,21,0,0,still
1452,15,1,270,23,1,1,11,12,0,1,138.5,18,0,0,still
1452,72,1,60,8,1,1,5,3,0,0,133.1,15,0,0,still
1452,86,1,120,25,1,1,0,25,0,0,138.3,20,0,0,still
1452,90,0,-1,23,0,0,0,23,0,0,114.1,21,0,0,hop
1452,157,1,60,13,1,1,8,5,0,0,162.4,17,1,0,still
1453,5,0,-1,20,1,1,14,6,0,0,137.6,16,0,1,start
1453,47,1,210,22,1,1,12,10,0,0,129.0,18,0,0,still
1454,3,1,90,18,1,1,13,5,0,0,145.1,15,1,1,still
1454,79,1,90,21,1,1,9,12,0,1,133.4,18,0,0,still
1454,138,0,-1,28,0,0,0,28,0,3,121.7,20,0,0,hop
1454,186,0,-1,21,0,0,0,21,0,3,123.0,15,0,0,hop
1455,171,1,150,30,1,1,4,26,0,4,153.8,16,1,0,still
1456,123,1,30,7,1,1,5,2,0,0,117.2,14,1,0,still
1456,183,1,240,23,1,1,13,10,0,2,131.8,19,0,0,still
1457,33,0,-1,13,0,0,0,13,0,0,103.1,11,0,1,nohop_nohold
1458,33,0,-1,13,0,0,0,13,0,0,103.1,11,0,1,hop
1458,118,1,120,25,1,1,15,10,0,0,145.2,18,1,0,still
1458,199,1,180,9,1,1,7,2,0,1,140.2,17,1,0,still
1459,14,1,270,20,1,1,10,10,0,0,119.5,21,1,0,still
1459,145,1,120,16,1,1,11,5,0,1,134.7,14,1,0,still
1460,19,1,240,24,1,1,8,16,0,0,135.1,20,0,0,still
1460,58,1,180,24,1,1,1,23,0,0,141.8,17,0,0,still
1460,68,1,90,12,1,1,8,4,0,0,156.8,15,0,0,still
1460,158,1,150,9,1,1,7,2,0,1,141.1,17,1,0,still
1461,84,1,300,22,1,1,3,19,0,0,139.9,19,0,0,end_cap
1461,172,1,240,32,1,1,2,30,0,4,155.2,19,0,0,still
1462,54,1,270,23,1,1,6,17,0,0,132.4,20,0,0,still
1463,9,1,240,23,1,1,15,8,0,0,143.0,18,0,0,still
1463,17,1,90,24,1,1,8,16,0,0,136.8,19,0,1,still
1463,127,1,240,25,1,1,9,16,0,3,139.5,20,0,0,still
1464,44,1,270,21,1,1,11,10,0,0,135.0,18,0,0,still
1464,73,0,-1,8,0,0,0,8,0,0,106.3,7,0,0,nohop_nohold
1464,89,0,-1,24,0,0,0,24,0,0,111.6,22,0,0,hop
1464,136,0,-1,12,0,0,0,12,0,1,103.0,10,0,0,hop
1464,153,1,270,15,1,1,10,5,0,2,150.9,17,1,0,still
1465,57,0,-1,23,1,1,3,20,0,0,142.7,20,0,0,start
1465,73,0,-1,8,0,0,0,8,0,0,106.1,7,0,0,hop
1466,11,1,210,23,1,1,11,12,0,1,140.3,18,0,0,still
1466,130,1,120,21,1,1,9,12,0,0,137.8,17,0,0,still
1466,161,0,-1,27,1,1,12,15,0,2,152.0,19,0,0,start
1467,26,0,-1,28,0,0,0,28,0,0,124.7,23,0,0,hop
1467,55,1,300,24,1,1,4,20,0,0,139.4,19,0,1,end_cap
1467,154,1,240,14,1,1,9,5,0,1,150.1,17,1,0,still
1467,159,1,90,5,1,1,4,1,0,0,79.8,12,1,0,still
1470,12,1,150,22,1,1,12,10,0,0,134.0,18,0,0,still
1470,40,1,180,18,1,1,13,5,0,0,134.0,15,0,0,still
1470,76,1,120,25,1,1,13,12,0,0,142.9,19,0,0,still
1471,107,0,-1,20,0,0,0,20,0,0,122.2,18,0,0,nohop_nohold
1472,97,0,-1,2,0,0,0,2,0,0,59.6,2,0,0,hop
1472,107,0,-1,20,0,0,0,20,0,0,122.1,18,0,0,hop
1473,13,1,240,22,1,1,12,10,0,0,130.4,19,0,0,still
1473,189,1,150,17,1,1,12,5,0,1,140.3,14,1,0,still
1474,141,1,90,23,1,1,12,11,0,0,137.1,18,0,0,still
1474,188,1,210,16,1,1,11,5,0,2,145.1,15,1,0,still
1475,1,1,90,13,1,1,8,5,0,0,149.1,18,0,0,still
1475,6,1,180,22,1,1,15,7,0,0,141.2,15,0,0,still
1475,35,1,90,14,1,1,9,5,0,0,140.6,18,0,0,still
1475,126,1,150,26,1,1,10,16,0,4,143.6,17,0,0,still
1476,4,1,60,20,1,1,14,6,0,0,142.8,16,1,0,still
1476,113,1,120,16,1,1,11,5,0,2,144.3,16,1,0,still
1477,146,1,150,20,1,1,14,6,0,1,140.9,15,0,0,still
1477,170,1,210,22,1,1,10,12,0,0,137.3,19,0,0,still
1478,117,1,210,27,1,1,16,11,0,1,150.1,19,0,0,still
1478,195,1,180,15,1,1,10,5,0,2,151.8,17,1,0,still
1479,7,1,180,22,1,1,16,6,0,0,140.9,17,0,0,still
1479,8,1,120,23,1,1,16,7,0,0,140.3,18,0,0,still
1479,21,1,120,25,1,1,5,20,0,0,142.3,21,0,1,still
1479,114,0,-1,17,1,1,13,4,0,0,132.3,16,0,0,start
1480,142,1,120,26,1,1,12,14,0,2,149.4,17,0,0,still
1481,119,1,90,25,1,1,15,10,0,2,146.9,21,0,0,still
1481,128,1,240,27,1,1,6,21,0,4,147.3,20,0,0,still
1482,10,1,270,23,1,1,13,10,0,0,141.9,21,0,0,still
1482,15,1,300,23,1,1,12,11,0,1,138.6,18,0,0,end_cap
1482,72,1,90,8,1,1,7,1,0,0,133.5,15,0,0,still
1482,86,1,150,26,1,1,0,26,0,0,143.0,19,0,0,still
1482,157,1,90,13,1,1,10,3,0,0,162.8,17,1,0,still
1483,5,1,30,20,1,1,14,6,0,0,137.5,16,0,1,still
1483,47,1,240,22,1,1,12,10,0,0,129.1,18,0,0,still
1484,3,1,120,18,1,1,14,4,0,0,144.6,15,1,1,still
1484,79,1,120,21,1,1,8,13,0,1,132.2,18,0,0,still
1485,66,0,-1,18,0,0,0,18,0,0,112.4,15,0,0,nohop_nohold
1485,152,0,-1,4,0,0,0,4,0,0,103.8,3,0,0,nohop_nohold
1485,171,1,180,29,1,1,3,26,0,4,151.2,16,1,0,still
1486,66,0,-1,18,0,0,0,18,0,0,112.4,15,0,0,hop
1486,123,1,60,7,1,1,6,1,0,0,117.5,14,1,0,still
1486,152,0,-1,4,0,0,0,4,0,0,104.3,3,0,0,hop
1486,183,1,270,23,1,1,13,10,0,2,131.9,19,0,0,still
1488,71,0,-1,10,0,0,0,10,0,0,103.5,8,0,0,nohop_nohold
1488,118,1,150,25,1,1,14,11,0,0,145.8,18,1,0,still
1488,199,1,210,9,1,1,8,1,0,1,140.6,17,1,0,still
1489,14,1,300,20,1,1,10,10,0,0,119.7,21,1,0,end_cap
1489,71,0,-1,10,0,0,0,10,0,0,104.1,8,0,0,hop
1489,145,1,150,16,1,1,12,4,0,1,134.3,14,1,0,still
1490,19,1,270,23,1,1,6,17,0,0,131.7,19,0,0,still
1490,58,1,210,24,1,1,1,23,0,0,141.5,16,0,0,still
1490,68,1,120,12,1,1,9,3,0,0,157.6,15,0,1,still
1490,158,1,180,9,1,1,8,1,0,1,141.5,17,1,0,still
1491,172,1,270,32,1,1,2,30,0,4,154.2,19,1,0,still
1492,54,1,300,22,1,1,5,17,0,0,128.8,20,0,0,end_cap
1493,9,1,270,24,1,1,14,10,0,0,139.4,18,0,0,still
1493,17,1,120,23,1,1,6,17,0,0,131.4,19,0,1,still
1493,127,1,270,24,1,1,8,16,0,3,134.5,20,0,0,still
1494,44,1,300,22,1,1,10,12,0,0,130.2,18,0,0,end_cap
1494,153,1,300,15,1,1,11,4,0,2,151.0,17,1,0,end_cap
1495,57,1,30,22,1,1,2,20,0,0,140.0,20,1,0,still
1496,11,1,240,23,1,1,10,13,0,1,132.7,18,0,0,still
1496,115,0,-1,22,1,1,14,8,0,1,142.1,15,0,1,start
1496,130,1,150,19,1,1,6,13,0,0,129.5,17,0,0,still
1496,161,1,30,26,1,1,9,17,0,2,152.6,19,1,0,still
1497,154,1,270,19,1,1,15,4,0,1,167.3,17,0,0,still
1497,159,1,120,9,1,1,7,2,0,0,138.4,12,1,0,still
1500,12,1,180,21,1,1,9,12,0,0,125.7,18,0,0,still
1500,40,1,210,19,1,1,12,7,0,0,137.3,15,0,0,still
1500,76,1,150,24,1,1,10,14,0,0,140.0,19,0,0,still
1500,133,0,-1,16,0,0,0,16,0,2,107.6,13,0,0,nohop_nohold
1500,144,0,-1,9,0,0,0,9,0,1,136.7,5,0,0,nohop_nohold
1501,133,0,-1,16,0,0,0,16,0,2,107.5,13,0,0,hop
1501,144,0,-1,9,0,0,0,9,0,1,136.9,5,0,0,hop
1503,13,1,270,21,1,1,9,12,0,0,123.9,19,0,0,still
1503,189,1,180,17,1,1,13,4,0,1,140.5,14,1,0,still
1504,141,1,120,22,1,1,9,13,0,0,133.7,18,0,0,still
1504,188,1,240,17,1,1,13,4,0,2,149.3,15,0,0,still
1505,1,1,120,17,1,1,13,4,0,0,162.2,18,0,0,still
1505,6,1,210,22,1,1,12,10,0,0,137.8,15,0,0,still
1505,35,1,120,17,1,1,12,5,0,0,154.9,18,0,0,still
1505,67,0,-1,14,0,0,0,14,0,0,94.3,14,0,0,hop
1505,126,1,180,26,1,1,8,18,0,3,150.8,18,0,0,still
1505,166,0,-1,25,1,1,4,21,0,2,145.4,20,0,1,start
1506,4,1,90,21,1,1,15,6,0,0,147.5,16,1,1,still
1506,113,1,150,16,1,1,12,4,0,2,144.4,16,0,0,still
1507,146,1,180,21,1,1,15,6,0,1,145.0,15,0,1,still
1507,170,1,240,21,1,1,8,13,0,0,134.5,18,0,0,still
1508,117,1,240,26,1,1,12,14,0,1,143.7,19,0,0,still
1508,132,0,-1,23,0,0,0,23,0,0,124.7,21,0,0,nohop_nohold
1508,195,1,210,18,1,1,14,4,0,2,161.3,17,0,0,still
1509,7,1,210,22,1,1,13,9,0,0,136.9,17,0,0,still
1509,8,1,150,23,1,1,13,10,0,0,135.3,18,0,0,still
1509,21,1,150,23,1,1,3,20,0,0,141.4,21,0,1,still
1509,114,1,30,17,1,1,13,4,0,0,132.4,16,1,0,still
1509,132,0,-1,23,0,0,0,23,0,0,124.7,21,0,0,hop
1510,142,1,150,24,1,1,9,15,0,2,143.9,17,0,0,still
1511,119,1,120,24,1,1,12,12,0,2,137.1,21,0,0,still
1511,128,1,270,25,1,1,3,22,0,4,145.9,20,0,0,still
1512,10,1,300,23,1,1,10,13,0,0,136.0,21,0,0,end_cap
1512,72,1,120,12,1,1,10,2,0,0,146.1,15,0,0,still
1512,86,1,180,26,1,1,0,26,0,0,142.7,18,0,0,still
1512,157,1,120,17,1,1,14,3,0,0,169.6,17,1,0,still
1513,5,1,60,21,1,1,12,9,0,0,140.0,16,0,1,still
1513,47,1,270,20,1,1,9,11,0,0,118.2,18,0,0,still
1514,3,1,150,17,1,1,12,5,0,0,142.4,15,1,1,still
1514,79,1,150,20,1,1,7,13,0,1,135.0,18,0,0,still
1515,111,0,-1,2,0,0,0,2,0,0,53.5,2,0,0,nohop_nohold
1515,171,1,210,28,1,1,2,26,0,4,147.6,15,1,0,still
1516,111,0,-1,2,0,0,0,2,0,0,53.5,2,0,0,hop
1516,123,1,90,11,1,1,9,2,0,0,137.9,14,1,0,still
1516,183,1,300,23,1,1,11,12,0,2,130.9,19,1,0,end_cap
1518,110,0,-1,10,0,0,0,10,0,0,77.6,10,0,0,nohop_nohold
1518,118,1,180,26,1,1,11,15,0,0,140.4,18,1,0,still
1518,199,1,240,13,1,1,11,2,0,1,150.1,17,1,0,still
1519,110,0,-1,10,0,0,0,10,0,0,77.6,10,0,0,hop
1519,145,1,180,15,1,1,10,5,0,1,131.4,14,1,0,still
1520,19,1,300,23,1,1,5,18,0,0,131.7,19,0,0,end_cap
1520,58,1,240,24,1,1,1,23,0,0,140.0,16,0,0,still
1520,68,1,150,16,1,1,13,3,0,0,167.0,15,0,1,still
1520,158,1,210,13,1,1,11,2,0,1,150.6,17,1,0,still
1521,172,1,300,32,1,1,2,30,0,4,153.3,18,1,0,end_cap
1522,169,0,-1,19,1,1,8,11,0,0,118.3,19,0,0,start
1523,9,1,300,24,1,1,12,12,0,0,139.7,18,0,0,end_cap
1523,17,1,150,24,1,1,7,17,0,0,135.2,19,0,1,still
1523,127,1,300,25,1,1,9,16,0,3,138.4,20,0,0,end_cap
1525,57,1,60,24,1,1,3,21,0,0,146.1,20,0,0,still
1526,11,1,270,23,1,1,10,13,0,1,133.7,18,0,0,still
1526,115,1,30,22,1,1,13,9,0,1,141.7,15,0,1,still
1526,130,1,180,18,1,1,3,15,0,0,134.5,17,0,0,still
1526,161,1,60,25,1,1,7,18,0,2,151.7,19,1,0,still
1527,154,1,300,17,1,1,12,5,0,1,164.4,17,0,0,end_cap
1527,159,1,150,9,1,1,7,2,0,0,137.7,12,1,0,still
1527,179,0,-1,0,0,0,0,0,0,0,0.0,0,0,0,nohop_nohold
1528,179,0,-1,0,0,0,0,0,0,0,0.0,0,0,0,hop
1530,12,1,210,21,1,1,9,12,0,0,123.9,18,0,0,still
1530,40,1,240,19,1,1,11,8,0,0,137.2,15,0,0,still
1530,76,1,180,22,1,1,6,16,0,0,140.9,20,0,0,still
1533,13,1,300,21,1,1,8,13,0,0,124.2,19,0,0,end_cap
1533,168,0,-1,28,1,1,4,24,0,5,150.9,18,0,0,start
1533,189,1,210,16,1,1,10,6,0,1,138.2,14,1,0,still
1534,141,1,150,21,1,1,6,15,0,0,137.1,19,0,0,still
1534,188,1,270,16,1,1,10,6,0,2,148.6,15,0,0,still
1535,1,1,150,16,1,1,11,5,0,0,163.2,18,0,0,still
1535,6,1,240,22,1,1,10,12,0,0,137.8,15,0,0,still
1535,35,1,150,16,1,1,9,7,0,0,155.0,18,0,0,still
1535,126,1,210,26,1,1,8,18,0,3,145.0,19,0,0,still
1535,166,1,30,28,1,1,7,21,0,2,148.2,20,0,1,still
1536,4,1,120,20,1,1,11,9,0,0,144.3,16,1,1,still
1536,56,0,-1,24,1,1,6,18,0,0,142.1,21,0,0,start
1536,113,1,180,15,1,1,9,6,0,2,143.6,16,0,0,still
1537,146,1,210,20,1,1,11,9,0,0,141.1,15,0,1,still
1537,170,1,270,21,1,1,7,14,0,0,141.4,18,0,0,still
1538,117,1,270,26,1,1,10,16,0,1,140.5,19,0,0,still
1538,195,1,240,17,1,1,11,6,0,2,161.9,17,0,0,still
1539,7,1,240,22,1,1,11,11,0,0,136.8,16,0,0,still
1539,8,1,180,24,1,1,11,13,0,0,138.1,17,0,0,still
1539,21,1,180,26,1,1,7,19,0,0,144.4,21,0,1,still
1539,114,1,60,17,1,1,10,7,0,0,133.3,16,1,0,still
1540,88,0,-1,24,0,0,0,24,0,0,112.6,21,0,0,nohop_nohold
1540,109,0,-1,13,0,0,0,13,0,0,97.3,12,0,1,nohop_nohold
1540,142,1,180,23,1,1,8,15,0,2,145.6,17,0,0,still
1541,88,0,-1,24,0,0,0,24,0,0,112.5,21,0,0,hop
1541,109,0,-1,13,0,0,0,13,0,0,97.0,12,0,1,hop
1541,119,1,150,25,1,1,10,15,0,2,138.4,21,0,0,still
1541,128,1,300,28,1,1,7,21,0,4,149.4,20,0,0,end_cap
1542,72,1,150,13,1,1,10,3,0,0,150.7,15,0,0,still
1542,86,1,210,26,0,0,0,26,0,0,141.2,18,0,0,end_pass
1542,157,1,150,17,1,1,13,4,0,0,170.1,17,0,0,still
1543,5,1,90,21,1,1,11,10,0,0,140.2,16,0,1,still
1543,47,1,300,21,1,1,8,13,0,0,124.3,18,0,0,end_cap
1543,49,0,-1,23,1,1,7,16,0,0,148.0,20,0,0,start
1544,3,1,180,17,1,1,10,7,0,0,142.8,15,1,1,still
1544,79,1,180,21,1,1,7,14,0,1,132.7,18,1,0,still
1544,135,0,-1,30,0,0,1,29,0,4,137.8,21,0,0,hop
1545,16,0,-1,22,1,1,8,14,0,0,148.3,19,0,0,start
1545,23,0,-1,26,1,1,1,25,0,0,146.0,17,0,0,start
1545,171,1,240,29,0,0,1,28,0,4,149.2,15,0,0,end_pass
1546,123,1,120,12,1,1,9,3,0,0,142.2,14,1,0,still
1547,29,0,-1,27,0,0,0,27,0,1,115.5,20,0,0,hop
1548,118,1,210,26,1,1,11,15,0,0,141.0,17,1,0,still
1548,199,1,270,14,1,1,11,3,0,1,154.1,17,1,0,still
1549,145,1,210,15,1,1,9,6,0,1,131.7,14,1,0,still
1550,58,1,270,24,0,0,0,24,0,0,138.9,16,0,0,end_pass
1550,68,1,180,16,1,1,12,4,0,0,167.7,15,0,1,still
1550,158,1,240,14,1,1,11,3,0,1,154.3,17,1,0,still
1552,169,1,30,19,1,1,9,10,0,0,117.7,20,0,0,still
1553,17,1,180,25,1,1,6,19,0,0,141.0,19,0,1,still
1553,103,0,-1,4,0,0,0,4,0,0,96.1,4,0,0,hop
1555,57,1,90,24,1,1,2,22,0,0,146.4,20,0,0,still
1556,11,1,300,23,1,1,10,13,0,1,131.7,18,0,0,end_cap
1556,115,1,60,22,1,1,11,11,0,1,142.1,15,0,1,still
1556,130,1,210,19,1,1,7,12,0,0,137.0,17,0,0,still
1556,161,1,90,26,1,1,10,16,0,2,154.4,19,1,0,still
1557,159,1,180,9,1,1,6,3,0,0,137.6,12,1,0,still
1560,12,1,240,21,1,1,9,12,0,0,120.6,17,0,0,still
1560,40,1,270,19,1,1,8,11,0,0,138.2,15,0,0,still
1560,76,1,210,24,1,1,10,14,0,0,144.9,20,0,0,still
1560,87,0,-1,26,0,0,0,26,0,1,126.2,22,0,0,nohop_nohold
1560,181,0,-1,25,0,0,0,25,0,3,128.2,18,0,0,hop
1561,87,0,-1,26,0,0,0,26,0,1,126.4,22,0,0,hop
1561,101,0,-1,6,0,0,0,6,0,0,127.7,5,0,0,nohop_nohold
1562,34,0,-1,6,0,0,0,6,0,1,106.9,4,0,0,nohop_nohold
1562,85,0,-1,23,0,0,1,22,0,1,138.8,17,0,0,hop
1562,101,0,-1,6,0,0,0,6,0,0,127.8,5,0,0,hop
1562,177,0,-1,29,0,0,0,29,0,4,120.2,20,0,0,nohop_nohold
1563,34,0,-1,6,0,0,0,6,0,0,105.9,5,0,0,hop
1563,75,0,-1,2,0,0,0,2,0,0,58.2,2,0,0,hop
1563,168,1,30,29,1,1,3,26,0,5,153.5,18,0,0,still
1563,177,0,-1,29,0,0,0,29,0,4,120.2,20,0,0,hop
1563,189,1,240,16,1,1,9,7,0,1,139.0,14,1,0,still
1564,141,1,180,21,1,1,8,13,0,0,136.2,19,0,0,still
1564,188,1,300,16,1,1,9,7,0,2,149.6,15,0,0,end_cap
1565,1,1,180,16,1,1,10,6,0,0,164.6,18,0,0,still
1565,6,1,270,22,1,1,8,14,0,0,138.0,15,0,0,still
1565,35,1,180,16,1,1,8,8,0,0,155.9,18,0,0,still
1565,126,1,240,26,1,1,8,18,0,3,146.5,19,1,0,still
1565,166,1,60,28,1,1,5,23,0,2,149.1,20,0,1,still
1566,4,1,150,20,1,1,9,11,0,0,144.6,16,1,1,still
1566,56,1,30,24,1,1,3,21,0,0,143.0,21,0,0,still
1566,113,1,210,16,1,1,9,7,0,2,149.1,16,1,0,still
1567,146,1,240,20,1,1,9,11,0,0,141.4,15,0,1,still
1567,170,1,300,20,1,1,8,12,0,0,137.8,18,0,0,end_cap
1568,117,1,300,26,1,1,9,17,0,1,139.1,19,0,0,end_cap
1568,195,1,270,17,1,1,10,7,0,2,163.7,17,0,0,still
1569,7,1,270,22,1,1,7,15,0,0,136.9,16,0,0,still
1569,8,1,210,24,1,1,8,16,0,0,137.7,17,0,0,still
1569,21,1,210,26,1,1,4,22,0,0,145.6,21,0,1,still
1569,114,1,90,16,1,1,8,8,0,0,127.6,16,1,0,still
1570,142,1,210,22,1,1,8,14,0,1,142.7,18,0,0,still
1571,89,0,-1,25,0,0,0,25,0,0,109.7,22,0,0,hop
1571,119,1,180,24,1,1,7,17,0,1,133.9,21,0,0,still
1572,72,1,180,9,1,1,5,4,0,0,133.0,15,0,0,still
1572,157,1,180,12,1,1,7,5,0,0,175.3,17,1,0,still
1573,5,1,120,18,1,1,5,13,0,0,150.4,16,1,1,still
1573,49,1,30,21,1,1,6,15,0,0,142.4,20,0,0,still
1574,3,1,210,13,1,1,5,8,0,0,182.3,15,1,1,still
1574,79,1,210,19,1,1,5,14,0,1,125.3,18,1,0,still
1575,16,1,30,19,1,1,5,14,0,0,137.0,19,0,0,still
1575,23,1,30,25,0,0,0,25,0,0,142.7,17,0,0,end_pass
1576,123,1,150,11,1,1,7,4,0,0,144.7,14,1,0,still
1577,31,0,-1,26,0,0,0,26,0,0,120.0,22,0,0,nohop_nohold
1578,31,0,-1,26,0,0,0,26,0,0,119.9,22,0,0,hop
1578,118,1,240,26,1,1,9,17,0,0,140.4,17,0,0,still
1578,199,1,300,11,1,1,7,4,0,1,145.3,17,1,0,end_cap
1579,145,1,240,12,1,1,5,7,0,1,176.7,14,1,0,still
1580,68,1,210,12,1,1,7,5,0,0,171.4,15,0,0,still
1580,158,1,270,12,1,1,8,4,0,1,149.0,17,0,0,still
1582,169,1,60,18,1,1,7,11,0,0,111.5,20,0,0,still
1583,17,1,210,23,1,1,3,20,0,0,135.0,19,0,1,still
1585,57,1,120,23,1,1,0,23,0,0,142.1,19,0,0,still
1586,115,1,90,16,1,1,4,12,0,0,139.8,15,0,1,still
1586,130,1,240,18,1,1,6,12,0,0,134.0,17,0,0,still
1586,161,1,120,24,1,1,7,17,0,2,149.7,19,1,0,still
1587,159,1,210,12,1,1,8,4,0,0,147.7,12,1,0,still
1589,28,0,-1,28,0,0,0,28,0,0,115.0,22,0,0,nohop_nohold
1590,12,1,270,20,1,1,7,13,0,0,122.6,19,0,0,still
1590,28,0,-1,28,0,0,0,28,0,0,115.0,22,0,0,hop
1590,40,1,300,15,1,1,4,11,0,0,138.7,15,1,0,end_cap
1590,76,1,240,23,1,1,8,15,0,0,142.6,20,0,0,still
1593,168,1,60,28,0,0,2,26,0,5,151.2,17,1,0,end_pass
1593,189,1,270,15,1,1,7,8,0,1,161.7,14,0,0,still
1594,141,1,210,20,1,1,7,13,0,0,132.9,19,0,0,still
1595,1,1,210,14,1,1,7,7,0,0,175.0,18,0,0,still
1595,6,1,300,19,1,1,5,14,0,0,135.4,15,0,0,end_cap
1595,35,1,210,15,1,1,6,9,0,0,178.0,18,0,0,still
1595,126,1,270,25,1,1,5,20,0,3,143.8,19,1,0,still
1595,166,1,90,28,1,1,3,25,0,2,149.0,20,1,1,still
1596,4,1,180,19,1,1,6,13,0,0,153.7,15,1,1,still
1596,56,1,60,23,1,1,1,22,0,0,138.7,20,0,0,still
1596,113,1,240,16,1,1,7,9,0,2,166.5,16,1,0,still
1597,146,1,270,20,1,1,7,13,0,1,142.9,14,0,1,still
1598,195,1,300,17,1,1,8,9,0,2,173.7,17,0,0,end_cap
1599,7,1,300,24,1,1,8,16,0,0,143.8,16,0,0,end_cap
1599,8,1,240,25,1,1,9,16,0,0,141.3,17,0,0,still
1599,21,1,240,25,1,1,2,23,0,0,141.5,21,0,0,still
1599,114,1,120,16,1,1,6,10,0,0,131.2,14,0,0,still
1599,186,0,-1,20,0,0,0,20,0,3,119.5,15,0,0,hop
1600,142,1,240,21,1,1,7,14,0,2,138.9,17,0,0,still
1601,62,0,-1,27,0,0,0,27,0,0,114.1,22,0,0,nohop_nohold
1601,84,0,-1,23,0,0,0,23,0,0,143.3,18,0,0,hop
1601,119,1,210,27,1,1,9,18,0,2,144.8,21,0,0,still
1602,62,0,-1,27,0,0,0,27,0,0,114.1,22,0,0,hop
1602,72,1,210,14,1,1,8,6,0,0,158.5,15,0,0,still
1602,157,1,210,18,1,1,9,9,0,0,178.2,17,0,0,still
1603,5,1,150,21,1,1,6,15,0,0,137.7,15,1,1,still
1603,49,1,60,20,1,1,5,15,0,0,137.9,20,0,0,still
1604,3,1,240,18,1,1,7,11,0,0,152.9,15,1,1,still
1604,79,1,240,20,1,1,4,16,0,1,130.3,18,1,0,still
1605,16,1,60,19,1,1,4,15,0,0,137.7,19,0,0,still
1606,123,1,180,13,1,1,7,6,0,0,148.0,14,0,0,still
1607,194,0,-1,24,1,1,7,17,0,3,135.4,19,0,0,start
1608,118,1,270,25,1,1,9,16,0,0,140.9,17,0,0,still
1609,145,1,270,14,1,1,4,10,0,1,136.4,14,1,0,still
1610,68,1,240,15,1,1,6,9,0,0,175.8,16,0,1,still
1610,158,1,300,11,1,1,5,6,0,1,142.8,17,1,0,end_cap
1611,33,0,-1,12,0,0,0,12,0,0,102.5,10,0,1,nohop_nohold
1612,33,0,-1,12,0,0,0,12,0,0,102.4,10,0,1,hop
1612,169,1,90,18,1,1,7,11,0,0,111.8,20,0,0,still
1613,17,1,240,22,1,1,1,21,0,0,148.4,19,0,1,still
1613,54,0,-1,22,1,1,1,21,0,0,140.5,20,0,0,start
1613,153,0,-1,15,1,1,6,9,0,2,170.5,17,0,0,start
1615,57,1,150,24,0,0,0,24,0,0,146.3,19,0,0,end_pass
1615,110,0,-1,10,0,0,0,10,0,0,85.7,10,0,0,nohop_nohold
1616,110,0,-1,10,0,0,0,10,0,0,85.6,10,0,0,hop
1616,115,1,120,20,1,1,6,14,0,0,139.5,14,0,1,still
1616,130,1,270,18,1,1,6,12,0,0,132.5,17,1,0,still
1616,161,1,150,22,1,1,6,16,0,0,139.0,19,1,0,still
1617,159,1,240,13,1,1,8,5,0,0,153.8,12,1,0,still
1618,90,0,-1,24,0,0,0,24,0,0,117.4,22,0,0,hop
1618,91,0,-1,25,0,0,0,25,0,0,110.8,23,0,0,nohop_nohold
1619,91,0,-1,25,0,0,0,25,0,0,110.7,23,0,0,hop
1620,12,1,300,20,1,1,7,13,0,0,128.6,19,1,0,end_cap
1620,76,1,270,22,1,1,8,14,0,0,144.4,20,0,0,still
1620,108,0,-1,16,0,0,0,16,0,1,103.7,13,0,0,nohop_nohold
1621,108,0,-1,16,0,0,0,16,0,1,103.7,13,0,0,hop
1622,165,0,-1,24,1,1,3,21,0,2,134.3,20,0,0,start
1623,9,0,-1,22,1,1,6,16,0,0,133.3,18,0,0,start
1623,189,1,300,16,1,1,5,11,0,1,148.3,14,1,0,end_cap
1624,141,1,240,19,1,1,8,11,0,0,133.7,19,0,0,still
1625,1,1,240,18,1,1,9,9,0,0,173.1,18,0,0,still
1625,35,1,240,19,1,1,9,10,0,0,173.0,18,0,0,still
1625,126,1,300,26,1,1,7,19,0,3,145.6,19,1,0,end_cap
1625,166,1,120,28,1,1,3,25,0,2,149.0,20,1,1,still
1626,4,1,210,20,1,1,7,13,0,0,146.5,15,1,1,still
1626,44,0,-1,21,1,1,6,15,0,0,132.0,19,0,0,start
1626,56,1,90,23,0,0,0,23,0,0,138.6,20,0,0,end_pass
1626,113,1,270,17,1,1,8,9,0,2,160.9,16,0,0,still
1627,146,1,300,19,1,1,7,12,0,0,137.7,14,0,1,end_cap
1629,8,1,270,23,1,1,9,14,0,0,134.6,17,0,0,still
1629,21,1,270,25,1,1,0,25,0,0,141.2,21,0,1,still
1629,114,1,150,16,1,1,7,9,0,0,131.2,14,0,0,still
1630,142,1,270,21,1,1,6,15,0,1,138.8,18,0,0,still
1631,119,1,240,24,1,1,8,16,0,1,137.9,21,0,0,still
1632,72,1,240,15,1,1,8,7,0,0,159.3,15,0,0,still
1632,157,1,240,19,1,1,9,10,0,0,177.2,17,0,0,still
1633,5,1,180,21,1,1,8,13,0,0,138.4,15,1,1,still
1633,49,1,90,22,1,1,6,16,0,0,140.4,20,1,0,still
1634,3,1,270,18,1,1,8,10,0,0,151.7,15,1,1,still
1634,26,0,-1,28,0,0,0,28,0,0,118.8,22,0,0,nohop_nohold
1634,79,1,270,20,1,1,4,16,0,1,129.9,18,0,0,still
1635,16,1,90,22,1,1,5,17,0,0,145.5,19,0,0,still
1635,26,0,-1,28,0,0,0,28,0,0,118.7,22,0,0,hop
1636,123,1,210,16,1,1,9,7,0,0,162.1,14,0,0,still
1637,194,1,30,23,1,1,7,16,0,3,135.5,19,0,0,still
1638,118,1,300,25,1,1,9,16,0,0,140.8,17,0,0,end_cap
1639,145,1,300,17,1,1,6,11,0,1,149.2,14,0,0,end_cap
1640,68,1,270,18,1,1,7,11,0,0,175.6,16,0,1,still
1642,32,0,-1,16,0,0,0,16,0,2,111.9,12,0,1,nohop_nohold
1642,169,1,120,18,1,1,7,11,0,0,128.2,20,0,0,still
1643,14,0,-1,17,1,1,7,10,0,0,121.9,20,0,0,start
1643,17,1,270,22,1,1,2,20,0,0,134.2,19,0,1,still
1643,32,0,-1,16,0,0,0,16,0,2,111.8,12,0,1,hop
1643,54,1,30,24,1,1,1,23,0,0,136.2,20,1,0,still
1643,66,0,-1,17,0,0,0,17,0,0,111.6,14,0,1,hop
1643,153,1,30,17,1,1,6,11,0,1,167.5,17,0,0,still
1645,103,0,-1,4,0,0,0,4,0,0,75.3,4,0,0,nohop_nohold
1645,152,0,-1,3,0,0,0,3,0,0,63.3,3,0,0,nohop_nohold
1646,103,0,-1,4,0,0,0,4,0,0,75.3,4,0,0,hop
1646,115,1,150,21,1,1,8,13,0,0,137.9,14,0,1,still
1646,130,1,300,16,1,1,3,13,0,0,146.3,17,1,0,end_cap
1646,152,0,-1,3,0,0,0,3,0,0,63.5,3,0,0,hop
1646,161,1,180,20,1,1,3,17,0,0,148.4,19,1,0,still
1646,172,0,-1,32,0,1,0,32,0,5,150.3,19,0,0,start
1647,159,1,270,11,1,1,6,5,0,0,147.2,12,1,0,still
1649,77,0,-1,22,1,1,4,18,0,1,150.9,19,0,0,start
1650,76,1,300,21,1,1,7,14,0,0,146.6,20,0,0,end_cap
1650,132,0,-1,22,0,0,0,22,0,0,118.9,20,0,0,nohop_nohold
1651,132,0,-1,21,0,0,0,21,0,0,113.3,20,0,0,hop
1652,165,1,30,23,1,1,2,21,0,2,133.9,19,1,0,still
1653,9,1,30,24,1,1,9,15,0,0,138.6,18,1,0,still
1653,50,0,-1,18,1,1,2,16,0,0,145.4,19,0,0,start
1654,141,1,270,18,1,1,6,12,0,0,136.4,19,0,0,still
1655,1,1,270,16,1,1,5,11,0,0,170.4,18,0,0,still
1655,35,1,270,16,1,1,5,11,0,0,171.9,18,0,0,still
1655,86,0,-1,26,1,1,0,26,0,0,140.1,19,0,0,start
1655,166,1,150,27,1,1,2,25,0,1,146.3,20,1,1,still
1656,4,1,240,18,1,1,6,12,0,0,160.1,15,1,1,still
1656,34,0,-1,6,0,0,0,6,0,1,84.7,4,0,0,hop
1656,44,1,30,22,1,1,8,14,0,0,129.1,19,0,0,still
1656,113,1,300,16,1,1,4,12,0,2,169.2,16,0,0,end_cap
1659,8,1,300,24,1,1,8,16,0,0,139.3,17,1,0,end_cap
1659,15,0,-1,18,1,1,6,12,0,0,139.8,18,0,0,start
1659,21,1,300,25,1,1,2,23,0,0,141.3,21,0,1,end_cap
1659,114,1,180,14,1,1,4,10,0,0,143.2,14,0,0,still
1660,142,1,300,20,1,1,6,14,0,2,142.2,17,0,0,end_cap
1661,119,1,270,26,1,1,10,16,0,2,139.5,21,0,0,still
1662,72,1,270,14,1,1,5,9,0,0,157.0,15,0,0,still
1662,157,1,270,19,1,1,6,13,0,0,177.2,17,1,0,still
1663,5,1,210,22,1,1,7,15,0,0,142.7,14,1,1,still
1663,49,1,120,20,1,1,4,16,0,0,142.8,20,0,0,still
1663,179,0,-1,0,0,0,0,0,0,0,0.0,0,0,0,hop
1664,3,1,300,18,1,1,5,13,0,0,151.3,15,1,1,end_cap
1664,67,0,-1,16,0,0,0,16,0,0,115.4,13,0,2,hop
1664,79,1,300,19,1,1,3,16,0,1,126.1,18,1,0,end_cap
1664,85,0,-1,22,1,1,2,20,0,0,135.2,18,0,0,start
1665,16,1,120,21,1,1,3,18,0,0,143.5,19,1,0,still
1665,89,0,-1,26,0,0,0,26,0,0,113.6,21,0,0,hop
1666,123,1,240,18,1,1,8,10,0,0,162.4,14,1,0,still
1667,97,0,-1,1,0,0,0,1,0,0,62.0,2,0,0,hop
1667,194,1,60,23,1,1,8,15,0,2,127.4,19,0,0,still
1670,68,1,300,21,1,1,7,14,0,0,159.0,16,0,1,end_cap
1672,169,1,150,19,1,1,7,12,0,0,121.5,20,0,0,still
1673,14,1,30,18,1,1,7,11,0,0,113.3,19,0,0,still
1673,17,1,300,23,1,1,3,20,0,0,132.4,19,0,1,end_cap
1673,54,1,60,24,1,1,3,21,0,0,135.8,20,0,0,still
1673,153,1,60,20,1,1,6,14,0,1,149.1,17,0,0,still
1674,58,0,-1,25,1,1,1,24,0,0,142.8,16,0,0,start
1676,115,1,180,23,1,1,7,16,0,1,143.3,14,0,1,still
1676,161,1,210,24,1,1,7,17,0,2,144.8,19,1,0,still
1676,172,1,30,31,0,1,2,29,0,4,146.4,19,0,0,still
1677,159,1,300,12,1,1,4,8,0,0,151.6,12,1,0,end_cap
1679,77,1,30,24,1,1,7,17,0,1,144.0,19,0,0,still
1680,83,0,-1,22,1,1,4,18,0,0,136.2,18,0,0,start
1682,165,1,60,24,1,1,6,18,0,2,133.6,19,1,0,still
1683,9,1,60,23,1,1,8,15,0,0,138.6,18,0,0,still
1683,50,1,30,21,1,1,5,16,0,0,138.8,19,0,0,still
1684,10,0,-1,24,1,1,10,14,0,0,137.8,21,0,0,start
1684,88,0,-1,25,0,0,0,25,0,0,113.9,21,0,0,nohop_nohold
1684,141,1,300,21,1,1,7,14,0,0,129.3,19,0,0,end_cap
1685,1,1,300,21,1,1,7,14,0,0,153.5,18,0,0,end_cap
1685,35,1,300,21,1,1,7,14,0,0,153.2,18,0,0,end_cap
1685,86,1,30,26,1,1,0,26,0,0,139.2,19,0,0,still
1685,88,0,-1,25,0,0,0,25,0,0,113.9,21,0,0,hop
1685,166,1,180,28,1,1,6,22,0,1,148.6,21,1,1,still
1686,4,1,270,20,1,1,8,12,0,0,146.9,15,0,1,still
1686,44,1,60,23,1,1,8,15,0,0,132.6,19,1,0,still
1689,15,1,30,21,1,1,6,15,0,0,131.6,18,0,0,still
1689,114,1,210,18,1,1,7,11,0,2,135.8,14,0,0,still
1690,111,0,-1,1,0,0,0,1,0,0,115.4,1,0,0,nohop_nohold
1691,111,0,-1,1,0,0,0,1,0,0,114.7,1,0,0,hop
1691,119,1,300,24,1,1,9,15,0,1,143.8,21,0,0,end_cap
1692,72,1,300,16,1,1,3,13,0,0,150.4,15,0,0,end_cap
1692,127,0,-1,24,1,1,5,19,0,4,136.6,19,0,0,start
1692,157,1,300,21,1,1,4,17,0,0,158.3,17,1,0,end_cap
1693,5,1,240,21,1,1,5,16,0,0,150.5,14,0,1,still
1693,49,1,150,21,1,1,7,14,0,0,136.5,20,0,0,still
1694,85,1,30,22,1,1,3,19,0,0,136.0,18,0,0,still
1695,16,1,150,20,1,1,5,15,0,0,136.9,19,0,0,still
1696,47,0,-1,20,1,1,6,14,0,0,124.5,19,0,0,start
1696,123,1,270,19,1,1,4,15,0,0,164.4,14,0,0,still
1697,194,1,90,21,1,1,7,14,0,1,134.2,20,0,0,still
1699,40,0,-1,18,1,1,5,13,0,0,141.7,15,0,0,start
1701,195,0,-1,22,1,1,8,14,0,2,155.2,17,0,0,start
1702,169,1,180,19,1,1,5,14,0,0,119.9,20,0,0,still
1703,14,1,60,19,1,1,5,14,0,1,122.6,18,1,0,still
1703,54,1,90,24,1,1,5,19,0,0,135.6,20,0,0,still
1703,153,1,90,21,1,1,7,14,0,2,152.3,17,0,0,still
1704,58,1,30,26,1,1,1,25,0,0,146.8,16,0,0,still
1705,75,0,-1,2,0,0,0,2,0,0,94.5,2,0,0,hop
1705,181,0,-1,25,0,0,0,25,0,4,127.0,18,0,1,hop
1705,199,0,-1,20,1,1,6,14,0,1,160.0,17,0,0,start
1706,115,1,210,21,1,1,7,14,0,1,146.8,14,0,1,still
1706,161,1,240,23,1,1,8,15,0,1,147.9,20,1,0,still
1706,172,1,60,31,0,1,2,29,0,4,146.3,19,0,0,still
1709,77,1,60,23,1,1,8,15,0,1,147.5,19,0,0,still
1710,83,1,30,22,1,1,4,18,0,0,136.2,18,1,0,still
1711,154,0,-1,22,1,1,8,14,0,1,159.4,17,0,0,start
1712,165,1,90,22,1,1,4,18,0,2,136.7,19,1,0,still
1713,9,1,90,20,1,1,5,15,0,0,139.4,18,0,0,still
1713,50,1,60,18,1,1,3,15,0,0,144.3,19,1,0,still
1714,10,1,30,19,1,1,4,15,0,0,133.5,21,0,0,still
1714,101,0,-1,6,0,0,0,6,0,0,139.8,5,0,0,nohop_nohold
1715,86,1,60,25,1,1,0,25,0,0,135.7,18,0,0,still
1715,101,0,-1,6,0,0,0,6,0,0,140.1,5,0,0,hop
1715,109,0,-1,12,0,0,0,12,0,0,98.9,11,0,0,nohop_nohold
1715,166,1,210,26,1,1,4,22,0,0,146.8,21,1,1,still
1716,4,1,300,16,1,1,5,11,0,0,147.0,15,0,0,end_cap
1716,11,0,-1,19,1,1,4,15,0,1,136.9,19,0,0,start
1716,44,1,90,18,1,1,4,14,0,0,128.0,19,1,0,still
1716,109,0,-1,12,0,0,0,12,0,0,99.8,11,0,0,hop
1719,15,1,60,16,1,1,2,14,0,0,139.7,18,1,0,still
1719,114,1,240,16,1,1,5,11,0,2,142.0,14,1,0,still
1720,168,0,-1,26,1,1,4,22,0,3,145.8,18,0,0,start
1720,188,0,-1,18,1,1,4,14,0,2,148.3,16,0,0,start
1722,127,1,30,21,1,1,4,17,0,3,138.3,19,1,0,still
1723,5,1,270,18,1,1,5,13,0,0,158.6,15,0,1,still
1723,49,1,180,17,1,1,2,15,0,0,144.4,20,1,0,still
1723,99,0,-1,8,0,0,0,8,0,0,119.8,6,0,0,nohop_nohold
1724,85,1,60,22,1,1,3,19,0,0,135.4,18,0,0,still
1724,99,0,-1,8,0,0,0,8,0,0,120.2,6,0,0,hop
1724,177,0,-1,30,0,0,0,30,0,3,125.2,22,0,1,hop
1725,16,1,180,17,1,1,3,14,0,0,140.0,19,1,0,still
1726,47,1,30,15,1,1,1,14,0,0,128.5,20,1,0,still
1726,123,1,300,18,1,1,6,12,0,0,160.2,14,1,0,end_cap
1727,194,1,120,15,1,1,2,13,0,0,129.6,20,1,0,still
1728,189,0,-1,17,1,1,4,13,0,2,145.4,14,0,0,start
1729,29,0,-1,27,0,0,0,27,0,1,118.7,20,0,1,nohop_nohold
1729,40,1,30,13,1,1,1,12,0,0,149.2,15,0,0,still
1730,29,0,-1,27,0,0,0,27,0,1,118.7,20,0,1,hop
1731,195,1,30,19,1,1,6,13,0,2,150.0,17,0,0,still
1732,169,1,210,14,1,1,1,13,0,0,125.4,19,1,0,still
1733,14,1,90,15,1,1,1,14,0,1,130.4,18,1,0,still
1733,54,1,120,23,1,1,5,18,0,0,137.4,20,1,0,still
1733,153,1,120,18,1,1,5,13,0,2,146.5,17,0,0,still
1734,31,0,-1,26,0,0,0,26,0,0,120.6,21,0,1,hop
1734,58,1,60,22,1,1,2,20,0,0,135.1,16,0,0,still
1735,57,0,-1,22,1,1,4,18,0,0,137.8,19,0,0,start
1735,199,1,30,18,1,1,7,11,0,1,154.2,17,0,0,still
1736,115,1,240,17,1,1,3,14,0,2,159.8,14,0,1,still
1736,161,1,270,19,1,1,4,15,0,1,151.5,20,1,0,still
1736,172,1,90,28,0,0,2,26,0,3,143.1,18,0,0,end_pass
1739,65,0,-1,25,0,0,0,25,0,1,129.1,20,0,1,nohop_nohold
1739,77,1,90,18,1,1,5,13,0,0,142.2,19,0,0,still
1740,28,0,-1,27,0,0,0,27,0,0,117.3,21,0,1,nohop_nohold
1740,65,0,-1,25,0,0,0,25,0,1,129.1,20,0,1,hop
1740,83,1,60,22,1,1,5,17,0,0,137.2,18,1,0,still
1741,28,0,-1,27,0,0,0,27,0,0,117.1,21,0,1,hop
1741,154,1,30,20,1,1,7,13,0,1,153.2,17,0,0,still
1742,19,0,-1,23,1,1,5,18,0,0,139.2,19,0,0,start
1742,165,1,120,22,1,1,5,17,0,2,137.8,19,1,0,still
1743,9,1,120,16,1,1,2,14,0,0,147.1,18,1,0,still
1743,50,1,90,17,1,1,5,12,0,0,141.5,19,1,0,still
1744,10,1,60,16,1,1,2,14,0,0,139.6,21,1,0,still
1745,86,1,90,24,0,0,0,24,0,0,139.0,17,0,1,end_pass
1745,130,0,-1,13,1,1,3,10,0,0,132.0,17,0,0,start
1745,152,0,-1,3,0,0,0,3,0,0,95.1,2,0,0,hop
1745,166,1,240,25,1,1,5,20,0,0,144.3,20,1,1,still
1746,11,1,30,16,1,1,2,14,0,0,139.4,19,1,0,still
1746,44,1,120,14,1,1,2,12,0,0,133.0,19,1,0,still
1748,108,0,-1,16,0,0,0,16,0,0,108.2,13,0,0,hop
1749,15,1,90,15,1,1,4,11,0,0,134.9,18,1,0,still
1749,114,1,270,14,1,1,3,11,0,2,137.0,14,1,0,still
1750,168,1,30,25,1,1,2,23,0,3,148.4,18,1,0,still
1750,188,1,30,17,1,1,4,13,0,2,143.6,16,0,0,still
1752,127,1,60,19,1,1,3,16,0,3,139.1,19,1,0,still
1753,5,1,300,15,1,1,1,14,0,0,165.3,15,0,1,end_cap
1753,49,1,210,16,1,1,3,13,0,0,141.9,20,1,0,still
1754,85,1,90,21,1,1,1,20,0,0,133.4,17,1,0,still
1755,16,1,210,15,1,1,3,12,0,0,131.8,19,1,0,still
1756,47,1,60,15,1,1,3,12,0,0,128.0,20,1,0,still
1756,89,0,-1,26,0,0,0,26,0,0,118.6,20,0,1,nohop_nohold
1757,89,0,-1,26,0,0,0,26,0,0,118.6,20,0,1,hop
1757,132,0,-1,23,0,0,0,23,0,0,125.3,20,0,0,nohop_nohold
1757,194,1,150,15,1,1,2,13,0,0,134.2,20,1,0,still
1758,132,0,-1,23,0,0,0,23,0,0,125.3,20,0,0,hop
1758,189,1,30,17,1,1,3,14,0,2,145.4,14,1,0,still
1759,40,1,60,13,1,1,0,13,0,0,162.6,15,0,0,still
1759,84,0,-1,21,1,1,1,20,0,0,141.4,18,0,0,start
1760,2,0,-1,16,1,1,4,12,0,0,139.3,16,0,0,start
1761,195,1,60,18,1,1,5,13,0,2,143.1,17,1,0,still
1762,169,1,240,14,1,1,3,11,0,0,124.9,19,1,0,still
1763,14,1,120,15,1,1,3,12,0,1,129.9,18,1,0,still
1763,54,1,150,21,1,1,3,18,0,0,138.9,20,1,0,still
1763,153,1,150,17,1,1,5,12,0,1,137.3,16,1,0,still
1764,58,1,90,23,0,0,0,23,0,0,139.8,15,0,1,end_pass
1764,158,0,-1,14,1,1,4,10,0,1,147.3,16,0,0,start
1765,57,1,30,22,1,1,2,20,0,0,137.9,19,0,0,still
1765,199,1,60,15,1,1,5,10,0,1,151.4,17,1,0,still
1766,115,1,270,17,1,1,1,16,0,1,170.2,15,0,1,still
1766,161,1,300,19,1,1,6,13,0,1,152.0,20,1,0,end_cap
1768,126,0,-1,20,1,1,4,16,0,1,139.5,19,0,0,start
1769,77,1,120,16,1,1,5,11,0,0,131.7,19,0,0,still
1770,62,0,-1,28,0,0,0,28,0,0,122.1,21,0,1,nohop_nohold
1770,83,1,90,21,1,1,3,18,0,0,132.5,18,1,0,still
1771,62,0,-1,28,0,0,0,28,0,0,122.2,21,0,1,hop
1771,154,1,60,18,1,1,5,13,0,1,142.7,17,1,0,still
1772,19,1,30,21,1,1,3,18,0,0,131.4,19,0,0,still
1772,165,1,150,21,1,1,4,17,0,2,135.1,19,1,0,still
1773,9,1,150,15,1,1,2,13,0,0,151.6,18,1,0,still
1773,50,1,120,16,1,1,5,11,0,0,136.0,19,1,0,still
1774,10,1,90,15,1,1,2,13,0,0,140.9,21,1,0,still
1774,23,0,-1,26,1,1,1,25,0,0,147.0,17,0,1,start
1774,113,0,-1,17,1,1,5,12,0,2,141.1,15,0,0,start
1775,33,0,-1,12,0,0,0,12,0,1,127.7,9,0,0,hop
1775,130,1,30,14,1,1,5,9,0,0,138.8,17,1,0,still
1775,166,1,270,24,1,1,4,20,0,0,141.3,20,1,1,still
1776,11,1,60,15,1,1,1,14,0,0,142.8,19,1,0,still
1776,44,1,150,13,1,1,1,12,0,0,133.5,19,1,0,still
1779,15,1,120,15,1,1,4,11,0,0,140.5,18,1,0,still
1779,114,1,300,14,1,1,2,12,0,2,136.8,14,0,0,end_cap
1779,136,0,-1,11,0,0,0,11,0,1,132.5,7,0,0,nohop_nohold
1780,73,0,-1,7,0,0,0,7,0,0,128.6,5,0,0,nohop_nohold
1780,136,0,-1,11,0,0,0,11,0,1,132.4,7,0,0,hop
1780,168,1,60,26,1,1,4,22,0,3,147.1,18,1,1,still
1780,188,1,60,18,1,1,5,13,0,2,144.9,16,1,0,still
1781,55,0,-1,22,1,1,4,18,0,0,134.6,20,0,0,start
1781,73,0,-1,7,0,0,0,7,0,0,128.3,5,0,0,hop
1782,127,1,90,20,1,1,6,14,0,3,136.1,19,1,0,still
1783,49,1,240,17,1,1,7,10,0,0,144.8,20,1,0,still
1783,90,0,-1,24,0,0,0,24,0,0,118.0,21,0,0,hop
1784,85,1,120,22,1,1,1,21,0,0,136.9,17,0,1,still
1785,16,1,240,17,1,1,7,10,0,0,140.7,19,1,0,still
1786,47,1,90,15,1,1,3,12,0,0,139.3,20,1,0,still
1786,103,0,-1,4,0,0,0,4,0,0,86.6,3,0,0,hop
1787,194,1,180,16,1,1,3,13,0,0,140.7,20,1,0,still
1788,189,1,60,17,1,1,3,14,0,2,145.2,14,0,0,still
1789,40,1,90,12,1,1,0,12,0,0,156.5,15,0,0,still
1789,84,1,30,22,1,1,2,20,0,0,139.1,18,0,1,still
1789,91,0,-1,25,0,0,0,25,0,0,114.3,21,0,0,hop
1790,2,1,30,16,1,1,4,12,0,0,138.9,16,1,0,still
1790,88,0,-1,25,0,0,0,25,0,0,122.6,20,0,1,nohop_nohold
1791,56,0,-1,22,1,1,4,18,0,0,139.3,20,0,1,start
1791,88,0,-1,25,0,0,0,25,0,0,122.7,20,0,1,hop
1791,195,1,90,17,1,1,4,13,0,2,143.5,17,1,0,still
1792,169,1,270,18,1,1,6,12,0,0,126.3,19,1,0,still
1793,14,1,150,19,1,1,5,14,0,2,136.9,18,1,0,still
1793,54,1,180,22,1,1,6,16,0,0,135.2,20,1,0,still
1793,117,0,-1,19,1,1,5,14,0,0,133.8,20,0,0,start
1793,153,1,180,16,1,1,4,12,0,1,137.4,16,1,0,still
1794,142,0,-1,19,1,1,11,8,0,1,136.7,17,0,0,start
1794,158,1,30,12,1,1,2,10,0,1,150.7,16,1,0,still
1795,6,0,-1,15,1,1,1,14,0,0,167.7,15,0,0,start
1795,57,1,60,23,1,1,3,20,0,0,141.4,19,0,1,still
1795,199,1,90,12,1,1,2,10,0,1,150.4,17,1,0,still
1796,115,1,300,16,1,1,2,14,0,1,171.0,15,0,1,end_cap
1797,7,0,-1,14,1,1,1,13,0,0,160.0,16,0,0,start
1798,126,1,30,21,1,1,8,13,0,2,142.9,19,0,0,still
1799,77,1,150,18,1,1,9,9,0,0,144.0,20,0,0,still
1800,83,1,120,20,1,1,2,18,0,0,139.1,18,1,1,still
1801,154,1,90,16,1,1,4,12,0,1,148.7,17,1,0,still
1802,19,1,60,20,1,1,4,16,0,0,143.8,19,0,0,still
1802,165,1,180,19,1,1,5,14,0,2,144.1,19,1,0,still
1803,9,1,180,16,1,1,4,12,0,1,159.4,18,1,0,still
1803,50,1,150,15,1,1,7,8,0,0,132.6,19,0,0,still
1804,10,1,120,17,1,1,6,11,0,0,154.1,21,1,0,still
1804,23,1,30,25,1,1,0,25,0,0,144.7,17,0,1,still
1804,113,1,30,15,1,1,3,12,0,1,145.6,15,1,0,still
1805,71,0,-1,10,0,0,0,10,0,1,128.0,6,0,0,nohop_nohold
1805,130,1,60,15,1,1,8,7,0,0,116.1,17,1,0,still
1805,166,1,300,23,1,1,4,19,0,0,149.0,20,1,2,end_cap
1806,11,1,90,19,1,1,6,13,0,0,151.6,19,1,0,still
1806,44,1,180,16,1,1,6,10,0,0,146.6,19,1,0,still
1806,71,0,-1,10,0,0,0,10,0,1,127.9,6,0,0,hop
1808,12,0,-1,18,1,1,5,13,0,0,142.8,18,0,0,start
1809,15,1,150,17,1,1,9,8,0,0,122.6,18,1,0,still
1809,80,0,-1,16,1,1,6,10,0,0,139.1,19,0,0,start
1810,168,1,90,24,1,1,4,20,0,3,146.0,18,0,1,still
1810,188,1,90,15,1,1,3,12,0,1,145.1,16,1,0,still
1811,55,1,30,22,1,1,4,18,0,0,144.2,20,1,1,still
1812,127,1,120,19,1,1,6,13,0,3,153.9,19,1,0,still
1813,49,1,270,16,1,1,7,9,0,0,142.6,20,0,0,still
1814,85,1,150,22,1,1,1,21,0,0,136.3,17,1,1,still
1815,16,1,270,15,1,1,6,9,0,0,147.1,19,0,0,still
1816,34,0,-1,6,0,0,0,6,0,0,118.8,5,0,0,nohop_nohold
1816,47,1,120,17,1,1,7,10,0,0,119.5,20,1,0,still
1816,144,0,-1,7,0,0,0,7,0,1,118.6,4,0,0,nohop_nohold
1817,34,0,-1,6,0,0,0,6,0,0,118.7,5,0,0,hop
1817,133,0,-1,14,0,0,0,14,0,2,107.4,12,0,0,nohop_nohold
1817,144,0,-1,8,0,0,0,8,0,1,133.7,4,0,0,hop
1817,194,1,210,16,1,1,6,10,0,0,137.2,20,1,0,still
1818,133,0,-1,14,0,0,0,14,0,2,108.1,12,0,0,hop
1818,189,1,90,15,1,1,3,12,0,1,146.8,14,1,0,still
1819,40,1,120,12,1,1,4,8,0,0,156.6,15,1,0,still
1819,84,1,60,21,1,1,1,20,0,0,138.6,18,1,1,still
1820,2,1,60,13,1,1,2,11,0,0,135.5,16,1,0,still
1820,72,0,-1,9,1,1,0,9,0,0,136.1,15,0,0,start
1821,56,1,30,20,1,1,2,18,0,0,145.9,20,1,1,still
1821,195,1,120,14,1,1,2,12,0,2,141.7,17,1,0,still
1822,92,0,-1,20,0,0,0,20,0,0,121.1,16,0,0,nohop_nohold
1822,169,1,300,16,1,1,7,9,0,0,113.2,19,1,0,end_cap
1823,14,1,180,19,1,1,7,12,0,1,131.1,18,1,0,still
1823,54,1,210,19,1,1,2,17,0,0,153.4,20,1,1,still
1823,92,0,-1,20,0,0,0,20,0,0,121.4,16,0,0,hop
1823,117,1,30,20,1,1,7,13,0,0,133.7,20,1,0,still
1823,153,1,210,13,1,1,2,11,0,1,133.9,16,1,0,still
1824,142,1,30,11,1,1,3,8,0,1,126.4,17,0,0,still
1824,158,1,60,10,1,1,1,9,0,1,143.0,16,1,0,still
1825,6,1,30,16,1,1,3,13,0,0,161.7,16,0,0,still
1825,57,1,90,22,1,1,2,20,0,0,145.0,19,1,1,still
1825,157,0,-1,14,1,1,2,12,0,0,157.4,17,0,0,start
1825,199,1,120,10,1,1,1,9,0,1,143.1,17,1,0,still
1826,35,0,-1,13,1,1,2,11,0,0,135.4,18,0,0,start
1827,7,1,30,16,1,1,3,13,0,0,146.6,16,1,0,still
1827,159,0,-1,7,1,1,3,4,0,0,117.6,12,0,0,start
1828,8,0,-1,16,1,1,4,12,0,0,130.7,17,0,0,start
1828,126,1,60,18,1,1,5,13,0,2,174.2,19,1,0,still
1829,77,1,180,14,1,1,5,9,0,0,153.9,20,0,0,still
1830,76,0,-1,14,1,1,5,9,0,0,122.6,20,0,0,start
1830,83,1,150,20,1,1,2,18,0,0,141.9,18,1,1,still
1831,154,1,120,12,1,1,2,10,0,1,146.5,17,1,0,still
1832,19,1,90,19,1,1,2,17,0,0,155.6,19,0,1,still
1832,99,0,-1,8,0,0,0,8,0,0,113.1,6,0,0,nohop_nohold
1832,165,1,210,19,1,1,4,15,0,2,166.7,19,1,1,still
1832,172,0,-1,29,0,0,0,29,0,3,147.1,17,0,0,hop
1833,1,0,-1,11,1,1,2,9,0,0,140.0,18,0,0,start
1833,9,1,210,17,1,1,6,11,0,1,135.1,18,1,0,still
1833,50,1,180,13,1,1,5,8,0,0,147.2,19,1,0,still
1833,99,0,-1,8,0,0,0,8,0,0,112.6,6,0,0,hop
1833,119,0,-1,16,1,1,7,9,0,0,118.9,20,0,0,start
1834,10,1,150,17,1,1,8,9,0,0,124.8,21,1,0,still
1834,23,1,60,25,1,1,0,25,0,0,146.6,17,0,1,still
1834,113,1,60,12,1,1,2,10,0,1,152.9,15,1,0,still
1835,130,1,90,10,1,1,4,6,0,0,101.3,17,1,0,still
1836,11,1,120,19,1,1,7,12,0,0,133.6,19,1,0,still
1836,44,1,210,16,1,1,7,9,0,0,117.4,19,1,0,still
1838,12,1,30,19,1,1,6,13,0,0,136.4,19,1,0,still
1839,15,1,180,12,1,1,5,7,0,0,111.0,18,1,0,still
1839,80,1,30,15,1,1,3,12,0,0,171.3,19,0,1,still
1839,111,0,-1,1,0,0,0,1,0,0,79.1,1,0,0,hop
1840,139,0,-1,19,1,1,8,11,0,0,139.1,20,0,0,start
1840,168,1,120,21,1,1,1,20,0,0,139.1,18,0,1,still
1840,188,1,120,12,1,1,2,10,0,1,152.1,16,1,0,still
1841,55,1,60,20,1,1,2,18,0,0,143.7,20,1,1,still
1841,79,0,-1,13,1,1,4,9,0,0,159.8,19,0,0,start
1841,118,0,-1,16,1,1,8,8,0,0,124.1,17,0,0,start
1842,127,1,150,18,1,1,5,13,0,3,171.4,19,1,1,still
1843,49,1,300,13,1,1,5,8,0,0,145.8,20,1,0,end_cap
1844,85,1,180,22,1,1,1,21,0,0,138.0,17,1,1,still
1845,16,1,300,13,1,1,5,8,0,0,153.9,19,0,0,end_cap
1846,47,1,150,21,1,1,10,11,0,0,117.1,20,0,0,still
1847,194,1,240,20,1,1,9,11,0,0,120.2,20,1,0,still
1848,189,1,120,12,1,1,3,9,0,1,160.7,14,1,0,still
1849,40,1,150,11,1,1,7,4,0,0,171.2,15,1,0,still
1849,84,1,90,21,1,1,1,20,0,0,139.7,18,0,1,still
1850,2,1,90,11,1,1,2,9,0,0,144.2,16,1,0,still
1850,72,1,30,9,1,1,3,6,0,0,136.0,15,1,0,still
1851,56,1,60,23,1,1,5,18,0,0,143.1,20,0,1,still
1851,195,1,150,12,1,1,3,9,0,2,147.8,17,1,0,still
1853,14,1,210,22,1,1,10,12,0,1,127.0,19,0,0,still
1853,54,1,240,24,1,1,7,17,0,0,141.1,20,0,1,still
1853,117,1,60,24,1,1,12,12,0,0,127.7,20,1,0,still
1853,152,0,-1,3,0,0,0,3,0,0,68.3,3,0,0,hop
1853,153,1,240,11,1,1,2,9,0,1,139.6,16,1,0,still
1854,142,1,60,22,1,1,13,9,0,2,138.4,17,0,0,still
1854,158,1,90,9,1,1,3,6,0,0,136.3,16,1,0,still
1855,6,1,60,14,1,1,6,8,0,0,177.3,16,1,0,still
1855,57,1,120,23,1,1,3,20,0,0,146.3,19,0,1,still
1855,157,1,30,12,1,1,3,9,0,0,152.4,17,1,0,still
1855,199,1,150,8,1,1,2,6,0,0,127.8,17,1,0,still
1856,35,1,30,11,1,1,2,9,0,0,144.2,18,0,0,still
1856,58,0,-1,22,0,0,0,22,0,0,137.5,15,0,0,nohop_nohold
1856,183,0,-1,21,1,1,12,9,0,1,126.0,19,0,0,start
1857,7,1,60,15,1,1,8,7,0,0,170.1,16,1,0,still
1857,26,0,-1,26,0,0,0,26,0,0,118.0,21,0,0,hop
1857,58,0,-1,22,0,0,0,22,0,0,137.5,15,0,0,hop
1857,159,1,30,5,1,1,2,3,0,0,111.5,12,1,0,still
1858,8,1,30,16,1,1,8,8,0,0,156.1,17,1,0,still
1858,126,1,90,26,1,1,12,14,0,3,144.6,19,1,1,still
1859,77,1,210,23,1,1,12,11,0,0,140.3,20,0,1,still
1860,28,0,-1,26,0,0,0,26,0,0,113.8,21,0,0,nohop_nohold
1860,76,1,30,22,1,1,13,9,0,0,131.5,20,0,0,still
1860,83,1,180,22,1,1,4,18,0,0,136.7,18,0,1,still
1861,28,0,-1,26,0,0,0,26,0,0,113.8,21,0,0,hop
1861,154,1,150,11,1,1,2,9,0,1,145.5,17,1,0,still
1862,5,0,-1,9,1,1,4,5,0,0,185.4,15,0,1,start
1862,19,1,120,25,1,1,8,17,0,0,138.8,19,0,1,still
1862,165,1,240,25,1,1,10,15,0,2,138.0,19,1,1,still
1863,1,1,30,9,1,1,1,8,0,0,135.3,18,1,0,still
1863,9,1,240,17,1,1,9,8,0,1,158.1,18,1,0,still
1863,50,1,210,20,1,1,11,9,0,0,134.6,19,0,1,still
1863,119,1,30,17,1,1,8,9,0,0,139.8,20,0,0,still
1864,10,1,180,18,1,1,9,9,0,0,144.9,21,1,0,still
1864,23,1,90,24,1,1,0,24,0,0,143.4,17,0,0,still
1864,113,1,90,10,1,1,2,8,0,0,151.2,15,1,0,still
1865,130,1,120,18,1,1,11,7,0,0,127.0,17,0,0,still
1866,11,1,150,20,1,1,8,12,0,0,134.9,19,1,0,still
1866,44,1,240,17,1,1,8,9,0,0,134.9,19,1,0,still
1866,68,0,-1,8,1,1,1,7,0,0,146.9,16,0,0,start
1867,89,0,-1,23,0,0,0,23,0,0,106.6,20,0,0,hop
1867,108,0,-1,15,0,0,0,15,0,0,107.8,12,0,1,hop
1868,12,1,60,23,1,1,11,12,0,0,127.7,19,1,0,still
1869,15,1,210,20,1,1,12,8,0,0,128.7,18,0,0,still
1869,80,1,60,21,1,1,9,12,0,0,129.6,19,0,1,still
1870,97,0,-1,0,0,0,0,0,0,0,0.0,0,0,0,nohop_nohold
1870,139,1,30,23,1,1,12,11,0,0,123.9,20,1,0,still
1870,168,1,150,26,1,1,7,19,0,4,145.7,18,1,0,still
1870,188,1,150,10,1,1,2,8,0,0,150.2,16,1,0,still
1871,55,1,90,24,1,1,6,18,0,0,139.7,20,0,1,still
1871,79,1,30,20,1,1,10,10,0,1,127.7,18,0,1,still
1871,97,0,-1,0,0,0,0,0,0,0,0.0,0,0,0,hop
1871,118,1,30,18,1,1,9,9,0,0,123.9,17,1,0,still
1872,17,0,-1,23,1,1,10,13,0,0,131.2,19,0,2,start
1872,31,0,-1,24,0,0,0,24,0,0,112.0,21,0,0,nohop_nohold
1872,75,0,-1,2,0,0,0,2,0,0,81.1,2,0,0,hop
1872,127,1,180,24,1,1,11,13,0,3,135.2,19,1,1,still
1873,31,0,-1,24,0,0,0,24,0,0,112.0,21,0,0,hop
1874,85,1,210,21,1,1,1,20,0,0,134.3,17,0,0,still
1875,87,0,-1,24,0,0,0,24,0,1,126.2,20,0,0,nohop_nohold
1875,186,0,-1,20,0,0,0,20,0,3,123.1,13,0,1,nohop_nohold
1876,47,1,180,21,1,1,12,9,0,0,117.0,20,0,0,still
1876,87,0,-1,24,0,0,0,24,0,1,126.2,20,0,0,hop
1876,186,0,-1,20,0,0,0,20,0,3,123.0,13,0,1,hop
1877,194,1,270,19,1,1,9,10,0,0,117.3,20,1,0,still
1878,170,0,-1,20,1,1,13,7,0,0,132.8,18,0,0,start
1878,189,1,150,9,1,1,1,8,0,1,161.5,14,1,0,still
1879,40,1,180,7,1,1,3,4,0,0,180.6,15,1,0,still
1879,84,1,120,21,1,1,2,19,0,0,135.9,18,0,0,still
1880,2,1,120,9,1,1,1,8,0,0,135.9,16,1,0,still
1880,72,1,60,6,1,1,2,4,0,0,154.1,15,1,0,still
1880,132,0,-1,22,0,0,0,22,0,0,124.0,19,0,1,nohop_nohold
1881,56,1,90,22,1,1,5,17,0,0,135.7,20,0,0,still
1881,132,0,-1,22,0,0,0,22,0,0,123.9,19,0,1,hop
1881,195,1,180,9,1,1,1,8,0,0,134.6,17,1,0,still
1882,4,0,-1,9,1,1,3,6,0,0,193.3,15,0,1,start
1883,14,1,240,21,1,1,12,9,0,0,122.7,19,0,0,still
1883,54,1,270,24,1,1,7,17,0,0,137.7,20,0,1,still
1883,117,1,90,23,1,1,14,9,0,0,123.7,20,1,0,still
1883,153,1,270,9,1,1,2,7,0,0,134.7,16,1,0,still
1884,141,0,-1,20,1,1,14,6,0,0,125.7,19,0,0,start
1884,142,1,90,23,1,1,15,8,0,2,142.9,17,0,1,still
1884,158,1,120,6,1,1,3,3,0,0,155.8,16,1,0,still
1885,6,1,90,12,1,1,6,6,0,0,170.8,16,1,0,still
1885,57,1,150,22,1,1,3,19,0,0,138.4,19,0,0,still
1885,157,1,60,9,1,1,3,6,0,0,150.2,17,1,0,still
1885,199,1,180,6,1,1,3,3,0,0,152.8,17,1,0,still
1886,35,1,60,9,1,1,2,7,0,0,136.0,18,1,0,still
1886,183,1,30,21,1,1,15,6,0,1,126.5,19,1,0,still
1887,7,1,90,12,1,1,7,5,0,0,151.1,16,1,0,still
1887,159,1,60,3,1,1,1,2,0,0,139.6,12,1,0,still
1888,8,1,60,14,1,1,8,6,0,0,131.1,17,1,0,still
1888,126,1,120,25,1,1,12,13,0,2,141.0,19,1,1,still
1889,77,1,240,22,1,1,12,10,0,0,137.8,20,0,1,still
1890,76,1,60,20,1,1,14,6,0,0,133.2,20,0,0,still
1890,83,1,210,21,1,1,4,17,0,0,132.7,18,0,0,still
1891,123,0,-1,6,1,1,3,3,0,0,176.1,14,0,0,start
1891,154,1,180,9,1,1,2,7,0,0,134.5,17,1,0,still
1892,5,1,30,8,1,1,3,5,0,0,180.8,15,0,1,still
1892,19,1,150,24,1,1,8,16,0,0,136.0,19,0,0,still
1892,165,1,270,25,1,1,10,15,0,2,138.8,19,1,1,still
1893,1,1,60,9,1,1,2,7,0,0,135.2,18,1,0,still
1893,9,1,270,15,1,1,9,6,0,0,134.2,18,1,0,still
1893,50,1,240,20,1,1,12,8,0,0,132.9,19,1,1,still
1893,119,1,60,16,1,1,9,7,0,0,119.4,20,1,0,still
1894,10,1,210,16,1,1,9,7,0,0,120.2,21,1,0,still
1894,23,1,120,24,1,1,0,24,0,0,143.8,17,0,0,still
1894,113,1,120,9,1,1,2,7,0,0,143.5,15,1,0,still
1895,103,0,-1,4,0,0,0,4,0,0,60.6,4,0,0,hop
1895,107,0,-1,18,0,0,0,18,0,0,122.2,14,0,2,nohop_nohold
1895,130,1,150,18,1,1,11,7,0,0,135.8,17,0,1,still
1896,11,1,180,17,1,1,8,9,0,0,131.2,19,1,0,still
1896,44,1,270,14,1,1,7,7,0,0,127.1,19,1,0,still
1896,68,1,30,8,1,1,2,6,0,0,146.4,16,1,0,still
1896,107,0,-1,18,0,0,0,18,0,0,122.4,14,0,2,hop
1898,12,1,90,18,1,1,9,9,0,0,127.2,19,1,0,still
1899,15,1,240,20,1,1,13,7,0,0,137.6,18,0,1,still
1899,80,1,90,21,1,1,9,12,0,0,130.5,19,0,1,still
1900,139,1,60,19,1,1,11,8,0,0,122.1,20,1,0,still
1900,168,1,180,26,1,1,7,19,0,4,145.3,18,1,0,still
1900,188,1,180,9,1,1,2,7,0,0,142.2,16,1,0,still
1901,55,1,120,23,1,1,6,17,0,0,135.1,20,0,0,still
1901,79,1,60,20,1,1,11,9,0,0,128.1,19,0,1,still
1901,88,0,-1,24,0,0,0,24,0,0,120.2,20,0,0,nohop_nohold
1901,118,1,60,14,1,1,7,7,0,0,128.1,17,1,0,still
1902,17,1,30,23,1,1,10,13,0,0,132.7,19,0,2,still
1902,88,0,-1,24,0,0,0,24,0,0,120.1,20,0,0,hop
1902,127,1,210,24,1,1,12,12,0,3,136.4,19,1,1,still
1903,90,0,-1,24,0,0,0,24,0,0,117.7,21,0,1,hop
1904,85,1,240,21,1,1,1,20,0,0,134.6,17,0,0,still
1904,86,0,-1,24,0,0,0,24,0,0,140.6,16,0,0,hop
1906,47,1,210,18,1,1,11,7,0,0,115.4,20,1,0,still
1906,182,0,-1,19,1,1,11,8,0,0,121.8,19,0,0,start
1907,194,1,300,15,1,1,8,7,0,0,119.1,20,1,0,end_cap
1908,170,1,30,20,1,1,12,8,0,0,138.4,18,0,1,still
1908,189,1,180,10,1,1,3,7,0,1,167.2,14,1,0,still
1909,40,1,210,8,1,1,3,5,0,0,186.9,15,1,0,still
1909,84,1,150,21,1,1,2,19,0,0,135.9,18,0,0,still
1909,101,0,-1,5,0,0,0,5,0,0,75.1,4,0,0,hop
1910,2,1,150,9,1,1,2,7,0,0,135.9,16,1,0,still
1910,72,1,90,5,1,1,2,3,0,0,156.4,15,1,0,still
1911,56,1,120,22,1,1,5,17,0,0,135.7,20,0,0,still
1911,195,1,210,9,1,1,2,7,0,0,134.6,17,1,0,still
1912,4,1,30,8,1,1,1,7,0,0,194.8,15,1,0,still
1913,14,1,270,19,1,1,12,7,0,0,124.2,19,1,0,still
1913,54,1,300,23,1,1,7,16,0,0,133.8,20,0,0,end_cap
1913,117,1,120,19,1,1,11,8,0,0,121.4,20,0,0,still
1913,153,1,300,7,1,1,0,7,0,0,165.2,16,1,0,end_cap
1913,166,0,-1,26,1,1,8,18,0,1,143.8,20,0,1,start
1914,141,1,30,20,1,1,12,8,0,0,134.4,19,0,1,still
1914,142,1,120,22,1,1,14,8,0,2,144.3,17,0,1,still
1914,158,1,150,7,1,1,3,4,0,0,166.2,16,1,0,still
1915,6,1,120,12,1,1,6,6,0,0,176.3,16,1,0,still
1915,57,1,180,22,1,1,3,19,0,0,138.4,19,0,0,still
1915,157,1,90,11,1,1,4,7,0,0,172.0,17,1,0,still
1915,199,1,210,8,1,1,4,4,0,0,168.2,17,1,0,still
1916,35,1,90,10,1,1,2,8,0,0,182.0,18,1,0,still
1916,183,1,60,21,1,1,13,8,0,1,135.7,19,1,1,still
1917,7,1,120,13,1,1,8,5,0,0,166.8,16,1,0,still
1917,115,0,-1,9,1,1,3,6,0,0,187.4,15,0,1,start
1917,159,1,90,6,1,1,4,2,0,0,207.3,12,1,0,still
1918,8,1,90,15,1,1,9,6,0,0,153.1,17,1,0,still
1918,34,0,-1,6,0,0,0,6,0,0,79.9,5,0,0,nohop_nohold
1918,126,1,150,25,1,1,12,13,0,2,143.3,19,1,1,still
1919,34,0,-1,6,0,0,0,6,0,0,79.9,5,0,0,hop
1919,65,0,-1,24,0,0,0,24,0,0,126.1,19,0,2,nohop_nohold
1919,77,1,270,21,1,1,12,9,0,0,134.3,20,0,1,still
1919,138,0,-1,24,0,0,0,24,0,0,135.0,19,0,2,nohop_nohold
1920,65,0,-1,24,0,0,0,24,0,0,126.3,19,0,2,hop
1920,76,1,90,21,1,1,13,8,0,0,137.1,20,0,1,still
1920,83,1,240,21,1,1,4,17,0,0,132.9,18,0,0,still
1920,138,0,-1,24,0,0,0,24,0,0,135.1,19,0,2,hop
1921,123,1,30,8,1,1,4,4,0,0,185.5,14,1,0,still
1921,154,1,210,11,1,1,4,7,0,0,180.5,17,0,0,still
1922,5,1,60,9,1,1,3,6,0,0,186.3,15,1,1,still
1922,19,1,180,24,1,1,7,17,0,0,136.2,19,0,0,still
1922,91,0,-1,25,0,0,0,25,0,0,118.0,20,0,2,hop
1922,165,1,300,24,1,1,10,14,0,2,135.7,19,1,0,end_cap
1923,1,1,90,12,1,1,5,7,0,0,183.5,18,1,0,still
1923,9,1,300,16,1,1,10,6,0,0,155.6,18,1,0,end_cap
1923,50,1,270,22,1,1,13,9,0,0,139.8,19,1,1,still
1923,119,1,90,16,1,1,9,7,0,0,139.7,20,0,0,still
1924,10,1,240,17,1,1,10,7,0,0,145.3,21,0,0,still
1924,23,1,150,23,1,1,0,23,0,0,142.2,17,0,0,still
1924,113,1,150,10,1,1,3,7,0,0,162.2,15,0,0,still
1925,130,1,180,21,1,1,12,9,0,0,144.7,17,0,1,still
1926,11,1,210,20,1,1,11,9,0,1,141.6,19,0,0,still
1926,44,1,300,18,1,1,11,7,0,0,135.1,19,0,0,end_cap
1926,68,1,60,12,1,1,6,6,0,0,177.9,16,1,1,still
1928,12,1,120,18,1,1,10,8,0,0,126.7,18,0,0,still
1928,169,0,-1,20,1,1,12,8,0,0,129.5,19,0,1,start
1929,15,1,270,23,1,1,14,9,0,0,146.0,18,0,1,still
1929,80,1,120,19,1,1,9,10,0,0,121.1,19,0,0,still
1930,110,0,-1,10,0,0,0,10,0,0,104.3,8,0,0,nohop_nohold
1930,139,1,90,20,1,1,13,7,0,1,128.2,20,1,0,still
1930,168,1,210,26,1,1,7,19,0,4,146.4,18,1,0,still
1930,188,1,210,13,1,1,5,8,0,0,174.8,16,0,0,still
1931,55,1,150,23,1,1,6,17,0,0,136.1,20,0,0,still
1931,79,1,90,20,1,1,11,9,0,0,129.4,19,0,0,still
1931,110,0,-1,10,0,0,0,10,0,0,103.8,8,0,0,hop
1931,118,1,90,22,1,1,14,8,0,0,145.0,17,1,0,still
1931,144,0,-1,3,0,0,0,3,0,0,76.1,3,0,0,nohop_nohold
1932,17,1,60,23,1,1,10,13,0,0,133.7,19,0,1,still
1932,127,1,240,23,1,1,11,12,0,2,134.2,19,0,0,still
1932,144,0,-1,3,0,0,0,3,0,0,76.3,3,0,0,hop
1934,29,0,-1,27,0,0,0,27,0,0,121.9,20,0,2,hop
1934,85,1,270,21,1,1,1,20,0,0,135.6,16,0,0,still
1936,47,1,240,19,1,1,12,7,0,0,125.8,20,1,1,still
1936,182,1,30,19,1,1,11,8,0,0,125.3,20,0,1,still
1938,170,1,60,22,1,1,13,9,0,0,150.5,18,0,1,still
1938,189,1,210,14,1,1,6,8,0,1,169.0,14,0,0,still
1939,40,1,240,14,1,1,8,6,0,0,127.9,15,1,0,still
1939,84,1,180,21,1,1,2,19,0,0,137.1,18,0,0,still
1940,2,1,180,14,1,1,6,8,0,0,180.6,16,1,0,still
1940,72,1,120,9,1,1,5,4,0,0,173.3,15,1,0,still
1941,56,1,150,22,1,1,5,17,0,0,136.2,20,0,0,still
1941,195,1,240,14,1,1,6,8,0,0,181.0,17,0,0,still
1942,4,1,60,14,1,1,6,8,0,0,144.2,15,1,0,still
1943,14,1,300,19,1,1,12,7,0,0,127.0,19,1,1,end_cap
1943,117,1,150,19,1,1,11,8,0,0,124.5,20,0,1,still
1943,166,1,30,26,1,1,7,19,0,1,143.9,20,0,1,still
1944,141,1,60,22,1,1,13,9,0,0,147.1,19,0,1,still
1944,142,1,150,24,1,1,15,9,0,2,154.9,17,0,1,still
1944,146,0,-1,16,1,1,7,9,0,1,149.8,13,0,1,start
1944,158,1,180,9,1,1,5,4,0,0,174.5,16,1,0,still
1945,6,1,150,20,1,1,12,8,0,0,133.4,16,1,0,still
1945,57,1,210,22,1,1,3,19,0,0,139.5,19,0,0,still
1945,157,1,120,13,1,1,8,5,0,0,177.4,17,1,0,still
1945,199,1,240,9,1,1,5,4,0,0,172.5,17,1,0,still
1946,35,1,120,15,1,1,7,8,0,0,183.4,18,1,0,still
1946,183,1,90,23,1,1,14,9,0,1,147.6,19,1,1,still
1947,7,1,150,20,1,1,13,7,0,0,131.7,16,1,0,still
1947,115,1,30,16,1,1,8,8,0,0,134.9,15,0,1,still
1947,159,1,120,5,1,1,3,2,0,0,208.6,12,1,0,still
1948,8,1,120,21,1,1,13,8,0,0,129.2,17,0,0,still
1948,114,0,-1,12,1,1,5,7,0,1,143.9,14,0,0,start
1948,126,1,180,24,1,1,12,12,0,2,140.1,19,0,0,still
1949,77,1,300,23,1,1,13,10,0,0,145.4,20,0,0,end_cap
1950,76,1,120,21,1,1,11,10,0,0,145.7,20,0,1,still
1950,83,1,270,21,1,1,4,17,0,0,133.7,18,0,0,still
1951,33,0,-1,13,0,0,0,13,0,1,128.1,8,0,1,nohop_nohold
1951,123,1,60,9,1,1,6,3,0,0,190.5,14,1,0,still
1951,154,1,240,15,1,1,9,6,0,0,185.2,17,0,0,still
1952,5,1,90,17,1,1,8,9,0,0,140.4,15,1,1,still
1952,19,1,210,23,1,1,7,16,0,0,132.0,19,0,0,still
1952,33,0,-1,13,0,0,0,13,0,1,128.0,8,0,1,hop
1953,1,1,120,14,1,1,8,6,0,0,186.3,18,1,0,still
1953,50,1,300,22,1,1,14,8,0,0,140.3,19,0,0,end_cap
1953,119,1,120,21,1,1,11,10,0,2,140.1,20,1,0,still
1954,10,1,270,19,1,1,9,10,0,0,135.8,21,0,0,still
1954,23,1,180,24,1,1,0,24,0,0,145.1,16,0,0,still
1954,113,1,180,12,1,1,6,6,0,0,180.2,15,0,0,still
1954,145,0,-1,12,1,1,6,6,0,1,174.7,15,0,1,start
1955,130,1,210,22,1,1,11,11,0,0,141.6,17,1,1,still
1956,11,1,240,21,1,1,9,12,0,1,152.2,19,0,1,still
1956,68,1,90,12,1,1,9,3,0,0,174.3,16,1,0,still
1957,16,0,-1,21,1,1,14,7,0,0,137.6,19,0,0,start
1957,66,0,-1,15,0,0,0,15,0,0,110.9,12,0,1,nohop_nohold
1958,12,1,150,19,1,1,9,10,0,0,144.5,20,0,1,still
1958,66,0,-1,14,0,0,0,14,0,0,102.1,12,0,0,hop
1958,108,0,-1,15,0,0,0,15,0,1,110.3,11,0,1,nohop_nohold
1958,161,0,-1,25,1,1,15,10,0,0,146.0,20,0,0,start
1958,169,1,30,18,1,1,9,9,0,0,135.8,19,0,1,still
1959,15,1,300,22,1,1,13,9,0,0,142.5,18,1,1,end_cap
1959,80,1,150,20,1,1,9,11,0,0,126.7,19,0,0,still
1959,108,0,-1,15,0,0,0,15,0,0,110.0,12,0,1,hop
1960,139,1,120,23,1,1,13,10,0,0,127.7,20,1,1,still
1960,168,1,240,26,1,1,7,19,0,4,146.4,18,1,0,still
1960,188,1,240,13,1,1,8,5,0,0,183.1,16,0,0,still
1961,55,1,180,23,1,1,6,17,0,0,136.0,20,0,0,still
1961,79,1,120,20,1,1,11,9,0,1,128.3,18,0,0,still
1961,118,1,120,24,1,1,13,11,0,0,137.2,17,1,0,still
1962,17,1,90,24,1,1,11,13,0,0,136.8,19,0,1,still
1962,127,1,270,24,1,1,12,12,0,3,136.9,18,0,0,still
1963,58,0,-1,22,0,0,0,22,0,0,137.9,15,0,0,hop
1964,85,1,300,21,1,1,1,20,0,0,135.2,16,0,0,end_cap
1965,152,0,-1,2,0,0,0,2,0,0,111.7,2,0,0,nohop_nohold
1966,47,1,270,22,1,1,13,9,0,0,125.5,20,0,1,still
1966,152,0,-1,2,0,0,0,2,0,0,111.9,2,0,0,hop
1966,182,1,60,23,1,1,13,10,0,0,127.3,22,0,1,still
1968,62,0,-1,27,0,0,0,27,0,1,121.1,19,0,2,hop
1968,75,0,-1,1,0,0,0,1,0,0,103.4,1,0,0,hop
1968,170,1,90,21,1,1,13,8,0,0,136.4,18,0,0,still
1968,189,1,240,12,1,1,7,5,0,1,173.2,14,0,0,still
1969,40,1,270,13,1,1,6,7,0,0,128.7,15,1,0,still
1969,84,1,210,21,1,1,1,20,0,0,137.0,18,0,0,still
1969,87,0,-1,25,0,0,0,25,0,1,132.3,19,0,2,nohop_nohold
1970,2,1,210,13,1,1,8,5,0,0,184.5,16,1,0,still
1970,72,1,150,9,1,1,7,2,0,0,173.4,15,1,0,still
1970,87,0,-1,25,0,0,0,25,0,1,132.2,19,0,2,hop
1971,56,1,180,22,1,1,4,18,0,0,137.1,20,0,0,still
1971,195,1,270,13,1,1,8,5,0,0,183.7,17,0,0,still
1972,4,1,90,14,1,1,6,8,0,0,162.1,15,1,1,still
1973,21,0,-1,24,1,1,6,18,0,0,140.1,20,0,1,start
1973,117,1,180,23,1,1,13,10,0,0,127.3,20,1,1,still
1973,166,1,60,26,1,1,6,20,0,1,144.9,20,1,1,still
1974,141,1,90,22,1,1,13,9,0,0,135.3,19,0,1,still
1974,142,1,180,21,1,1,13,8,0,2,133.6,17,0,0,still
1974,146,1,30,14,1,1,6,8,0,1,156.4,13,0,1,still
1974,158,1,210,9,1,1,7,2,0,0,174.6,16,1,0,still
1975,6,1,180,17,1,1,8,9,0,0,127.8,16,1,0,still
1975,57,1,240,22,1,1,2,20,0,0,140.6,18,0,0,still
1975,157,1,150,12,1,1,9,3,0,0,173.4,17,1,0,still
1975,180,0,-1,23,0,0,0,23,0,3,130.0,16,0,1,nohop_nohold
1975,199,1,270,9,1,1,7,2,0,0,172.6,17,1,0,still
1976,35,1,150,14,1,1,8,6,0,0,187.5,18,1,0,still
1976,180,0,-1,23,0,0,0,23,0,3,130.0,16,0,1,hop
1976,183,1,120,23,1,1,14,9,0,1,135.7,19,1,1,still
1977,7,1,180,18,1,1,10,8,0,0,126.2,16,1,0,still
1977,115,1,60,15,1,1,6,9,0,0,139.2,15,0,1,still
1977,159,1,150,5,1,1,3,2,0,0,208.7,12,1,0,still
1978,8,1,150,20,1,1,11,9,0,0,125.4,17,1,0,still
1978,114,1,30,11,1,1,4,7,0,1,155.3,14,0,0,still
1978,126,1,210,24,1,1,12,12,0,3,140.2,19,1,0,still
1979,3,0,-1,12,1,1,7,5,0,0,174.9,15,0,1,start
1980,76,1,150,22,1,1,14,8,0,0,133.6,20,0,0,still
1980,83,1,300,21,1,1,3,18,0,0,134.5,18,0,0,end_cap
1981,123,1,90,9,1,1,8,1,0,0,190.7,14,1,0,still
1981,154,1,270,14,1,1,10,4,0,0,187.2,17,0,0,still
1982,5,1,120,13,1,1,4,9,0,0,131.1,15,1,1,still
1982,19,1,240,23,1,1,6,17,0,0,132.3,19,0,0,still
1983,1,1,150,14,1,1,10,4,0,0,186.3,18,1,0,still
1983,119,1,150,22,1,1,10,12,0,2,144.4,20,1,1,still
1984,10,1,300,18,1,1,7,11,0,0,144.1,21,1,1,end_cap
1984,23,1,210,25,0,0,0,25,0,0,147.9,16,0,1,end_pass
1984,113,1,210,10,1,1,6,4,0,0,175.8,15,0,0,still
1984,145,1,30,9,1,1,4,5,0,1,174.7,14,0,1,still
1985,130,1,240,19,1,1,11,8,0,0,132.5,17,0,0,still
1986,11,1,270,22,1,1,11,11,0,1,138.3,19,0,1,still
1986,68,1,120,12,1,1,10,2,0,0,174.3,16,1,0,still
1987,16,1,30,17,1,1,8,9,0,0,127.7,19,1,0,still
1988,12,1,180,18,1,1,8,10,0,0,118.2,18,0,1,still
1988,161,1,30,21,1,1,9,12,0,1,145.6,19,1,0,still
1988,169,1,60,17,1,1,8,9,0,0,119.7,19,0,1,still
1989,80,1,180,18,1,1,6,12,0,0,117.2,19,0,0,still
1990,139,1,150,20,1,1,10,10,0,1,127.5,20,1,1,still
1990,168,1,270,26,1,1,4,22,0,4,146.0,18,1,0,still
1990,188,1,270,13,1,1,8,5,0,0,183.5,16,0,0,still
1991,55,1,210,23,1,1,3,20,0,0,135.8,20,0,0,still
1991,79,1,150,19,1,1,8,11,0,1,125.9,18,1,0,still
1991,118,1,150,22,1,1,9,13,0,0,135.4,17,1,1,still
1992,17,1,120,22,1,1,7,15,0,0,130.7,19,0,1,still
1992,127,1,300,23,1,1,8,15,0,3,136.4,18,1,0,end_cap
1996,47,1,300,19,1,1,10,9,0,0,124.8,20,1,1,end_cap
1996,182,1,90,19,1,1,9,10,0,0,122.5,22,0,1,still
1998,89,0,-1,24,0,0,0,24,0,0,113.3,19,0,2,nohop_nohold
1998,170,1,120,20,1,1,11,9,0,0,146.4,17,0,0,still
1998,189,1,270,12,1,1,7,5,0,1,173.4,14,0,0,still
1999,40,1,300,13,1,1,4,9,0,0,130.0,15,1,0,end_cap
1999,84,1,240,22,1,1,0,22,0,0,140.3,18,0,1,still
1999,89,0,-1,24,0,0,0,24,0,0,113.4,19,0,2,hop
2000,2,1,240,15,1,1,9,6,0,0,168.5,16,1,0,still
2000,72,1,180,10,1,1,8,2,0,0,178.6,15,1,0,still
2001,56,1,210,22,1,1,2,20,0,0,136.2,20,0,0,still
2001,195,1,300,16,1,1,10,6,0,0,167.2,17,0,0,end_cap
2002,4,1,120,17,1,1,6,11,0,0,148.2,15,1,1,still
2003,21,1,30,24,1,1,4,20,0,0,139.2,20,0,1,still
2003,117,1,210,22,1,1,11,11,0,0,130.2,20,1,1,still
2003,166,1,90,26,1,1,5,21,0,1,144.0,20,0,1,still
2003,171,0,-1,28,0,0,1,27,0,4,149.7,15,0,2,nohop_nohold
2004,86,0,-1,25,0,0,0,25,0,0,141.7,17,0,2,nohop_nohold
2004,141,1,120,20,1,1,10,10,0,0,143.0,19,0,0,still
2004,142,1,210,22,1,1,12,10,0,2,150.3,17,0,0,still
2004,146,1,60,18,1,1,7,11,0,1,138.0,13,0,1,still
2004,158,1,240,9,1,1,6,3,0,0,182.5,16,1,0,still
2004,171,0,-1,28,0,0,1,27,0,4,149.6,15,0,2,hop
2005,6,1,210,20,1,1,9,11,0,0,135.3,16,0,0,still
2005,26,0,-1,27,0,0,0,27,0,0,124.0,19,0,2,nohop_nohold
2005,57,1,270,23,1,1,1,22,0,0,143.4,18,0,1,still
2005,86,0,-1,25,0,0,0,25,0,0,141.7,17,0,2,hop
2005,157,1,180,15,1,1,11,4,0,0,176.3,17,1,0,still
2005,199,1,300,9,1,1,6,3,0,0,179.8,17,1,0,end_cap
2006,26,0,-1,27,0,0,0,27,0,0,124.0,19,0,2,hop
2006,35,1,180,18,1,1,11,7,0,0,166.6,18,1,0,still
2006,183,1,150,19,1,1,10,9,0,1,148.1,19,0,0,still
2007,7,1,210,20,1,1,9,11,0,0,132.3,16,0,1,still
2007,115,1,90,18,1,1,7,11,0,0,128.2,15,0,1,still
2007,159,1,180,8,1,1,5,3,0,0,202.9,12,1,0,still
2008,8,1,180,20,1,1,8,12,0,0,126.4,17,0,1,still
2008,114,1,60,16,1,1,7,9,0,1,134.3,14,0,0,still
2008,126,1,240,24,1,1,9,15,0,2,142.1,19,0,0,still
2009,3,1,30,16,1,1,9,7,0,0,142.6,15,1,1,still
2010,76,1,180,20,1,1,10,10,0,0,149.9,20,0,0,still
2010,88,0,-1,25,0,0,0,25,0,0,123.2,19,0,2,nohop_nohold
2011,88,0,-1,25,0,0,0,25,0,0,123.3,19,0,2,hop
2011,123,1,120,10,1,1,7,3,0,0,205.5,14,0,0,still
2011,154,1,300,16,1,1,10,6,0,0,175.3,17,1,0,end_cap
2012,5,1,150,19,1,1,7,12,0,0,133.7,15,1,1,still
2012,19,1,270,23,1,1,5,18,0,0,133.9,19,0,0,still
2013,1,1,180,16,1,1,10,6,0,0,178.2,18,1,0,still
2013,119,1,180,22,1,1,8,14,0,2,132.1,20,1,1,still
2014,113,1,240,15,1,1,9,6,0,0,154.0,15,0,0,still
2014,145,1,60,15,1,1,8,7,0,0,140.1,14,0,1,still
2015,49,0,-1,21,1,1,10,11,0,0,146.0,20,0,0,start
2015,130,1,270,18,1,1,9,9,0,0,143.0,17,1,0,still
2016,11,1,300,20,1,1,9,11,0,1,132.3,19,0,1,end_cap
2016,68,1,150,16,1,1,11,5,0,0,194.8,16,1,1,still
2017,16,1,60,20,1,1,10,10,0,0,140.1,19,1,0,still
2018,12,1,210,19,1,1,8,11,0,1,128.3,18,0,1,still
2018,111,0,-1,0,0,0,0,0,0,0,0.0,0,0,0,nohop_nohold
2018,161,1,60,23,1,1,11,12,0,0,150.2,19,1,0,still
2018,169,1,90,16,1,1,9,7,0,0,129.7,19,0,0,still
2019,80,1,210,19,1,1,7,12,0,0,122.8,19,0,0,still
2019,111,0,-1,0,0,0,0,0,0,0,0.0,0,0,0,hop
2020,139,1,180,19,1,1,10,9,0,1,135.7,20,1,0,still
2020,168,1,300,28,1,1,4,24,0,4,151.5,18,1,2,end_cap
2020,188,1,300,16,1,1,9,7,0,0,158.7,16,0,0,end_cap
2021,55,1,240,25,1,1,3,22,0,0,143.3,20,0,1,still
2021,79,1,180,21,1,1,9,12,0,1,134.2,18,1,0,still
2021,118,1,180,22,1,1,8,14,0,0,131.5,17,1,1,still
2022,17,1,150,24,1,1,8,16,0,0,138.2,19,0,1,still
2026,182,1,120,18,1,1,9,9,0,0,130.6,22,0,0,still
2028,170,1,150,19,1,1,11,8,0,0,136.7,18,1,0,still
2028,189,1,300,15,1,1,8,7,0,0,139.6,14,0,0,end_cap
2029,9,0,-1,19,1,1,7,12,0,0,125.8,18,0,1,start
2029,84,1,270,23,0,0,0,23,0,0,142.2,18,0,2,end_pass
2030,2,1,270,16,1,1,9,7,0,0,166.8,16,1,0,still
2030,72,1,210,11,1,1,5,6,0,0,195.1,15,1,0,still
2030,109,0,-1,12,0,0,0,12,0,0,110.3,9,0,0,nohop_nohold
2031,56,1,240,25,1,1,1,24,0,0,146.4,20,0,2,still
2031,109,0,-1,12,0,0,0,12,0,0,110.2,9,0,0,hop
2032,4,1,150,18,1,1,7,11,0,0,140.8,15,1,1,still
2032,28,0,-1,25,0,0,0,25,0,0,114.4,20,0,0,nohop_nohold
2032,153,0,-1,16,1,1,9,7,0,0,171.1,17,0,0,start
2033,14,0,-1,16,1,1,10,6,0,0,130.9,19,0,0,start
2033,21,1,60,26,1,1,3,23,0,0,144.7,20,0,2,still
2033,28,0,-1,25,0,0,0,25,0,0,114.5,20,0,0,hop
2033,117,1,240,19,1,1,10,9,0,0,137.5,20,1,0,still
2033,166,1,120,28,1,1,4,24,0,1,148.9,20,1,2,still
2034,32,0,-1,12,0,0,0,12,0,0,96.9,11,0,0,nohop_nohold
2034,141,1,150,18,1,1,9,9,0,0,137.1,19,0,0,still
2034,142,1,240,19,1,1,9,10,0,1,136.0,17,0,0,still
2034,146,1,90,17,1,1,7,10,0,0,131.6,15,0,1,still
2034,158,1,270,10,1,1,5,5,0,0,192.7,16,0,0,still
2035,6,1,240,20,1,1,9,11,0,0,133.0,15,0,1,still
2035,32,0,-1,12,0,0,0,12,0,0,96.9,11,0,0,hop
2035,57,1,300,24,0,0,0,24,0,0,144.8,18,0,2,end_cap
2035,157,1,210,15,1,1,9,6,0,0,188.2,17,0,0,still
2036,35,1,210,18,1,1,11,7,0,0,160.7,18,1,0,still
2036,183,1,180,19,1,1,11,8,0,1,141.4,18,1,0,still
2037,7,1,240,19,1,1,9,10,0,0,126.0,16,0,1,still
2037,115,1,120,21,1,1,9,12,0,0,140.5,14,0,2,still
2037,159,1,210,8,1,1,5,3,0,0,201.2,12,1,0,still
2038,8,1,210,19,1,1,9,10,0,0,122.6,17,0,1,still
2038,114,1,90,16,1,1,7,9,0,0,128.0,14,0,0,still
2038,126,1,270,25,1,1,7,18,0,2,144.4,19,1,0,still
2039,3,1,60,17,1,1,10,7,0,0,138.8,15,1,1,still
2040,31,0,-1,24,0,0,0,24,0,0,117.5,19,0,0,hop
2040,76,1,210,19,1,1,10,9,0,0,140.6,20,0,0,still
2041,123,1,150,12,1,1,7,5,0,0,203.7,14,0,0,still
2042,5,1,180,20,1,1,8,12,0,0,138.0,15,0,2,still
2042,19,1,300,25,1,1,3,22,0,0,138.4,19,0,1,end_cap
2043,1,1,210,18,1,1,11,7,0,0,173.4,18,1,0,still
2043,119,1,210,21,1,1,9,12,0,2,132.4,20,1,1,still
2044,113,1,270,16,1,1,9,7,0,0,144.8,17,0,0,still
2044,145,1,90,16,1,1,9,7,0,0,135.3,15,0,1,still
2045,49,1,30,20,1,1,6,14,0,0,138.3,19,1,0,still
2045,130,1,300,17,1,1,6,11,0,0,138.8,17,1,0,end_cap
2046,68,1,180,16,1,1,11,5,0,0,185.7,16,1,1,still
2047,16,1,90,20,1,1,6,14,0,0,137.3,19,0,0,still
2048,12,1,240,21,1,1,12,9,0,0,119.9,18,0,0,still
2048,161,1,90,23,1,1,8,15,0,1,142.1,19,1,0,still
2048,169,1,120,19,1,1,10,9,0,0,113.2,19,0,0,still
2049,80,1,240,20,1,1,3,17,0,0,127.6,19,0,1,still
2050,139,1,210,22,1,1,12,10,0,0,120.8,20,1,0,still
2051,55,1,270,26,1,1,1,25,0,0,143.7,20,0,2,still
2051,79,1,210,20,1,1,5,15,0,1,130.8,18,0,0,still
2051,118,1,210,24,1,1,12,12,0,0,132.4,17,1,0,still
2052,17,1,180,25,1,1,5,20,0,0,141.0,19,0,2,still
2054,91,0,-1,23,0,0,0,23,0,0,109.4,19,0,0,hop
2056,165,0,-1,25,1,1,5,20,0,3,138.2,18,0,1,start
2056,182,1,150,22,1,1,12,10,0,2,121.5,20,0,0,still
2058,170,1,180,20,1,1,9,11,0,0,131.5,17,0,0,still
2059,9,1,30,22,1,1,10,12,0,0,133.6,18,0,1,still
2059,90,0,-1,21,0,0,0,21,0,0,109.9,20,0,0,nohop_nohold
2060,2,1,300,17,1,1,10,7,0,0,156.4,16,1,0,end_cap
2060,72,1,240,12,1,1,7,5,0,0,192.7,15,1,0,still
2060,90,0,-1,21,0,0,0,21,0,0,109.9,20,0,0,hop
2060,152,0,-1,2,0,0,0,2,0,0,95.9,2,0,0,nohop_nohold
2061,56,1,270,25,0,0,0,25,0,0,144.1,20,0,2,end_pass
2061,152,0,-1,2,0,0,0,2,0,0,95.9,2,0,0,hop
2062,4,1,180,20,1,1,9,11,0,0,142.9,15,0,2,still
2062,153,1,30,21,1,1,13,8,0,1,151.5,17,0,0,still
2063,14,1,30,20,1,1,12,8,0,0,118.5,19,0,0,still
2063,21,1,90,27,1,1,1,26,0,0,145.8,20,0,3,still
2063,117,1,270,23,1,1,13,10,0,0,125.9,20,1,0,still
2063,166,1,150,28,1,1,2,26,0,1,146.3,20,1,2,still
2064,141,1,180,21,1,1,10,11,0,0,132.1,19,0,0,still
2064,142,1,270,22,1,1,9,13,0,1,137.7,17,0,0,still
2064,146,1,120,20,1,1,9,11,0,1,138.5,13,0,2,still
2064,158,1,300,15,1,1,9,6,0,0,158.0,16,0,0,end_cap
2065,6,1,270,21,1,1,10,11,0,0,137.7,15,0,1,still
2065,13,0,-1,22,1,1,13,9,0,0,123.9,20,0,0,start
2065,157,1,240,20,1,1,13,7,0,0,156.1,17,0,0,still
2066,35,1,240,21,1,1,13,8,0,0,151.4,18,0,0,still
2066,140,0,-1,22,1,1,13,9,0,0,128.1,20,0,0,start
2066,177,0,-1,25,0,0,0,25,0,3,125.7,19,0,0,nohop_nohold
2066,183,1,210,22,1,1,12,10,0,1,133.3,18,0,0,still
2067,7,1,270,22,1,1,13,9,0,0,139.6,16,0,1,still
2067,115,1,150,22,1,1,12,10,0,2,143.5,14,0,2,still
2067,159,1,240,11,1,1,6,5,0,0,187.1,11,1,0,still
2067,177,0,-1,25,0,0,0,25,0,3,125.7,19,0,0,hop
2068,8,1,240,21,1,1,13,8,0,0,126.6,17,0,0,still
2068,15,0,-1,20,1,1,10,10,0,0,129.1,18,0,0,start
2068,114,1,120,19,1,1,10,9,0,2,137.6,14,0,1,still
2068,126,1,300,27,1,1,7,20,0,3,149.4,19,1,1,end_cap
2069,3,1,90,19,1,1,12,7,0,0,141.5,15,0,2,still
2069,103,0,-1,4,0,0,0,4,0,0,87.4,3,0,0,hop
2070,66,0,-1,15,0,0,0,15,0,1,108.1,11,0,0,nohop_nohold
2070,76,1,240,24,1,1,13,11,0,0,140.8,20,0,0,still
2071,66,0,-1,15,0,0,0,15,0,1,108.4,11,0,0,hop
2071,123,1,180,17,1,1,10,7,0,0,168.2,14,0,0,still
2072,5,1,210,20,1,1,10,10,0,0,136.9,15,0,2,still
2072,85,0,-1,21,0,0,0,21,0,1,133.8,16,0,1,hop
2073,1,1,240,22,1,1,14,8,0,0,156.5,18,0,0,still
2073,119,1,240,24,1,1,15,9,0,2,132.7,20,1,0,still
2074,113,1,300,21,1,1,12,9,0,2,150.3,17,0,1,end_cap
2074,145,1,120,20,1,1,12,8,0,2,143.9,14,0,2,still
2075,49,1,60,22,1,1,7,15,0,0,141.7,19,0,0,still
2075,138,0,-1,23,0,0,0,23,0,1,130.7,19,0,0,hop
2076,68,1,210,20,1,1,13,7,0,0,158.3,16,1,1,still
2077,16,1,120,21,1,1,5,16,0,0,148.6,19,0,1,still
2078,12,1,270,20,1,1,14,6,0,0,120.5,20,0,0,still
2078,161,1,120,23,1,1,7,16,0,1,146.9,19,1,0,still
2078,169,1,150,19,1,1,11,8,0,0,119.2,19,0,0,still
2079,80,1,270,20,1,1,1,19,0,0,133.5,19,0,2,still
2080,33,0,-1,12,0,0,0,12,0,1,116.6,8,0,0,nohop_nohold
2080,139,1,240,21,1,1,14,7,0,0,121.3,20,1,0,still
2081,33,0,-1,13,0,0,0,13,0,1,125.9,8,0,1,hop
2081,34,0,-1,6,0,0,0,6,0,0,109.2,5,0,0,hop
2081,55,1,300,26,0,0,0,26,0,0,144.8,20,1,2,end_cap
2081,79,1,240,20,1,1,4,16,0,1,137.7,17,0,1,still
2081,118,1,240,23,1,1,14,9,0,0,132.0,17,1,0,still
2082,17,1,210,26,1,1,4,22,0,0,142.6,19,0,3,still
2086,110,0,-1,11,0,0,0,11,0,0,110.9,8,0,1,hop
2086,165,1,30,26,1,1,3,23,0,3,139.8,18,1,2,still
2086,182,1,180,22,1,1,14,8,0,2,127.1,20,0,0,still
2088,65,0,-1,22,0,0,0,22,0,0,119.9,19,0,0,nohop_nohold
2088,170,1,210,20,1,1,6,14,0,0,131.6,18,0,0,still
2089,9,1,60,20,1,1,12,8,0,0,126.7,18,0,0,still
2089,65,0,-1,22,0,0,0,22,0,0,119.9,19,0,0,hop
2090,72,1,270,17,1,1,9,8,0,0,156.0,15,1,0,still
2091,87,0,-1,23,0,0,0,23,0,1,124.2,19,0,0,nohop_nohold
2092,4,1,210,20,1,1,10,10,0,0,142.3,15,0,2,still
2092,87,0,-1,23,0,0,0,23,0,1,124.2,19,0,0,hop
2092,101,0,-1,6,0,0,0,6,0,0,125.2,5,0,0,nohop_nohold
2092,153,1,60,22,1,1,12,10,0,1,154.7,16,0,1,still
2093,14,1,60,19,1,1,13,6,0,0,118.5,20,0,0,still
2093,21,1,120,26,1,1,0,26,0,0,144.2,20,0,2,still
2093,83,0,-1,22,0,0,0,22,0,0,137.1,18,0,1,hop
2093,101,0,-1,6,0,0,0,6,0,0,125.3,5,0,0,hop
2093,117,1,300,22,1,1,15,7,0,0,126.1,20,1,0,end_cap
2093,166,1,180,28,1,1,1,27,0,1,147.9,20,1,2,still
2094,141,1,210,21,1,1,9,12,0,0,131.6,19,0,0,still
2094,142,1,300,22,1,1,8,14,0,1,138.0,17,0,0,end_cap
2094,146,1,150,20,1,1,10,10,0,1,138.4,13,0,2,still
2095,6,1,300,21,1,1,13,8,0,0,138.2,15,0,0,end_cap
2095,13,1,30,22,1,1,14,8,0,0,124.3,20,0,0,still
2095,157,1,270,21,1,1,13,8,0,0,156.1,17,0,0,still
2096,35,1,270,16,1,1,5,11,0,0,177.0,18,0,1,still
2096,73,0,-1,6,0,0,0,6,0,0,81.7,5,0,0,nohop_nohold
2096,140,1,30,22,1,1,13,9,0,0,127.9,20,0,0,still
2096,183,1,240,22,1,1,10,12,0,1,132.5,18,0,0,still
2097,7,1,300,20,1,1,12,8,0,0,136.1,16,0,0,end_cap
2097,73,0,-1,6,0,0,0,6,0,0,81.0,5,0,0,hop
2097,115,1,180,20,1,1,9,11,0,1,145.8,14,0,2,still
2097,159,1,270,10,1,1,4,6,0,0,171.7,11,1,0,still
2098,8,1,270,22,1,1,13,9,0,0,131.4,17,0,0,still
2098,15,1,30,20,1,1,7,13,0,0,128.7,18,0,0,still
2098,114,1,150,17,1,1,6,11,0,0,131.3,14,0,1,still
2099,3,1,120,18,1,1,9,9,0,0,141.6,15,1,2,still
2099,44,0,-1,22,1,1,13,9,0,0,130.5,19,0,0,start
2100,76,1,270,23,1,1,10,13,0,0,137.0,20,0,1,still
2101,29,0,-1,24,0,0,0,24,0,0,110.2,20,0,0,hop
2101,123,1,210,12,1,1,4,8,0,0,193.5,14,0,0,still
2102,5,1,240,20,1,1,9,11,0,0,138.2,14,0,2,still
2103,1,1,270,20,1,1,8,12,0,0,173.1,18,1,1,still
2103,119,1,270,24,1,1,15,9,0,2,132.9,20,1,0,still
2104,145,1,150,18,1,1,9,9,0,1,143.3,14,0,1,still
2105,49,1,90,23,1,1,5,18,0,0,145.7,19,0,2,still
2106,68,1,240,14,1,1,5,9,0,0,176.0,16,1,1,still
2107,16,1,150,22,1,1,4,18,0,0,144.7,19,0,2,still
2108,12,1,300,21,1,1,14,7,0,0,120.5,20,0,0,end_cap
2108,135,0,-1,27,0,0,0,27,0,3,134.5,19,0,0,nohop_nohold
2108,161,1,150,25,1,1,6,19,0,1,148.5,19,1,2,still
2108,169,1,180,20,1,1,11,9,0,0,120.5,19,0,0,still
2109,80,1,300,21,1,1,1,20,0,0,128.2,19,0,2,end_cap
2109,135,0,-1,27,0,0,0,27,0,3,134.5,19,0,0,hop
2110,139,1,270,24,1,1,14,10,0,1,130.7,21,1,0,still
2111,79,1,270,21,1,1,2,19,0,1,132.3,17,0,2,still
2111,118,1,270,24,1,1,14,10,0,0,132.0,17,1,0,still
2112,17,1,240,25,1,1,2,23,0,0,138.7,19,0,3,still
2113,86,0,-1,23,0,0,0,23,0,0,136.7,17,0,0,nohop_nohold
2114,86,0,-1,23,0,0,0,23,0,0,136.7,17,0,0,hop
2114,127,0,-1,26,1,1,3,23,0,3,142.8,19,0,2,start
2116,108,0,-1,15,0,0,0,15,0,0,112.1,12,0,1,nohop_nohold
2116,165,1,60,27,1,1,3,24,0,4,145.1,18,1,2,still
2116,182,1,210,23,1,1,13,10,0,2,128.5,21,0,0,still
2117,108,0,-1,15,0,0,0,15,0,0,111.9,12,0,1,hop
2118,170,1,240,21,1,1,6,15,0,0,135.4,17,0,1,still
2119,9,1,90,21,1,1,12,9,0,0,128.5,18,0,0,still
2120,72,1,300,11,1,1,2,9,0,0,186.0,15,1,0,end_cap
2122,4,1,240,19,1,1,8,11,0,0,139.5,15,1,1,still
2122,71,0,-1,9,0,0,0,9,0,1,103.3,6,0,0,nohop_nohold
2122,153,1,90,18,1,1,7,11,0,0,162.4,16,1,1,still
2123,14,1,90,21,1,1,12,9,0,0,124.3,21,0,0,still
2123,21,1,150,24,1,1,0,24,0,0,139.0,20,0,0,still
2123,71,0,-1,9,0,0,0,9,0,1,103.3,6,0,0,hop
2123,166,1,210,26,1,1,1,25,0,1,143.5,20,1,0,still
2124,141,1,240,22,1,1,8,14,0,0,135.5,19,0,1,still
2124,146,1,180,19,1,1,8,11,0,1,137.6,13,0,1,still
2124,199,0,-1,15,1,1,5,10,0,2,179.1,16,0,0,start
2125,13,1,60,24,1,1,14,10,0,0,131.2,20,0,0,still
2125,157,1,300,19,1,1,8,11,0,0,175.7,17,1,1,end_cap
2126,35,1,300,18,1,1,7,11,0,0,170.4,18,0,1,end_cap
2126,140,1,60,22,1,1,12,10,0,0,128.3,20,0,0,still
2126,183,1,270,23,1,1,10,13,0,1,136.7,18,0,1,still
2127,115,1,210,20,1,1,9,11,0,0,137.3,13,0,1,still
2127,159,1,300,13,1,1,5,8,0,0,155.3,11,1,0,end_cap
2128,8,1,300,21,1,1,12,9,0,0,129.0,17,0,0,end_cap
2128,15,1,60,20,1,1,6,14,0,0,131.5,18,1,1,still
2128,50,0,-1,23,1,1,5,18,0,0,145.7,19,0,2,start
2128,114,1,180,16,1,1,6,10,0,1,134.1,14,0,0,still
2129,3,1,150,16,1,1,6,10,0,0,143.6,15,0,2,still
2129,44,1,30,23,1,1,14,9,0,0,129.6,19,0,0,still
2130,76,1,300,23,1,1,11,12,0,0,135.8,21,0,1,end_cap
2131,123,1,240,16,1,1,6,10,0,0,157.9,14,0,0,still
2132,5,1,270,20,1,1,7,13,0,0,137.3,14,1,1,still
2132,47,0,-1,23,1,1,13,10,0,0,128.8,21,0,0,start
2133,1,1,300,20,1,1,6,14,0,0,171.8,18,0,1,end_cap
2133,119,1,300,27,1,1,16,11,0,3,140.0,20,1,0,end_cap
2133,144,0,-1,4,0,0,0,4,0,0,101.6,3,0,0,hop
2134,145,1,180,19,1,1,7,12,0,2,154.1,14,1,1,still
2134,154,0,-1,20,1,1,6,14,0,1,170.2,17,0,1,start
2135,49,1,120,23,1,1,6,17,0,0,143.5,19,0,2,still
2136,68,1,270,20,1,1,6,14,0,0,170.4,16,0,2,still
2137,16,1,180,22,1,1,4,18,0,0,143.6,19,0,2,still
2137,168,0,-1,26,0,0,0,26,0,4,146.0,18,0,0,nohop_nohold
2138,161,1,180,25,1,1,7,18,0,1,146.6,19,1,2,still
2138,168,0,-1,26,0,0,0,26,0,4,146.0,18,0,0,hop
2138,169,1,210,20,1,1,10,10,0,0,120.7,20,0,0,still
2140,139,1,300,25,1,1,15,10,0,1,133.4,21,0,0,end_cap
2141,79,1,300,21,1,1,2,19,0,1,134.9,17,0,2,end_cap
2141,118,1,300,27,1,1,15,12,0,0,138.4,18,0,0,end_cap
2142,17,1,270,24,1,1,1,23,0,0,137.4,19,0,2,still
2144,127,1,30,25,1,1,2,23,0,3,141.7,19,1,1,still
2145,67,0,-1,14,0,0,0,14,0,0,124.3,11,0,1,nohop_nohold
2146,10,0,-1,25,1,1,14,11,0,0,136.0,21,0,0,start
2146,67,0,-1,14,0,0,0,14,0,0,124.4,11,0,1,hop
2146,165,1,90,25,1,1,2,23,0,4,139.4,18,1,0,still
2146,182,1,240,26,1,1,13,13,0,2,140.5,21,0,1,still
2147,99,0,-1,7,0,0,0,7,0,0,82.2,6,0,0,nohop_nohold
2147,172,0,-1,27,0,0,0,27,0,4,142.2,16,0,0,nohop_nohold
2148,75,0,-1,1,0,0,0,1,0,0,32.2,1,0,0,hop
2148,99,0,-1,7,0,0,0,7,0,0,82.0,6,0,0,hop
2148,170,1,270,21,1,1,5,16,0,0,134.9,17,0,2,still
2148,171,0,-1,27,0,0,0,27,0,4,148.0,15,0,0,hop
2148,172,0,-1,27,0,0,0,27,0,4,142.2,16,0,0,hop
2149,9,1,120,25,1,1,13,12,0,0,139.6,19,0,0,still
2151,32,0,-1,14,0,0,0,14,0,0,119.6,11,0,1,hop
2152,4,1,270,19,1,1,7,12,0,0,140.9,15,1,1,still
2152,153,1,120,19,1,1,6,13,0,2,172.4,16,0,1,still
2153,14,1,120,23,1,1,11,12,0,1,130.8,20,0,1,still
2153,21,1,180,24,1,1,0,24,0,0,139.7,20,0,0,still
2153,166,1,240,26,1,1,1,25,0,1,144.1,20,1,0,still
2154,141,1,270,22,1,1,7,15,0,0,134.1,19,0,2,still
2154,146,1,210,19,1,1,7,12,0,0,136.9,13,0,1,still
2154,199,1,30,18,1,1,5,13,0,2,164.4,16,0,1,still
2155,13,1,90,25,1,1,13,12,0,0,134.0,20,0,1,still
2156,89,0,-1,23,0,0,0,23,0,0,112.1,19,0,1,hop
2156,91,0,-1,24,0,0,0,24,0,0,114.6,19,0,1,hop
2156,140,1,90,23,1,1,11,12,0,0,131.4,20,0,1,still
2156,183,1,300,23,1,1,8,15,0,1,134.9,18,0,2,end_cap
2157,115,1,240,22,1,1,8,14,0,0,140.3,14,0,1,still
2158,15,1,90,21,1,1,6,15,0,0,131.3,18,0,2,still
2158,50,1,30,22,1,1,3,19,0,0,145.1,19,0,2,still
2158,114,1,210,17,1,1,6,11,0,0,136.7,14,1,0,still
2159,3,1,180,16,1,1,6,10,0,0,143.4,15,1,1,still
2159,44,1,60,23,1,1,12,11,0,0,128.9,20,0,0,still
2159,151,0,-1,25,1,1,13,12,0,1,130.7,21,0,0,start
2161,23,0,-1,24,0,0,0,24,0,0,144.9,17,0,0,nohop_nohold
2161,123,1,270,15,1,1,4,11,0,0,157.8,14,1,1,still
2162,5,1,300,22,1,1,9,13,0,0,140.7,14,1,1,end_cap
2162,23,0,-1,24,0,0,0,24,0,0,144.9,17,0,0,hop
2162,47,1,30,24,1,1,11,13,0,0,130.9,21,0,1,still
2164,145,1,210,19,1,1,7,12,0,1,144.4,14,1,0,still
2164,154,1,30,19,1,1,4,15,0,1,161.8,17,1,1,still
2165,49,1,150,22,1,1,4,18,0,0,143.6,19,0,2,still
2165,195,0,-1,19,1,1,6,13,0,2,160.3,17,0,0,start
2166,25,0,-1,24,0,0,0,24,0,0,134.5,17,0,0,nohop_nohold
2166,68,1,300,18,1,1,4,14,0,0,170.2,16,0,2,end_cap
2166,77,0,-1,23,1,1,5,18,0,0,142.9,19,0,1,start
2167,16,1,210,20,1,1,2,18,0,0,139.4,19,0,1,still
2167,25,0,-1,24,0,0,0,24,0,0,134.5,17,0,0,hop
2168,85,0,-1,21,0,0,0,21,0,0,135.1,17,0,0,nohop_nohold
2168,161,1,210,23,1,1,6,17,0,1,143.0,19,1,1,still
2168,169,1,240,23,1,1,9,14,0,0,132.2,21,0,2,still
2169,85,0,-1,21,0,0,0,21,0,0,135.0,17,0,0,hop
2172,17,1,300,23,1,1,1,22,0,0,135.0,19,0,1,end_cap
2173,111,0,-1,0,0,0,0,0,0,0,0.0,0,0,0,hop
2174,127,1,60,22,1,1,1,21,0,3,130.2,19,1,0,still
2176,10,1,30,25,1,1,15,10,0,0,135.0,21,0,0,still
2176,165,1,120,25,1,1,1,24,0,4,140.2,18,1,0,still
2176,182,1,270,26,1,1,11,15,0,1,137.8,21,0,2,still
2178,170,1,300,21,1,1,5,16,0,0,136.6,18,0,2,end_cap
2179,9,1,150,20,1,1,8,12,0,0,158.6,19,0,0,still
2180,11,0,-1,19,1,1,8,11,0,0,141.9,20,0,1,start
2181,158,0,-1,14,1,1,2,12,0,1,155.0,17,0,1,start
2182,4,1,300,17,1,1,6,11,0,0,127.6,15,0,0,end_cap
2182,153,1,150,18,1,1,6,12,0,1,154.7,16,1,0,still
2182,188,0,-1,19,1,1,7,12,0,2,152.8,15,0,0,start
2183,14,1,150,22,1,1,7,15,0,1,132.6,20,1,2,still
2183,21,1,210,24,1,1,0,24,0,0,138.7,20,0,0,still
2183,166,1,270,26,1,1,1,25,0,1,143.1,20,1,0,still
2184,141,1,300,22,1,1,6,16,0,0,134.3,19,0,2,end_cap
2184,146,1,240,18,1,1,6,12,0,1,129.7,13,0,0,still
2184,199,1,60,17,1,1,4,13,0,2,159.4,16,0,1,still
2185,13,1,120,23,1,1,8,15,0,0,136.5,20,1,2,still
2186,113,0,-1,19,1,1,7,12,0,2,147.2,15,0,0,start
2186,140,1,120,21,1,1,5,16,0,0,123.7,20,0,2,still
2187,115,1,270,20,1,1,6,14,0,2,142.0,14,0,1,still
2188,15,1,120,21,1,1,5,16,0,0,132.8,18,0,2,still
2188,50,1,60,20,1,1,2,18,0,0,138.6,20,0,0,still
2188,114,1,240,18,1,1,6,12,0,2,130.1,14,1,0,still
2189,3,1,210,17,1,1,6,11,0,0,131.3,15,0,0,still
2189,44,1,90,21,1,1,10,11,0,1,150.1,20,0,1,still
2189,151,1,30,23,1,1,8,15,0,1,139.4,21,0,2,still
2191,123,1,300,16,1,1,6,10,0,0,158.8,14,1,1,end_cap
2192,47,1,60,23,1,1,7,16,0,0,130.5,21,1,2,still
2194,145,1,240,19,1,1,7,12,0,2,139.6,14,1,0,still
2194,154,1,60,19,1,1,7,12,0,1,153.1,17,1,0,still
2195,26,0,-1,26,0,0,0,26,0,0,120.0,19,0,1,hop
2195,49,1,180,20,1,1,3,17,0,0,135.9,19,0,0,still
2195,195,1,30,20,1,1,8,12,0,2,156.3,17,0,0,still
2196,77,1,30,22,1,1,4,18,0,0,139.3,19,0,0,still
2197,16,1,240,19,1,1,1,18,0,0,135.5,19,0,0,still
2197,177,0,-1,25,0,0,0,25,0,3,125.8,18,0,1,nohop_nohold
2198,87,0,-1,24,0,0,0,24,0,1,124.9,19,0,1,hop
2198,161,1,240,23,1,1,5,18,0,2,144.3,19,1,0,still
2198,169,1,270,22,1,1,5,17,0,0,132.9,21,1,2,still
2198,177,0,-1,24,0,0,0,24,0,3,121.0,18,0,0,hop
2199,103,0,-1,4,0,0,0,4,0,0,83.9,4,0,0,nohop_nohold
2200,57,0,-1,22,0,0,0,22,0,0,140.1,19,0,0,hop
2200,103,0,-1,4,0,0,0,4,0,0,83.9,4,0,0,hop
2202,109,0,-1,11,0,0,0,11,0,0,105.2,8,0,0,hop
2204,127,1,90,23,1,1,1,22,0,3,134.9,19,1,0,still
2205,90,0,-1,22,0,0,0,22,0,0,113.8,20,0,0,hop
2206,10,1,60,21,1,1,9,12,0,0,156.8,21,0,1,still
2206,165,1,150,25,1,1,1,24,0,4,140.1,18,1,0,still
2206,182,1,300,22,1,1,5,17,0,0,131.9,21,0,2,end_cap
2207,2,0,-1,18,1,1,8,10,0,0,150.3,16,0,0,start
2207,126,0,-1,23,1,1,3,20,0,3,136.8,19,0,0,start
2209,9,1,180,21,1,1,7,14,0,0,160.9,19,0,1,still
2210,11,1,30,20,1,1,6,14,0,0,145.6,20,0,2,still
2210,107,0,-1,16,0,0,0,16,0,0,112.6,13,0,0,nohop_nohold
2211,83,0,-1,21,0,0,0,21,0,0,133.9,18,0,0,hop
2211,107,0,-1,16,0,0,0,16,0,0,112.5,13,0,0,hop
2211,158,1,30,14,1,1,5,9,0,1,146.7,17,1,0,still
2212,153,1,180,19,1,1,9,10,0,1,151.1,16,1,0,still
2212,188,1,30,20,1,1,9,11,0,2,150.8,15,0,0,still
2213,14,1,180,22,1,1,5,17,0,0,135.1,21,1,2,still
2213,21,1,240,24,1,1,0,24,0,0,138.7,20,0,0,still
2213,130,0,-1,17,1,1,6,11,0,0,122.5,17,0,0,start
2213,152,0,-1,2,0,0,0,2,0,0,60.1,2,0,0,nohop_nohold
2213,166,1,300,26,1,1,1,25,0,1,143.1,20,1,0,end_cap
2214,146,1,270,18,1,1,6,12,0,1,129.4,13,0,0,still
2214,152,0,-1,2,0,0,0,2,0,0,60.0,2,0,0,hop
2214,199,1,90,16,1,1,6,10,0,2,156.7,16,1,0,still
2215,13,1,150,22,1,1,7,15,0,0,139.3,20,1,2,still
2216,113,1,30,20,1,1,8,12,0,2,151.5,15,1,0,still
2216,140,1,150,22,1,1,7,15,0,0,135.1,21,0,2,still
2217,115,1,300,20,1,1,6,14,0,2,142.1,14,0,1,end_cap
2218,15,1,150,19,1,1,7,12,0,0,124.5,18,1,0,still
2218,50,1,90,21,1,1,3,18,0,0,143.0,20,0,0,still
2218,86,0,-1,24,0,0,0,24,0,0,138.7,17,0,1,nohop_nohold
2218,114,1,270,18,1,1,5,13,0,2,130.3,14,1,0,still
2219,3,1,240,17,1,1,5,12,0,0,131.4,15,0,0,still
2219,44,1,120,21,1,1,9,12,0,1,153.6,20,0,2,still
2219,86,0,-1,24,0,0,0,24,0,0,138.6,17,0,1,hop
2219,151,1,60,22,1,1,7,15,0,1,142.7,21,0,2,still
2222,47,1,90,22,1,1,7,15,0,0,134.3,21,1,2,still
2222,194,0,-1,23,1,1,10,13,0,3,151.3,20,0,2,start
2223,12,0,-1,21,1,1,8,13,0,0,142.9,19,0,2,start
2224,133,0,-1,15,0,0,0,15,0,3,124.1,9,0,0,nohop_nohold
2224,145,1,270,19,1,1,8,11,0,2,139.7,14,1,0,still
2224,154,1,90,16,1,1,4,12,0,1,142.8,17,1,0,still
2225,49,1,210,20,1,1,4,16,0,0,135.7,19,0,0,still
2225,133,0,-1,15,0,0,0,15,0,3,124.0,9,0,0,hop
2225,195,1,60,18,1,1,6,12,0,2,151.3,17,1,0,still
2226,77,1,60,23,1,1,5,18,0,0,143.2,19,0,0,still
2227,16,1,270,20,1,1,2,18,0,0,140.4,19,0,0,still
2227,54,0,-1,24,1,1,1,23,0,0,137.3,20,0,0,start
2228,31,0,-1,23,0,0,0,23,0,0,112.0,19,0,0,hop
2228,161,1,270,24,1,1,8,16,0,2,148.0,19,1,0,still
2228,169,1,300,21,1,1,8,13,0,0,129.8,21,1,1,end_cap
2229,80,0,-1,20,1,1,2,18,0,0,126.6,19,0,0,start
2229,168,0,-1,27,0,0,0,27,0,4,148.0,18,0,1,hop
2231,7,0,-1,25,1,1,13,12,0,0,142.2,14,0,1,start
2232,28,0,-1,25,0,0,0,25,0,0,116.8,19,0,0,nohop_nohold
2232,116,0,-1,26,1,1,13,13,0,2,145.1,15,0,1,start
2233,28,0,-1,25,0,0,0,25,0,0,116.8,19,0,0,hop
2234,127,1,120,24,1,1,3,21,0,3,138.3,19,1,0,still
2236,10,1,90,27,1,1,15,12,0,0,139.5,21,0,2,still
2236,165,1,180,26,1,1,3,23,0,4,143.7,18,1,0,still
2237,2,1,30,15,1,1,6,9,0,0,144.9,16,1,0,still
2237,126,1,30,25,1,1,5,20,0,3,144.3,19,1,0,still
2239,9,1,210,27,1,1,14,13,0,0,143.3,19,0,2,still
2239,34,0,-1,5,0,0,0,5,0,0,78.3,5,0,0,nohop_nohold
2240,11,1,60,25,1,1,13,12,0,0,130.8,20,0,2,still
2240,34,0,-1,5,0,0,0,5,0,0,78.2,5,0,0,hop
2241,158,1,60,9,1,1,0,9,0,1,155.0,17,1,0,still
2242,153,1,210,15,1,1,6,9,0,1,149.2,16,1,0,still
2242,188,1,60,17,1,1,7,10,0,1,147.4,15,1,0,still
2243,14,1,210,23,1,1,8,15,0,0,128.4,21,0,1,still
2243,21,1,270,25,0,0,0,25,0,0,141.3,20,0,1,end_pass
2243,65,0,-1,21,0,0,0,21,0,0,112.4,19,0,0,hop
2243,130,1,30,16,1,1,7,9,0,0,117.4,17,0,0,still
2244,71,0,-1,8,0,0,0,8,0,0,96.3,6,0,0,hop
2244,146,1,300,21,1,1,12,9,0,1,137.5,13,0,1,end_cap
2244,199,1,120,10,1,1,0,10,0,1,163.9,16,1,0,still
2245,13,1,180,25,1,1,11,14,0,0,131.3,20,0,1,still
2246,113,1,60,19,1,1,8,11,0,1,152.3,15,1,0,still
2246,140,1,180,19,1,1,8,11,0,0,113.6,21,0,0,still
2248,15,1,180,18,1,1,7,11,0,0,120.9,18,0,0,still
2248,50,1,120,19,1,1,3,16,0,0,134.0,20,0,0,still
2248,114,1,300,20,1,1,11,9,0,1,139.4,14,0,1,end_cap
2249,3,1,270,20,1,1,9,11,0,0,143.5,15,1,1,still
2249,44,1,150,26,1,1,15,11,0,1,135.0,20,0,2,still
2249,72,0,-1,10,1,1,1,9,0,0,158.9,15,0,0,start
2249,151,1,90,26,1,1,12,14,0,1,132.4,21,0,1,still
2251,172,0,-1,28,0,0,0,28,0,4,145.3,16,0,1,nohop_nohold
2252,47,1,120,22,1,1,9,13,0,0,120.6,21,0,0,still
2252,117,0,-1,24,1,1,8,16,0,1,147.1,20,0,0,start
2252,172,0,-1,28,0,0,0,28,0,4,145.3,16,0,1,hop
2252,194,1,30,27,1,1,14,13,0,3,137.6,20,1,2,still
2253,12,1,30,24,1,1,12,12,0,0,127.6,19,0,1,still
2254,145,1,300,18,1,1,8,10,0,0,136.4,14,0,0,end_cap
2254,154,1,120,16,1,1,4,12,0,1,152.1,17,1,0,still
2255,49,1,240,19,1,1,4,15,0,0,130.9,19,0,0,still
2255,195,1,90,20,1,1,7,13,0,2,162.7,17,1,0,still
2256,55,0,-1,25,0,0,0,25,0,0,141.4,20,0,1,hop
2256,77,1,90,22,1,1,5,17,0,1,138.7,18,0,0,still
2256,183,0,-1,19,1,1,8,11,0,1,118.8,19,0,0,start
2257,16,1,300,19,1,1,2,17,0,0,136.1,19,0,0,end_cap
2257,54,1,30,25,0,0,0,25,0,0,139.1,20,0,1,end_pass
2258,161,1,300,23,1,1,5,18,0,2,145.1,19,1,0,end_cap
2259,80,1,30,21,1,1,0,21,0,0,130.9,19,0,1,still
2261,7,1,30,24,1,1,13,11,0,0,142.4,14,1,2,still
2261,19,0,-1,25,1,1,0,25,0,0,137.0,19,0,1,start
2261,128,0,-1,28,0,0,0,28,0,3,148.0,20,0,1,nohop_nohold
2262,116,1,30,23,1,1,10,13,0,2,140.9,15,0,2,still
2262,128,0,-1,28,0,0,0,28,0,3,148.0,20,0,1,hop
2264,127,1,150,25,1,1,2,23,0,3,141.0,19,1,1,still
2266,10,1,120,23,1,1,13,10,0,0,136.1,21,0,2,still
2266,119,0,-1,25,1,1,15,10,0,3,139.8,19,0,2,start
2266,165,1,210,26,0,0,2,24,0,4,141.0,18,1,1,end_pass
2266,171,0,-1,28,0,0,0,28,0,4,151.2,16,0,1,nohop_nohold
2267,2,1,60,17,1,1,6,11,0,0,152.0,16,1,0,still
2267,101,0,-1,2,0,0,0,2,0,0,133.2,2,0,0,hop
2267,126,1,60,27,1,1,3,24,0,3,149.2,19,0,1,still
2267,171,0,-1,28,0,0,0,28,0,4,151.3,16,0,1,hop
2269,9,1,240,23,1,1,13,10,0,0,138.3,19,0,2,still
2269,33,0,-1,11,0,0,0,11,0,0,117.0,8,0,1,hop
2269,136,0,-1,10,0,0,0,10,0,1,115.7,6,0,0,nohop_nohold
2270,11,1,90,21,1,1,11,10,0,0,126.7,20,0,1,still
2270,136,0,-1,10,0,0,0,10,0,1,116.4,6,0,0,hop
2271,158,1,90,13,1,1,3,10,0,1,165.8,16,1,0,still
2272,153,1,240,18,1,1,6,12,0,1,157.9,16,1,0,still
2272,188,1,90,20,1,1,7,13,0,1,160.1,15,0,0,still
2273,14,1,240,22,1,1,9,13,0,0,133.3,21,0,0,still
2273,76,0,-1,23,1,1,10,13,0,0,138.4,21,0,0,start
2273,85,0,-1,22,0,0,0,22,0,1,138.6,16,0,1,nohop_nohold
2273,130,1,60,20,1,1,6,14,0,0,139.2,17,0,0,still
2274,85,0,-1,22,0,0,0,22,0,1,138.7,16,0,1,hop
2274,199,1,150,14,1,1,3,11,0,1,170.5,15,1,0,still
2275,13,1,210,23,1,1,11,12,0,0,133.1,19,0,0,still
2275,144,0,-1,3,0,0,0,3,0,0,70.1,3,0,0,nohop_nohold
2276,35,0,-1,17,1,1,6,11,0,0,153.0,17,0,0,start
2276,73,0,-1,6,0,0,0,6,0,0,99.1,5,0,0,nohop_nohold
2276,113,1,90,19,1,1,6,13,0,1,156.4,15,0,0,still
2276,140,1,210,21,1,1,10,11,0,0,129.7,21,0,0,still
2276,144,0,-1,3,0,0,0,3,0,0,70.7,3,0,0,hop
2277,73,0,-1,6,0,0,0,6,0,0,99.3,5,0,0,hop
2278,15,1,210,21,1,1,7,14,0,0,134.4,18,1,0,still
2278,50,1,150,21,1,1,3,18,0,0,141.1,20,0,0,still
2279,3,1,300,20,1,1,8,12,0,0,150.6,15,1,2,end_cap
2279,5,0,-1,22,1,1,12,10,0,0,145.4,14,0,3,start
2279,29,0,-1,24,0,0,0,24,0,0,111.3,19,0,0,nohop_nohold
2279,44,1,180,20,1,1,13,7,0,0,124.7,20,0,1,still
2279,72,1,30,12,1,1,3,9,0,0,162.6,15,1,0,still
2279,151,1,120,25,1,1,13,12,0,1,138.7,21,1,0,still
2279,159,0,-1,6,1,1,2,4,0,0,128.2,12,0,0,start
2280,29,0,-1,24,0,0,0,24,0,0,111.3,19,0,0,hop
2282,47,1,150,22,1,1,11,11,0,0,127.4,21,0,0,still
2282,62,0,-1,24,0,0,0,24,0,1,110.9,19,0,0,nohop_nohold
2282,117,1,30,25,1,1,8,17,0,1,148.9,20,0,0,still
2282,194,1,60,24,1,1,15,9,0,3,135.8,20,1,0,still
2283,12,1,60,23,1,1,12,11,0,0,134.2,18,0,0,still
2283,62,0,-1,24,0,0,0,24,0,1,110.9,19,0,0,hop
2284,154,1,150,18,1,1,6,12,0,1,151.4,17,1,0,still
2285,49,1,270,24,1,1,5,19,0,0,148.2,19,0,1,still
2285,195,1,120,20,1,1,8,12,0,2,158.7,17,1,0,still
2286,77,1,120,26,1,1,6,20,0,0,149.3,19,0,1,still
2286,183,1,30,21,1,1,8,13,0,1,132.5,19,0,0,still
2287,142,0,-1,23,1,1,8,15,0,1,140.8,17,0,0,start
2289,80,1,60,22,1,1,1,21,0,0,132.7,19,0,1,still
2289,91,0,-1,23,0,0,0,23,0,0,110.1,19,0,0,nohop_nohold
2290,91,0,-1,23,0,0,0,23,0,0,110.0,19,0,0,hop
2290,99,0,-1,7,0,0,0,7,0,0,110.6,5,0,0,hop
2291,7,1,60,23,1,1,14,9,0,0,141.6,14,1,2,still
2291,19,1,30,25,0,0,0,25,0,0,137.3,19,0,1,end_pass
2292,116,1,60,23,1,1,12,11,0,2,140.6,15,1,2,still
2294,75,0,-1,2,0,0,0,2,0,0,112.1,2,0,0,nohop_nohold
2294,127,1,180,26,1,1,1,25,0,3,141.5,19,0,1,still
2295,75,0,-1,2,0,0,0,2,0,0,109.7,2,0,0,hop
2296,10,1,150,19,1,1,14,5,0,0,123.1,21,0,0,still
2296,119,1,30,23,1,1,17,6,0,3,133.2,19,1,0,still
2297,2,1,90,18,1,1,6,12,0,0,152.1,16,0,1,still
2297,126,1,90,28,1,1,3,25,0,3,149.7,19,0,1,still
2299,9,1,270,21,1,1,14,7,0,0,134.1,19,0,1,still
2300,11,1,120,21,1,1,13,8,0,0,127.6,20,0,0,still
2301,89,0,-1,21,0,0,0,21,0,0,105.4,18,0,0,nohop_nohold
2301,157,0,-1,17,1,1,5,12,0,0,147.1,17,0,0,start
2301,158,1,120,14,1,1,5,9,0,0,147.1,16,1,0,still
2302,89,0,-1,21,0,0,0,21,0,0,105.6,18,0,0,hop
2302,153,1,270,20,1,1,8,12,0,1,155.5,16,1,1,still
2302,188,1,120,22,1,1,9,13,0,2,160.7,16,0,1,still
2303,14,1,270,21,1,1,10,11,0,0,128.2,21,0,0,still
2303,76,1,30,25,1,1,11,14,0,0,144.0,21,0,0,still
2303,130,1,90,22,1,1,6,16,0,0,145.0,17,0,1,still
2304,138,0,-1,20,0,0,0,20,0,0,120.0,17,0,0,nohop_nohold
2304,199,1,180,15,1,1,6,9,0,0,151.6,15,1,0,still
2305,13,1,240,23,1,1,12,11,0,0,133.3,19,0,0,still
2305,138,0,-1,21,0,0,0,21,0,1,124.6,17,0,0,hop
2306,35,1,30,19,1,1,7,12,0,0,151.8,17,0,1,still
2306,113,1,120,21,1,1,8,13,0,2,157.6,15,0,1,still
2306,140,1,240,22,1,1,11,11,0,0,133.6,21,0,0,still
2308,15,1,240,24,1,1,9,15,0,1,144.3,18,1,1,still
2308,50,1,180,24,1,1,3,21,0,0,147.5,20,0,1,still
2309,5,1,30,20,1,1,10,10,0,0,141.5,14,0,3,still
2309,44,1,210,19,1,1,14,5,0,0,121.1,20,0,0,still
2309,72,1,60,14,1,1,6,8,0,0,147.5,15,1,0,still
2309,151,1,150,25,1,1,14,11,0,1,138.9,21,1,0,still
2309,159,1,30,8,1,1,4,4,0,0,138.2,12,1,0,still
2310,111,0,-1,0,0,0,0,0,0,0,0.0,0,0,0,nohop_nohold
2311,111,0,-1,0,0,0,0,0,0,0,0.0,0,0,0,hop
2312,47,1,180,22,1,1,11,11,0,0,127.3,21,0,0,still
2312,117,1,60,28,1,1,9,19,0,1,154.9,20,0,1,still
2312,194,1,90,24,1,1,16,8,0,3,136.3,20,1,0,still
2313,12,1,90,22,1,1,13,9,0,0,130.1,18,0,0,still
2314,40,0,-1,17,1,1,9,8,0,0,130.6,14,0,2,start
2314,92,0,-1,17,0,0,0,17,0,0,106.0,15,0,0,nohop_nohold
2314,154,1,180,20,1,1,7,13,0,1,165.7,17,1,1,still
2315,49,1,300,23,1,1,3,20,0,0,142.1,19,0,1,end_cap
2315,92,0,-1,17,0,0,0,17,0,0,106.0,15,0,0,hop
2315,195,1,150,20,1,1,8,12,0,2,165.2,17,1,1,still
2316,77,1,150,24,1,1,2,22,0,0,141.0,20,0,1,still
2316,183,1,60,19,1,1,4,15,0,1,131.1,20,0,1,still
2317,142,1,30,21,1,1,3,18,0,1,135.4,18,0,1,still
2319,80,1,90,22,1,1,0,22,0,0,133.4,19,0,1,still
2320,23,0,-1,24,0,0,0,24,0,0,144.3,17,0,0,nohop_nohold
2321,7,1,90,19,1,1,12,7,0,0,128.2,14,1,0,still
2321,23,0,-1,24,0,0,0,24,0,0,144.2,17,0,0,hop
2322,116,1,90,21,1,1,12,9,0,2,137.9,15,1,1,still
2323,103,0,-1,4,0,0,0,4,0,0,108.4,3,0,0,nohop_nohold
2324,68,0,-1,16,1,1,6,10,0,0,152.3,15,0,1,start
2324,103,0,-1,4,0,0,0,4,0,0,108.2,3,0,0,hop
2324,127,1,210,26,1,1,1,25,0,3,143.5,19,1,1,still
2326,10,1,180,18,1,1,12,6,0,0,123.1,21,0,0,still
2326,88,0,-1,22,0,0,0,22,0,0,119.6,18,0,0,nohop_nohold
2326,119,1,60,22,1,1,15,7,0,3,134.5,19,1,0,still
2327,2,1,120,18,1,1,6,12,0,0,161.4,16,0,2,still
2327,88,0,-1,22,0,0,0,22,0,0,119.5,18,0,0,hop
2327,126,1,120,27,1,1,2,25,0,3,148.1,19,1,1,still
2329,9,1,300,19,1,1,12,7,0,0,127.2,19,0,0,end_cap
2330,11,1,150,20,1,1,11,9,0,0,130.1,20,0,0,still
2331,157,1,30,17,1,1,6,11,0,0,154.0,17,1,1,still
2331,158,1,150,12,1,1,6,6,0,0,139.4,16,1,0,still
2332,58,0,-1,22,0,0,0,22,0,0,136.3,16,0,0,nohop_nohold
2332,153,1,300,20,1,1,7,13,0,1,163.6,16,1,2,end_cap
2332,188,1,150,22,1,1,8,14,0,2,168.3,16,0,2,still
2333,14,1,300,20,1,1,8,12,0,0,133.9,21,0,0,end_cap
2333,58,0,-1,22,0,0,0,22,0,0,136.3,16,0,0,hop
2333,76,1,60,22,1,1,7,15,0,0,137.5,21,0,1,still
2333,130,1,120,21,1,1,4,17,0,1,138.8,17,1,1,still
2334,8,0,-1,19,1,1,11,8,0,0,123.8,16,0,0,start
2334,83,0,-1,21,0,0,0,21,0,0,133.6,18,0,0,nohop_nohold
2334,199,1,210,16,1,1,8,8,0,0,151.0,15,1,0,still
2335,13,1,270,22,1,1,9,13,0,0,137.7,19,0,0,still
2335,26,0,-1,24,0,0,0,24,0,0,119.1,18,0,0,nohop_nohold
2335,83,0,-1,21,0,0,0,21,0,0,133.6,18,0,0,hop
2336,1,0,-1,21,1,1,8,13,0,0,165.8,18,0,2,start
2336,26,0,-1,24,0,0,0,24,0,0,119.1,18,0,0,hop
2336,35,1,60,20,1,1,7,13,0,0,163.9,17,0,2,still
2336,113,1,150,21,1,1,8,13,0,2,165.5,15,0,2,still
2336,140,1,270,20,1,1,7,13,0,0,131.2,21,0,1,still
2338,15,1,270,21,1,1,5,16,0,1,136.9,18,1,1,still
2338,50,1,210,22,1,1,1,21,0,0,142.6,20,0,1,still
2339,5,1,60,19,1,1,10,9,0,0,139.1,14,1,2,still
2339,44,1,240,18,1,1,11,7,0,0,120.7,18,0,0,still
2339,72,1,90,15,1,1,9,6,0,0,146.8,15,1,0,still
2339,151,1,180,24,1,1,11,13,0,1,142.7,21,1,0,still
2339,159,1,60,10,1,1,7,3,0,0,154.8,12,1,0,still
2341,177,0,-1,24,0,0,0,24,0,5,127.8,16,0,0,hop
2342,47,1,210,22,1,1,8,14,0,0,137.1,21,0,1,still
2342,117,1,90,25,1,1,5,20,0,1,150.1,20,0,1,still
2342,194,1,120,23,1,1,13,10,0,3,138.8,20,1,0,still
2343,12,1,120,21,1,1,10,11,0,0,133.2,18,0,0,still
2343,84,0,-1,21,0,0,0,21,0,0,136.6,17,0,0,nohop_nohold
2344,40,1,30,16,1,1,8,8,0,0,127.4,14,0,1,still
2344,84,0,-1,21,0,0,0,21,0,0,136.5,17,0,0,hop
2344,154,1,210,23,1,1,10,13,0,1,171.1,17,0,2,still
2345,195,1,180,21,1,1,8,13,0,1,164.8,17,0,2,still
2346,77,1,180,23,1,1,1,22,0,0,146.7,19,0,1,still
2346,183,1,90,18,1,1,3,15,0,1,128.4,20,0,1,still
2347,142,1,60,20,1,1,2,18,0,1,139.9,18,0,1,still
2347,166,0,-1,26,0,0,0,26,0,1,142.7,20,0,0,hop
2348,21,0,-1,25,0,0,0,25,0,0,142.1,19,0,1,nohop_nohold
2349,21,0,-1,25,0,0,0,25,0,0,142.1,20,0,1,hop
2349,80,1,120,20,1,1,0,20,0,0,126.2,19,1,0,still
2350,141,0,-1,19,1,1,3,16,0,0,136.0,20,0,1,start
2351,7,1,120,19,1,1,12,7,0,0,128.6,14,1,0,still
2351,152,0,-1,2,0,0,0,2,0,0,43.5,2,0,0,nohop_nohold
2352,116,1,120,20,1,1,12,8,0,2,133.5,15,1,0,still
2352,152,0,-1,2,0,0,0,2,0,0,43.5,2,0,0,hop
2354,68,1,30,20,1,1,9,11,0,0,159.9,15,0,3,still
2354,87,0,-1,22,0,0,0,22,0,1,123.7,17,0,0,nohop_nohold
2354,127,1,240,24,1,1,0,24,0,3,141.1,19,1,0,still
2355,57,0,-1,22,0,0,0,22,0,0,138.5,19,0,0,nohop_nohold
2355,87,0,-1,22,0,0,0,22,0,1,123.8,17,0,0,hop
2356,10,1,210,18,1,1,12,6,0,0,123.1,21,0,0,still
2356,34,0,-1,5,0,0,0,5,0,0,112.4,3,0,0,nohop_nohold
2356,57,0,-1,22,0,0,0,22,0,0,138.8,19,0,0,hop
2356,119,1,90,22,1,1,14,8,0,3,134.6,19,1,0,still
2356,132,0,-1,19,0,0,0,19,0,0,112.0,16,0,0,nohop_nohold
2356,172,0,-1,26,0,0,0,26,0,4,142.2,15,0,0,hop
2357,2,1,150,18,1,1,6,12,0,0,160.4,16,0,2,still
2357,34,0,-1,5,0,0,0,5,0,0,113.4,3,0,0,hop
2357,126,1,150,24,1,1,1,23,0,3,144.0,19,1,0,still
2357,132,0,-1,19,0,0,0,19,0,0,111.8,16,0,0,hop
2359,65,0,-1,20,0,0,0,20,0,0,113.8,17,0,0,nohop_nohold
2360,11,1,180,20,1,1,11,9,0,0,130.1,20,0,0,still
2360,65,0,-1,20,0,0,0,20,0,0,113.8,17,0,0,hop
2360,131,0,-1,27,0,0,0,27,0,4,149.7,17,0,0,nohop_nohold
2360,133,0,-1,14,0,0,0,14,0,2,118.3,10,0,0,nohop_nohold
2361,131,0,-1,27,0,0,0,27,0,4,149.9,17,0,0,hop
2361,133,0,-1,14,0,0,0,14,0,2,118.9,10,0,0,hop
2361,157,1,60,21,1,1,10,11,0,0,160.7,17,1,2,still
2361,158,1,180,16,1,1,9,7,0,0,150.8,16,1,1,still
2361,165,0,-1,24,0,0,0,24,0,3,137.1,18,0,0,hop
2362,188,1,180,22,1,1,9,13,0,2,168.7,16,0,2,still
2363,76,1,90,21,1,1,8,13,0,0,137.2,21,0,1,still
2363,130,1,150,20,1,1,4,16,0,1,142.6,17,1,1,still
2364,8,1,30,19,1,1,12,7,0,0,124.3,16,1,0,still
2364,199,1,240,17,1,1,9,8,0,0,154.4,15,1,1,still
2365,13,1,300,22,1,1,9,13,0,0,136.3,19,0,1,end_cap
2365,55,0,-1,24,0,0,0,24,0,0,140.0,20,0,0,nohop_nohold
2366,1,1,30,20,1,1,7,13,0,0,163.5,18,0,2,still
2366,35,1,90,19,1,1,6,13,0,0,165.9,17,0,2,still
2366,55,0,-1,24,0,0,0,24,0,0,140.0,20,0,0,hop
2366,113,1,180,20,1,1,7,13,0,2,170.6,15,0,2,still
2366,140,1,300,20,1,1,8,12,0,0,134.2,21,0,1,end_cap
2368,15,1,300,19,1,1,4,15,0,1,145.5,18,1,1,end_cap
2368,50,1,240,21,1,1,1,20,0,0,148.2,20,1,0,still
2368,123,0,-1,15,1,1,8,7,0,0,156.2,14,0,1,start
2369,5,1,90,15,1,1,6,9,0,0,129.7,14,1,1,still
2369,44,1,270,20,1,1,11,9,0,0,124.8,18,0,0,still
2369,72,1,120,15,1,1,8,7,0,0,146.0,15,1,1,still
2369,151,1,210,26,1,1,10,16,0,1,136.1,21,1,1,still
2369,159,1,90,10,1,1,8,2,0,0,154.6,12,1,0,still
2372,47,1,240,22,1,1,7,15,0,0,123.9,21,0,1,still
2372,85,0,-1,21,0,0,0,21,0,0,134.1,17,0,0,nohop_nohold
2372,117,1,120,25,1,1,6,19,0,1,161.0,20,0,1,still
2372,194,1,150,25,1,1,12,13,0,3,135.1,20,1,1,still
2373,12,1,150,23,1,1,9,14,0,0,128.6,18,0,1,still
2373,85,0,-1,21,0,0,0,21,0,0,134.0,17,0,0,hop
2373,170,0,-1,20,1,1,3,17,0,0,149.0,18,0,0,start
2374,40,1,60,14,1,1,6,8,0,0,124.3,14,1,0,still
2374,154,1,240,21,1,1,8,13,0,1,176.5,17,0,2,still
2375,16,0,-1,20,1,1,1,19,0,0,146.2,19,0,0,start
2375,56,0,-1,23,0,0,0,23,0,0,139.3,20,0,0,nohop_nohold
2375,118,0,-1,24,1,1,13,11,0,1,132.5,18,0,1,start
2375,146,0,-1,15,1,1,5,10,0,2,144.4,15,0,2,start
2375,195,1,210,19,1,1,6,13,0,1,172.7,17,0,2,still
2376,17,0,-1,23,1,1,0,23,0,0,136.0,18,0,1,start
2376,56,0,-1,23,0,0,0,23,0,0,139.3,20,0,0,hop
2376,77,1,210,22,1,1,2,20,0,1,145.6,19,0,0,still
2376,183,1,120,19,1,1,7,12,0,1,133.4,20,0,1,still
2377,90,0,-1,19,0,0,0,19,0,0,102.1,19,0,0,nohop_nohold
2377,142,1,90,21,1,1,6,15,0,2,149.5,18,0,0,still
2378,90,0,-1,19,0,0,0,19,0,0,102.1,19,0,0,hop
2379,31,0,-1,22,0,0,0,22,0,0,111.1,18,0,0,nohop_nohold
2379,80,1,150,20,1,1,0,20,0,0,126.8,19,1,0,still
2380,31,0,-1,22,0,0,0,22,0,0,111.0,18,0,0,hop
2380,141,1,30,21,1,1,7,14,0,0,147.4,20,0,1,still
2381,7,1,150,20,1,1,12,8,0,0,136.8,14,1,0,still
2381,168,0,-1,27,0,0,0,27,0,4,148.9,18,0,0,nohop_nohold
2382,73,0,-1,6,0,0,0,6,0,0,129.6,4,0,0,nohop_nohold
2382,116,1,150,19,1,1,9,10,0,1,134.4,15,1,0,still
2382,168,0,-1,27,0,0,0,27,0,4,149.1,18,0,0,hop
2382,171,0,-1,25,0,0,0,25,0,4,141.7,16,0,0,hop
2383,73,0,-1,6,0,0,0,6,0,0,129.6,4,0,0,hop
2384,68,1,60,18,1,1,8,10,0,0,154.3,15,0,2,still
2384,127,1,270,23,1,1,1,22,0,3,137.4,19,0,0,still
2386,10,1,240,20,1,1,11,9,0,0,122.1,21,0,1,still
2386,28,0,-1,22,0,0,0,22,0,0,108.0,16,0,0,nohop_nohold
2386,119,1,120,24,1,1,14,10,0,3,132.4,19,1,1,still
2386,169,0,-1,19,1,1,10,9,0,0,117.2,21,0,1,start
2387,2,1,180,15,1,1,5,10,0,0,167.9,16,0,1,still
2387,28,0,-1,22,0,0,0,22,0,0,108.0,16,0,0,hop
2387,91,0,-1,21,0,0,0,21,0,0,104.6,18,0,0,nohop_nohold
2387,126,1,180,25,1,1,3,22,0,2,148.0,19,1,0,still
2388,91,0,-1,21,0,0,0,21,0,0,104.7,18,0,0,hop
2390,11,1,210,22,1,1,12,10,0,0,124.9,19,0,1,still
2390,33,0,-1,10,0,0,0,10,0,0,122.1,8,0,1,nohop_nohold
2391,33,0,-1,10,0,0,0,10,0,0,121.9,8,0,1,hop
2391,157,1,90,19,1,1,9,10,0,0,158.5,17,1,2,still
2391,158,1,210,16,1,1,8,8,0,0,149.0,16,1,2,still
2392,188,1,210,18,1,1,9,9,0,2,174.1,16,0,0,still
2393,76,1,120,21,1,1,9,12,0,0,138.7,21,0,0,still
2393,86,0,-1,21,0,0,0,21,0,0,130.4,16,0,0,hop
2393,130,1,180,16,1,1,3,13,0,0,136.9,17,0,0,still
2393,145,0,-1,15,1,1,7,8,0,2,159.8,14,0,0,start
2394,8,1,60,22,1,1,14,8,0,0,133.4,16,1,1,still
2394,199,1,270,17,1,1,9,8,0,0,153.3,15,1,2,still
2396,1,1,60,18,1,1,8,10,0,0,166.0,18,0,1,still
2396,35,1,120,17,1,1,7,10,0,0,170.8,17,0,1,still
2396,113,1,210,17,1,1,9,8,0,2,171.5,15,0,0,still
2397,161,0,-1,22,1,1,5,17,0,2,151.1,17,0,0,start
2398,50,1,270,19,1,1,2,17,0,0,139.4,20,1,0,still
2398,123,1,30,16,1,1,9,7,0,0,158.1,14,1,2,still
2399,5,1,120,16,1,1,8,8,0,0,135.7,14,1,1,still
2399,44,1,300,21,1,1,13,8,0,0,130.3,18,0,1,end_cap
2399,72,1,150,16,1,1,9,7,0,0,149.1,15,1,2,still
2399,151,1,240,26,1,1,15,11,0,1,135.8,21,1,1,still
2399,159,1,120,10,1,1,7,3,0,0,156.3,12,1,1,still
