tick,id,size,holding,elapsed,ahead,qpos,qsize,front,count,crowded,jam,n_train,n_hold,n_other,n_behind,n_missed,n_rest,n_rest_hold,n_rest_loop,count_rest,count_loop,count_all_loop,occ,n_corr,holder_corr,holder_stack_only,outcome,hopped
108,123,1,0,-1,23,0,3,1,26,0,0,26,0,0,0,1,0,0,0,26,27,27,0.2349,8,0,0,hop,1
115,111,1,0,-1,5,2,3,0,5,0,0,5,0,0,0,0,0,0,0,5,5,5,0.1777,5,0,0,hop,1
117,179,1,0,-1,4,0,3,1,4,0,0,4,0,0,0,0,0,0,0,4,4,4,0.1402,4,0,0,pending,0
118,179,1,0,-1,4,0,3,1,4,0,0,4,0,0,0,0,0,0,0,4,4,4,0.1402,4,0,0,hop,1
123,160,1,0,-1,6,0,2,1,10,0,0,10,0,0,4,0,0,0,0,10,6,6,0.2603,8,0,0,pending,0
124,160,1,0,-1,6,0,2,1,10,0,0,10,0,0,4,0,0,0,0,10,6,6,0.2605,8,0,0,hop,1
130,158,1,0,-1,27,0,1,0,30,0,0,30,0,0,3,1,0,0,0,30,28,28,0.2597,9,0,0,hop,1
135,121,1,0,-1,1,1,2,0,1,0,0,1,0,0,0,0,0,0,0,1,1,1,0.0367,1,0,0,pending,0
136,121,1,0,-1,1,1,2,0,1,0,0,1,0,0,0,0,0,0,0,1,1,1,0.0367,1,0,0,hop,1
138,100,1,0,-1,23,0,1,0,27,0,0,27,0,0,0,1,0,0,0,27,28,28,0.3615,10,0,0,hop,1
141,75,1,0,-1,10,2,4,0,10,0,0,10,0,0,0,0,0,0,0,10,10,10,0.3097,9,0,0,hop,1
146,155,1,0,-1,2,1,2,0,2,0,0,2,0,0,0,0,0,0,0,2,2,2,0.0733,2,0,0,pending,0
147,137,1,0,-1,5,1,3,0,4,0,0,4,0,0,0,1,0,0,0,4,5,5,0.1463,4,0,0,pending,0
147,155,1,0,-1,2,1,2,0,2,0,0,2,0,0,0,0,0,0,0,2,2,2,0.0734,2,0,0,hop,1
148,137,1,0,-1,5,1,3,0,4,0,0,4,0,0,0,1,0,0,0,4,5,5,0.1463,4,0,0,hop,1
163,102,1,0,-1,3,0,3,1,5,0,0,5,0,0,2,0,0,0,0,5,3,3,0.1793,5,0,0,pending,0
164,102,1,0,-1,3,0,3,1,5,0,0,5,0,0,2,0,0,0,0,5,3,3,0.1793,5,0,0,hop,1
167,97,1,0,-1,8,0,4,0,9,0,0,9,0,0,1,0,0,0,0,9,8,8,0.3137,9,0,0,pending,0
167,104,1,0,-1,9,1,4,0,8,0,0,8,0,0,0,1,0,0,0,8,9,9,0.2890,8,0,0,pending,0
168,97,1,0,-1,8,0,4,0,9,0,0,9,0,0,1,0,0,0,0,9,8,8,0.3136,9,0,0,hop,1
168,104,1,0,-1,9,1,4,0,8,0,0,8,0,0,0,1,0,0,0,8,9,9,0.2890,8,0,0,hop,1
170,199,1,0,-1,24,2,3,0,26,0,0,26,0,0,0,0,0,0,0,26,26,26,0.3093,12,0,0,pending,0
171,199,1,0,-1,24,2,3,0,26,0,0,26,0,0,0,0,0,0,0,26,26,26,0.3096,12,0,0,hop,1
177,124,1,0,-1,9,0,1,1,9,0,0,9,0,0,0,0,0,0,0,9,9,9,0.3146,9,0,0,pending,0
177,159,1,0,-1,24,0,1,0,25,0,0,25,0,0,0,0,0,0,0,25,25,25,0.3123,11,0,0,pending,0
178,124,1,0,-1,9,0,1,1,9,0,0,9,0,0,0,0,0,0,0,9,9,9,0.3148,9,0,0,hop,1
178,159,1,0,-1,24,0,1,0,25,0,0,25,0,0,0,0,0,0,0,25,25,25,0.3126,11,0,0,hop,1
206,156,1,0,-1,11,0,1,0,12,0,0,12,0,0,1,0,0,0,0,12,11,11,0.3846,11,0,0,pending,0
207,156,1,0,-1,11,0,1,0,12,0,0,12,0,0,1,0,0,0,0,12,11,11,0.3845,11,0,0,hop,1
253,121,1,0,-1,1,1,6,0,1,0,0,1,0,0,0,0,0,0,0,1,1,1,0.0346,1,0,0,pending,0
254,121,1,0,-1,1,1,6,0,1,0,0,1,0,0,0,0,0,0,0,1,1,1,0.0346,1,0,0,hop,1
254,137,1,0,-1,4,4,6,0,4,0,0,4,0,0,0,0,0,0,0,4,4,4,0.1398,4,0,0,hop,1
270,100,1,0,-1,24,1,2,0,23,0,0,23,0,0,0,1,0,0,0,23,24,24,0.4028,10,0,0,hop,1
284,179,1,0,-1,4,0,1,1,5,0,0,5,0,0,1,0,0,0,0,5,4,4,0.2133,5,0,0,hop,1
285,111,1,0,-1,5,0,1,0,5,0,0,5,0,0,0,0,0,0,0,5,5,5,0.2142,5,0,0,hop,1
285,155,1,0,-1,2,2,4,0,2,0,0,2,0,0,0,0,0,0,0,2,2,2,0.0735,2,0,0,hop,1
287,158,1,0,-1,21,0,2,0,26,0,0,26,0,0,2,0,0,0,0,26,24,24,0.2603,7,0,0,pending,0
288,158,1,0,-1,21,0,2,0,26,0,0,26,0,0,2,0,0,0,0,26,24,24,0.2603,7,0,0,hop,1
289,104,1,0,-1,8,1,3,0,8,0,0,8,0,0,0,0,0,0,0,8,8,8,0.3180,8,0,0,pending,0
290,104,1,0,-1,8,1,3,0,8,0,0,8,0,0,0,0,0,0,0,8,8,8,0.3176,8,0,0,hop,1
295,160,1,0,-1,0,0,4,1,0,0,0,0,0,0,0,0,0,0,0,0,0,0,0.0000,0,0,0,hop,1
308,199,1,0,-1,20,0,1,1,23,0,0,23,0,0,0,0,0,0,0,23,23,23,0.3590,12,0,0,pending,0
309,199,1,0,-1,20,0,1,1,23,0,0,23,0,0,0,0,0,0,0,23,23,23,0.3591,12,0,0,hop,1
310,123,2,0,-1,23,0,2,0,26,0,0,26,0,0,0,0,0,0,0,26,26,26,0.3168,10,0,0,pending,0
311,102,2,0,-1,3,2,4,0,4,0,0,4,0,0,1,0,0,0,0,4,3,3,0.1298,4,0,0,hop,1
311,123,2,0,-1,23,0,2,0,26,0,0,26,0,0,0,0,0,0,0,26,26,26,0.3167,10,0,0,hop,1
314,1,1,0,-1,22,0,2,0,27,0,0,27,0,0,1,0,0,0,0,27,26,26,0.3619,7,0,0,pending,0
314,3,2,0,-1,21,0,1,0,28,0,0,28,0,0,0,0,0,0,0,28,28,28,0.3225,8,0,0,pending,0
314,4,2,0,-1,22,0,1,0,30,0,0,30,0,0,0,0,0,0,0,30,30,30,0.3297,9,0,0,pending,0
314,5,2,0,-1,25,0,1,0,31,1,0,31,0,0,0,0,0,0,0,31,31,31,0.3625,11,0,0,start_crowd,0
314,6,1,0,-1,25,0,1,1,27,0,0,27,0,0,0,0,0,0,0,27,27,27,0.3679,10,0,0,pending,0
314,7,1,0,-1,23,0,1,0,30,0,0,30,0,0,0,0,0,0,0,30,30,30,0.3694,10,0,0,pending,0
314,8,1,0,-1,20,0,2,1,30,0,0,30,0,0,1,0,0,0,0,30,29,29,0.3694,10,0,0,pending,0
314,10,1,0,-1,23,1,2,0,30,0,0,30,0,0,0,0,0,0,0,30,30,30,0.4695,11,0,0,pending,0
314,11,1,0,-1,25,1,2,0,30,0,0,30,0,0,0,0,0,0,0,30,30,30,0.5236,13,0,0,pending,0
314,12,1,0,-1,24,1,2,0,27,0,0,27,0,0,0,0,0,0,0,27,27,27,0.5802,15,0,0,pending,0
314,13,1,0,-1,26,1,2,0,29,0,0,29,0,0,0,0,0,0,0,29,29,29,0.6564,17,0,0,pending,0
314,14,1,0,-1,26,0,1,0,30,0,0,30,0,0,1,0,0,0,0,30,29,29,0.5955,16,0,0,pending,0
314,15,1,0,-1,24,2,3,0,28,0,0,28,0,0,0,0,0,0,0,28,28,28,0.6649,15,0,0,pending,0
314,16,1,0,-1,24,1,2,0,27,0,0,27,0,0,0,0,0,0,0,27,27,27,0.5907,12,0,0,pending,0
314,25,2,0,-1,24,1,2,0,33,1,0,33,0,0,0,0,0,0,0,33,33,33,0.6072,15,0,0,start_crowd,0
314,28,2,0,-1,25,0,2,0,30,0,0,30,0,0,1,0,0,0,0,30,29,29,0.6190,16,0,0,pending,0
314,29,2,0,-1,22,1,2,0,30,0,0,30,0,0,1,0,0,0,0,30,29,29,0.5977,15,0,0,pending,0
314,31,2,0,-1,23,0,3,0,28,0,0,28,0,0,0,1,0,0,0,28,29,29,0.5277,12,0,0,pending,0
314,41,1,0,-1,23,0,1,0,28,0,0,28,0,0,0,2,0,0,0,28,30,30,0.3955,11,0,0,pending,0
314,44,1,0,-1,24,0,2,0,27,0,0,27,0,0,0,2,0,0,0,27,29,29,0.4745,11,0,0,pending,0
314,45,1,0,-1,24,0,2,0,27,0,0,27,0,0,0,2,0,0,0,27,29,29,0.5001,12,0,0,pending,0
314,46,1,0,-1,23,0,2,1,26,0,0,26,0,0,0,1,0,0,0,26,27,27,0.5838,15,0,0,pending,0
314,47,2,0,-1,26,0,2,0,29,0,0,29,0,0,0,2,0,0,0,29,31,31,0.6185,17,0,0,pending,0
314,51,1,0,-1,22,0,2,0,24,0,0,23,1,0,0,0,0,0,0,24,24,24,0.5460,11,0,0,pending,0
314,54,2,0,-1,22,0,1,1,26,0,1,25,1,0,0,0,0,0,0,26,26,26,0.5166,13,1,0,start_jam,0
314,55,2,0,-1,23,0,2,0,28,0,1,27,1,0,0,0,0,0,0,28,28,28,0.5205,13,1,0,start_jam,0
314,56,1,0,-1,22,0,2,0,26,0,1,25,1,0,0,0,0,0,0,26,26,26,0.5149,11,1,0,start_jam,0
314,57,1,0,-1,23,2,3,0,26,0,1,25,1,0,0,0,0,0,0,26,26,26,0.5613,12,1,0,start_jam,0
314,58,1,0,-1,22,0,1,0,29,0,1,28,1,0,0,1,0,0,0,29,30,30,0.5420,11,0,1,start_jam,0
314,65,1,0,-1,19,0,1,0,26,0,0,26,0,0,0,0,0,0,0,26,26,26,0.5866,11,0,0,pending,0
314,66,1,0,-1,20,0,1,0,24,0,0,24,0,0,1,1,0,0,0,24,24,24,0.6634,13,0,0,pending,0
314,67,2,0,-1,19,0,2,0,23,0,0,23,0,0,0,1,0,0,0,23,24,24,0.5887,12,0,0,pending,0
314,71,2,0,-1,16,2,3,0,19,0,0,19,0,0,0,0,0,0,0,19,19,19,0.4962,11,0,0,pending,0
314,73,2,0,-1,14,2,3,0,15,0,0,15,0,0,0,0,0,0,0,15,15,15,0.4651,12,0,0,pending,0
314,79,1,0,-1,22,1,2,0,24,0,1,18,6,0,0,1,0,0,0,24,25,25,0.5718,12,1,0,start_jam,0
314,84,1,0,-1,23,1,3,0,26,0,1,24,2,0,0,0,0,0,0,26,26,26,0.4871,10,1,0,start_jam,0
314,86,1,0,-1,23,0,2,0,29,0,0,28,1,0,1,1,0,0,0,29,29,29,0.5719,11,0,1,pending,0
314,87,1,0,-1,24,1,2,0,31,1,0,31,0,0,0,0,0,0,0,31,31,31,0.5709,12,0,0,start_crowd,0
314,88,1,0,-1,25,1,2,0,31,1,0,31,0,0,0,0,0,0,0,31,31,31,0.6628,15,0,0,start_crowd,0
314,89,1,0,-1,27,1,2,0,30,0,0,30,0,0,0,0,0,0,0,30,30,30,0.6272,14,0,0,pending,0
314,90,1,0,-1,24,0,1,0,26,0,0,26,0,0,0,1,0,0,0,26,27,27,0.6229,14,0,0,pending,0
314,91,1,0,-1,23,0,1,0,27,0,0,27,0,0,0,1,0,0,0,27,28,28,0.5885,13,0,0,pending,0
314,92,1,0,-1,22,1,3,0,27,0,0,27,0,0,0,2,0,0,0,27,29,29,0.6560,13,0,0,pending,0
314,95,1,0,-1,20,1,2,0,24,0,0,23,1,0,0,0,0,0,0,24,24,24,0.3315,7,0,0,pending,0
314,98,1,0,-1,21,1,2,0,24,0,0,23,1,0,0,0,0,0,0,24,24,24,0.4041,9,0,0,pending,0
314,99,2,0,-1,16,1,3,0,16,0,0,16,0,0,0,0,0,0,0,16,16,16,0.6449,15,0,0,pending,0
314,109,2,0,-1,17,0,2,0,22,0,0,22,0,0,0,0,0,0,0,22,22,22,0.7010,14,0,0,pending,0
314,110,1,0,-1,17,0,2,0,18,0,0,18,0,0,0,1,0,0,0,18,19,19,0.6451,12,0,0,pending,0
314,113,1,0,-1,21,2,3,0,27,0,1,26,1,0,3,1,0,0,0,27,25,25,0.2926,8,1,0,start_jam,0
314,114,1,0,-1,23,0,3,0,28,0,1,27,1,0,1,1,0,0,0,28,28,28,0.2930,8,1,0,start_jam,0
314,115,2,0,-1,25,0,2,0,33,1,1,32,1,0,1,0,0,0,0,33,32,32,0.3515,13,0,0,start_both,0
314,119,1,0,-1,22,1,2,0,34,1,0,34,0,0,4,0,0,0,0,34,30,30,0.3830,12,0,0,start_crowd,0
314,126,1,0,-1,22,1,2,0,30,0,1,22,8,0,5,0,0,0,0,30,25,25,0.3522,10,1,0,start_jam,0
314,127,1,0,-1,22,0,1,0,28,0,1,19,9,0,2,0,0,0,0,28,26,26,0.2966,9,1,0,start_jam,0
314,128,1,0,-1,22,0,1,0,30,0,1,22,8,0,2,0,0,0,0,30,28,28,0.3489,10,1,0,start_jam,0
314,130,1,0,-1,25,0,2,0,27,0,1,21,6,0,0,2,0,0,0,27,29,29,0.6005,15,1,0,start_jam,0
314,131,1,0,-1,22,0,1,0,32,1,1,26,6,0,3,0,0,0,0,32,29,29,0.3205,9,1,0,start_both,0
314,132,1,0,-1,20,2,3,0,28,0,0,28,0,0,0,0,0,0,0,28,28,28,0.7425,15,0,0,pending,0
314,135,1,0,-1,24,1,2,0,35,1,1,31,4,0,3,0,0,0,0,35,32,32,0.3721,11,1,0,start_both,0
314,138,1,0,-1,27,0,1,0,32,1,0,31,1,0,2,0,0,0,0,32,30,30,0.3968,13,0,0,start_crowd,0
314,139,1,0,-1,23,1,2,0,33,1,0,31,2,0,4,1,0,0,0,33,30,30,0.4420,12,0,0,start_crowd,0
314,140,1,0,-1,24,1,2,0,31,1,1,29,2,0,4,1,0,0,0,31,28,28,0.4414,12,1,0,start_both,0
314,141,2,0,-1,23,0,1,0,30,0,1,26,4,0,2,0,0,0,0,30,28,28,0.5129,16,1,0,start_jam,0
314,142,2,0,-1,25,1,2,0,32,1,1,27,5,0,2,0,0,0,0,32,30,30,0.5405,18,1,0,start_both,0
314,143,1,0,-1,23,0,1,0,33,1,0,33,0,0,4,0,0,0,0,33,29,29,0.5002,15,0,0,start_crowd,0
314,144,2,0,-1,15,0,3,0,16,0,0,16,0,0,1,0,0,0,0,16,15,15,0.6042,14,0,0,pending,0
314,153,1,0,-1,22,1,2,0,27,0,1,23,4,0,4,1,0,0,0,27,24,24,0.2898,8,1,0,start_jam,0
314,154,2,0,-1,22,0,1,0,30,0,1,25,5,0,3,0,0,0,0,30,27,27,0.3450,10,1,0,start_jam,0
314,157,2,0,-1,19,0,1,0,30,0,1,24,6,0,2,0,0,0,0,30,28,28,0.3183,8,1,0,start_jam,0
314,163,1,0,-1,22,0,2,1,30,0,1,20,10,0,5,0,0,0,0,30,25,25,0.3750,12,1,0,start_jam,0
314,166,1,0,-1,22,0,1,1,28,0,1,16,12,0,2,0,0,0,0,28,26,26,0.3225,10,1,0,start_jam,0
314,167,1,0,-1,22,0,1,1,30,0,1,20,10,0,2,0,0,0,0,30,28,28,0.3716,12,1,0,start_jam,0
314,168,1,0,-1,22,0,1,1,30,0,1,20,10,0,3,0,0,0,0,30,27,27,0.3209,10,1,0,start_jam,0
314,169,1,0,-1,25,0,2,0,32,1,1,25,7,0,2,0,0,0,0,32,30,30,0.6544,18,1,0,start_both,0
314,171,1,0,-1,22,0,1,1,32,1,1,24,8,0,3,0,0,0,0,32,29,29,0.3205,11,1,0,start_both,0
314,172,1,0,-1,21,0,1,1,34,1,1,27,7,0,3,0,0,0,0,34,31,31,0.3726,11,1,0,start_both,0
314,174,1,0,-1,19,1,2,0,28,0,0,28,0,0,3,0,0,0,0,28,25,25,0.6483,13,0,0,pending,0
314,176,1,0,-1,24,0,2,1,35,1,1,29,6,0,3,0,0,0,0,35,32,32,0.3926,13,1,0,start_both,0
314,180,1,0,-1,27,0,1,1,32,1,1,30,2,0,2,0,0,0,0,32,30,30,0.4641,17,1,0,start_both,0
314,181,1,0,-1,24,0,1,1,32,1,1,31,1,0,3,0,0,0,0,32,29,29,0.4481,15,0,1,start_both,0
314,183,1,0,-1,24,0,2,0,32,1,1,26,6,0,5,0,0,0,0,32,27,27,0.4888,14,1,0,start_both,0
314,186,1,0,-1,23,0,1,1,33,1,1,33,0,0,4,0,0,0,0,33,29,29,0.4619,15,0,1,start_both,0
314,188,1,0,-1,22,0,2,0,31,1,1,25,6,0,5,0,0,0,0,31,26,26,0.3799,11,1,0,start_both,0
314,189,1,0,-1,22,0,1,0,31,1,1,26,5,0,4,0,0,0,0,31,27,27,0.4236,14,1,0,start_both,0
314,194,1,0,-1,23,0,1,0,34,1,1,26,8,0,3,0,0,0,0,34,31,31,0.3800,13,1,0,start_both,0
314,195,1,0,-1,24,0,1,0,29,0,1,22,7,0,3,0,0,0,0,29,26,26,0.2920,9,1,0,start_jam,0
315,1,1,0,-1,22,0,2,0,27,0,1,18,9,0,1,0,0,0,0,27,26,26,0.3619,7,1,0,start_jam,0
315,3,2,0,-1,21,0,1,0,28,0,1,22,6,0,0,0,0,0,0,28,28,28,0.3226,8,1,0,start_jam,0
315,4,2,0,-1,22,0,1,0,30,0,1,24,6,0,0,0,0,0,0,30,30,30,0.3297,9,0,1,start_jam,0
315,6,1,0,-1,25,0,1,1,27,0,1,21,6,0,0,0,0,0,0,27,27,27,0.3679,10,0,0,start_jam,0
315,7,1,0,-1,23,0,1,0,30,0,1,21,9,0,0,0,0,0,0,30,30,30,0.3694,10,0,0,start_jam,0
315,8,1,0,-1,20,0,2,1,30,0,1,21,9,0,1,0,0,0,0,30,29,29,0.3694,10,0,0,start_jam,0
315,10,1,0,-1,23,1,2,0,30,0,1,23,7,0,0,0,0,0,0,30,30,30,0.4694,11,1,0,start_jam,0
315,11,1,0,-1,25,1,2,0,30,0,1,23,7,0,0,0,0,0,0,30,30,30,0.5236,13,1,0,start_jam,0
315,12,1,0,-1,24,1,2,0,27,0,1,22,5,0,0,0,0,0,0,27,27,27,0.5801,15,1,0,start_jam,0
315,13,1,0,-1,26,1,2,0,28,0,1,22,6,0,0,0,0,0,0,28,28,28,0.6563,17,1,0,start_jam,0
315,14,1,0,-1,26,0,1,0,29,0,1,21,8,0,1,0,0,0,0,29,28,28,0.5951,16,1,0,start_jam,0
315,15,1,0,-1,24,2,3,0,27,0,1,18,9,0,0,0,0,0,0,27,27,27,0.6649,15,1,0,start_jam,0
315,16,1,0,-1,23,1,2,0,26,0,1,15,11,0,0,0,0,0,0,26,26,26,0.6277,12,1,0,start_jam,0
315,28,2,0,-1,25,0,2,0,30,0,1,29,1,0,1,0,0,0,0,30,29,29,0.6190,16,0,0,start_jam,0
315,29,2,0,-1,22,1,2,0,30,0,1,30,0,0,1,0,0,0,0,30,29,29,0.5974,15,0,0,start_jam,0
315,31,2,0,-1,23,0,3,0,28,0,1,28,0,0,0,1,0,0,0,28,29,29,0.5277,12,0,0,start_jam,0
315,41,1,0,-1,23,0,1,0,28,0,1,13,15,0,0,2,0,0,0,28,30,30,0.3955,11,1,0,start_jam,0
315,44,1,0,-1,24,0,2,0,27,0,1,15,12,0,0,2,0,0,0,27,29,29,0.4745,11,1,0,start_jam,0
315,45,1,0,-1,24,0,2,0,27,0,1,17,10,0,0,2,0,0,0,27,29,29,0.5001,12,1,0,start_jam,0
315,46,1,0,-1,23,0,2,1,26,0,1,17,9,0,0,1,0,0,0,26,27,27,0.5838,15,1,0,start_jam,0
315,47,2,0,-1,26,0,2,0,29,0,1,19,10,0,0,2,0,0,0,29,31,31,0.6185,17,1,0,start_jam,0
315,51,1,0,-1,21,0,2,0,23,0,1,10,13,0,0,0,0,0,0,23,23,23,0.5460,10,1,0,start_jam,0
315,65,1,0,-1,19,0,1,0,26,0,0,26,0,0,0,0,0,0,0,26,26,26,0.5864,11,0,0,hop,1
315,66,1,0,-1,20,0,1,0,24,0,0,24,0,0,1,1,0,0,0,24,24,24,0.6630,13,0,0,hop,1
315,67,2,0,-1,19,0,2,0,23,0,0,23,0,0,0,1,0,0,0,23,24,24,0.5888,12,0,0,hop,1
315,71,2,0,-1,16,2,3,0,19,0,0,19,0,0,0,0,0,0,0,19,19,19,0.4962,11,0,0,hop,1
315,73,2,0,-1,14,2,3,0,15,0,0,15,0,0,0,0,0,0,0,15,15,15,0.4649,12,0,0,hop,1
315,86,1,0,-1,23,0,2,0,29,0,1,19,10,0,1,1,0,0,0,29,29,29,0.5719,11,1,0,start_jam,0
315,89,1,0,-1,27,1,2,0,30,0,1,24,6,0,0,0,0,0,0,30,30,30,0.6274,14,1,0,start_jam,0
315,90,1,0,-1,24,0,1,0,26,0,1,24,2,0,0,1,0,0,0,26,27,27,0.6228,14,1,0,start_jam,0
315,91,1,0,-1,23,0,1,0,27,0,1,26,1,0,0,1,0,0,0,27,28,28,0.5884,13,0,1,start_jam,0
315,92,1,0,-1,22,1,3,0,27,0,1,27,0,0,0,2,0,0,0,27,29,29,0.6560,13,0,0,start_jam,0
315,95,1,0,-1,20,1,2,0,24,0,1,9,15,0,0,0,0,0,0,24,24,24,0.3315,7,1,0,start_jam,0
315,98,1,0,-1,21,1,2,0,24,0,1,8,16,0,0,0,0,0,0,24,24,24,0.4042,9,1,0,start_jam,0
315,99,2,0,-1,16,1,3,0,16,0,0,16,0,0,0,0,0,0,0,16,16,16,0.6446,15,0,0,hop,1
315,109,2,0,-1,17,0,2,0,22,0,0,22,0,0,0,0,0,0,0,22,22,22,0.7012,14,0,0,hop,1
315,110,1,0,-1,17,0,2,0,18,0,0,18,0,0,0,1,0,0,0,18,19,19,0.6450,12,0,0,hop,1
315,132,1,0,-1,20,2,3,0,28,0,1,26,2,0,0,0,0,0,0,28,28,28,0.7426,15,0,1,start_jam,0
315,144,2,0,-1,15,0,3,0,16,0,0,16,0,0,1,0,0,0,0,16,15,15,0.6042,14,0,0,hop,1
315,174,1,0,-1,19,1,2,0,28,0,0,27,1,0,3,0,0,0,0,28,25,25,0.6483,13,0,0,hop,1
316,75,1,0,-1,8,2,3,0,9,0,0,9,0,0,1,0,0,0,0,9,8,8,0.2975,7,0,0,pending,0
316,117,1,0,-1,23,0,1,0,31,1,1,10,21,0,3,1,0,0,0,31,29,29,0.3532,11,1,0,start_both,0
317,75,1,0,-1,8,2,3,0,9,0,0,9,0,0,1,0,0,0,0,9,8,8,0.2980,7,0,0,hop,1
322,108,1,0,-1,19,0,2,0,25,0,0,25,0,0,1,1,0,0,0,25,25,25,0.6546,13,0,0,pending,0
323,108,1,0,-1,19,0,2,0,25,0,0,25,0,0,1,1,0,0,0,25,25,25,0.6550,13,0,0,hop,1
328,124,1,0,-1,7,0,3,1,7,0,0,7,0,0,0,0,0,0,0,7,7,7,0.2810,6,0,0,hop,1
330,83,1,0,-1,22,0,2,0,26,0,1,7,19,0,1,1,0,0,0,26,26,26,0.5361,12,1,0,start_jam,0
332,165,1,0,-1,21,0,2,1,27,0,1,8,19,0,2,0,0,0,0,27,25,25,0.3733,12,1,0,start_jam,0
334,97,2,0,-1,7,1,3,0,7,0,0,7,0,0,0,0,0,0,0,7,7,7,0.2218,6,0,0,pending,0
335,97,2,0,-1,7,1,3,0,7,0,0,7,0,0,0,0,0,0,0,7,7,7,0.2217,6,0,0,hop,1
337,42,1,0,-1,22,1,2,0,29,0,1,9,20,0,0,1,0,0,0,29,30,30,0.4354,11,1,0,start_jam,0
344,5,2,1,30,24,0,1,0,31,1,1,10,21,0,0,0,0,0,0,31,31,31,0.3626,11,1,0,still,0
344,25,2,1,30,24,1,2,0,27,0,1,16,11,0,0,0,5,5,5,32,27,32,0.5660,14,1,0,still,0
344,54,2,1,30,21,0,2,0,18,0,1,6,12,0,0,0,7,7,7,25,18,25,0.5177,12,1,0,still,0
344,55,2,1,30,22,0,2,0,21,0,1,8,13,0,1,0,6,6,6,27,20,26,0.5733,14,1,0,still,0
344,56,1,1,30,23,1,2,0,21,0,1,7,14,0,0,0,6,6,6,27,21,27,0.5466,12,1,0,still,0
344,57,1,1,30,23,2,3,0,21,0,1,7,14,0,0,0,5,5,5,26,21,26,0.5624,12,1,0,still,0
344,58,1,1,30,22,0,1,0,22,0,1,10,12,0,0,0,4,4,5,26,22,27,0.5412,11,1,0,still,0
344,79,1,1,30,21,1,2,0,19,0,1,8,11,0,0,0,4,4,4,23,19,23,0.5724,11,1,0,still,0
344,84,1,1,30,23,1,3,0,22,0,1,8,14,0,1,0,5,5,5,27,21,26,0.5152,11,1,0,still,0
344,87,1,1,30,24,1,2,0,27,0,1,18,9,0,0,0,4,4,4,31,27,31,0.5722,12,1,0,still,0
344,88,1,1,30,25,1,2,0,27,0,1,19,8,0,0,0,4,4,4,31,27,31,0.5930,14,1,0,still,0
344,113,1,1,30,21,2,3,0,27,0,1,12,15,0,3,1,0,0,0,27,25,25,0.2928,8,1,0,still,0
344,114,1,1,30,23,0,3,0,28,0,1,10,18,0,1,1,0,0,0,28,28,28,0.2925,8,1,0,still,0
344,115,2,1,30,25,0,2,0,33,1,1,10,23,0,1,0,0,0,0,33,32,32,0.3512,13,1,0,still,0
344,119,1,1,30,22,1,3,0,32,1,1,12,20,0,4,0,0,0,0,32,28,28,0.4419,13,1,0,still,0
344,126,1,1,30,21,1,2,0,25,0,1,11,14,0,5,0,4,4,4,29,20,24,0.3522,9,1,0,still,0
344,127,1,1,30,21,1,2,0,20,0,1,8,12,0,2,0,7,7,7,27,18,25,0.3236,9,1,0,still,0
344,128,1,1,30,21,1,2,0,22,0,1,8,14,0,2,0,6,6,6,28,20,26,0.3489,10,1,0,still,0
344,130,1,1,30,24,0,2,0,23,0,1,14,9,0,0,2,2,2,2,25,25,27,0.6095,14,1,0,still,0
344,131,1,1,30,22,0,1,0,26,0,1,11,15,0,3,0,6,6,6,32,23,29,0.3205,9,1,0,still,0
344,135,1,1,30,24,1,2,0,31,1,1,18,13,0,3,0,4,4,4,35,28,32,0.3721,11,1,0,still,0
344,138,1,1,30,27,0,1,0,30,0,1,21,9,0,2,0,2,2,2,32,28,30,0.3703,13,1,0,still,0
344,139,1,1,30,23,1,2,0,32,1,1,13,19,0,4,1,0,0,0,32,29,29,0.4419,12,1,0,still,0
344,140,1,1,30,23,1,2,0,30,0,1,13,17,0,4,1,0,0,0,30,27,27,0.4710,12,1,0,still,0
344,141,2,1,30,23,0,1,0,28,0,1,15,13,0,2,0,1,1,1,29,26,27,0.5402,16,1,0,still,0
344,142,2,1,30,24,0,1,1,28,0,1,17,11,0,2,0,2,2,2,30,26,28,0.4870,16,1,0,still,0
344,143,1,1,30,23,0,1,0,33,1,1,27,6,0,4,0,0,0,0,33,29,29,0.5002,15,1,0,still,0
344,153,1,1,30,22,1,2,0,27,0,1,13,14,0,4,1,0,0,0,27,24,24,0.2901,8,1,0,still,0
344,154,2,1,30,22,0,1,0,31,1,1,14,17,0,4,0,0,0,0,31,27,27,0.3184,9,1,0,still,0
344,157,2,1,30,19,0,1,0,30,0,1,10,20,0,2,0,0,0,0,30,28,28,0.3451,9,1,0,still,0
344,163,1,1,30,21,0,2,1,25,0,1,11,14,0,5,0,4,4,4,29,20,24,0.3750,11,1,0,still,0
344,166,1,1,30,21,0,1,1,22,0,1,8,14,0,3,0,6,6,6,28,19,25,0.3762,11,1,0,still,0
344,167,1,1,30,21,0,2,1,23,0,1,9,14,0,3,0,6,6,6,29,20,26,0.3716,12,1,0,still,0
344,168,1,1,30,22,0,1,1,23,0,1,7,16,0,2,0,5,5,5,28,21,26,0.3209,10,1,0,still,0
344,169,1,1,30,25,0,1,0,28,0,1,17,11,0,2,0,2,2,2,30,26,28,0.6022,16,1,0,still,0
344,171,1,1,30,22,0,1,1,26,0,1,11,15,0,3,0,6,6,6,32,23,29,0.3205,11,1,0,still,0
344,172,1,1,30,21,0,1,1,29,0,1,16,13,0,3,0,5,5,5,34,26,31,0.3194,10,1,0,still,0
344,176,1,1,30,24,0,2,1,31,1,1,18,13,0,3,0,4,4,4,35,28,32,0.3926,13,1,0,still,0
344,180,1,1,30,27,0,1,1,30,0,1,21,9,0,2,0,2,2,2,32,28,30,0.3908,15,1,0,still,0
344,181,1,1,30,24,0,1,1,31,1,1,23,8,0,3,0,1,1,1,32,28,29,0.4481,15,1,0,still,0
344,183,1,1,30,23,0,2,0,31,1,1,13,18,0,5,0,0,0,0,31,26,26,0.4892,13,1,0,still,0
344,186,1,1,30,23,0,1,1,33,1,1,27,6,0,4,0,0,0,0,33,29,29,0.4619,15,0,1,still,0
344,188,1,1,30,22,0,2,0,31,1,1,14,17,0,5,0,0,0,0,31,26,26,0.3805,11,1,0,still,0
344,189,1,1,30,22,0,1,0,31,1,1,13,18,0,4,0,0,0,0,31,27,27,0.4239,14,1,0,still,0
344,194,1,1,30,22,2,3,0,33,1,1,12,21,0,4,0,0,0,0,33,29,29,0.3805,13,1,0,still,0
344,195,1,1,30,24,0,1,0,29,0,1,13,16,0,3,0,0,0,0,29,26,26,0.2920,9,1,0,still,0
345,1,1,1,30,22,0,2,0,23,0,1,10,13,0,1,0,4,4,4,27,22,26,0.3622,7,1,0,still,0
345,3,2,1,30,21,0,1,0,25,0,1,11,14,0,0,0,3,3,3,28,25,28,0.3227,8,1,0,still,0
345,4,2,1,30,22,0,1,0,28,0,1,11,17,0,0,0,2,2,2,30,28,30,0.3297,9,1,0,still,0
345,6,1,1,30,25,0,1,1,29,0,1,9,20,0,0,0,0,0,0,29,29,29,0.3679,10,1,0,still,0
345,7,1,1,30,23,0,1,0,31,1,1,10,21,0,0,0,0,0,0,31,31,31,0.3694,10,1,0,still,0
345,8,1,1,30,20,0,2,1,29,0,1,10,19,0,0,0,0,0,0,29,29,29,0.4064,10,1,0,still,0
345,10,1,1,30,22,1,2,0,29,0,1,11,18,0,0,0,0,0,0,29,29,29,0.5042,12,1,0,still,0
345,11,1,1,30,24,1,2,0,28,0,1,12,16,0,0,0,0,0,0,28,28,28,0.5218,12,1,0,still,0
345,12,1,1,30,23,1,2,0,26,0,1,14,12,0,0,0,0,0,0,26,26,26,0.5756,14,1,0,still,0
345,13,1,1,30,25,1,2,0,26,0,1,16,10,0,0,0,1,1,1,27,26,27,0.5862,15,1,0,still,0
345,14,1,1,30,23,0,1,0,24,0,1,16,8,0,0,0,2,2,2,26,24,26,0.6279,14,1,0,still,0
345,15,1,1,30,23,3,4,0,24,0,1,14,10,0,0,0,3,3,3,27,24,27,0.6446,14,1,0,still,0
345,16,1,1,30,23,1,2,0,22,0,1,12,10,0,0,0,4,4,4,26,22,26,0.6234,12,1,0,still,0
345,28,2,1,30,25,0,2,0,28,0,1,22,6,0,0,0,1,1,1,29,28,29,0.5870,15,1,0,still,0
345,29,2,1,30,22,1,2,0,30,0,1,25,5,0,1,0,0,0,0,30,29,29,0.5970,15,1,0,still,0
345,31,2,1,30,23,0,3,0,28,0,1,26,2,0,0,1,0,0,0,28,29,29,0.5276,12,0,1,still,0
345,41,1,1,30,23,0,1,0,30,0,1,9,21,0,0,1,0,0,0,30,31,31,0.3946,11,1,0,still,0
345,44,1,1,30,22,0,2,0,26,0,1,10,16,0,0,2,0,0,0,26,28,28,0.4747,11,1,0,still,0
345,45,1,1,30,23,0,2,0,26,0,1,13,13,0,0,2,0,0,0,26,28,28,0.4637,10,1,0,still,0
345,46,1,1,30,22,0,2,1,25,0,1,14,11,0,0,0,1,1,1,26,25,26,0.5137,12,1,0,still,0
345,47,2,1,30,23,0,2,0,25,0,1,17,8,0,0,2,2,2,2,27,27,29,0.6172,16,1,0,still,0
345,51,1,1,30,21,0,2,0,19,0,1,8,11,0,0,0,3,3,4,22,19,23,0.5466,10,1,0,still,0
345,86,1,1,30,24,0,2,0,25,0,1,14,11,0,0,0,4,4,5,29,25,30,0.5718,11,1,0,still,0
345,89,1,1,30,27,1,2,0,26,0,1,19,7,0,0,0,3,3,3,29,26,29,0.6313,14,1,0,still,0
345,90,1,1,30,24,0,1,0,26,0,1,21,5,0,0,0,0,0,1,26,26,27,0.6576,15,1,0,still,0
345,91,1,1,30,23,0,1,0,27,0,1,24,3,0,0,0,0,0,1,27,27,28,0.5904,13,1,0,still,0
345,92,1,1,30,22,1,3,0,26,0,1,26,0,0,0,2,0,0,0,26,28,28,0.6632,13,0,0,still,0
345,95,1,1,30,21,1,2,0,19,0,1,9,10,0,0,0,5,5,5,24,19,24,0.3315,7,1,0,still,0
345,98,1,1,30,21,1,2,0,19,0,1,8,11,0,0,0,5,5,5,24,19,24,0.4042,9,1,0,still,0
345,132,1,1,30,21,2,3,0,28,0,1,26,2,0,0,0,0,0,0,28,28,28,0.7435,15,0,1,still,0
346,117,1,1,30,23,0,1,0,30,0,1,10,20,0,1,0,2,2,0,32,29,29,0.3820,12,1,0,still,0
350,159,1,0,-1,17,1,2,0,17,0,1,9,8,0,0,1,3,3,3,20,18,21,0.2913,9,1,0,start_jam,0
354,9,1,0,-1,23,0,2,0,30,0,1,10,20,0,0,0,0,0,0,30,30,30,0.4733,11,1,0,start_jam,0
356,156,1,0,-1,8,0,1,0,9,0,0,9,0,0,0,0,0,0,0,9,9,9,0.3190,7,0,0,hop,1
357,34,1,0,-1,11,0,1,0,13,0,0,13,0,0,1,0,0,0,0,13,12,12,0.4431,10,0,0,pending,0
357,103,1,0,-1,11,1,2,0,11,0,0,11,0,0,0,1,0,0,0,11,12,12,0.4323,10,0,0,pending,0
357,191,1,0,-1,25,0,1,0,30,0,1,9,21,0,0,0,3,3,1,33,30,31,0.4005,13,1,0,start_jam,0
358,34,1,0,-1,11,0,1,0,13,0,0,13,0,0,1,0,0,0,0,13,12,12,0.4431,10,0,0,hop,1
358,103,1,0,-1,11,1,2,0,11,0,0,11,0,0,0,1,0,0,0,11,12,12,0.4324,10,0,0,hop,1
360,83,1,1,30,22,0,2,0,20,0,1,7,13,0,1,0,6,6,7,26,19,26,0.5373,12,1,0,still,0
362,165,1,1,30,20,0,2,1,18,0,1,6,12,0,2,0,7,7,7,25,16,23,0.3733,12,1,0,still,0
367,42,1,1,30,21,1,2,0,30,0,1,9,21,0,0,1,0,0,0,30,31,31,0.4354,11,1,0,still,0
369,125,1,0,-1,21,1,4,0,20,0,1,10,10,0,1,1,5,5,5,25,20,25,0.5579,11,1,0,start_jam,0
373,19,3,0,-1,21,0,2,0,18,0,1,5,13,0,0,0,7,7,7,25,18,25,0.4961,12,1,0,start_jam,0
373,21,2,0,-1,22,1,2,0,20,0,1,6,14,0,0,0,7,7,7,27,20,27,0.5512,12,1,0,start_jam,0
373,26,3,0,-1,23,0,2,0,28,0,1,19,9,0,0,0,4,4,4,32,28,32,0.5855,16,1,0,start_jam,0
373,43,1,0,-1,23,1,2,0,28,0,1,9,19,0,0,2,1,1,1,29,30,31,0.4979,12,1,0,start_jam,0
373,101,3,0,-1,12,1,3,0,13,0,0,13,0,0,0,0,0,0,0,13,13,13,0.4117,12,0,0,pending,0
373,118,3,0,-1,22,0,1,0,33,1,1,10,23,0,2,0,1,1,1,34,31,32,0.3991,14,1,0,start_both,0
374,5,2,1,60,23,0,1,0,29,0,1,6,23,0,0,0,1,1,1,30,29,30,0.3626,11,1,0,still,0
374,25,2,1,60,23,1,2,0,26,0,1,14,12,0,0,0,5,5,5,31,26,31,0.5662,13,1,0,still,0
374,54,2,1,60,21,0,1,0,17,0,1,3,14,0,0,0,6,6,7,23,17,24,0.4809,11,1,0,still,0
374,55,2,1,60,21,0,2,0,20,0,1,5,15,0,1,0,6,6,6,26,19,25,0.5084,11,1,0,still,0
374,56,1,1,60,22,1,2,0,20,0,1,5,15,0,0,0,6,6,6,26,20,26,0.5439,11,1,0,still,0
374,57,1,1,60,22,2,3,0,20,0,1,5,15,0,0,0,5,5,5,25,20,25,0.5623,11,1,0,still,0
374,58,1,1,60,21,0,1,0,22,0,1,9,13,0,0,0,4,4,5,26,22,27,0.5412,10,1,0,still,0
374,79,1,1,60,20,1,2,0,16,0,1,5,11,0,0,0,6,6,6,22,16,22,0.5718,10,1,0,still,0
374,84,1,1,60,22,1,3,0,21,0,1,6,15,0,1,0,5,5,5,26,20,25,0.5495,11,1,0,still,0
374,87,1,1,60,23,1,2,0,25,0,1,15,10,0,0,1,4,4,4,29,26,30,0.5633,11,1,0,still,0
374,88,1,1,60,24,0,1,0,26,0,1,18,8,0,0,0,4,4,4,30,26,30,0.5754,13,1,0,still,0
374,101,3,0,-1,12,1,3,0,13,0,0,13,0,0,0,0,0,0,0,13,13,13,0.4117,12,0,0,hop,1
374,113,1,1,60,21,2,3,0,21,0,1,7,14,0,2,1,5,5,5,26,20,25,0.2927,8,1,0,still,0
374,114,1,1,60,21,0,3,0,23,0,1,5,18,0,0,1,4,4,3,27,24,27,0.2926,8,1,0,still,0
374,115,2,1,60,24,0,2,0,28,0,1,6,22,0,0,0,3,3,2,31,28,30,0.3241,12,1,0,still,0
374,119,1,1,60,22,1,3,0,31,1,1,9,22,0,4,0,1,1,1,32,27,28,0.4413,13,1,0,still,0
374,126,1,1,60,20,1,2,0,22,0,1,8,14,0,5,0,6,6,6,28,17,23,0.3522,8,1,0,still,0
374,127,1,1,60,20,1,2,0,18,0,1,3,15,0,2,0,7,7,7,25,16,23,0.3775,10,1,0,still,0
374,128,1,1,60,20,1,2,0,21,0,1,5,16,0,2,0,6,6,6,27,19,25,0.3220,8,1,0,still,0
374,130,1,1,60,22,0,2,0,19,0,1,9,10,0,0,2,4,4,4,23,21,25,0.6524,13,1,0,still,0
374,131,1,1,60,21,0,1,0,25,0,1,9,16,0,3,0,6,6,6,31,22,28,0.3205,8,1,0,still,0
374,135,1,1,60,23,1,2,0,30,0,1,16,14,0,3,0,4,4,4,34,27,31,0.3721,11,1,0,still,0
374,138,1,1,60,27,0,1,0,29,0,1,20,9,0,1,0,2,2,2,31,28,30,0.3439,12,1,0,still,0
374,139,1,1,60,23,1,2,0,30,0,1,9,21,0,4,1,1,1,1,31,27,28,0.4419,12,1,0,still,0
374,140,1,1,60,23,1,2,0,28,0,1,11,17,0,4,1,1,1,1,29,25,26,0.4712,12,1,0,still,0
374,141,2,1,60,23,0,1,0,25,0,1,11,14,0,2,0,2,2,2,27,23,25,0.5136,15,1,0,still,0
374,142,2,1,60,22,0,1,1,25,0,1,12,13,0,2,0,4,4,4,29,23,27,0.4870,15,1,0,still,0
374,143,1,1,60,23,0,1,0,31,1,1,25,6,0,4,0,0,0,0,31,27,27,0.5002,15,1,0,still,0
374,153,1,1,60,21,1,2,0,21,0,1,9,12,0,3,2,6,6,5,27,20,25,0.2901,8,1,0,still,0
374,154,2,1,60,22,0,1,0,24,0,1,10,14,0,3,0,6,6,5,30,21,26,0.3184,9,1,0,still,0
374,157,2,1,60,19,0,1,0,24,0,1,9,15,0,2,0,6,6,6,30,22,28,0.3192,8,1,0,still,0
374,163,1,1,60,20,0,2,1,22,0,1,8,14,0,5,0,6,6,6,28,17,23,0.3750,10,1,0,still,0
374,166,1,1,60,21,0,1,1,20,0,1,3,17,0,2,0,6,6,6,26,18,24,0.3762,11,1,0,still,0
374,167,1,1,60,20,0,2,1,21,0,1,5,16,0,2,0,6,6,6,27,19,25,0.3716,11,1,0,still,0
374,168,1,1,60,21,0,1,1,22,0,1,5,17,0,2,0,5,5,5,27,20,25,0.3744,10,1,0,still,0
374,169,1,1,60,24,0,1,0,22,0,1,12,10,0,0,0,4,4,4,26,22,26,0.6496,15,1,0,still,0
374,171,1,1,60,21,0,1,1,25,0,1,9,16,0,3,0,6,6,6,31,22,28,0.3205,10,1,0,still,0
374,172,1,1,60,20,0,1,1,28,0,1,14,14,0,3,0,5,5,5,33,25,30,0.3726,10,1,0,still,0
374,176,1,1,60,23,0,2,1,30,0,1,16,14,0,3,0,4,4,4,34,27,31,0.3926,13,1,0,still,0
374,177,1,0,-1,24,0,1,1,29,0,1,18,11,0,2,0,4,4,4,33,27,31,0.3973,13,1,0,start_jam,0
374,180,1,1,60,27,0,1,1,29,0,1,20,9,0,1,0,2,2,2,31,28,30,0.3908,15,1,0,still,0
374,181,1,1,60,24,0,1,1,30,0,1,22,8,0,3,0,1,1,1,31,27,28,0.4481,15,1,0,still,0
374,183,1,1,60,22,0,2,0,29,0,1,11,18,0,5,0,1,1,1,30,24,25,0.4893,13,1,0,still,0
374,186,1,1,60,23,0,1,1,31,1,1,25,6,0,4,0,0,0,0,31,27,27,0.4619,15,0,1,still,0
374,188,1,1,60,21,0,2,0,24,0,1,9,15,0,4,0,6,6,5,30,20,25,0.3805,11,1,0,still,0
374,189,1,1,60,21,0,1,0,24,0,1,7,17,0,3,0,5,5,4,29,21,25,0.4242,14,1,0,still,0
374,194,1,1,60,23,2,3,0,32,1,1,9,23,0,4,0,1,1,1,33,28,29,0.4317,14,1,0,still,0
374,195,1,1,60,22,0,1,0,23,0,1,9,14,0,2,0,6,6,5,29,21,26,0.2919,9,1,0,still,0
375,1,1,1,60,22,0,2,0,22,0,1,9,13,0,1,0,6,6,6,28,21,27,0.3622,7,1,0,still,0
375,3,2,1,60,20,0,1,0,22,0,1,5,17,0,0,0,4,4,4,26,22,26,0.3227,8,1,0,still,0
375,4,2,1,60,21,0,1,0,27,0,1,6,21,0,0,0,2,2,2,29,27,29,0.3297,9,1,0,still,0
375,6,1,1,60,23,0,1,1,29,0,1,6,23,0,0,0,0,0,0,29,29,29,0.3679,10,1,0,still,0
375,7,1,1,60,22,0,1,0,29,0,1,6,23,0,0,0,1,1,1,30,29,30,0.4064,11,1,0,still,0
375,8,1,1,60,20,0,2,1,29,0,1,7,22,0,0,0,1,1,1,30,29,30,0.4064,10,1,0,still,0
375,10,1,1,60,22,1,2,0,28,0,1,10,18,0,1,0,1,1,1,29,27,28,0.5020,12,1,0,still,0
375,11,1,1,60,23,1,2,0,26,0,1,10,16,0,0,0,1,1,1,27,26,27,0.5175,12,1,0,still,0
375,12,1,1,60,22,1,2,0,24,0,1,11,13,0,0,0,1,1,1,25,24,25,0.5666,13,1,0,still,0
375,13,1,1,60,23,1,2,0,22,0,1,11,11,0,0,0,2,2,2,24,22,24,0.5910,12,1,0,still,0
375,14,1,1,60,22,0,1,0,21,0,1,12,9,0,0,0,2,2,2,23,21,23,0.5541,12,1,0,still,0
375,15,1,1,60,21,3,4,0,21,0,1,9,12,0,0,0,4,4,4,25,21,25,0.5008,10,1,0,still,0
375,16,1,1,60,22,0,1,0,19,0,1,9,10,0,0,0,6,6,6,25,19,25,0.5908,10,1,0,still,0
375,28,2,1,60,25,0,2,0,28,0,1,21,7,0,1,0,1,1,1,29,27,28,0.6098,16,1,0,still,0
375,29,2,1,60,22,1,2,0,29,0,1,24,5,0,1,0,0,0,0,29,28,28,0.5944,15,1,0,still,0
375,31,2,1,60,23,0,3,0,27,0,1,25,2,0,0,1,0,0,0,27,28,28,0.5606,13,0,1,still,0
375,41,1,1,60,22,0,1,0,28,0,1,4,24,0,0,2,0,0,0,28,30,30,0.3927,11,1,0,still,0
375,44,1,1,60,22,0,2,0,24,0,1,8,16,0,0,2,1,1,1,25,26,27,0.4748,11,1,0,still,0
375,45,1,1,60,22,0,2,0,23,0,1,10,13,0,0,2,1,1,1,24,25,26,0.4636,10,1,0,still,0
375,46,1,1,60,21,0,2,1,23,0,1,11,12,0,0,0,2,2,2,25,23,25,0.5117,12,1,0,still,0
375,47,2,1,60,22,0,2,0,23,0,1,12,11,0,0,1,3,3,3,26,24,27,0.6167,15,1,0,still,0
375,51,1,1,60,20,0,2,0,16,0,1,5,11,0,0,0,5,5,6,21,16,22,0.5468,9,1,0,still,0
375,86,1,1,60,23,0,2,0,24,0,1,11,13,0,0,0,4,4,5,28,24,29,0.5721,10,1,0,still,0
375,89,1,1,60,27,1,2,0,26,0,1,19,7,0,0,0,3,3,3,29,26,29,0.6361,14,1,0,still,0
375,90,1,1,60,24,0,1,0,26,0,1,21,5,0,0,0,0,0,1,26,26,27,0.6587,15,1,0,still,0
375,91,1,1,60,23,0,1,0,25,0,1,22,3,0,0,0,0,0,1,25,25,26,0.5920,13,1,0,still,0
375,92,1,1,60,22,1,3,0,25,0,1,25,0,0,0,2,0,0,0,25,27,27,0.6614,13,0,0,still,0
375,95,1,1,60,21,1,2,0,18,0,1,8,10,0,0,0,7,7,7,25,18,25,0.3315,7,1,0,still,0
375,98,1,1,60,21,1,2,0,17,0,1,8,9,0,0,0,7,7,7,24,17,24,0.4041,9,1,0,still,0
375,132,1,1,60,21,2,3,0,26,0,1,24,2,0,0,0,0,0,0,26,26,26,0.7420,15,0,1,still,0
376,117,1,1,60,22,0,1,0,29,0,1,6,23,0,1,0,2,2,0,31,28,28,0.3824,11,1,0,still,0
380,159,1,1,30,17,1,2,0,16,0,1,10,6,0,0,0,5,5,5,21,16,21,0.2912,9,1,0,still,0
382,179,1,0,-1,4,3,5,0,4,0,0,4,0,0,0,0,0,0,0,4,4,4,0.1804,4,0,0,pending,0
383,179,1,0,-1,4,3,5,0,4,0,0,4,0,0,0,0,0,0,0,4,4,4,0.1803,4,0,0,hop,1
384,9,1,1,30,23,0,2,0,30,0,1,9,21,0,0,0,0,0,0,30,30,30,0.4703,11,1,0,still,0
384,170,1,0,-1,22,0,1,0,22,0,1,10,12,0,0,0,3,3,3,25,22,25,0.6562,14,1,0,start_jam,0
384,200,1,0,-1,20,0,6,1,23,0,1,9,14,0,3,0,4,4,4,27,20,24,0.5568,12,1,0,start_jam,0
387,191,1,1,30,24,0,1,0,28,0,1,6,22,0,0,0,3,3,1,31,28,29,0.3725,12,1,0,still,0
390,83,1,1,60,21,0,2,0,20,0,1,4,16,0,1,0,5,5,6,25,19,25,0.5382,11,1,0,still,0
392,165,1,1,60,20,0,2,1,19,0,1,4,15,0,3,0,7,7,7,26,16,23,0.3235,11,1,0,still,0
395,121,1,0,-1,1,0,4,1,1,0,0,1,0,0,0,0,0,0,0,1,1,1,0.0361,1,0,0,pending,0
396,121,1,0,-1,1,0,4,1,1,0,0,1,0,0,0,0,0,0,0,1,1,1,0.0361,1,0,0,hop,1
397,42,1,1,60,21,1,2,0,30,0,1,5,25,0,0,1,0,0,0,30,31,31,0.4290,11,1,0,still,0
399,125,1,1,30,21,1,6,0,20,0,1,8,12,0,1,1,5,5,5,25,20,25,0.5601,11,1,0,still,0
403,19,3,1,30,21,0,2,0,18,0,1,3,15,0,0,0,7,7,7,25,18,25,0.4992,12,1,0,still,0
403,21,2,1,30,22,1,2,0,20,0,1,4,16,0,0,0,7,7,7,27,20,27,0.5384,12,1,0,still,0
403,26,3,1,30,23,0,2,0,27,0,1,18,9,0,0,0,4,4,4,31,27,31,0.5867,16,1,0,still,0
403,43,1,1,30,23,1,2,0,30,0,1,7,23,0,0,1,0,0,0,30,31,31,0.4985,12,1,0,still,0
403,118,3,1,30,22,0,1,0,34,1,1,8,26,0,2,0,0,0,0,34,32,32,0.4245,15,1,0,still,0
404,5,2,1,90,23,0,1,0,28,0,1,6,22,0,0,0,1,1,1,29,28,29,0.3626,11,1,0,still,0
404,25,2,1,90,23,1,2,0,25,0,1,13,12,0,0,0,6,6,6,31,25,31,0.5994,14,1,0,still,0
404,54,2,1,90,22,0,1,0,18,0,1,3,15,0,0,0,6,6,6,24,18,24,0.4812,11,1,0,still,0
404,55,2,1,90,21,0,2,0,18,0,1,4,14,0,0,0,7,7,7,25,18,25,0.4779,11,1,0,still,0
404,56,1,1,90,22,0,1,0,19,0,1,4,15,0,0,0,7,7,7,26,19,26,0.5325,11,1,0,still,0
404,57,1,1,90,22,2,3,0,20,0,1,5,15,0,0,0,6,6,6,26,20,26,0.5629,11,1,0,still,0
404,58,1,1,90,21,0,1,0,22,0,1,9,13,0,0,0,5,5,6,27,22,28,0.5413,10,1,0,still,0
404,79,1,1,90,21,1,2,0,15,0,1,4,11,0,0,1,6,6,6,21,16,22,0.5714,10,1,0,still,0
404,84,1,1,90,22,1,3,0,19,0,1,5,14,0,0,0,6,6,6,25,19,25,0.5200,10,1,0,still,0
404,87,1,1,90,23,1,2,0,24,0,1,14,10,0,0,0,4,4,5,28,24,29,0.5994,12,1,0,still,0
404,88,1,1,90,24,0,1,0,25,0,1,17,8,0,0,0,4,4,4,29,25,29,0.6463,14,1,0,still,0
404,113,1,1,90,21,2,3,0,21,0,1,7,14,0,2,1,5,5,5,26,20,25,0.2633,7,1,0,still,0
404,114,1,1,90,21,0,3,0,22,0,1,5,17,0,0,1,4,4,3,26,23,26,0.2926,8,1,0,still,0
404,115,2,1,90,24,0,2,0,28,0,1,6,22,0,0,0,3,3,2,31,28,30,0.3239,12,1,0,still,0
404,119,1,1,90,22,0,2,0,33,1,1,8,25,0,4,0,0,0,0,33,29,29,0.4412,13,1,0,still,0
404,126,1,1,90,20,1,2,0,21,0,1,7,14,0,4,0,6,6,6,27,17,23,0.3522,8,1,0,still,0
404,127,1,1,90,20,1,2,0,19,0,1,4,15,0,3,0,7,7,7,26,16,23,0.3236,9,1,0,still,0
404,128,1,1,90,20,1,2,0,21,0,1,4,17,0,2,0,7,7,7,28,19,26,0.3220,8,1,0,still,0
404,130,1,1,90,21,4,6,0,21,0,1,8,13,0,0,0,3,3,3,24,21,24,0.7038,14,1,0,still,0
404,131,1,1,90,21,0,1,0,25,0,1,8,17,0,4,0,7,7,7,32,21,28,0.3205,8,1,0,still,0
404,135,1,1,90,23,1,2,0,28,0,1,14,14,0,3,0,5,5,5,33,25,30,0.3721,11,1,0,still,0
404,138,1,1,90,26,0,1,0,28,0,1,19,9,0,1,0,2,2,2,30,27,29,0.3968,13,1,0,still,0
404,139,1,1,90,23,1,2,0,30,0,1,7,23,0,3,1,0,0,0,30,28,28,0.4122,11,1,0,still,0
404,140,1,1,90,23,1,2,0,29,0,1,9,20,0,4,1,0,0,0,29,26,26,0.4419,11,1,0,still,0
404,141,2,1,90,23,0,1,0,27,0,1,10,17,0,2,0,1,1,1,28,25,26,0.5136,15,1,0,still,0
404,142,2,1,90,23,0,1,1,26,0,1,10,16,0,1,0,3,3,3,29,25,28,0.4345,13,1,0,still,0
404,143,1,1,90,22,0,1,0,31,1,1,25,6,0,4,0,0,0,0,31,27,27,0.5002,14,1,0,still,0
404,153,1,1,90,21,1,2,0,21,0,1,9,12,0,3,1,6,6,6,27,19,25,0.2611,7,1,0,still,0
404,154,2,1,90,21,0,1,0,22,0,1,10,12,0,2,0,8,8,6,30,20,26,0.3183,9,1,0,still,0
404,157,2,1,90,19,0,1,0,21,0,1,9,12,0,1,0,9,9,8,30,20,28,0.3201,8,1,0,still,0
404,163,1,1,90,20,0,2,1,22,0,1,8,14,0,5,0,6,6,6,28,17,23,0.3750,10,1,0,still,0
404,166,1,1,90,21,0,1,1,20,0,1,3,17,0,2,0,6,6,6,26,18,24,0.3493,10,1,0,still,0
404,167,1,1,90,20,0,2,1,21,0,1,4,17,0,2,0,7,7,7,28,19,26,0.3716,11,1,0,still,0
404,168,1,1,90,21,0,1,1,23,0,1,4,19,0,3,0,6,6,6,29,20,26,0.3744,10,1,0,still,0
404,169,1,1,90,23,0,1,0,23,0,1,10,13,0,0,0,3,3,3,26,23,26,0.6651,15,1,0,still,0
404,171,1,1,90,21,0,1,1,25,0,1,8,17,0,4,0,7,7,7,32,21,28,0.3698,11,1,0,still,0
404,172,1,1,90,20,0,1,1,27,0,1,13,14,0,3,0,6,6,6,33,24,30,0.3726,10,1,0,still,0
404,176,1,1,90,23,0,2,1,28,0,1,14,14,0,3,0,5,5,5,33,25,30,0.3926,13,1,0,still,0
404,177,1,1,30,24,0,1,1,28,0,1,17,11,0,2,0,4,4,4,32,26,30,0.3973,13,1,0,still,0
404,180,1,1,90,26,0,1,1,28,0,1,19,9,0,1,0,2,2,2,30,27,29,0.4641,17,1,0,still,0
404,181,1,1,90,23,0,1,1,29,0,1,21,8,0,3,0,1,1,1,30,26,27,0.4745,15,1,0,still,0
404,183,1,1,90,22,0,2,0,30,0,1,9,21,0,5,0,0,0,0,30,25,25,0.5163,14,1,0,still,0
404,186,1,1,90,22,0,1,1,30,0,1,24,6,0,4,0,0,0,0,30,26,26,0.4619,14,0,1,still,0
404,188,1,1,90,21,0,2,0,23,0,1,9,14,0,4,0,6,6,5,29,19,24,0.3803,11,1,0,still,0
404,189,1,1,90,21,0,1,0,25,0,1,7,18,0,3,0,5,5,4,30,22,26,0.4491,15,1,0,still,0
404,194,1,1,90,23,1,2,0,34,1,1,8,26,0,4,0,0,0,0,34,30,30,0.4326,14,1,0,still,0
404,195,1,1,90,22,0,1,0,21,0,1,9,12,0,1,0,7,7,6,28,20,26,0.3448,10,1,0,still,0
405,1,1,1,90,22,0,2,0,22,0,1,9,13,0,1,0,6,6,6,28,21,27,0.3622,7,1,0,still,0
405,3,2,1,90,20,0,1,0,23,0,1,5,18,0,0,0,4,4,4,27,23,27,0.3227,8,1,0,still,0
405,4,2,1,90,21,0,1,0,25,0,1,5,20,0,0,0,2,2,2,27,25,27,0.3297,9,1,0,still,0
405,6,1,1,90,23,0,1,0,29,0,1,6,23,0,0,0,0,0,0,29,29,29,0.3679,10,1,0,still,0
405,7,1,1,90,22,0,1,0,30,0,1,5,25,0,0,0,0,0,0,30,30,30,0.4064,11,1,0,still,0
405,8,1,1,90,23,0,2,0,30,0,1,5,25,0,0,0,0,0,0,30,30,30,0.4433,11,1,0,still,0
405,10,1,1,90,23,0,1,0,29,0,1,8,21,0,0,0,0,0,0,29,29,29,0.5364,13,1,0,still,0
405,11,1,1,90,23,1,2,0,28,0,1,8,20,0,1,0,0,0,0,28,27,27,0.5461,13,1,0,still,0
405,12,1,1,90,22,1,2,0,26,0,1,9,17,0,1,0,0,0,0,26,25,25,0.5892,14,1,0,still,0
405,13,1,1,90,22,1,2,0,23,0,1,9,14,0,0,0,1,1,1,24,23,24,0.5910,12,1,0,still,0
405,14,1,1,90,24,0,1,0,22,0,1,10,12,0,0,2,1,1,1,23,24,25,0.5541,12,1,0,still,0
405,15,1,1,90,21,3,6,0,21,0,1,8,13,0,0,0,4,4,4,25,21,25,0.5707,11,1,0,still,0
405,16,1,1,90,22,0,1,0,18,0,1,8,10,0,0,0,6,6,6,24,18,24,0.5908,10,1,0,still,0
405,28,2,1,90,24,0,2,0,27,0,1,20,7,0,1,0,1,1,1,28,26,27,0.6001,15,1,0,still,0
405,29,2,1,90,21,1,2,0,28,0,1,23,5,0,1,0,0,0,0,28,27,27,0.6499,15,1,0,still,0
405,31,2,1,90,22,0,3,0,26,0,1,24,2,0,0,1,0,0,0,26,27,27,0.5936,12,0,1,still,0
405,41,1,1,90,22,0,1,0,29,0,1,5,24,0,0,1,0,0,0,29,30,30,0.3937,11,1,0,still,0
405,44,1,1,90,22,0,1,0,25,0,1,6,19,0,0,2,0,0,0,25,27,27,0.4753,11,1,0,still,0
405,45,1,1,90,22,0,2,0,26,0,1,8,18,0,0,0,0,0,0,26,26,26,0.5020,11,1,0,still,0
405,46,1,1,90,21,0,2,0,24,0,1,9,15,0,0,0,1,1,1,25,24,25,0.5106,12,1,0,still,0
405,47,2,1,90,22,0,2,0,24,0,1,10,14,0,0,1,2,2,2,26,25,27,0.6493,16,1,0,still,0
405,51,1,1,90,20,0,2,0,16,0,1,5,11,0,0,0,5,5,6,21,16,22,0.5466,9,1,0,still,0
405,86,1,1,90,23,0,2,1,23,0,1,11,12,0,0,0,5,5,6,28,23,29,0.5724,10,1,0,still,0
405,89,1,1,90,26,1,2,0,25,0,1,18,7,0,0,0,3,3,4,28,25,29,0.6380,14,1,0,still,0
405,90,1,1,90,23,0,1,0,25,0,1,20,5,0,0,0,0,0,1,25,25,26,0.6585,14,1,0,still,0
405,91,1,1,90,22,0,1,0,24,0,1,21,3,0,0,0,0,0,1,24,24,25,0.5932,12,1,0,still,0
405,92,1,1,90,21,1,3,0,24,0,1,24,0,0,0,2,0,0,0,24,26,26,0.6568,12,0,0,still,0
405,95,1,1,90,21,1,2,0,19,0,1,8,11,0,0,0,7,7,7,26,19,26,0.3316,7,1,0,still,0
405,98,1,1,90,21,1,2,0,16,0,1,8,8,0,0,0,8,8,8,24,16,24,0.4041,9,1,0,still,0
405,132,1,1,90,20,2,3,0,25,0,1,24,1,0,0,1,0,0,0,25,26,26,0.6710,13,0,1,still,0
406,117,1,1,90,22,0,1,0,29,0,1,6,23,0,1,0,2,2,0,31,28,28,0.3822,11,1,0,still,0
407,199,1,0,-1,20,0,1,1,16,0,1,10,6,0,2,0,8,8,8,24,14,22,0.3593,11,1,0,start_jam,0
410,159,1,1,60,17,1,2,0,16,0,1,9,7,0,0,0,5,5,5,21,16,21,0.2911,9,1,0,still,0
411,32,1,0,-1,17,0,1,0,22,0,0,22,0,0,0,0,0,0,0,22,22,22,0.6350,9,0,0,pending,0
411,33,3,0,-1,14,0,3,0,19,0,0,19,0,0,1,0,0,0,0,19,18,18,0.5772,13,0,0,pending,0
411,136,2,0,-1,15,1,2,0,19,0,0,19,0,0,1,0,0,0,0,19,18,18,0.5491,12,0,0,pending,0
412,32,1,0,-1,17,0,1,0,22,0,0,22,0,0,0,0,0,0,0,22,22,22,0.6348,9,0,0,hop,1
412,33,3,0,-1,14,0,3,0,19,0,0,19,0,0,1,0,0,0,0,19,18,18,0.5772,13,0,0,hop,1
412,136,2,0,-1,14,1,2,0,19,0,0,19,0,0,1,0,0,0,0,19,18,18,0.5494,12,0,0,hop,1
414,9,1,1,60,23,0,2,0,30,0,1,7,23,0,0,0,0,0,0,30,30,30,0.4712,11,1,0,still,0
414,170,1,1,30,22,0,2,0,20,0,1,8,12,0,0,1,3,3,3,23,21,24,0.6676,14,1,0,still,0
414,200,1,1,30,20,0,6,1,23,0,1,9,14,0,3,0,4,4,4,27,20,24,0.5609,12,1,0,still,0
417,155,1,0,-1,2,0,4,1,2,0,0,2,0,0,0,0,0,0,0,2,2,2,0.0715,2,0,0,hop,1
417,191,1,1,60,24,0,1,0,28,0,1,6,22,0,0,0,3,3,1,31,28,29,0.3993,13,1,0,still,0
419,49,2,0,-1,21,2,6,0,20,0,1,9,11,0,0,2,6,6,6,26,22,28,0.6143,12,1,0,start_jam,0
419,160,1,0,-1,0,0,1,1,0,0,0,0,0,0,0,0,0,0,0,0,0,0,0.0000,0,0,0,pending,0
420,83,1,1,90,21,0,1,0,18,0,1,4,14,0,0,0,6,6,7,24,18,25,0.5038,10,1,0,still,0
420,160,1,0,-1,0,0,1,1,0,0,0,0,0,0,0,0,0,0,0,0,0,0,0.0000,0,0,0,hop,1
422,165,1,1,90,20,0,2,1,19,0,1,4,15,0,3,0,7,7,7,26,16,23,0.3235,11,1,0,still,0
423,111,1,0,-1,6,0,3,0,6,0,0,6,0,0,0,0,0,0,0,6,6,6,0.2137,5,0,0,pending,0
424,99,2,0,-1,13,1,4,0,14,0,0,14,0,0,0,1,0,0,0,14,15,15,0.5296,11,0,0,hop,1
424,111,1,0,-1,6,0,3,0,6,0,0,6,0,0,0,0,0,0,0,6,6,6,0.2137,5,0,0,hop,1
427,42,1,1,90,21,1,2,0,31,1,1,4,27,0,0,0,0,0,0,31,31,31,0.4632,12,1,0,still,0
429,125,1,1,60,20,1,7,0,20,0,1,7,13,0,1,1,4,4,4,24,20,24,0.5633,11,1,0,still,0
430,100,1,0,-1,21,0,2,0,14,0,1,8,6,0,1,1,8,8,8,22,14,22,0.4029,10,1,0,start_jam,0
432,109,2,0,-1,14,1,3,0,18,0,0,18,0,0,0,0,0,0,0,18,18,18,0.7104,12,0,0,hop,1
433,19,3,1,60,21,0,2,0,18,0,1,3,15,0,0,0,7,7,7,25,18,25,0.5016,12,1,0,still,0
433,21,2,1,60,22,1,2,0,19,0,1,4,15,0,0,0,8,8,8,27,19,27,0.5364,12,1,0,still,0
433,26,3,1,60,23,0,2,0,26,0,1,17,9,0,0,0,4,4,4,30,26,30,0.5864,16,1,0,still,0
433,43,1,1,60,22,1,2,0,29,0,1,5,24,0,0,1,0,0,0,29,30,30,0.4990,11,1,0,still,0
433,118,3,1,60,21,0,1,0,32,1,1,6,26,0,1,0,0,0,0,32,31,31,0.4247,14,1,0,still,0
434,5,2,1,120,23,0,1,0,28,0,1,6,22,0,0,0,1,1,1,29,28,29,0.3626,11,1,0,still,0
434,25,2,1,120,23,1,2,0,25,0,1,13,12,0,0,0,6,6,6,31,25,31,0.5997,14,1,0,still,0
434,54,2,1,120,22,0,1,0,18,0,1,3,15,0,0,0,6,6,6,24,18,24,0.4807,11,1,0,still,0
434,55,2,1,120,21,0,2,0,19,0,1,4,15,0,0,0,7,7,7,26,19,26,0.4781,11,1,0,still,0
434,56,1,1,120,22,0,1,0,19,0,1,4,15,0,0,0,7,7,7,26,19,26,0.5299,11,1,0,still,0
434,57,1,1,120,22,2,3,0,20,0,1,5,15,0,0,0,6,6,6,26,20,26,0.5621,11,1,0,still,0
434,58,1,1,120,21,0,1,0,22,0,1,9,13,0,0,0,6,6,7,28,22,29,0.5415,10,1,0,still,0
434,79,1,1,120,21,1,2,0,15,0,1,4,11,0,0,1,6,6,6,21,16,22,0.5710,10,1,0,still,0
434,84,1,1,120,22,1,3,0,19,0,1,5,14,0,0,0,6,6,6,25,19,25,0.5581,11,1,0,still,0
434,87,1,1,120,23,1,2,0,24,0,1,14,10,0,0,0,4,4,5,28,24,29,0.5992,12,1,0,still,0
434,88,1,1,120,24,0,1,0,25,0,1,17,8,0,0,0,4,4,4,29,25,29,0.6459,14,1,0,still,0
434,113,1,1,120,21,2,3,0,20,0,1,7,13,0,2,1,6,6,6,26,19,25,0.2633,7,1,0,still,0
434,114,1,1,120,21,0,3,0,21,0,1,5,16,0,0,1,5,5,4,26,22,26,0.2926,8,1,0,still,0
434,115,2,1,120,24,0,2,0,28,0,1,6,22,0,0,0,3,3,2,31,28,30,0.3237,12,1,0,still,0
434,119,1,1,120,21,0,2,0,32,1,1,6,26,0,4,0,0,0,0,32,28,28,0.4707,13,1,0,still,0
434,126,1,1,120,20,1,2,0,21,0,1,7,14,0,4,0,6,6,6,27,17,23,0.3793,9,1,0,still,0
434,127,1,1,120,20,1,2,0,19,0,1,4,15,0,3,0,7,7,7,26,16,23,0.3236,9,1,0,still,0
434,128,1,1,120,20,1,2,0,21,0,1,4,17,0,2,0,7,7,7,28,19,26,0.3220,8,1,0,still,0
434,130,1,1,120,21,4,7,0,20,0,1,7,13,0,0,1,3,3,3,23,21,24,0.6041,12,1,0,still,0
434,131,1,1,120,21,0,1,0,24,0,1,8,16,0,3,0,7,7,7,31,21,28,0.3205,8,1,0,still,0
434,135,1,1,120,23,1,2,0,28,0,1,14,14,0,3,0,5,5,5,33,25,30,0.3721,11,1,0,still,0
434,138,1,1,120,26,0,1,0,28,0,1,19,9,0,1,0,2,2,2,30,27,29,0.3968,13,1,0,still,0
434,139,1,1,120,23,1,2,0,29,0,1,5,24,0,3,1,0,0,0,29,27,27,0.4710,12,1,0,still,0
434,140,1,1,120,22,1,2,0,28,0,1,7,21,0,4,1,0,0,0,28,25,25,0.4713,11,1,0,still,0
434,141,2,1,120,22,0,1,0,26,0,1,8,18,0,1,0,1,1,1,27,25,26,0.5677,15,1,0,still,0
434,142,2,1,120,22,0,1,1,25,0,1,8,17,0,1,0,3,3,3,28,24,27,0.4366,13,1,0,still,0
434,143,1,1,120,22,0,1,0,31,1,1,25,6,0,4,0,0,0,0,31,27,27,0.4739,13,1,0,still,0
434,153,1,1,120,21,1,2,0,21,0,1,9,12,0,4,1,6,6,7,27,18,25,0.2900,8,1,0,still,0
434,154,2,1,120,21,0,1,0,22,0,1,9,13,0,3,0,7,7,7,29,19,26,0.3183,9,1,0,still,0
434,157,2,1,120,19,0,1,0,22,0,1,8,14,0,1,0,7,7,7,29,21,28,0.3219,8,1,0,still,0
434,163,1,1,120,20,0,2,1,21,0,1,7,14,0,4,0,6,6,6,27,17,23,0.3750,10,1,0,still,0
434,166,1,1,120,21,0,1,1,20,0,1,3,17,0,2,0,6,6,6,26,18,24,0.3493,10,1,0,still,0
434,167,1,1,120,20,0,2,1,21,0,1,4,17,0,2,0,7,7,7,28,19,26,0.3716,11,1,0,still,0
434,168,1,1,120,21,0,1,1,23,0,1,4,19,0,3,0,6,6,6,29,20,26,0.3744,10,1,0,still,0
434,169,1,1,120,21,0,1,0,22,0,1,8,14,0,0,0,2,2,2,24,22,24,0.6383,14,1,0,still,0
434,171,1,1,120,21,0,1,1,24,0,1,8,16,0,3,0,7,7,7,31,21,28,0.3698,11,1,0,still,0
434,172,1,1,120,20,0,1,1,26,0,1,12,14,0,3,0,6,6,6,32,23,29,0.3726,10,1,0,still,0
434,176,1,1,120,23,0,2,1,28,0,1,14,14,0,3,0,5,5,5,33,25,30,0.4172,14,1,0,still,0
434,177,1,1,60,24,0,1,1,28,0,1,17,11,0,2,0,4,4,4,32,26,30,0.3973,13,1,0,still,0
434,180,1,1,120,26,0,1,1,28,0,1,19,9,0,1,0,2,2,2,30,27,29,0.4641,17,1,0,still,0
434,181,1,1,120,23,0,1,1,29,0,1,21,8,0,3,0,1,1,1,30,26,27,0.4481,14,1,0,still,0
434,183,1,1,120,21,0,2,1,29,0,1,7,22,0,5,0,0,0,0,29,24,24,0.5162,13,1,0,still,0
434,186,1,1,120,22,0,1,1,31,1,1,25,6,0,4,0,0,0,0,31,27,27,0.4619,14,0,1,still,0
434,188,1,1,120,21,0,2,0,23,0,1,9,14,0,5,0,6,6,6,29,18,24,0.3802,11,1,0,still,0
434,189,1,1,120,21,0,1,0,24,0,1,7,17,0,3,0,6,6,5,30,21,26,0.4491,15,1,0,still,0
434,194,1,1,120,22,1,2,0,33,1,1,6,27,0,4,0,0,0,0,33,29,29,0.4337,13,1,0,still,0
434,195,1,1,120,22,0,1,0,21,0,1,9,12,0,2,0,7,7,7,28,19,26,0.3446,10,1,0,still,0
435,1,1,1,120,22,0,2,0,21,0,1,9,12,0,1,0,7,7,7,28,20,27,0.3623,7,1,0,still,0
435,3,2,1,120,20,0,1,0,21,0,1,5,16,0,0,1,5,5,5,26,22,27,0.3227,8,1,0,still,0
435,4,2,1,120,20,0,1,0,24,0,1,5,19,0,0,0,3,3,3,27,24,27,0.3297,9,1,0,still,0
435,6,1,1,120,23,0,1,0,28,0,1,5,23,0,0,0,0,0,0,28,28,28,0.3679,10,1,0,still,0
435,7,1,1,120,22,0,1,0,29,0,1,4,25,0,0,0,0,0,0,29,29,29,0.4063,11,1,0,still,0
435,8,1,1,120,22,0,2,0,29,0,1,3,26,0,0,0,0,0,0,29,29,29,0.4433,11,1,0,still,0
435,10,1,1,120,22,0,1,0,28,0,1,6,22,0,0,0,0,0,0,28,28,28,0.5362,12,1,0,still,0
435,11,1,1,120,22,1,2,0,27,0,1,6,21,0,1,0,0,0,0,27,26,26,0.5441,12,1,0,still,0
435,12,1,1,120,21,1,2,0,25,0,1,7,18,0,1,0,0,0,0,25,24,24,0.5841,13,1,0,still,0
435,13,1,1,120,20,1,2,0,22,0,1,7,15,0,0,0,1,1,1,23,22,23,0.5911,11,1,0,still,0
435,14,1,1,120,21,0,1,0,20,0,1,7,13,0,0,2,1,1,1,21,22,23,0.5540,11,1,0,still,0
435,15,1,1,120,21,3,7,0,21,0,1,7,14,0,0,0,4,4,4,25,21,25,0.5713,11,1,0,still,0
435,16,1,1,120,22,0,1,0,17,0,1,7,10,0,0,1,6,6,6,23,18,24,0.5908,10,1,0,still,0
435,28,2,1,120,24,0,2,0,27,0,1,20,7,0,1,0,1,1,1,28,26,27,0.5973,15,1,0,still,0
435,29,2,1,120,21,1,2,0,28,0,1,23,5,0,1,0,0,0,0,28,27,27,0.6451,15,1,0,still,0
435,31,2,1,120,22,0,3,0,26,0,1,24,2,0,0,1,0,0,0,26,27,27,0.5936,12,0,1,still,0
435,41,1,1,120,22,0,1,0,27,0,1,4,23,0,0,1,0,0,0,27,28,28,0.3941,11,1,0,still,0
435,44,1,1,120,21,0,1,0,25,0,1,4,21,0,0,1,0,0,0,25,26,26,0.5108,11,1,0,still,0
435,45,1,1,120,21,0,2,0,25,0,1,6,19,0,0,0,0,0,0,25,25,25,0.5378,11,1,0,still,0
435,46,1,1,120,20,0,2,0,23,0,1,7,16,0,0,0,1,1,1,24,23,24,0.5083,11,1,0,still,0
435,47,2,1,120,21,0,2,0,23,0,1,8,15,0,0,1,1,1,1,24,24,25,0.6485,15,1,0,still,0
435,51,1,1,120,20,0,3,0,17,0,1,5,12,0,0,0,5,5,6,22,17,23,0.5464,9,1,0,still,0
435,86,1,1,120,22,0,2,1,23,0,1,11,12,0,1,0,5,5,6,28,22,28,0.5728,10,1,0,still,0
435,89,1,1,120,26,1,2,0,25,0,1,18,7,0,0,0,3,3,3,28,25,28,0.6395,14,1,0,still,0
435,90,1,1,120,23,0,1,0,25,0,1,20,5,0,0,0,0,0,1,25,25,26,0.6579,14,1,0,still,0
435,91,1,1,120,22,0,1,0,24,0,1,21,3,0,0,0,0,0,1,24,24,25,0.5937,12,1,0,still,0
435,92,1,1,120,21,1,3,0,24,0,1,24,0,0,0,2,0,0,0,24,26,26,0.6526,12,0,0,still,0
435,95,1,1,120,21,1,2,0,18,0,1,7,11,0,0,1,7,7,7,25,19,26,0.3679,7,1,0,still,0
435,98,1,1,120,20,0,1,0,17,0,1,7,10,0,0,0,6,6,6,23,17,23,0.4023,8,1,0,still,0
435,132,1,1,120,19,2,3,0,25,0,1,24,1,0,0,1,0,0,0,25,26,26,0.6362,13,0,1,still,0
436,117,1,1,120,22,0,1,0,29,0,1,5,24,0,1,0,2,2,0,31,28,28,0.3821,11,1,0,still,0
437,199,1,1,30,20,0,1,1,19,0,1,8,11,0,2,0,5,5,5,24,17,22,0.3381,10,1,0,still,0
440,159,1,1,90,16,1,2,0,17,0,1,7,10,0,0,0,2,2,2,19,17,19,0.2619,7,1,0,still,0
441,76,3,0,-1,20,5,7,0,23,0,1,6,17,0,0,0,3,3,3,26,23,26,0.5949,14,1,0,start_jam,0
443,65,1,0,-1,18,0,1,0,24,0,0,24,0,0,1,0,0,0,0,24,23,23,0.5773,10,0,0,pending,0
444,9,1,1,90,22,0,2,0,29,0,1,4,25,0,0,0,0,0,0,29,29,29,0.4715,10,1,0,still,0
444,65,1,0,-1,18,0,1,0,24,0,0,24,0,0,1,0,0,0,0,24,23,23,0.5771,10,0,0,hop,1
444,170,1,1,60,21,6,7,0,20,0,1,6,14,0,0,1,3,3,3,23,21,24,0.6689,13,1,0,still,0
444,200,1,1,60,19,0,7,1,20,0,1,6,14,0,1,0,3,3,3,23,19,22,0.5652,11,1,0,still,0
447,68,2,0,-1,21,3,4,0,20,0,1,7,13,0,0,0,7,7,7,27,20,27,0.3386,8,1,0,start_jam,0
447,191,1,1,90,24,0,1,0,28,0,1,6,22,0,0,0,3,3,1,31,28,29,0.3993,13,1,0,still,0
449,17,3,0,-1,21,1,2,0,17,0,1,3,14,0,0,1,7,7,7,24,18,25,0.5062,11,1,0,start_jam,0
449,49,2,1,30,20,2,7,0,19,0,1,7,12,0,0,2,6,6,6,25,21,27,0.6173,11,1,0,still,0
449,164,1,0,-1,20,0,1,1,19,0,1,3,16,0,3,0,6,6,6,25,16,22,0.3781,10,1,0,start_jam,0
450,83,1,1,120,21,0,2,0,18,0,1,4,14,0,0,0,7,7,7,25,18,25,0.4982,10,1,0,still,0
452,165,1,1,120,20,0,2,1,18,0,1,3,15,0,2,0,7,7,7,25,16,23,0.3235,11,1,0,still,0
457,42,1,1,120,21,1,2,0,30,0,1,2,28,0,0,0,0,0,0,30,30,30,0.4623,12,1,0,still,0
459,125,1,1,90,19,1,7,0,19,0,1,4,15,0,1,1,5,5,5,24,19,24,0.5664,10,1,0,still,0
460,100,1,1,30,19,0,2,0,17,0,1,5,12,0,1,1,3,3,3,20,17,20,0.3981,8,1,0,still,0
463,19,3,1,90,21,0,2,0,19,0,1,3,16,0,0,0,7,7,7,26,19,26,0.5029,12,1,0,still,0
463,21,2,1,90,22,1,2,0,19,0,1,4,15,0,0,0,8,8,8,27,19,27,0.5662,13,1,0,still,0
463,26,3,1,90,22,0,2,0,25,0,1,16,9,0,0,0,4,4,4,29,25,29,0.6154,16,1,0,still,0
463,43,1,1,90,22,1,2,0,30,0,1,4,26,0,0,0,0,0,0,30,30,30,0.4914,11,1,0,still,0
463,66,1,0,-1,16,0,1,0,21,0,0,21,0,0,1,1,0,0,0,21,21,21,0.6579,11,0,0,hop,1
463,110,1,0,-1,16,3,4,0,15,0,0,15,0,0,0,1,0,0,0,15,16,16,0.6529,11,0,0,hop,1
463,118,3,1,90,21,0,1,0,32,1,1,4,28,0,1,0,0,0,0,32,31,31,0.4247,14,1,0,still,0
463,158,1,0,-1,18,0,2,0,20,0,1,6,14,0,2,0,3,3,3,23,18,21,0.2878,7,1,0,start_jam,0
464,5,2,1,150,23,0,1,0,28,0,1,6,22,0,0,0,1,1,1,29,28,29,0.3955,12,1,0,still,0
464,25,2,1,150,22,1,2,0,24,0,1,12,12,0,0,0,6,6,6,30,24,30,0.5680,13,1,0,still,0
464,54,2,1,150,22,0,1,0,18,0,1,3,15,0,0,0,6,6,6,24,18,24,0.4803,11,1,0,still,0
464,55,2,1,150,21,0,2,0,19,0,1,4,15,0,0,0,7,7,7,26,19,26,0.4785,11,1,0,still,0
464,56,1,1,150,22,1,2,0,19,0,1,4,15,0,0,0,7,7,7,26,19,26,0.5277,11,1,0,still,0
464,57,1,1,150,22,2,3,0,20,0,1,5,15,0,0,0,6,6,6,26,20,26,0.5605,11,1,0,still,0
464,58,1,1,150,21,0,1,0,21,0,1,8,13,0,0,0,6,6,7,27,21,28,0.5416,10,1,0,still,0
464,79,1,1,150,21,0,2,0,15,0,1,3,12,0,0,1,6,6,6,21,16,22,0.5990,10,1,0,still,0
464,84,1,1,150,22,1,3,0,19,0,1,5,14,0,0,0,6,6,6,25,19,25,0.5570,11,1,0,still,0
464,87,1,1,150,22,1,2,0,22,0,1,12,10,0,0,0,3,3,4,25,22,26,0.6344,13,1,0,still,0
464,88,1,1,150,23,0,1,0,23,0,1,15,8,0,0,0,4,4,4,27,23,27,0.5371,12,1,0,still,0
464,107,2,0,-1,20,1,2,0,25,0,1,24,1,0,0,2,0,0,0,25,27,27,0.6627,13,0,1,start_jam,0
464,113,1,1,150,21,2,3,0,22,0,1,7,15,0,2,1,4,4,4,26,21,25,0.2632,7,1,0,still,0
464,114,1,1,150,21,0,3,0,24,0,1,5,19,0,1,1,3,3,3,27,24,27,0.2926,8,1,0,still,0
464,115,2,1,150,24,0,2,0,29,0,1,6,23,0,1,0,2,2,2,31,28,30,0.3236,12,1,0,still,0
464,119,1,1,150,21,0,2,0,31,1,1,4,27,0,4,0,0,0,0,31,27,27,0.4708,13,1,0,still,0
464,126,1,1,150,20,1,2,0,20,0,1,4,16,0,3,0,6,6,6,26,17,23,0.3793,9,1,0,still,0
464,127,1,1,150,20,1,2,0,19,0,1,3,16,0,2,0,7,7,7,26,17,24,0.3236,9,1,0,still,0
464,128,1,1,150,20,1,2,0,22,0,1,4,18,0,3,0,7,7,7,29,19,26,0.3220,8,1,0,still,0
464,130,1,1,150,20,4,7,0,19,0,1,4,15,0,0,1,3,3,3,22,20,23,0.6082,11,1,0,still,0
464,131,1,1,150,21,0,1,0,23,0,1,6,17,0,3,0,7,7,7,30,20,27,0.3205,8,1,0,still,0
464,135,1,1,150,22,1,2,0,26,0,1,11,15,0,3,0,5,5,5,31,23,28,0.3721,11,1,0,still,0
464,138,1,1,150,24,0,1,0,26,0,1,16,10,0,1,0,2,2,2,28,25,27,0.3968,12,1,0,still,0
464,139,1,1,150,24,1,2,0,28,0,1,2,26,0,3,0,0,0,0,28,25,25,0.4711,12,1,0,still,0
464,140,1,1,150,21,1,2,0,26,0,1,4,22,0,3,1,0,0,0,26,24,24,0.4713,11,1,0,still,0
464,141,2,1,150,21,0,1,0,25,0,1,4,21,0,1,0,1,1,1,26,24,25,0.5678,14,1,0,still,0
464,142,2,1,150,21,0,1,1,24,0,1,4,20,0,0,0,3,3,3,27,24,27,0.4399,12,1,0,still,0
464,143,1,1,150,20,0,1,0,29,0,1,22,7,0,4,0,0,0,0,29,25,25,0.4739,11,1,0,still,0
464,153,1,1,150,20,1,2,0,22,0,1,8,14,0,3,1,4,4,5,26,20,25,0.2900,8,1,0,still,0
464,154,2,1,150,21,0,1,0,23,0,1,8,15,0,2,0,5,5,5,28,21,26,0.3182,9,1,0,still,0
464,157,2,1,150,18,0,1,0,22,0,1,6,16,0,1,0,5,5,5,27,21,26,0.3221,7,1,0,still,0
464,163,1,1,150,20,0,2,1,20,0,1,4,16,0,3,0,6,6,6,26,17,23,0.4000,11,1,0,still,0
464,166,1,1,150,21,0,1,1,20,0,1,3,17,0,2,0,6,6,6,26,18,24,0.3493,10,1,0,still,0
464,167,1,1,150,20,0,2,1,22,0,1,4,18,0,3,0,7,7,7,29,19,26,0.3716,11,1,0,still,0
464,168,1,1,150,21,0,1,1,23,0,1,4,19,0,3,0,6,6,6,29,20,26,0.3744,10,1,0,still,0
464,169,1,1,150,20,0,1,0,21,0,1,4,17,0,0,0,2,2,2,23,21,23,0.6098,12,1,0,still,0
464,171,1,1,150,21,0,1,1,23,0,1,6,17,0,3,0,7,7,7,30,20,27,0.3698,11,1,0,still,0
464,172,1,1,150,20,0,1,1,25,0,1,10,15,0,3,0,6,6,6,31,22,28,0.3726,10,1,0,still,0
464,174,1,0,-1,15,0,1,1,24,0,0,21,3,0,4,0,0,0,0,24,20,20,0.7406,13,0,1,hop,1
464,176,1,1,150,22,0,2,1,26,0,1,11,15,0,3,0,5,5,5,31,23,28,0.4172,14,1,0,still,0
464,177,1,1,90,23,0,1,1,26,0,1,14,12,0,2,0,4,4,4,30,24,28,0.3973,13,1,0,still,0
464,180,1,1,150,24,0,1,1,26,0,1,16,10,0,1,0,2,2,2,28,25,27,0.4396,15,1,0,still,0
464,181,1,1,150,21,0,1,1,27,0,1,18,9,0,3,0,1,1,1,28,24,25,0.4481,13,1,0,still,0
464,183,1,1,150,20,0,2,1,27,0,1,4,23,0,4,0,0,0,0,27,23,23,0.5161,13,1,0,still,0
464,186,1,1,150,20,0,1,1,29,0,1,22,7,0,4,0,0,0,0,29,25,25,0.4619,12,1,0,still,0
464,188,1,1,150,21,0,2,0,24,0,1,8,16,0,4,0,4,4,4,28,20,24,0.3801,11,1,0,still,0
464,189,1,1,150,21,0,1,0,25,0,1,6,19,0,3,0,4,4,4,29,22,26,0.4491,15,1,0,still,0
464,194,1,1,150,22,1,2,0,32,1,1,4,28,0,4,0,0,0,0,32,28,28,0.4340,13,1,0,still,0
464,195,1,1,150,21,0,1,0,23,0,1,8,15,0,3,0,5,5,5,28,20,25,0.3445,10,1,0,still,0
465,1,1,1,150,22,0,1,0,22,0,1,8,14,0,0,0,5,5,5,27,22,27,0.3583,6,1,0,still,0
465,3,2,1,150,20,0,1,0,22,0,1,5,17,0,0,1,4,4,4,26,23,27,0.3242,8,1,0,still,0
465,4,2,1,150,20,0,1,0,24,0,1,5,19,0,0,0,3,3,3,27,24,27,0.3297,9,1,0,still,0
465,6,1,1,150,23,0,1,0,28,0,1,4,24,0,0,0,0,0,0,28,28,28,0.3679,10,1,0,still,0
465,7,1,1,150,22,0,1,0,29,0,1,3,26,0,0,0,0,0,0,29,29,29,0.4063,11,1,0,still,0
465,8,1,1,150,22,0,2,0,29,0,1,2,27,0,0,0,0,0,0,29,29,29,0.4433,11,1,0,still,0
465,10,1,1,150,22,0,1,0,27,0,1,4,23,0,0,0,0,0,0,27,27,27,0.5300,12,1,0,still,0
465,11,1,1,150,22,1,2,0,26,0,1,3,23,0,1,0,0,0,0,26,25,25,0.5378,12,1,0,still,0
465,12,1,1,150,20,1,2,0,24,0,1,4,20,0,0,0,0,0,0,24,24,24,0.5172,10,1,0,still,0
465,13,1,1,150,19,1,2,0,21,0,1,4,17,0,0,1,1,1,1,22,22,23,0.5910,11,1,0,still,0
465,14,1,1,150,20,0,1,0,19,0,1,4,15,0,0,2,1,1,1,20,21,22,0.5171,10,1,0,still,0
465,15,1,1,150,20,3,7,0,20,0,1,4,16,0,0,0,4,4,4,24,20,24,0.4967,9,1,0,still,0
465,16,1,1,150,20,0,1,0,17,0,1,4,13,0,0,0,6,6,6,23,17,23,0.5910,9,1,0,still,0
465,28,2,1,150,22,0,2,0,25,0,1,17,8,0,1,0,1,1,1,26,24,25,0.6837,16,1,0,still,0
465,29,2,1,150,19,1,2,0,26,0,1,20,6,0,1,0,0,0,0,26,25,25,0.6711,15,1,0,still,0
465,31,2,1,150,20,1,4,0,24,0,1,21,3,0,0,1,0,0,0,24,25,25,0.6266,12,0,1,still,0
465,34,1,0,-1,9,1,3,0,11,0,0,11,0,0,1,0,0,0,0,11,10,10,0.3696,8,0,0,pending,0
465,41,1,1,150,22,0,1,0,27,0,1,3,24,0,0,1,0,0,0,27,28,28,0.3943,11,1,0,still,0
465,44,1,1,150,21,0,1,0,25,0,1,3,22,0,0,0,0,0,0,25,25,25,0.5040,11,1,0,still,0
465,45,1,1,150,21,0,2,0,24,0,1,3,21,0,0,0,0,0,0,24,24,24,0.5309,11,1,0,still,0
465,46,1,1,150,21,0,2,0,21,0,1,4,17,0,0,3,0,0,0,21,24,24,0.5115,10,1,0,still,0
465,47,2,1,150,21,0,2,0,22,0,1,4,18,0,0,2,1,1,1,23,24,25,0.6165,13,1,0,still,0
465,51,1,1,150,20,0,2,0,16,0,1,3,13,0,0,0,5,5,6,21,16,22,0.5749,9,1,0,still,0
465,86,1,1,150,21,0,2,1,21,0,1,8,13,0,1,0,5,5,6,26,20,26,0.5735,10,1,0,still,0
465,89,1,1,150,24,1,2,0,23,0,1,15,8,0,0,0,3,3,4,26,23,27,0.6772,14,1,0,still,0
465,90,1,1,150,21,0,1,0,23,0,1,17,6,0,0,0,0,0,1,23,23,24,0.6231,12,1,0,still,0
465,91,1,1,150,20,0,1,0,22,0,1,18,4,0,0,0,0,0,1,22,22,23,0.5936,11,1,0,still,0
465,92,1,1,150,19,2,4,0,23,0,1,22,1,0,0,1,0,0,0,23,24,24,0.6926,12,0,1,still,0
465,95,1,1,150,20,0,2,1,19,0,1,6,13,0,0,0,5,5,5,24,19,24,0.3600,6,1,0,still,0
465,98,1,1,150,17,0,1,0,18,0,1,5,13,0,0,0,4,4,4,22,18,22,0.4009,7,1,0,still,0
465,132,1,1,150,17,3,4,0,24,0,1,21,3,0,0,0,0,0,0,24,24,24,0.6781,12,0,1,still,0
466,34,1,0,-1,9,1,3,0,11,0,0,11,0,0,1,0,0,0,0,11,10,10,0.3696,8,0,0,hop,1
466,117,1,1,150,22,0,1,0,29,0,1,4,25,0,1,0,2,2,0,31,28,28,0.3822,11,1,0,still,0
467,199,1,1,60,19,1,2,0,21,0,1,6,15,0,2,0,3,3,3,24,19,22,0.3163,8,1,0,still,0
470,159,1,1,120,15,1,2,0,18,0,1,4,14,0,0,0,0,0,0,18,18,18,0.2619,7,1,0,still,0
471,76,3,1,30,20,5,7,0,22,0,1,4,18,0,0,1,3,3,3,25,23,26,0.5653,13,1,0,still,0
471,108,1,0,-1,17,0,2,0,21,0,0,21,0,0,0,1,0,0,0,21,22,22,0.7160,12,0,0,hop,1
472,75,1,0,-1,8,0,3,0,8,0,0,8,0,0,0,0,0,0,0,8,8,8,0.3051,7,0,0,pending,0
473,67,2,0,-1,15,2,3,0,21,0,0,21,0,0,0,0,0,0,0,21,21,21,0.6209,11,0,0,pending,0
473,75,1,0,-1,8,0,3,0,8,0,0,8,0,0,0,0,0,0,0,8,8,8,0.3050,7,0,0,hop,1
473,123,2,0,-1,17,0,2,0,19,0,1,4,15,0,0,0,2,2,2,21,19,21,0.3268,9,1,0,start_jam,0
474,9,1,1,120,22,0,2,0,29,0,1,4,25,0,0,0,0,0,0,29,29,29,0.4704,10,1,0,still,0
474,67,2,0,-1,14,2,3,0,21,0,0,21,0,0,0,0,0,0,0,21,21,21,0.6208,11,0,0,hop,1
474,73,2,0,-1,11,2,3,0,13,0,0,13,0,0,0,0,0,0,0,13,13,13,0.4381,10,0,0,hop,1
474,170,1,1,90,21,6,7,0,20,0,1,4,16,0,0,1,3,3,3,23,21,24,0.6697,13,1,0,still,0
474,200,1,1,90,19,0,7,1,20,0,1,4,16,0,1,0,3,3,3,23,19,22,0.5730,11,1,0,still,0
477,68,2,1,30,20,1,2,0,21,0,1,6,15,0,0,0,5,5,5,26,21,26,0.3410,7,1,0,still,0
477,191,1,1,120,24,0,1,0,29,0,1,6,23,0,1,0,2,2,1,31,28,29,0.3993,13,1,0,still,0
479,17,3,1,30,21,1,2,0,17,0,1,3,14,0,0,1,7,7,7,24,18,25,0.5359,12,1,0,still,0
479,49,2,1,60,20,2,7,0,18,0,1,6,12,0,0,2,7,7,7,25,20,27,0.6256,11,1,0,still,0
479,164,1,1,30,20,0,1,1,19,0,1,3,16,0,3,0,6,6,6,25,16,22,0.3781,10,1,0,still,0
480,71,2,0,-1,14,2,5,0,15,0,0,15,0,0,0,0,0,0,0,15,15,15,0.5388,12,0,0,pending,0
480,83,1,1,150,21,0,2,0,17,0,1,3,14,0,0,0,7,7,7,24,17,24,0.4958,10,1,0,still,0
480,179,1,0,-1,3,1,3,0,4,0,0,4,0,0,0,0,0,0,0,4,4,4,0.1444,3,0,0,hop,1
481,71,2,0,-1,14,2,5,0,15,0,0,15,0,0,0,0,0,0,0,15,15,15,0.5389,12,0,0,hop,1
482,165,1,1,150,20,0,2,1,19,0,1,3,16,0,2,0,7,7,7,26,17,24,0.3235,11,1,0,still,0
483,97,2,0,-1,6,1,3,0,6,0,0,6,0,0,0,0,0,0,0,6,6,6,0.2213,6,0,0,hop,1
487,42,1,1,150,21,1,2,0,29,0,1,2,27,0,0,0,0,0,0,29,29,29,0.4655,12,1,0,still,0
487,102,2,0,-1,3,1,2,0,4,0,0,4,0,0,0,0,0,0,0,4,4,4,0.0991,3,0,0,hop,1
488,145,1,0,-1,20,1,3,0,24,0,1,6,18,0,3,0,3,3,3,27,21,24,0.3556,10,1,0,start_jam,0
489,125,1,1,120,20,1,7,0,17,0,1,4,13,0,0,1,6,6,6,23,18,24,0.5344,9,1,0,still,0
490,100,1,1,60,19,0,2,0,18,0,1,4,14,0,1,1,2,2,2,20,18,20,0.3951,8,1,0,still,0
493,19,3,1,120,21,0,2,0,15,0,1,2,13,0,0,0,9,9,9,24,15,24,0.5038,12,1,0,still,0
493,21,2,1,120,22,1,2,0,16,0,1,3,13,0,0,0,10,10,10,26,16,26,0.5668,13,1,0,still,0
493,26,3,1,120,21,0,2,0,23,0,1,13,10,0,0,0,4,4,4,27,23,27,0.5851,14,1,0,still,0
493,43,1,1,120,22,1,2,0,30,0,1,4,26,0,0,0,0,0,0,30,30,30,0.4796,11,1,0,still,0
493,118,3,1,120,21,0,1,0,32,1,1,4,28,0,1,0,0,0,0,32,31,31,0.4248,14,1,0,still,0
493,158,1,1,30,18,0,2,0,21,0,1,5,16,0,2,0,2,2,2,23,19,21,0.3455,8,1,0,still,0
494,5,2,1,180,23,0,1,0,28,0,1,6,22,0,0,0,1,1,1,29,28,29,0.3955,12,1,0,still,0
494,25,2,1,180,21,1,2,0,23,0,1,10,13,0,0,0,6,6,6,29,23,29,0.5357,11,1,0,still,0
494,54,2,1,180,22,0,1,0,18,0,1,3,15,0,0,0,6,6,6,24,18,24,0.4800,11,1,0,still,0
494,55,2,1,180,21,0,2,0,19,0,1,3,16,0,0,0,7,7,7,26,19,26,0.4786,11,1,0,still,0
494,56,1,1,180,22,1,2,0,18,0,1,3,15,0,0,0,7,7,7,25,18,25,0.5284,11,1,0,still,0
494,57,1,1,180,22,2,3,0,18,0,1,4,14,0,0,0,6,6,6,24,18,24,0.5588,11,1,0,still,0
494,58,1,1,180,20,0,1,0,19,0,1,5,14,0,0,0,6,6,7,25,19,26,0.5415,9,1,0,still,0
494,79,1,1,180,21,0,2,0,15,0,1,3,12,0,0,0,6,6,7,21,15,22,0.5986,10,1,0,still,0
494,84,1,1,180,22,1,3,0,18,0,1,4,14,0,0,0,6,6,6,24,18,24,0.5176,10,1,0,still,0
494,87,1,1,180,21,1,2,0,21,0,1,10,11,0,0,0,4,4,5,25,21,26,0.5990,11,1,0,still,0
494,88,1,1,180,21,0,1,0,20,0,1,11,9,0,0,0,4,4,4,24,20,24,0.5003,10,1,0,still,0
494,107,2,1,30,20,1,2,0,25,0,1,24,1,0,0,1,0,0,0,25,26,26,0.6625,13,0,1,still,0
494,113,1,1,180,21,2,3,0,23,0,1,7,16,0,2,1,3,3,3,26,22,25,0.2634,7,1,0,still,0
494,114,1,1,180,21,0,3,0,24,0,1,5,19,0,1,1,3,3,3,27,24,27,0.2929,8,1,0,still,0
494,115,2,1,180,24,0,2,0,29,0,1,6,23,0,1,0,2,2,2,31,28,30,0.3237,12,1,0,still,0
494,119,1,1,180,21,0,2,0,31,1,1,4,27,0,4,0,0,0,0,31,27,27,0.4414,12,1,0,still,0
494,126,1,1,180,20,1,2,0,19,0,1,4,15,0,3,0,7,7,7,26,16,23,0.3793,9,1,0,still,0
494,127,1,1,180,20,1,2,0,19,0,1,3,16,0,2,0,7,7,7,26,17,24,0.3236,9,1,0,still,0
494,128,1,1,180,20,1,2,0,21,0,1,3,18,0,3,0,7,7,7,28,18,25,0.3220,8,1,0,still,0
494,130,1,1,180,20,4,7,0,18,0,1,4,14,0,0,1,4,4,4,22,19,23,0.6129,11,1,0,still,0
494,131,1,1,180,20,0,1,0,22,0,1,5,17,0,3,0,7,7,7,29,19,26,0.3205,8,1,0,still,0
494,135,1,1,180,21,1,2,0,25,0,1,10,15,0,3,0,5,5,5,30,22,27,0.3721,10,1,0,still,0
494,138,1,1,180,23,0,1,0,25,0,1,15,10,0,1,0,2,2,2,27,24,26,0.4232,12,1,0,still,0
494,139,1,1,180,23,0,2,0,27,0,1,2,25,0,2,0,0,0,0,27,25,25,0.4711,12,1,0,still,0
494,140,1,1,180,21,1,2,0,26,0,1,4,22,0,3,1,0,0,0,26,24,24,0.5008,12,1,0,still,0
494,141,2,1,180,21,0,1,1,24,0,1,4,20,0,1,0,3,3,3,27,23,26,0.5679,14,1,0,still,0
494,142,2,1,180,21,0,1,1,23,0,1,4,19,0,0,0,4,4,4,27,23,27,0.5265,13,1,0,still,0
494,143,1,1,180,20,0,1,0,27,0,1,20,7,0,3,0,0,0,0,27,24,24,0.4739,11,1,0,still,0
494,153,1,1,180,20,1,2,0,24,0,1,7,17,0,4,2,3,3,3,27,22,25,0.2900,8,1,0,still,0
494,154,2,1,180,21,0,1,0,25,0,1,7,18,0,2,0,3,3,3,28,23,26,0.3181,9,1,0,still,0
494,157,2,1,180,18,0,1,0,24,0,1,5,19,0,1,0,3,3,3,27,23,26,0.3223,7,1,0,still,0
494,163,1,1,180,20,0,2,1,20,0,1,5,15,0,4,0,7,7,7,27,16,23,0.4000,11,1,0,still,0
494,166,1,1,180,21,0,1,1,20,0,1,3,17,0,2,0,6,6,6,26,18,24,0.3762,11,1,0,still,0
494,167,1,1,180,20,0,2,1,21,0,1,3,18,0,3,0,7,7,7,28,18,25,0.3716,11,1,0,still,0
494,168,1,1,180,21,0,1,1,22,0,1,4,18,0,3,0,6,6,6,28,19,25,0.3744,10,1,0,still,0
494,169,1,1,180,21,0,1,0,19,0,1,4,15,0,0,2,3,3,3,22,21,24,0.6177,12,1,0,still,0
494,171,1,1,180,20,0,1,1,22,0,1,5,17,0,3,0,7,7,7,29,19,26,0.3698,11,1,0,still,0
494,172,1,1,180,19,0,1,1,24,0,1,9,15,0,3,0,6,6,6,30,21,27,0.4258,10,1,0,still,0
494,176,1,1,180,21,0,2,1,25,0,1,10,15,0,3,0,5,5,5,30,22,27,0.4172,13,1,0,still,0
494,177,1,1,120,22,0,1,1,25,0,1,13,12,0,2,0,4,4,4,29,23,27,0.3973,12,1,0,still,0
494,180,1,1,180,23,0,1,1,24,0,1,14,10,0,1,0,2,2,2,26,23,25,0.4641,15,1,0,still,0
494,181,1,1,180,20,0,1,1,26,0,1,17,9,0,3,0,1,1,1,27,23,24,0.4745,14,1,0,still,0
494,183,1,1,180,20,0,2,1,27,0,1,4,23,0,4,0,0,0,0,27,23,23,0.5433,14,1,0,still,0
494,186,1,1,180,20,0,1,1,27,0,1,20,7,0,3,0,0,0,0,27,24,24,0.4619,12,1,0,still,0
494,188,1,1,180,21,0,2,0,25,0,1,7,18,0,4,0,3,3,3,28,21,24,0.3803,11,1,0,still,0
494,189,1,1,180,19,0,1,0,25,0,1,6,19,0,3,0,3,3,3,28,22,25,0.4499,15,1,0,still,0
494,194,1,1,180,22,1,2,0,32,1,1,4,28,0,4,0,0,0,0,32,28,28,0.4070,12,1,0,still,0
494,195,1,1,180,21,0,1,0,26,0,1,7,19,0,3,0,3,3,3,29,23,26,0.2917,9,1,0,still,0
495,1,1,1,180,22,0,1,0,24,0,1,7,17,0,0,0,3,3,3,27,24,27,0.3538,6,1,0,still,0
495,3,2,1,180,20,0,1,0,23,0,1,5,18,0,0,1,3,3,3,26,24,27,0.3263,8,1,0,still,0
495,4,2,1,180,20,0,1,0,24,0,1,5,19,0,0,0,3,3,3,27,24,27,0.3297,9,1,0,still,0
495,6,1,1,180,23,0,1,0,29,0,1,4,25,0,0,0,0,0,0,29,29,29,0.4047,11,1,0,still,0
495,7,1,1,180,22,0,1,0,29,0,1,3,26,0,0,0,0,0,0,29,29,29,0.4063,11,1,0,still,0
495,8,1,1,180,22,0,2,0,29,0,1,2,27,0,0,0,0,0,0,29,29,29,0.4433,11,1,0,still,0
495,10,1,1,180,22,0,1,0,27,0,1,4,23,0,0,0,0,0,0,27,27,27,0.5258,12,1,0,still,0
495,11,1,1,180,22,1,2,0,26,0,1,3,23,0,1,0,0,0,0,26,25,25,0.5336,12,1,0,still,0
495,12,1,1,180,20,1,2,0,24,0,1,4,20,0,0,0,0,0,0,24,24,24,0.5172,10,1,0,still,0
495,13,1,1,180,19,1,2,0,21,0,1,4,17,0,0,1,1,1,1,22,22,23,0.5910,11,1,0,still,0
495,14,1,1,180,20,0,1,0,19,0,1,4,15,0,0,2,1,1,1,20,21,22,0.5171,10,1,0,still,0
495,15,1,1,180,20,3,7,0,20,0,1,4,16,0,1,0,5,5,5,25,19,24,0.5264,10,1,0,still,0
495,16,1,1,180,18,0,2,1,15,0,1,3,12,0,0,0,6,6,6,21,15,21,0.5540,8,1,0,still,0
495,28,2,1,180,21,0,2,0,24,0,1,16,8,0,1,0,1,1,1,25,23,24,0.6561,14,1,0,still,0
495,29,2,1,180,18,0,1,0,24,0,1,18,6,0,1,0,0,0,0,24,23,23,0.6157,13,1,0,still,0
495,31,2,1,180,20,1,2,0,24,0,1,21,3,0,0,1,0,0,0,24,25,25,0.6266,12,0,1,still,0
495,41,1,1,180,22,0,1,0,27,0,1,3,24,0,0,1,0,0,0,27,28,28,0.3935,11,1,0,still,0
495,44,1,1,180,21,0,1,0,25,0,1,3,22,0,0,0,0,0,0,25,25,25,0.4999,11,1,0,still,0
495,45,1,1,180,21,0,2,0,24,0,1,3,21,0,0,0,0,0,0,24,24,24,0.5619,12,1,0,still,0
495,46,1,1,180,21,0,2,0,21,0,1,4,17,0,0,3,0,0,0,21,24,24,0.5482,11,1,0,still,0
495,47,2,1,180,21,0,2,0,21,0,1,4,17,0,0,2,2,2,2,23,23,25,0.5842,13,1,0,still,0
495,51,1,1,180,20,0,1,0,15,0,1,3,12,0,0,0,6,6,7,21,15,22,0.5741,9,1,0,still,0
495,86,1,1,180,20,0,2,1,20,0,1,7,13,0,1,0,5,5,6,25,19,25,0.5736,9,1,0,still,0
495,89,1,1,180,23,1,2,0,22,0,1,14,8,0,0,0,3,3,4,25,22,26,0.6048,12,1,0,still,0
495,90,1,1,180,20,0,1,1,23,0,1,17,6,0,1,0,0,0,1,23,22,23,0.5956,12,1,0,still,0
495,91,1,1,180,20,0,1,0,22,0,1,18,4,0,0,0,0,0,1,22,22,23,0.5977,11,1,0,still,0
495,92,1,1,180,19,0,2,0,23,0,1,22,1,0,0,1,0,0,0,23,24,24,0.7003,12,0,1,still,0
495,95,1,1,180,20,0,2,0,22,0,1,5,17,0,0,0,3,3,3,25,22,25,0.3617,6,1,0,still,0
495,98,1,1,180,17,0,1,0,20,0,1,4,16,0,0,0,2,2,2,22,20,22,0.4019,7,1,0,still,0
495,132,1,1,180,17,1,2,0,23,0,1,21,2,0,0,1,0,0,0,23,24,24,0.6091,11,0,1,still,0
496,117,1,1,180,22,0,1,0,29,0,1,4,25,0,1,0,2,2,0,31,28,28,0.4117,12,1,0,still,0
497,199,1,1,90,19,1,2,0,22,0,1,5,17,0,2,0,2,2,2,24,20,22,0.3185,8,1,0,still,0
500,159,1,1,150,15,1,2,0,18,0,1,3,15,0,0,0,0,0,0,18,18,18,0.2618,7,1,0,still,0
501,76,3,1,60,21,5,7,0,21,0,1,4,17,0,0,1,4,4,4,25,22,26,0.5950,14,1,0,still,0
502,144,2,0,-1,12,0,5,0,15,0,0,15,0,0,1,0,0,0,0,15,14,14,0.5054,11,0,0,pending,0
503,123,2,1,30,17,0,2,0,20,0,1,3,17,0,0,0,1,1,1,21,20,21,0.3266,9,1,0,still,0
503,144,2,0,-1,12,0,5,0,15,0,0,15,0,0,1,0,0,0,0,15,14,14,0.5053,11,0,0,hop,1
504,9,1,1,150,22,0,2,0,29,0,1,4,25,0,0,0,0,0,0,29,29,29,0.5062,11,1,0,still,0
504,170,1,1,120,21,6,7,0,19,0,1,4,15,0,0,1,4,4,4,23,20,24,0.6709,13,1,0,still,0
504,200,1,1,120,19,0,7,1,19,0,1,4,15,0,1,0,4,4,4,23,18,22,0.5776,11,1,0,still,0
505,121,1,0,-1,2,0,1,1,2,0,0,2,0,0,0,0,0,0,0,2,2,2,0.0689,2,0,0,pending,0
505,124,1,0,-1,4,1,5,0,5,0,0,5,0,0,1,0,0,0,0,5,4,4,0.2187,5,0,0,pending,0
506,121,1,0,-1,2,0,1,1,2,0,0,2,0,0,0,0,0,0,0,2,2,2,0.0688,2,0,0,hop,1
506,124,1,0,-1,4,2,6,0,5,0,0,5,0,0,1,0,0,0,0,5,4,4,0.2188,5,0,0,hop,1
507,68,2,1,60,20,1,2,0,23,0,1,5,18,0,0,0,3,3,3,26,23,26,0.3399,7,1,0,still,0
507,191,1,1,150,22,0,1,0,28,0,1,6,22,0,1,0,2,2,1,30,27,28,0.4259,14,1,0,still,0
509,17,3,1,60,21,1,2,0,17,0,1,3,14,0,0,1,7,7,7,24,18,25,0.5348,12,1,0,still,0
509,49,2,1,90,20,2,7,0,17,0,1,5,12,0,0,2,7,7,7,24,19,26,0.6265,11,1,0,still,0
509,164,1,1,60,20,0,1,1,19,0,1,3,16,0,3,0,6,6,6,25,16,22,0.3781,10,1,0,still,0
510,83,1,1,180,21,0,2,0,17,0,1,3,14,0,0,0,7,7,7,24,17,24,0.4959,10,1,0,still,0
512,165,1,1,180,20,0,2,1,19,0,1,3,16,0,2,0,7,7,7,26,17,24,0.3235,11,1,0,still,0
514,156,1,0,-1,8,2,3,0,8,0,0,8,0,0,0,0,0,0,0,8,8,8,0.2888,6,0,0,pending,0
515,156,1,0,-1,8,2,3,0,8,0,0,8,0,0,0,0,0,0,0,8,8,8,0.2888,6,0,0,hop,1
517,42,1,1,180,21,1,2,0,29,0,1,2,27,0,0,0,0,0,0,29,29,29,0.4676,12,1,0,still,0
518,145,1,1,30,19,1,3,0,24,0,1,5,19,0,3,0,2,2,2,26,21,23,0.3565,10,1,0,still,0
519,125,1,1,150,20,1,5,0,17,0,1,4,13,0,0,1,6,6,6,23,18,24,0.5368,9,1,0,still,0
520,100,1,1,90,19,0,2,0,19,0,1,4,15,0,1,0,2,2,2,21,18,20,0.3910,8,1,0,still,0
523,19,3,1,150,21,0,2,0,19,0,1,3,16,0,0,0,7,7,7,26,19,26,0.5034,12,1,0,still,0
523,21,2,1,150,22,1,2,0,19,0,1,3,16,0,0,0,8,8,8,27,19,27,0.5663,13,1,0,still,0
523,26,3,1,150,21,0,2,0,23,0,1,13,10,0,0,0,4,4,4,27,23,27,0.5863,14,1,0,still,0
523,43,1,1,150,22,1,2,0,29,0,1,4,25,0,0,0,0,0,0,29,29,29,0.4787,11,1,0,still,0
523,118,3,1,150,21,0,1,0,32,1,1,4,28,0,1,0,0,0,0,32,31,31,0.4000,13,1,0,still,0
523,158,1,1,60,18,0,2,0,22,0,1,5,17,0,2,0,2,2,2,24,20,22,0.3166,7,1,0,still,0
524,5,2,1,210,22,0,1,0,27,0,1,5,22,0,0,0,1,1,1,28,27,28,0.3955,12,1,0,still,0
524,25,2,1,210,21,1,2,0,23,0,1,10,13,0,0,0,6,6,6,29,23,29,0.5672,12,1,0,still,0
524,54,2,1,210,22,0,1,0,18,0,1,3,15,0,0,0,6,6,6,24,18,24,0.4801,11,1,0,still,0
524,55,2,1,210,21,0,2,0,19,0,1,3,16,0,0,0,7,7,7,26,19,26,0.4789,11,1,0,still,0
524,56,1,1,210,22,1,2,0,18,0,1,3,15,0,0,0,7,7,7,25,18,25,0.5274,11,1,0,still,0
524,57,1,1,210,21,2,3,0,19,0,1,4,15,0,0,0,6,6,6,25,19,25,0.5574,11,1,0,still,0
524,58,1,1,210,20,0,1,0,19,0,1,5,14,0,0,0,6,6,7,25,19,26,0.5418,9,1,0,still,0
524,79,1,1,210,21,0,2,0,15,0,1,3,12,0,0,0,6,6,7,21,15,22,0.5979,10,1,0,still,0
524,84,1,1,210,22,1,3,0,18,0,1,4,14,0,0,0,6,6,6,24,18,24,0.5172,10,1,0,still,0
524,87,1,1,210,21,1,2,0,21,0,1,10,11,0,0,0,4,4,5,25,21,26,0.5989,11,1,0,still,0
524,88,1,1,210,21,0,1,0,20,0,1,11,9,0,0,0,4,4,4,24,20,24,0.5347,11,1,0,still,0
524,107,2,1,60,20,1,2,0,22,0,1,21,1,0,0,2,0,0,0,22,24,24,0.6328,12,0,1,still,0
524,113,1,1,210,20,2,3,0,22,0,1,6,16,0,2,1,2,2,2,24,21,23,0.2636,7,1,0,still,0
524,114,1,1,210,20,0,3,0,24,0,1,4,20,0,2,1,2,2,2,26,23,25,0.2935,8,1,0,still,0
524,115,2,1,210,23,0,2,0,27,0,1,5,22,0,1,0,2,2,2,29,26,28,0.3236,12,1,0,still,0
524,119,1,1,210,21,0,2,0,31,1,1,4,27,0,4,0,0,0,0,31,27,27,0.4413,12,1,0,still,0
524,126,1,1,210,20,1,2,0,20,0,1,5,15,0,4,0,7,7,7,27,16,23,0.4064,10,1,0,still,0
524,127,1,1,210,20,1,2,0,19,0,1,3,16,0,2,0,7,7,7,26,17,24,0.3236,9,1,0,still,0
524,128,1,1,210,20,1,2,0,22,0,1,3,19,0,3,0,7,7,7,29,19,26,0.3220,8,1,0,still,0
524,130,1,1,210,20,4,5,0,18,0,1,4,14,0,0,1,4,4,4,22,19,23,0.6184,11,1,0,still,0
524,131,1,1,210,20,0,1,0,22,0,1,5,17,0,3,0,7,7,7,29,19,26,0.3205,8,1,0,still,0
524,135,1,1,210,21,1,2,0,25,0,1,10,15,0,3,0,5,5,5,30,22,27,0.3721,10,1,0,still,0
524,138,1,1,210,23,0,1,0,24,0,1,14,10,0,1,0,2,2,2,26,23,25,0.4232,12,1,0,still,0
524,139,1,1,210,24,1,3,0,27,0,1,2,25,0,2,0,0,0,0,27,25,25,0.5299,13,1,0,still,0
524,140,1,1,210,21,1,2,0,26,0,1,4,22,0,3,1,0,0,0,26,24,24,0.5597,13,1,0,still,0
524,141,2,1,210,21,0,1,1,24,0,1,4,20,0,1,0,3,3,3,27,23,26,0.5679,14,1,0,still,0
524,142,2,1,210,21,0,1,1,23,0,1,4,19,0,0,0,4,4,4,27,23,27,0.5314,13,1,0,still,0
524,143,1,1,210,20,0,1,0,28,0,1,21,7,0,3,0,0,0,0,28,25,25,0.4739,11,1,0,still,0
524,153,1,1,210,19,1,2,0,23,0,1,6,17,0,4,2,2,2,2,25,21,23,0.3477,9,1,0,still,0
524,154,2,1,210,20,0,1,0,25,0,1,6,19,0,2,0,2,2,2,27,23,25,0.3179,9,1,0,still,0
524,157,2,1,210,18,0,1,0,24,0,1,5,19,0,1,0,2,2,2,26,23,25,0.3229,7,1,0,still,0
524,163,1,1,210,20,0,2,1,20,0,1,5,15,0,4,0,7,7,7,27,16,23,0.4000,11,1,0,still,0
524,166,1,1,210,21,0,1,1,20,0,1,3,17,0,2,0,6,6,6,26,18,24,0.3762,11,1,0,still,0
524,167,1,1,210,20,0,2,1,22,0,1,3,19,0,3,0,7,7,7,29,19,26,0.3716,11,1,0,still,0
524,168,1,1,210,21,0,1,1,22,0,1,4,18,0,3,0,6,6,6,28,19,25,0.3744,10,1,0,still,0
524,169,1,1,210,21,0,1,0,18,0,1,4,14,0,0,2,3,3,3,21,20,23,0.6282,12,1,0,still,0
524,171,1,1,210,20,0,1,1,22,0,1,5,17,0,3,0,7,7,7,29,19,26,0.3698,11,1,0,still,0
524,172,1,1,210,19,0,1,1,24,0,1,9,15,0,3,0,6,6,6,30,21,27,0.4258,10,1,0,still,0
524,176,1,1,210,21,0,2,1,25,0,1,10,15,0,3,0,5,5,5,30,22,27,0.4172,13,1,0,still,0
524,177,1,1,150,22,0,1,1,25,0,1,13,12,0,2,0,4,4,4,29,23,27,0.3973,12,1,0,still,0
524,180,1,1,210,23,0,1,1,24,0,1,14,10,0,1,0,2,2,2,26,23,25,0.4152,14,1,0,still,0
524,181,1,1,210,20,0,1,1,26,0,1,17,9,0,3,0,1,1,1,27,23,24,0.4745,14,1,0,still,0
524,183,1,1,210,20,0,2,1,27,0,1,4,23,0,4,0,0,0,0,27,23,23,0.5162,13,1,0,still,0
524,186,1,1,210,20,0,1,1,28,0,1,21,7,0,3,0,0,0,0,28,25,25,0.4619,12,1,0,still,0
524,188,1,1,210,19,0,2,0,25,0,1,6,19,0,4,0,2,2,2,27,21,23,0.3804,11,1,0,still,0
524,189,1,1,210,19,0,1,0,25,0,1,5,20,0,3,0,2,2,2,27,22,24,0.4251,14,1,0,still,0
524,194,1,1,210,22,1,2,0,32,1,1,4,28,0,4,0,0,0,0,32,28,28,0.4064,12,1,0,still,0
524,195,1,1,210,20,0,1,0,25,0,1,6,19,0,3,0,2,2,2,27,22,24,0.3447,10,1,0,still,0
525,1,1,1,210,21,0,3,0,24,0,1,6,18,0,0,0,2,2,2,26,24,26,0.3510,6,1,0,still,0
525,3,2,1,210,20,0,1,0,22,0,1,4,18,0,0,0,2,2,2,24,22,24,0.3298,8,1,0,still,0
525,4,2,1,210,19,0,1,0,24,0,1,4,20,0,0,0,2,2,2,26,24,26,0.3627,10,1,0,still,0
525,6,1,1,210,22,1,2,0,28,0,1,3,25,0,0,0,0,0,0,28,28,28,0.4047,11,1,0,still,0
525,7,1,1,210,22,0,1,0,29,0,1,3,26,0,0,0,0,0,0,29,29,29,0.4063,11,1,0,still,0
525,8,1,1,210,22,0,2,0,29,0,1,2,27,0,0,0,0,0,0,29,29,29,0.4431,11,1,0,still,0
525,10,1,1,210,22,1,2,0,27,0,1,4,23,0,0,0,0,0,0,27,27,27,0.5599,13,1,0,still,0
525,11,1,1,210,22,1,2,0,26,0,1,3,23,0,1,0,0,0,0,26,25,25,0.5656,13,1,0,still,0
525,12,1,1,210,20,1,2,0,24,0,1,4,20,0,0,0,0,0,0,24,24,24,0.5541,11,1,0,still,0
525,13,1,1,210,19,1,2,0,21,0,1,4,17,0,0,1,0,0,0,21,22,22,0.6280,12,1,0,still,0
525,14,1,1,210,20,0,1,0,19,0,1,4,15,0,0,2,1,1,1,20,21,22,0.5540,11,1,0,still,0
525,15,1,1,210,20,3,5,0,20,0,1,4,16,0,1,0,5,5,5,25,19,24,0.5264,10,1,0,still,0
525,16,1,1,210,18,0,2,1,15,0,1,3,12,0,0,0,6,6,6,21,15,21,0.5540,8,1,0,still,0
525,28,2,1,210,21,0,2,0,24,0,1,16,8,0,1,0,1,1,1,25,23,24,0.6561,14,1,0,still,0
525,29,2,1,210,19,0,1,0,25,0,1,19,6,0,0,0,0,0,0,25,25,25,0.6098,13,1,0,still,0
525,31,2,1,210,20,1,2,0,23,0,1,20,3,0,0,1,0,0,0,23,24,24,0.6266,12,1,0,still,0
525,41,1,1,210,22,0,2,0,27,0,1,3,24,0,0,0,0,0,0,27,27,27,0.4275,12,1,0,still,0
525,44,1,1,210,22,0,2,0,25,0,1,3,22,0,0,1,0,0,0,25,26,26,0.5343,12,1,0,still,0
525,45,1,1,210,21,0,2,0,24,0,1,3,21,0,0,0,0,0,0,24,24,24,0.5605,12,1,0,still,0
525,46,1,1,210,21,0,2,0,21,0,1,4,17,0,0,3,0,0,0,21,24,24,0.5116,10,1,0,still,0
525,47,2,1,210,21,0,2,0,20,0,1,4,16,0,0,2,2,2,2,22,22,24,0.5842,13,1,0,still,0
525,51,1,1,210,20,0,1,0,15,0,1,3,12,0,0,0,6,6,7,21,15,22,0.5733,9,1,0,still,0
525,86,1,1,210,21,0,2,1,20,0,1,7,13,0,0,0,5,5,6,25,20,26,0.6101,10,1,0,still,0
525,89,1,1,210,23,1,2,0,22,0,1,14,8,0,0,0,3,3,4,25,22,26,0.6059,12,1,0,still,0
525,90,1,1,210,18,0,1,0,22,0,1,16,6,0,1,0,0,0,1,22,21,22,0.5365,11,1,0,still,0
525,91,1,1,210,19,0,1,0,22,0,1,18,4,0,0,0,0,0,1,22,22,23,0.5357,10,1,0,still,0
525,92,1,1,210,19,0,2,0,22,0,1,21,1,0,0,1,0,0,0,22,23,23,0.6982,12,0,1,still,0
525,95,1,1,210,20,1,3,0,22,0,1,5,17,0,0,0,2,2,2,24,22,24,0.3638,6,1,0,still,0
525,98,1,1,210,18,0,1,0,20,0,1,4,16,0,0,1,2,2,2,22,21,23,0.4029,7,1,0,still,0
525,132,1,1,210,17,1,2,0,22,0,1,20,2,0,0,1,0,0,0,22,23,23,0.6089,11,0,1,still,0
526,117,3,1,210,22,0,1,0,33,1,1,3,30,0,0,0,1,1,0,34,33,33,0.3629,13,1,0,still,0
527,199,1,1,120,19,1,2,0,23,0,1,5,18,0,2,0,2,2,2,25,21,23,0.3184,8,1,0,still,0
530,159,1,1,180,15,1,2,0,18,0,1,3,15,0,0,0,0,0,0,18,18,18,0.2618,7,1,0,still,0
531,76,3,1,90,21,0,2,0,21,0,1,4,17,0,0,1,4,4,4,25,22,26,0.5952,14,1,0,still,0
533,123,2,1,60,17,0,2,0,20,0,1,3,17,0,0,0,1,1,1,21,20,21,0.3266,9,1,0,still,0
534,9,1,1,180,22,0,2,0,29,0,1,4,25,0,0,0,0,0,0,29,29,29,0.5058,11,1,0,still,0
534,155,1,0,-1,1,0,2,1,1,0,0,1,0,0,0,0,0,0,0,1,1,1,0.0348,1,0,0,pending,0
534,170,1,1,150,21,1,2,0,19,0,1,4,15,0,0,1,4,4,4,23,20,24,0.6724,13,1,0,still,0
534,200,1,1,150,19,0,5,1,19,0,1,4,15,0,1,0,5,5,5,24,18,23,0.5816,11,1,0,still,0
535,155,1,0,-1,1,0,2,1,1,0,0,1,0,0,0,0,0,0,0,1,1,1,0.0348,1,0,0,hop,1
537,68,2,1,90,20,2,3,0,23,0,1,5,18,0,0,0,2,2,2,25,23,25,0.3393,7,1,0,still,0
537,191,1,1,180,21,0,1,0,27,0,1,5,22,0,1,0,2,2,1,29,26,27,0.4285,13,1,0,still,0
539,17,3,1,90,21,1,2,0,17,0,1,3,14,0,0,1,7,7,7,24,18,25,0.5354,12,1,0,still,0
539,49,2,1,120,20,2,5,0,17,0,1,5,12,0,0,2,7,7,7,24,19,26,0.6266,11,1,0,still,0
539,164,1,1,90,20,0,1,1,19,0,1,3,16,0,3,0,6,6,6,25,16,22,0.3781,10,1,0,still,0
540,83,1,1,210,21,0,2,0,17,0,1,3,14,0,0,0,7,7,7,24,17,24,0.4965,10,1,0,still,0
542,165,1,1,210,20,0,2,1,19,0,1,3,16,0,2,0,7,7,7,26,17,24,0.3235,11,1,0,still,0
544,99,2,0,-1,12,1,5,0,13,0,0,13,0,0,0,0,0,0,0,13,13,13,0.5615,11,0,0,hop,1
544,136,2,0,-1,13,4,5,0,16,0,0,16,0,0,0,0,0,0,0,16,16,16,0.5907,12,0,0,hop,1
547,42,1,1,210,20,1,2,0,25,0,1,2,23,0,0,0,4,4,4,29,25,29,0.4676,12,1,0,still,0
548,145,1,1,60,19,1,3,0,20,0,1,5,15,0,3,0,6,6,6,26,17,23,0.3574,10,1,0,still,0
549,125,1,1,180,20,1,5,0,11,0,1,4,7,0,0,1,12,12,12,23,12,24,0.5371,9,1,0,still,0
550,100,1,1,120,19,0,2,0,19,0,1,4,15,0,1,0,2,2,2,21,18,20,0.3880,8,1,0,still,0
553,19,3,1,180,21,0,2,0,13,0,1,3,10,0,0,0,13,13,13,26,13,26,0.5054,12,1,0,still,0
553,21,2,1,180,22,1,2,0,14,0,1,3,11,0,0,0,13,13,13,27,14,27,0.5666,13,1,0,still,0
553,26,3,1,180,21,0,2,0,23,0,1,13,10,0,0,0,4,4,4,27,23,27,0.5842,14,1,0,still,0
553,33,3,0,-1,13,0,2,0,17,0,0,17,0,0,1,0,0,0,0,17,16,16,0.5828,12,0,0,pending,0
553,43,1,1,180,22,1,2,0,25,0,1,4,21,0,0,0,4,4,4,29,25,29,0.4786,11,1,0,still,0
553,118,3,1,180,21,0,1,0,28,0,1,4,24,0,1,0,4,4,4,32,27,31,0.4247,14,1,0,still,0
553,158,1,1,90,18,0,2,0,22,0,1,5,17,0,2,0,2,2,2,24,20,22,0.3164,7,1,0,still,0
554,5,2,1,240,22,0,1,0,23,0,1,5,18,0,0,0,5,5,5,28,23,28,0.3955,12,1,0,still,0
554,25,2,1,240,21,1,2,0,23,0,1,10,13,0,0,0,6,6,6,29,23,29,0.5652,12,1,0,still,0
554,33,3,0,-1,13,0,2,0,17,0,0,17,0,0,1,0,0,0,0,17,16,16,0.5829,12,0,0,hop,1
554,54,2,1,240,22,0,1,0,13,0,1,3,10,0,0,0,11,11,11,24,13,24,0.4800,11,1,0,still,0
554,55,2,1,240,21,0,2,0,15,0,1,3,12,0,0,0,11,11,11,26,15,26,0.4790,11,1,0,still,0
554,56,1,1,240,22,1,2,0,15,0,1,3,12,0,0,0,10,10,10,25,15,25,0.5272,11,1,0,still,0
554,57,1,1,240,21,2,3,0,18,0,1,4,14,0,0,0,7,7,7,25,18,25,0.5569,11,1,0,still,0
554,58,1,1,240,20,0,1,0,18,0,1,4,14,0,0,0,5,5,6,23,18,24,0.5419,9,1,0,still,0
554,79,1,1,240,21,0,2,0,9,0,1,3,6,0,0,0,12,12,13,21,9,22,0.5978,10,1,0,still,0
554,84,1,1,240,22,1,3,0,18,0,1,4,14,0,0,0,6,6,6,24,18,24,0.5169,10,1,0,still,0
554,87,1,1,240,21,1,2,0,21,0,1,10,11,0,0,0,4,4,5,25,21,26,0.5990,11,1,0,still,0
554,88,1,1,240,21,0,1,0,20,0,1,11,9,0,0,0,4,4,4,24,20,24,0.5346,11,1,0,still,0
554,107,2,1,90,20,1,2,0,22,0,1,21,1,0,0,2,0,0,0,22,24,24,0.6339,12,0,1,still,0
554,113,1,1,240,20,0,3,0,18,0,1,6,12,0,2,1,6,6,6,24,17,23,0.2638,7,1,0,still,0
554,114,1,1,240,20,0,2,0,20,0,1,4,16,0,2,1,6,6,6,26,19,25,0.3226,9,1,0,still,0
554,115,2,1,240,22,0,2,0,23,0,1,5,18,0,1,0,6,6,6,29,22,28,0.3237,12,1,0,still,0
554,119,1,1,240,21,0,2,0,27,0,1,4,23,0,3,0,4,4,3,31,24,27,0.4414,12,1,0,still,0
554,126,1,1,240,20,1,2,0,14,0,1,5,9,0,4,0,13,13,13,27,10,23,0.4064,10,1,0,still,0
554,127,1,1,240,20,1,2,0,13,0,1,3,10,0,2,0,13,13,13,26,11,24,0.3236,9,1,0,still,0
554,128,1,1,240,20,1,2,0,16,0,1,3,13,0,1,0,13,13,11,29,15,26,0.3489,9,1,0,still,0
554,130,1,1,240,20,4,5,0,13,0,1,4,9,0,0,1,9,9,9,22,14,23,0.6198,11,1,0,still,0
554,131,1,1,240,20,0,1,0,20,0,1,5,15,0,1,0,9,9,7,29,19,26,0.3205,8,1,0,still,0
554,135,1,1,240,21,1,2,0,25,0,1,10,15,0,3,0,5,5,5,30,22,27,0.3721,10,1,0,still,0
554,138,1,1,240,23,0,1,0,24,0,1,14,10,0,1,0,2,2,2,26,23,25,0.4232,12,1,0,still,0
554,139,1,1,240,23,0,3,0,25,0,1,3,22,0,0,0,3,3,1,28,25,26,0.5300,13,1,0,still,0
554,140,1,1,240,20,0,2,0,25,0,1,4,21,0,1,0,2,2,0,27,24,24,0.5597,13,1,0,still,0
554,141,2,1,240,21,0,1,1,22,0,1,4,18,0,0,0,4,4,4,26,22,26,0.4868,13,1,0,still,0
554,142,2,1,240,23,0,1,1,18,0,1,4,14,0,0,0,8,8,8,26,18,26,0.5373,13,1,0,still,0
554,143,1,1,240,20,0,1,0,27,0,1,20,7,0,3,0,0,0,0,27,24,24,0.4739,11,1,0,still,0
554,153,1,1,240,19,2,3,0,21,0,1,6,15,0,4,2,4,4,4,25,19,23,0.3473,9,1,0,still,0
554,154,2,1,240,20,0,1,0,24,0,1,6,18,0,2,0,3,3,3,27,22,25,0.3177,9,1,0,still,0
554,157,2,1,240,18,0,1,0,24,0,1,5,19,0,1,0,2,2,2,26,23,25,0.3231,7,1,0,still,0
554,163,1,1,240,20,0,2,1,14,0,1,5,9,0,4,0,13,13,13,27,10,23,0.4000,11,1,0,still,0
554,166,1,1,240,21,0,1,1,14,0,1,3,11,0,1,0,12,12,11,26,13,24,0.3762,11,1,0,still,0
554,167,1,1,240,20,0,2,1,16,0,1,3,13,0,1,0,13,13,11,29,15,26,0.3963,12,1,0,still,0
554,168,1,1,240,21,0,1,1,17,0,1,4,13,0,0,0,11,11,8,28,17,25,0.3744,10,1,0,still,0
554,169,1,1,240,21,0,1,0,17,0,1,4,13,0,0,2,4,4,4,21,19,23,0.6312,12,1,0,still,0
554,171,1,1,240,20,0,1,1,20,0,1,5,15,0,1,0,9,9,7,29,19,26,0.3698,11,1,0,still,0
554,172,1,1,240,19,0,1,1,24,0,1,9,15,0,3,0,6,6,6,30,21,27,0.4258,10,1,0,still,0
554,176,1,1,240,21,0,2,1,25,0,1,10,15,0,3,0,5,5,5,30,22,27,0.4172,13,1,0,still,0
554,177,1,1,180,22,0,1,1,24,0,1,12,12,0,2,0,4,4,4,28,22,26,0.3973,12,1,0,still,0
554,180,1,1,240,23,0,1,1,24,0,1,14,10,0,1,0,2,2,2,26,23,25,0.4396,15,1,0,still,0
554,181,1,1,240,20,0,1,1,26,0,1,17,9,0,3,0,1,1,1,27,23,24,0.4745,14,1,0,still,0
554,183,1,1,240,21,1,2,0,26,0,1,4,22,0,1,0,2,2,0,28,25,25,0.5162,13,1,0,still,0
554,186,1,1,240,20,0,1,1,27,0,1,20,7,0,3,0,0,0,0,27,24,24,0.4619,12,1,0,still,0
554,188,1,1,240,19,1,3,0,22,0,1,6,16,0,4,0,5,5,5,27,18,23,0.3804,11,1,0,still,0
554,189,1,1,240,19,0,1,0,22,0,1,5,17,0,3,0,6,6,6,28,19,25,0.3759,12,1,0,still,0
554,194,1,1,240,22,1,2,0,28,0,1,4,24,0,3,0,4,4,3,32,25,28,0.4070,12,1,0,still,0
554,195,1,1,240,20,0,1,0,24,0,1,6,18,0,3,0,3,3,3,27,21,24,0.3444,10,1,0,still,0
555,1,1,1,240,21,0,3,0,24,0,1,6,18,0,0,0,2,2,2,26,24,26,0.3480,6,1,0,still,0
555,3,2,1,240,19,0,1,0,18,0,1,4,14,0,0,0,6,6,6,24,18,24,0.3627,9,1,0,still,0
555,4,2,1,240,19,0,1,0,21,0,1,4,17,0,0,0,6,6,6,27,21,27,0.3627,10,1,0,still,0
555,6,1,1,240,22,1,2,0,24,0,1,3,21,0,0,0,4,4,4,28,24,28,0.4047,11,1,0,still,0
555,7,1,1,240,22,0,1,0,25,0,1,3,22,0,0,0,4,4,4,29,25,29,0.4063,11,1,0,still,0
555,8,1,1,240,22,0,2,0,25,0,1,2,23,0,0,0,4,4,4,29,25,29,0.4430,11,1,0,still,0
555,10,1,1,240,22,1,2,0,25,0,1,4,21,0,0,0,2,2,2,27,25,27,0.5248,12,1,0,still,0
555,11,1,1,240,22,1,2,0,26,0,1,3,23,0,1,0,0,0,0,26,25,25,0.5655,13,1,0,still,0
555,12,1,1,240,20,1,2,0,23,0,1,3,20,0,0,0,0,0,0,23,23,23,0.5541,11,1,0,still,0
555,13,1,1,240,19,1,2,0,21,0,1,4,17,0,0,2,0,0,0,21,23,23,0.6280,12,1,0,still,0
555,14,1,1,240,20,0,1,0,19,0,1,4,15,0,1,2,2,2,2,21,20,22,0.5540,11,1,0,still,0
555,15,1,1,240,20,3,5,0,14,0,1,4,10,0,1,0,11,11,11,25,13,24,0.5986,11,1,0,still,0
555,16,1,1,240,18,0,2,1,9,0,1,3,6,0,0,0,12,12,12,21,9,21,0.5909,9,1,0,still,0
555,28,2,1,240,21,0,2,0,24,0,1,16,8,0,1,0,1,1,1,25,23,24,0.6524,14,1,0,still,0
555,29,2,1,240,19,0,1,0,25,0,1,19,6,0,0,0,0,0,0,25,25,25,0.6048,13,1,0,still,0
555,31,2,1,240,20,1,2,0,23,0,1,20,3,0,0,1,0,0,0,23,24,24,0.6266,12,1,0,still,0
555,41,1,1,240,22,0,2,0,23,0,1,3,20,0,0,0,4,4,4,27,23,27,0.4275,12,1,0,still,0
555,44,1,1,240,22,0,2,0,24,0,1,3,21,0,0,1,1,1,1,25,25,26,0.5342,12,1,0,still,0
555,45,1,1,240,21,0,2,0,24,0,1,3,21,0,0,0,0,0,0,24,24,24,0.5606,12,1,0,still,0
555,46,1,1,240,21,0,2,0,21,0,1,4,17,0,0,3,0,0,0,21,24,24,0.5117,10,1,0,still,0
555,47,2,1,240,21,0,2,0,19,0,1,4,15,0,0,2,3,3,3,22,21,24,0.5844,13,1,0,still,0
555,51,1,1,240,20,0,1,0,10,0,1,3,7,0,0,0,12,12,13,22,10,23,0.5732,9,1,0,still,0
555,86,1,1,240,21,0,2,0,20,0,1,7,13,0,0,0,5,5,6,25,20,26,0.6104,10,1,0,still,0
555,89,1,1,240,23,1,2,0,22,0,1,14,8,0,0,0,3,3,4,25,22,26,0.6771,13,1,0,still,0
555,90,1,1,240,19,0,1,0,23,0,1,17,6,0,1,0,0,0,1,23,22,23,0.5745,12,1,0,still,0
555,91,1,1,240,19,0,1,0,22,0,1,18,4,0,0,0,0,0,1,22,22,23,0.5361,10,1,0,still,0
555,92,1,1,240,19,0,2,0,21,0,1,20,1,0,0,2,0,0,0,21,23,23,0.6617,11,0,1,still,0
555,95,1,1,240,20,1,3,0,22,0,1,5,17,0,0,0,2,2,2,24,22,24,0.3637,6,1,0,still,0
555,98,1,1,240,19,0,1,0,21,0,1,5,16,0,0,0,2,2,2,23,21,23,0.3871,7,1,0,still,0
555,132,1,1,240,17,1,2,0,22,0,1,20,2,0,0,1,0,0,0,22,23,23,0.6092,11,0,1,still,0
556,117,3,1,240,22,0,1,0,29,0,1,3,26,0,0,0,5,5,4,34,29,33,0.3629,13,1,0,still,0
557,199,1,1,150,19,1,2,0,23,0,1,5,18,0,2,0,2,2,2,25,21,23,0.3182,8,1,0,still,0
558,160,1,0,-1,0,0,1,1,0,0,0,0,0,0,0,0,0,0,0,0,0,0,0.0000,0,0,0,pending,0
559,160,1,0,-1,0,0,1,1,0,0,0,0,0,0,0,0,0,0,0,0,0,0,0.0000,0,0,0,hop,1
560,159,1,1,210,15,1,2,0,18,0,1,3,15,0,0,0,0,0,0,18,18,18,0.2618,7,1,0,still,0
561,76,3,1,120,21,0,2,0,17,0,1,4,13,0,0,1,9,9,9,26,18,27,0.5953,14,1,0,still,0
561,109,2,0,-1,13,2,3,0,17,0,0,17,0,0,0,0,0,0,0,17,17,17,0.7428,12,0,0,hop,1
563,123,2,1,90,17,0,2,0,21,0,1,3,18,0,0,0,0,0,0,21,21,21,0.3266,9,1,0,still,0
564,9,1,1,210,21,0,2,0,26,0,1,4,22,0,0,0,2,2,2,28,26,28,0.5058,10,1,0,still,0
564,170,1,1,180,21,1,2,0,15,0,1,4,11,0,0,1,8,8,8,23,16,24,0.6735,13,1,0,still,0
564,200,1,1,180,19,0,5,1,14,0,1,4,10,0,1,0,9,9,9,23,13,22,0.6206,12,1,0,still,0
567,68,2,1,120,20,2,3,0,24,0,1,5,19,0,0,0,1,1,1,25,24,25,0.3396,7,1,0,still,0
567,191,1,1,210,20,0,1,0,26,0,1,5,21,0,2,0,1,1,1,27,24,25,0.4027,12,1,0,still,0
568,23,2,0,-1,21,0,3,0,19,0,1,4,15,0,0,1,7,7,7,26,20,27,0.5513,11,1,0,start_jam,0
569,17,3,1,120,21,1,2,0,11,0,1,2,9,0,0,1,13,13,13,24,12,25,0.5358,12,1,0,still,0
569,49,2,1,150,20,2,5,0,11,0,1,4,7,0,0,2,13,13,13,24,13,26,0.6266,11,1,0,still,0
569,164,1,1,120,20,0,1,1,13,0,1,2,11,0,3,0,12,12,12,25,10,22,0.3781,10,1,0,still,0
570,83,1,1,240,21,0,2,0,15,0,1,2,13,0,0,0,9,9,9,24,15,24,0.5321,11,1,0,still,0
572,165,1,1,240,20,0,2,1,13,0,1,2,11,0,2,0,13,13,13,26,11,24,0.3235,11,1,0,still,0
573,108,1,0,-1,17,0,2,0,20,0,0,20,0,0,0,1,0,0,0,20,21,21,0.6154,10,0,0,pending,0
574,108,1,0,-1,17,0,2,0,20,0,0,20,0,0,0,1,0,0,0,20,21,21,0.6155,10,0,0,hop,1
576,34,1,0,-1,8,0,2,1,9,0,0,9,0,0,0,0,0,0,0,9,9,9,0.3696,7,0,0,hop,1
576,50,1,0,-1,19,1,2,0,10,0,1,2,8,0,0,0,12,12,12,22,10,22,0.5849,9,1,0,start_jam,0
578,145,1,1,90,17,1,2,0,23,0,1,5,18,0,3,0,1,1,1,24,20,21,0.3877,9,1,0,still,0
579,125,1,1,210,20,1,5,0,11,0,1,3,8,0,0,1,12,12,12,23,12,24,0.5370,9,1,0,still,0
580,100,1,1,150,19,0,2,0,22,0,1,4,18,0,1,1,0,0,0,22,22,22,0.3861,8,1,0,still,0
583,19,3,1,210,21,0,2,0,13,0,1,2,11,0,0,0,13,13,13,26,13,26,0.5061,12,1,0,still,0
583,21,2,1,210,22,1,2,0,14,0,1,2,12,0,0,0,13,13,13,27,14,27,0.5669,13,1,0,still,0
583,26,3,1,210,21,0,2,0,24,0,1,14,10,0,0,0,4,4,4,28,24,28,0.5814,14,1,0,still,0
583,43,1,1,210,19,1,2,0,25,0,1,2,23,0,0,1,0,0,0,25,26,26,0.4016,8,1,0,still,0
583,118,3,1,210,19,0,1,0,30,0,1,3,27,0,1,0,0,0,0,30,29,29,0.3999,11,1,0,still,0
583,158,1,1,120,19,0,2,0,24,0,1,5,19,0,2,0,0,0,0,24,22,22,0.3164,7,1,0,still,0
584,5,2,1,270,19,0,1,0,23,0,1,5,18,0,0,0,1,1,1,24,23,24,0.3603,9,1,0,still,0
584,25,2,1,270,21,1,2,0,22,0,1,9,13,0,0,0,6,6,6,28,22,28,0.5627,12,1,0,still,0
584,54,2,1,270,22,0,1,0,13,0,1,2,11,0,0,0,11,11,11,24,13,24,0.5760,12,1,0,still,0
584,55,2,1,270,21,0,2,0,15,0,1,2,13,0,0,0,11,11,11,26,15,26,0.4790,11,1,0,still,0
584,56,1,1,270,22,1,2,0,15,0,1,2,13,0,0,0,10,10,10,25,15,25,0.5272,11,1,0,still,0
584,57,1,1,270,21,2,3,0,17,0,1,3,14,0,0,0,7,7,7,24,17,24,0.5569,11,1,0,still,0
584,58,1,1,270,20,0,1,0,18,0,1,4,14,0,0,0,5,5,6,23,18,24,0.5418,9,1,0,still,0
584,79,1,1,270,21,0,2,0,9,0,1,2,7,0,0,0,12,12,13,21,9,22,0.5980,10,1,0,still,0
584,84,1,1,270,21,1,3,0,18,0,1,3,15,0,0,0,6,6,6,24,18,24,0.5169,10,1,0,still,0
584,87,1,1,270,21,1,2,0,21,0,1,10,11,0,0,0,4,4,5,25,21,26,0.5990,11,1,0,still,0
584,88,1,1,270,21,0,1,0,20,0,1,11,9,0,0,0,4,4,4,24,20,24,0.5349,11,1,0,still,0
584,107,2,1,120,17,1,2,0,22,0,0,21,1,0,1,1,0,0,0,22,22,22,0.6357,12,0,1,end_clear,1
584,113,1,1,270,18,0,3,0,21,0,1,6,15,0,2,1,1,1,1,22,20,21,0.2939,6,1,0,still,0
584,114,1,1,270,18,0,2,0,21,0,1,4,17,0,1,0,1,1,1,22,20,21,0.3518,8,1,0,still,0
584,115,2,1,270,19,0,2,0,24,0,1,5,19,0,1,0,1,1,1,25,23,24,0.3506,11,1,0,still,0
584,119,1,1,270,20,1,2,0,28,0,1,3,25,0,3,0,0,0,0,28,25,25,0.3827,8,1,0,still,0
584,126,1,1,270,20,1,2,0,14,0,1,3,11,0,4,0,13,13,13,27,10,23,0.4064,10,1,0,still,0
584,127,1,1,270,20,1,2,0,13,0,1,2,11,0,2,0,13,13,13,26,11,24,0.3775,10,1,0,still,0
584,128,1,1,270,20,1,2,0,16,0,1,2,14,0,1,0,13,13,11,29,15,26,0.3489,9,1,0,still,0
584,130,1,1,270,20,4,5,0,13,0,1,3,10,0,0,1,9,9,9,22,14,23,0.6200,11,1,0,still,0
584,131,1,1,270,20,0,1,0,20,0,1,5,15,0,1,0,9,9,7,29,19,26,0.3205,8,1,0,still,0
584,135,1,1,270,21,1,2,0,25,0,1,11,14,0,3,0,5,5,5,30,22,27,0.3721,10,1,0,still,0
584,138,1,1,270,23,0,1,0,24,0,1,15,9,0,1,0,2,2,2,26,23,25,0.4232,12,1,0,still,0
584,139,1,1,270,21,0,3,0,26,0,1,2,24,0,2,0,0,0,0,26,24,24,0.5301,12,1,0,still,0
584,140,1,1,270,19,0,2,0,24,0,1,3,21,0,1,0,0,0,0,24,23,23,0.5598,13,1,0,still,0
584,141,2,1,270,21,0,1,1,22,0,1,3,19,0,0,0,4,4,4,26,22,26,0.4868,13,1,0,still,0
584,142,2,1,270,21,0,1,1,18,0,1,3,15,0,1,0,8,8,8,26,17,25,0.5726,14,1,0,still,0
584,143,1,1,270,20,0,1,0,27,0,1,21,6,0,3,0,0,0,0,27,24,24,0.4739,11,1,0,still,0
584,153,1,1,270,18,2,3,0,22,0,1,6,16,0,3,2,1,1,1,23,21,22,0.3469,8,1,0,still,0
584,154,2,1,270,19,0,1,0,24,0,1,6,18,0,2,0,1,1,1,25,22,23,0.3441,9,1,0,still,0
584,157,2,1,270,18,0,1,0,24,0,1,5,19,0,1,0,0,0,0,24,23,23,0.3231,7,1,0,still,0
584,163,1,1,270,20,0,2,1,14,0,1,3,11,0,4,0,13,13,13,27,10,23,0.4000,11,1,0,still,0
584,166,1,1,270,21,0,1,1,14,0,1,2,12,0,1,0,12,12,11,26,13,24,0.3762,11,1,0,still,0
584,167,1,1,270,20,0,2,1,16,0,1,2,14,0,1,0,13,13,11,29,15,26,0.3963,12,1,0,still,0
584,168,1,1,270,21,0,1,1,17,0,1,3,14,0,0,0,11,11,8,28,17,25,0.3744,10,1,0,still,0
584,169,1,1,270,21,0,3,0,17,0,1,3,14,0,0,2,4,4,4,21,19,23,0.6306,12,1,0,still,0
584,171,1,1,270,20,0,1,1,20,0,1,5,15,0,1,0,9,9,7,29,19,26,0.3698,11,1,0,still,0
584,172,1,1,270,19,0,1,1,24,0,1,9,15,0,3,0,6,6,6,30,21,27,0.4258,10,1,0,still,0
584,176,1,1,270,21,0,2,1,25,0,1,11,14,0,3,0,5,5,5,30,22,27,0.4172,13,1,0,still,0
584,177,1,1,210,22,0,1,1,25,0,1,14,11,0,2,0,4,4,4,29,23,27,0.3973,12,1,0,still,0
584,180,1,1,270,23,0,1,1,24,0,1,15,9,0,1,0,2,2,2,26,23,25,0.4396,15,1,0,still,0
584,181,1,1,270,20,0,1,1,26,0,1,18,8,0,3,0,1,1,1,27,23,24,0.4481,13,1,0,still,0
584,183,1,1,270,20,1,2,0,25,0,1,3,22,0,1,0,0,0,0,25,24,24,0.5163,13,1,0,still,0
584,186,1,1,270,20,0,1,1,27,0,1,21,6,0,3,0,0,0,0,27,24,24,0.4619,12,0,1,still,0
584,188,1,1,270,17,1,3,0,24,0,1,6,18,0,3,0,1,1,1,25,21,22,0.3538,9,1,0,still,0
584,189,1,1,270,17,0,1,0,24,0,1,5,19,0,3,0,1,1,1,25,21,22,0.4061,11,1,0,still,0
584,194,1,1,270,19,0,2,0,29,0,1,3,26,0,4,0,0,0,0,29,25,25,0.4073,10,1,0,still,0
584,195,1,1,270,19,0,1,0,25,0,1,6,19,0,3,0,1,1,1,26,22,23,0.3977,11,1,0,still,0
585,1,1,1,270,20,0,3,0,23,0,1,6,17,0,0,0,1,1,1,24,23,24,0.3454,6,1,0,still,0
585,3,2,1,270,17,0,1,0,20,0,1,4,16,0,0,0,1,1,1,21,20,21,0.3620,7,1,0,still,0
585,4,2,1,270,17,0,1,0,21,0,1,4,17,0,0,0,1,1,1,22,21,22,0.3617,8,1,0,still,0
585,6,2,1,270,18,0,1,0,24,0,1,3,21,0,0,0,0,0,0,24,24,24,0.3864,9,1,0,still,0
585,7,2,1,270,18,1,2,0,28,0,1,2,26,0,0,0,0,0,0,28,28,28,0.4116,10,1,0,still,0
585,8,1,1,270,20,0,2,0,27,0,1,2,25,0,0,0,0,0,0,27,27,27,0.4379,9,1,0,still,0
585,10,1,1,270,20,1,2,0,26,0,1,3,23,0,1,0,0,0,0,26,25,25,0.5145,10,1,0,still,0
585,11,1,1,270,20,0,1,0,24,0,1,2,22,0,1,0,0,0,0,24,23,23,0.5840,12,1,0,still,0
585,12,2,1,270,20,0,1,0,23,0,1,3,20,0,0,1,0,0,0,23,24,24,0.5255,11,1,0,still,0
585,13,2,1,270,18,2,3,0,21,0,1,3,18,0,0,1,1,1,1,22,22,23,0.6265,14,1,0,still,0
585,14,1,1,270,20,0,1,0,19,0,1,3,16,0,1,2,2,2,2,21,20,22,0.5910,12,1,0,still,0
585,15,1,1,270,20,3,5,0,14,0,1,3,11,0,1,0,11,11,11,25,13,24,0.6016,11,1,0,still,0
585,16,1,1,270,18,0,2,1,9,0,1,2,7,0,0,0,12,12,12,21,9,21,0.5909,9,1,0,still,0
585,28,2,1,270,21,0,2,0,24,0,1,17,7,0,1,0,1,1,1,25,23,24,0.6489,14,1,0,still,0
585,29,2,1,270,19,0,1,0,24,0,1,19,5,0,0,0,0,0,0,24,24,24,0.6004,13,1,0,still,0
585,31,2,1,270,19,1,2,0,23,0,1,21,2,0,0,1,0,0,0,23,24,24,0.6266,12,1,0,still,0
585,44,1,1,270,20,0,2,0,23,0,1,2,21,0,0,1,0,0,0,23,24,24,0.5266,10,1,0,still,0
585,47,2,1,270,21,1,3,0,20,0,1,3,17,0,0,1,4,4,4,24,21,25,0.6461,14,1,0,still,0
585,51,1,1,270,20,0,1,0,10,0,1,2,8,0,0,0,12,12,13,22,10,23,0.5735,9,1,0,still,0
585,86,1,1,270,21,0,2,0,20,0,1,8,12,0,0,0,5,5,6,25,20,26,0.6105,10,1,0,still,0
585,89,1,1,270,23,1,2,0,22,0,1,15,7,0,0,0,3,3,4,25,22,26,0.6063,12,1,0,still,0
585,90,1,1,270,19,0,1,0,24,0,1,19,5,0,1,0,0,0,1,24,23,24,0.6108,12,1,0,still,0
585,91,1,1,270,19,0,1,0,22,0,1,19,3,0,0,0,0,0,1,22,22,23,0.5373,10,1,0,still,0
585,92,1,1,270,19,0,2,0,21,0,1,21,0,0,0,2,0,0,0,21,23,23,0.6713,11,0,0,still,0
585,95,1,1,270,19,1,3,0,22,0,1,5,17,0,0,0,0,0,0,22,22,22,0.3625,6,1,0,still,0
585,98,1,1,270,19,0,1,0,22,0,1,5,17,0,0,0,0,0,0,22,22,22,0.3853,7,1,0,still,0
585,132,1,1,270,17,1,2,0,22,0,1,21,1,0,0,1,0,0,0,22,23,23,0.6106,11,0,1,still,0
586,117,3,1,270,17,1,2,0,29,0,1,3,26,0,1,0,0,0,0,29,28,28,0.3632,11,1,0,still,0
587,199,1,1,180,19,1,2,0,25,0,1,5,20,0,2,0,0,0,0,25,23,23,0.3183,8,1,0,still,0
590,65,1,0,-1,17,0,2,0,22,0,0,21,1,0,1,0,0,0,0,22,21,21,0.6244,11,0,1,hop,1
590,159,1,1,240,15,1,2,0,18,0,1,3,15,0,0,0,0,0,0,18,18,18,0.2618,7,1,0,still,0
591,76,3,1,150,21,0,2,0,17,0,1,3,14,0,0,1,10,10,10,27,18,28,0.5953,14,1,0,still,0
592,32,1,0,-1,15,0,1,0,17,0,0,17,0,0,0,1,0,0,0,17,18,18,0.5791,8,0,0,hop,1
592,66,1,0,-1,16,0,1,0,21,0,0,21,0,0,1,0,0,0,0,21,20,20,0.6243,10,0,0,pending,0
592,102,2,0,-1,2,0,6,1,2,0,0,2,0,0,0,0,0,0,0,2,2,2,0.0648,2,0,0,pending,0
592,111,1,0,-1,4,3,6,0,5,0,0,5,0,0,0,0,0,0,0,5,5,5,0.1806,4,0,0,hop,1
593,66,1,0,-1,16,0,1,0,21,0,0,21,0,0,1,0,0,0,0,21,20,20,0.6253,10,0,0,hop,1
593,102,2,0,-1,2,0,6,1,2,0,0,2,0,0,0,0,0,0,0,2,2,2,0.0648,2,0,0,hop,1
593,123,2,1,120,17,0,2,0,21,0,1,3,18,0,0,0,0,0,0,21,21,21,0.3265,9,1,0,still,0
594,9,1,1,240,20,0,2,0,26,0,1,3,23,0,0,0,0,0,0,26,26,26,0.4970,9,1,0,still,0
594,170,1,1,210,21,1,2,0,15,0,1,3,12,0,0,1,8,8,8,23,16,24,0.6728,13,1,0,still,0
594,200,1,1,210,19,0,5,1,14,0,1,3,11,0,1,0,11,11,11,25,13,24,0.6239,12,1,0,still,0
597,68,2,1,150,20,2,3,0,24,0,1,5,19,0,0,0,1,1,1,25,24,25,0.3386,7,1,0,still,0
597,161,2,0,-1,20,0,1,1,15,0,1,3,12,0,3,0,13,13,13,28,12,25,0.4032,10,1,0,start_jam,0
597,179,1,0,-1,2,0,5,1,3,0,0,3,0,0,0,0,0,0,0,3,3,3,0.1060,2,0,0,pending,0
597,191,1,1,240,18,0,1,0,24,0,1,5,19,0,2,0,1,1,1,25,22,23,0.4032,11,1,0,still,0
598,23,2,1,30,21,0,3,0,19,0,1,5,14,0,0,1,7,7,7,26,20,27,0.5498,11,1,0,still,0
598,101,3,0,-1,9,1,3,0,10,0,0,10,0,0,0,0,0,0,0,10,10,10,0.3835,10,0,0,pending,0
598,179,1,0,-1,2,0,5,1,3,0,0,3,0,0,0,0,0,0,0,3,3,3,0.1060,2,0,0,hop,1
599,17,3,1,150,21,1,2,0,11,0,1,2,9,0,0,1,13,13,13,24,12,25,0.5359,12,1,0,still,0
599,49,2,1,180,20,2,5,0,11,0,1,3,8,0,0,2,13,13,13,24,13,26,0.6266,11,1,0,still,0
599,101,3,0,-1,9,1,3,0,10,0,0,10,0,0,0,0,0,0,0,10,10,10,0.3836,10,0,0,hop,1
599,164,1,1,150,20,0,1,1,13,0,1,2,11,0,3,0,12,12,12,25,10,22,0.3781,10,1,0,still,0
600,83,1,1,270,21,0,2,0,15,0,1,2,13,0,0,0,9,9,9,24,15,24,0.5321,11,1,0,still,0
602,165,1,1,270,20,0,2,1,14,0,1,2,12,0,3,0,13,13,13,27,11,24,0.3235,11,1,0,still,0
606,50,1,1,30,19,1,2,0,10,0,1,2,8,0,0,0,12,12,12,22,10,22,0.5849,9,1,0,still,0
608,145,1,1,120,17,1,2,0,22,0,1,5,17,0,2,0,1,1,1,23,20,21,0.3629,8,1,0,still,0
609,125,1,1,240,20,1,5,0,10,0,1,2,8,0,0,2,12,12,12,22,12,24,0.5369,9,1,0,still,0
610,100,1,1,180,19,0,2,0,23,0,1,4,19,0,1,0,0,0,0,23,22,22,0.3838,8,1,0,still,0
612,146,2,0,-1,16,1,2,0,23,0,1,4,19,0,2,0,1,1,1,24,21,22,0.3497,11,1,0,start_jam,0
613,19,3,1,240,21,0,2,0,13,0,1,2,11,0,0,0,13,13,13,26,13,26,0.5359,13,1,0,still,0
613,21,2,1,240,22,1,2,0,14,0,1,2,12,0,0,0,13,13,13,27,14,27,0.5671,13,1,0,still,0
613,26,3,1,240,21,0,2,0,23,0,1,14,9,0,0,0,4,4,4,27,23,27,0.5801,14,1,0,still,0
613,43,1,1,240,19,1,2,0,25,0,1,2,23,0,0,1,0,0,0,25,26,26,0.4019,8,1,0,still,0
613,118,3,1,240,19,0,1,0,30,0,1,3,27,0,1,0,0,0,0,30,29,29,0.3999,11,1,0,still,0
613,158,1,1,150,19,0,2,0,24,0,1,4,20,0,2,0,0,0,0,24,22,22,0.2589,6,1,0,still,0
614,5,2,1,300,19,0,1,0,23,0,1,5,18,0,0,0,1,1,1,24,23,24,0.3573,9,1,0,end_cap,1
614,25,2,1,300,21,1,2,0,22,0,1,10,12,0,0,0,6,6,6,28,22,28,0.5612,12,1,0,end_cap,1
614,54,2,1,300,22,0,1,0,13,0,1,3,10,0,0,0,11,11,11,24,13,24,0.5760,12,1,0,end_cap,1
614,55,2,1,300,21,0,2,0,15,0,1,3,12,0,0,0,11,11,11,26,15,26,0.4790,11,1,0,end_cap,1
614,56,1,1,300,22,1,2,0,15,0,1,3,12,0,0,0,10,10,10,25,15,25,0.5272,11,1,0,end_cap,1
614,57,1,1,300,21,2,3,0,17,0,1,4,13,0,0,0,7,7,7,24,17,24,0.5569,11,1,0,end_cap,1
614,58,1,1,300,20,0,1,0,18,0,1,6,12,0,0,0,5,5,6,23,18,24,0.5779,10,1,0,end_cap,1
614,79,1,1,300,21,0,2,0,13,0,1,8,5,0,0,0,9,9,10,22,13,23,0.5980,10,1,0,end_cap,1
614,84,1,1,300,21,1,3,0,18,0,1,5,13,0,0,0,6,6,6,24,18,24,0.5169,10,1,0,end_cap,1
614,87,1,1,300,21,1,2,0,21,0,1,11,10,0,0,0,4,4,5,25,21,26,0.5991,11,1,0,end_cap,1
614,88,1,1,300,21,0,1,0,20,0,1,12,8,0,0,0,4,4,4,24,20,24,0.5354,11,1,0,end_cap,1
614,110,1,0,-1,13,0,4,0,14,0,0,14,0,0,0,1,0,0,0,14,15,15,0.6565,10,0,0,pending,0
614,113,1,1,300,18,0,3,0,22,0,1,6,16,0,2,0,1,1,1,23,20,21,0.2646,6,1,0,end_cap,1
614,114,1,1,300,18,0,1,0,21,0,1,5,16,0,1,0,1,1,1,22,20,21,0.3810,9,1,0,end_cap,1
614,115,2,1,300,19,0,2,0,24,0,1,6,18,0,1,0,1,1,1,25,23,24,0.3506,11,1,0,end_cap,1
614,119,1,1,300,20,1,2,0,28,0,1,3,25,0,3,1,0,0,0,28,26,26,0.3827,8,1,0,end_cap,0
614,126,1,1,300,20,1,2,0,19,0,1,11,8,0,4,0,8,8,8,27,15,23,0.4064,10,1,0,end_cap,1
614,127,1,1,300,20,1,2,0,19,0,1,11,8,0,3,0,8,8,8,27,16,24,0.3775,10,1,0,end_cap,1
614,128,1,1,300,20,1,2,0,21,0,1,11,10,0,3,0,8,8,8,29,18,26,0.3489,9,1,0,end_cap,1
614,130,1,1,300,20,4,5,0,19,0,1,9,10,0,0,1,3,3,3,22,20,23,0.6197,11,1,0,end_cap,1
614,131,1,1,300,20,0,1,0,22,0,1,11,11,0,3,0,7,7,7,29,19,26,0.3205,8,1,0,end_cap,1
614,135,1,1,300,21,1,2,0,25,0,1,15,10,0,3,0,5,5,5,30,22,27,0.3721,10,1,0,end_cap,1
614,138,1,1,300,23,0,1,0,24,0,1,16,8,0,1,0,2,2,2,26,23,25,0.4232,12,1,0,end_cap,0
614,139,1,1,300,21,0,3,0,26,0,1,3,23,0,2,0,0,0,0,26,24,24,0.5302,12,1,0,end_cap,0
614,140,1,1,300,19,0,2,0,24,0,1,4,20,0,1,0,0,0,0,24,23,23,0.5598,13,1,0,end_cap,0
614,141,2,1,300,21,0,1,1,24,0,1,6,18,0,0,0,2,2,2,26,24,26,0.4868,13,1,0,end_cap,0
614,142,2,1,300,21,0,1,1,23,0,1,9,14,0,1,0,3,3,3,26,22,25,0.5800,14,1,0,end_cap,0
614,143,1,1,300,20,0,1,0,27,0,1,21,6,0,3,0,0,0,0,27,24,24,0.4739,11,1,0,end_cap,1
614,153,1,1,300,18,2,3,0,24,0,1,9,15,0,3,0,1,1,1,25,21,22,0.3756,9,1,0,end_cap,1
614,154,2,1,300,19,0,1,0,24,0,1,10,14,0,2,0,1,1,1,25,22,23,0.3440,9,1,0,end_cap,1
614,157,2,1,300,18,0,1,0,25,0,1,10,15,0,1,0,0,0,0,25,24,24,0.3231,7,1,0,end_cap,0
614,163,1,1,300,20,0,2,1,21,0,1,13,8,0,4,0,6,6,6,27,17,23,0.4000,11,1,0,end_cap,1
614,166,1,1,300,21,0,1,1,22,0,1,14,8,0,2,0,4,4,4,26,20,24,0.3762,11,1,0,end_cap,1
614,167,1,1,300,20,0,2,1,23,0,1,13,10,0,3,0,6,6,6,29,20,26,0.3963,12,1,0,end_cap,1
614,168,1,1,300,21,0,1,1,24,0,1,14,10,0,2,0,4,4,3,28,22,25,0.3744,10,1,0,end_cap,1
614,169,1,1,300,21,0,3,0,21,0,1,8,13,0,0,1,1,1,1,22,22,23,0.7010,13,1,0,end_cap,1
614,171,1,1,300,20,0,1,1,24,0,1,13,11,0,3,0,5,5,5,29,21,26,0.3698,11,1,0,end_cap,1
614,172,1,1,300,19,0,1,1,27,0,1,16,11,0,3,0,3,3,3,30,24,27,0.4258,10,1,0,end_cap,1
614,176,1,1,300,21,0,2,1,27,0,1,17,10,0,3,0,3,3,3,30,24,27,0.4172,13,1,0,end_cap,1
614,177,1,1,240,22,0,1,1,27,0,1,18,9,0,2,0,2,2,2,29,25,27,0.3973,12,1,0,still,0
614,180,1,1,300,23,0,1,1,25,0,1,17,8,0,1,0,1,1,1,26,24,25,0.4152,14,1,0,end_cap,1
614,181,1,1,300,20,0,1,1,27,0,1,19,8,0,3,0,0,0,0,27,24,24,0.4481,13,1,0,end_cap,1
614,183,1,1,300,20,1,2,0,25,0,1,8,17,0,1,0,0,0,0,25,24,24,0.5163,13,1,0,end_cap,0
614,186,1,1,300,20,0,1,1,27,0,1,21,6,0,3,0,0,0,0,27,24,24,0.4619,12,0,0,end_cap,1
614,188,1,1,300,18,1,3,0,23,0,1,9,14,0,2,0,1,1,1,24,21,22,0.3808,10,1,0,end_cap,1
614,189,1,1,300,17,0,2,0,24,0,1,9,15,0,3,0,1,1,1,25,21,22,0.4123,11,1,0,end_cap,1
614,194,1,1,300,19,0,2,0,29,0,1,11,18,0,4,0,0,0,0,29,25,25,0.4073,10,1,0,end_cap,0
614,195,1,1,300,19,0,1,0,25,0,1,12,13,0,3,0,1,1,1,26,22,23,0.3980,11,1,0,end_cap,1
615,1,1,1,300,20,0,3,0,23,0,1,14,9,0,0,0,2,2,2,25,23,25,0.3427,6,1,0,end_cap,0
615,3,2,1,300,17,0,1,0,19,0,1,7,12,0,0,0,2,2,2,21,19,21,0.3612,7,1,0,end_cap,1
615,4,2,1,300,17,0,1,0,21,0,1,9,12,0,0,0,1,1,1,22,21,22,0.3612,8,1,0,end_cap,1
615,6,2,1,300,18,0,1,0,23,0,1,10,13,0,0,0,1,1,1,24,23,24,0.3852,9,1,0,end_cap,0
615,7,2,1,300,18,1,2,0,27,0,1,11,16,0,0,0,1,1,1,28,27,28,0.4065,10,1,0,end_cap,0
615,8,1,1,300,20,0,2,0,26,0,1,11,15,0,0,0,1,1,1,27,26,27,0.4280,9,1,0,end_cap,0
615,10,1,1,300,20,1,2,0,26,0,1,11,15,0,1,0,0,0,0,26,25,25,0.5104,10,1,0,end_cap,1
615,11,1,1,300,20,0,1,0,24,0,1,9,15,0,1,0,0,0,0,24,23,23,0.5825,12,1,0,end_cap,1
615,12,2,1,300,22,0,1,0,23,0,1,9,14,0,0,2,0,0,0,23,25,25,0.5240,11,1,0,end_cap,1
615,13,2,1,300,18,2,3,0,22,0,1,8,14,0,0,1,0,0,0,22,23,23,0.6265,14,1,0,end_cap,1
615,14,1,1,300,20,0,1,0,21,0,1,9,12,0,1,2,0,0,0,21,22,22,0.5910,12,1,0,end_cap,1
615,15,1,1,300,20,3,5,0,23,0,1,11,12,0,1,0,0,0,0,23,22,22,0.6426,12,1,0,end_cap,1
615,16,1,1,300,18,0,2,1,21,0,1,13,8,0,0,0,0,0,0,21,21,21,0.5540,8,1,0,end_cap,0
615,28,2,1,300,21,0,2,0,25,0,1,18,7,0,1,0,0,0,0,25,24,24,0.6487,14,1,0,end_cap,1
615,29,2,1,300,20,0,2,0,24,0,1,19,5,0,0,0,0,0,0,24,24,24,0.5406,12,1,0,end_cap,1
615,31,2,1,300,19,1,2,0,23,0,1,21,2,0,0,1,0,0,0,23,24,24,0.6266,12,1,0,end_cap,1
615,44,1,1,300,20,0,2,0,23,0,1,15,8,0,0,1,0,0,0,23,24,24,0.5241,10,1,0,end_cap,1
615,47,2,1,300,21,1,3,0,23,0,1,11,12,0,0,1,0,0,0,23,24,24,0.6468,14,1,0,end_cap,1
615,51,1,1,300,20,0,1,0,22,0,1,14,8,0,0,1,0,0,0,22,23,23,0.5016,8,1,0,end_cap,0
615,86,1,1,300,21,0,2,1,24,0,1,18,6,0,0,1,1,1,1,25,25,26,0.6089,10,1,0,end_cap,1
615,89,1,1,300,23,1,2,0,24,0,1,20,4,0,0,1,0,0,0,24,25,25,0.6778,13,1,0,end_cap,1
615,90,1,1,300,19,0,1,0,23,0,1,20,3,0,1,1,0,0,0,23,23,23,0.5777,12,1,0,end_cap,1
615,91,1,1,300,19,0,1,0,22,0,1,20,2,0,0,1,0,0,0,22,23,23,0.5736,11,1,0,end_cap,1
615,92,1,1,300,19,0,2,0,21,0,0,21,0,0,0,2,0,0,0,21,23,23,0.6739,11,0,0,end_cap,1
615,95,1,1,300,19,1,3,0,22,0,1,19,3,0,0,0,0,0,0,22,22,22,0.3623,6,0,0,end_cap,0
615,98,1,1,300,19,0,1,0,22,0,1,19,3,0,0,0,0,0,0,22,22,22,0.3829,7,0,1,end_cap,1
615,110,1,0,-1,13,0,4,0,14,0,0,14,0,0,0,1,0,0,0,14,15,15,0.6565,10,0,0,hop,1
615,132,1,1,300,17,1,2,0,21,0,0,21,0,0,0,1,0,0,0,21,22,22,0.6109,11,0,0,end_cap,1
616,117,3,1,300,17,1,2,0,29,0,1,23,6,0,1,0,0,0,0,29,28,28,0.3631,11,1,0,end_cap,1
617,199,1,1,210,19,1,2,0,25,0,1,20,5,0,2,0,0,0,0,25,23,23,0.2654,7,0,1,still,0
618,97,3,0,-1,5,3,5,0,6,0,0,6,0,0,0,0,0,0,0,6,6,6,0.1775,5,0,0,hop,1
620,159,1,1,270,15,1,2,0,16,0,1,11,5,0,0,0,0,0,0,16,16,16,0.2618,7,1,0,still,0
621,76,3,1,180,21,2,4,0,27,0,1,16,11,0,0,1,0,0,0,27,28,28,0.5952,14,1,0,still,0
623,121,1,0,-1,1,0,2,1,1,0,0,1,0,0,0,0,0,0,0,1,1,1,0.0369,1,0,0,hop,1
623,123,2,1,150,17,0,2,0,21,0,1,16,5,0,0,0,0,0,0,21,21,21,0.3266,9,1,0,still,0
624,9,1,1,270,19,0,2,1,26,0,0,20,6,0,0,0,0,0,0,26,26,26,0.4956,9,1,0,end_clear,1
624,170,1,1,240,21,3,4,0,23,0,1,13,10,0,0,1,0,0,0,23,24,24,0.6008,11,1,0,still,0
624,200,1,1,240,18,0,2,1,24,0,1,15,9,0,2,0,0,0,0,24,22,22,0.6232,12,1,0,still,0
627,68,2,1,180,20,2,3,0,24,0,1,20,4,0,0,0,0,0,0,24,24,24,0.3378,7,0,0,still,0
627,161,2,1,30,20,0,1,1,26,0,1,17,9,0,2,0,0,0,0,26,24,24,0.3780,9,1,0,still,0
627,191,1,1,270,18,0,1,0,25,0,1,23,2,0,2,0,0,0,0,25,23,23,0.4021,11,1,0,still,0
628,23,2,1,60,21,1,2,0,23,0,1,21,2,0,0,1,0,0,0,23,24,24,0.5276,10,1,0,still,0
628,67,2,0,-1,14,4,5,0,19,0,0,19,0,0,0,0,0,0,0,19,19,19,0.5891,10,0,0,hop,1
629,17,3,1,180,20,1,2,0,23,0,1,18,5,0,0,1,0,0,0,23,24,24,0.5357,12,1,0,still,0
629,49,2,1,210,18,1,2,0,23,0,1,15,8,0,0,0,0,0,0,23,23,23,0.6595,11,1,0,still,0
629,164,1,1,180,20,0,1,1,25,0,1,19,6,0,3,0,0,0,0,25,22,22,0.3781,10,1,0,still,0
630,83,1,1,300,21,0,1,0,22,0,1,19,3,0,0,0,0,0,0,22,22,22,0.5043,10,1,0,end_cap,0
630,85,1,0,-1,21,0,2,0,24,0,1,21,3,0,0,1,0,0,0,24,25,25,0.5722,10,1,0,start_jam,0
632,165,1,1,300,20,1,2,0,25,0,1,19,6,0,3,0,0,0,0,25,22,22,0.3486,11,1,0,end_cap,1
636,50,1,1,60,19,1,2,0,22,0,1,16,6,0,0,0,0,0,0,22,22,22,0.5851,9,1,0,still,0
636,174,1,0,-1,15,1,2,0,22,0,0,22,0,0,3,0,0,0,0,22,19,19,0.6483,11,0,0,hop,1
638,77,3,0,-1,20,0,1,0,25,0,1,17,8,0,1,0,0,0,0,25,24,24,0.6014,13,1,0,start_jam,0
638,145,1,1,150,17,1,2,0,23,0,1,19,4,0,2,0,0,0,0,23,21,21,0.3649,8,0,1,still,0
639,71,2,0,-1,12,2,3,0,14,0,0,14,0,0,1,0,0,0,0,14,13,13,0.4885,10,0,0,hop,1
640,100,1,1,210,19,0,2,0,21,0,1,18,3,0,1,0,1,1,1,22,20,21,0.3853,8,1,0,still,0
641,75,1,0,-1,5,4,5,0,6,0,0,6,0,0,0,0,0,0,0,6,6,6,0.2923,5,0,0,hop,1
642,146,2,1,30,18,1,2,0,24,0,1,21,3,0,1,0,0,0,0,24,23,23,0.3506,11,1,0,still,0
643,19,3,1,270,21,0,2,0,26,0,1,22,4,0,0,0,0,0,0,26,26,26,0.5061,12,1,0,still,0
643,21,2,1,270,23,1,3,0,24,0,1,20,4,0,0,0,0,0,0,24,24,24,0.5423,12,1,0,still,0
643,26,3,1,270,21,0,1,0,27,0,1,27,0,0,0,0,0,0,0,27,27,27,0.5934,14,0,0,still,0
643,43,1,1,270,19,1,2,0,23,0,1,20,3,0,0,1,0,0,0,23,24,24,0.4020,8,0,0,still,0
643,118,3,1,270,19,0,1,0,28,0,1,22,6,0,1,0,0,0,0,28,27,27,0.3999,11,1,0,still,0
643,158,1,1,180,19,0,2,0,22,0,1,20,2,0,1,0,2,2,1,24,21,22,0.2590,6,0,0,still,0
644,177,1,1,270,22,0,1,1,30,0,0,29,1,0,2,0,0,0,0,30,28,28,0.3708,11,0,0,end_clear,1
645,155,1,0,-1,1,0,1,1,0,0,0,0,0,0,0,0,0,0,0,0,0,0,0.0000,0,0,0,pending,0
646,155,1,0,-1,1,0,1,1,0,0,0,0,0,0,0,0,0,0,0,0,0,0,0.0000,0,0,0,hop,1
647,199,1,1,240,19,1,2,0,23,0,1,20,3,0,1,0,2,2,1,25,22,23,0.3187,8,0,1,still,0
650,159,1,1,300,15,1,2,0,16,0,1,13,3,0,0,0,2,2,2,18,16,18,0.2618,7,1,0,end_cap,1
651,76,3,1,210,20,4,5,0,24,0,1,16,8,0,0,1,1,1,1,25,25,26,0.5952,12,1,0,still,0
653,123,2,1,180,17,0,2,0,20,0,1,17,3,0,0,0,2,2,2,22,20,22,0.3266,9,1,0,still,0
654,152,1,0,-1,8,0,3,1,9,0,0,9,0,0,1,0,0,0,0,9,8,8,0.4377,8,0,0,pending,0
654,170,2,1,270,19,5,7,0,22,0,1,15,7,0,0,1,1,1,1,23,23,24,0.5688,11,1,0,still,0
655,152,1,0,-1,8,0,3,1,9,0,0,9,0,0,1,0,0,0,0,9,8,8,0.4376,8,0,0,hop,1
657,68,2,1,210,20,2,3,0,23,0,1,20,3,0,0,0,0,0,0,23,23,23,0.3372,7,0,0,still,0
657,161,2,1,60,20,0,1,1,26,0,1,17,9,0,2,0,0,0,0,26,24,24,0.4032,10,1,0,still,0
657,191,1,1,300,17,0,1,0,24,0,1,23,1,0,2,0,0,0,0,24,22,22,0.4031,10,0,0,end_cap,0
658,23,2,1,90,21,1,2,0,25,0,1,24,1,0,0,1,0,0,0,25,26,26,0.5270,10,1,0,still,0
659,17,3,1,210,19,1,2,0,23,0,1,18,5,0,0,1,0,0,0,23,24,24,0.5358,12,1,0,still,0
659,49,2,1,240,18,1,7,0,25,0,1,17,8,0,0,0,0,0,0,25,25,25,0.6596,11,1,0,still,0
659,138,1,0,-1,23,0,2,0,28,0,0,27,1,0,2,0,0,0,0,28,26,26,0.4495,13,0,0,pending,0
659,164,1,1,210,20,0,1,1,26,0,1,20,6,0,3,0,0,0,0,26,23,23,0.3510,9,1,0,still,0
660,73,2,0,-1,10,1,2,0,11,0,0,11,0,0,1,0,0,0,0,11,10,10,0.4314,9,0,0,pending,0
660,85,1,1,30,21,0,2,0,25,0,1,23,2,0,0,1,0,0,0,25,26,26,0.5726,10,1,0,still,0
660,138,1,0,-1,23,0,2,0,28,0,0,27,1,0,2,0,0,0,0,28,26,26,0.4495,13,0,0,hop,1
661,73,2,0,-1,10,1,2,0,11,0,0,11,0,0,1,0,0,0,0,11,10,10,0.4315,9,0,0,hop,1
665,83,1,0,-1,22,0,2,0,23,0,1,21,2,0,0,0,1,1,1,24,23,24,0.5064,10,1,0,start_jam,0
666,50,1,1,90,19,1,2,0,21,0,1,15,6,0,0,0,1,1,1,22,21,22,0.6211,10,1,0,still,0
667,144,2,0,-1,11,0,3,0,11,0,0,11,0,0,0,0,0,0,0,11,11,11,0.4771,10,0,0,pending,0
668,8,2,0,-1,19,0,2,0,25,0,1,20,5,0,0,0,0,0,0,25,25,25,0.3870,9,0,0,start_jam,0
668,77,3,1,30,18,0,7,0,24,0,1,16,8,0,1,0,1,1,1,25,23,24,0.6039,13,1,0,still,0
668,144,2,0,-1,11,0,3,0,11,0,0,11,0,0,0,0,0,0,0,11,11,11,0.4772,10,0,0,hop,1
668,145,1,1,180,16,1,2,0,22,0,1,19,3,0,2,0,0,0,0,22,20,20,0.3934,8,1,0,still,0
670,100,1,1,240,19,0,2,0,21,0,1,18,3,0,1,0,1,1,1,22,20,21,0.3853,8,1,0,still,0
672,146,2,1,60,17,1,2,0,23,0,1,21,2,0,1,0,0,0,0,23,22,22,0.3507,10,1,0,still,0
673,19,3,1,300,21,0,2,0,25,0,1,21,4,0,0,0,1,1,1,26,25,26,0.5061,12,1,0,end_cap,1
673,21,2,1,300,23,1,2,0,23,0,1,20,3,0,0,0,1,1,1,24,23,24,0.5437,12,1,0,end_cap,0
673,26,3,1,300,21,1,2,0,28,0,0,28,0,0,0,0,0,0,0,28,28,28,0.5900,14,0,0,end_cap,1
673,118,3,1,300,18,0,1,0,26,0,0,20,6,0,1,0,0,0,0,26,25,25,0.4249,12,1,0,end_cap,1
673,158,1,1,210,19,0,2,0,22,0,1,20,2,0,1,0,2,2,1,24,21,22,0.2591,6,0,0,still,0
674,103,1,0,-1,8,1,4,0,8,0,0,8,0,0,0,1,0,0,0,8,9,9,0.3334,6,0,0,pending,0
675,103,1,0,-1,8,1,4,0,8,0,0,8,0,0,0,1,0,0,0,8,9,9,0.3334,6,0,0,hop,1
677,199,1,1,270,19,1,2,0,23,0,1,20,3,0,1,0,2,2,1,25,22,23,0.3187,8,0,1,still,0
678,99,2,0,-1,11,1,3,0,12,0,0,12,0,0,0,0,0,0,0,12,12,12,0.5611,11,0,0,pending,0
678,136,2,0,-1,12,0,5,0,15,0,0,15,0,0,1,0,0,0,0,15,14,14,0.6265,13,0,0,hop,1
679,99,2,0,-1,11,1,3,0,12,0,0,12,0,0,0,0,0,0,0,12,12,12,0.5611,11,0,0,hop,1
681,34,1,0,-1,8,1,4,0,9,0,0,9,0,0,1,0,0,0,0,9,8,8,0.4804,8,0,0,pending,0
681,76,3,1,240,20,4,7,0,24,0,1,17,7,0,0,1,1,1,1,25,25,26,0.5953,12,1,0,still,0
682,34,1,0,-1,8,1,4,0,9,0,0,9,0,0,1,0,0,0,0,9,8,8,0.4803,8,0,0,hop,1
683,123,2,1,210,17,0,2,0,20,0,1,17,3,0,0,0,2,2,2,22,20,22,0.3267,9,1,0,still,0
684,124,1,0,-1,3,2,6,0,3,0,0,3,0,0,0,0,0,0,0,3,3,3,0.1083,2,0,0,hop,1
684,170,2,1,300,19,5,7,0,23,0,1,17,6,0,0,1,1,1,1,24,24,25,0.5711,11,1,0,end_cap,1
687,68,2,1,240,20,2,3,0,23,0,1,20,3,0,0,0,0,0,0,23,23,23,0.3372,7,0,0,still,0
687,161,2,1,90,20,0,1,1,25,0,1,18,7,0,2,0,1,1,1,26,23,24,0.4032,10,1,0,still,0
688,23,2,1,120,21,1,2,0,25,0,1,25,0,0,0,0,0,0,1,25,25,26,0.5265,10,0,0,still,0
688,183,1,0,-1,18,1,2,0,22,0,1,18,4,0,2,0,2,2,2,24,20,22,0.4891,11,1,0,start_jam,0
689,17,3,1,240,19,0,2,0,23,0,1,21,2,0,0,0,1,1,1,24,23,24,0.5358,12,1,0,still,0
689,49,2,1,270,19,1,5,0,23,0,1,18,5,0,0,1,1,1,1,24,24,25,0.5607,10,1,0,still,0
689,164,1,1,240,20,0,1,1,26,0,1,23,3,0,4,0,1,1,1,27,22,23,0.3510,9,1,0,still,0
690,85,1,1,60,21,0,2,0,25,0,1,24,1,0,0,1,0,0,0,25,26,26,0.5726,10,0,1,still,0
690,151,1,0,-1,17,0,1,0,23,0,1,19,4,0,3,0,1,1,1,24,20,21,0.4541,11,1,0,start_jam,0
695,83,1,1,30,22,0,2,0,24,0,1,23,1,0,0,0,1,1,1,25,24,25,0.5108,10,1,0,still,0
696,50,1,1,120,19,1,2,0,21,0,1,17,4,0,0,0,1,1,1,22,21,22,0.6211,10,1,0,still,0
696,108,1,0,-1,15,0,2,0,20,0,0,20,0,0,1,0,0,0,0,20,19,19,0.6872,11,0,0,pending,0
697,33,3,0,-1,14,2,4,0,17,0,0,17,0,0,0,0,0,0,0,17,17,17,0.5962,12,0,0,hop,1
697,108,1,0,-1,15,0,2,0,20,0,0,20,0,0,1,0,0,0,0,20,19,19,0.6872,11,0,0,hop,1
698,8,2,1,30,19,0,1,0,25,0,1,20,5,0,0,0,0,0,0,25,25,25,0.3874,9,0,0,still,0
698,77,3,1,60,18,0,7,0,24,0,1,18,6,0,1,0,1,1,1,25,23,24,0.6042,13,1,0,still,0
698,145,1,1,210,16,1,2,0,22,0,1,20,2,0,2,0,0,0,0,22,20,20,0.3934,8,1,0,still,0
700,100,1,1,270,18,0,2,0,20,0,1,17,3,0,1,0,1,1,1,21,19,20,0.3783,7,1,0,still,0
702,146,2,1,90,17,1,2,0,23,0,1,21,2,0,1,0,0,0,0,23,22,22,0.3510,10,1,0,still,0
703,158,1,1,240,18,0,2,0,22,0,1,19,3,0,2,0,1,1,1,23,20,21,0.2590,5,0,0,still,0
704,1,2,0,-1,20,0,2,0,22,0,1,20,2,0,0,0,1,1,1,23,22,23,0.3652,7,0,0,start_jam,0
706,109,2,0,-1,14,3,4,0,17,0,0,17,0,0,0,0,0,0,0,17,17,17,0.6799,12,0,0,pending,0
707,109,2,0,-1,14,3,4,0,17,0,0,17,0,0,0,0,0,0,0,17,17,17,0.6800,12,0,0,hop,1
707,135,1,0,-1,22,0,2,1,30,0,0,30,0,0,3,0,0,0,0,30,27,27,0.4251,12,0,0,pending,0
707,186,1,0,-1,18,1,2,0,27,0,0,27,0,0,3,0,0,0,0,27,24,24,0.4517,11,0,0,pending,0
707,199,1,1,300,18,1,2,0,23,0,1,18,5,0,2,0,1,1,1,24,21,22,0.3188,7,1,0,end_cap,1
708,135,1,0,-1,22,0,2,1,30,0,0,30,0,0,3,0,0,0,0,30,27,27,0.4251,12,0,0,hop,1
708,143,1,0,-1,19,0,2,1,25,0,0,25,0,0,2,0,0,0,0,25,23,23,0.4640,10,0,0,pending,0
708,186,1,0,-1,18,1,2,0,27,0,0,27,0,0,3,0,0,0,0,27,24,24,0.4518,11,0,0,hop,1
711,76,3,1,270,20,4,7,0,25,0,1,19,6,0,0,1,1,1,1,26,26,27,0.5953,12,1,0,still,0
713,123,2,1,240,16,0,2,0,19,0,1,16,3,0,0,0,2,2,2,21,19,21,0.3267,8,1,0,still,0
714,121,1,0,-1,1,0,1,1,1,0,0,1,0,0,0,0,0,0,0,1,1,1,0.0354,1,0,0,hop,1
715,171,1,0,-1,20,1,2,0,28,0,0,27,1,0,3,0,1,1,0,29,25,25,0.3696,11,0,0,hop,1
715,188,1,0,-1,18,1,2,0,21,0,1,19,2,0,2,0,1,1,1,22,19,20,0.3531,9,0,1,start_jam,0
716,128,1,0,-1,20,0,2,1,27,0,1,25,2,0,4,0,1,1,1,28,23,24,0.3486,9,1,0,start_jam,0
717,68,2,1,270,19,1,2,0,21,0,1,17,4,0,0,0,1,1,1,22,21,22,0.3238,6,0,1,still,0
717,161,2,1,120,20,0,1,1,24,0,1,17,7,0,2,0,2,2,2,26,22,24,0.4032,10,1,0,still,0
718,23,2,1,150,21,1,2,0,25,0,1,25,0,0,0,0,0,0,1,25,25,26,0.5242,10,0,0,still,0
718,169,1,0,-1,19,0,3,0,19,0,1,13,6,0,0,1,1,1,1,20,20,21,0.7038,11,1,0,start_jam,0
718,183,1,1,30,18,1,2,0,23,0,1,17,6,0,2,0,1,1,1,24,21,22,0.4892,11,1,0,still,0
718,189,1,0,-1,16,0,2,0,23,0,1,21,2,0,4,0,1,1,1,24,19,20,0.3869,10,0,1,start_jam,0
719,17,3,1,270,19,1,2,0,22,0,1,20,2,0,0,1,2,2,2,24,23,25,0.5356,12,1,0,still,0
719,49,2,1,300,19,1,7,0,21,0,1,16,5,0,0,1,2,2,2,23,22,24,0.5607,10,1,0,end_cap,0
719,164,1,1,270,20,0,1,1,25,0,1,22,3,0,4,0,2,2,2,27,21,23,0.3780,10,1,0,still,0
720,85,1,1,90,21,0,2,0,25,0,1,24,1,0,0,1,0,0,0,25,26,26,0.5726,10,0,1,still,0
720,132,1,0,-1,20,1,2,0,21,0,0,21,0,0,0,2,0,0,0,21,23,23,0.6105,11,0,0,pending,0
720,151,1,1,30,17,0,1,0,24,0,1,19,5,0,3,0,0,0,0,24,21,21,0.4535,11,1,0,still,0
721,5,2,0,-1,18,0,1,0,22,0,1,20,2,0,0,0,0,0,0,22,22,22,0.3586,8,1,0,start_jam,0
721,111,1,0,-1,3,3,6,0,4,0,0,4,0,0,0,0,0,0,0,4,4,4,0.1407,3,0,0,hop,1
721,132,1,0,-1,20,1,2,0,21,0,0,21,0,0,0,2,0,0,0,21,23,23,0.6105,11,0,0,hop,1
722,31,2,0,-1,19,0,1,0,23,0,0,23,0,0,0,1,0,0,0,23,24,24,0.6266,12,0,0,hop,1
722,57,1,0,-1,21,1,2,0,24,0,1,23,1,0,0,0,1,1,1,25,24,25,0.5639,11,1,0,start_jam,0
725,83,1,1,60,22,0,2,0,23,0,1,21,2,0,0,0,1,1,1,24,23,24,0.5117,10,1,0,still,0
726,32,1,0,-1,14,0,1,0,18,0,0,18,0,0,0,1,0,0,0,18,19,19,0.5908,8,0,0,pending,0
726,50,1,1,150,20,1,2,0,20,0,1,15,5,0,0,0,2,2,2,22,20,22,0.6209,10,1,0,still,0
727,3,2,0,-1,17,0,1,0,20,0,1,17,3,0,0,0,1,1,1,21,20,21,0.3548,6,1,0,start_jam,0
727,32,1,0,-1,14,0,1,0,18,0,0,18,0,0,0,1,0,0,0,18,19,19,0.5908,8,0,0,hop,1
728,8,2,1,60,19,0,1,0,24,0,1,20,4,0,0,0,1,1,1,25,24,25,0.3867,9,1,0,still,0
728,77,3,1,90,19,0,7,0,23,0,1,17,6,0,0,0,2,2,2,25,23,25,0.6042,13,1,0,still,0
728,145,1,1,240,16,1,2,0,22,0,1,18,4,0,2,0,0,0,0,22,20,20,0.3934,8,1,0,still,0
730,100,1,1,300,17,0,2,0,17,0,1,12,5,0,0,0,2,2,3,19,17,20,0.3333,6,1,0,end_cap,1
732,29,2,0,-1,20,0,1,0,25,0,0,25,0,0,0,0,0,0,0,25,25,25,0.5503,12,0,0,pending,0
732,146,2,1,120,17,1,2,0,23,0,1,19,4,0,1,0,0,0,0,23,22,22,0.3512,10,1,0,still,0
733,29,2,0,-1,20,0,1,0,25,0,0,25,0,0,0,0,0,0,0,25,25,25,0.5503,12,0,0,hop,1
733,158,1,1,270,18,1,2,0,22,0,1,15,7,0,2,0,1,1,1,23,20,21,0.2589,5,1,0,still,0
734,1,2,1,30,20,0,2,0,22,0,1,16,6,0,0,0,1,1,1,23,22,23,0.3648,7,1,0,still,0
734,44,1,0,-1,18,0,2,0,20,0,1,16,4,0,0,1,1,1,1,21,21,22,0.4750,8,1,0,start_jam,0
734,87,1,0,-1,21,0,1,0,26,0,0,26,0,0,0,1,0,0,0,26,27,27,0.5987,11,0,0,pending,0
735,87,1,0,-1,21,0,1,0,26,0,0,26,0,0,0,1,0,0,0,26,27,27,0.5988,11,0,0,hop,1
739,176,1,0,-1,23,1,2,0,29,0,0,29,0,0,3,0,0,0,0,29,26,26,0.4171,13,0,0,hop,1
741,76,3,1,300,20,4,7,0,23,0,1,19,4,0,0,1,3,3,3,26,24,27,0.5953,12,1,0,end_cap,1
743,123,2,1,270,16,0,2,0,20,0,1,13,7,0,0,0,1,1,1,21,20,21,0.3267,8,1,0,still,0
745,188,1,1,30,18,1,2,0,21,0,1,16,5,0,2,0,1,1,1,22,19,20,0.3531,9,1,0,still,0
746,67,2,0,-1,15,4,5,0,19,0,0,19,0,0,0,1,0,0,0,19,20,20,0.5894,10,0,0,hop,1
746,113,1,0,-1,18,0,2,0,21,0,1,16,5,0,2,0,1,1,1,22,19,20,0.2643,6,1,0,start_jam,0
746,128,1,1,30,20,0,2,1,26,0,1,24,2,0,3,0,2,2,1,28,23,24,0.3217,8,1,0,still,0
747,9,1,0,-1,19,0,1,0,23,0,1,18,5,0,0,0,0,0,0,23,23,23,0.4060,8,1,0,start_jam,0
747,68,2,1,300,19,1,2,0,21,0,1,13,8,0,0,0,1,1,1,22,21,22,0.3230,6,1,0,end_cap,1
747,161,2,1,150,20,0,1,1,23,0,1,17,6,0,2,0,3,3,3,26,21,24,0.4032,10,1,0,still,0
747,179,1,0,-1,1,1,6,0,2,0,0,2,0,0,0,0,0,0,0,2,2,2,0.0739,1,0,0,pending,0
748,23,2,1,180,21,1,2,0,25,0,1,25,0,0,0,0,0,0,1,25,25,26,0.5226,10,0,0,still,0
748,91,1,0,-1,20,0,1,0,23,0,0,23,0,0,0,0,0,0,0,23,23,23,0.5379,10,0,0,pending,0
748,92,1,0,-1,19,0,2,0,22,0,0,22,0,0,0,2,0,0,0,22,24,24,0.6903,11,0,0,hop,1
748,169,1,1,30,19,0,3,0,18,0,1,14,4,0,0,2,1,1,1,19,20,21,0.6331,10,1,0,still,0
748,179,1,0,-1,1,1,6,0,1,0,0,1,0,0,0,0,0,0,0,1,1,1,0.0739,1,0,0,hop,1
748,183,1,1,60,18,1,2,0,23,0,1,18,5,0,2,0,1,1,1,24,21,22,0.4892,11,1,0,still,0
748,189,1,1,30,16,0,2,0,23,0,1,16,7,0,4,0,1,1,1,24,19,20,0.3868,10,1,0,still,0
749,17,3,1,300,19,1,2,0,21,0,1,19,2,0,0,1,3,3,3,24,22,25,0.5356,12,1,0,end_cap,1
749,91,1,0,-1,20,0,1,0,23,0,0,23,0,0,0,0,0,0,0,23,23,23,0.5379,10,0,0,hop,1
749,164,1,1,300,20,0,1,0,24,0,1,22,2,0,4,0,3,3,3,27,20,23,0.3781,10,1,0,end_cap,0
750,47,2,0,-1,19,1,3,0,21,0,1,18,3,0,0,2,1,1,1,22,23,24,0.6491,12,1,0,start_jam,0
750,79,1,0,-1,19,1,2,0,18,0,1,16,2,0,0,1,3,3,3,21,19,22,0.5939,10,1,0,start_jam,0
750,85,1,1,120,21,0,2,0,23,0,1,22,1,0,0,1,0,0,0,23,24,24,0.5726,10,0,1,still,0
750,151,1,1,60,17,0,1,0,24,0,1,17,7,0,3,0,0,0,0,24,21,21,0.4535,11,1,0,still,0
751,5,2,1,30,18,0,1,0,22,0,1,17,5,0,0,0,0,0,0,22,22,22,0.3585,8,1,0,still,0
751,56,1,0,-1,23,1,2,0,22,0,1,20,2,0,0,0,3,3,3,25,22,25,0.5362,11,1,0,start_jam,0
752,57,1,1,30,21,1,2,0,25,0,1,24,1,0,0,0,1,1,1,26,25,26,0.5616,11,1,0,still,0
754,86,1,0,-1,20,0,2,1,25,0,0,25,0,0,0,0,0,0,0,25,25,25,0.5394,9,0,0,hop,1
754,119,1,0,-1,20,1,2,0,25,0,1,16,9,0,2,1,0,0,0,25,24,24,0.4122,9,1,0,start_jam,0
755,83,1,1,90,22,0,2,0,23,0,1,21,2,0,0,0,1,1,1,24,23,24,0.5117,10,1,0,still,0
755,107,2,0,-1,16,0,1,0,23,0,0,23,0,0,2,1,0,0,0,23,22,22,0.6683,13,0,0,hop,1
756,50,1,1,180,20,1,2,0,19,0,1,15,4,0,0,0,3,3,3,22,19,22,0.6205,10,1,0,still,0
756,89,1,0,-1,23,1,2,0,26,0,0,26,0,0,0,0,0,0,0,26,26,26,0.6071,12,0,0,hop,1
757,3,2,1,30,17,0,1,0,19,0,1,14,5,0,0,0,2,2,2,21,19,21,0.3542,6,1,0,still,0
757,15,1,0,-1,18,3,7,0,21,0,1,16,5,0,0,0,2,2,2,23,21,23,0.6272,10,1,0,start_jam,0
758,8,2,1,90,19,0,1,0,25,0,1,16,9,0,0,0,0,0,0,25,25,25,0.3863,9,1,0,still,0
758,77,3,1,120,19,0,7,0,22,0,1,17,5,0,0,0,3,3,3,25,22,25,0.6039,13,1,0,still,0
758,145,1,1,270,16,1,2,0,20,0,1,15,5,0,1,0,2,2,1,22,19,20,0.3934,8,1,0,still,0
758,194,1,0,-1,19,0,2,0,26,0,1,15,11,0,3,0,0,0,0,26,23,23,0.4074,10,1,0,start_jam,0
758,195,1,0,-1,19,0,1,0,20,0,1,13,7,0,2,0,3,3,3,23,18,21,0.4005,11,1,0,start_jam,0
760,14,1,0,-1,19,0,1,0,19,0,1,14,5,0,1,2,1,1,1,20,20,21,0.5910,10,1,0,start_jam,0
761,102,2,0,-1,0,0,6,1,2,0,0,2,0,0,0,0,0,0,0,2,2,2,0.0000,0,0,0,pending,0
762,102,2,0,-1,0,0,6,1,2,0,0,2,0,0,0,0,0,0,0,2,2,2,0.0000,0,0,0,hop,1
762,146,2,1,150,17,1,2,0,21,0,1,15,6,0,0,0,2,2,1,23,21,22,0.3512,10,1,0,still,0
763,158,1,1,300,18,1,2,0,20,0,1,14,6,0,2,0,3,3,3,23,18,21,0.2589,5,1,0,end_cap,1
764,1,2,1,60,20,0,2,0,20,0,1,13,7,0,0,0,3,3,3,23,20,23,0.3675,7,1,0,still,0
764,44,1,1,30,17,0,2,0,21,0,1,14,7,0,0,1,0,0,0,21,22,22,0.4749,8,1,0,still,0
764,71,2,0,-1,12,2,3,0,14,0,0,14,0,0,1,0,0,0,0,14,13,13,0.5261,11,0,0,pending,0
765,65,1,0,-1,17,0,2,0,23,0,0,23,0,0,1,0,0,0,0,23,22,22,0.6417,11,0,0,hop,1
765,66,1,0,-1,18,0,1,0,22,0,0,22,0,0,0,0,0,0,0,22,22,22,0.6347,10,0,0,hop,1
765,71,2,0,-1,12,2,3,0,14,0,0,14,0,0,1,0,0,0,0,14,13,13,0.5261,11,0,0,hop,1
765,97,3,0,-1,4,3,5,0,4,0,0,4,0,0,0,0,0,0,0,4,4,4,0.1474,4,0,0,hop,1
770,114,1,0,-1,17,0,1,0,18,0,1,13,5,0,0,0,3,3,2,21,18,20,0.3813,8,1,0,start_jam,0
771,35,2,0,-1,18,0,1,0,19,0,1,12,7,0,0,0,3,3,3,22,19,22,0.3905,7,1,0,start_jam,0
773,115,2,0,-1,18,0,2,0,23,0,1,16,7,0,1,0,2,2,2,25,22,24,0.3505,10,1,0,start_jam,0
773,123,2,1,300,16,0,2,0,18,0,1,11,7,0,0,0,3,3,3,21,18,21,0.3267,8,1,0,end_cap,1
773,133,2,0,-1,14,0,1,0,19,0,0,19,0,0,1,0,0,0,0,19,18,18,0.5770,11,0,0,pending,0
774,133,2,0,-1,14,0,1,0,19,0,0,19,0,0,1,0,0,0,0,19,18,18,0.5770,11,0,0,hop,1
774,174,1,0,-1,15,1,2,0,24,0,0,24,0,0,3,0,0,0,0,24,21,21,0.6801,12,0,0,hop,1
775,188,1,1,60,17,1,2,0,18,0,1,11,7,0,2,0,4,4,4,22,16,20,0.3531,9,1,0,still,0
776,113,1,1,30,18,0,2,0,18,0,1,12,6,0,2,0,4,4,4,22,16,20,0.3231,7,1,0,still,0
776,128,1,1,60,20,0,2,1,26,0,1,23,3,0,3,0,2,2,1,28,23,24,0.3217,8,1,0,still,0
777,9,1,1,30,19,0,1,0,22,0,1,13,9,0,0,0,1,1,1,23,22,23,0.5161,9,1,0,still,0
777,161,2,1,180,20,0,1,1,23,0,1,17,6,0,2,0,3,3,3,26,21,24,0.4032,10,1,0,still,0
778,23,2,1,210,21,1,2,0,26,0,1,26,0,0,0,0,0,0,1,26,26,27,0.5227,10,0,0,still,0
778,153,1,0,-1,18,0,1,0,18,0,1,10,8,0,2,0,5,5,5,23,16,21,0.3768,9,1,0,start_jam,0
778,169,1,1,60,19,0,3,0,19,0,1,15,4,0,0,1,1,1,1,20,20,21,0.7053,11,1,0,still,0
778,172,1,0,-1,22,0,1,0,29,0,0,28,1,0,3,0,0,0,0,29,26,26,0.3724,10,0,0,pending,0
778,183,1,1,90,17,2,3,0,22,0,1,15,7,0,2,0,1,1,1,23,20,21,0.4892,11,1,0,still,0
778,189,1,1,60,16,0,2,0,18,0,1,12,6,0,3,0,6,6,5,24,15,20,0.3869,10,1,0,still,0
779,152,1,0,-1,8,0,1,0,7,0,0,7,0,0,0,1,0,0,0,7,8,8,0.2810,6,0,0,hop,1
779,172,1,0,-1,22,0,1,0,29,0,0,28,1,0,3,0,0,0,0,29,26,26,0.3723,10,0,0,hop,1
780,34,1,0,-1,7,1,4,0,8,0,0,8,0,0,0,0,0,0,0,8,8,8,0.2956,6,0,0,hop,1
780,47,2,1,30,19,1,3,0,21,0,1,15,6,0,0,2,1,1,1,22,23,24,0.6492,12,1,0,still,0
780,58,1,0,-1,19,0,1,0,25,0,0,25,0,0,0,0,0,0,0,25,25,25,0.5412,9,0,0,hop,1
780,75,1,0,-1,5,4,5,0,5,0,0,5,0,0,0,0,0,0,0,5,5,5,0.2209,4,0,0,pending,0
780,79,1,1,30,19,1,2,0,18,0,1,15,3,0,0,1,3,3,3,21,19,22,0.5948,10,1,0,still,0
780,85,1,1,150,21,0,2,0,24,0,1,23,1,0,0,1,0,0,0,24,25,25,0.5726,10,0,1,still,0
780,151,1,1,90,17,0,1,0,23,0,1,16,7,0,1,0,2,2,0,25,22,22,0.4537,11,1,0,still,0
781,5,2,1,60,18,0,1,0,19,0,1,14,5,0,0,0,3,3,3,22,19,22,0.3585,8,1,0,still,0
781,56,1,1,30,23,1,2,0,22,0,1,20,2,0,0,0,3,3,3,25,22,25,0.5362,11,1,0,still,0
781,75,1,0,-1,5,4,5,0,5,0,0,5,0,0,0,0,0,0,0,5,5,5,0.2208,4,0,0,hop,1
781,110,1,0,-1,13,1,5,0,14,0,0,14,0,0,0,0,0,0,0,14,14,14,0.7304,11,0,0,pending,0
782,57,1,1,60,21,1,2,0,26,0,1,24,2,0,0,0,0,0,0,26,26,26,0.5617,11,1,0,still,0
782,110,1,0,-1,13,1,5,0,14,0,0,14,0,0,0,0,0,0,0,14,14,14,0.7304,11,0,0,hop,1
782,138,1,0,-1,23,0,2,0,29,0,0,29,0,0,2,0,0,0,0,29,27,27,0.4228,13,0,0,hop,1
783,84,1,0,-1,21,0,2,0,25,0,1,23,2,0,0,1,0,0,0,25,26,26,0.5232,10,0,1,start_jam,0
784,117,3,0,-1,16,0,1,0,24,0,1,16,8,0,1,0,3,3,3,27,23,26,0.3384,10,1,0,start_jam,0
784,119,1,1,30,20,1,2,0,22,0,1,14,8,0,0,1,3,3,1,25,23,24,0.4122,9,1,0,still,0
785,83,1,1,120,22,0,2,0,22,0,1,19,3,0,0,0,1,1,1,23,22,23,0.5117,10,1,0,still,0
786,50,1,1,210,20,1,2,0,18,0,1,14,4,0,0,0,4,4,4,22,18,22,0.6201,10,1,0,still,0
786,155,1,0,-1,1,0,1,1,0,0,0,0,0,0,0,0,0,0,0,0,0,0,0.0000,0,0,0,hop,1
787,3,2,1,60,17,0,1,0,16,0,1,11,5,0,0,0,5,5,5,21,16,21,0.3542,6,1,0,still,0
787,10,1,0,-1,18,1,2,0,22,0,1,14,8,0,1,0,2,2,2,24,21,23,0.5421,9,1,0,start_jam,0
787,15,1,1,30,18,3,7,0,19,0,1,15,4,0,0,0,4,4,4,23,19,23,0.6249,10,1,0,still,0
788,8,2,1,120,19,0,1,0,23,0,1,13,10,0,0,0,2,2,2,25,23,25,0.3858,9,1,0,still,0
788,77,3,1,150,19,0,7,0,21,0,1,16,5,0,0,0,4,4,4,25,21,25,0.6042,13,1,0,still,0
788,127,1,0,-1,20,0,1,0,22,0,1,18,4,0,4,0,4,4,4,26,18,22,0.4042,11,1,0,start_jam,0
788,145,1,1,300,16,1,2,0,17,0,1,11,6,0,1,0,5,5,4,22,16,20,0.3934,8,1,0,end_cap,1
788,194,1,1,30,19,0,2,0,23,0,1,13,10,0,1,0,3,3,1,26,22,23,0.4345,11,1,0,still,0
788,195,1,1,30,19,0,1,0,19,0,1,9,10,0,2,0,4,4,4,23,17,21,0.4004,11,1,0,still,0
790,14,1,1,30,20,0,1,0,17,0,1,14,3,0,0,2,3,3,3,20,19,22,0.5910,10,1,0,still,0
790,62,2,0,-1,21,0,1,0,26,0,0,26,0,0,0,0,0,0,0,26,26,26,0.5751,12,0,0,pending,0
791,62,2,0,-1,21,0,1,0,26,0,0,26,0,0,0,0,0,0,0,26,26,26,0.5751,12,0,0,hop,1
791,130,1,0,-1,17,2,7,0,17,0,1,13,4,0,0,0,5,5,5,22,17,22,0.5844,9,1,0,start_jam,0
792,19,3,0,-1,21,0,2,0,21,0,1,18,3,0,0,0,4,4,4,25,21,25,0.5000,12,1,0,start_jam,0
792,146,2,1,180,17,1,2,0,18,0,1,12,6,0,0,0,4,4,4,22,18,22,0.3500,10,1,0,still,0
793,90,1,0,-1,21,0,1,0,25,0,0,25,0,0,1,0,0,0,0,25,24,24,0.6439,13,0,0,pending,0
794,1,2,1,90,20,0,2,0,19,0,1,9,10,0,0,0,4,4,4,23,19,23,0.3660,7,1,0,still,0
794,44,1,1,60,17,0,2,0,20,0,1,13,7,0,0,1,1,1,1,21,21,22,0.4749,8,1,0,still,0
794,90,1,0,-1,21,0,1,0,25,0,0,25,0,0,1,0,0,0,0,25,24,24,0.6430,13,0,0,hop,1
796,177,1,0,-1,22,0,1,0,30,0,0,30,0,0,3,0,0,0,0,30,27,27,0.3973,12,0,0,hop,1
800,114,1,1,30,17,0,1,0,16,0,1,10,6,0,0,0,5,5,4,21,16,20,0.3812,8,1,0,still,0
801,35,2,1,30,18,0,1,0,18,0,1,9,9,0,0,0,4,4,4,22,18,22,0.3905,7,1,0,still,0
802,4,2,0,-1,17,0,1,0,17,0,1,11,6,0,0,0,4,4,4,21,17,21,0.3555,7,1,0,start_jam,0
803,115,2,1,30,18,0,2,0,21,0,1,13,8,0,1,0,4,4,4,25,20,24,0.2966,9,1,0,still,0
803,154,2,0,-1,19,0,1,0,20,0,1,8,12,0,1,0,4,4,4,24,19,23,0.3440,9,1,0,start_jam,0
805,188,1,1,90,17,1,2,0,16,0,1,8,8,0,2,0,5,5,5,21,14,19,0.3528,9,1,0,still,0
806,73,2,0,-1,10,0,3,0,10,0,0,10,0,0,0,0,0,0,0,10,10,10,0.4079,9,0,0,pending,0
806,113,1,1,60,17,0,2,0,16,0,1,9,7,0,2,0,5,5,5,21,14,19,0.3230,7,1,0,still,0
806,128,1,1,90,20,0,2,1,26,0,1,20,6,0,4,0,0,0,0,26,22,22,0.3754,10,1,0,still,0
807,9,1,1,60,19,0,1,0,21,0,1,11,10,0,0,0,2,2,2,23,21,23,0.5161,9,1,0,still,0
807,73,2,0,-1,10,0,3,0,10,0,0,10,0,0,0,0,0,0,0,10,10,10,0.4078,9,0,0,hop,1
807,161,2,1,210,19,0,1,1,23,0,1,13,10,0,1,0,2,2,1,25,22,23,0.4284,10,1,0,still,0
808,23,2,1,240,20,1,2,0,26,0,1,26,0,0,0,1,0,0,0,26,27,27,0.5236,10,0,0,still,0
808,153,1,1,30,17,0,1,0,18,0,1,7,11,0,2,0,4,4,4,22,16,20,0.3771,9,1,0,still,0
808,169,1,1,90,18,0,3,0,17,0,1,12,5,0,0,1,2,2,2,19,18,20,0.7052,11,1,0,still,0
808,183,1,1,120,17,2,3,0,21,0,1,13,8,0,2,0,2,2,2,23,19,21,0.4892,11,1,0,still,0
808,189,1,1,90,15,0,2,0,19,0,1,10,9,0,3,0,5,5,4,24,16,20,0.3864,10,1,0,still,0
809,124,1,0,-1,2,1,5,0,2,0,0,2,0,0,0,0,0,0,0,2,2,2,0.0360,1,0,0,pending,0
810,47,2,1,60,19,1,3,0,18,0,1,11,7,0,0,2,2,2,2,20,20,22,0.6492,12,1,0,still,0
810,79,1,1,60,19,1,2,0,20,0,1,12,8,0,0,0,1,1,1,21,20,21,0.5945,10,1,0,still,0
810,85,1,1,180,19,0,2,0,26,0,1,25,1,0,0,1,0,0,0,26,27,27,0.5725,10,0,1,still,0
810,121,1,0,-1,1,0,1,1,0,0,0,0,0,0,0,0,0,0,0,0,0,0,0.0000,0,0,0,hop,1
810,124,1,0,-1,2,1,5,0,2,0,0,2,0,0,0,0,0,0,0,2,2,2,0.0360,1,0,0,hop,1
810,151,1,1,120,17,0,1,0,22,0,1,14,8,0,1,0,3,3,1,25,21,22,0.4538,11,1,0,still,0
811,5,2,1,90,17,1,2,0,19,0,1,12,7,0,0,0,3,3,3,22,19,22,0.3585,8,1,0,still,0
811,56,1,1,60,23,1,2,0,23,0,1,18,5,0,0,0,1,1,1,24,23,24,0.5379,11,1,0,still,0
811,101,3,0,-1,8,2,4,0,9,0,0,9,0,0,0,0,0,0,0,9,9,9,0.2963,8,0,0,pending,0
812,13,2,0,-1,18,2,3,0,17,0,1,9,8,0,0,2,2,2,2,19,19,21,0.5936,11,1,0,start_jam,0
812,57,1,1,90,21,1,2,0,26,0,1,23,3,0,0,0,0,0,0,26,26,26,0.5626,11,1,0,still,0
812,101,3,0,-1,8,2,4,0,9,0,0,9,0,0,0,0,0,0,0,9,9,9,0.2963,8,0,0,hop,1
813,84,1,1,30,21,0,2,0,24,0,1,22,2,0,0,0,0,0,0,24,24,24,0.5252,10,0,1,still,0
813,103,1,0,-1,6,0,4,0,7,0,0,7,0,0,0,0,0,0,0,7,7,7,0.2961,6,0,0,hop,1
814,117,3,1,30,19,0,1,0,23,0,1,12,11,0,0,0,3,3,3,26,23,26,0.3126,9,1,0,still,0
814,119,1,1,60,20,1,2,0,21,0,1,11,10,0,0,1,4,4,2,25,22,24,0.4122,9,1,0,still,0
815,83,1,1,150,22,0,2,0,22,0,1,18,4,0,0,0,0,0,0,22,22,22,0.5125,10,1,0,still,0
815,199,1,0,-1,18,0,2,0,22,0,1,10,12,0,2,0,2,2,2,24,20,22,0.3193,7,1,0,start_jam,0
816,50,1,1,240,19,1,2,0,20,0,1,11,9,0,0,0,1,1,1,21,20,21,0.6205,10,1,0,still,0
816,136,2,0,-1,12,0,5,0,14,0,0,14,0,0,1,0,0,0,0,14,13,13,0.5964,12,0,0,hop,1
817,3,2,1,90,16,0,1,0,14,0,1,8,6,0,0,0,5,5,5,19,14,19,0.3542,6,1,0,still,0
817,10,1,1,30,18,1,2,0,22,0,1,12,10,0,1,0,2,2,2,24,21,23,0.5420,9,1,0,still,0
817,15,1,1,60,17,3,7,0,20,0,1,11,9,0,0,0,2,2,2,22,20,22,0.6223,10,1,0,still,0
818,8,2,1,150,19,0,1,0,21,0,1,11,10,0,0,0,4,4,4,25,21,25,0.3858,9,1,0,still,0
818,40,1,0,-1,16,0,2,0,16,0,1,9,7,0,0,1,4,4,4,20,17,21,0.4330,8,1,0,start_jam,0
818,77,3,1,180,18,0,7,0,22,0,1,13,9,0,0,0,2,2,2,24,22,24,0.6041,13,1,0,still,0
818,127,1,1,30,20,0,1,0,27,0,1,19,8,0,4,0,1,1,1,28,23,24,0.4042,11,1,0,still,0
818,194,1,1,60,19,0,2,0,21,0,1,11,10,0,1,0,5,5,3,26,20,23,0.4344,11,1,0,still,0
818,195,1,1,60,18,0,1,0,18,0,1,6,12,0,2,0,4,4,4,22,16,20,0.4003,11,1,0,still,0
820,14,1,1,60,19,0,1,0,16,0,1,11,5,0,0,2,3,3,3,19,18,21,0.5910,10,1,0,still,0
820,28,2,0,-1,22,0,2,0,27,0,0,27,0,0,1,0,0,0,0,27,26,26,0.6638,14,0,0,hop,1
820,159,1,0,-1,14,1,2,0,16,0,1,8,8,0,0,0,1,1,1,17,16,17,0.2619,6,1,0,start_jam,0
821,100,1,0,-1,17,0,2,1,17,0,1,7,10,0,0,1,2,2,2,19,18,20,0.3337,6,1,0,start_jam,0
821,130,1,1,30,16,2,7,0,17,0,1,11,6,0,0,0,4,4,4,21,17,21,0.5838,9,1,0,still,0
822,19,3,1,30,21,0,2,0,25,0,1,19,6,0,0,0,1,1,1,26,25,26,0.5005,12,1,0,still,0
822,146,2,1,210,16,1,2,0,16,0,1,8,8,0,0,0,6,6,5,22,16,21,0.3496,9,1,0,still,0
824,1,2,1,120,18,0,2,0,18,0,1,6,12,0,0,0,4,4,4,22,18,22,0.3643,7,1,0,still,0
824,44,1,1,90,17,0,2,0,19,0,1,12,7,0,0,1,2,2,2,21,20,22,0.4749,8,1,0,still,0
830,114,1,1,60,16,0,1,0,13,0,1,7,6,0,0,0,6,6,5,19,13,18,0.3517,7,1,0,still,0
831,35,2,1,60,17,0,1,0,16,0,1,6,10,0,0,0,5,5,5,21,16,21,0.3902,7,1,0,still,0
832,4,2,1,30,16,0,1,0,15,0,1,8,7,0,0,0,5,5,5,20,15,20,0.3555,7,1,0,still,0
833,99,2,0,-1,11,1,3,0,11,0,0,11,0,0,0,0,0,0,0,11,11,11,0.5626,11,0,0,pending,0
833,115,2,1,60,16,0,2,0,18,0,1,10,8,0,0,0,6,6,5,24,18,23,0.3234,8,1,0,still,0
833,154,2,1,30,17,0,1,0,18,0,1,6,12,0,1,0,5,5,5,23,17,22,0.3439,9,1,0,still,0
834,99,2,0,-1,11,1,3,0,11,0,0,11,0,0,0,0,0,0,0,11,11,11,0.5624,11,0,0,hop,1
834,142,2,0,-1,17,6,7,0,19,0,1,13,6,0,1,0,5,5,5,24,18,23,0.5977,12,1,0,start_jam,0
835,188,1,1,120,16,1,3,0,14,0,1,7,7,0,2,0,7,7,7,21,12,19,0.4072,10,1,0,still,0
836,113,1,1,90,16,0,3,0,14,0,1,8,6,0,2,0,7,7,7,21,12,19,0.2643,6,1,0,still,0
836,128,1,1,120,20,0,2,1,26,0,1,20,6,0,4,0,0,0,0,26,22,22,0.3754,10,1,0,still,0
837,9,1,1,90,19,0,1,0,20,0,1,9,11,0,0,0,3,3,3,23,20,23,0.5161,9,1,0,still,0
837,161,2,1,240,19,0,1,1,20,0,1,13,7,0,1,0,5,5,4,25,19,23,0.3780,9,1,0,still,0
838,23,2,1,270,20,1,2,0,27,0,1,27,0,0,0,1,0,0,0,27,28,28,0.5256,10,0,0,still,0
838,153,1,1,60,18,2,3,0,16,0,1,6,10,0,2,0,6,6,6,22,14,20,0.3764,9,1,0,still,0
838,169,1,1,120,18,0,1,0,15,0,1,11,4,0,0,1,4,4,4,19,16,20,0.7052,11,1,0,still,0
838,183,1,1,150,17,1,2,0,19,0,1,11,8,0,2,0,4,4,4,23,17,21,0.4892,11,1,0,still,0
838,189,1,1,120,15,0,2,0,16,0,1,8,8,0,3,0,7,7,6,23,13,19,0.3867,10,1,0,still,0
840,47,2,1,90,19,0,2,0,17,0,1,11,6,0,0,2,4,4,4,21,19,23,0.6492,12,1,0,still,0
840,79,1,1,90,19,1,2,0,20,0,1,13,7,0,0,0,2,2,2,22,20,22,0.5945,10,1,0,still,0
840,85,1,1,210,19,0,2,0,26,0,1,25,1,0,0,1,0,0,0,26,27,27,0.5724,10,0,1,still,0
840,151,1,1,150,17,0,1,0,20,0,1,12,8,0,0,0,5,5,2,25,20,22,0.4531,11,1,0,still,0
841,5,2,1,120,17,1,2,0,18,0,1,10,8,0,0,0,4,4,4,22,18,22,0.3585,8,1,0,still,0
841,56,1,1,90,23,1,2,0,23,0,1,18,5,0,0,0,1,1,1,24,23,24,0.5400,11,1,0,still,0
842,13,2,1,30,18,1,2,0,17,0,1,10,7,0,0,1,4,4,4,21,18,22,0.5936,11,1,0,still,0
842,57,1,1,120,21,1,2,0,26,0,1,23,3,0,0,0,0,0,0,26,26,26,0.5648,11,1,0,still,0
843,84,1,1,60,21,0,2,0,24,0,1,22,2,0,0,0,0,0,0,24,24,24,0.5265,10,0,1,still,0
844,117,3,1,60,19,0,1,0,22,0,1,11,11,0,0,0,4,4,4,26,22,26,0.3106,9,1,0,still,0
844,119,1,1,90,20,1,2,0,19,0,1,10,9,0,0,1,6,6,4,25,20,24,0.4121,9,1,0,still,0
845,83,1,1,180,22,0,2,0,22,0,1,18,4,0,0,0,0,0,0,22,22,22,0.5125,10,1,0,still,0
845,199,1,1,30,18,0,2,0,21,0,1,8,13,0,2,0,3,3,3,24,19,22,0.3192,7,1,0,still,0
846,50,1,1,270,19,1,2,0,18,0,1,11,7,0,0,1,3,3,3,21,19,22,0.6204,10,1,0,still,0
847,3,2,1,120,16,0,1,0,13,0,1,7,6,0,0,0,6,6,6,19,13,19,0.3542,6,1,0,still,0
847,10,1,1,60,18,1,2,0,19,0,1,11,8,0,1,0,5,5,5,24,18,23,0.5420,9,1,0,still,0
847,15,1,1,90,17,3,7,0,17,0,1,11,6,0,0,0,5,5,5,22,17,22,0.6215,10,1,0,still,0
848,8,2,1,180,19,0,1,0,19,0,1,10,9,0,0,0,6,6,6,25,19,25,0.3858,9,1,0,still,0
848,40,1,1,30,16,0,2,0,16,0,1,9,7,0,0,1,4,4,4,20,17,21,0.4331,8,1,0,still,0
848,77,3,1,210,18,0,7,0,20,0,1,13,7,0,0,0,4,4,4,24,20,24,0.6041,13,1,0,still,0
848,127,1,1,60,20,0,1,0,26,0,1,19,7,0,3,0,2,2,1,28,23,24,0.4042,11,1,0,still,0
848,194,1,1,90,19,0,2,0,19,0,1,11,8,0,1,0,8,8,6,27,18,24,0.4344,11,1,0,still,0
848,195,1,1,90,18,0,1,0,16,0,1,6,10,0,2,0,6,6,6,22,14,20,0.3999,11,1,0,still,0
850,14,1,1,90,19,0,1,0,15,0,1,11,4,0,0,2,5,5,5,20,17,22,0.5910,10,1,0,still,0
850,159,1,1,30,14,1,2,0,15,0,1,7,8,0,0,0,2,2,2,17,15,17,0.2618,6,1,0,still,0
851,100,1,1,30,17,0,2,1,17,0,1,8,9,0,0,0,3,3,3,20,17,20,0.3326,6,1,0,still,0
851,130,1,1,60,16,2,7,0,17,0,1,11,6,0,0,0,4,4,4,21,17,21,0.5851,9,1,0,still,0
852,19,3,1,60,21,0,2,0,25,0,1,19,6,0,0,0,1,1,1,26,25,26,0.5016,12,1,0,still,0
852,87,1,0,-1,22,0,1,0,26,0,0,26,0,0,0,1,0,0,0,26,27,27,0.5989,11,0,0,hop,1
852,146,2,1,240,16,1,2,0,14,0,1,8,6,0,0,0,8,8,7,22,14,21,0.3497,9,1,0,still,0
854,1,2,1,150,18,0,2,0,16,0,1,6,10,0,0,0,6,6,6,22,16,22,0.3625,7,1,0,still,0
854,44,1,1,120,17,0,2,0,17,0,1,11,6,0,0,1,4,4,4,21,18,22,0.4749,8,1,0,still,0
858,118,3,0,-1,18,0,1,0,19,0,1,11,8,0,0,0,7,7,7,26,19,26,0.4250,12,1,0,start_jam,0
860,114,1,1,90,16,0,1,0,11,0,1,6,5,0,0,0,8,8,7,19,11,18,0.3517,7,1,0,still,0
861,35,2,1,90,17,0,1,0,14,0,1,6,8,0,0,0,7,7,7,21,14,21,0.3897,7,1,0,still,0
862,4,2,1,60,16,0,1,0,14,0,1,7,7,0,0,0,6,6,6,20,14,20,0.3555,7,1,0,still,0
862,33,3,0,-1,14,3,5,0,16,0,0,16,0,0,0,0,0,0,0,16,16,16,0.5984,12,0,0,hop,1
862,170,2,0,-1,18,5,7,0,17,0,1,11,6,0,0,1,6,6,6,23,18,24,0.5726,11,1,0,start_jam,0
863,86,1,0,-1,22,0,2,0,25,0,0,25,0,0,0,1,0,0,0,25,26,26,0.5751,10,0,0,hop,1
863,115,2,1,90,16,0,2,0,17,0,1,9,8,0,0,0,7,7,6,24,17,23,0.3502,9,1,0,still,0
863,154,2,1,60,17,0,1,0,17,0,1,6,11,0,1,0,6,6,6,23,16,22,0.3439,9,1,0,still,0
864,142,2,1,30,17,6,7,0,18,0,1,12,6,0,1,0,6,6,6,24,17,23,0.5988,12,1,0,still,0
865,188,1,1,150,16,1,2,0,13,0,1,6,7,0,2,0,8,8,8,21,11,19,0.4342,11,1,0,still,0
866,108,1,0,-1,16,0,2,0,20,0,0,20,0,0,1,1,0,0,0,20,20,20,0.6882,11,0,0,hop,1
866,113,1,1,120,16,0,2,0,13,0,1,7,6,0,2,0,8,8,8,21,11,19,0.2643,6,1,0,still,0
866,128,1,1,150,20,0,2,0,27,0,1,21,6,0,4,0,0,0,0,27,23,23,0.3754,10,1,0,still,0
867,9,1,1,120,19,1,2,0,18,0,1,8,10,0,0,0,5,5,5,23,18,23,0.5161,9,1,0,still,0
867,161,2,1,270,20,0,1,0,21,0,1,14,7,0,1,0,5,5,5,26,20,25,0.3780,9,1,0,still,0
868,23,2,1,300,19,1,2,0,27,0,1,27,0,0,0,1,0,0,0,27,28,28,0.5268,10,0,0,end_cap,1
868,29,2,0,-1,20,0,1,0,25,0,0,25,0,0,0,0,0,0,0,25,25,25,0.5836,13,0,0,hop,1
868,153,1,1,90,18,0,1,0,15,0,1,6,9,0,2,0,6,6,6,21,13,19,0.3765,9,1,0,still,0
868,169,1,1,150,18,0,1,0,14,0,1,10,4,0,0,1,5,5,5,19,15,20,0.7057,11,1,0,still,0
868,183,1,1,180,18,1,2,0,19,0,1,11,8,0,2,0,5,5,5,24,17,22,0.4892,11,1,0,still,0
868,189,1,1,150,15,0,2,0,15,0,1,7,8,0,3,0,8,8,7,23,12,19,0.3869,10,1,0,still,0
869,66,1,0,-1,18,0,1,0,22,0,0,22,0,0,0,0,0,0,0,22,22,22,0.6431,10,0,0,pending,0
870,47,2,1,120,19,0,2,0,16,0,1,10,6,0,0,2,5,5,5,21,18,23,0.6492,12,1,0,still,0
870,66,1,0,-1,18,0,1,0,22,0,0,22,0,0,0,0,0,0,0,22,22,22,0.6435,10,0,0,hop,1
870,79,1,1,120,19,1,2,0,20,0,1,14,6,0,0,0,2,2,2,22,20,22,0.5945,10,1,0,still,0
870,85,1,1,240,19,0,2,0,25,0,0,25,0,0,0,2,0,0,0,25,27,27,0.5704,10,0,0,end_clear,1
870,151,1,1,180,17,0,1,0,18,0,1,11,7,0,0,0,7,7,4,25,18,22,0.4532,11,1,0,still,0
871,5,2,1,150,17,1,2,0,17,0,1,9,8,0,0,0,5,5,5,22,17,22,0.3585,8,1,0,still,0
871,56,1,1,120,23,1,2,0,23,0,1,20,3,0,0,0,1,1,1,24,23,24,0.5411,11,1,0,still,0
871,91,1,0,-1,21,2,3,0,24,0,0,24,0,0,0,0,0,0,0,24,24,24,0.6456,13,0,0,hop,1
872,13,2,1,60,18,1,2,0,16,0,1,9,7,0,0,1,5,5,5,21,17,22,0.5936,11,1,0,still,0
872,57,1,1,150,21,1,2,0,26,0,1,25,1,0,0,0,0,0,0,26,26,26,0.5669,11,0,1,still,0
873,6,2,0,-1,17,0,1,0,19,0,1,9,10,0,0,0,4,4,4,23,19,23,0.3882,8,1,0,start_jam,0
873,84,1,1,90,21,0,2,0,24,0,0,24,0,0,0,0,0,0,0,24,24,24,0.5300,10,0,0,end_clear,1
873,89,1,0,-1,23,1,2,0,25,0,0,25,0,0,0,1,0,0,0,25,26,26,0.6791,13,0,0,pending,0
874,89,1,0,-1,23,1,2,0,25,0,0,25,0,0,0,1,0,0,0,25,26,26,0.6792,13,0,0,hop,1
874,117,3,1,90,19,0,1,0,20,0,1,9,11,0,0,0,6,6,6,26,20,26,0.3107,9,1,0,still,0
874,119,1,1,120,19,1,2,0,18,0,1,10,8,0,0,1,8,8,5,26,19,24,0.4416,10,1,0,still,0
875,83,1,1,210,22,0,2,0,23,0,1,22,1,0,0,0,0,0,0,23,23,23,0.5124,10,0,1,still,0
875,199,1,1,60,18,0,2,0,19,0,1,7,12,0,2,0,5,5,5,24,17,22,0.3191,7,1,0,still,0
876,50,1,1,300,19,1,2,0,18,0,1,14,4,0,0,1,3,3,3,21,19,22,0.6204,10,1,0,end_cap,0
876,111,1,0,-1,3,2,5,0,3,0,0,3,0,0,0,0,0,0,0,3,3,3,0.0719,2,0,0,pending,0
877,3,2,1,150,16,0,1,0,11,0,1,5,6,0,0,0,8,8,8,19,11,19,0.3542,6,1,0,still,0
877,10,1,1,90,20,0,2,0,22,0,1,11,11,0,0,0,3,3,3,25,22,25,0.5420,9,1,0,still,0
877,15,1,1,120,17,3,7,0,17,0,1,12,5,0,0,0,4,4,4,21,17,21,0.6215,10,1,0,still,0
877,75,1,0,-1,4,4,5,0,5,0,0,5,0,0,0,0,0,0,0,5,5,5,0.2163,4,0,0,pending,0
877,111,1,0,-1,3,2,5,0,3,0,0,3,0,0,0,0,0,0,0,3,3,3,0.0718,2,0,0,hop,1
878,8,2,1,210,19,0,1,0,20,0,1,8,12,0,0,0,5,5,5,25,20,25,0.3858,9,1,0,still,0
878,40,1,1,60,16,0,2,0,16,0,1,7,9,0,0,1,4,4,4,20,17,21,0.4331,8,1,0,still,0
878,75,1,0,-1,4,4,5,0,5,0,0,5,0,0,0,0,0,0,0,5,5,5,0.2164,4,0,0,hop,1
878,77,3,1,240,18,0,7,0,23,0,1,19,4,0,0,0,3,3,3,26,23,26,0.6042,13,1,0,still,0
878,127,1,1,90,20,0,1,0,26,0,1,22,4,0,3,0,2,2,1,28,23,24,0.3773,10,1,0,still,0
878,194,1,1,120,18,0,2,0,21,0,1,11,10,0,1,0,6,6,3,27,20,23,0.4345,11,1,0,still,0
878,195,1,1,120,18,0,1,0,15,0,1,5,10,0,2,0,7,7,7,22,13,20,0.4003,11,1,0,still,0
880,14,1,1,120,19,0,1,0,16,0,1,11,5,0,0,2,4,4,4,20,18,22,0.5910,10,1,0,still,0
880,159,1,1,60,14,1,2,0,15,0,1,7,8,0,0,0,2,2,2,17,15,17,0.2618,6,1,0,still,0
881,17,3,0,-1,19,0,2,0,23,0,1,19,4,0,0,0,2,2,2,25,23,25,0.5311,12,1,0,start_jam,0
881,100,1,1,60,17,1,2,0,16,0,1,8,8,0,0,0,4,4,4,20,16,20,0.3326,6,1,0,still,0
881,130,1,1,90,16,2,7,0,18,0,1,12,6,0,0,0,3,3,3,21,18,21,0.5851,9,1,0,still,0
882,19,3,1,90,21,0,2,0,24,0,1,21,3,0,0,0,1,1,1,25,24,25,0.5028,12,1,0,still,0
882,146,2,1,270,16,1,2,0,14,0,1,6,8,0,0,0,8,8,7,22,14,21,0.3498,9,1,0,still,0
884,1,2,1,180,18,0,2,0,15,0,1,5,10,0,0,0,7,7,7,22,15,22,0.3606,7,1,0,still,0
884,44,1,1,150,17,0,1,0,19,0,1,11,8,0,0,1,2,2,2,21,20,22,0.4749,8,1,0,still,0
884,71,2,0,-1,12,2,3,0,13,0,0,13,0,0,1,0,0,0,0,13,12,12,0.5016,10,0,0,hop,1
888,7,2,0,-1,18,0,1,0,19,0,1,8,11,0,0,0,6,6,6,25,19,25,0.3906,8,1,0,start_jam,0
888,68,2,0,-1,17,1,2,0,16,0,1,4,12,0,0,0,5,5,5,21,16,21,0.2973,5,1,0,start_jam,0
888,118,3,1,30,18,0,1,0,21,0,1,11,10,0,0,0,5,5,5,26,21,26,0.4250,12,1,0,still,0
888,133,2,0,-1,14,0,1,0,19,0,0,19,0,0,1,0,0,0,0,19,18,18,0.6687,12,0,0,pending,0
889,133,2,0,-1,14,0,1,0,19,0,0,19,0,0,1,0,0,0,0,19,18,18,0.6688,12,0,0,hop,1
890,114,1,1,120,16,0,1,0,11,0,1,4,7,0,0,0,8,8,7,19,11,18,0.3517,7,1,0,still,0
891,35,2,1,120,17,0,1,0,13,0,1,4,9,0,0,0,8,8,8,21,13,21,0.3892,7,1,0,still,0
892,4,2,1,90,16,0,1,0,14,0,1,5,9,0,0,0,6,6,6,20,14,20,0.3555,7,1,0,still,0
892,170,2,1,30,18,5,7,0,18,0,1,12,6,0,0,1,5,5,5,23,19,24,0.5725,11,1,0,still,0
893,115,2,1,120,16,0,2,0,17,0,1,7,10,0,0,0,7,7,6,24,17,23,0.3503,9,1,0,still,0
893,139,1,0,-1,18,0,2,0,18,0,1,9,9,0,1,0,6,6,4,24,17,21,0.5597,12,1,0,start_jam,0
893,154,2,1,90,17,0,1,0,16,0,1,4,12,0,1,0,7,7,7,23,15,22,0.3438,9,1,0,still,0
894,142,2,1,60,17,6,7,0,19,0,1,12,7,0,1,0,5,5,5,24,18,23,0.5988,12,1,0,still,0
895,132,1,0,-1,19,1,2,0,23,0,0,23,0,0,0,1,0,0,0,23,24,24,0.6512,12,0,0,pending,0
895,188,1,1,180,16,1,2,0,12,0,1,4,8,0,2,0,9,9,9,21,10,19,0.4340,11,1,0,still,0
896,26,3,0,-1,21,0,1,0,28,0,0,28,0,0,0,0,0,0,0,28,28,28,0.6202,15,0,0,pending,0
896,113,1,1,150,16,0,2,0,12,0,1,5,7,0,2,0,9,9,9,21,10,19,0.2642,6,1,0,still,0
896,128,1,1,180,21,0,1,0,27,0,1,24,3,0,3,0,0,0,0,27,24,24,0.3754,10,0,0,still,0
896,132,1,0,-1,19,1,2,0,23,0,0,23,0,0,0,1,0,0,0,23,24,24,0.6512,12,0,0,hop,1
897,9,1,1,150,19,1,2,0,19,0,1,7,12,0,0,0,4,4,4,23,19,23,0.5161,9,1,0,still,0
897,26,3,0,-1,21,0,1,0,28,0,0,28,0,0,0,0,0,0,0,28,28,28,0.6201,15,0,0,hop,1
897,161,2,1,300,20,0,1,0,24,0,1,17,7,0,1,0,2,2,2,26,23,25,0.3780,9,1,0,end_cap,1
898,153,1,1,120,18,0,1,0,14,0,1,4,10,0,2,0,7,7,7,21,12,19,0.3767,9,1,0,still,0
898,169,1,1,180,18,0,1,0,17,0,1,11,6,0,0,1,2,2,2,19,18,20,0.7057,11,1,0,still,0
898,183,1,1,210,18,1,2,0,22,0,1,12,10,0,2,0,2,2,2,24,20,22,0.4892,11,1,0,still,0
898,189,1,1,180,15,0,2,0,14,0,1,5,9,0,3,0,9,9,8,23,11,19,0.3868,10,1,0,still,0
900,47,2,1,150,19,0,2,0,19,0,1,11,8,0,0,2,2,2,2,21,21,23,0.6492,12,1,0,still,0
900,79,1,1,150,19,1,2,0,20,0,1,15,5,0,0,1,2,2,2,22,21,23,0.5946,10,1,0,still,0
900,151,1,1,210,18,0,1,0,20,0,1,10,10,0,0,0,5,5,2,25,20,22,0.4532,11,1,0,still,0
901,5,2,1,180,17,1,2,0,17,0,1,6,11,0,0,0,5,5,5,22,17,22,0.3585,8,1,0,still,0
901,56,1,1,150,23,0,1,0,23,0,1,21,2,0,0,0,1,1,1,24,23,24,0.5446,11,0,1,still,0
902,13,2,1,90,18,1,2,0,19,0,1,10,9,0,0,1,2,2,2,21,20,22,0.5936,11,1,0,still,0
902,57,1,1,180,21,1,2,0,26,0,0,26,0,0,0,0,0,0,0,26,26,26,0.5718,11,0,0,end_clear,1
902,182,1,0,-1,19,1,2,0,20,0,1,9,11,0,1,0,4,4,2,24,19,21,0.4890,12,1,0,start_jam,0
903,6,2,1,30,17,0,1,0,20,0,1,6,14,0,0,0,4,4,4,24,20,24,0.3882,8,1,0,still,0
903,179,1,0,-1,1,0,5,1,1,0,0,1,0,0,0,0,0,0,0,1,1,1,0.0664,1,0,0,pending,0
904,117,3,1,120,19,0,1,0,20,0,1,6,14,0,0,0,6,6,6,26,20,26,0.3118,9,1,0,still,0
904,119,1,1,150,19,1,2,0,20,0,1,9,11,0,0,1,6,6,3,26,21,24,0.4416,10,1,0,still,0
904,179,1,0,-1,1,0,5,1,1,0,0,1,0,0,0,0,0,0,0,1,1,1,0.0664,1,0,0,hop,1
905,83,1,1,240,21,0,1,0,23,0,1,23,0,0,0,0,0,0,0,23,23,23,0.5111,10,0,0,still,0
905,199,1,1,90,18,0,2,0,18,0,1,6,12,0,1,0,6,6,5,24,17,22,0.3190,7,1,0,still,0
907,3,2,1,180,16,0,1,0,11,0,1,4,7,0,0,0,8,8,8,19,11,19,0.3542,6,1,0,still,0
907,10,1,1,120,20,0,2,0,22,0,1,9,13,0,0,0,3,3,3,25,22,25,0.5420,9,1,0,still,0
907,15,1,1,150,17,3,7,0,19,0,1,13,6,0,0,0,2,2,2,21,19,21,0.6215,10,1,0,still,0
907,76,3,0,-1,17,4,7,0,21,0,1,13,8,0,0,0,3,3,3,24,21,24,0.5953,12,1,0,start_jam,0
908,8,2,1,240,19,0,1,0,20,0,1,5,15,0,0,0,5,5,5,25,20,25,0.3858,9,1,0,still,0
908,40,1,1,90,16,0,2,0,16,0,1,4,12,0,0,1,4,4,4,20,17,21,0.4331,8,1,0,still,0
908,77,3,1,270,18,0,7,0,24,0,1,19,5,0,0,0,2,2,2,26,24,26,0.6046,13,1,0,still,0
908,127,1,1,120,20,0,1,0,27,0,1,22,5,0,4,0,1,1,1,28,23,24,0.4042,11,1,0,still,0
908,194,1,1,150,18,0,2,0,21,0,1,8,13,0,1,0,5,5,3,26,20,23,0.4345,11,1,0,still,0
908,195,1,1,150,18,0,1,0,15,0,1,4,11,0,2,0,7,7,7,22,13,20,0.4005,11,1,0,still,0
910,14,1,1,150,19,0,1,0,18,0,1,10,8,0,0,2,2,2,2,20,20,22,0.5910,10,1,0,still,0
910,107,2,0,-1,16,0,1,0,22,0,0,22,0,0,1,1,0,0,0,22,22,22,0.6078,12,0,0,hop,1
910,159,1,1,90,14,1,2,0,14,0,1,6,8,0,0,0,3,3,3,17,14,17,0.2909,7,1,0,still,0
911,17,3,1,30,19,0,2,0,23,0,1,20,3,0,0,0,2,2,2,25,23,25,0.5318,12,1,0,still,0
911,100,1,1,90,17,1,2,0,16,0,1,7,9,0,0,0,4,4,4,20,16,20,0.3326,6,1,0,still,0
911,130,1,1,120,16,2,7,0,20,0,1,14,6,0,0,0,1,1,1,21,20,21,0.5851,9,1,0,still,0
912,19,3,1,120,21,0,2,0,25,0,1,23,2,0,0,0,1,1,1,26,25,26,0.5041,12,1,0,still,0
912,146,2,1,300,16,1,2,0,14,0,1,4,10,0,0,0,8,8,7,22,14,21,0.3498,9,1,0,end_cap,1
913,65,1,0,-1,17,0,2,0,24,0,0,24,0,0,2,0,0,0,0,24,22,22,0.6416,11,0,0,pending,0
914,1,2,1,210,18,0,2,0,15,0,1,5,10,0,0,0,7,7,7,22,15,22,0.3599,7,1,0,still,0
914,31,2,0,-1,21,0,2,0,25,0,0,25,0,0,0,1,0,0,0,25,26,26,0.6596,13,0,0,hop,1
914,44,1,1,180,17,0,1,0,19,0,1,8,11,0,0,1,2,2,2,21,20,22,0.4749,8,1,0,still,0
914,65,1,0,-1,17,0,2,0,24,0,0,24,0,0,2,0,0,0,0,24,22,22,0.6418,11,0,0,hop,1
914,102,2,0,-1,0,0,1,1,0,0,0,0,0,0,0,0,0,0,0,0,0,0,0.0000,0,0,0,hop,1
914,103,1,0,-1,6,0,4,0,7,0,0,7,0,0,0,0,0,0,0,7,7,7,0.2562,5,0,0,hop,1
915,152,1,0,-1,6,0,1,0,7,0,0,7,0,0,0,0,0,0,0,7,7,7,0.2815,6,0,0,hop,1
918,7,2,1,30,18,0,1,0,19,0,1,5,14,0,0,0,6,6,6,25,19,25,0.3906,8,1,0,still,0
918,68,2,1,30,17,1,2,0,14,0,1,5,9,0,0,0,7,7,7,21,14,21,0.2973,5,1,0,still,0
918,92,1,0,-1,18,1,2,0,22,0,0,22,0,0,0,1,0,0,0,22,23,23,0.6976,11,0,0,pending,0
918,118,3,1,60,20,0,1,0,21,0,1,8,13,0,0,0,5,5,5,26,21,26,0.4250,12,1,0,still,0
919,92,1,0,-1,18,1,2,0,22,0,0,22,0,0,0,1,0,0,0,22,23,23,0.6968,11,0,0,hop,1
920,114,1,1,150,16,0,1,0,9,0,1,4,5,0,0,0,10,10,9,19,9,18,0.3517,7,1,0,still,0
921,35,2,1,150,17,0,1,0,11,0,1,5,6,0,0,0,10,10,10,21,11,21,0.3890,7,1,0,still,0
922,4,2,1,120,16,0,1,0,12,0,1,4,8,0,0,0,8,8,8,20,12,20,0.3555,7,1,0,still,0
922,170,2,1,60,18,5,7,0,18,0,1,14,4,0,0,1,5,5,5,23,19,24,0.5725,11,1,0,still,0
923,115,2,1,150,16,0,2,0,15,0,1,5,10,0,0,0,9,9,8,24,15,23,0.3501,9,1,0,still,0
923,139,1,1,30,18,0,2,0,20,0,1,9,11,0,1,0,4,4,2,24,19,21,0.5597,12,1,0,still,0
923,154,2,1,120,17,0,1,0,12,0,1,5,7,0,0,0,11,11,10,23,12,22,0.3437,9,1,0,still,0
923,174,1,0,-1,15,0,1,0,23,0,0,23,0,0,3,0,0,0,0,23,20,20,0.6830,12,0,0,hop,1
924,142,2,1,90,17,6,7,0,19,0,1,12,7,0,1,0,5,5,5,24,18,23,0.5988,12,1,0,still,0
925,188,1,1,210,16,1,2,0,9,0,1,5,4,0,1,0,12,12,11,21,8,19,0.4336,11,1,0,still,0
926,113,1,1,180,16,0,2,0,9,0,1,6,3,0,1,0,12,12,11,21,8,19,0.2641,6,1,0,still,0
926,128,1,1,210,21,0,1,0,25,0,1,25,0,0,2,0,2,2,1,27,23,24,0.3754,10,0,0,still,0
927,9,1,1,180,19,1,2,0,19,0,1,5,14,0,0,0,4,4,4,23,19,23,0.5161,9,1,0,still,0
928,55,2,0,-1,21,0,1,0,23,0,1,23,0,0,0,0,2,2,2,25,23,25,0.5125,12,0,1,start_jam,0
928,153,1,1,150,18,0,1,0,10,0,1,5,5,0,0,0,11,11,9,21,10,19,0.3770,9,1,0,still,0
928,169,1,1,210,18,0,1,0,17,0,1,10,7,0,0,1,2,2,2,19,18,20,0.7058,11,1,0,still,0
928,183,1,1,240,18,1,2,0,22,0,1,11,11,0,2,0,2,2,2,24,20,22,0.4892,11,1,0,still,0
928,189,1,1,210,15,0,2,0,12,0,1,7,5,0,2,0,11,11,10,23,10,20,0.3617,9,1,0,still,0
929,49,2,0,-1,19,1,7,0,19,0,1,15,4,0,0,1,4,4,4,23,20,24,0.5586,10,1,0,start_jam,0
930,47,2,1,180,19,0,2,0,19,0,1,9,10,0,0,2,2,2,2,21,21,23,0.6492,12,1,0,still,0
930,79,1,1,180,19,1,2,0,18,0,1,15,3,0,0,1,4,4,4,22,19,23,0.5954,10,1,0,still,0
930,151,1,1,240,18,0,1,0,20,0,1,7,13,0,0,0,5,5,2,25,20,22,0.4532,11,1,0,still,0
931,5,2,1,210,16,1,2,0,15,0,1,5,10,0,0,0,7,7,7,22,15,22,0.3585,8,1,0,still,0
931,56,1,1,180,22,0,1,0,23,0,1,23,0,0,0,0,2,2,2,25,23,25,0.5455,11,0,1,still,0
931,158,1,0,-1,18,1,2,0,13,0,1,5,8,0,1,0,9,9,8,22,12,20,0.2589,5,1,0,start_jam,0
932,13,2,1,120,18,1,2,0,19,0,1,8,11,0,0,1,2,2,2,21,20,22,0.5936,11,1,0,still,0
932,16,1,0,-1,19,0,2,0,19,0,1,15,4,0,0,0,4,4,4,23,19,23,0.5904,9,1,0,start_jam,0
932,182,1,1,30,19,1,2,0,21,0,1,7,14,0,1,0,4,4,2,25,20,22,0.4890,12,1,0,still,0
933,6,2,1,60,17,0,1,0,19,0,1,5,14,0,0,0,5,5,5,24,19,24,0.3882,8,1,0,still,0
934,117,3,1,150,19,0,1,0,20,0,1,5,15,0,0,0,7,7,7,27,20,27,0.3126,9,1,0,still,0
934,119,1,1,180,19,1,2,0,20,0,1,6,14,0,0,1,5,5,3,25,21,24,0.4416,10,1,0,still,0
935,83,1,1,270,21,0,1,0,23,0,1,23,0,0,0,0,0,0,0,23,23,23,0.5120,10,0,0,still,0
935,172,1,0,-1,21,0,1,0,32,1,0,32,0,0,4,0,0,0,0,32,28,28,0.3458,9,0,0,start_crowd,0
935,199,1,1,120,18,0,2,0,15,0,1,6,9,0,1,0,9,9,8,24,14,22,0.3190,7,1,0,still,0
936,168,1,0,-1,20,0,1,0,27,0,1,25,2,0,3,0,2,2,0,29,24,24,0.3741,10,0,0,start_jam,0
936,181,1,0,-1,21,0,1,1,27,0,0,27,0,0,2,0,0,0,0,27,25,25,0.4998,13,0,0,pending,0
937,3,2,1,210,16,0,1,0,10,0,1,5,5,0,0,0,9,9,9,19,10,19,0.3542,6,1,0,still,0
937,10,1,1,150,20,0,2,0,21,0,1,5,16,0,0,0,3,3,3,24,21,24,0.5420,9,1,0,still,0
937,15,1,1,180,17,3,7,0,17,0,1,10,7,0,0,0,4,4,4,21,17,21,0.6215,10,1,0,still,0
937,76,3,1,30,17,4,7,0,20,0,1,11,9,0,0,0,5,5,5,25,20,25,0.5953,12,1,0,still,0
937,181,1,0,-1,21,0,1,1,27,0,0,27,0,0,2,0,0,0,0,27,25,25,0.4998,13,0,0,hop,1
938,8,2,1,270,19,0,1,0,20,0,1,4,16,0,0,0,5,5,5,25,20,25,0.3858,9,1,0,still,0
938,40,1,1,120,16,0,2,0,14,0,1,4,10,0,0,1,6,6,6,20,15,21,0.4331,8,1,0,still,0
938,73,2,0,-1,10,0,3,0,10,0,0,10,0,0,0,0,0,0,0,10,10,10,0.3808,8,0,0,hop,1
938,77,3,1,300,18,0,7,0,22,0,1,16,6,0,0,0,4,4,4,26,22,26,0.6049,13,1,0,end_cap,1
938,97,3,0,-1,3,2,5,0,4,0,0,4,0,0,0,0,0,0,0,4,4,4,0.0884,3,0,0,hop,1
938,127,1,1,150,20,0,1,0,25,0,1,19,6,0,4,0,3,3,3,28,21,24,0.4042,11,1,0,still,0
938,194,1,1,180,18,0,2,0,21,0,1,7,14,0,1,0,5,5,3,26,20,23,0.4345,11,1,0,still,0
938,195,1,1,180,17,0,1,0,12,0,1,5,7,0,0,0,10,10,8,22,12,20,0.4010,11,1,0,still,0
940,14,1,1,180,19,0,1,0,20,0,1,9,11,0,0,2,0,0,0,20,22,22,0.4802,9,1,0,still,0
940,159,1,1,120,14,1,2,0,10,0,1,5,5,0,0,0,7,7,7,17,10,17,0.2909,7,1,0,still,0
941,17,3,1,60,19,0,2,0,22,0,1,18,4,0,0,0,4,4,4,26,22,26,0.5333,12,1,0,still,0
941,100,1,1,120,17,1,2,0,13,0,1,6,7,0,0,0,7,7,7,20,13,20,0.3326,6,1,0,still,0
941,130,1,1,150,16,1,6,0,18,0,1,12,6,0,0,0,3,3,3,21,18,21,0.5851,9,1,0,still,0
942,19,3,1,150,21,0,2,0,23,0,1,20,3,0,0,0,3,3,3,26,23,26,0.5056,12,1,0,still,0
943,99,2,0,-1,10,1,3,0,11,0,0,11,0,0,0,0,0,0,0,11,11,11,0.5297,10,0,0,hop,1
944,1,2,1,240,18,0,2,0,13,0,1,5,8,0,0,0,9,9,9,22,13,22,0.3597,7,1,0,still,0
944,44,1,1,210,17,0,1,0,21,0,1,7,14,0,0,1,0,0,0,21,22,22,0.4749,8,1,0,still,0
944,124,1,0,-1,1,0,2,1,1,0,0,1,0,0,0,0,0,0,0,1,1,1,0.0369,1,0,0,hop,1
946,87,1,0,-1,22,0,2,0,27,0,0,27,0,0,0,0,0,0,0,27,27,27,0.5985,11,0,0,pending,0
947,34,1,0,-1,7,0,3,0,8,0,0,8,0,0,1,0,0,0,0,8,7,7,0.3615,7,0,0,hop,1
947,87,1,0,-1,22,0,2,0,26,0,0,26,0,0,0,0,0,0,0,26,26,26,0.5985,11,0,0,hop,1
948,7,2,1,60,19,0,1,0,21,0,1,5,16,0,0,0,4,4,4,25,21,25,0.3906,8,1,0,still,0
948,28,2,0,-1,22,0,2,0,27,0,0,27,0,0,1,0,0,0,0,27,26,26,0.7026,15,0,0,hop,1
948,68,2,1,60,18,1,2,0,13,0,1,4,9,0,0,0,8,8,8,21,13,21,0.3246,6,1,0,still,0
948,118,3,1,90,20,0,1,0,23,0,1,7,16,0,0,0,3,3,3,26,23,26,0.4250,12,1,0,still,0
950,114,1,1,180,14,0,1,0,8,0,1,4,4,0,0,0,10,10,9,18,8,17,0.3517,7,1,0,still,0
951,35,2,1,180,17,0,1,0,12,0,1,5,7,0,0,0,9,9,9,21,12,21,0.3894,7,1,0,still,0
951,67,2,0,-1,15,4,5,0,17,0,0,17,0,0,0,1,0,0,0,17,18,18,0.5897,10,0,0,pending,0
951,177,1,0,-1,22,0,1,0,30,0,0,30,0,0,3,0,0,0,0,30,27,27,0.3970,12,0,0,hop,1
952,4,2,1,150,16,0,1,0,12,0,1,4,8,0,0,0,8,8,8,20,12,20,0.3555,7,1,0,still,0
952,67,2,0,-1,15,4,5,0,17,0,0,17,0,0,0,1,0,0,0,17,18,18,0.5897,10,0,0,hop,1
952,145,1,0,-1,15,1,2,0,11,0,1,6,5,0,1,0,10,10,9,21,10,19,0.3941,8,1,0,start_jam,0
952,170,2,1,90,18,4,6,0,19,0,1,12,7,0,0,1,4,4,4,23,20,24,0.5723,11,1,0,still,0
953,115,2,1,180,16,0,2,0,15,0,1,5,10,0,0,0,9,9,8,24,15,23,0.3503,9,1,0,still,0
953,138,1,0,-1,21,0,1,0,28,0,0,28,0,0,3,0,0,0,0,28,25,25,0.4484,13,0,0,pending,0
953,139,1,1,60,18,0,2,0,21,0,1,8,13,0,1,0,3,3,1,24,20,21,0.5597,12,1,0,still,0
953,154,2,1,150,17,0,1,0,15,0,1,4,11,0,1,0,8,8,8,23,14,22,0.3436,9,1,0,still,0
954,110,1,0,-1,12,1,5,0,14,0,0,14,0,0,0,0,0,0,0,14,14,14,0.6216,10,0,0,hop,1
954,138,1,0,-1,21,0,1,0,28,0,0,28,0,0,3,0,0,0,0,28,25,25,0.3957,12,0,0,hop,1
954,142,2,1,120,17,5,6,0,20,0,1,10,10,0,1,0,4,4,4,24,19,23,0.5983,12,1,0,still,0
955,188,1,1,240,16,1,2,0,11,0,1,4,7,0,2,0,10,10,10,21,9,19,0.4336,11,1,0,still,0
956,113,1,1,210,16,0,2,0,11,0,1,5,6,0,2,0,10,10,10,21,9,19,0.2640,6,1,0,still,0
956,128,1,1,240,21,0,1,0,25,0,1,22,3,0,2,0,2,2,1,27,23,24,0.3486,9,0,1,still,0
957,9,1,1,210,19,1,2,0,21,0,1,5,16,0,0,0,2,2,2,23,21,23,0.5161,9,1,0,still,0
958,55,2,1,30,21,0,1,0,23,0,1,21,2,0,0,0,2,2,2,25,23,25,0.4806,11,0,1,still,0
958,153,1,1,180,18,0,1,0,13,0,1,4,9,0,2,0,8,8,8,21,11,19,0.3772,9,1,0,still,0
958,169,1,1,240,18,0,1,0,18,0,1,9,9,0,0,1,1,1,1,19,19,20,0.7055,11,1,0,still,0
958,183,1,1,270,18,1,2,0,23,0,1,10,13,0,2,0,1,1,1,24,21,22,0.4893,11,1,0,still,0
958,189,1,1,240,15,0,2,0,13,0,1,6,7,0,3,0,10,10,9,23,10,19,0.3871,10,1,0,still,0
959,49,2,1,30,19,1,7,0,18,0,1,15,3,0,0,0,6,6,6,24,18,24,0.6575,11,1,0,still,0
960,47,2,1,210,19,0,2,0,20,0,1,9,11,0,0,2,1,1,1,21,22,23,0.6492,12,1,0,still,0
960,72,2,0,-1,18,0,2,0,16,0,1,3,13,0,0,0,5,5,5,21,16,21,0.3516,6,1,0,start_jam,0
960,79,1,1,210,19,1,2,0,17,0,1,14,3,0,0,1,5,5,5,22,18,23,0.5956,10,1,0,still,0
960,151,1,1,270,18,0,1,0,22,0,1,7,15,0,0,0,4,4,1,26,22,23,0.4532,11,1,0,still,0
960,157,2,0,-1,17,0,3,0,15,0,1,3,12,0,0,0,6,6,6,21,15,21,0.2691,6,1,0,start_jam,0
961,5,2,1,240,15,1,2,0,15,0,1,5,10,0,0,0,7,7,7,22,15,22,0.3585,8,1,0,still,0
961,56,1,1,210,22,0,1,0,23,0,1,21,2,0,0,0,2,2,2,25,23,25,0.5455,11,0,1,still,0
961,158,1,1,30,17,2,3,0,17,0,1,2,15,0,2,0,5,5,5,22,15,20,0.2589,5,1,0,still,0
962,13,2,1,150,18,1,2,0,20,0,1,8,12,0,0,1,1,1,1,21,21,22,0.5936,11,1,0,still,0
962,16,1,1,30,19,0,2,0,17,0,1,15,2,0,0,0,6,6,6,23,17,23,0.5910,9,1,0,still,0
962,66,1,0,-1,18,0,1,0,20,0,0,20,0,0,0,1,0,0,0,20,21,21,0.6175,9,0,0,pending,0
962,135,1,0,-1,22,0,1,0,31,1,0,31,0,0,3,0,0,0,0,31,28,28,0.3982,11,0,0,start_crowd,0
962,182,1,1,60,19,1,2,0,22,0,1,8,14,0,1,0,3,3,1,25,21,22,0.4890,12,1,0,still,0
963,6,2,1,90,17,0,1,0,19,0,1,5,14,0,0,0,5,5,5,24,19,24,0.3882,8,1,0,still,0
963,66,1,0,-1,18,0,1,0,20,0,0,20,0,0,0,1,0,0,0,20,21,21,0.6176,9,0,0,hop,1
964,117,3,1,180,19,0,1,0,22,0,1,5,17,0,0,0,5,5,5,27,22,27,0.3131,9,1,0,still,0
964,119,1,1,210,19,1,2,0,22,0,1,7,15,0,0,1,3,3,1,25,23,24,0.4416,10,1,0,still,0
965,83,1,1,300,21,0,1,0,23,0,1,20,3,0,0,0,0,0,0,23,23,23,0.5120,10,0,0,end_cap,0
965,172,1,1,30,20,0,1,0,31,1,1,30,1,0,4,0,0,0,0,31,27,27,0.4256,10,0,1,still,0
965,199,1,1,150,17,1,3,0,18,0,1,2,16,0,2,0,5,5,5,23,16,21,0.3190,7,1,0,still,0
966,168,1,1,30,20,0,1,0,29,0,1,25,4,0,5,0,0,0,0,29,24,24,0.3741,10,0,0,still,0
967,3,2,1,240,16,0,1,0,10,0,1,5,5,0,0,0,9,9,9,19,10,19,0.3542,6,1,0,still,0
967,10,1,1,180,20,0,2,0,23,0,1,6,17,0,0,0,1,1,1,24,23,24,0.5420,9,1,0,still,0
967,15,1,1,210,17,3,7,0,19,0,1,12,7,0,0,0,2,2,2,21,19,21,0.6243,10,1,0,still,0
967,76,3,1,60,17,4,7,0,23,0,1,13,10,0,0,0,2,2,2,25,23,25,0.5953,12,1,0,still,0
967,123,2,0,-1,15,0,2,0,15,0,1,1,14,0,0,0,4,4,4,19,15,19,0.2993,7,1,0,start_jam,0
968,8,2,1,300,19,0,1,0,22,0,1,5,17,0,0,0,3,3,3,25,22,25,0.3858,9,1,0,end_cap,1
968,40,1,1,150,16,0,2,0,15,0,1,5,10,0,0,1,5,5,5,20,16,21,0.4331,8,1,0,still,0
968,127,1,1,180,20,0,1,0,25,0,1,20,5,0,3,0,3,3,2,28,22,24,0.4042,11,1,0,still,0
968,194,1,1,210,18,0,2,0,23,0,1,7,16,0,1,0,3,3,1,26,22,23,0.4345,11,1,0,still,0
968,195,1,1,210,17,0,1,0,15,0,1,5,10,0,2,0,7,7,7,22,13,20,0.4011,11,1,0,still,0
970,14,1,1,210,19,0,1,0,19,0,1,9,10,0,0,2,1,1,1,20,21,22,0.5910,10,1,0,still,0
970,159,1,1,150,13,1,2,0,13,0,1,1,12,0,0,0,3,3,3,16,13,16,0.2618,5,1,0,still,0
971,17,3,1,90,19,0,2,0,23,0,1,19,4,0,0,0,3,3,3,26,23,26,0.5336,12,1,0,still,0
971,100,1,1,150,15,1,2,0,15,0,1,1,14,0,0,0,3,3,3,18,15,18,0.3324,5,1,0,still,0
971,130,1,1,180,16,2,7,0,19,0,1,13,6,0,0,0,2,2,2,21,19,21,0.5847,9,1,0,still,0
972,19,3,1,180,21,0,2,0,23,0,1,19,4,0,0,0,2,2,2,25,23,25,0.5057,12,1,0,still,0
974,1,2,1,270,18,0,2,0,17,0,1,5,12,0,0,0,5,5,5,22,17,22,0.3643,7,1,0,still,0
974,44,1,1,240,17,0,1,0,21,0,1,7,14,0,0,1,0,0,0,21,22,22,0.4749,8,1,0,still,0
974,165,1,0,-1,21,0,1,0,25,0,1,20,5,0,3,0,2,2,2,27,22,24,0.4032,12,1,0,start_jam,0
978,7,2,1,90,19,0,1,0,24,0,1,6,18,0,0,0,1,1,1,25,24,25,0.3908,8,1,0,still,0
978,68,2,1,90,17,1,2,0,16,0,1,4,12,0,0,0,5,5,5,21,16,21,0.3260,6,1,0,still,0
978,118,3,1,120,20,0,1,0,25,0,1,7,18,0,0,0,1,1,1,26,25,26,0.4250,12,1,0,still,0
980,114,1,1,210,14,0,1,0,12,0,1,5,7,0,0,0,6,6,5,18,12,17,0.3517,7,1,0,still,0
981,35,2,1,210,17,0,1,0,15,0,1,5,10,0,0,1,5,5,5,20,16,21,0.3905,7,1,0,still,0
981,62,2,0,-1,21,1,2,0,26,0,0,26,0,0,0,0,0,0,0,26,26,26,0.6066,13,0,0,hop,1
982,4,2,1,180,16,0,1,0,16,0,1,5,11,0,0,0,4,4,4,20,16,20,0.3555,7,1,0,still,0
982,144,2,0,-1,8,2,3,0,10,0,0,10,0,0,1,0,0,0,0,10,9,9,0.3365,7,0,0,pending,0
982,145,1,1,30,15,1,2,0,15,0,1,7,8,0,1,0,6,6,5,21,14,19,0.3942,8,1,0,still,0
982,170,2,1,120,18,5,7,0,21,0,1,12,9,0,0,1,2,2,2,23,22,24,0.5723,11,1,0,still,0
983,115,2,1,210,16,0,2,0,19,0,1,6,13,0,0,0,5,5,4,24,19,23,0.3503,9,1,0,still,0
983,139,1,1,90,18,0,2,0,22,0,1,8,14,0,2,0,2,2,1,24,20,21,0.5597,12,1,0,still,0
983,144,2,0,-1,8,2,3,0,10,0,0,10,0,0,1,0,0,0,0,10,9,9,0.3365,7,0,0,hop,1
983,154,2,1,180,17,0,1,0,18,0,1,5,13,0,1,0,5,5,5,23,17,22,0.3436,9,1,0,still,0
984,142,2,1,150,17,6,7,0,22,0,1,10,12,0,1,0,2,2,2,24,21,23,0.5982,12,1,0,still,0
985,188,1,1,270,16,1,2,0,15,0,1,5,10,0,2,0,6,6,6,21,13,19,0.4336,11,1,0,still,0
986,50,1,0,-1,19,1,2,0,18,0,1,12,6,0,0,1,3,3,3,21,19,22,0.6207,10,1,0,start_jam,0
986,113,1,1,240,16,0,2,0,15,0,1,6,9,0,2,0,6,6,6,21,13,19,0.2640,6,1,0,still,0
986,128,1,1,270,21,0,1,0,26,0,1,22,4,0,3,0,1,1,1,27,23,24,0.3754,10,0,1,still,0
987,9,1,1,240,19,1,2,0,22,0,1,5,17,0,0,0,1,1,1,23,22,23,0.5140,9,1,0,still,0
987,132,1,0,-1,20,1,2,0,24,0,0,24,0,0,0,1,0,0,0,24,25,25,0.6514,12,0,0,hop,1
988,54,2,0,-1,22,0,1,0,23,0,1,19,4,0,0,0,2,2,2,25,23,25,0.5754,12,1,0,start_jam,0
988,55,2,1,60,21,0,1,0,24,0,1,21,3,0,0,0,1,1,1,25,24,25,0.5116,12,0,1,still,0
988,153,1,1,210,17,0,1,0,16,0,1,5,11,0,2,0,5,5,5,21,14,19,0.3773,9,1,0,still,0
988,169,1,1,270,18,0,1,0,19,0,1,7,12,0,0,1,0,0,0,19,20,20,0.7054,11,1,0,still,0
988,183,1,1,300,18,1,2,0,24,0,1,9,15,0,2,0,0,0,0,24,22,22,0.5164,12,1,0,end_cap,0
988,189,1,1,270,15,0,2,0,17,0,1,7,10,0,3,0,6,6,5,23,14,19,0.3872,10,1,0,still,0
989,49,2,1,60,19,1,7,0,21,0,1,12,9,0,0,1,2,2,2,23,22,24,0.5583,10,1,0,still,0
990,47,2,1,240,19,0,2,0,21,0,1,7,14,0,0,2,0,0,0,21,23,23,0.6492,12,1,0,still,0
990,72,2,1,30,18,0,2,0,16,0,1,2,14,0,0,0,5,5,5,21,16,21,0.3490,6,1,0,still,0
990,79,1,1,240,20,1,2,0,19,0,1,13,6,0,0,0,3,3,3,22,19,22,0.5948,10,1,0,still,0
990,89,1,0,-1,23,1,2,0,25,0,0,25,0,0,0,1,0,0,0,25,26,26,0.6790,13,0,0,hop,1
990,151,1,1,300,18,0,1,0,25,0,1,7,18,0,2,0,1,1,0,26,23,23,0.3966,10,1,0,end_cap,0
990,157,2,1,30,17,0,3,0,16,0,1,3,13,0,0,0,5,5,5,21,16,21,0.2691,6,1,0,still,0
991,5,2,1,270,15,1,2,0,19,0,1,7,12,0,0,0,3,3,3,22,19,22,0.3585,8,1,0,still,0
991,56,1,1,240,22,0,1,0,23,0,1,21,2,0,0,0,2,2,2,25,23,25,0.5469,11,0,0,still,0
991,158,1,1,60,17,2,3,0,17,0,1,2,15,0,2,0,5,5,5,22,15,20,0.2589,5,1,0,still,0
992,13,2,1,180,18,1,2,0,21,0,1,7,14,0,0,1,0,0,0,21,22,22,0.5936,11,1,0,still,0
992,16,1,1,60,19,0,2,0,21,0,1,14,7,0,0,0,2,2,2,23,21,23,0.5907,9,1,0,still,0
992,135,1,1,30,22,0,1,0,31,1,0,31,0,0,3,0,0,0,0,31,28,28,0.3982,11,0,0,still,0
992,182,1,1,90,19,1,2,0,24,0,1,8,16,0,2,0,1,1,0,25,22,22,0.4890,12,1,0,still,0
993,6,2,1,120,17,0,1,0,23,0,1,8,15,0,0,0,1,1,1,24,23,24,0.3882,8,1,0,still,0
993,108,1,0,-1,16,0,1,0,19,0,0,19,0,0,1,1,0,0,0,19,19,19,0.6884,11,0,0,hop,1
994,117,3,1,210,19,0,1,0,26,0,1,8,18,0,0,0,1,1,1,27,26,27,0.3138,9,1,0,still,0
994,119,1,1,240,19,1,2,0,24,0,1,8,16,0,2,1,1,1,1,25,23,24,0.4416,10,1,0,still,0
995,172,1,1,60,20,0,1,0,31,1,1,31,0,0,4,0,1,1,1,32,27,28,0.4256,10,0,1,still,0
995,199,1,1,180,17,1,3,0,18,0,1,2,16,0,2,0,5,5,5,23,16,21,0.3190,7,1,0,still,0
996,168,1,1,60,20,0,1,0,27,0,1,25,2,0,5,0,2,2,2,29,22,24,0.3741,10,0,0,still,0
997,3,2,1,270,16,0,1,0,15,0,1,6,9,0,0,0,5,5,5,20,15,20,0.3542,6,1,0,still,0
997,10,1,1,210,20,0,2,0,23,0,1,7,16,0,0,0,1,1,1,24,23,24,0.5425,9,1,0,still,0
997,15,1,1,240,17,3,7,0,20,0,1,9,11,0,0,0,1,1,1,21,20,21,0.6224,10,1,0,still,0
997,76,3,1,90,19,4,7,0,24,0,1,10,14,0,0,1,1,1,1,25,25,26,0.5953,12,1,0,still,0
997,84,1,0,-1,21,0,2,0,22,0,1,22,0,0,0,0,2,2,2,24,22,24,0.4984,9,0,0,start_jam,0
997,123,2,1,30,15,0,2,0,15,0,1,1,14,0,0,0,4,4,4,19,15,19,0.2993,7,1,0,still,0
998,40,1,1,180,16,0,2,0,17,0,1,6,11,0,0,1,3,3,3,20,18,21,0.4331,8,1,0,still,0
998,127,1,1,210,20,0,1,0,25,0,1,17,8,0,4,0,3,3,3,28,21,24,0.4042,11,1,0,still,0
998,194,1,1,240,18,0,2,0,25,0,1,8,17,0,3,0,1,1,1,26,22,23,0.4345,11,1,0,still,0
998,195,1,1,240,17,0,1,0,16,0,1,5,11,0,2,0,6,6,6,22,14,20,0.4012,11,1,0,still,0
1000,14,1,1,240,19,0,1,0,20,0,1,7,13,0,0,2,0,0,0,20,22,22,0.5910,10,1,0,still,0
1000,133,2,0,-1,13,0,1,0,17,0,0,17,0,0,2,0,0,0,0,17,15,15,0.5790,11,0,0,pending,0
1000,159,1,1,180,13,1,2,0,13,0,1,1,12,0,0,0,3,3,3,16,13,16,0.2618,5,1,0,still,0
1001,17,3,1,120,20,1,2,0,22,0,1,16,6,0,0,1,4,4,4,26,23,27,0.5333,12,1,0,still,0
1001,100,1,1,180,15,1,2,0,14,0,1,1,13,0,0,0,3,3,3,17,14,17,0.3324,5,1,0,still,0
1001,130,1,1,210,16,2,7,0,20,0,1,9,11,0,0,0,1,1,1,21,20,21,0.5823,9,1,0,still,0
1001,133,2,0,-1,13,0,1,0,17,0,0,17,0,0,2,0,0,0,0,17,15,15,0.5791,11,0,0,hop,1
1002,19,3,1,210,21,0,2,0,21,0,1,17,4,0,0,0,4,4,4,25,21,25,0.5056,12,1,0,still,0
1004,1,2,1,300,18,0,2,0,16,0,1,5,11,0,0,0,6,6,6,22,16,22,0.3636,7,1,0,end_cap,1
1004,44,1,1,270,17,0,1,0,22,0,1,8,14,0,0,0,0,0,0,22,22,22,0.4749,8,1,0,still,0
1004,165,1,1,30,21,0,1,0,23,0,1,18,5,0,3,0,4,4,4,27,20,24,0.4032,12,1,0,still,0
1008,7,2,1,120,19,0,1,0,22,0,1,8,14,0,0,0,3,3,3,25,22,25,0.3908,8,1,0,still,0
1008,68,2,1,120,17,0,1,1,15,0,1,5,10,0,0,0,6,6,6,21,15,21,0.3257,6,1,0,still,0
1008,118,3,1,150,20,0,1,0,23,0,1,8,15,0,0,0,3,3,3,26,23,26,0.4250,12,1,0,still,0
1010,114,1,1,240,14,0,1,0,9,0,1,5,4,0,0,0,9,9,8,18,9,17,0.3518,7,1,0,still,0
1010,151,1,0,-1,19,0,1,0,23,0,1,7,16,0,0,0,3,3,0,26,23,23,0.3966,10,1,0,start_jam,0
1011,35,2,1,240,18,0,1,0,12,0,1,5,7,0,0,1,8,8,8,20,13,21,0.3905,7,1,0,still,0
1012,4,2,1,210,16,0,1,0,13,0,1,5,8,0,0,0,7,7,7,20,13,20,0.3555,7,1,0,still,0
1012,145,1,1,60,15,1,2,0,12,0,1,7,5,0,1,0,9,9,8,21,11,19,0.3942,8,1,0,still,0
1012,170,2,1,150,18,5,7,0,21,0,1,9,12,0,0,1,2,2,2,23,22,24,0.5723,11,1,0,still,0
1013,115,2,1,240,16,0,2,0,16,0,1,6,10,0,0,0,8,8,7,24,16,23,0.3503,9,1,0,still,0
1013,139,1,1,120,18,0,2,0,22,0,1,8,14,0,1,0,2,2,0,24,21,21,0.5597,12,1,0,still,0
1013,154,2,1,210,17,0,1,0,16,0,1,6,10,0,1,0,7,7,7,23,15,22,0.3436,9,1,0,still,0
1014,142,2,1,180,17,6,7,0,22,0,1,8,14,0,1,0,2,2,2,24,21,23,0.5980,12,1,0,still,0
1015,188,1,1,300,16,1,2,0,12,0,1,5,7,0,2,0,9,9,9,21,10,19,0.4336,11,1,0,end_cap,1
1016,50,1,1,30,19,1,2,0,18,0,1,10,8,0,0,1,3,3,3,21,19,22,0.6208,10,1,0,still,0
1016,113,1,1,270,16,0,2,0,12,0,1,6,6,0,2,0,9,9,9,21,10,19,0.2639,6,1,0,still,0
1016,128,1,1,300,21,0,1,0,24,0,1,21,3,0,3,0,3,3,3,27,21,24,0.3754,10,1,0,end_cap,1
1017,9,1,1,270,19,1,2,0,21,0,1,6,15,0,0,0,2,2,2,23,21,23,0.5128,9,1,0,still,0
1018,54,2,1,30,22,0,1,0,22,0,1,19,3,0,0,0,3,3,3,25,22,25,0.5756,12,1,0,still,0
1018,55,2,1,90,21,0,1,0,23,0,1,20,3,0,0,0,2,2,2,25,23,25,0.5115,12,1,0,still,0
1018,153,1,1,240,17,0,1,0,14,0,1,7,7,0,2,0,7,7,7,21,12,19,0.3774,9,1,0,still,0
1018,169,1,1,300,18,0,1,0,18,0,1,7,11,0,0,1,1,1,1,19,19,20,0.7053,11,1,0,end_cap,1
1018,189,1,1,300,15,0,2,0,13,0,1,7,6,0,2,0,9,9,8,22,11,19,0.3593,9,1,0,end_cap,1
1019,49,2,1,90,19,1,7,0,19,0,1,12,7,0,0,1,4,4,4,23,20,24,0.5579,10,1,0,still,0
1020,47,2,1,270,19,0,2,0,19,0,1,8,11,0,0,2,2,2,2,21,21,23,0.6491,12,1,0,still,0
1020,72,2,1,60,18,0,2,0,16,0,1,5,11,0,0,0,5,5,5,21,16,21,0.3492,6,1,0,still,0
1020,79,1,1,270,19,0,2,0,18,0,1,13,5,0,1,0,4,4,4,22,17,21,0.5950,10,1,0,still,0
1020,157,2,1,60,17,0,3,0,15,0,1,6,9,0,0,0,6,6,6,21,15,21,0.2691,6,1,0,still,0
1021,5,2,1,300,15,1,2,0,16,0,1,6,10,0,0,0,6,6,6,22,16,22,0.3585,8,1,0,end_cap,1
1021,56,1,1,270,22,0,1,0,23,0,1,21,2,0,0,0,2,2,2,25,23,25,0.5480,11,1,0,still,0
1021,109,2,0,-1,13,2,4,0,15,0,0,15,0,0,1,0,0,0,0,15,14,14,0.6830,12,0,0,pending,0
1021,143,1,0,-1,21,0,3,0,25,0,0,25,0,0,0,0,0,0,0,25,25,25,0.7276,15,0,0,pending,0
1021,158,1,1,90,17,2,3,0,17,0,1,5,12,0,2,0,4,4,4,21,15,19,0.2589,5,1,0,still,0
1022,13,2,1,210,18,1,2,0,20,0,1,8,12,0,0,1,1,1,1,21,21,22,0.5936,11,1,0,still,0
1022,16,1,1,90,19,0,2,0,17,0,1,13,4,0,0,0,5,5,5,22,17,22,0.5910,9,1,0,still,0
1022,85,1,0,-1,19,0,2,0,23,0,1,23,0,0,0,2,2,2,2,25,25,27,0.5724,10,0,0,start_jam,0
1022,109,2,0,-1,13,2,4,0,15,0,0,15,0,0,1,0,0,0,0,15,14,14,0.6830,12,0,0,hop,1
1022,135,1,1,60,22,0,1,0,31,1,0,31,0,0,3,0,0,0,0,31,28,28,0.3982,11,0,0,still,0
1022,143,1,0,-1,21,0,3,0,25,0,0,25,0,0,0,0,0,0,0,25,25,25,0.7276,15,0,0,hop,1
1022,182,1,1,120,19,1,2,0,22,0,1,9,13,0,1,0,3,3,1,25,21,22,0.5433,13,1,0,still,0
1023,6,2,1,150,17,0,1,0,21,0,1,8,13,0,0,0,3,3,3,24,21,24,0.3887,8,1,0,still,0
1024,117,3,1,240,19,0,1,0,24,0,1,8,16,0,0,0,3,3,3,27,24,27,0.3145,9,1,0,still,0
1024,119,1,1,270,19,1,2,0,22,0,1,8,14,0,0,1,3,3,1,25,23,24,0.4417,10,1,0,still,0
1025,140,1,0,-1,17,0,2,0,22,0,1,9,13,0,2,0,1,1,1,23,20,21,0.5010,10,1,0,start_jam,0
1025,172,1,1,90,20,0,1,0,31,1,1,30,1,0,4,0,1,1,1,32,27,28,0.3458,9,0,1,still,0
1025,199,1,1,210,17,1,3,0,22,0,1,6,16,0,2,0,1,1,1,23,20,21,0.3190,7,1,0,still,0
1026,141,2,0,-1,18,0,1,1,20,0,1,8,12,0,1,0,3,3,3,23,19,22,0.4869,11,1,0,start_jam,0
1026,168,1,1,90,20,0,1,0,27,0,1,23,4,0,5,0,2,2,2,29,22,24,0.3742,10,1,0,still,0
1027,3,2,1,300,16,0,1,0,17,0,1,7,10,0,0,0,3,3,3,20,17,20,0.3542,6,1,0,end_cap,1
1027,10,1,1,240,20,0,2,0,23,0,1,5,18,0,0,0,1,1,1,24,23,24,0.5420,9,1,0,still,0
1027,15,1,1,270,17,3,7,0,17,0,1,9,8,0,0,0,4,4,4,21,17,21,0.6207,10,1,0,still,0
1027,76,3,1,120,19,4,7,0,21,0,1,9,12,0,0,1,4,4,4,25,22,26,0.5953,12,1,0,still,0
1027,84,1,1,30,20,0,2,0,22,0,1,21,1,0,0,0,2,2,2,24,22,24,0.5336,10,0,1,still,0
1027,123,2,1,60,15,0,2,0,18,0,1,5,13,0,0,0,1,1,1,19,18,19,0.2993,7,1,0,still,0
1028,40,1,1,210,16,0,2,0,17,0,1,4,13,0,0,1,3,3,3,20,18,21,0.4322,8,1,0,still,0
1028,127,1,1,240,20,0,1,0,24,0,1,17,7,0,3,0,4,4,3,28,21,24,0.4042,11,1,0,still,0
1028,194,1,1,270,18,0,2,0,23,0,1,6,17,0,1,0,3,3,1,26,22,23,0.4617,12,1,0,still,0
1028,195,1,1,270,17,0,1,0,21,0,1,10,11,0,2,0,1,1,1,22,19,20,0.4018,11,1,0,still,0
1030,14,1,1,270,19,0,1,0,18,0,1,7,11,0,0,2,2,2,2,20,20,22,0.5910,10,1,0,still,0
1030,159,1,1,210,13,1,2,0,15,0,1,3,12,0,0,0,1,1,1,16,15,16,0.2618,5,1,0,still,0
1031,17,3,1,150,20,1,2,0,22,0,1,16,6,0,0,0,4,4,5,26,22,27,0.5340,12,1,0,still,0
1031,71,2,0,-1,10,2,3,0,13,0,0,13,0,0,1,0,0,0,0,13,12,12,0.4772,9,0,0,hop,1
1031,100,1,1,210,15,1,2,0,16,0,1,4,12,0,0,0,1,1,1,17,16,17,0.3324,5,1,0,still,0
1031,130,1,1,240,16,2,7,0,17,0,1,9,8,0,0,0,4,4,4,21,17,21,0.5810,9,1,0,still,0
1032,19,3,1,240,21,0,2,0,22,0,1,17,5,0,0,0,3,3,3,25,22,25,0.5060,12,1,0,still,0
1033,75,1,0,-1,4,2,4,0,4,0,0,4,0,0,0,0,0,0,0,4,4,4,0.2139,4,0,0,hop,1
1034,44,1,1,300,17,0,1,0,22,0,1,6,16,0,0,0,0,0,0,22,22,22,0.4749,8,1,0,end_cap,1
1034,165,1,1,60,21,0,1,0,23,0,1,17,6,0,2,0,3,3,2,26,21,23,0.4032,12,1,0,still,0
1034,171,1,0,-1,17,0,1,0,28,0,1,26,2,0,4,0,2,2,2,30,24,26,0.3841,10,1,0,start_jam,0
1036,152,1,0,-1,6,0,1,0,6,0,0,6,0,0,0,0,0,0,0,6,6,6,0.2835,6,0,0,pending,0
1037,152,1,0,-1,6,0,1,0,6,0,0,6,0,0,0,0,0,0,0,6,6,6,0.2834,6,0,0,hop,1
1038,7,2,1,150,18,0,1,0,25,0,1,7,18,0,0,0,0,0,0,25,25,25,0.3905,8,1,0,still,0
1038,68,2,1,150,17,1,2,0,21,0,1,9,12,0,0,0,0,0,0,21,21,21,0.3259,6,1,0,still,0
1038,118,3,1,180,20,0,1,0,26,0,1,7,19,0,0,0,0,0,0,26,26,26,0.4250,12,1,0,still,0
1040,114,1,1,270,14,0,1,0,18,0,1,8,10,0,1,0,0,0,0,18,17,17,0.3517,7,1,0,still,0
1040,151,1,1,30,19,0,1,0,25,0,1,7,18,0,3,0,1,1,1,26,22,23,0.3966,10,1,0,still,0
1041,35,2,1,270,18,0,1,0,20,0,1,9,11,0,0,1,0,0,0,20,21,21,0.3859,7,1,0,still,0
1041,111,1,0,-1,2,0,3,1,2,0,0,2,0,0,0,0,0,0,0,2,2,2,0.0736,2,0,0,hop,1
1042,4,2,1,240,16,0,1,0,20,0,1,7,13,0,0,0,0,0,0,20,20,20,0.3261,6,1,0,still,0
1042,145,1,1,90,15,1,2,0,21,0,1,10,11,0,2,0,0,0,0,21,19,19,0.3940,8,1,0,still,0
1042,170,2,1,180,18,5,7,0,19,0,1,9,10,0,0,1,4,4,4,23,20,24,0.5721,11,1,0,still,0
1042,183,1,0,-1,18,1,2,0,23,0,1,8,15,0,2,0,1,1,1,24,21,22,0.5165,12,1,0,start_jam,0
1043,115,2,1,270,16,0,2,0,24,0,1,7,17,0,1,0,0,0,0,24,23,23,0.3503,9,1,0,still,0
1043,139,1,1,150,18,0,2,0,24,0,1,8,16,0,3,0,1,1,1,25,21,22,0.5598,12,1,0,still,0
1043,154,2,1,240,17,0,1,0,23,0,1,10,13,0,1,0,0,0,0,23,22,22,0.3436,9,1,0,still,0
1044,57,1,0,-1,20,1,2,0,24,0,1,20,4,0,0,0,2,2,2,26,24,26,0.5743,11,1,0,start_jam,0
1044,101,3,0,-1,7,2,4,0,8,0,0,8,0,0,0,0,0,0,0,8,8,8,0.2969,8,0,0,hop,1
1044,142,2,1,210,17,6,7,0,20,0,1,9,11,0,1,0,4,4,4,24,19,23,0.5975,12,1,0,still,0
1046,50,1,1,60,19,1,2,0,17,0,1,9,8,0,0,1,4,4,4,21,18,22,0.6209,10,1,0,still,0
1046,113,1,1,300,16,0,2,0,21,0,1,9,12,0,2,0,0,0,0,21,19,19,0.2640,6,1,0,end_cap,1
1047,9,1,1,300,19,1,2,0,23,0,1,5,18,0,0,0,0,0,0,23,23,23,0.5151,9,1,0,end_cap,1
1048,54,2,1,60,22,0,1,0,23,0,1,16,7,0,0,0,2,2,2,25,23,25,0.5756,12,1,0,still,0
1048,55,2,1,120,21,0,1,0,23,0,1,17,6,0,0,0,2,2,2,25,23,25,0.5114,12,1,0,still,0
1048,153,1,1,270,17,0,1,0,21,0,1,12,9,0,2,0,0,0,0,21,19,19,0.3779,9,1,0,still,0
1048,161,2,0,-1,19,0,1,0,22,0,1,12,10,0,2,0,4,4,4,26,20,24,0.3780,9,1,0,start_jam,0
1049,49,2,1,120,19,1,7,0,19,0,1,10,9,0,0,1,4,4,4,23,20,24,0.5573,10,1,0,still,0
1050,47,2,1,300,19,0,2,0,19,0,1,7,12,0,0,2,2,2,2,21,21,23,0.6492,12,1,0,end_cap,1
1050,72,2,1,90,18,0,2,0,20,0,1,8,12,0,0,0,1,1,1,21,20,21,0.2861,5,1,0,still,0
1050,73,2,0,-1,9,0,3,0,10,0,0,10,0,0,0,0,0,0,0,10,10,10,0.3866,8,0,0,pending,0
1050,79,1,1,300,19,0,2,0,19,0,1,11,8,0,1,0,3,3,3,22,18,21,0.5950,10,1,0,end_cap,1
1050,157,2,1,90,17,0,3,0,20,0,1,9,11,0,0,0,1,1,1,21,20,21,0.2692,6,1,0,still,0
1050,186,1,0,-1,16,0,2,0,22,0,0,22,0,0,4,0,0,0,0,22,18,18,0.7044,12,0,0,pending,0
1051,56,1,1,300,22,0,1,0,23,0,1,18,5,0,0,0,2,2,2,25,23,25,0.5475,11,1,0,end_cap,1
1051,73,2,0,-1,9,0,3,0,10,0,0,10,0,0,0,0,0,0,0,10,10,10,0.3867,8,0,0,hop,1
1051,158,1,1,120,17,2,3,0,19,0,1,8,11,0,0,0,3,3,1,22,19,20,0.2590,5,1,0,still,0
1051,186,1,0,-1,16,0,2,0,22,0,0,22,0,0,4,0,0,0,0,22,18,18,0.7044,12,0,0,hop,1
1052,13,2,1,240,17,0,1,0,21,0,1,7,14,0,0,0,0,0,0,21,21,21,0.5936,11,1,0,still,0
1052,16,1,1,120,19,0,2,0,19,0,1,13,6,0,0,0,3,3,3,22,19,22,0.5540,8,1,0,still,0
1052,85,1,1,30,19,0,2,0,23,0,1,23,0,0,0,2,2,2,2,25,25,27,0.5724,10,0,0,still,0
1052,135,1,1,90,22,0,1,0,31,1,0,31,0,0,3,0,0,0,0,31,28,28,0.3982,11,0,0,still,0
1052,182,1,1,150,19,1,2,0,26,0,1,9,17,0,3,0,0,0,0,26,23,23,0.5434,13,1,0,still,0
1053,6,2,1,180,17,0,1,0,24,0,1,8,16,0,0,0,0,0,0,24,24,24,0.3912,8,1,0,still,0
1054,117,3,1,270,19,0,1,0,27,0,1,8,19,0,0,0,0,0,0,27,27,27,0.3152,9,1,0,still,0
1054,119,1,1,300,19,1,2,0,25,0,1,8,17,0,2,1,0,0,0,25,24,24,0.4417,10,1,0,end_cap,0
1055,140,1,1,30,17,0,2,0,23,0,1,9,14,0,2,0,0,0,0,23,21,21,0.5010,10,1,0,still,0
1055,172,1,1,120,20,0,1,0,31,1,1,30,1,0,4,0,1,1,1,32,27,28,0.3458,9,0,1,still,0
1055,199,1,1,240,17,1,3,0,20,0,1,8,12,0,0,0,3,3,1,23,20,21,0.3190,7,1,0,still,0
1056,65,1,0,-1,17,0,2,0,24,0,0,24,0,0,2,0,0,0,0,24,22,22,0.6481,11,0,0,hop,1
1056,141,2,1,30,18,0,1,1,21,0,1,9,12,0,1,0,2,2,2,23,20,22,0.4870,11,1,0,still,0
1056,168,1,1,120,19,0,1,0,27,0,1,22,5,0,5,0,2,2,2,29,22,24,0.3741,10,1,0,still,0
1057,10,1,1,270,20,0,2,0,24,0,1,7,17,0,0,0,0,0,0,24,24,24,0.5473,9,1,0,still,0
1057,15,1,1,300,17,3,7,0,18,0,1,9,9,0,0,0,3,3,3,21,18,21,0.6220,10,1,0,end_cap,1
1057,33,3,0,-1,13,3,4,0,15,0,0,15,0,0,0,0,0,0,0,15,15,15,0.5397,10,0,0,pending,0
1057,76,3,1,150,17,4,7,0,21,0,1,10,11,0,0,0,3,3,3,24,21,24,0.5953,12,1,0,still,0
1057,84,1,1,60,20,0,2,0,22,0,1,20,2,0,0,0,2,2,2,24,22,24,0.5355,10,0,1,still,0
1057,123,2,1,90,15,0,2,0,15,0,1,6,9,0,0,0,4,4,4,19,15,19,0.2993,7,1,0,still,0
1058,33,3,0,-1,13,3,4,0,15,0,0,15,0,0,0,0,0,0,0,15,15,15,0.5397,10,0,0,hop,1
1058,40,1,1,240,16,0,2,0,20,0,1,8,12,0,0,1,0,0,0,20,21,21,0.4331,8,1,0,still,0
1058,107,2,0,-1,17,0,1,0,21,0,0,21,0,0,1,2,0,0,0,21,22,22,0.6391,13,0,0,hop,1
1058,127,1,1,270,21,0,1,0,25,0,1,17,8,0,3,0,3,3,3,28,22,25,0.4042,11,1,0,still,0
1058,194,1,1,300,18,0,2,0,26,0,1,10,16,0,3,0,0,0,0,26,23,23,0.4345,11,1,0,end_cap,0
1058,195,1,1,300,17,0,1,0,22,0,1,12,10,0,2,0,0,0,0,22,20,20,0.4020,11,1,0,end_cap,1
1060,14,1,1,300,19,0,1,0,19,0,1,8,11,0,0,2,1,1,1,20,21,22,0.5910,10,1,0,end_cap,1
1060,159,1,1,240,13,1,2,0,7,0,1,5,2,0,0,0,9,9,9,16,7,16,0.2327,4,1,0,still,0
1061,17,3,1,180,20,0,1,0,22,0,1,16,6,0,0,0,5,5,5,27,22,27,0.5647,13,1,0,still,0
1061,100,1,1,240,15,1,2,0,8,0,1,6,2,0,0,0,9,9,9,17,8,17,0.3324,5,1,0,still,0
1061,130,1,1,270,16,2,4,0,18,0,1,9,9,0,0,0,3,3,3,21,18,21,0.5837,9,1,0,still,0
1062,19,3,1,270,21,0,2,0,22,0,1,17,5,0,0,0,4,4,4,26,22,26,0.5061,12,1,0,still,0
1063,176,1,0,-1,22,0,1,0,29,0,0,29,0,0,3,0,0,0,0,29,26,26,0.3595,11,0,0,pending,0
1064,23,2,0,-1,19,1,2,0,24,0,1,24,0,0,0,1,2,2,2,26,25,27,0.5261,10,0,0,start_jam,0
1064,165,1,1,90,21,0,1,0,21,0,1,15,6,0,2,0,5,5,4,26,19,23,0.4032,12,1,0,still,0
1064,171,1,1,30,17,0,1,0,27,0,1,24,3,0,4,0,2,2,2,29,23,25,0.3842,10,1,0,still,0
1064,176,1,0,-1,22,0,1,0,29,0,0,29,0,0,3,0,0,0,0,29,26,26,0.3595,11,0,0,hop,1
1068,7,2,1,180,18,0,1,0,25,0,1,12,13,0,0,0,0,0,0,25,25,25,0.3904,8,1,0,still,0
1068,68,2,1,180,17,1,2,0,18,0,1,11,7,0,0,0,3,3,3,21,18,21,0.3256,6,1,0,still,0
1068,102,2,0,-1,0,0,1,1,0,0,0,0,0,0,0,0,0,0,0,0,0,0,0.0000,0,0,0,hop,1
1068,118,3,1,210,20,0,1,0,26,0,1,11,15,0,0,0,0,0,0,26,26,26,0.3999,11,1,0,still,0
1069,29,2,0,-1,21,0,2,0,26,0,0,26,0,0,0,0,0,0,0,26,26,26,0.5916,13,0,0,pending,0
1070,29,2,0,-1,21,0,2,0,26,0,0,26,0,0,0,0,0,0,0,26,26,26,0.5916,13,0,0,hop,1
1070,114,1,1,300,14,0,1,0,17,0,1,10,7,0,1,0,1,1,1,18,16,17,0.3517,7,1,0,end_cap,1
1070,151,1,1,60,19,0,1,0,26,0,1,11,15,0,3,0,0,0,0,26,23,23,0.3966,10,1,0,still,0
1071,35,2,1,300,18,0,1,0,20,0,1,12,8,0,0,0,1,1,1,21,20,21,0.3852,7,1,0,end_cap,1
1072,4,2,1,270,16,0,1,0,20,0,1,10,10,0,0,0,0,0,0,20,20,20,0.3260,6,1,0,still,0
1072,145,1,1,120,15,1,2,0,19,0,1,12,7,0,2,0,1,1,1,20,17,18,0.3935,8,1,0,still,0
1072,170,2,1,210,18,5,7,0,21,0,1,10,11,0,0,1,2,2,2,23,22,24,0.5716,11,1,0,still,0
1072,174,1,0,-1,16,0,1,0,23,0,0,23,0,0,3,1,0,0,0,23,21,21,0.6858,12,0,0,hop,1
1072,183,1,1,30,18,1,2,0,24,0,1,11,13,0,2,0,0,0,0,24,22,22,0.5165,12,1,0,still,0
1073,115,2,1,300,16,0,2,0,23,0,1,12,11,0,0,0,1,1,0,24,23,23,0.3500,9,1,0,end_cap,1
1073,139,1,1,180,18,0,2,0,25,0,1,11,14,0,3,0,0,0,0,25,22,22,0.5598,12,1,0,still,0
1073,154,2,1,270,17,0,1,0,22,0,1,16,6,0,1,0,1,1,1,23,21,22,0.3965,10,1,0,still,0
1074,57,1,1,30,20,1,2,0,23,0,1,18,5,0,0,0,2,2,2,25,23,25,0.5751,11,1,0,still,0
1074,142,2,1,240,17,6,7,0,23,0,1,12,11,0,2,0,2,2,2,25,21,23,0.5975,12,1,0,still,0
1076,50,1,1,90,18,1,2,0,20,0,1,10,10,0,0,1,1,1,1,21,21,22,0.6208,10,1,0,still,0
1076,92,1,0,-1,18,1,2,0,21,0,0,21,0,0,0,2,0,0,0,21,23,23,0.6963,11,0,0,hop,1
1077,26,3,0,-1,20,0,2,0,28,0,0,28,0,0,0,0,0,0,0,28,28,28,0.5920,14,0,0,hop,1
1078,54,2,1,90,21,0,1,0,22,0,1,15,7,0,0,0,2,2,2,24,22,24,0.4794,11,1,0,still,0
1078,55,2,1,150,21,0,1,0,23,0,1,17,6,0,0,0,2,2,2,25,23,25,0.4472,10,1,0,still,0
1078,153,1,1,300,17,0,1,0,17,0,1,15,2,0,2,0,4,4,4,21,15,19,0.3485,8,1,0,end_cap,1
1078,161,2,1,30,18,0,1,0,25,0,1,13,12,0,2,0,1,1,1,26,23,24,0.3780,9,1,0,still,0
1079,49,2,1,150,18,1,7,0,22,0,1,11,11,0,0,1,1,1,1,23,23,24,0.5605,10,1,0,still,0
1080,72,2,1,120,18,0,2,0,15,0,1,13,2,0,0,0,6,6,6,21,15,21,0.2861,5,0,1,still,0
1080,157,2,1,120,17,0,3,0,16,0,1,14,2,0,0,0,5,5,5,21,16,21,0.2692,6,1,0,still,0
1081,158,1,1,150,17,2,3,0,14,0,1,12,2,0,0,0,7,7,5,21,14,19,0.2590,5,0,1,still,0
1082,13,2,1,270,17,1,2,0,20,0,1,9,11,0,0,0,1,1,1,21,20,21,0.5936,11,1,0,still,0
1082,16,1,1,150,18,0,2,0,21,0,1,12,9,0,0,0,1,1,1,22,21,22,0.5908,9,1,0,still,0
1082,83,1,0,-1,20,0,2,0,21,0,1,15,6,0,0,0,2,2,2,23,21,23,0.5096,10,1,0,start_jam,0
1082,85,1,1,60,19,0,2,0,23,0,1,21,2,0,0,1,1,1,2,24,24,26,0.5724,10,0,1,still,0
1082,103,1,0,-1,6,0,4,0,6,0,0,6,0,0,0,0,0,0,0,6,6,6,0.2929,6,0,0,pending,0
1082,135,1,1,120,22,0,1,0,31,1,0,31,0,0,3,0,0,0,0,31,28,28,0.3981,11,0,0,still,0
1082,166,2,0,-1,20,0,1,0,27,0,1,18,9,0,2,0,2,2,2,29,25,27,0.3199,9,1,0,start_jam,0
1082,179,1,0,-1,1,0,2,1,1,0,0,1,0,0,0,0,0,0,0,1,1,1,0.0328,1,0,0,pending,0
1082,182,1,1,180,19,1,2,0,25,0,1,11,14,0,3,0,1,1,1,26,22,23,0.5433,13,1,0,still,0
1083,6,2,1,210,17,0,1,0,23,0,1,11,12,0,0,0,1,1,1,24,23,24,0.3913,8,1,0,still,0
1083,103,1,0,-1,6,0,4,0,6,0,0,6,0,0,0,0,0,0,0,6,6,6,0.2928,6,0,0,hop,1
1083,179,1,0,-1,1,0,2,1,1,0,0,1,0,0,0,0,0,0,0,1,1,1,0.0328,1,0,0,hop,1
1084,117,3,1,300,19,0,1,0,26,0,1,12,14,0,0,0,1,1,1,27,26,27,0.3637,10,1,0,end_cap,1
1085,140,1,1,60,18,0,2,0,22,0,1,11,11,0,2,0,1,1,1,23,20,21,0.5010,10,1,0,still,0
1085,172,1,1,150,20,0,1,0,32,1,1,29,3,0,4,0,0,0,0,32,28,28,0.4256,10,0,1,still,0
1085,199,1,1,270,17,1,3,0,15,0,1,13,2,0,0,0,8,8,6,23,15,21,0.3190,7,1,0,still,0
1086,141,2,1,60,18,0,1,1,21,0,1,11,10,0,1,0,2,2,2,23,20,22,0.4870,11,1,0,still,0
1086,168,1,1,150,19,0,1,0,27,0,1,20,7,0,5,0,2,2,2,29,22,24,0.3741,10,1,0,still,0
1087,10,1,1,300,20,0,2,0,24,0,1,10,14,0,0,0,0,0,0,24,24,24,0.5460,9,1,0,end_cap,1
1087,76,3,1,180,17,4,7,0,22,0,1,9,13,0,0,1,2,2,2,24,23,25,0.5953,12,1,0,still,0
1087,84,1,1,90,20,0,2,0,22,0,1,19,3,0,0,0,2,2,2,24,22,24,0.5346,10,0,1,still,0
1087,123,2,1,120,15,0,2,0,12,0,1,10,2,0,0,0,7,7,7,19,12,19,0.2993,7,1,0,still,0
1088,40,1,1,270,16,0,2,0,18,0,1,12,6,0,0,1,2,2,2,20,19,21,0.4331,8,1,0,still,0
1088,127,1,1,300,20,0,1,0,24,0,1,12,12,0,3,0,2,2,2,26,21,23,0.3773,10,1,0,end_cap,1
1089,8,2,0,-1,19,0,1,0,25,0,1,12,13,0,0,0,0,0,0,25,25,25,0.3864,9,1,0,start_jam,0
1090,159,1,1,270,13,1,2,0,8,0,1,7,1,0,0,0,8,8,8,16,8,16,0.2327,4,1,0,still,0
1091,17,3,1,210,19,1,2,0,22,0,1,11,11,0,0,1,2,2,2,24,23,25,0.5352,12,1,0,still,0
1091,100,1,1,270,15,1,2,0,10,0,1,8,2,0,0,0,7,7,7,17,10,17,0.3324,5,1,0,still,0
1091,130,1,1,300,16,2,7,0,20,0,1,9,11,0,0,0,1,1,1,21,20,21,0.5825,9,1,0,end_cap,0
1092,19,3,1,300,20,0,2,0,22,0,1,13,9,0,0,0,2,2,2,24,22,24,0.5061,12,1,0,end_cap,1
1094,23,2,1,30,19,1,2,0,24,0,1,24,0,0,0,1,2,2,2,26,25,27,0.5274,10,0,0,still,0
1094,58,1,0,-1,18,0,1,0,23,0,1,23,0,0,0,0,1,1,2,24,23,25,0.5778,10,0,0,start_jam,0
1094,66,1,0,-1,17,0,1,0,20,0,0,20,0,0,0,0,0,0,0,20,20,20,0.6260,9,0,0,hop,1
1094,99,2,0,-1,9,1,3,0,11,0,0,11,0,0,0,0,0,0,0,11,11,11,0.4969,9,0,0,hop,1
1094,165,1,1,120,20,0,1,0,23,0,1,13,10,0,3,0,3,3,3,26,20,23,0.4036,11,1,0,still,0
1094,171,1,1,60,17,0,1,0,28,0,1,23,5,0,5,0,2,2,2,30,23,25,0.3842,10,1,0,still,0
1098,7,2,1,210,18,0,1,0,24,0,1,13,11,0,0,0,1,1,1,25,24,25,0.3904,8,1,0,still,0
1098,68,2,1,210,17,1,2,0,17,0,1,14,3,0,0,0,4,4,4,21,17,21,0.3256,6,1,0,still,0
1098,118,3,1,240,20,0,1,0,25,0,1,13,12,0,0,0,1,1,1,26,25,26,0.4000,11,1,0,still,0
1099,110,1,0,-1,11,1,4,0,13,0,0,13,0,0,0,0,0,0,0,13,13,13,0.6583,10,0,0,pending,0
1100,110,1,0,-1,11,1,4,0,13,0,0,13,0,0,0,0,0,0,0,13,13,13,0.6583,10,0,0,hop,1
1100,151,1,1,90,19,0,2,0,25,0,1,13,12,0,3,0,2,2,2,27,22,24,0.3966,10,1,0,still,0
1102,4,2,1,300,15,0,1,0,16,0,1,12,4,0,0,0,4,4,4,20,16,20,0.3260,6,1,0,end_cap,1
1102,145,1,1,150,15,1,2,0,17,0,1,15,2,0,2,0,3,3,3,20,15,18,0.3951,8,1,0,still,0
1102,170,2,1,240,18,5,7,0,22,0,1,12,10,0,0,1,1,1,1,23,23,24,0.5719,11,1,0,still,0
1102,183,1,1,60,19,1,2,0,22,0,1,13,9,0,2,0,2,2,2,24,20,22,0.5165,12,1,0,still,0
1103,139,1,1,210,18,0,2,0,23,0,1,13,10,0,3,0,2,2,2,25,20,22,0.5598,12,1,0,still,0
1103,154,2,1,300,17,0,1,0,22,0,1,18,4,0,1,0,1,1,1,23,21,22,0.3437,9,1,0,end_cap,1
1104,57,1,1,60,20,1,2,0,22,0,1,18,4,0,0,0,4,4,4,26,22,26,0.5775,11,1,0,still,0
1104,142,2,1,270,17,6,7,0,24,0,1,14,10,0,2,0,1,1,1,25,22,23,0.5978,12,1,0,still,0
1106,50,1,1,120,18,1,2,0,21,0,1,9,12,0,0,1,0,0,0,21,22,22,0.6209,10,1,0,still,0
1107,126,2,0,-1,18,0,1,1,24,0,1,13,11,0,3,0,1,1,1,25,21,22,0.3514,10,1,0,start_jam,0
1108,54,2,1,120,21,0,1,0,20,0,1,13,7,0,0,0,4,4,4,24,20,24,0.5752,12,1,0,still,0
1108,55,2,1,180,20,0,1,0,21,0,1,15,6,0,0,0,4,4,4,25,21,25,0.5108,12,1,0,still,0
1108,132,1,0,-1,20,4,5,0,23,0,0,23,0,0,0,1,0,0,0,23,24,24,0.6517,12,0,0,pending,0
1108,161,2,1,60,18,0,1,0,26,0,1,11,15,0,2,0,0,0,0,26,24,24,0.4284,10,1,0,still,0
1109,49,2,1,180,18,1,7,0,23,0,1,9,14,0,0,1,0,0,0,23,24,24,0.5606,10,1,0,still,0
1109,132,1,0,-1,20,4,5,0,23,0,0,23,0,0,0,1,0,0,0,23,24,24,0.6517,12,0,0,hop,1
1110,72,2,1,150,18,0,2,0,19,0,1,15,4,0,0,0,2,2,2,21,19,21,0.2861,5,0,1,still,0
1110,157,2,1,150,17,0,3,0,19,0,1,16,3,0,0,0,2,2,2,21,19,21,0.2693,6,0,0,still,0
1111,31,2,0,-1,21,3,5,0,26,0,0,26,0,0,0,1,0,0,0,26,27,27,0.5936,12,0,0,pending,0
1111,146,2,0,-1,15,1,2,0,19,0,1,13,6,0,1,0,2,2,2,21,18,20,0.3499,9,1,0,start_jam,0
1111,158,1,1,180,17,2,3,0,19,0,1,14,5,0,0,0,3,3,1,22,19,20,0.2590,5,0,1,still,0
1112,13,2,1,300,17,1,2,0,20,0,1,11,9,0,0,0,1,1,1,21,20,21,0.5936,11,1,0,end_cap,1
1112,16,1,1,180,18,0,2,0,22,0,1,10,12,0,0,0,0,0,0,22,22,22,0.5910,9,1,0,still,0
1112,31,2,0,-1,21,3,5,0,25,0,0,25,0,0,0,1,0,0,0,25,26,26,0.5936,12,0,0,hop,1
1112,83,1,1,30,20,0,2,0,19,0,1,14,5,0,0,0,4,4,4,23,19,23,0.5117,10,1,0,still,0
1112,85,1,1,90,19,0,2,0,22,0,1,20,2,0,0,1,2,2,3,24,23,26,0.5723,10,0,1,still,0
1112,135,1,1,150,22,0,1,0,31,1,0,30,1,0,3,0,0,0,0,31,28,28,0.3716,10,0,0,still,0
1112,166,2,1,30,20,0,1,0,25,0,1,17,8,0,2,0,4,4,4,29,23,27,0.3218,9,1,0,still,0
1112,182,1,1,210,19,1,2,0,25,0,1,14,11,0,3,0,1,1,1,26,22,23,0.5435,13,1,0,still,0
1113,6,2,1,240,17,0,1,0,23,0,1,13,10,0,0,0,1,1,1,24,23,24,0.3272,7,1,0,still,0
1113,124,1,0,-1,0,0,2,1,0,0,0,0,0,0,0,0,0,0,0,0,0,0,0.0000,0,0,0,pending,0
1114,124,1,0,-1,0,0,2,1,0,0,0,0,0,0,0,0,0,0,0,0,0,0,0.0000,0,0,0,hop,1
1115,140,1,1,90,18,0,2,0,22,0,1,14,8,0,2,0,1,1,1,23,20,21,0.5010,10,1,0,still,0
1115,172,1,1,180,20,0,1,0,31,1,1,28,3,0,4,0,1,1,1,32,27,28,0.4256,10,0,1,still,0
1115,199,1,1,300,17,1,3,0,19,0,1,14,5,0,0,0,4,4,2,23,19,21,0.3190,7,0,1,end_cap,1
1116,28,2,0,-1,22,0,2,0,27,0,0,27,0,0,1,0,0,0,0,27,26,26,0.5835,13,0,0,hop,1
1116,138,1,0,-1,21,0,1,0,29,0,0,29,0,0,3,0,0,0,0,29,26,26,0.4222,13,0,0,pending,0
1116,141,2,1,90,18,0,1,1,22,0,1,13,9,0,1,0,1,1,1,23,21,22,0.4870,11,1,0,still,0
1116,168,1,1,180,19,0,1,0,26,0,1,19,7,0,5,0,3,3,3,29,21,24,0.3741,10,1,0,still,0
1117,76,3,1,210,17,4,7,0,23,0,1,11,12,0,0,1,1,1,1,24,24,25,0.5953,12,1,0,still,0
1117,77,3,0,-1,17,0,7,0,25,0,1,10,15,0,1,0,1,1,1,26,24,25,0.6058,13,1,0,start_jam,0
1117,84,1,1,120,20,0,2,0,21,0,1,18,3,0,0,0,3,3,3,24,21,24,0.5359,10,1,0,still,0
1117,123,2,1,150,15,0,2,0,16,0,1,13,3,0,0,0,3,3,3,19,16,19,0.2993,7,1,0,still,0
1117,138,1,0,-1,21,0,1,0,29,0,0,29,0,0,3,0,0,0,0,29,26,26,0.4222,13,0,0,hop,1
1118,40,1,1,300,16,0,2,0,19,0,1,12,7,0,0,1,1,1,1,20,20,21,0.4331,8,1,0,end_cap,1
1119,8,2,1,30,19,0,1,0,25,0,1,13,12,0,0,0,0,0,0,25,25,25,0.3857,9,0,0,still,0
1120,159,1,1,300,13,1,2,0,12,0,1,10,2,0,0,0,4,4,4,16,12,16,0.2327,4,1,0,end_cap,1
1121,17,3,1,240,19,1,2,0,22,0,1,12,10,0,0,1,3,3,3,25,23,26,0.5358,12,1,0,still,0
1121,34,1,0,-1,7,1,4,0,8,0,0,8,0,0,1,0,0,0,0,8,7,7,0.3655,7,0,0,hop,1
1121,100,1,1,300,15,1,2,0,15,0,1,11,4,0,0,0,2,2,2,17,15,17,0.3324,5,1,0,end_cap,1
1123,67,2,0,-1,14,0,2,0,17,0,0,17,0,0,0,0,0,0,0,17,17,17,0.6562,11,0,0,pending,0
1124,23,2,1,60,19,1,2,0,24,0,1,23,1,0,0,1,2,2,2,26,25,27,0.5276,10,0,1,still,0
1124,58,1,1,30,18,0,1,0,23,0,1,23,0,0,0,0,1,1,2,24,23,25,0.5416,9,0,0,still,0
1124,67,2,0,-1,14,0,2,0,17,0,0,17,0,0,0,0,0,0,0,17,17,17,0.6562,11,0,0,hop,1
1124,165,1,1,150,21,0,1,0,22,0,1,13,9,0,2,0,4,4,4,26,20,24,0.3766,10,1,0,still,0
1124,171,1,1,90,17,0,1,0,28,0,1,23,5,0,5,0,2,2,2,30,23,25,0.3330,9,1,0,still,0
1125,169,1,0,-1,17,0,1,0,18,0,1,9,9,0,0,2,1,1,1,19,20,21,0.6351,10,1,0,start_jam,0
1126,62,2,0,-1,21,1,2,0,26,0,0,26,0,0,0,0,0,0,0,26,26,26,0.6064,13,0,0,pending,0
1127,62,2,0,-1,21,1,2,0,26,0,0,26,0,0,0,0,0,0,0,26,26,26,0.6064,13,0,0,hop,1
1128,7,2,1,240,18,0,1,0,24,0,1,13,11,0,0,0,1,1,1,25,24,25,0.3904,8,0,1,still,0
1128,68,2,1,240,17,1,2,0,19,0,1,16,3,0,0,0,2,2,2,21,19,21,0.3261,6,0,0,still,0
1128,118,3,1,270,19,0,1,0,26,0,1,12,14,0,1,0,0,0,0,26,25,25,0.4000,11,1,0,still,0
1130,151,1,1,120,19,0,3,0,26,0,1,12,14,0,3,0,1,1,1,27,23,24,0.3966,10,1,0,still,0
1132,145,1,1,180,15,1,2,0,18,0,1,15,3,0,2,0,2,2,2,20,16,18,0.3948,8,1,0,still,0
1132,170,2,1,270,18,5,7,0,22,0,1,10,12,0,0,1,1,1,1,23,23,24,0.5716,11,1,0,still,0
1132,183,1,1,90,19,1,2,0,23,0,1,12,11,0,2,0,1,1,1,24,21,22,0.5165,12,1,0,still,0
1133,97,3,0,-1,3,1,3,0,3,0,0,3,0,0,0,0,0,0,0,3,3,3,0.0892,3,0,0,pending,0
1133,136,2,0,-1,11,0,4,0,13,0,0,13,0,0,1,0,0,0,0,13,12,12,0.5668,11,0,0,pending,0
1133,139,1,1,240,18,0,2,0,24,0,1,12,12,0,3,0,1,1,1,25,21,22,0.5598,12,1,0,still,0
1134,1,2,0,-1,18,0,2,0,19,0,1,17,2,0,0,0,3,3,3,22,19,22,0.3647,7,1,0,start_jam,0
1134,57,1,1,90,20,1,2,0,21,0,1,17,4,0,0,0,4,4,4,25,21,25,0.5780,11,1,0,still,0
1134,97,3,0,-1,3,1,3,0,3,0,0,3,0,0,0,0,0,0,0,3,3,3,0.0892,3,0,0,hop,1
1134,136,2,0,-1,11,0,4,0,13,0,0,13,0,0,1,0,0,0,0,13,12,12,0.5668,11,0,0,hop,1
1134,142,2,1,300,17,6,7,0,24,0,1,11,13,0,2,0,1,1,1,25,22,23,0.5977,12,1,0,end_cap,1
1136,50,1,1,150,18,1,2,0,21,0,1,8,13,0,0,1,0,0,0,21,22,22,0.6209,10,1,0,still,0
1137,126,2,1,30,18,0,1,0,24,0,1,13,11,0,3,0,1,1,1,25,21,22,0.3514,10,1,0,still,0
1138,54,2,1,150,21,0,1,0,20,0,1,13,7,0,0,0,4,4,4,24,20,24,0.5755,12,1,0,still,0
1138,55,2,1,210,20,0,1,0,21,0,1,15,6,0,0,0,4,4,4,25,21,25,0.5111,12,1,0,still,0
1138,161,2,1,90,18,0,1,0,25,0,1,10,15,0,2,0,1,1,1,26,23,24,0.4284,10,1,0,still,0
1139,49,2,1,210,18,1,7,0,22,0,1,9,13,0,0,1,1,1,1,23,23,24,0.5606,10,1,0,still,0
1139,194,1,0,-1,18,1,3,0,26,0,1,13,13,0,4,0,0,0,0,26,22,22,0.4617,12,1,0,start_jam,0
1140,72,2,1,180,18,0,2,0,20,0,1,14,6,0,0,0,1,1,1,21,20,21,0.2879,5,1,0,still,0
1140,157,2,1,180,17,0,3,0,19,0,1,15,4,0,0,0,2,2,2,21,19,21,0.2694,6,0,0,still,0
1141,89,1,0,-1,22,1,2,0,25,0,0,25,0,0,0,1,0,0,0,25,26,26,0.6790,13,0,0,pending,0
1141,146,2,1,30,15,1,2,0,19,0,1,14,5,0,1,0,2,2,2,21,18,20,0.3497,9,1,0,still,0
1141,158,1,1,210,17,2,3,0,20,0,1,15,5,0,2,0,1,1,1,21,18,19,0.2586,5,1,0,still,0
1142,16,1,1,210,18,0,2,0,21,0,1,10,11,0,0,0,1,1,1,22,21,22,0.5910,9,1,0,still,0
1142,83,1,1,60,20,0,2,0,19,0,1,14,5,0,0,0,4,4,4,23,19,23,0.5124,10,1,0,still,0
1142,85,1,1,120,19,0,2,0,22,0,1,20,2,0,0,1,2,2,3,24,23,26,0.5724,10,0,1,still,0
1142,89,1,0,-1,22,1,2,0,25,0,0,25,0,0,0,1,0,0,0,25,26,26,0.6790,13,0,0,hop,1
1142,135,1,1,180,22,0,1,0,32,1,0,31,1,0,3,0,0,0,0,32,29,29,0.3981,11,0,0,still,0
1142,166,2,1,60,20,0,1,0,25,0,1,17,8,0,2,0,4,4,4,29,23,27,0.3233,9,1,0,still,0
1142,182,1,1,240,19,1,2,0,25,0,1,13,12,0,3,0,1,1,1,26,22,23,0.5434,13,1,0,still,0
1143,6,2,1,270,17,0,1,0,22,0,1,12,10,0,0,0,2,2,2,24,22,24,0.3920,8,1,0,still,0
1143,188,1,0,-1,16,1,2,0,19,0,1,16,3,0,2,0,3,3,3,22,17,20,0.4065,10,1,0,start_jam,0
1144,119,1,0,-1,19,2,3,0,25,0,1,12,13,0,3,1,0,0,0,25,23,23,0.4417,10,1,0,start_jam,0
1145,140,1,1,120,18,0,2,0,21,0,1,12,9,0,1,0,1,1,1,22,20,21,0.5011,10,1,0,still,0
1145,172,1,1,210,20,0,1,0,31,1,1,28,3,0,4,0,1,1,1,32,27,28,0.4256,10,0,1,still,0
1146,141,2,1,120,18,0,1,1,22,0,1,12,10,0,1,0,2,2,2,24,21,23,0.4878,11,1,0,still,0
1146,168,1,1,210,19,0,1,0,26,0,1,19,7,0,5,0,3,3,3,29,21,24,0.3741,10,1,0,still,0
1147,76,3,1,240,17,4,7,0,19,0,1,11,8,0,0,0,6,6,6,25,19,25,0.5953,12,1,0,still,0
1147,77,3,1,30,17,0,7,0,21,0,1,10,11,0,0,0,5,5,4,26,21,25,0.6058,13,1,0,still,0
1147,84,1,1,150,20,0,2,0,21,0,1,18,3,0,0,0,3,3,3,24,21,24,0.5011,9,1,0,still,0
1147,123,2,1,180,15,0,2,0,18,0,1,12,6,0,0,0,1,1,1,19,18,19,0.2993,7,1,0,still,0
1149,8,2,1,60,19,1,2,0,23,0,1,11,12,0,0,0,2,2,2,25,23,25,0.3857,9,1,0,still,0
1151,17,3,1,270,19,1,2,0,21,0,1,11,10,0,0,1,3,3,3,24,22,25,0.5354,12,1,0,still,0
1151,108,1,0,-1,16,0,3,0,18,0,0,18,0,0,1,1,0,0,0,18,18,18,0.6899,11,0,0,pending,0
1152,108,1,0,-1,16,0,3,0,18,0,0,18,0,0,1,1,0,0,0,18,18,18,0.6899,11,0,0,hop,1
1152,143,1,0,-1,21,0,3,0,25,0,0,25,0,0,0,0,0,0,0,25,25,25,0.7317,15,0,0,pending,0
1153,143,1,0,-1,21,0,3,0,25,0,0,25,0,0,0,0,0,0,0,25,25,25,0.7317,15,0,0,hop,1
1154,23,2,1,90,19,1,2,0,24,0,1,23,1,0,0,1,2,2,2,26,25,27,0.5276,10,0,1,still,0
1154,58,1,1,60,18,0,1,0,23,0,1,23,0,0,0,0,1,1,2,24,23,25,0.4694,8,0,0,still,0
1154,165,1,1,180,21,0,1,0,22,0,1,13,9,0,2,0,4,4,4,26,20,24,0.3766,10,1,0,still,0
1154,171,1,1,120,17,0,1,0,28,0,1,23,5,0,5,0,2,2,2,30,23,25,0.3330,9,1,0,still,0
1155,73,2,0,-1,9,0,3,0,9,0,0,9,0,0,0,0,0,0,0,9,9,9,0.3904,8,0,0,pending,0
1155,128,1,0,-1,19,0,1,0,23,0,1,16,7,0,4,0,4,4,4,27,19,23,0.3741,10,1,0,start_jam,0
1155,169,1,1,30,17,0,1,0,13,0,1,9,4,0,0,2,6,6,6,19,15,21,0.6343,10,1,0,still,0
1156,5,2,0,-1,15,1,2,0,20,0,1,12,8,0,0,0,2,2,2,22,20,22,0.3597,8,1,0,start_jam,0
1156,73,2,0,-1,9,0,3,0,9,0,0,9,0,0,0,0,0,0,0,9,9,9,0.3904,8,0,0,hop,1
1158,7,2,1,270,18,0,1,0,24,0,1,12,12,0,0,0,1,1,1,25,24,25,0.3904,8,0,1,still,0
1158,68,2,1,270,17,1,2,0,18,0,1,13,5,0,0,0,3,3,3,21,18,21,0.3245,6,1,0,still,0
1158,118,3,1,300,19,0,1,0,22,0,1,12,10,0,1,0,4,4,4,26,21,25,0.3999,11,1,0,end_cap,1
1160,151,1,1,150,18,2,3,0,21,0,1,12,9,0,3,0,5,5,5,26,18,23,0.4815,12,1,0,still,0
1162,114,1,0,-1,14,0,1,0,16,0,1,13,3,0,1,0,2,2,2,18,15,17,0.3519,7,1,0,start_jam,0
1162,145,1,1,210,15,1,2,0,18,0,1,14,4,0,2,0,2,2,2,20,16,18,0.3948,8,1,0,still,0
1162,170,2,1,300,18,5,7,0,17,0,1,10,7,0,0,1,6,6,6,23,18,24,0.5717,11,1,0,end_cap,1
1162,183,1,1,120,19,1,2,0,18,0,1,13,5,0,1,0,5,5,5,23,17,22,0.5981,13,1,0,still,0
1163,139,1,1,270,18,0,3,0,20,0,1,14,6,0,3,0,5,5,5,25,17,22,0.5598,12,1,0,still,0
1164,1,2,1,30,18,0,2,0,19,0,1,14,5,0,0,0,3,3,3,22,19,22,0.3625,7,1,0,still,0
1164,57,1,1,120,20,1,2,0,22,0,1,18,4,0,0,0,4,4,4,26,22,26,0.5784,11,1,0,still,0
1166,50,1,1,180,18,1,2,0,19,0,1,7,12,0,0,1,2,2,2,21,20,22,0.6209,10,1,0,still,0
1167,126,2,1,60,18,0,1,0,24,0,1,12,12,0,3,0,1,1,1,25,21,22,0.3514,10,1,0,still,0
1168,54,2,1,180,21,0,1,0,20,0,1,12,8,0,0,0,4,4,4,24,20,24,0.5757,12,1,0,still,0
1168,55,2,1,240,20,0,1,0,21,0,1,15,6,0,0,0,4,4,4,25,21,25,0.5112,12,1,0,still,0
1168,161,2,1,120,18,0,1,0,24,0,1,10,14,0,3,0,3,3,3,27,21,24,0.4284,10,1,0,still,0
1169,49,2,1,240,18,1,4,0,20,0,1,8,12,0,0,1,3,3,3,23,21,24,0.5607,10,1,0,still,0
1169,194,1,1,30,18,0,2,0,24,0,1,13,11,0,4,0,2,2,2,26,20,22,0.4611,12,1,0,still,0
1170,72,2,1,210,18,0,2,0,18,0,1,11,7,0,0,0,3,3,3,21,18,21,0.2872,5,1,0,still,0
1170,157,2,1,210,17,0,3,0,19,0,1,12,7,0,0,0,2,2,2,21,19,21,0.2695,6,0,0,still,0
1171,11,1,0,-1,19,0,1,0,21,0,1,10,11,0,0,0,3,3,3,24,21,24,0.5197,9,1,0,start_jam,0
1171,146,2,1,60,14,1,2,0,19,0,1,12,7,0,1,0,2,2,2,21,18,20,0.3496,9,1,0,still,0
1171,158,1,1,240,17,2,3,0,19,0,1,12,7,0,2,0,2,2,2,21,17,19,0.2587,5,1,0,still,0
1172,16,1,1,240,18,0,2,0,21,0,1,9,12,0,0,0,1,1,1,22,21,22,0.5910,9,1,0,still,0
1172,83,1,1,90,20,0,2,0,19,0,1,14,5,0,0,0,4,4,4,23,19,23,0.5123,10,1,0,still,0
1172,85,1,1,150,19,0,2,0,21,0,1,19,2,0,0,1,2,2,3,23,22,25,0.5723,10,0,1,still,0
1172,135,1,1,210,22,0,1,0,31,1,0,30,1,0,3,0,0,0,0,31,28,28,0.3981,11,0,0,still,0
1172,166,2,1,90,20,0,1,0,25,0,1,16,9,0,2,0,4,4,4,29,23,27,0.3235,9,1,0,still,0
1172,182,1,1,270,19,1,3,0,25,0,1,14,11,0,3,0,2,2,2,27,22,24,0.5438,13,1,0,still,0
1173,6,2,1,300,16,0,1,0,22,0,1,11,11,0,0,0,2,2,2,24,22,24,0.3917,8,1,0,end_cap,1
1173,188,1,1,30,16,1,2,0,18,0,1,14,4,0,2,0,3,3,3,21,16,19,0.4065,10,1,0,still,0
1174,119,1,1,30,19,1,2,0,24,0,1,12,12,0,3,1,1,1,1,25,22,23,0.4416,10,1,0,still,0
1175,140,1,1,150,19,0,2,0,20,0,1,13,7,0,1,0,2,2,2,22,19,21,0.5011,10,1,0,still,0
1175,172,1,1,240,20,0,1,0,31,1,1,28,3,0,4,0,1,1,1,32,27,28,0.4256,10,0,1,still,0
1176,141,2,1,150,18,0,1,0,21,0,1,13,8,0,1,0,3,3,3,24,20,23,0.4892,11,1,0,still,0
1176,168,1,1,240,19,0,1,0,26,0,1,19,7,0,5,0,3,3,3,29,21,24,0.3741,10,1,0,still,0
1177,76,3,1,270,17,1,2,0,21,0,1,11,10,0,0,1,3,3,3,24,22,25,0.5953,12,1,0,still,0
1177,77,3,1,60,17,0,4,0,23,0,1,9,14,0,1,0,3,3,3,26,22,25,0.6060,13,1,0,still,0
1177,84,1,1,180,20,0,2,0,21,0,1,18,3,0,0,0,3,3,3,24,21,24,0.5365,10,1,0,still,0
1177,86,1,0,-1,20,0,1,0,26,0,1,26,0,0,0,0,0,0,1,26,26,27,0.5753,10,0,0,start_jam,0
1177,123,2,1,210,15,0,2,0,15,0,1,10,5,0,0,0,4,4,4,19,15,19,0.2993,7,1,0,still,0
1179,8,2,1,90,19,1,2,0,26,0,1,13,13,0,1,0,0,0,0,26,25,25,0.3859,9,1,0,still,0
1181,17,3,1,300,19,1,2,0,21,0,1,9,12,0,0,1,3,3,3,24,22,25,0.5348,12,1,0,end_cap,1
1182,15,1,0,-1,17,3,4,0,20,0,1,10,10,0,0,0,2,2,2,22,20,22,0.6220,10,1,0,start_jam,0
1182,189,1,0,-1,15,0,2,0,21,0,1,15,6,0,3,0,1,1,1,22,18,19,0.3624,9,1,0,start_jam,0
1184,23,2,1,120,19,1,2,0,24,0,1,22,2,0,0,1,2,2,2,26,25,27,0.5269,10,1,0,still,0
1184,58,1,1,90,18,0,1,0,23,0,1,22,1,0,0,0,1,1,2,24,23,25,0.5415,9,1,0,still,0
1184,165,1,1,210,21,0,1,0,22,0,1,11,11,0,2,0,4,4,4,26,20,24,0.3766,10,1,0,still,0
1184,171,1,1,150,17,0,1,0,28,0,1,22,6,0,5,0,2,2,2,30,23,25,0.3330,9,1,0,still,0
1185,128,1,1,30,19,0,1,0,23,0,1,15,8,0,4,0,4,4,4,27,19,23,0.3743,10,1,0,still,0
1185,169,1,1,60,17,0,1,0,17,0,1,10,7,0,0,2,2,2,2,19,19,21,0.6349,10,1,0,still,0
1186,5,2,1,30,15,1,2,0,22,0,1,13,9,0,0,0,0,0,0,22,22,22,0.3607,8,1,0,still,0
1187,90,1,0,-1,20,1,3,0,25,0,0,25,0,0,0,0,0,0,0,25,25,25,0.7640,15,0,0,pending,0
1188,7,2,1,300,18,0,1,0,25,0,1,12,13,0,0,0,0,0,0,25,25,25,0.3896,8,1,0,end_cap,1
1188,68,2,1,300,17,1,2,0,18,0,1,13,5,0,0,0,3,3,3,21,18,21,0.3235,6,1,0,end_cap,1
1188,90,1,0,-1,20,1,3,0,25,0,0,25,0,0,0,0,0,0,0,25,25,25,0.7641,15,0,0,hop,1
1189,14,1,0,-1,19,0,1,0,18,0,1,9,9,0,0,2,2,2,2,20,20,22,0.5910,10,1,0,start_jam,0
1189,152,1,0,-1,4,3,8,0,5,0,0,5,0,0,0,0,0,0,0,5,5,5,0.2214,4,0,0,pending,0
1190,151,1,1,180,18,2,3,0,25,0,1,11,14,0,3,0,1,1,1,26,22,23,0.4819,12,1,0,still,0
1190,152,1,0,-1,4,3,8,0,5,0,0,5,0,0,0,0,0,0,0,5,5,5,0.2213,4,0,0,hop,1
1191,75,1,0,-1,3,2,4,0,4,0,0,4,0,0,0,0,0,0,0,4,4,4,0.1842,3,0,0,hop,1
1192,114,1,1,30,14,0,1,0,17,0,1,14,3,0,1,0,1,1,1,18,16,17,0.3519,7,1,0,still,0
1192,145,1,1,240,15,1,2,0,18,0,1,15,3,0,2,0,2,2,2,20,16,18,0.3948,8,1,0,still,0
1192,183,1,1,150,20,1,2,0,22,0,1,12,10,0,1,0,1,1,1,23,21,22,0.5438,12,1,0,still,0
1193,139,1,1,300,18,0,3,0,24,0,1,12,12,0,2,0,1,1,1,25,22,23,0.5599,12,1,0,end_cap,0
1193,195,1,0,-1,17,0,1,0,18,0,1,14,4,0,2,0,4,4,4,22,16,20,0.4021,11,1,0,start_jam,0
1194,1,2,1,60,18,0,2,0,18,0,1,14,4,0,0,0,4,4,4,22,18,22,0.3669,7,1,0,still,0
1194,44,1,0,-1,19,0,2,0,22,0,1,8,14,0,0,2,0,0,0,22,24,24,0.4698,8,1,0,start_jam,0
1194,57,1,1,150,20,1,2,0,22,0,1,17,5,0,0,0,4,4,4,26,22,26,0.5780,11,1,0,still,0
1194,153,1,0,-1,17,0,1,0,17,0,1,13,4,0,2,0,4,4,4,21,15,19,0.3782,9,1,0,start_jam,0
1196,50,1,1,210,19,1,2,0,18,0,1,9,9,0,0,1,4,4,4,22,19,23,0.6206,10,1,0,still,0
1197,126,2,1,90,18,0,1,0,21,0,1,12,9,0,3,0,4,4,4,25,18,22,0.3514,10,1,0,still,0
1198,54,2,1,210,21,0,1,0,19,0,1,11,8,0,0,0,5,5,5,24,19,24,0.5754,12,1,0,still,0
1198,55,2,1,270,20,0,1,0,21,0,1,14,7,0,0,0,4,4,4,25,21,25,0.5111,12,1,0,still,0
1198,111,1,0,-1,2,1,5,0,2,0,0,2,0,0,0,0,0,0,0,2,2,2,0.0353,1,0,0,pending,0
1198,161,2,1,150,18,0,1,0,23,0,1,11,12,0,3,0,4,4,4,27,20,24,0.4284,10,1,0,still,0
1199,49,2,1,270,18,1,4,0,19,0,1,9,10,0,0,1,4,4,4,23,20,24,0.5605,10,1,0,still,0
1199,111,1,0,-1,2,1,9,0,2,0,0,2,0,0,0,0,0,0,0,2,2,2,0.0353,1,0,0,hop,1
1199,194,1,1,60,18,0,2,0,26,0,1,10,16,0,4,0,0,0,0,26,22,22,0.4618,12,1,0,still,0
1200,72,2,1,240,18,0,2,0,16,0,1,10,6,0,0,0,5,5,5,21,16,21,0.2875,5,1,0,still,0
1200,157,2,1,240,17,0,3,0,18,0,1,12,6,0,0,0,3,3,3,21,18,21,0.2695,6,1,0,still,0
1201,11,1,1,30,19,0,1,0,23,0,1,10,13,0,0,0,1,1,1,24,23,24,0.5189,9,1,0,still,0
1201,146,2,1,90,13,1,2,0,20,0,1,14,6,0,1,0,1,1,1,21,19,20,0.3480,9,1,0,still,0
1201,158,1,1,270,17,2,3,0,17,0,1,11,6,0,2,0,4,4,4,21,15,19,0.2587,5,1,0,still,0
1202,16,1,1,270,18,0,2,0,18,0,1,10,8,0,0,0,4,4,4,22,18,22,0.5904,9,1,0,still,0
1202,83,1,1,120,20,0,2,0,19,0,1,13,6,0,0,0,4,4,4,23,19,23,0.5119,10,1,0,still,0
1202,85,1,1,180,19,0,2,0,21,0,1,18,3,0,0,1,2,2,3,23,22,25,0.5722,10,1,0,still,0
1202,135,1,1,240,22,0,1,0,31,1,0,29,2,0,3,0,0,0,0,31,28,28,0.3981,11,0,0,still,0
1202,166,2,1,120,20,0,1,0,24,0,1,15,9,0,2,0,5,5,5,29,22,27,0.3235,9,1,0,still,0
1202,182,1,1,300,19,1,3,0,25,0,1,12,13,0,2,0,1,1,1,26,23,24,0.5435,13,1,0,end_cap,0
1202,186,1,0,-1,15,1,3,0,22,0,0,22,0,0,4,0,0,0,0,22,18,18,0.7082,12,0,0,hop,1
1203,56,1,0,-1,21,1,2,0,20,0,1,13,7,0,0,0,5,5,5,25,20,25,0.5525,11,1,0,start_jam,0
1203,188,1,1,60,16,1,2,0,19,0,1,14,5,0,2,0,2,2,2,21,17,19,0.4065,10,1,0,still,0
1204,110,1,0,-1,11,1,4,0,12,0,0,12,0,0,0,1,0,0,0,12,13,13,0.6584,10,0,0,hop,1
1204,119,1,1,60,19,1,2,0,25,0,1,11,14,0,3,1,0,0,0,25,23,23,0.4417,10,1,0,still,0
1205,140,1,1,180,19,0,2,0,21,0,1,12,9,0,1,0,1,1,1,22,20,21,0.5896,11,1,0,still,0
1205,172,1,1,270,20,0,1,0,30,0,1,26,4,0,4,0,1,1,1,31,26,27,0.3458,9,0,1,still,0
1206,141,2,1,180,18,0,1,0,22,0,1,12,10,0,1,0,2,2,2,24,21,23,0.4912,11,1,0,still,0
1206,168,1,1,270,19,0,1,0,26,0,1,17,9,0,5,0,3,3,3,29,21,24,0.3741,10,1,0,still,0
1207,76,3,1,300,17,1,2,0,21,0,1,10,11,0,0,1,3,3,3,24,22,25,0.5953,12,1,0,end_cap,1
1207,77,3,1,90,17,0,4,0,21,0,1,9,12,0,1,0,5,5,5,26,20,25,0.6059,13,1,0,still,0
1207,84,1,1,210,20,0,2,0,21,0,1,17,4,0,0,0,3,3,3,24,21,24,0.5356,10,1,0,still,0
1207,86,1,1,30,19,0,1,0,26,0,1,26,0,0,0,0,0,0,1,26,26,27,0.5751,10,0,0,still,0
1207,113,1,0,-1,16,0,2,0,18,0,1,13,5,0,2,0,2,2,2,20,16,18,0.2641,6,1,0,start_jam,0
1207,123,2,1,240,15,0,2,0,13,0,1,8,5,0,0,0,6,6,6,19,13,19,0.2993,7,1,0,still,0
1209,8,2,1,120,19,1,2,0,26,0,1,13,13,0,1,0,0,0,0,26,25,25,0.3835,9,1,0,still,0
1212,10,1,0,-1,20,1,2,0,24,0,1,9,15,0,0,0,0,0,0,24,24,24,0.5425,9,1,0,start_jam,0
1212,15,1,1,30,17,3,4,0,19,0,1,9,10,0,0,0,3,3,3,22,19,22,0.6279,10,1,0,still,0
1212,101,3,0,-1,7,7,9,0,8,0,0,8,0,0,0,0,0,0,0,8,8,8,0.2673,7,0,0,hop,1
1212,189,1,1,30,15,0,2,0,20,0,1,13,7,0,3,0,2,2,2,22,17,19,0.4142,10,1,0,still,0
1213,4,2,0,-1,14,0,1,0,18,0,1,11,7,0,0,0,1,1,1,19,18,19,0.3573,7,1,0,start_jam,0
1214,23,2,1,150,19,1,2,0,24,0,1,22,2,0,0,1,2,2,2,26,25,27,0.5255,10,1,0,still,0
1214,58,1,1,120,18,0,1,0,23,0,1,22,1,0,0,0,1,1,2,24,23,25,0.5414,9,1,0,still,0
1214,165,1,1,240,21,0,1,0,20,0,1,10,10,0,2,0,6,6,6,26,18,24,0.3766,10,1,0,still,0
1214,171,1,1,180,17,0,1,0,28,0,1,22,6,0,5,0,2,2,2,30,23,25,0.3330,9,1,0,still,0
1215,99,2,0,-1,9,1,3,0,10,0,0,10,0,0,0,0,0,0,0,10,10,10,0.5301,10,0,0,pending,0
1215,128,1,1,60,19,0,1,0,23,0,1,14,9,0,4,0,4,4,4,27,19,23,0.3743,10,1,0,still,0
1215,169,1,1,90,17,0,1,0,17,0,1,11,6,0,0,2,2,2,2,19,19,21,0.6352,10,1,0,still,0
1216,5,2,1,60,15,1,2,0,22,0,1,13,9,0,0,0,0,0,0,22,22,22,0.3607,8,1,0,still,0
1216,99,2,0,-1,9,1,3,0,10,0,0,10,0,0,0,0,0,0,0,10,10,10,0.5301,10,0,0,hop,1
1219,14,1,1,30,18,0,1,1,18,0,1,10,8,0,0,1,2,2,2,20,19,21,0.5910,10,1,0,still,0
1220,19,3,0,-1,20,0,2,0,20,0,1,10,10,0,0,0,5,5,5,25,20,25,0.5010,12,1,0,start_jam,0
1220,71,2,0,-1,10,0,1,0,11,0,0,11,0,0,0,0,0,0,0,11,11,11,0.4905,9,0,0,pending,0
1220,151,1,1,210,18,2,3,0,24,0,1,12,12,0,3,0,2,2,2,26,21,23,0.4817,12,1,0,still,0
1221,71,2,0,-1,10,0,1,0,11,0,0,11,0,0,0,0,0,0,0,11,11,11,0.4908,9,0,0,hop,1
1221,103,1,0,-1,5,5,7,0,6,0,0,6,0,0,0,0,0,0,0,6,6,6,0.2576,5,0,0,hop,1
1222,114,1,1,60,14,0,1,0,17,0,1,11,6,0,1,0,1,1,1,18,16,17,0.3518,7,1,0,still,0
1222,145,1,1,270,15,1,2,0,19,0,1,12,7,0,2,0,1,1,1,20,17,18,0.3948,8,1,0,still,0
1222,183,1,1,180,20,1,2,0,21,0,1,12,9,0,1,0,2,2,2,23,20,22,0.5438,12,1,0,still,0
1223,9,1,0,-1,20,0,2,0,23,0,1,10,13,0,0,0,1,1,1,24,23,24,0.5062,9,1,0,start_jam,0
1223,127,1,0,-1,20,0,1,0,20,0,1,9,11,0,3,0,6,6,6,26,17,23,0.3773,10,1,0,start_jam,0
1223,195,1,1,30,17,0,1,0,18,0,1,10,8,0,2,0,4,4,4,22,16,20,0.4021,11,1,0,still,0
1224,1,2,1,90,18,0,2,0,18,0,1,10,8,0,0,0,4,4,4,22,18,22,0.3631,7,1,0,still,0
1224,44,1,1,30,19,0,2,0,21,0,1,10,11,0,0,2,1,1,1,22,23,24,0.4326,7,1,0,still,0
1224,57,1,1,180,20,1,2,0,22,0,1,17,5,0,0,0,4,4,4,26,22,26,0.5767,11,1,0,still,0
1224,153,1,1,30,17,0,1,0,18,0,1,10,8,0,2,0,4,4,4,22,16,20,0.3782,9,1,0,still,0
1225,109,2,0,-1,12,2,4,0,15,0,0,15,0,0,0,0,0,0,0,15,15,15,0.6189,11,0,0,hop,1
1226,50,1,1,240,19,1,2,0,18,0,1,6,12,0,0,1,4,4,4,22,19,23,0.6209,10,1,0,still,0
1227,126,2,1,120,18,0,1,0,21,0,1,9,12,0,3,0,4,4,4,25,18,22,0.3514,10,1,0,still,0
1227,154,2,0,-1,17,0,1,0,19,0,1,10,9,0,1,0,4,4,4,23,18,22,0.3437,9,1,0,start_jam,0
1228,54,2,1,240,21,0,1,0,19,0,1,10,9,0,0,0,5,5,5,24,19,24,0.5755,12,1,0,still,0
1228,55,2,1,300,20,0,1,0,21,0,1,13,8,0,0,0,4,4,4,25,21,25,0.5749,13,1,0,end_cap,1
1228,161,2,1,180,18,0,1,0,23,0,1,9,14,0,3,0,4,4,4,27,20,24,0.4284,10,1,0,still,0
1229,3,2,0,-1,14,0,1,0,17,0,1,9,8,0,0,0,3,3,3,20,17,20,0.3585,6,1,0,start_jam,0
1229,49,2,1,300,18,1,4,0,18,0,1,7,11,0,0,1,5,5,5,23,19,24,0.5605,10,1,0,end_cap,1
1229,194,1,1,90,18,0,2,0,25,0,1,11,14,0,4,0,1,1,1,26,21,22,0.4618,12,1,0,still,0
1230,72,2,1,270,18,0,2,0,14,0,1,6,8,0,0,0,7,7,7,21,14,21,0.2877,5,1,0,still,0
1230,157,2,1,270,17,0,3,0,16,0,1,8,8,0,0,0,5,5,5,21,16,21,0.2695,6,1,0,still,0
1230,174,1,0,-1,16,2,3,0,22,0,0,22,0,0,3,1,0,0,0,22,20,20,0.6307,11,0,0,pending,0
1231,11,1,1,60,19,0,1,0,22,0,1,13,9,0,0,0,2,2,2,24,22,24,0.5173,9,1,0,still,0
1231,146,2,1,120,13,1,2,0,19,0,1,10,9,0,1,0,1,1,1,20,18,19,0.3494,9,1,0,still,0
1231,158,1,1,300,17,2,3,0,13,0,1,6,7,0,1,0,7,7,6,20,12,18,0.2587,5,1,0,end_cap,1
1231,174,1,0,-1,16,2,3,0,22,0,0,22,0,0,3,1,0,0,0,22,20,20,0.6309,11,0,0,hop,1
1232,16,1,1,300,18,0,2,0,17,0,1,8,9,0,0,0,5,5,5,22,17,22,0.5910,9,1,0,end_cap,1
1232,26,3,0,-1,20,0,2,0,28,0,0,28,0,0,0,0,0,0,0,28,28,28,0.5815,14,0,0,pending,0
1232,83,1,1,150,20,0,2,0,19,0,1,13,6,0,0,0,4,4,4,23,19,23,0.5115,10,1,0,still,0
1232,85,1,1,210,19,0,2,0,21,0,1,18,3,0,0,1,2,2,3,23,22,25,0.5720,10,1,0,still,0
1232,135,1,1,270,22,0,1,0,31,1,0,29,2,0,3,0,0,0,0,31,28,28,0.3981,11,0,0,still,0
1232,166,2,1,150,20,0,1,0,23,0,1,15,8,0,1,0,6,6,5,29,22,27,0.3732,10,1,0,still,0
1232,179,1,0,-1,1,0,8,1,1,0,0,1,0,0,0,0,0,0,0,1,1,1,0.0369,1,0,0,hop,1
1233,13,2,0,-1,17,1,2,0,19,0,1,12,7,0,0,0,2,2,2,21,19,21,0.5936,11,1,0,start_jam,0
1233,26,3,0,-1,20,0,2,0,28,0,0,28,0,0,0,0,0,0,0,28,28,28,0.5814,14,0,0,hop,1
1233,56,1,1,30,21,1,2,0,20,0,1,13,7,0,0,0,5,5,5,25,20,25,0.5515,11,1,0,still,0
1233,188,1,1,90,16,1,2,0,18,0,1,9,9,0,2,0,3,3,3,21,16,19,0.4065,10,1,0,still,0
1234,65,1,0,-1,18,2,5,0,24,0,0,24,0,0,1,0,0,0,0,24,23,23,0.5595,10,0,0,pending,0
1234,119,1,1,90,19,1,2,0,24,0,1,11,13,0,3,1,1,1,1,25,22,23,0.4418,10,1,0,still,0
1235,65,1,0,-1,18,2,5,0,24,0,0,24,0,0,1,0,0,0,0,24,23,23,0.5596,10,0,0,hop,1
1235,140,1,1,210,19,0,2,1,20,0,1,13,7,0,1,0,2,2,2,22,19,21,0.5012,10,1,0,still,0
1235,172,1,1,300,20,0,1,0,31,1,1,27,4,0,4,0,1,1,1,32,27,28,0.4256,10,0,1,end_cap,1
1236,141,2,1,210,18,0,1,0,20,0,1,14,6,0,1,0,4,4,4,24,19,23,0.4925,11,1,0,still,0
1236,168,1,1,300,19,0,1,0,29,0,1,19,10,0,5,0,0,0,0,29,24,24,0.3741,10,1,0,end_cap,1
1237,77,3,1,120,19,0,4,0,21,0,1,10,11,0,0,0,4,4,4,25,21,25,0.5472,12,1,0,still,0
1237,84,1,1,240,20,0,2,0,24,0,1,18,6,0,0,0,0,0,0,24,24,24,0.5353,10,1,0,still,0
1237,86,1,1,60,19,0,1,0,26,0,1,26,0,0,0,1,0,0,0,26,27,27,0.5739,10,0,0,still,0
1237,113,1,1,30,16,0,2,0,17,0,1,9,8,0,2,0,3,3,3,20,15,18,0.2641,6,1,0,still,0
1237,123,2,1,270,15,0,2,0,14,0,1,6,8,0,0,0,5,5,5,19,14,19,0.2994,7,1,0,still,0
1239,8,2,1,150,20,0,2,0,25,0,1,11,14,0,0,0,1,1,1,26,25,26,0.3813,9,1,0,still,0
1239,132,1,0,-1,20,4,5,0,23,0,0,23,0,0,0,1,0,0,0,23,24,24,0.6568,12,0,0,hop,1
1240,176,1,0,-1,22,0,1,0,30,0,0,29,1,0,3,0,0,0,0,30,27,27,0.3689,11,0,0,hop,1
1241,35,2,0,-1,18,0,1,0,16,0,1,8,8,0,0,0,5,5,5,21,16,21,0.3816,7,1,0,start_jam,0
1241,180,1,0,-1,21,0,1,1,27,0,0,27,0,0,3,0,0,0,0,27,24,24,0.4740,14,0,0,pending,0
1242,10,1,1,30,20,1,2,0,23,0,1,10,13,0,0,0,1,1,1,24,23,24,0.5408,9,1,0,still,0
1242,15,1,1,60,17,3,4,0,19,0,1,10,9,0,0,0,3,3,3,22,19,22,0.6274,10,1,0,still,0
1242,40,1,0,-1,17,0,2,0,19,0,1,9,10,0,0,1,1,1,1,20,20,21,0.4335,8,1,0,start_jam,0
1242,180,1,0,-1,21,0,1,1,27,0,0,27,0,0,3,0,0,0,0,27,24,24,0.4740,14,0,0,hop,1
1242,189,1,1,60,15,0,2,0,19,0,1,9,10,0,3,0,3,3,3,22,16,19,0.4142,10,1,0,still,0
1243,4,2,1,30,14,0,1,0,18,0,1,8,10,0,0,0,1,1,1,19,18,19,0.3573,7,1,0,still,0
1243,47,2,0,-1,19,0,2,0,19,0,1,12,7,0,0,1,3,3,3,22,20,23,0.6496,12,1,0,start_jam,0
1243,115,2,0,-1,16,0,2,0,20,0,1,8,12,0,1,0,2,2,2,22,19,21,0.3504,9,1,0,start_jam,0
1244,23,2,1,180,19,1,2,0,26,0,1,23,3,0,0,1,0,0,0,26,27,27,0.5255,10,1,0,still,0
1244,58,1,1,150,18,0,1,0,24,0,1,22,2,0,0,1,0,0,0,24,25,25,0.4692,8,1,0,still,0
1244,165,1,1,270,21,0,1,0,25,0,1,12,13,0,2,0,1,1,1,26,23,24,0.3766,10,1,0,still,0
1244,171,1,1,210,17,0,1,0,30,0,1,23,7,0,5,0,0,0,0,30,25,25,0.3320,9,1,0,still,0
1245,128,1,1,90,19,0,1,0,27,0,1,17,10,0,4,0,0,0,0,27,23,23,0.3746,10,1,0,still,0
1245,169,1,1,120,17,0,1,0,17,0,1,12,5,0,0,0,3,3,4,20,17,21,0.7067,11,1,0,still,0
1246,5,2,1,90,15,1,2,0,21,0,1,9,12,0,0,0,1,1,1,22,21,22,0.3607,8,1,0,still,0
1249,14,1,1,60,18,0,1,0,17,0,1,11,6,0,0,1,3,3,3,20,18,21,0.5910,10,1,0,still,0
1250,19,3,1,30,20,0,2,0,25,0,1,13,12,0,0,0,0,0,0,25,25,25,0.5033,12,1,0,still,0
1250,124,1,0,-1,0,0,1,1,0,0,0,0,0,0,0,0,0,0,0,0,0,0,0.0000,0,0,0,hop,1
1250,151,1,1,240,18,2,3,0,23,0,1,12,11,0,3,0,3,3,3,26,20,23,0.4817,12,1,0,still,0
1251,92,1,0,-1,17,1,5,0,22,0,0,22,0,0,0,0,0,0,0,22,22,22,0.6996,11,0,0,hop,1
1252,114,1,1,90,14,0,1,0,17,0,1,7,10,0,1,0,1,1,1,18,16,17,0.3518,7,1,0,still,0
1252,145,1,1,300,15,1,2,0,18,0,1,8,10,0,2,0,2,2,2,20,16,18,0.3948,8,1,0,end_cap,1
1252,183,1,1,210,20,1,2,0,20,0,1,12,8,0,1,0,3,3,3,23,19,22,0.5439,12,1,0,still,0
1253,9,1,1,30,20,0,1,0,22,0,1,9,13,0,0,0,2,2,2,24,22,24,0.5045,9,1,0,still,0
1253,127,1,1,30,20,0,1,0,24,0,1,12,12,0,3,0,2,2,2,26,21,23,0.3773,10,1,0,still,0
1253,149,1,0,-1,19,0,1,0,23,0,1,9,14,0,2,0,2,2,2,25,21,23,0.3526,8,1,0,start_jam,0
1253,195,1,1,60,17,0,1,0,21,0,1,6,15,0,2,0,1,1,1,22,19,20,0.4022,11,1,0,still,0
1254,1,2,1,120,18,0,2,0,20,0,1,6,14,0,0,0,1,1,1,21,20,21,0.3628,7,1,0,still,0
1254,44,1,1,60,19,0,2,0,20,0,1,10,10,0,0,2,2,2,2,22,22,24,0.4316,7,1,0,still,0
1254,57,1,1,210,20,1,2,0,25,0,1,18,7,0,0,0,0,0,0,25,25,25,0.5772,11,1,0,still,0
1254,153,1,1,60,17,0,1,0,21,0,1,6,15,0,2,0,1,1,1,22,19,20,0.3782,9,1,0,still,0
1255,89,1,0,-1,22,1,2,0,25,0,0,25,0,0,0,1,0,0,0,25,26,26,0.6783,13,0,0,pending,0
1255,142,2,0,-1,17,0,1,0,19,0,1,12,7,0,1,0,6,6,5,25,18,23,0.6000,12,1,0,start_jam,0
1256,50,1,1,270,19,1,2,0,18,0,1,8,10,0,0,1,4,4,4,22,19,23,0.6541,11,1,0,still,0
1256,88,1,0,-1,22,0,3,0,25,0,0,25,0,0,0,1,0,0,0,25,26,26,0.5381,11,0,0,pending,0
1256,89,1,0,-1,22,1,2,0,25,0,0,25,0,0,0,1,0,0,0,25,26,26,0.6783,13,0,0,hop,1
1257,88,1,0,-1,22,0,3,0,25,0,0,25,0,0,0,1,0,0,0,25,26,26,0.5381,11,0,0,hop,1
1257,126,2,1,150,18,0,1,0,22,0,1,11,11,0,3,0,3,3,3,25,19,22,0.3514,10,1,0,still,0
1257,154,2,1,30,17,0,1,0,22,0,1,6,16,0,1,0,1,1,1,23,21,22,0.3437,9,1,0,still,0
1258,54,2,1,270,21,0,1,0,24,0,1,13,11,0,0,0,0,0,0,24,24,24,0.5747,12,1,0,still,0
1258,161,2,1,210,18,0,1,0,23,0,1,11,12,0,3,0,4,4,4,27,20,24,0.4284,10,1,0,still,0
1259,3,2,1,30,14,0,1,0,18,0,1,7,11,0,0,0,2,2,2,20,18,20,0.3586,6,1,0,still,0
1259,194,1,1,120,18,0,2,0,24,0,1,9,15,0,4,0,2,2,2,26,20,22,0.4618,12,1,0,still,0
1260,72,2,1,300,18,0,2,0,18,0,1,5,13,0,0,0,3,3,3,21,18,21,0.2877,5,1,0,end_cap,1
1260,143,1,0,-1,21,0,1,0,25,0,0,25,0,0,0,1,0,0,0,25,26,26,0.7352,15,0,0,pending,0
1260,157,2,1,300,17,0,3,0,18,0,1,6,12,0,0,0,3,3,3,21,18,21,0.2694,6,1,0,end_cap,1
1261,11,1,1,90,19,0,1,0,21,0,1,11,10,0,0,0,3,3,3,24,21,24,0.5158,9,1,0,still,0
1261,143,1,0,-1,21,0,1,0,25,0,0,25,0,0,0,1,0,0,0,25,26,26,0.7353,15,0,0,hop,1
1261,146,2,1,150,13,1,2,0,18,0,1,6,12,0,0,0,2,2,1,20,18,19,0.3495,9,1,0,still,0
1262,83,1,1,180,20,0,2,0,23,0,1,15,8,0,0,0,0,0,0,23,23,23,0.4753,9,1,0,still,0
1262,85,1,1,240,18,0,2,0,23,0,1,19,4,0,0,2,0,0,0,23,25,25,0.5720,10,1,0,still,0
1262,135,1,1,300,22,0,1,0,31,1,0,29,2,0,3,0,0,0,0,31,28,28,0.3713,10,0,0,end_cap,1
1262,166,2,1,180,20,0,1,0,28,0,1,17,11,0,2,0,0,0,0,28,26,26,0.3235,9,1,0,still,0
1263,13,2,1,30,17,1,2,0,19,0,1,10,9,0,0,0,3,3,3,22,19,22,0.5936,11,1,0,still,0
1263,56,1,1,60,21,1,2,0,24,0,1,15,9,0,0,0,0,0,0,24,24,24,0.5158,10,1,0,still,0
1263,188,1,1,120,16,1,2,0,18,0,1,6,12,0,2,0,3,3,3,21,16,19,0.4334,11,1,0,still,0
1264,119,1,1,120,19,1,2,0,23,0,1,9,14,0,3,1,2,2,2,25,21,23,0.4418,10,1,0,still,0
1265,140,1,1,240,19,0,2,0,19,0,1,11,8,0,1,0,3,3,3,22,18,21,0.5896,11,1,0,still,0
1266,91,1,0,-1,21,1,2,0,26,0,0,26,0,0,0,0,0,0,0,26,26,26,0.6445,13,0,0,pending,0
1266,141,2,1,240,18,0,1,0,20,0,1,12,8,0,1,0,5,5,5,25,19,24,0.4936,11,1,0,still,0
1267,77,3,1,150,19,0,4,0,22,0,1,11,11,0,0,0,4,4,4,26,22,26,0.6058,13,1,0,still,0
1267,84,1,1,270,20,0,2,0,24,0,1,19,5,0,0,0,0,0,0,24,24,24,0.5356,10,1,0,still,0
1267,86,1,1,90,19,0,1,0,25,0,0,25,0,0,0,1,0,0,0,25,26,26,0.5746,10,0,0,end_clear,1
1267,91,1,0,-1,21,2,3,0,26,0,0,26,0,0,0,0,0,0,0,26,26,26,0.6444,13,0,0,hop,1
1267,100,1,0,-1,15,0,1,1,14,0,1,7,7,0,0,0,3,3,3,17,14,17,0.3324,5,1,0,start_jam,0
1267,113,1,1,60,16,0,2,0,17,0,1,6,11,0,2,0,3,3,3,20,15,18,0.2640,6,1,0,still,0
1267,123,2,1,300,15,0,2,0,16,0,1,7,9,0,0,0,3,3,3,19,16,19,0.2994,7,1,0,end_cap,1
1267,170,2,0,-1,18,0,2,0,18,0,1,10,8,0,0,1,5,5,5,23,19,24,0.5727,11,1,0,start_jam,0
1268,33,3,0,-1,13,3,4,0,13,0,0,13,0,0,0,1,0,0,0,13,14,14,0.5080,10,0,0,pending,0
1268,117,3,0,-1,18,0,1,0,25,0,1,8,17,0,0,0,2,2,2,27,25,27,0.3458,9,1,0,start_jam,0
1269,8,2,1,180,20,0,2,0,24,0,1,7,17,0,0,0,2,2,2,26,24,26,0.3796,9,1,0,still,0
1269,33,3,0,-1,13,3,4,0,13,0,0,13,0,0,0,1,0,0,0,13,14,14,0.5079,10,0,0,hop,1
1270,28,2,0,-1,22,0,1,0,27,0,0,27,0,0,1,0,0,0,0,27,26,26,0.6057,14,0,0,pending,0
1271,28,2,0,-1,22,0,1,0,27,0,0,27,0,0,1,0,0,0,0,27,26,26,0.6058,14,0,0,hop,1
1271,29,2,0,-1,21,0,2,0,28,0,0,28,0,0,1,0,0,0,0,28,27,27,0.6455,14,0,0,pending,0
1271,35,2,1,30,18,0,1,0,18,0,1,5,13,0,0,0,3,3,3,21,18,21,0.3846,7,1,0,still,0
1271,159,1,0,-1,13,0,1,1,14,0,1,7,7,0,0,0,2,2,2,16,14,16,0.2327,4,1,0,start_jam,0
1272,10,1,1,60,20,1,2,0,22,0,1,7,15,0,0,0,2,2,2,24,22,24,0.5388,9,1,0,still,0
1272,15,1,1,90,17,3,4,0,18,0,1,10,8,0,0,0,4,4,4,22,18,22,0.6270,10,1,0,still,0
1272,29,2,0,-1,21,0,2,0,28,0,0,28,0,0,1,0,0,0,0,28,27,27,0.6483,14,0,0,hop,1
1272,40,1,1,30,17,0,2,0,19,0,1,6,13,0,0,1,1,1,1,20,20,21,0.4334,8,1,0,still,0
1272,189,1,1,90,14,0,2,0,18,0,1,7,11,0,2,0,4,4,3,22,16,19,0.4389,11,1,0,still,0
1273,4,2,1,60,14,0,1,0,16,0,1,5,11,0,0,0,3,3,3,19,16,19,0.3573,7,1,0,still,0
1273,47,2,1,30,19,0,2,0,16,0,1,10,6,0,0,0,6,6,7,22,16,23,0.6496,12,1,0,still,0
1273,66,1,0,-1,16,0,1,0,20,0,0,20,0,0,1,1,0,0,0,20,20,20,0.5450,8,0,0,hop,1
1273,115,2,1,30,15,0,2,0,16,0,1,6,10,0,0,0,6,6,5,22,16,21,0.3503,9,1,0,still,0
1274,23,2,1,210,18,1,2,0,25,0,1,24,1,0,0,1,0,0,0,25,26,26,0.5258,10,0,1,still,0
1274,58,1,1,180,17,0,1,0,24,0,1,24,0,0,0,0,0,0,0,24,24,24,0.4692,8,0,0,still,0
1274,136,2,0,-1,11,0,5,0,12,0,0,12,0,0,1,0,0,0,0,12,11,11,0.5664,11,0,0,pending,0
1274,165,1,1,300,21,0,1,0,23,0,1,13,10,0,2,0,2,2,2,25,21,23,0.3766,10,1,0,end_cap,1
1274,171,1,1,240,16,0,1,0,28,0,0,24,4,0,4,0,0,0,0,28,24,24,0.3336,9,0,0,end_clear,1
1275,128,1,1,120,19,0,1,0,27,0,1,20,7,0,4,0,0,0,0,27,23,23,0.3748,10,1,0,still,0
1275,136,2,0,-1,11,0,5,0,12,0,0,12,0,0,1,0,0,0,0,12,11,11,0.5663,11,0,0,hop,1
1275,169,1,1,150,17,0,1,0,16,0,1,10,6,0,0,0,4,4,5,20,16,21,0.7065,11,1,0,still,0
1276,5,2,1,120,15,1,2,0,18,0,1,7,11,0,0,0,4,4,4,22,18,22,0.3607,8,1,0,still,0
1277,32,1,0,-1,14,1,2,0,15,0,0,15,0,0,0,1,0,0,0,15,16,16,0.5904,8,0,0,pending,0
1277,181,1,0,-1,17,1,2,0,25,0,0,25,0,0,4,0,0,0,0,25,21,21,0.6517,12,0,0,pending,0
1278,32,1,0,-1,14,1,2,0,15,0,0,15,0,0,0,1,0,0,0,15,16,16,0.5902,8,0,0,hop,1
1278,181,1,0,-1,17,1,2,0,25,0,0,25,0,0,4,0,0,0,0,25,21,21,0.6518,12,0,0,hop,1
1278,199,1,0,-1,17,1,3,0,19,0,1,7,12,0,2,0,4,4,4,23,17,21,0.3195,7,1,0,start_jam,0
1279,14,1,1,90,18,0,1,0,13,0,1,9,4,0,0,0,7,7,8,20,13,21,0.5910,10,1,0,still,0
1279,97,3,0,-1,2,1,8,0,3,0,0,3,0,0,0,0,0,0,0,3,3,3,0.0594,2,0,0,pending,0
1280,19,3,1,60,20,0,2,0,23,0,1,15,8,0,0,0,1,1,1,24,23,24,0.5034,12,1,0,still,0
1280,97,3,0,-1,2,1,8,0,3,0,0,3,0,0,0,0,0,0,0,3,3,3,0.0594,2,0,0,hop,1
1280,151,1,1,270,18,2,3,0,18,0,1,10,8,0,3,0,8,8,8,26,15,23,0.4816,12,1,0,still,0
1282,75,1,0,-1,3,0,6,1,3,0,0,3,0,0,0,0,0,0,0,3,3,3,0.1434,2,0,0,pending,0
1282,114,1,1,120,14,0,1,0,14,0,1,5,9,0,0,0,4,4,3,18,14,17,0.3518,7,1,0,still,0
1282,183,1,1,240,20,1,2,0,15,0,1,10,5,0,1,0,8,8,8,23,14,22,0.5439,12,1,0,still,0
1283,9,1,1,60,20,0,1,0,18,0,1,7,11,0,0,0,6,6,6,24,18,24,0.5027,9,1,0,still,0
1283,75,1,0,-1,3,0,6,1,3,0,0,3,0,0,0,0,0,0,0,3,3,3,0.1436,2,0,0,hop,1
1283,90,1,0,-1,22,1,3,0,25,0,0,25,0,0,0,1,0,0,0,25,26,26,0.6986,14,0,0,hop,1
1283,127,1,1,60,20,0,1,0,23,0,1,13,10,0,3,0,1,1,1,24,20,21,0.3774,10,1,0,still,0
1283,149,1,1,30,19,0,1,0,20,0,1,7,13,0,2,0,5,5,5,25,18,23,0.3527,8,1,0,still,0
1283,195,1,1,90,17,0,1,0,18,0,1,5,13,0,2,0,5,5,5,23,16,21,0.4021,11,1,0,still,0
1284,1,2,1,150,18,0,2,0,16,0,1,5,11,0,0,0,5,5,5,21,16,21,0.3646,7,1,0,still,0
1284,44,1,1,90,19,0,2,0,15,0,1,8,7,0,0,2,7,7,7,22,17,24,0.4307,7,1,0,still,0
1284,57,1,1,240,20,1,2,0,25,0,1,21,4,0,0,0,0,0,0,25,25,25,0.5783,11,1,0,still,0
1284,153,1,1,90,16,0,1,0,17,0,1,5,12,0,2,0,5,5,5,22,15,20,0.3781,9,1,0,still,0
1285,34,1,0,-1,5,3,6,0,7,0,0,7,0,0,1,0,0,0,0,7,6,6,0.3367,6,0,0,hop,1
1285,142,2,1,30,17,0,1,0,17,0,1,12,5,0,0,0,8,8,6,25,17,23,0.5998,12,1,0,still,0
1286,50,1,1,300,19,1,2,0,20,0,1,9,11,0,0,1,2,2,2,22,21,23,0.6538,11,1,0,end_cap,1
1287,126,2,1,180,18,0,1,0,24,0,1,13,11,0,3,0,1,1,1,25,21,22,0.3514,10,1,0,still,0
1287,154,2,1,60,17,0,1,0,18,0,1,5,13,0,1,0,5,5,5,23,17,22,0.3438,9,1,0,still,0
1288,54,2,1,300,21,0,1,0,24,0,1,16,8,0,0,0,0,0,0,24,24,24,0.5753,12,1,0,end_cap,1
1288,73,2,0,-1,8,0,3,1,9,0,0,9,0,0,0,0,0,0,0,9,9,9,0.3627,7,0,0,hop,1
1288,161,2,1,240,18,0,1,0,26,0,1,14,12,0,3,0,1,1,1,27,23,24,0.4284,10,1,0,still,0
1289,3,2,1,60,14,0,1,0,15,0,1,6,9,0,0,0,4,4,4,19,15,19,0.3586,6,1,0,still,0
1289,194,1,1,150,18,0,2,0,21,0,1,9,12,0,4,0,5,5,5,26,17,22,0.4618,12,1,0,still,0
1291,11,1,1,120,19,0,1,0,19,0,1,11,8,0,1,0,6,6,6,25,18,24,0.5142,9,1,0,still,0
1291,146,2,1,180,13,1,2,0,16,0,1,5,11,0,0,0,4,4,3,20,16,19,0.3495,9,1,0,still,0
1292,83,1,1,210,20,0,2,0,23,0,1,18,5,0,0,0,0,0,0,23,23,23,0.5127,10,1,0,still,0
1292,85,1,1,270,18,0,2,0,23,0,1,21,2,0,0,2,0,0,0,23,25,25,0.5723,10,0,1,still,0
1292,166,2,1,210,20,0,1,0,27,0,1,19,8,0,2,0,0,0,0,27,25,25,0.3237,9,1,0,still,0
1293,13,2,1,60,17,1,2,0,17,0,1,10,7,0,0,0,5,5,5,22,17,22,0.5936,11,1,0,still,0
1293,56,1,1,90,21,1,2,0,24,0,1,17,7,0,0,0,0,0,0,24,24,24,0.5539,11,1,0,still,0
1293,188,1,1,150,16,1,2,0,16,0,1,5,11,0,2,0,5,5,5,21,14,19,0.4335,11,1,0,still,0
1294,119,1,1,150,19,1,2,0,20,0,1,9,11,0,3,1,5,5,5,25,18,23,0.4418,10,1,0,still,0
1295,140,1,1,270,20,0,2,0,16,0,1,11,5,0,1,0,6,6,6,22,15,21,0.5896,11,1,0,still,0
1296,141,2,1,270,18,0,1,0,19,0,1,13,6,0,0,0,6,6,5,25,19,24,0.4936,11,1,0,still,0
1297,77,3,1,180,19,0,4,0,25,0,1,14,11,0,0,0,1,1,1,26,25,26,0.6060,13,1,0,still,0
1297,84,1,1,300,20,0,2,0,24,0,1,21,3,0,0,0,0,0,0,24,24,24,0.5382,10,1,0,end_cap,1
1297,100,1,1,30,15,1,2,0,15,0,1,7,8,0,0,0,2,2,2,17,15,17,0.3324,5,1,0,still,0
1297,113,1,1,90,16,0,2,0,15,0,1,5,10,0,2,0,5,5,5,20,13,18,0.2640,6,1,0,still,0
1297,144,2,0,-1,7,4,5,0,9,0,0,9,0,0,1,0,0,0,0,9,8,8,0.3366,7,0,0,pending,0
1297,170,2,1,30,18,0,2,0,20,0,1,14,6,0,0,1,3,3,3,23,21,24,0.5729,11,1,0,still,0
1298,117,3,1,30,18,0,1,0,21,0,1,8,13,0,0,0,6,6,6,27,21,27,0.3480,9,1,0,still,0
1298,144,2,0,-1,7,4,5,0,9,0,0,9,0,0,1,0,0,0,0,9,8,8,0.3368,7,0,0,hop,1
1299,8,2,1,210,20,0,2,0,20,0,1,7,13,0,0,0,6,6,6,26,20,26,0.3787,9,1,0,still,0
1301,31,2,0,-1,21,0,1,0,25,0,0,25,0,0,0,1,0,0,0,25,26,26,0.5936,12,0,0,pending,0
1301,35,2,1,60,18,0,1,0,16,0,1,5,11,0,0,0,5,5,5,21,16,21,0.3842,7,1,0,still,0
1301,62,2,0,-1,21,1,2,0,26,0,0,26,0,0,0,0,0,0,0,26,26,26,0.6053,13,0,0,pending,0
1301,159,1,1,30,13,1,2,0,13,0,1,6,7,0,0,0,3,3,3,16,13,16,0.2328,4,1,0,still,0
1302,10,1,1,90,20,1,2,0,18,0,1,8,10,0,0,0,6,6,6,24,18,24,0.5370,9,1,0,still,0
1302,15,1,1,120,17,3,4,0,19,0,1,13,6,0,0,0,2,2,2,21,19,21,0.6270,10,1,0,still,0
1302,31,2,0,-1,21,0,1,0,25,0,0,25,0,0,0,1,0,0,0,25,26,26,0.5936,12,0,0,hop,1
1302,40,1,1,60,17,0,2,0,16,0,1,6,10,0,0,1,3,3,3,19,17,20,0.4334,8,1,0,still,0
1302,62,2,0,-1,21,1,2,0,26,0,0,26,0,0,0,0,0,0,0,26,26,26,0.6053,13,0,0,hop,1
1302,189,1,1,120,14,0,2,0,16,0,1,7,9,0,1,0,6,6,4,22,15,19,0.4389,11,1,0,still,0
1303,4,2,1,90,14,0,1,0,16,0,1,5,11,0,0,0,3,3,3,19,16,19,0.3573,7,1,0,still,0
1303,7,2,0,-1,18,1,2,0,19,0,1,6,13,0,0,0,6,6,6,25,19,25,0.3889,8,1,0,start_jam,0
1303,21,2,0,-1,20,0,2,0,24,0,1,17,7,0,0,0,0,0,0,24,24,24,0.5606,12,1,0,start_jam,0
1303,47,2,1,60,19,0,2,0,16,0,1,11,5,0,0,0,6,6,7,22,16,23,0.6496,12,1,0,still,0
1303,115,2,1,60,15,0,2,0,16,0,1,5,11,0,0,0,6,6,5,22,16,21,0.3504,9,1,0,still,0
1304,23,2,1,240,18,1,2,0,25,0,1,24,1,0,0,1,0,0,0,25,26,26,0.5271,10,0,1,still,0
1304,58,1,1,210,17,0,1,0,23,0,0,23,0,0,0,1,0,0,0,23,24,24,0.4691,8,0,0,end_clear,1
1305,67,2,0,-1,14,0,2,0,17,0,0,17,0,0,0,0,0,0,0,17,17,17,0.6253,11,0,0,pending,0
1305,128,1,1,150,19,0,1,0,27,0,1,21,6,0,4,0,0,0,0,27,23,23,0.3748,10,1,0,still,0
1305,169,1,1,180,17,0,1,0,16,0,1,11,5,0,0,0,4,4,5,20,16,21,0.7065,11,1,0,still,0
1306,5,2,1,150,15,1,2,0,17,0,1,6,11,0,0,0,4,4,4,21,17,21,0.3607,8,1,0,still,0
1306,67,2,0,-1,14,0,2,0,17,0,0,17,0,0,0,0,0,0,0,17,17,17,0.6253,11,0,0,hop,1
1308,199,1,1,30,17,1,3,0,11,0,1,7,4,0,1,0,12,12,11,23,10,21,0.3192,7,1,0,still,0
1309,14,1,1,120,18,0,1,0,15,0,1,11,4,0,0,0,5,5,6,20,15,21,0.5910,10,1,0,still,0
1310,19,3,1,90,20,0,2,0,24,0,1,17,7,0,0,0,0,0,0,24,24,24,0.5047,12,1,0,still,0
1310,151,1,1,300,18,2,3,0,19,0,1,11,8,0,3,0,7,7,7,26,16,23,0.4816,12,1,0,end_cap,0
1312,114,1,1,150,14,0,1,0,14,0,1,4,10,0,0,0,4,4,3,18,14,17,0.3518,7,1,0,still,0
1312,183,1,1,270,21,1,2,0,16,0,1,11,5,0,1,0,7,7,7,23,15,22,0.5437,12,1,0,still,0
1313,9,1,1,90,20,0,1,0,18,0,1,8,10,0,0,0,6,6,6,24,18,24,0.5014,9,1,0,still,0
1313,127,1,1,90,20,1,2,0,26,0,1,17,9,0,3,0,0,0,0,26,23,23,0.3503,9,1,0,still,0
1313,139,1,0,-1,19,0,3,0,18,0,1,11,7,0,2,0,7,7,7,25,16,23,0.5598,12,1,0,start_jam,0
1313,149,1,1,60,19,0,1,0,19,0,1,6,13,0,2,0,6,6,6,25,17,23,0.3526,8,1,0,still,0
1313,195,1,1,120,17,0,1,0,14,0,1,4,10,0,2,0,9,9,9,23,12,21,0.4019,11,1,0,still,0
1314,1,2,1,180,18,0,2,0,11,0,1,4,7,0,0,0,10,10,10,21,11,21,0.3629,7,1,0,still,0
1314,44,1,1,120,19,0,2,0,16,0,1,9,7,0,0,2,6,6,6,22,18,24,0.4299,7,1,0,still,0
1314,57,1,1,270,20,1,2,0,25,0,1,23,2,0,0,0,0,0,0,25,25,25,0.5808,11,1,0,still,0
1314,153,1,1,120,17,0,1,0,14,0,1,4,10,0,2,0,8,8,8,22,12,20,0.3780,9,1,0,still,0
1315,142,2,1,60,17,0,1,0,19,0,1,13,6,0,0,0,5,5,4,24,19,23,0.5997,12,1,0,still,0
1315,152,1,0,-1,4,3,8,0,4,0,0,4,0,0,0,0,0,0,0,4,4,4,0.1831,3,0,0,pending,0
1316,152,1,0,-1,4,3,8,0,4,0,0,4,0,0,0,0,0,0,0,4,4,4,0.1831,3,0,0,hop,1
1317,126,2,1,210,17,0,1,0,25,0,1,15,10,0,3,0,0,0,0,25,22,22,0.3765,11,1,0,still,0
1317,154,2,1,90,17,0,1,0,12,0,1,4,8,0,1,0,10,10,10,22,11,21,0.3438,9,1,0,still,0
1318,161,2,1,270,18,0,1,0,25,0,1,15,10,0,2,0,2,2,1,27,23,24,0.4284,10,1,0,still,0
1319,3,2,1,90,14,0,1,0,15,0,1,5,10,0,0,0,4,4,4,19,15,19,0.3586,6,1,0,still,0
1319,194,1,1,180,19,1,2,0,19,0,1,9,10,0,3,0,7,7,7,26,16,23,0.4075,11,1,0,still,0
1320,182,1,0,-1,20,1,3,0,18,0,1,11,7,0,2,0,8,8,8,26,16,24,0.5434,13,1,0,start_jam,0
1321,11,1,1,150,19,0,1,0,17,0,1,10,7,0,1,0,8,8,8,25,16,24,0.5135,9,1,0,still,0
1321,146,2,1,210,13,1,2,0,16,0,1,5,11,0,0,0,4,4,3,20,16,19,0.3495,9,1,0,still,0
1322,83,1,1,240,20,0,2,0,23,0,1,20,3,0,0,0,0,0,0,23,23,23,0.5125,10,1,0,still,0
1322,85,1,1,300,18,0,2,0,23,0,1,22,1,0,0,2,0,0,0,23,25,25,0.5724,10,0,1,end_cap,1
1322,166,2,1,240,20,0,1,0,26,0,1,21,5,0,2,0,1,1,1,27,24,25,0.3236,9,1,0,still,0
1323,13,2,1,90,17,1,2,0,15,0,1,10,5,0,0,0,7,7,7,22,15,22,0.5936,11,1,0,still,0
1323,56,1,1,120,21,1,2,0,23,0,1,20,3,0,0,0,1,1,1,24,23,24,0.5540,11,1,0,still,0
1323,188,1,1,180,16,1,2,0,15,0,1,4,11,0,2,0,6,6,6,21,13,19,0.4336,11,1,0,still,0
1324,119,1,1,180,18,0,2,0,18,0,1,8,10,0,3,0,7,7,7,25,15,22,0.4712,11,1,0,still,0
1325,140,1,1,300,20,0,2,0,14,0,1,11,3,0,1,0,8,8,8,22,13,21,0.6190,12,1,0,end_cap,0
1326,141,2,1,300,18,0,1,0,16,0,1,12,4,0,0,0,8,8,7,24,16,23,0.4937,11,1,0,end_cap,0
1326,177,1,0,-1,23,0,1,0,29,0,0,29,0,0,2,0,0,0,0,29,27,27,0.3964,12,0,0,pending,0
1327,77,3,1,210,18,0,4,0,23,0,1,16,7,0,0,0,3,3,3,26,23,26,0.6059,13,1,0,still,0
1327,100,1,1,60,15,1,2,0,9,0,1,7,2,0,0,0,8,8,8,17,9,17,0.3324,5,1,0,still,0
1327,113,1,1,120,16,0,2,0,15,0,1,4,11,0,2,0,5,5,5,20,13,18,0.2640,6,1,0,still,0
1327,170,2,1,60,18,0,2,0,19,0,1,13,6,0,0,1,4,4,4,23,20,24,0.5729,11,1,0,still,0
1327,177,1,0,-1,23,0,1,0,29,0,0,29,0,0,2,0,0,0,0,29,27,27,0.3964,12,0,0,hop,1
1328,117,3,1,60,18,0,1,0,21,0,1,8,13,0,0,0,6,6,6,27,21,27,0.3493,9,1,0,still,0
1329,8,2,1,240,20,0,2,0,19,0,1,8,11,0,0,0,7,7,7,26,19,26,0.3782,9,1,0,still,0
1331,35,2,1,90,18,0,1,0,12,0,1,4,8,0,0,0,9,9,9,21,12,21,0.3835,7,1,0,still,0
1331,159,1,1,60,13,1,2,0,8,0,1,6,2,0,0,0,8,8,8,16,8,16,0.2328,4,1,0,still,0
1332,10,1,1,120,20,1,2,0,17,0,1,9,8,0,0,0,7,7,7,24,17,24,0.5361,9,1,0,still,0
1332,15,1,1,150,17,3,4,0,18,0,1,12,6,0,0,0,3,3,3,21,18,21,0.6270,10,1,0,still,0
1332,40,1,1,90,17,0,2,0,16,0,1,4,12,0,0,1,3,3,3,19,17,20,0.4334,8,1,0,still,0
1332,172,1,0,-1,19,0,1,0,32,1,0,31,1,0,4,0,0,0,0,32,28,28,0.3458,9,0,0,start_crowd,0
1332,189,1,1,150,14,0,2,0,16,0,1,6,10,0,1,0,6,6,4,22,15,19,0.4389,11,1,0,still,0
1333,4,2,1,120,14,0,1,0,16,0,1,5,11,0,0,0,3,3,3,19,16,19,0.3573,7,1,0,still,0
1333,7,2,1,30,18,1,2,0,19,0,1,7,12,0,0,0,6,6,6,25,19,25,0.3889,8,1,0,still,0
1333,21,2,1,30,21,0,2,0,23,0,1,18,5,0,0,0,1,1,1,24,23,24,0.5606,12,1,0,still,0
1333,47,2,1,90,19,0,2,0,15,0,1,12,3,0,0,0,7,7,8,22,15,23,0.6496,12,1,0,still,0
1333,110,1,0,-1,11,1,5,0,11,0,0,11,0,0,0,1,0,0,0,11,12,12,0.5486,9,0,0,hop,1
1333,115,2,1,90,15,0,2,0,16,0,1,5,11,0,0,0,6,6,5,22,16,21,0.3504,9,1,0,still,0
1334,23,2,1,270,18,1,2,0,26,0,1,25,1,0,0,1,0,0,0,26,27,27,0.5276,10,0,0,still,0
1335,128,1,1,180,20,0,1,0,26,0,1,20,6,0,3,0,0,0,0,26,23,23,0.3748,10,1,0,still,0
1335,169,1,1,210,17,0,1,0,14,0,1,11,3,0,0,0,6,6,7,20,14,21,0.7065,11,1,0,still,0
1336,5,2,1,180,15,1,2,0,17,0,1,5,12,0,0,0,4,4,4,21,17,21,0.3607,8,1,0,still,0
1338,199,1,1,60,17,1,3,0,11,0,1,7,4,0,1,0,12,12,11,23,10,21,0.3192,7,1,0,still,0
1339,14,1,1,150,18,0,1,0,14,0,1,12,2,0,0,0,6,6,7,20,14,21,0.5910,10,1,0,still,0
1340,19,3,1,120,20,0,2,0,23,0,1,17,6,0,0,0,1,1,1,24,23,24,0.5052,12,1,0,still,0
1340,68,2,0,-1,17,1,2,0,10,0,1,4,6,0,0,0,11,11,11,21,10,21,0.3235,6,1,0,start_jam,0
1340,158,1,0,-1,17,2,3,0,10,0,1,5,5,0,1,0,12,12,11,22,9,20,0.2591,5,1,0,start_jam,0
1342,114,1,1,180,14,0,1,0,14,0,1,4,10,0,0,0,4,4,3,18,14,17,0.3518,7,1,0,still,0
1342,183,1,1,300,21,1,2,0,15,0,1,13,2,0,1,0,8,8,8,23,14,22,0.5436,12,1,0,end_cap,0
1343,9,1,1,120,20,0,1,0,17,0,1,9,8,0,0,0,7,7,7,24,17,24,0.5008,9,1,0,still,0
1343,127,1,1,120,20,1,2,0,23,0,1,17,6,0,3,0,2,2,2,25,20,22,0.3504,9,1,0,still,0
1343,139,1,1,30,19,0,3,0,17,0,1,14,3,0,2,0,8,8,8,25,15,23,0.5598,12,1,0,still,0
1343,149,1,1,90,19,0,1,0,19,0,1,8,11,0,2,0,6,6,6,25,17,23,0.3525,8,1,0,still,0
1343,195,1,1,150,17,0,1,0,14,0,1,4,10,0,2,0,9,9,9,23,12,21,0.4019,11,1,0,still,0
1344,1,2,1,210,18,0,2,0,11,0,1,4,7,0,0,0,10,10,10,21,11,21,0.3615,7,1,0,still,0
1344,44,1,1,150,19,0,2,0,15,0,1,11,4,0,0,2,7,7,7,22,17,24,0.4296,7,1,0,still,0
1344,57,1,1,300,20,1,2,0,24,0,1,22,2,0,0,0,0,0,0,24,24,24,0.5814,11,0,1,end_cap,1
1344,153,1,1,150,17,0,1,0,14,0,1,4,10,0,2,0,8,8,8,22,12,20,0.3780,9,1,0,still,0
1345,142,2,1,90,17,0,1,0,17,0,1,13,4,0,0,0,7,7,6,24,17,23,0.5997,12,1,0,still,0
1347,126,2,1,240,17,0,1,0,22,0,1,17,5,0,3,0,3,3,3,25,19,22,0.3514,10,1,0,still,0
1347,154,2,1,120,17,0,1,0,12,0,1,4,8,0,1,0,10,10,10,22,11,21,0.3438,9,1,0,still,0
1348,109,2,0,-1,12,3,5,0,14,0,0,14,0,0,0,0,0,0,0,14,14,14,0.6732,12,0,0,pending,0
1348,161,2,1,300,18,0,1,0,22,0,1,17,5,0,2,0,5,5,4,27,20,24,0.4284,10,1,0,end_cap,1
1349,3,2,1,120,14,0,1,0,15,0,1,5,10,0,0,0,4,4,4,19,15,19,0.3586,6,1,0,still,0
1349,109,2,0,-1,12,3,5,0,14,0,0,14,0,0,0,0,0,0,0,14,14,14,0.6732,12,0,0,hop,1
1349,194,1,1,210,19,1,2,0,19,0,1,11,8,0,3,0,7,7,7,26,16,23,0.4075,11,1,0,still,0
1350,76,3,0,-1,17,1,2,0,20,0,1,14,6,0,0,0,4,4,4,24,20,24,0.5953,12,1,0,start_jam,0
1350,182,1,1,30,20,1,3,0,19,0,1,14,5,0,2,0,7,7,7,26,17,24,0.5434,13,1,0,still,0
1351,11,1,1,180,19,0,1,0,17,0,1,12,5,0,1,0,7,7,7,24,16,23,0.5131,9,1,0,still,0
1351,146,2,1,240,13,1,2,0,16,0,1,5,11,0,0,0,4,4,3,20,16,19,0.3496,9,1,0,still,0
1352,83,1,1,270,19,2,3,0,23,0,1,21,2,0,0,0,0,0,0,23,23,23,0.5851,11,1,0,still,0
1352,166,2,1,270,20,0,1,0,27,0,1,22,5,0,2,0,1,1,1,28,25,26,0.3236,9,1,0,still,0
1353,13,2,1,120,17,1,2,0,16,0,1,13,3,0,0,0,6,6,6,22,16,22,0.5936,11,1,0,still,0
1353,56,1,1,150,21,0,1,0,23,0,1,20,3,0,0,0,1,1,1,24,23,24,0.5533,11,1,0,still,0
1353,188,1,1,210,16,1,2,0,15,0,1,4,11,0,2,0,6,6,6,21,13,19,0.4336,11,1,0,still,0
1354,119,1,1,210,18,0,2,0,18,0,1,10,8,0,3,0,7,7,7,25,15,22,0.4713,11,1,0,still,0
1355,132,1,0,-1,22,0,3,0,23,0,0,23,0,0,0,3,0,0,0,23,26,26,0.7023,13,0,0,pending,0
1356,132,1,0,-1,22,0,3,0,23,0,0,23,0,0,0,3,0,0,0,23,26,26,0.7024,13,0,0,hop,1
1357,77,3,1,240,18,0,4,0,23,0,1,17,6,0,0,0,3,3,3,26,23,26,0.6059,13,1,0,still,0
1357,100,1,1,90,15,1,2,0,9,0,1,5,4,0,0,0,8,8,8,17,9,17,0.3324,5,1,0,still,0
1357,113,1,1,150,16,0,2,0,9,0,1,4,5,0,2,0,11,11,11,20,7,18,0.2640,6,1,0,still,0
1357,170,2,1,90,18,0,2,0,20,0,1,15,5,0,0,1,3,3,3,23,21,24,0.5729,11,1,0,still,0
1358,117,3,1,90,18,0,1,0,15,0,1,8,7,0,0,0,12,12,12,27,15,27,0.3499,9,1,0,still,0
1359,8,2,1,270,20,0,2,0,15,0,1,8,7,0,0,0,11,11,11,26,15,26,0.3781,9,1,0,still,0
1359,89,1,0,-1,22,1,3,0,25,0,0,25,0,0,0,1,0,0,0,25,26,26,0.5724,11,0,0,hop,1
1359,135,1,0,-1,22,0,1,0,31,1,0,31,0,0,3,0,0,0,0,31,28,28,0.3714,10,0,0,start_crowd,0
1361,35,2,1,120,18,0,1,0,8,0,1,4,4,0,0,0,13,13,13,21,8,21,0.3831,7,1,0,still,0
1361,159,1,1,90,13,1,2,0,8,0,1,4,4,0,0,0,8,8,8,16,8,16,0.2328,4,1,0,still,0
1362,10,1,1,150,20,1,2,0,15,0,1,9,6,0,0,0,9,9,9,24,15,24,0.5358,9,1,0,still,0
1362,15,1,1,180,17,3,4,0,19,0,1,14,5,0,0,0,2,2,2,21,19,21,0.6270,10,1,0,still,0
1362,40,1,1,120,17,0,2,0,10,0,1,4,6,0,0,1,9,9,9,19,11,20,0.4334,8,1,0,still,0
1362,172,1,1,30,20,0,1,0,32,1,1,30,2,0,4,0,0,0,0,32,28,28,0.3457,9,0,1,still,0
1362,189,1,1,180,14,0,2,0,10,0,1,6,4,0,1,0,12,12,10,22,9,19,0.4389,11,1,0,still,0
1363,4,2,1,150,14,0,1,0,10,0,1,5,5,0,0,0,9,9,9,19,10,19,0.3573,7,1,0,still,0
1363,7,2,1,60,18,1,2,0,14,0,1,7,7,0,0,0,11,11,11,25,14,25,0.3889,8,1,0,still,0
1363,21,2,1,60,21,0,2,0,23,0,1,18,5,0,0,0,1,1,1,24,23,24,0.5597,12,1,0,still,0
1363,47,2,1,120,19,0,2,0,17,0,1,12,5,0,0,0,5,5,6,22,17,23,0.6496,12,1,0,still,0
1363,115,2,1,120,15,0,2,0,10,0,1,5,5,0,0,0,12,12,11,22,10,21,0.3504,9,1,0,still,0
1364,23,2,1,300,18,1,2,0,26,0,1,24,2,0,0,1,0,0,0,26,27,27,0.5249,10,0,0,end_cap,1
1365,79,1,0,-1,18,0,2,0,19,0,1,15,4,0,1,0,2,2,3,21,18,21,0.5943,10,1,0,start_jam,0
1365,128,1,1,210,20,0,1,0,27,0,1,22,5,0,3,0,0,0,0,27,24,24,0.3748,10,0,0,still,0
1365,169,1,1,240,17,0,1,0,16,0,1,10,6,0,0,0,4,4,5,20,16,21,0.7065,11,1,0,still,0
1366,5,2,1,210,15,1,2,0,11,0,1,5,6,0,0,0,10,10,10,21,11,21,0.3607,8,1,0,still,0
1368,118,3,0,-1,21,0,1,0,16,0,1,11,5,0,0,0,11,11,10,27,16,26,0.4000,11,1,0,start_jam,0
1368,199,1,1,90,17,1,3,0,11,0,1,5,6,0,1,0,12,12,11,23,10,21,0.3192,7,1,0,still,0
1369,14,1,1,180,18,0,1,0,16,0,1,11,5,0,0,0,4,4,5,20,16,21,0.5910,10,1,0,still,0
1369,66,1,0,-1,15,0,1,0,19,0,0,19,0,0,0,0,0,0,0,19,19,19,0.5530,8,0,0,pending,0
1370,6,2,0,-1,15,0,1,0,14,0,1,5,9,0,0,0,10,10,10,24,14,24,0.3947,8,1,0,start_jam,0
1370,19,3,1,150,20,0,2,0,23,0,1,18,5,0,0,0,1,1,1,24,23,24,0.5056,12,1,0,still,0
1370,66,1,0,-1,15,0,1,0,19,0,0,19,0,0,0,0,0,0,0,19,19,19,0.5530,8,0,0,hop,1
1370,68,2,1,30,17,1,2,0,8,0,1,3,5,0,0,0,13,13,13,21,8,21,0.3231,6,1,0,still,0
1370,158,1,1,30,17,2,3,0,10,0,1,4,6,0,1,0,12,12,11,22,9,20,0.2591,5,1,0,still,0
1370,168,1,0,-1,19,0,1,0,29,0,1,25,4,0,5,0,0,0,0,29,24,24,0.3740,10,0,0,start_jam,0
1372,114,1,1,210,14,0,1,0,8,0,1,2,6,0,0,0,10,10,9,18,8,17,0.3518,7,1,0,still,0
1372,124,1,0,-1,0,0,1,1,0,0,0,0,0,0,0,0,0,0,0,0,0,0,0.0000,0,0,0,hop,1
1373,9,1,1,150,20,0,1,0,14,0,1,7,7,0,0,0,10,10,10,24,14,24,0.5006,9,1,0,still,0
1373,17,3,0,-1,19,1,2,0,23,0,1,17,6,0,0,1,2,2,2,25,24,26,0.5342,12,1,0,start_jam,0
1373,127,1,1,150,20,1,2,0,23,0,1,16,7,0,3,0,2,2,2,25,20,22,0.3504,9,1,0,still,0
1373,130,1,0,-1,16,2,4,0,19,0,1,12,7,0,0,0,2,2,2,21,19,21,0.5846,9,1,0,start_jam,0
1373,139,1,1,60,19,0,3,0,16,0,1,11,5,0,0,0,9,9,7,25,16,23,0.5598,12,1,0,still,0
1373,149,1,1,120,19,0,1,0,13,0,1,5,8,0,0,0,12,12,10,25,13,23,0.3525,8,1,0,still,0
1373,195,1,1,180,17,0,1,0,10,0,1,3,7,0,2,0,13,13,13,23,8,21,0.4019,11,1,0,still,0
1374,1,2,1,240,18,0,2,0,8,0,1,3,5,0,0,0,13,13,13,21,8,21,0.3610,7,1,0,still,0
1374,44,1,1,180,19,0,2,0,15,0,1,9,6,0,0,1,8,8,8,23,16,24,0.4296,7,1,0,still,0
1374,92,1,0,-1,18,0,2,0,22,0,0,22,0,0,0,1,0,0,0,22,23,23,0.5912,9,0,0,pending,0
1374,111,1,0,-1,1,0,8,1,1,0,0,1,0,0,0,0,0,0,0,1,1,1,0.0369,1,0,0,pending,0
1374,153,1,1,180,17,0,1,0,10,0,1,3,7,0,2,0,12,12,12,22,8,20,0.3780,9,1,0,still,0
1375,92,1,0,-1,18,0,2,0,22,0,0,22,0,0,0,1,0,0,0,22,23,23,0.5912,9,0,0,hop,1
1375,111,1,0,-1,1,0,8,1,1,0,0,1,0,0,0,0,0,0,0,1,1,1,0.0369,1,0,0,hop,1
1375,142,2,1,120,17,0,1,0,19,0,1,10,9,0,0,0,5,5,4,24,19,23,0.5997,12,1,0,still,0
1377,126,2,1,270,17,0,1,0,23,0,1,16,7,0,3,0,3,3,3,26,20,23,0.3513,10,1,0,still,0
1377,154,2,1,150,17,0,1,0,9,0,1,3,6,0,1,0,13,13,13,22,8,21,0.3438,9,1,0,still,0
1379,3,2,1,150,14,0,1,0,10,0,1,3,7,0,0,0,9,9,9,19,10,19,0.3586,6,1,0,still,0
1379,194,1,1,240,19,0,2,0,13,0,1,9,4,0,1,0,13,13,10,26,12,22,0.4075,11,1,0,still,0
1380,76,3,1,30,17,1,2,0,20,0,1,11,9,0,0,0,4,4,4,24,20,24,0.5953,12,1,0,still,0
1380,101,3,0,-1,6,5,7,0,7,0,0,7,0,0,0,0,0,0,0,7,7,7,0.2379,6,0,0,pending,0
1380,182,1,1,60,20,1,3,0,15,0,1,11,4,0,0,0,11,11,9,26,15,24,0.5434,13,1,0,still,0
1381,11,1,1,210,19,0,1,0,15,0,1,10,5,0,1,0,10,10,10,25,14,24,0.5131,9,1,0,still,0
1381,101,3,0,-1,6,5,7,0,7,0,0,7,0,0,0,0,0,0,0,7,7,7,0.2379,6,0,0,hop,1
1381,146,2,1,270,13,1,2,0,10,0,1,3,7,0,0,0,10,10,9,20,10,19,0.3479,9,1,0,still,0
1382,83,1,1,300,19,2,3,0,23,0,1,20,3,0,0,0,0,0,0,23,23,23,0.5848,11,0,0,end_cap,0
1382,166,2,1,300,20,0,1,0,27,0,1,22,5,0,2,0,1,1,1,28,25,26,0.3236,9,1,0,end_cap,1
1383,13,2,1,150,17,1,2,0,19,0,1,10,9,0,0,0,3,3,3,22,19,22,0.5936,11,1,0,still,0
1383,56,1,1,180,21,0,1,0,24,0,1,20,4,0,0,0,0,0,0,24,24,24,0.5527,11,0,0,still,0
1383,71,2,0,-1,9,2,3,0,10,0,0,10,0,0,0,0,0,0,0,10,10,10,0.4636,8,0,0,hop,1
1383,188,1,1,240,16,1,2,0,11,0,1,3,8,0,2,0,10,10,10,21,9,19,0.4335,11,1,0,still,0
1384,119,1,1,240,20,1,2,0,15,0,1,9,6,0,0,1,10,10,7,25,16,23,0.4713,11,1,0,still,0
1387,77,3,1,270,18,0,4,0,24,0,1,17,7,0,0,0,2,2,2,26,24,26,0.6059,13,1,0,still,0
1387,100,1,1,120,15,1,2,0,11,0,1,5,6,0,0,0,6,6,6,17,11,17,0.3324,5,1,0,still,0
1387,113,1,1,180,16,0,2,0,10,0,1,3,7,0,2,0,10,10,10,20,8,18,0.2640,6,1,0,still,0
1387,170,2,1,120,18,0,2,0,19,0,1,13,6,0,0,1,4,4,4,23,20,24,0.5728,11,1,0,still,0
1388,72,2,0,-1,18,0,2,0,14,0,1,3,11,0,0,0,7,7,7,21,14,21,0.2862,5,1,0,start_jam,0
1388,117,3,1,120,18,0,1,0,16,0,1,6,10,0,0,0,11,11,11,27,16,27,0.3498,9,1,0,still,0
1389,8,2,1,300,20,0,2,0,16,0,1,6,10,0,0,0,10,10,10,26,16,26,0.3781,9,1,0,end_cap,1
1389,135,1,1,30,22,0,1,0,31,1,0,31,0,0,3,0,0,0,0,31,28,28,0.3714,10,0,0,still,0
1390,103,1,0,-1,4,3,5,0,5,0,0,5,0,0,0,0,0,0,0,5,5,5,0.2193,4,0,0,pending,0
1391,35,2,1,150,18,0,1,0,16,0,1,4,12,0,0,0,5,5,5,21,16,21,0.3830,7,1,0,still,0
1391,103,1,0,-1,4,3,5,0,5,0,0,5,0,0,0,0,0,0,0,5,5,5,0.2194,4,0,0,hop,1
1391,159,1,1,120,13,1,2,0,9,0,1,3,6,0,0,0,7,7,7,16,9,16,0.2328,4,1,0,still,0
1392,10,1,1,180,20,1,2,0,18,0,1,8,10,0,0,0,6,6,6,24,18,24,0.5370,9,1,0,still,0
1392,15,1,1,210,17,3,4,0,18,0,1,12,6,0,0,0,3,3,3,21,18,21,0.6270,10,1,0,still,0
1392,28,2,0,-1,22,0,3,0,26,0,0,26,0,0,1,0,0,0,0,26,25,25,0.5714,14,0,0,hop,1
1392,40,1,1,150,17,0,2,0,15,0,1,3,12,0,0,1,4,4,4,19,16,20,0.4334,8,1,0,still,0
1392,172,1,1,60,19,0,1,0,32,1,1,31,1,0,4,0,0,0,0,32,28,28,0.3457,9,0,1,still,0
1392,189,1,1,210,14,0,2,0,18,0,1,5,13,0,2,0,4,4,3,22,16,19,0.3871,10,1,0,still,0
1393,4,2,1,180,14,0,1,0,16,0,1,4,12,0,0,0,3,3,3,19,16,19,0.3573,7,1,0,still,0
1393,7,2,1,90,18,1,2,0,20,0,1,6,14,0,0,0,5,5,5,25,20,25,0.3886,8,1,0,still,0
1393,21,2,1,90,21,0,2,0,24,0,1,19,5,0,0,0,0,0,0,24,24,24,0.5602,12,0,1,still,0
1393,47,2,1,150,19,0,2,0,18,0,1,9,9,0,0,0,4,4,5,22,18,23,0.6496,12,1,0,still,0
1393,115,2,1,150,15,0,2,0,16,0,1,4,12,0,0,0,6,6,5,22,16,21,0.3504,9,1,0,still,0
1395,79,1,1,30,18,0,2,0,21,0,1,15,6,0,1,0,0,0,1,21,20,21,0.5944,10,1,0,still,0
1395,128,1,1,240,20,0,1,0,27,0,1,22,5,0,3,0,0,0,0,27,24,24,0.3749,10,0,1,still,0
1395,169,1,1,270,17,0,1,0,15,0,1,8,7,0,0,0,5,5,6,20,15,21,0.7060,11,1,0,still,0
1396,5,2,1,240,15,1,2,0,16,0,1,4,12,0,0,0,5,5,5,21,16,21,0.3607,8,1,0,still,0
1398,118,3,1,30,21,0,1,0,21,0,1,9,12,0,1,0,6,6,6,27,20,26,0.4000,11,1,0,still,0
1398,199,1,1,120,17,1,3,0,15,0,1,3,12,0,1,0,8,8,7,23,14,21,0.3192,7,1,0,still,0
1399,14,1,1,210,18,0,1,0,16,0,1,9,7,0,0,1,4,4,4,20,17,21,0.5910,10,1,0,still,0
1400,6,2,1,30,15,0,1,0,20,0,1,6,14,0,0,0,4,4,4,24,20,24,0.3943,8,1,0,still,0
1400,19,3,1,180,20,0,2,0,25,0,1,19,6,0,0,0,0,0,0,25,25,25,0.5057,12,1,0,still,0
1400,58,1,0,-1,17,0,1,0,25,0,1,24,1,0,0,1,0,0,0,25,26,26,0.6074,10,0,0,start_jam,0
1400,68,2,1,60,17,1,2,0,15,0,1,4,11,0,0,0,6,6,6,21,15,21,0.3229,6,1,0,still,0
1400,158,1,1,60,17,2,3,0,15,0,1,3,12,0,1,0,7,7,6,22,14,20,0.2591,5,1,0,still,0
1400,168,1,1,30,19,0,1,0,29,0,1,25,4,0,5,0,0,0,0,29,24,24,0.3741,10,1,0,still,0
1402,114,1,1,240,14,0,1,0,14,0,1,3,11,0,0,0,4,4,3,18,14,17,0.3518,7,1,0,still,0
1403,9,1,1,180,20,0,1,0,18,0,1,6,12,0,0,0,6,6,6,24,18,24,0.5079,9,1,0,still,0
1403,17,3,1,30,19,1,2,0,25,0,1,18,7,0,0,0,0,0,1,25,25,26,0.5342,12,1,0,still,0
1403,127,1,1,180,20,1,2,0,24,0,1,17,7,0,2,0,1,1,0,25,22,22,0.3504,9,1,0,still,0
1403,130,1,1,30,16,2,4,0,17,0,1,13,4,0,0,0,4,4,4,21,17,21,0.5846,9,1,0,still,0
1403,139,1,1,90,19,0,3,0,20,0,1,11,9,0,2,0,5,5,5,25,18,23,0.5599,12,1,0,still,0
1403,149,1,1,150,19,0,1,0,20,0,1,6,14,0,2,0,5,5,5,25,18,23,0.3525,8,1,0,still,0
1403,195,1,1,210,17,0,1,0,17,0,1,4,13,0,2,0,5,5,5,22,15,20,0.4019,11,1,0,still,0
1404,1,2,1,270,18,0,2,0,16,0,1,4,12,0,0,0,5,5,5,21,16,21,0.3607,7,1,0,still,0
1404,44,1,1,210,19,0,2,0,16,0,1,9,7,0,0,2,6,6,6,22,18,24,0.4332,7,1,0,still,0
1404,153,1,1,210,17,0,1,0,18,0,1,4,14,0,2,0,4,4,4,22,16,20,0.3780,9,1,0,still,0
1405,142,2,1,150,17,0,1,0,19,0,1,11,8,0,1,0,5,5,5,24,18,23,0.6005,12,1,0,still,0
1407,55,2,0,-1,19,0,1,0,25,0,1,20,5,0,0,0,0,0,0,25,25,25,0.5749,13,1,0,start_jam,0
1407,126,2,1,300,17,0,1,0,24,0,1,16,8,0,2,0,2,2,1,26,22,23,0.3513,10,1,0,end_cap,1
1407,154,2,1,180,17,0,1,0,17,0,1,4,13,0,1,0,5,5,5,22,16,21,0.3438,9,1,0,still,0
1409,3,2,1,180,14,0,1,0,15,0,1,4,11,0,0,0,4,4,4,19,15,19,0.3586,6,1,0,still,0
1409,194,1,1,270,19,0,2,0,20,0,1,9,11,0,4,0,6,6,6,26,16,22,0.4074,11,1,0,still,0
1410,76,3,1,60,17,1,2,0,21,0,1,12,9,0,0,0,3,3,3,24,21,24,0.5953,12,1,0,still,0
1410,174,1,0,-1,17,0,2,0,21,0,0,21,0,0,2,1,0,0,0,21,20,20,0.7584,13,0,0,pending,0
1410,182,1,1,90,20,1,3,0,20,0,1,11,9,0,2,0,6,6,6,26,18,24,0.5434,13,1,0,still,0
1411,11,1,1,240,19,0,1,0,18,0,1,10,8,0,1,0,7,7,7,25,17,24,0.5175,9,1,0,still,0
1411,146,2,1,300,13,1,2,0,16,0,1,4,12,0,0,0,4,4,3,20,16,19,0.3496,9,1,0,end_cap,1
1411,174,1,0,-1,17,0,2,0,21,0,0,21,0,0,2,1,0,0,0,21,20,20,0.7584,13,0,0,hop,1
1411,179,1,0,-1,0,0,2,1,0,0,0,0,0,0,0,0,0,0,0,0,0,0,0.0000,0,0,0,pending,0
1412,179,1,0,-1,0,0,2,1,0,0,0,0,0,0,0,0,0,0,0,0,0,0,0.0000,0,0,0,hop,1
1413,13,2,1,180,17,1,2,0,18,0,1,10,8,0,0,0,4,4,4,22,18,22,0.5936,11,1,0,still,0
1413,56,1,1,210,21,0,1,0,24,0,1,19,5,0,0,0,0,0,0,24,24,24,0.5516,11,1,0,still,0
1413,188,1,1,270,16,1,2,0,16,0,1,5,11,0,2,0,5,5,5,21,14,19,0.3792,10,1,0,still,0
1414,62,2,0,-1,21,1,2,0,26,0,0,26,0,0,0,0,0,0,0,26,26,26,0.6690,15,0,0,hop,1
1414,75,1,0,-1,3,1,7,0,3,0,0,3,0,0,0,0,0,0,0,3,3,3,0.1714,3,0,0,hop,1
1414,119,1,1,270,20,1,2,0,19,0,1,9,10,0,3,1,6,6,6,25,17,23,0.4713,11,1,0,still,0
1417,77,3,1,300,18,0,4,0,25,0,1,16,9,0,0,0,1,1,1,26,25,26,0.6059,13,1,0,end_cap,1
1417,100,1,1,150,15,1,2,0,8,0,1,4,4,0,0,0,9,9,9,17,8,17,0.3324,5,1,0,still,0
1417,113,1,1,210,16,0,2,0,16,0,1,5,11,0,2,0,4,4,4,20,14,18,0.2640,6,1,0,still,0
1417,165,1,0,-1,21,0,2,0,25,0,1,17,8,0,2,0,0,0,0,25,23,23,0.3497,9,1,0,start_jam,0
1417,170,2,1,150,18,0,2,0,21,0,1,13,8,0,0,1,2,2,2,23,22,24,0.5732,11,1,0,still,0
1418,72,2,1,30,18,0,2,0,8,0,1,4,4,0,0,0,13,13,13,21,8,21,0.2860,5,1,0,still,0
1418,117,3,1,150,18,0,1,0,22,0,1,7,15,0,0,0,5,5,5,27,22,27,0.3498,9,1,0,still,0
1419,31,2,0,-1,21,0,1,0,26,0,0,26,0,0,0,0,0,0,0,26,26,26,0.5936,13,0,0,hop,1
1419,135,1,1,60,22,0,1,0,31,1,0,30,1,0,3,0,0,0,0,31,28,28,0.3713,10,0,0,still,0
1421,35,2,1,180,18,0,1,0,14,0,1,5,9,0,0,0,7,7,7,21,14,21,0.3829,7,1,0,still,0
1421,86,1,0,-1,19,0,1,0,26,0,1,26,0,0,0,1,0,0,0,26,27,27,0.4669,8,0,0,start_jam,0
1421,159,1,1,150,13,1,2,0,3,0,1,3,0,0,0,0,13,13,13,16,3,16,0.2328,4,1,0,still,0
1422,10,1,1,210,20,1,2,0,19,0,1,9,10,0,0,0,5,5,5,24,19,24,0.5404,9,1,0,still,0
1422,15,1,1,240,17,2,3,0,20,0,1,12,8,0,0,0,1,1,1,21,20,21,0.5163,9,1,0,still,0
1422,40,1,1,180,17,0,2,0,15,0,1,3,12,0,0,1,4,4,4,19,16,20,0.4334,8,1,0,still,0
1422,172,1,1,90,20,0,1,0,32,1,1,29,3,0,4,0,0,0,0,32,28,28,0.3457,9,0,1,still,0
1422,189,1,1,240,14,0,2,0,17,0,1,6,11,0,1,0,5,5,3,22,16,19,0.4145,10,1,0,still,0
1423,4,2,1,210,14,0,1,0,16,0,1,4,12,0,0,0,3,3,3,19,16,19,0.3573,7,1,0,still,0
1423,7,2,1,120,18,1,2,0,20,0,1,6,14,0,0,0,5,5,5,25,20,25,0.3890,8,1,0,still,0
1423,21,2,1,120,21,0,2,0,22,0,1,16,6,0,0,0,2,2,2,24,22,24,0.5594,12,1,0,still,0
1423,47,2,1,180,19,0,2,0,19,0,1,11,8,0,0,0,3,3,4,22,19,23,0.5521,11,1,0,still,0
1423,115,2,1,180,15,0,2,0,16,0,1,4,12,0,0,0,6,6,5,22,16,21,0.3503,9,1,0,still,0
1424,133,2,0,-1,13,4,5,0,16,0,0,16,0,0,2,0,0,0,0,16,14,14,0.6090,12,0,0,pending,0
1425,29,2,0,-1,20,0,1,0,27,0,0,27,0,0,1,0,0,0,0,27,26,26,0.6460,14,0,0,hop,1
1425,79,1,1,60,18,0,2,0,20,0,1,11,9,0,1,0,2,2,2,22,19,21,0.5944,10,1,0,still,0
1425,128,1,1,270,20,0,1,0,26,0,1,19,7,0,3,0,1,1,1,27,23,24,0.3748,10,1,0,still,0
1425,133,2,0,-1,13,4,5,0,16,0,0,16,0,0,2,0,0,0,0,16,14,14,0.6089,12,0,0,hop,1
1425,169,1,1,300,17,0,1,0,18,0,1,10,8,0,0,0,2,2,3,20,18,21,0.6005,10,1,0,end_cap,1
1425,171,1,0,-1,16,0,1,0,30,0,1,26,4,0,4,0,0,0,0,30,26,26,0.3342,9,1,0,start_jam,0
1426,5,2,1,270,15,1,2,0,15,0,1,4,11,0,0,0,6,6,6,21,15,21,0.3607,8,1,0,still,0
1428,118,3,1,60,21,0,1,0,21,0,1,11,10,0,1,0,6,6,6,27,20,26,0.3999,11,1,0,still,0
1428,199,1,1,150,17,1,3,0,7,0,1,3,4,0,0,0,15,15,13,22,7,20,0.3192,7,1,0,still,0
1429,14,1,1,240,18,0,1,0,18,0,1,12,6,0,0,0,2,2,3,20,18,21,0.4802,9,1,0,still,0
1429,145,1,0,-1,14,1,2,0,16,0,1,5,11,0,1,0,4,4,3,20,15,18,0.3949,8,1,0,start_jam,0
1430,6,2,1,60,15,0,1,0,19,0,1,7,12,0,0,0,5,5,5,24,19,24,0.3943,8,1,0,still,0
1430,19,3,1,210,20,0,2,0,22,0,1,14,8,0,0,0,2,2,2,24,22,24,0.5052,12,1,0,still,0
1430,58,1,1,30,17,0,1,0,25,0,1,23,2,0,0,1,0,0,0,25,26,26,0.5359,9,0,1,still,0
1430,68,2,1,90,17,1,2,0,10,0,1,4,6,0,0,0,11,11,11,21,10,21,0.3228,6,1,0,still,0
1430,158,1,1,90,17,2,3,0,7,0,1,2,5,0,0,0,14,14,12,21,7,19,0.2591,5,1,0,still,0
1430,168,1,1,60,19,0,1,0,29,0,1,22,7,0,5,0,0,0,0,29,24,24,0.3741,10,1,0,still,0
1431,138,1,0,-1,22,0,2,1,28,0,0,28,0,0,2,0,0,0,0,28,26,26,0.3955,13,0,0,pending,0
1431,140,1,0,-1,20,1,2,0,18,0,1,11,7,0,1,1,4,4,4,22,18,22,0.5304,11,1,0,start_jam,0
1431,141,2,0,-1,18,0,1,0,22,0,1,11,11,0,1,0,3,3,3,25,21,24,0.4936,11,1,0,start_jam,0
1432,114,1,1,270,14,0,1,0,14,0,1,3,11,0,0,0,4,4,3,18,14,17,0.3517,7,1,0,still,0
1432,138,1,0,-1,22,0,2,1,28,0,0,28,0,0,2,0,0,0,0,28,26,26,0.3955,13,0,0,hop,1
1433,9,1,1,210,20,0,1,0,18,0,1,5,13,0,0,0,5,5,5,23,18,23,0.5039,9,1,0,still,0
1433,17,3,1,60,19,1,2,0,21,0,1,13,8,0,0,0,2,2,3,23,21,24,0.5339,12,1,0,still,0
1433,127,1,1,210,20,1,2,0,22,0,1,13,9,0,2,0,3,3,2,25,20,22,0.3504,9,1,0,still,0
1433,130,1,1,60,16,1,3,0,20,0,1,13,7,0,0,0,1,1,1,21,20,21,0.5847,9,1,0,still,0
1433,139,1,1,120,19,0,3,0,21,0,1,11,10,0,2,0,4,4,4,25,19,23,0.5599,12,1,0,still,0
1433,149,1,1,180,19,0,1,0,20,0,1,5,15,0,2,0,5,5,5,25,18,23,0.3524,8,1,0,still,0
1433,181,1,0,-1,17,1,2,0,25,0,0,25,0,0,5,0,0,0,0,25,20,20,0.6709,13,0,0,pending,0
1433,195,1,1,240,17,0,1,0,13,0,1,4,9,0,0,0,9,9,7,22,13,20,0.4019,11,1,0,still,0
1434,1,2,1,300,18,0,2,0,12,0,1,4,8,0,0,0,9,9,9,21,12,21,0.3606,7,1,0,end_cap,1
1434,44,1,1,240,19,0,2,0,17,0,1,9,8,0,0,2,5,5,5,22,19,24,0.4313,7,1,0,still,0
1434,91,1,0,-1,21,2,3,0,26,0,0,26,0,0,0,0,0,0,0,26,26,26,0.6433,13,0,0,pending,0
1434,153,1,1,240,17,0,1,0,15,0,1,5,10,0,1,0,7,7,6,22,14,20,0.3780,9,1,0,still,0
1434,181,1,0,-1,17,1,2,0,25,0,0,25,0,0,5,0,0,0,0,25,20,20,0.6710,13,0,0,hop,1
1435,91,1,0,-1,21,2,3,0,26,0,0,26,0,0,0,0,0,0,0,26,26,26,0.6436,13,0,0,hop,1
1435,142,2,1,180,17,0,1,0,22,0,1,12,10,0,1,0,2,2,2,24,21,23,0.5998,12,1,0,still,0
1437,55,2,1,30,19,0,1,0,24,0,1,18,6,0,0,0,1,1,1,25,24,25,0.5748,13,1,0,still,0
1437,154,2,1,210,17,0,1,0,15,0,1,5,10,0,1,0,7,7,7,22,14,21,0.3438,9,1,0,still,0
1439,3,2,1,210,14,0,1,0,15,0,1,4,11,0,0,0,4,4,4,19,15,19,0.3597,6,1,0,still,0
1439,194,1,1,300,18,0,2,0,21,0,1,9,12,0,4,0,5,5,5,26,17,22,0.4074,11,1,0,end_cap,0
1440,76,3,1,90,17,1,2,0,22,0,1,12,10,0,0,0,2,2,2,24,22,24,0.5060,11,1,0,still,0
1440,182,1,1,120,20,1,3,0,22,0,1,11,11,0,2,0,4,4,4,26,20,24,0.5434,13,1,0,still,0
1441,11,1,1,270,19,0,1,0,20,0,1,10,10,0,1,0,5,5,5,25,19,24,0.5150,9,1,0,still,0
1443,13,2,1,210,17,1,2,0,20,0,1,10,10,0,0,0,2,2,2,22,20,22,0.4947,10,1,0,still,0
1443,56,1,1,240,21,0,1,0,22,0,1,17,5,0,0,0,2,2,2,24,22,24,0.5515,11,1,0,still,0
1443,85,1,0,-1,18,0,2,0,23,0,1,19,4,0,0,2,0,0,0,23,25,25,0.5726,10,1,0,start_jam,0
1443,188,1,1,300,16,1,2,0,16,0,1,4,12,0,2,0,5,5,5,21,14,19,0.4334,11,1,0,end_cap,1
1444,119,1,1,300,19,1,2,0,20,0,1,9,11,0,3,0,5,5,5,25,17,22,0.4713,11,1,0,end_cap,0
1445,183,1,0,-1,19,0,2,1,20,0,1,10,10,0,2,0,3,3,3,23,18,21,0.4619,11,1,0,start_jam,0
1447,100,1,1,180,15,1,2,0,13,0,1,5,8,0,0,0,4,4,4,17,13,17,0.3324,5,1,0,still,0
1447,113,1,1,240,16,0,2,0,16,0,1,4,12,0,2,0,4,4,4,20,14,18,0.2636,6,1,0,still,0
1447,165,1,1,30,21,0,2,0,23,0,1,14,9,0,2,0,2,2,2,25,21,23,0.3497,9,1,0,still,0
1447,170,2,1,180,18,0,2,0,20,0,1,13,7,0,0,1,3,3,3,23,21,24,0.5732,11,1,0,still,0
1448,72,2,1,60,18,0,2,0,15,0,1,5,10,0,0,0,6,6,6,21,15,21,0.2851,5,1,0,still,0
1448,117,3,1,180,18,0,1,0,21,0,1,7,14,0,0,0,6,6,6,27,21,27,0.3498,9,1,0,still,0
1449,50,1,0,-1,19,1,3,0,19,0,1,11,8,0,0,1,3,3,3,22,20,23,0.6431,11,1,0,start_jam,0
1449,87,1,0,-1,22,0,2,0,25,0,1,25,0,0,0,1,0,0,0,25,26,26,0.5640,10,0,0,start_jam,0
1449,135,1,1,90,21,0,1,0,31,1,0,28,3,0,4,0,0,0,0,31,27,27,0.3713,10,0,0,still,0
1449,157,2,0,-1,17,0,3,0,16,0,1,6,10,0,0,0,6,6,6,22,16,22,0.2693,6,1,0,start_jam,0
1451,2,1,0,-1,15,0,1,0,15,0,1,4,11,0,0,0,4,4,4,19,15,19,0.3295,5,1,0,start_jam,0
1451,34,1,0,-1,5,4,7,0,6,0,0,6,0,0,1,0,0,0,0,6,5,5,0.3534,6,0,0,hop,1
1451,35,2,1,210,18,0,1,0,16,0,1,4,12,0,0,0,5,5,5,21,16,21,0.3839,7,1,0,still,0
1451,86,1,1,30,19,1,2,0,26,0,1,25,1,0,0,1,0,0,0,26,27,27,0.5747,10,0,1,still,0
1451,159,1,1,180,13,1,2,0,11,0,1,2,9,0,0,0,5,5,5,16,11,16,0.2328,4,1,0,still,0
1452,10,1,1,240,20,1,2,0,19,0,1,8,11,0,0,0,5,5,5,24,19,24,0.5379,9,1,0,still,0
1452,15,1,1,270,17,2,3,0,19,0,1,11,8,0,0,0,2,2,2,21,19,21,0.5163,9,1,0,still,0
1452,40,1,1,210,17,0,2,0,13,0,1,5,8,0,0,1,6,6,6,19,14,20,0.4334,8,1,0,still,0
1452,172,1,1,120,20,0,1,0,32,1,1,27,5,0,4,0,0,0,0,32,28,28,0.3457,9,1,0,still,0
1452,189,1,1,270,14,0,2,0,18,0,1,4,14,0,3,0,4,4,4,22,15,19,0.4130,10,1,0,still,0
1453,4,2,1,240,14,0,1,0,14,0,1,6,8,0,0,0,5,5,5,19,14,19,0.3577,7,1,0,still,0
1453,7,2,1,150,18,1,2,0,20,0,1,6,14,0,0,0,5,5,5,25,20,25,0.3890,8,1,0,still,0
1453,21,2,1,150,21,0,2,0,22,0,1,13,9,0,0,0,2,2,2,24,22,24,0.5593,12,1,0,still,0
1453,47,2,1,210,19,0,2,0,20,0,1,10,10,0,0,0,2,2,3,22,20,23,0.5521,11,1,0,still,0
1453,90,1,0,-1,21,1,2,0,23,0,0,23,0,0,0,2,0,0,0,23,25,25,0.7006,14,0,0,hop,1
1453,115,2,1,210,15,0,2,0,15,0,1,6,9,0,1,0,7,7,7,22,14,21,0.3505,9,1,0,still,0
1455,79,1,1,90,18,0,2,0,18,0,1,10,8,0,1,0,4,4,4,22,17,21,0.5954,10,1,0,still,0
1455,128,1,1,300,20,0,1,0,26,0,1,16,10,0,3,0,1,1,1,27,23,24,0.3748,10,1,0,end_cap,0
1455,171,1,1,30,16,0,1,0,29,0,1,23,6,0,4,0,0,0,0,29,25,25,0.3861,10,1,0,still,0
1456,5,2,1,300,15,1,2,0,14,0,1,6,8,0,0,0,7,7,7,21,14,21,0.3607,8,1,0,end_cap,1
1456,123,2,0,-1,15,0,2,0,14,0,1,3,11,0,0,0,5,5,5,19,14,19,0.2995,7,1,0,start_jam,0
1457,33,3,0,-1,12,0,2,0,14,0,0,14,0,0,0,0,0,0,0,14,14,14,0.5084,10,0,0,pending,0
1458,33,3,0,-1,12,0,2,0,14,0,0,14,0,0,0,0,0,0,0,14,14,14,0.5084,10,0,0,hop,1
1458,118,3,1,90,21,0,1,0,20,0,1,8,12,0,1,0,7,7,7,27,19,26,0.3999,11,1,0,still,0
1458,199,1,1,180,17,1,3,0,19,0,1,4,15,0,1,0,4,4,3,23,18,21,0.3192,7,1,0,still,0
1459,14,1,1,270,18,0,1,0,17,0,1,10,7,0,0,1,3,3,3,20,18,21,0.4802,9,1,0,still,0
1459,145,1,1,30,14,1,2,0,20,0,1,5,15,0,2,0,0,0,0,20,18,18,0.3946,8,1,0,still,0
1460,6,2,1,90,15,0,1,0,16,0,1,6,10,0,0,0,8,8,8,24,16,24,0.3957,8,1,0,still,0
1460,19,3,1,240,20,0,2,0,24,0,1,14,10,0,0,0,1,1,1,25,24,25,0.5059,12,1,0,still,0
1460,58,1,1,60,17,0,1,0,24,0,1,21,3,0,0,1,0,0,0,24,25,25,0.6074,10,1,0,still,0
1460,68,2,1,120,17,1,2,0,19,0,1,6,13,0,0,0,2,2,2,21,19,21,0.3231,6,1,0,still,0
1460,84,1,0,-1,19,0,3,0,23,0,1,16,7,0,0,0,0,0,0,23,23,23,0.5426,10,1,0,start_jam,0
1460,158,1,1,120,17,2,3,0,18,0,1,3,15,0,1,0,3,3,2,21,17,19,0.2591,5,1,0,still,0
1460,168,1,1,90,18,0,1,0,28,0,1,18,10,0,5,0,0,0,0,28,23,23,0.3741,10,1,0,still,0
1461,140,1,1,30,20,1,2,0,16,0,1,9,7,0,1,1,6,6,6,22,16,22,0.5304,11,1,0,still,0
1461,141,2,1,30,18,0,1,0,18,0,1,10,8,0,0,0,6,6,5,24,18,23,0.4943,11,1,0,still,0
1462,114,1,1,300,14,0,1,0,15,0,1,5,10,0,1,0,3,3,3,18,14,17,0.3518,7,1,0,end_cap,1
1463,9,1,1,240,20,0,1,0,14,0,1,6,8,0,0,0,9,9,9,23,14,23,0.5024,9,1,0,still,0
1463,17,3,1,90,19,1,2,0,22,0,1,12,10,0,0,1,2,2,2,24,23,25,0.5350,12,1,0,still,0
1463,54,2,0,-1,20,1,2,0,23,0,1,12,11,0,0,0,1,1,1,24,23,24,0.5756,12,1,0,start_jam,0
1463,127,1,1,240,20,1,2,0,23,0,1,10,13,0,3,0,2,2,2,25,20,22,0.3504,9,1,0,still,0
1463,130,1,1,90,16,1,3,0,19,0,1,10,9,0,0,0,2,2,2,21,19,21,0.5847,9,1,0,still,0
1463,139,1,1,150,19,0,3,0,19,0,1,9,10,0,2,0,6,6,6,25,17,23,0.5599,12,1,0,still,0
1463,149,1,1,210,19,0,1,0,16,0,1,6,10,0,2,0,9,9,9,25,14,23,0.3524,8,1,0,still,0
1463,195,1,1,270,17,1,2,0,20,0,1,7,13,0,2,0,3,3,3,23,18,21,0.4020,11,1,0,still,0
1464,44,1,1,270,19,0,2,0,15,0,1,8,7,0,0,1,8,8,8,23,16,24,0.4305,7,1,0,still,0
1464,73,2,0,-1,7,0,3,0,8,0,0,8,0,0,0,0,0,0,0,8,8,8,0.3304,6,0,0,pending,0
1464,89,1,0,-1,21,1,3,0,26,0,0,26,0,0,0,0,0,0,0,26,26,26,0.6788,13,0,0,hop,1
1464,136,2,0,-1,10,0,3,0,12,0,0,12,0,0,1,0,0,0,0,12,11,11,0.5354,10,0,0,hop,1
1464,153,1,1,270,17,0,2,0,20,0,1,7,13,0,2,0,2,2,2,22,18,20,0.3489,8,1,0,still,0
1465,57,1,0,-1,19,1,3,0,24,0,1,16,8,0,0,0,1,1,1,25,24,25,0.5807,11,1,0,start_jam,0
1465,73,2,0,-1,7,0,3,0,8,0,0,8,0,0,0,0,0,0,0,8,8,8,0.3303,6,0,0,hop,1
1465,142,2,1,210,17,0,1,0,19,0,1,10,9,0,1,0,5,5,5,24,18,23,0.6006,12,1,0,still,0
1466,161,2,0,-1,19,0,1,0,24,0,1,12,12,0,1,0,3,3,2,27,23,25,0.5040,11,1,0,start_jam,0
1467,26,3,0,-1,20,0,1,0,27,0,0,27,0,0,0,0,0,0,0,27,27,27,0.5528,14,0,0,hop,1
1467,55,2,1,60,19,0,1,0,24,0,1,14,10,0,0,0,1,1,1,25,24,25,0.5749,13,1,0,still,0
1467,154,2,1,240,17,0,1,0,20,0,1,7,13,0,1,0,2,2,2,22,19,21,0.3174,8,1,0,still,0
1469,3,2,1,240,14,0,1,0,16,0,1,6,10,0,0,0,3,3,3,19,16,19,0.3608,6,1,0,still,0
1469,107,2,0,-1,18,0,2,0,21,0,0,21,0,0,0,1,0,0,0,21,22,22,0.5896,11,0,0,pending,0
1470,76,3,1,120,17,1,2,0,19,0,1,8,11,0,0,0,5,5,5,24,19,24,0.5060,11,1,0,still,0
1470,107,2,0,-1,18,0,2,0,21,0,0,21,0,0,0,1,0,0,0,21,22,22,0.5896,11,0,0,hop,1
1470,182,1,1,150,20,1,3,0,19,0,1,8,11,0,2,0,7,7,7,26,17,24,0.5434,13,1,0,still,0
1471,11,1,1,300,19,0,1,0,17,0,1,8,9,0,1,0,8,8,8,25,16,24,0.5141,9,1,0,end_cap,1
1472,97,3,0,-1,1,0,7,1,2,0,0,2,0,0,0,0,0,0,0,2,2,2,0.0295,1,0,0,hop,1
1473,13,2,1,240,17,1,2,0,17,0,1,7,10,0,0,0,5,5,5,22,17,22,0.4947,10,1,0,still,0
1473,56,1,1,270,21,0,1,0,23,0,1,14,9,0,0,0,1,1,1,24,23,24,0.5515,11,1,0,still,0
1473,85,1,1,30,17,0,2,0,23,0,1,18,5,0,0,2,0,0,0,23,25,25,0.5726,10,1,0,still,0
1475,183,1,1,30,19,0,2,1,19,0,1,8,11,0,1,0,4,4,3,23,18,21,0.4891,12,1,0,still,0
1475,194,1,0,-1,19,1,2,0,16,0,1,9,7,0,0,0,10,10,7,26,16,23,0.4617,12,1,0,start_jam,0
1477,100,1,1,210,15,1,2,0,12,0,1,2,10,0,0,0,5,5,5,17,12,17,0.3324,5,1,0,still,0
1477,113,1,1,270,16,0,2,0,15,0,1,6,9,0,2,0,5,5,5,20,13,18,0.2640,6,1,0,still,0
1477,165,1,1,60,21,0,2,0,24,0,1,11,13,0,2,0,1,1,1,25,22,23,0.3497,9,1,0,still,0
1477,170,2,1,210,18,0,2,0,19,0,1,8,11,0,0,1,4,4,4,23,20,24,0.5732,11,1,0,still,0
1478,72,2,1,90,18,0,2,0,17,0,1,5,12,0,0,0,4,4,4,21,17,21,0.2861,5,1,0,still,0
1478,117,3,1,210,18,0,1,0,15,0,1,7,8,0,0,0,12,12,12,27,15,27,0.3498,9,1,0,still,0
1479,50,1,1,30,19,1,3,0,20,0,1,9,11,0,0,1,2,2,2,22,21,23,0.6080,10,1,0,still,0
1479,87,1,1,30,21,0,2,0,24,0,1,24,0,0,0,1,0,0,0,24,25,25,0.5627,10,0,0,still,0
1479,135,1,1,120,21,0,1,0,30,0,0,27,3,0,4,0,0,0,0,30,26,26,0.3713,10,0,0,end_clear,0
1479,157,2,1,30,17,0,3,0,19,0,1,7,12,0,0,0,3,3,3,22,19,22,0.2693,6,1,0,still,0
1481,2,1,1,30,15,0,1,0,15,0,1,6,9,0,0,0,4,4,4,19,15,19,0.3305,5,1,0,still,0
1481,35,2,1,240,18,0,1,0,16,0,1,6,10,0,0,0,5,5,5,21,16,21,0.3823,7,1,0,still,0
1481,86,1,1,60,18,1,2,0,26,0,1,25,1,0,0,1,0,0,0,26,27,27,0.5385,9,0,1,still,0
1481,159,1,1,210,13,1,2,0,8,0,1,1,7,0,0,0,7,7,7,15,8,15,0.2328,4,1,0,still,0
1482,10,1,1,270,20,1,2,0,16,0,1,8,8,0,0,0,8,8,8,24,16,24,0.5381,9,1,0,still,0
1482,15,1,1,300,17,2,3,0,17,0,1,8,9,0,0,0,4,4,4,21,17,21,0.5163,9,1,0,end_cap,1
1482,40,1,1,240,17,0,2,0,11,0,1,5,6,0,0,1,8,8,8,19,12,20,0.4332,8,1,0,still,0
1482,172,1,1,150,19,0,1,0,32,1,1,28,4,0,4,0,0,0,0,32,28,28,0.3456,9,1,0,still,0
1482,189,1,1,300,14,0,2,0,16,0,1,7,9,0,3,0,6,6,6,22,13,19,0.4138,10,1,0,end_cap,1
1483,4,2,1,270,14,0,1,0,13,0,1,7,6,0,0,0,6,6,6,19,13,19,0.3615,7,1,0,still,0
1483,7,2,1,180,18,1,2,0,15,0,1,7,8,0,0,0,10,10,10,25,15,25,0.3889,8,1,0,still,0
1483,21,2,1,180,21,0,2,0,23,0,1,13,10,0,0,0,1,1,1,24,23,24,0.5594,12,1,0,still,0
1483,47,2,1,240,19,0,2,0,20,0,1,9,11,0,0,1,2,2,2,22,21,23,0.5518,11,1,0,still,0
1483,115,2,1,240,15,0,2,0,15,0,1,7,8,0,1,0,7,7,7,22,14,21,0.3504,9,1,0,still,0
1485,66,1,0,-1,15,0,1,0,18,0,0,18,0,0,0,0,0,0,0,18,18,18,0.6652,9,0,0,pending,0
1485,79,1,1,120,18,0,2,0,19,0,1,8,11,0,1,0,3,3,3,22,18,21,0.5954,10,1,0,still,0
1485,152,1,0,-1,3,1,6,0,3,0,0,3,0,0,0,0,0,0,0,3,3,3,0.0698,2,0,0,pending,0
1485,171,1,1,60,16,0,1,0,30,0,1,24,6,0,4,0,0,0,0,30,26,26,0.3867,10,1,0,still,0
1486,66,1,0,-1,15,0,1,0,18,0,0,18,0,0,0,0,0,0,0,18,18,18,0.6652,9,0,0,hop,1
1486,123,2,1,30,15,0,2,0,12,0,1,4,8,0,0,0,7,7,7,19,12,19,0.2995,7,1,0,still,0
1486,152,1,0,-1,3,1,6,0,3,0,0,3,0,0,0,0,0,0,0,3,3,3,0.0698,2,0,0,hop,1
1488,71,2,0,-1,8,2,3,0,10,0,0,10,0,0,0,0,0,0,0,10,10,10,0.3640,7,0,0,pending,0
1488,118,3,1,120,20,0,1,0,20,0,1,10,10,0,0,0,7,7,6,27,20,26,0.3999,11,1,0,still,0
1488,199,1,1,210,17,1,3,0,15,0,1,6,9,0,0,0,8,8,6,23,15,21,0.3192,7,1,0,still,0
1489,14,1,1,300,19,0,1,0,19,0,1,9,10,0,0,2,1,1,1,20,21,22,0.4802,9,1,0,end_cap,1
1489,71,2,0,-1,8,2,3,0,10,0,0,10,0,0,0,0,0,0,0,10,10,10,0.3640,7,0,0,hop,1
1489,145,1,1,60,14,1,2,0,14,0,1,7,7,0,2,0,6,6,6,20,12,18,0.3944,8,1,0,still,0
1490,6,2,1,120,15,0,1,0,14,0,1,7,7,0,0,0,10,10,10,24,14,24,0.3948,8,1,0,still,0
1490,19,3,1,270,20,0,2,0,24,0,1,12,12,0,0,0,1,1,1,25,24,25,0.5057,12,1,0,still,0
1490,58,1,1,90,17,0,1,0,25,0,1,23,2,0,0,1,0,0,0,25,26,26,0.6075,10,1,0,still,0
1490,68,2,1,150,17,1,2,0,18,0,1,8,10,0,0,0,3,3,3,21,18,21,0.3228,6,1,0,still,0
1490,84,1,1,30,19,0,3,0,23,0,1,17,6,0,0,0,0,0,0,23,23,23,0.5440,10,1,0,still,0
1490,158,1,1,150,17,2,3,0,14,0,1,5,9,0,0,0,7,7,5,21,14,19,0.2591,5,1,0,still,0
1490,168,1,1,120,18,0,1,0,29,0,1,19,10,0,5,0,0,0,0,29,24,24,0.3741,10,1,0,still,0
1491,140,1,1,60,20,1,2,0,21,0,1,10,11,0,1,0,1,1,2,22,20,22,0.5304,11,1,0,still,0
1491,141,2,1,60,18,0,1,0,22,0,1,10,12,0,1,0,2,2,2,24,21,23,0.4942,11,1,0,still,0
1493,9,1,1,270,20,0,1,0,17,0,1,9,8,0,0,0,7,7,7,24,17,24,0.5027,9,1,0,still,0
1493,17,3,1,120,19,1,2,0,19,0,1,9,10,0,0,0,4,4,5,23,19,24,0.5349,12,1,0,still,0
1493,54,2,1,30,20,1,2,0,22,0,1,12,10,0,0,0,2,2,2,24,22,24,0.5755,12,1,0,still,0
1493,88,1,0,-1,21,0,2,0,25,0,0,25,0,0,0,0,0,0,0,25,25,25,0.5746,11,0,0,pending,0
1493,127,1,1,270,20,1,2,0,20,0,1,9,11,0,2,0,5,5,4,25,18,22,0.3504,9,1,0,still,0
1493,130,1,1,120,16,1,3,0,16,0,1,8,8,0,0,0,5,5,5,21,16,21,0.5829,9,1,0,still,0
1493,139,1,1,180,19,0,3,0,21,0,1,11,10,0,1,0,4,4,3,25,20,23,0.5599,12,1,0,still,0
1493,149,1,1,240,19,0,1,0,17,0,1,8,9,0,2,0,8,8,8,25,15,23,0.3524,8,1,0,still,0
1493,195,1,1,300,17,1,2,0,18,0,1,8,10,0,2,0,5,5,5,23,16,21,0.4020,11,1,0,end_cap,1
1494,44,1,1,300,19,0,2,0,18,0,1,10,8,0,0,2,4,4,4,22,20,24,0.4312,7,1,0,end_cap,1
1494,88,1,0,-1,21,0,2,0,25,0,0,25,0,0,0,0,0,0,0,25,25,25,0.5746,11,0,0,hop,1
1494,153,1,1,300,17,0,2,0,18,0,1,8,10,0,2,0,4,4,4,22,16,20,0.3780,9,1,0,end_cap,1
1495,57,1,1,30,19,1,3,0,23,0,1,16,7,0,0,0,1,1,1,24,23,24,0.5817,11,1,0,still,0
1495,142,2,1,240,17,0,1,0,20,0,1,11,9,0,2,0,5,5,5,25,18,23,0.6005,12,1,0,still,0
1496,161,2,1,30,19,0,1,0,22,0,1,12,10,0,2,0,5,5,5,27,20,25,0.5041,11,1,0,still,0
1497,55,2,1,90,19,0,1,0,23,0,1,14,9,0,0,0,1,1,1,24,23,24,0.4793,11,1,0,still,0
1497,154,2,1,270,17,0,1,0,19,0,1,9,10,0,1,0,2,2,2,21,18,20,0.3439,9,1,0,still,0
1498,166,2,0,-1,20,0,1,0,25,0,1,15,10,0,1,0,3,3,2,28,24,26,0.3234,9,1,0,start_jam,0
1499,3,2,1,270,14,0,1,0,14,0,1,8,6,0,0,0,5,5,5,19,14,19,0.3627,6,1,0,still,0
1500,76,3,1,150,17,1,2,0,18,0,1,9,9,0,0,1,6,6,6,24,19,25,0.5954,12,1,0,still,0
1500,144,2,0,-1,5,5,6,0,8,0,0,8,0,0,1,0,0,0,0,8,7,7,0.2453,6,0,0,pending,0
1500,182,1,1,180,20,1,3,0,21,0,1,12,9,0,2,0,5,5,5,26,19,24,0.5434,13,1,0,still,0
1501,144,2,0,-1,5,5,6,0,8,0,0,8,0,0,1,0,0,0,0,8,7,7,0.2453,6,0,0,hop,1
1503,13,2,1,270,17,1,2,0,18,0,1,9,9,0,0,0,4,4,4,22,18,22,0.4947,10,1,0,still,0
1503,56,1,1,300,21,0,1,0,23,0,1,15,8,0,0,0,1,1,1,24,23,24,0.5521,11,1,0,end_cap,1
1503,85,1,1,60,17,0,2,0,23,0,1,19,4,0,0,2,0,0,0,23,25,25,0.5726,10,1,0,still,0
1505,67,2,0,-1,14,1,4,0,15,0,0,15,0,0,0,0,0,0,0,15,15,15,0.6928,12,0,0,hop,1
1505,183,1,1,60,19,0,2,1,20,0,1,10,10,0,1,0,3,3,2,23,19,21,0.4619,11,1,0,still,0
1505,194,1,1,30,19,1,2,0,21,0,1,12,9,0,2,0,5,5,4,26,19,23,0.4617,12,1,0,still,0
1506,119,1,0,-1,18,0,2,0,20,0,1,11,9,0,2,0,5,5,4,25,18,22,0.4712,11,1,0,start_jam,0
1507,100,1,1,240,15,1,2,0,11,0,1,4,7,0,0,0,6,6,6,17,11,17,0.3324,5,1,0,still,0
1507,113,1,1,300,16,0,2,0,14,0,1,7,7,0,2,0,6,6,6,20,12,18,0.2641,6,1,0,end_cap,1
1507,165,1,1,90,21,0,2,0,23,0,1,11,12,0,2,0,2,2,2,25,21,23,0.3497,9,1,0,still,0
1507,170,2,1,240,18,0,2,0,18,0,1,10,8,0,0,1,5,5,5,23,19,24,0.5729,11,1,0,still,0
1508,72,2,1,120,18,0,2,0,15,0,1,9,6,0,0,0,6,6,6,21,15,21,0.2860,5,1,0,still,0
1508,117,3,1,240,18,0,1,0,18,0,1,9,9,0,0,0,9,9,9,27,18,27,0.3498,9,1,0,still,0
1508,132,1,0,-1,22,0,1,0,23,0,0,23,0,0,0,3,0,0,0,23,26,26,0.6388,12,0,0,pending,0
1509,50,1,1,60,19,1,3,0,18,0,1,9,9,0,0,1,4,4,4,22,19,23,0.6109,10,1,0,still,0
1509,87,1,1,60,21,0,2,0,24,0,0,24,0,0,0,1,0,0,0,24,25,25,0.5632,10,0,0,end_clear,1
1509,132,1,0,-1,22,0,1,0,23,0,0,23,0,0,0,3,0,0,0,23,26,26,0.6390,12,0,0,hop,1
1509,157,2,1,60,17,0,3,0,18,0,1,11,7,0,0,0,4,4,4,22,18,22,0.2693,6,1,0,still,0
1511,2,1,1,60,15,0,1,0,13,0,1,8,5,0,0,0,6,6,6,19,13,19,0.3325,5,1,0,still,0
1511,35,2,1,270,18,0,1,0,15,0,1,9,6,0,0,0,6,6,6,21,15,21,0.3832,7,1,0,still,0
1511,86,1,1,90,19,0,1,0,26,0,1,26,0,0,0,1,0,0,0,26,27,27,0.5385,9,0,0,still,0
1511,159,1,1,240,13,1,2,0,8,0,1,4,4,0,0,0,7,7,7,15,8,15,0.2328,4,1,0,still,0
1512,10,1,1,300,20,1,2,0,19,0,1,10,9,0,0,0,5,5,5,24,19,24,0.4664,8,1,0,end_cap,1
1512,40,1,1,270,17,0,2,0,10,0,1,7,3,0,0,1,9,9,9,19,11,20,0.4331,8,1,0,still,0
1512,172,1,1,180,19,0,1,0,32,1,1,29,3,0,4,0,0,0,0,32,28,28,0.3722,10,0,0,still,0
1513,4,2,1,300,14,0,1,0,12,0,1,8,4,0,0,0,7,7,7,19,12,19,0.3627,7,1,0,end_cap,1
1513,7,2,1,210,18,1,2,0,18,0,1,9,9,0,0,0,7,7,7,25,18,25,0.3889,8,1,0,still,0
1513,21,2,1,210,21,0,2,0,23,0,1,15,8,0,0,0,1,1,1,24,23,24,0.5602,12,1,0,still,0
1513,47,2,1,270,19,0,2,0,19,0,1,10,9,0,0,1,3,3,3,22,20,23,0.5519,11,1,0,still,0
1513,115,2,1,270,15,0,2,0,14,0,1,10,4,0,1,0,8,8,8,22,13,21,0.3504,9,1,0,still,0
1515,79,1,1,150,18,0,2,0,18,0,1,8,10,0,1,0,4,4,4,22,17,21,0.5954,10,1,0,still,0
1515,111,1,0,-1,2,0,1,1,2,0,0,2,0,0,0,0,0,0,0,2,2,2,0.1307,2,0,0,pending,0
1515,171,1,1,90,16,0,1,0,30,0,1,25,5,0,4,0,0,0,0,30,26,26,0.3875,10,1,0,still,0
1516,111,1,0,-1,2,0,1,1,2,0,0,2,0,0,0,0,0,0,0,2,2,2,0.1306,2,0,0,hop,1
1516,123,2,1,60,15,0,2,0,13,0,1,8,5,0,0,0,6,6,6,19,13,19,0.2995,7,1,0,still,0
1518,118,3,1,150,20,0,1,0,23,0,1,12,11,0,1,0,4,4,4,27,22,26,0.3999,11,1,0,still,0
1518,186,1,0,-1,15,3,4,0,20,0,0,20,0,0,3,0,0,0,0,20,17,17,0.6498,11,0,0,pending,0
1518,199,1,1,240,17,1,3,0,18,0,1,10,8,0,0,0,5,5,3,23,18,21,0.3192,7,1,0,still,0
1519,145,1,1,90,14,1,2,0,16,0,1,10,6,0,2,0,4,4,4,20,14,18,0.3944,8,1,0,still,0
1519,186,1,0,-1,15,3,4,0,20,0,0,20,0,0,3,0,0,0,0,20,17,17,0.6500,11,0,0,hop,1
1520,6,2,1,150,15,0,1,0,15,0,1,8,7,0,0,0,9,9,9,24,15,24,0.3957,8,1,0,still,0
1520,19,3,1,300,20,0,2,0,23,0,1,14,9,0,0,0,2,2,2,25,23,25,0.5059,12,1,0,end_cap,1
1520,58,1,1,120,17,0,1,0,25,0,1,24,1,0,0,1,0,0,0,25,26,26,0.6071,10,0,1,still,0
1520,68,2,1,180,17,1,2,0,20,0,1,12,8,0,0,0,1,1,1,21,20,21,0.3228,6,1,0,still,0
1520,84,1,1,60,19,0,3,0,24,0,1,19,5,0,0,0,0,0,0,24,24,24,0.5434,10,1,0,still,0
1520,158,1,1,180,17,2,3,0,17,0,1,9,8,0,0,0,4,4,2,21,17,19,0.2591,5,1,0,still,0
1520,168,1,1,150,18,0,1,0,29,0,1,21,8,0,5,0,0,0,0,29,24,24,0.3741,10,1,0,still,0
1521,140,1,1,90,20,1,2,0,21,0,1,11,10,0,1,0,1,1,2,22,20,22,0.5304,11,1,0,still,0
1521,141,2,1,90,18,0,1,0,22,0,1,11,11,0,1,0,2,2,2,24,21,23,0.4943,11,1,0,still,0
1522,169,1,0,-1,17,0,1,0,18,0,1,9,9,0,0,1,2,2,2,20,19,21,0.7069,11,1,0,start_jam,0
1523,9,1,1,300,20,0,1,0,18,0,1,9,9,0,0,0,6,6,6,24,18,24,0.5047,9,1,0,end_cap,1
1523,17,3,1,150,19,1,2,0,21,0,1,11,10,0,0,1,2,2,2,23,22,24,0.5358,12,1,0,still,0
1523,54,2,1,60,20,1,2,0,23,0,1,14,9,0,0,0,1,1,1,24,23,24,0.5742,12,1,0,still,0
1523,127,1,1,300,20,1,2,0,23,0,1,11,12,0,3,0,2,2,2,25,20,22,0.3504,9,1,0,end_cap,1
1523,130,1,1,150,16,1,3,0,19,0,1,11,8,0,0,0,2,2,2,21,19,21,0.5824,9,1,0,still,0
1523,139,1,1,210,19,0,3,0,22,0,1,11,11,0,2,0,3,3,3,25,20,23,0.5599,12,1,0,still,0
1523,149,1,1,270,19,0,1,0,18,0,1,9,9,0,1,0,7,7,6,25,17,23,0.3524,8,1,0,still,0
1525,57,1,1,60,19,1,3,0,23,0,1,17,6,0,0,0,1,1,1,24,23,24,0.5839,11,1,0,still,0
1525,142,2,1,270,17,0,1,0,24,0,1,13,11,0,2,0,1,1,1,25,22,23,0.6009,12,1,0,still,0
1526,161,2,1,60,19,0,1,0,27,0,1,14,13,0,2,0,0,0,0,27,25,25,0.4284,10,1,0,still,0
1527,55,2,1,120,19,0,1,0,24,0,1,17,7,0,0,0,1,1,1,25,24,25,0.5745,13,1,0,still,0
1527,154,2,1,300,17,0,1,0,20,0,1,13,7,0,1,0,2,2,2,22,19,21,0.3439,9,1,0,end_cap,1
1527,179,1,0,-1,1,0,1,1,0,0,0,0,0,0,0,0,0,0,0,0,0,0,0.0000,0,0,0,pending,0
1528,166,2,1,30,20,0,1,0,27,0,1,17,10,0,2,0,1,1,1,28,25,26,0.3233,9,1,0,still,0
1528,179,1,0,-1,1,0,1,1,0,0,0,0,0,0,0,0,0,0,0,0,0,0,0.0000,0,0,0,hop,1
1529,3,2,1,300,15,0,1,0,15,0,1,11,4,0,0,0,4,4,4,19,15,19,0.3627,6,1,0,end_cap,1
1530,76,3,1,180,17,1,2,0,22,0,1,12,10,0,0,1,1,1,1,23,23,24,0.5954,12,1,0,still,0
1530,99,2,0,-1,7,1,3,0,9,0,0,9,0,0,0,0,0,0,0,9,9,9,0.3551,7,0,0,pending,0
1530,182,1,1,210,20,1,3,0,22,0,1,11,11,0,2,0,4,4,4,26,20,24,0.5434,13,1,0,still,0
1531,99,2,0,-1,7,1,3,0,9,0,0,9,0,0,0,0,0,0,0,9,9,9,0.3551,7,0,0,hop,1
1533,13,2,1,300,17,1,2,0,19,0,1,9,10,0,0,0,3,3,3,22,19,22,0.4947,10,1,0,end_cap,1
1533,85,1,1,90,17,0,2,0,24,0,1,21,3,0,0,1,0,0,0,24,25,25,0.5725,10,1,0,still,0
1535,183,1,1,90,19,0,2,1,21,0,1,11,10,0,1,0,2,2,1,23,20,21,0.4619,11,1,0,still,0
1535,194,1,1,60,19,1,2,0,22,0,1,13,9,0,3,0,4,4,4,26,19,23,0.4617,12,1,0,still,0
1536,119,1,1,30,18,0,2,0,21,0,1,13,8,0,3,0,4,4,4,25,18,22,0.4712,11,1,0,still,0
1537,100,1,1,270,15,1,2,0,12,0,1,8,4,0,0,0,5,5,5,17,12,17,0.3324,5,1,0,still,0
1537,165,1,1,120,21,0,2,0,24,0,1,13,11,0,2,0,1,1,1,25,22,23,0.4035,10,1,0,still,0
1537,170,2,1,270,18,0,2,0,22,0,1,12,10,0,0,1,1,1,1,23,23,24,0.5729,11,1,0,still,0
1538,72,2,1,150,18,0,2,0,18,0,1,12,6,0,0,0,3,3,3,21,18,21,0.2860,5,1,0,still,0
1538,117,3,1,270,18,0,1,0,18,0,1,11,7,0,0,0,9,9,9,27,18,27,0.2998,8,1,0,still,0
1539,50,1,1,90,19,1,3,0,22,0,1,11,11,0,0,1,0,0,0,22,23,23,0.6131,10,1,0,still,0
1539,157,2,1,90,17,0,3,0,19,0,1,14,5,0,0,0,3,3,3,22,19,22,0.2694,6,1,0,still,0
1541,2,1,1,90,15,0,1,0,15,0,1,12,3,0,0,0,4,4,4,19,15,19,0.3324,5,1,0,still,0
1541,35,2,1,300,18,0,1,0,17,0,1,13,4,0,0,0,4,4,4,21,17,21,0.3856,7,1,0,end_cap,1
1541,86,1,1,120,19,2,3,0,26,0,1,26,0,0,0,1,0,0,0,26,27,27,0.5386,9,0,0,still,0
1541,159,1,1,270,13,1,2,0,9,0,1,7,2,0,0,0,6,6,6,15,9,15,0.2328,4,1,0,still,0
1542,40,1,1,300,17,0,2,0,11,0,1,9,2,0,0,1,9,9,9,20,12,21,0.4330,8,1,0,end_cap,1
1542,172,1,1,210,19,0,1,0,32,1,1,29,3,0,4,0,0,0,0,32,28,28,0.3721,10,0,0,still,0
1543,7,2,1,240,18,1,2,0,17,0,1,10,7,0,0,0,8,8,8,25,17,25,0.3889,8,1,0,still,0
1543,21,2,1,240,21,0,2,0,23,0,1,15,8,0,0,0,1,1,1,24,23,24,0.5586,12,1,0,still,0
1543,47,2,1,300,19,0,2,0,21,0,1,10,11,0,0,1,1,1,1,22,22,23,0.7130,13,1,0,end_cap,1
1543,115,2,1,300,15,0,2,0,15,0,1,14,1,0,1,0,7,7,7,22,14,21,0.3504,9,1,0,end_cap,1
1544,49,2,0,-1,18,0,3,0,24,0,1,12,12,0,0,0,0,0,0,24,24,24,0.6577,11,1,0,start_jam,0
1545,23,2,0,-1,17,1,2,0,25,0,1,22,3,0,0,1,0,0,0,25,26,26,0.5222,10,1,0,start_jam,0
1545,79,1,1,180,18,0,2,0,20,0,1,8,12,0,1,1,1,1,1,21,20,21,0.5944,10,1,0,still,0
1545,171,1,1,120,16,0,1,0,30,0,1,24,6,0,4,0,0,0,0,30,26,26,0.3885,10,1,0,still,0
1546,16,1,0,-1,18,0,3,0,22,0,1,10,12,0,0,0,1,1,1,23,22,23,0.5832,9,1,0,start_jam,0
1546,123,2,1,90,15,0,2,0,13,0,1,11,2,0,0,0,6,6,6,19,13,19,0.2995,7,1,0,still,0
1547,29,2,0,-1,21,0,2,0,27,0,0,27,0,0,1,0,0,0,0,27,26,26,0.6494,14,0,0,hop,1
1548,118,3,1,180,20,0,1,0,22,0,1,12,10,0,1,0,5,5,5,27,21,26,0.3999,11,1,0,still,0
1548,199,1,1,270,17,1,3,0,18,0,1,15,3,0,0,0,5,5,3,23,18,21,0.3192,7,1,0,still,0
1549,145,1,1,120,14,1,2,0,17,0,1,14,3,0,2,0,3,3,3,20,15,18,0.3946,8,1,0,still,0
1550,6,2,1,180,15,0,1,0,16,0,1,10,6,0,0,0,8,8,8,24,16,24,0.3950,8,0,1,still,0
1550,58,1,1,150,16,0,1,0,25,0,1,24,1,0,0,1,0,0,0,25,26,26,0.6075,10,0,1,still,0
1550,68,2,1,210,16,1,2,0,19,0,1,17,2,0,0,0,2,2,2,21,19,21,0.3228,6,1,0,still,0
1550,84,1,1,90,19,0,3,0,24,0,1,18,6,0,0,0,0,0,0,24,24,24,0.5436,10,1,0,still,0
1550,158,1,1,210,17,2,3,0,17,0,1,14,3,0,0,0,4,4,2,21,17,19,0.2591,5,1,0,still,0
1550,168,1,1,180,18,0,1,0,29,0,1,20,9,0,5,0,0,0,0,29,24,24,0.3741,10,1,0,still,0
1551,108,1,0,-1,14,2,4,0,17,0,0,17,0,0,1,0,0,0,0,17,16,16,0.6950,11,0,0,pending,0
1551,140,1,1,120,20,1,2,0,21,0,1,10,11,0,1,0,1,1,2,22,20,22,0.5304,11,1,0,still,0
1551,141,2,1,120,18,0,1,0,23,0,1,10,13,0,1,0,1,1,1,24,22,23,0.4938,11,1,0,still,0
1552,108,1,0,-1,14,2,4,0,17,0,0,17,0,0,1,0,0,0,0,17,16,16,0.6951,11,0,0,hop,1
1552,169,1,1,30,18,0,1,0,18,0,1,8,10,0,0,2,1,1,1,19,20,21,0.6363,10,1,0,still,0
1553,17,3,1,180,19,1,2,0,22,0,1,10,12,0,0,1,1,1,1,23,23,24,0.5357,12,1,0,still,0
1553,54,2,1,90,20,1,2,0,23,0,1,13,10,0,0,0,1,1,1,24,23,24,0.5754,12,1,0,still,0
1553,103,1,0,-1,4,2,6,0,4,0,0,4,0,0,0,0,0,0,0,4,4,4,0.1109,3,0,0,hop,1
1553,130,1,1,180,16,1,3,0,20,0,1,9,11,0,0,0,1,1,1,21,20,21,0.5845,9,1,0,still,0
1553,139,1,1,240,19,0,3,0,22,0,1,11,11,0,2,0,3,3,3,25,20,23,0.5599,12,1,0,still,0
1553,149,1,1,300,19,0,1,0,17,0,1,11,6,0,1,0,8,8,7,25,16,23,0.3524,8,1,0,end_cap,0
1555,57,1,1,90,19,1,3,0,23,0,1,16,7,0,0,0,1,1,1,24,23,24,0.5831,11,1,0,still,0
1555,142,2,1,300,17,0,1,0,24,0,1,11,13,0,2,0,1,1,1,25,22,23,0.5995,12,1,0,end_cap,1
1556,161,2,1,90,19,0,1,0,27,0,1,11,16,0,2,0,0,0,0,27,25,25,0.4284,10,1,0,still,0
1557,55,2,1,150,19,0,1,0,23,0,1,15,8,0,0,0,1,1,1,24,23,24,0.5109,12,1,0,still,0
1558,166,2,1,60,20,0,1,0,27,0,1,16,11,0,2,0,1,1,1,28,25,26,0.3236,9,1,0,still,0
1558,181,1,0,-1,18,1,2,0,24,0,0,24,0,0,3,0,0,0,0,24,21,21,0.6443,12,0,0,hop,1
1560,76,3,1,210,17,1,2,0,24,0,1,11,13,0,0,0,1,1,1,25,24,25,0.5953,12,1,0,still,0
1560,182,1,1,240,20,1,3,0,23,0,1,12,11,0,2,0,3,3,3,26,21,24,0.5434,13,1,0,still,0
1561,101,3,0,-1,5,4,6,0,6,0,0,6,0,0,0,0,0,0,0,6,6,6,0.1489,5,0,0,pending,0
1562,34,1,0,-1,4,3,6,0,6,0,0,6,0,0,1,0,0,0,0,6,5,5,0.2556,5,0,0,pending,0
1562,101,3,0,-1,5,4,6,0,6,0,0,6,0,0,0,0,0,0,0,6,6,6,0.1489,5,0,0,hop,1
1563,34,1,0,-1,5,1,2,0,6,0,0,6,0,0,0,0,0,0,0,6,6,6,0.2556,5,0,0,hop,1
1563,75,1,0,-1,2,0,3,1,2,0,0,2,0,0,0,0,0,0,0,2,2,2,0.1434,2,0,0,hop,1
1563,85,1,1,120,17,0,2,0,24,0,1,20,4,0,0,2,0,0,0,24,26,26,0.5726,10,1,0,still,0
1563,188,1,0,-1,16,1,2,0,19,0,1,16,3,0,2,0,2,2,2,21,17,19,0.4065,10,1,0,start_jam,0
1565,183,1,1,120,19,0,2,1,22,0,1,11,11,0,2,0,1,1,1,23,20,21,0.5434,12,1,0,still,0
1565,194,1,1,90,19,1,2,0,22,0,1,13,9,0,3,0,4,4,4,26,19,23,0.4074,11,1,0,still,0
1566,119,1,1,60,18,0,2,0,22,0,1,13,9,0,3,0,3,3,3,25,19,22,0.4712,11,1,0,still,0
1567,100,1,1,300,15,1,2,0,10,0,1,8,2,0,0,0,7,7,7,17,10,17,0.3324,5,1,0,end_cap,1
1567,146,2,0,-1,13,1,2,0,17,0,1,15,2,0,2,0,4,4,4,21,15,19,0.3495,9,1,0,start_jam,0
1567,165,1,1,150,21,0,2,0,24,0,1,12,12,0,2,0,1,1,1,25,22,23,0.4035,10,1,0,still,0
1567,170,2,1,300,17,0,2,0,22,0,1,10,12,0,0,0,1,1,1,23,22,23,0.5720,11,1,0,end_cap,1
1568,72,2,1,180,18,0,2,0,17,0,1,13,4,0,0,0,4,4,4,21,17,21,0.2860,5,1,0,still,0
1568,117,3,1,300,18,0,1,0,20,0,1,14,6,0,0,0,7,7,7,27,20,27,0.3497,9,1,0,end_cap,1
1569,50,1,1,120,19,1,3,0,18,0,1,9,9,0,0,1,4,4,4,22,19,23,0.6157,10,1,0,still,0
1569,157,2,1,120,17,0,3,0,20,0,1,15,5,0,0,0,2,2,2,22,20,22,0.2694,6,1,0,still,0
1571,2,1,1,120,16,0,1,0,17,0,1,14,3,0,0,0,2,2,2,19,17,19,0.4024,6,1,0,still,0
1571,86,1,1,150,19,0,2,0,26,0,1,26,0,0,0,1,0,0,0,26,27,27,0.5388,9,0,0,still,0
1571,89,1,0,-1,21,1,2,0,25,0,0,25,0,0,0,1,0,0,0,25,26,26,0.6783,13,0,0,hop,1
1571,159,1,1,300,13,1,2,0,11,0,1,8,3,0,0,0,4,4,4,15,11,15,0.2618,5,1,0,end_cap,1
1572,172,1,1,240,19,0,1,0,29,0,0,28,1,0,2,0,2,2,0,31,27,27,0.3721,10,0,0,end_clear,0
1573,7,2,1,270,18,0,2,0,20,0,1,14,6,0,0,0,5,5,5,25,20,25,0.3889,8,0,0,still,0
1573,21,2,1,270,20,0,2,0,18,0,1,15,3,0,0,0,6,6,6,24,18,24,0.5586,12,1,0,still,0
1573,126,2,0,-1,17,0,1,0,18,0,1,11,7,0,2,0,7,7,6,25,16,22,0.3764,11,1,0,start_jam,0
1574,49,2,1,30,18,0,3,0,18,0,1,8,10,0,0,1,5,5,5,23,19,24,0.5607,10,1,0,still,0
1575,23,2,1,30,17,1,2,0,23,0,1,23,0,0,0,0,2,2,3,25,23,26,0.5223,10,1,0,still,0
1575,79,1,1,210,18,0,2,0,15,0,1,8,7,0,1,1,6,6,6,21,15,21,0.5946,10,1,0,still,0
1575,171,1,1,150,16,0,1,0,26,0,1,25,1,0,1,0,4,4,1,30,25,26,0.3901,10,1,0,still,0
1576,16,1,1,30,18,0,3,0,17,0,1,9,8,0,0,0,6,6,6,23,17,23,0.5850,9,1,0,still,0
1576,123,2,1,120,15,0,2,0,15,0,1,11,4,0,0,0,4,4,4,19,15,19,0.2995,7,1,0,still,0
1577,31,2,0,-1,22,0,1,0,26,0,0,26,0,0,0,1,0,0,0,26,27,27,0.5606,12,0,0,pending,0
1578,31,2,0,-1,22,0,1,0,26,0,0,26,0,0,0,1,0,0,0,26,27,27,0.5606,12,0,0,hop,1
1578,118,3,1,210,20,0,1,0,23,0,1,14,9,0,1,0,4,4,4,27,22,26,0.4001,11,1,0,still,0
1578,199,1,1,300,17,1,3,0,20,0,1,14,6,0,2,0,3,3,3,23,18,21,0.3192,7,1,0,end_cap,1
1579,145,1,1,150,14,1,2,0,18,0,1,15,3,0,2,0,2,2,2,20,16,18,0.3946,8,1,0,still,0
1580,6,2,1,210,15,1,2,0,18,0,1,13,5,0,0,0,6,6,6,24,18,24,0.3953,8,0,1,still,0
1580,58,1,1,180,16,0,1,0,23,0,1,23,0,0,0,1,1,1,1,24,24,25,0.6075,10,0,1,still,0
1580,68,2,1,240,16,1,2,0,18,0,1,15,3,0,0,0,3,3,3,21,18,21,0.3230,6,1,0,still,0
1580,84,1,1,120,19,0,3,0,21,0,1,19,2,0,0,0,3,3,3,24,21,24,0.5435,10,1,0,still,0
1580,158,1,1,240,17,2,3,0,19,0,1,14,5,0,2,0,2,2,2,21,17,19,0.2590,5,1,0,still,0
1580,168,1,1,210,18,0,1,0,24,0,1,21,3,0,3,0,5,5,3,29,21,24,0.3741,10,1,0,still,0
1580,180,1,0,-1,21,0,1,1,25,0,0,25,0,0,1,1,0,0,0,25,25,25,0.7119,15,0,0,pending,0
1581,140,1,1,150,20,1,2,0,20,0,1,12,8,0,1,0,2,2,3,22,19,22,0.6189,12,1,0,still,0
1581,141,2,1,150,18,0,1,0,22,0,1,11,11,0,1,0,2,2,2,24,21,23,0.4939,11,1,0,still,0
1581,180,1,0,-1,21,0,1,1,25,0,0,25,0,0,1,1,0,0,0,25,25,25,0.7115,15,0,0,hop,1
1582,169,1,1,60,17,0,1,0,18,0,1,9,9,0,0,1,2,2,2,20,19,21,0.7056,11,1,0,still,0
1583,17,3,1,210,19,1,2,0,15,0,1,10,5,0,0,0,8,8,9,23,15,24,0.5358,12,1,0,still,0
1583,54,2,1,120,20,1,2,0,18,0,1,14,4,0,0,0,6,6,6,24,18,24,0.5756,12,1,0,still,0
1583,130,1,1,210,16,1,3,0,16,0,1,8,8,0,0,0,5,5,5,21,16,21,0.5838,9,1,0,still,0
1583,139,1,1,270,19,0,3,0,22,0,1,13,9,0,2,0,3,3,3,25,20,23,0.5599,12,1,0,still,0
1585,57,1,1,120,19,1,3,0,19,0,1,17,2,0,0,0,5,5,5,24,19,24,0.5830,11,1,0,still,0
1586,161,2,1,120,19,0,1,0,20,0,1,10,10,0,2,0,7,7,7,27,18,25,0.4284,10,1,0,still,0
1587,55,2,1,180,19,0,1,0,18,0,1,16,2,0,0,0,6,6,6,24,18,24,0.5106,12,1,0,still,0
1587,174,1,0,-1,16,0,2,0,20,0,0,20,0,0,2,0,0,0,0,20,18,18,0.7589,13,0,0,pending,0
1588,166,2,1,90,20,0,1,0,22,0,1,17,5,0,2,0,6,6,6,28,20,26,0.3236,9,1,0,still,0
1588,174,1,0,-1,16,0,2,0,20,0,0,20,0,0,2,0,0,0,0,20,18,18,0.7590,13,0,0,hop,1
1589,28,2,0,-1,20,0,2,0,27,0,0,27,0,0,1,0,0,0,0,27,26,26,0.5796,14,0,0,pending,0
1590,28,2,0,-1,20,0,2,0,27,0,0,27,0,0,1,0,0,0,0,27,26,26,0.5795,14,0,0,hop,1
1590,76,3,1,240,17,1,2,0,17,0,1,10,7,0,0,1,7,7,7,24,18,25,0.5953,12,1,0,still,0
1590,182,1,1,270,20,1,3,0,21,0,1,13,8,0,2,0,5,5,5,26,19,24,0.5434,13,1,0,still,0
1592,8,2,0,-1,19,0,1,0,20,0,1,14,6,0,0,0,6,6,6,26,20,26,0.3793,9,1,0,start_jam,0
1593,85,1,1,150,17,0,2,0,22,0,1,21,1,0,0,1,2,2,2,24,23,25,0.5725,10,1,0,still,0
1593,188,1,1,30,16,1,2,0,17,0,1,15,2,0,1,0,4,4,3,21,16,19,0.3522,9,1,0,still,0
1594,143,1,0,-1,20,0,1,0,24,0,0,24,0,0,1,1,0,0,0,24,24,24,0.7063,14,0,0,pending,0
1595,143,1,0,-1,20,0,1,0,24,0,0,24,0,0,1,1,0,0,0,24,24,24,0.7064,14,0,0,hop,1
1595,183,1,1,150,19,0,2,1,20,0,1,12,8,0,1,0,3,3,2,23,19,21,0.5434,12,1,0,still,0
1595,194,1,1,120,19,1,2,0,21,0,1,14,7,0,3,0,5,5,5,26,18,23,0.4074,11,1,0,still,0
1596,119,1,1,90,18,0,2,0,21,0,1,14,7,0,3,0,4,4,4,25,18,22,0.4712,11,1,0,still,0
1597,146,2,1,30,13,1,2,0,17,0,1,15,2,0,2,0,4,4,4,21,15,19,0.3497,9,1,0,still,0
1597,165,1,1,180,20,0,2,0,16,0,1,13,3,0,2,0,9,9,9,25,14,23,0.4035,10,1,0,still,0
1597,195,1,0,-1,17,1,2,0,18,0,1,16,2,0,2,0,5,5,5,23,16,21,0.4024,11,1,0,start_jam,0
1598,72,2,1,210,18,0,1,0,17,0,1,12,5,0,0,0,4,4,4,21,17,21,0.2846,5,1,0,still,0
1599,1,2,0,-1,18,0,2,0,16,0,1,13,3,0,0,0,5,5,5,21,16,21,0.3592,7,1,0,start_jam,0
1599,50,1,1,150,19,1,3,0,13,0,1,8,5,0,0,1,9,9,9,22,14,23,0.6151,10,1,0,still,0
1599,157,2,1,150,17,0,3,0,17,0,1,12,5,0,0,0,5,5,5,22,17,22,0.2694,6,1,0,still,0
1601,2,1,1,150,16,0,1,0,15,0,1,13,2,0,0,0,4,4,4,19,15,19,0.4032,6,1,0,still,0
1601,62,2,0,-1,21,1,2,0,27,0,0,27,0,0,0,0,0,0,0,27,27,27,0.6387,14,0,0,pending,0
1601,86,1,1,180,19,0,2,0,27,0,0,27,0,0,0,0,0,0,0,27,27,27,0.5388,9,0,0,end_clear,1
1602,62,2,0,-1,21,1,2,0,27,0,0,27,0,0,0,0,0,0,0,27,27,27,0.6387,14,0,0,hop,1
1603,7,2,1,300,18,0,2,0,19,0,1,13,6,0,0,0,6,6,6,25,19,25,0.3889,8,0,1,end_cap,1
1603,21,2,1,300,20,0,2,0,19,0,1,16,3,0,0,0,5,5,5,24,19,24,0.5588,12,1,0,end_cap,1
1603,126,2,1,30,17,0,1,0,17,0,1,13,4,0,3,0,9,9,8,26,14,22,0.3764,11,1,0,still,0
1604,49,2,1,60,19,0,3,0,17,0,1,9,8,0,0,1,6,6,6,23,18,24,0.5607,10,1,0,still,0
1605,23,2,1,60,17,1,2,0,24,0,1,23,1,0,0,0,0,0,1,24,24,25,0.5231,10,0,1,still,0
1605,79,1,1,240,18,0,2,0,17,0,1,10,7,0,1,1,4,4,4,21,17,21,0.5946,10,1,0,still,0
1605,91,1,0,-1,22,1,2,0,25,0,0,25,0,0,0,0,0,0,0,25,25,25,0.6428,13,0,0,hop,1
1605,171,1,1,180,16,0,1,0,29,0,0,26,3,0,3,0,1,1,0,30,26,26,0.3406,9,0,0,end_clear,1
1606,16,1,1,60,18,0,3,0,18,0,1,10,8,0,0,0,5,5,5,23,18,23,0.5857,9,1,0,still,0
1606,123,2,1,150,15,0,2,0,16,0,1,10,6,0,0,0,3,3,3,19,16,19,0.2995,7,1,0,still,0
1608,118,3,1,240,21,0,1,0,22,0,1,14,8,0,1,0,5,5,5,27,21,26,0.4002,11,1,0,still,0
1609,145,1,1,180,14,1,2,0,18,0,1,15,3,0,1,0,2,2,1,20,17,18,0.3946,8,1,0,still,0
1610,6,2,1,240,15,0,1,1,18,0,1,13,5,0,0,0,6,6,6,24,18,24,0.3953,8,1,0,still,0
1610,58,1,1,210,16,0,1,0,24,0,0,24,0,0,0,1,0,0,0,24,25,25,0.5361,9,0,0,end_clear,1
1610,68,2,1,270,16,1,2,0,17,0,1,13,4,0,0,0,4,4,4,21,17,21,0.2973,5,1,0,still,0
1610,84,1,1,150,19,0,3,0,24,0,1,22,2,0,0,0,0,0,0,24,24,24,0.5451,10,0,1,still,0
1610,149,1,0,-1,19,0,1,0,19,0,1,13,6,0,2,0,6,6,6,25,17,23,0.3525,8,1,0,start_jam,0
1610,158,1,1,270,17,2,3,0,17,0,1,12,5,0,2,0,4,4,4,21,15,19,0.2588,5,1,0,still,0
1610,168,1,1,240,18,0,1,0,29,0,1,24,5,0,5,0,0,0,0,29,24,24,0.3473,9,1,0,still,0
1611,33,3,0,-1,10,2,3,0,12,0,0,12,0,0,0,0,0,0,0,12,12,12,0.3889,8,0,0,pending,0
1611,140,1,1,180,20,1,2,0,20,0,1,12,8,0,1,0,2,2,3,22,19,22,0.6189,12,1,0,still,0
1611,141,2,1,180,18,0,1,0,21,0,1,12,9,0,1,0,3,3,3,24,20,23,0.4949,11,1,0,still,0
1612,33,3,0,-1,10,2,3,0,12,0,0,12,0,0,0,0,0,0,0,12,12,12,0.3889,8,0,0,hop,1
1612,169,1,1,90,17,0,1,0,17,0,1,10,7,0,0,1,3,3,3,20,18,21,0.7072,11,1,0,still,0
1613,17,3,1,240,19,1,2,0,20,0,1,14,6,0,0,0,3,3,4,23,20,24,0.5060,11,1,0,still,0
1613,54,2,1,150,20,1,2,0,23,0,1,18,5,0,0,0,1,1,1,24,23,24,0.5754,12,1,0,still,0
1613,130,1,1,240,16,1,3,0,17,0,1,9,8,0,0,0,4,4,4,21,17,21,0.5826,9,1,0,still,0
1613,139,1,1,300,19,0,3,0,21,0,1,13,8,0,2,0,4,4,4,25,19,23,0.5599,12,1,0,end_cap,1
1613,153,1,0,-1,17,0,2,0,18,0,1,14,4,0,2,0,4,4,4,22,16,20,0.3784,9,1,0,start_jam,0
1615,57,1,1,150,19,1,3,0,24,0,1,21,3,0,0,0,1,1,1,25,24,25,0.5872,11,1,0,still,0
1616,114,1,0,-1,14,0,1,0,17,0,1,13,4,0,1,0,1,1,1,18,16,17,0.3518,7,1,0,start_jam,0
1616,161,2,1,150,19,0,1,0,23,0,1,12,11,0,2,0,4,4,4,27,21,25,0.4284,10,1,0,still,0
1617,55,2,1,210,19,0,1,0,23,0,1,19,4,0,0,0,1,1,1,24,23,24,0.5105,12,1,0,still,0
1618,166,2,1,120,20,0,1,0,27,0,1,21,6,0,2,0,1,1,1,28,25,26,0.3236,9,1,0,still,0
1619,90,1,0,-1,22,0,2,0,23,0,0,23,0,0,0,3,0,0,0,23,26,26,0.5749,12,0,0,hop,1
1620,76,3,1,270,17,1,2,0,20,0,1,11,9,0,0,1,4,4,4,24,21,25,0.5953,12,1,0,still,0
1620,182,1,1,300,20,1,3,0,24,0,1,14,10,0,2,0,2,2,2,26,22,24,0.5427,13,1,0,end_cap,0
1622,8,2,1,30,19,0,1,0,26,0,1,15,11,0,0,0,0,0,0,26,26,26,0.3807,9,1,0,still,0
1622,189,1,0,-1,14,0,2,0,19,0,1,14,5,0,2,0,3,3,2,22,17,19,0.4142,10,1,0,start_jam,0
1623,9,1,0,-1,20,0,1,0,24,0,1,14,10,0,0,0,0,0,0,24,24,24,0.3949,8,1,0,start_jam,0
1623,85,1,1,180,17,0,2,0,24,0,1,23,1,0,0,1,0,0,0,24,25,25,0.5728,10,0,1,still,0
1623,188,1,1,60,16,1,2,0,18,0,1,13,5,0,1,0,3,3,2,21,17,19,0.4064,10,1,0,still,0
1625,136,2,0,-1,9,0,3,0,12,0,0,12,0,0,1,0,0,0,0,12,11,11,0.4429,9,0,0,hop,1
1625,183,1,1,180,21,1,2,0,21,0,1,12,9,0,1,0,2,2,2,23,20,22,0.5434,12,1,0,still,0
1625,194,1,1,150,19,1,2,0,26,0,1,15,11,0,3,0,0,0,0,26,23,23,0.4075,11,1,0,still,0
1626,44,1,0,-1,19,0,2,0,23,0,1,13,10,0,0,1,0,0,0,23,24,24,0.4318,7,1,0,start_jam,0
1626,56,1,0,-1,21,0,1,0,23,0,1,19,4,0,0,0,1,1,1,24,23,24,0.5517,11,1,0,start_jam,0
1626,119,1,1,120,18,0,2,0,25,0,1,14,11,0,3,0,0,0,0,25,22,22,0.4713,11,1,0,still,0
1627,146,2,1,60,13,1,2,0,20,0,1,13,7,0,2,0,1,1,1,21,18,19,0.3497,9,1,0,still,0
1627,165,1,1,210,20,0,2,0,23,0,1,16,7,0,2,0,2,2,2,25,21,23,0.4035,10,1,0,still,0
1627,195,1,1,30,17,1,2,0,19,0,1,11,8,0,2,0,4,4,4,23,17,21,0.4024,11,1,0,still,0
1628,72,2,1,240,18,0,1,0,17,0,1,8,9,0,0,0,4,4,4,21,17,21,0.2822,5,1,0,still,0
1629,1,2,1,30,18,0,2,0,17,0,1,10,7,0,0,0,4,4,4,21,17,21,0.3562,7,1,0,still,0
1629,50,1,1,180,19,1,3,0,18,0,1,9,9,0,0,1,4,4,4,22,19,23,0.6141,10,1,0,still,0
1629,157,2,1,180,17,0,3,0,18,0,1,10,8,0,0,0,4,4,4,22,18,22,0.2696,6,1,0,still,0
1630,186,1,0,-1,15,3,4,0,19,0,0,19,0,0,3,0,0,0,0,19,16,16,0.6530,11,0,0,hop,1
1631,2,1,1,180,16,0,1,0,16,0,1,10,6,0,0,0,3,3,3,19,16,19,0.3299,5,1,0,still,0
1631,11,1,0,-1,19,0,1,0,23,0,1,12,11,0,1,0,2,2,2,25,22,24,0.5136,9,1,0,start_jam,0
1633,126,2,1,60,17,0,1,0,22,0,1,13,9,0,3,0,4,4,3,26,19,22,0.3764,11,1,0,still,0
1634,26,3,0,-1,21,1,2,0,27,0,0,27,0,0,0,1,0,0,0,27,28,28,0.5572,14,0,0,pending,0
1634,49,2,1,90,19,0,3,0,19,0,1,9,10,0,0,1,4,4,4,23,20,24,0.5607,10,1,0,still,0
1635,23,2,1,90,17,1,2,0,24,0,1,24,0,0,0,1,0,0,0,24,25,25,0.5244,10,0,0,still,0
1635,26,3,0,-1,21,1,2,0,27,0,0,27,0,0,0,1,0,0,0,27,28,28,0.5572,14,0,0,hop,1
1635,79,1,1,270,18,0,2,0,18,0,1,10,8,0,1,1,3,3,3,21,18,21,0.5946,10,1,0,still,0
1636,16,1,1,90,18,0,3,0,18,0,1,10,8,0,0,0,5,5,5,23,18,23,0.5859,9,1,0,still,0
1636,88,1,0,-1,22,0,1,0,25,0,0,25,0,0,0,0,0,0,0,25,25,25,0.6090,12,0,0,hop,1
1636,123,2,1,180,15,0,2,0,14,0,1,8,6,0,0,0,5,5,5,19,14,19,0.2994,7,1,0,still,0
1638,118,3,1,270,20,0,1,0,27,0,1,13,14,0,1,0,0,0,0,27,26,26,0.4000,11,1,0,still,0
1639,145,1,1,210,14,1,2,0,18,0,1,10,8,0,1,0,2,2,1,20,17,18,0.3946,8,1,0,still,0
1640,6,2,1,270,15,1,2,0,24,0,1,11,13,0,0,0,0,0,0,24,24,24,0.3953,8,1,0,still,0
1640,68,2,1,300,16,1,2,0,16,0,1,10,6,0,0,0,5,5,5,21,16,21,0.2973,5,1,0,end_cap,1
1640,84,1,1,180,19,0,3,0,24,0,1,22,2,0,0,0,0,0,0,24,24,24,0.5455,10,0,1,still,0
1640,149,1,1,30,19,0,1,0,25,0,1,12,13,0,2,0,0,0,0,25,23,23,0.3525,8,1,0,still,0
1640,158,1,1,300,17,2,3,0,16,0,1,10,6,0,2,0,4,4,4,20,14,18,0.2588,5,1,0,end_cap,1
1640,168,1,1,270,18,0,1,0,29,0,1,23,6,0,5,0,0,0,0,29,24,24,0.3741,10,1,0,still,0
1641,140,1,1,210,20,0,2,0,20,0,1,12,8,0,1,0,2,2,2,22,19,21,0.6189,12,1,0,still,0
1641,141,2,1,210,18,0,1,0,21,0,1,12,9,0,1,0,3,3,3,24,20,23,0.4956,11,1,0,still,0
1642,169,1,1,120,17,0,1,0,17,0,1,10,7,0,0,1,3,3,3,20,18,21,0.7079,11,1,0,still,0
1642,177,1,0,-1,21,0,1,1,28,0,0,28,0,0,3,0,0,0,0,28,25,25,0.3961,12,0,0,pending,0
1643,14,1,0,-1,17,0,1,0,17,0,1,8,9,0,0,0,3,3,3,20,17,20,0.5910,10,1,0,start_jam,0
1643,17,3,1,270,19,1,2,0,20,0,1,13,7,0,0,0,3,3,4,23,20,24,0.5358,12,1,0,still,0
1643,54,2,1,180,20,1,2,0,23,0,1,17,6,0,0,0,1,1,1,24,23,24,0.5755,12,1,0,still,0
1643,66,1,0,-1,15,0,1,0,17,0,0,17,0,0,0,0,0,0,0,17,17,17,0.5507,8,0,0,hop,1
1643,130,1,1,270,16,1,3,0,17,0,1,8,9,0,0,0,4,4,4,21,17,21,0.6563,10,1,0,still,0
1643,153,1,1,30,17,0,2,0,18,0,1,11,7,0,2,0,4,4,4,22,16,20,0.3784,9,1,0,still,0
1643,177,1,0,-1,21,0,1,1,28,0,0,28,0,0,3,0,0,0,0,28,25,25,0.3961,12,0,0,hop,1
1645,57,1,1,180,19,1,3,0,24,0,1,21,3,0,0,0,1,1,1,25,24,25,0.5867,11,1,0,still,0
1645,103,1,0,-1,4,1,2,0,4,0,0,4,0,0,0,0,0,0,0,4,4,4,0.1095,3,0,0,pending,0
1645,152,1,0,-1,3,0,2,1,3,0,0,3,0,0,0,0,0,0,0,3,3,3,0.1840,3,0,0,pending,0
1646,103,1,0,-1,4,1,2,0,4,0,0,4,0,0,0,0,0,0,0,4,4,4,0.1095,3,0,0,hop,1
1646,114,1,1,30,14,0,1,0,17,0,1,10,7,0,1,0,1,1,1,18,16,17,0.3518,7,1,0,still,0
1646,152,1,0,-1,3,0,2,1,3,0,0,3,0,0,0,0,0,0,0,3,3,3,0.1841,3,0,0,hop,1
1646,161,2,1,180,19,0,1,0,23,0,1,11,12,0,2,0,4,4,4,27,21,25,0.4284,10,1,0,still,0
1647,55,2,1,240,19,0,1,0,23,0,1,18,5,0,0,0,1,1,1,24,23,24,0.5111,12,1,0,still,0
1647,110,1,0,-1,10,0,4,0,12,0,0,12,0,0,0,0,0,0,0,12,12,12,0.5862,9,0,0,pending,0
1648,110,1,0,-1,10,0,4,0,12,0,0,12,0,0,0,0,0,0,0,12,12,12,0.5862,9,0,0,hop,1
1648,166,2,1,150,20,0,1,0,27,0,1,20,7,0,2,0,1,1,1,28,25,26,0.3236,9,1,0,still,0
1649,77,3,0,-1,18,2,3,0,20,0,1,9,11,0,0,0,5,5,5,25,20,25,0.6044,13,1,0,start_jam,0
1650,76,3,1,300,17,1,2,0,19,0,1,9,10,0,0,1,4,4,4,23,20,24,0.5953,12,1,0,end_cap,1
1650,132,1,0,-1,21,1,2,0,20,0,0,20,0,0,0,3,0,0,0,20,23,23,0.6239,11,0,0,pending,0
1651,40,1,0,-1,17,0,2,0,19,0,1,9,10,0,0,1,1,1,1,20,20,21,0.4330,8,1,0,start_jam,0
1651,132,1,0,-1,21,1,2,0,20,0,0,20,0,0,0,3,0,0,0,20,23,23,0.6239,11,0,0,hop,1
1652,8,2,1,60,19,0,1,0,26,0,1,11,15,0,0,0,0,0,0,26,26,26,0.3788,9,1,0,still,0
1652,189,1,1,30,14,0,2,0,18,0,1,10,8,0,2,0,4,4,3,22,16,19,0.4142,10,1,0,still,0
1653,9,1,1,30,20,0,1,0,24,0,1,11,13,0,0,0,0,0,0,24,24,24,0.3938,8,1,0,still,0
1653,85,1,1,210,17,0,2,0,24,0,1,23,1,0,0,0,0,0,0,24,24,24,0.5725,10,0,1,still,0
1653,188,1,1,90,16,1,2,0,17,0,1,10,7,0,1,0,4,4,3,21,16,19,0.4064,10,1,0,still,0
1655,113,1,0,-1,16,0,2,0,16,0,1,9,7,0,1,0,4,4,3,20,15,18,0.2640,6,1,0,start_jam,0
1655,183,1,1,210,21,1,2,0,21,0,1,11,10,0,1,0,2,2,2,23,20,22,0.5435,12,1,0,still,0
1655,194,1,1,180,19,1,2,0,26,0,1,12,14,0,3,0,0,0,0,26,23,23,0.4075,11,1,0,still,0
1656,34,1,0,-1,5,1,2,0,6,0,0,6,0,0,0,0,0,0,0,6,6,6,0.2543,5,0,0,hop,1
1656,44,1,1,30,19,0,2,0,23,0,1,11,12,0,0,1,0,0,0,23,24,24,0.4304,7,1,0,still,0
1656,56,1,1,30,20,0,1,0,23,0,1,19,4,0,0,0,1,1,1,24,23,24,0.5517,11,1,0,still,0
1656,119,1,1,150,18,0,2,0,25,0,1,12,13,0,3,0,0,0,0,25,22,22,0.4713,11,1,0,still,0
1657,146,2,1,90,13,1,2,0,20,0,1,11,9,0,2,0,1,1,1,21,18,19,0.3496,9,1,0,still,0
1657,165,1,1,240,20,0,2,0,23,0,1,16,7,0,2,0,2,2,2,25,21,23,0.4035,10,1,0,still,0
1657,195,1,1,60,17,1,2,0,16,0,1,9,7,0,2,0,7,7,7,23,14,21,0.4024,11,1,0,still,0
1658,72,2,1,270,18,0,2,0,13,0,1,8,5,0,0,0,8,8,8,21,13,21,0.2804,5,1,0,still,0
1659,1,2,1,60,18,0,2,0,13,0,1,8,5,0,0,0,8,8,8,21,13,21,0.3543,7,1,0,still,0
1659,15,1,0,-1,17,2,3,0,17,0,1,7,10,0,0,0,4,4,4,21,17,21,0.6278,10,1,0,start_jam,0
1659,50,1,1,210,19,1,3,0,18,0,1,9,9,0,0,1,4,4,4,22,19,23,0.6139,10,1,0,still,0
1659,157,2,1,210,17,0,3,0,14,0,1,9,5,0,0,0,8,8,8,22,14,22,0.2696,6,1,0,still,0
1661,2,1,1,210,16,0,1,0,14,0,1,8,6,0,0,0,5,5,5,19,14,19,0.4032,6,1,0,still,0
1661,11,1,1,30,19,0,1,0,23,0,1,10,13,0,1,0,2,2,2,25,22,24,0.5124,9,1,0,still,0
1663,3,2,0,-1,15,0,1,0,14,0,1,8,6,0,0,0,4,4,4,18,14,18,0.3581,6,1,0,start_jam,0
1663,126,2,1,90,17,0,1,0,21,0,1,14,7,0,3,0,6,6,5,27,18,23,0.3764,11,1,0,still,0
1664,49,2,1,120,19,0,3,0,17,0,1,9,8,0,0,1,6,6,6,23,18,24,0.5607,10,1,0,still,0
1664,67,2,0,-1,13,1,4,0,16,0,0,16,0,0,0,0,0,0,0,16,16,16,0.6277,10,0,0,hop,1
1664,115,2,0,-1,15,0,2,0,19,0,1,11,8,0,1,0,3,3,3,22,18,21,0.3505,9,1,0,start_jam,0
1665,23,2,1,120,17,1,2,0,25,0,1,25,0,0,0,1,0,0,0,25,26,26,0.5259,10,0,0,still,0
1665,79,1,1,300,18,0,2,0,16,0,1,10,6,0,1,1,5,5,5,21,16,21,0.5946,10,1,0,end_cap,1
1665,89,1,0,-1,21,1,2,0,26,0,0,26,0,0,0,0,0,0,0,26,26,26,0.6426,13,0,0,hop,1
1666,16,1,1,120,18,0,3,0,17,0,1,11,6,0,0,0,6,6,6,23,17,23,0.5878,9,1,0,still,0
1666,123,2,1,210,15,0,2,0,13,0,1,8,5,0,0,0,6,6,6,19,13,19,0.2995,7,1,0,still,0
1667,97,3,0,-1,0,0,1,1,0,0,0,0,0,0,0,0,0,0,0,0,0,0,0.0000,0,0,0,hop,1
1668,118,3,1,300,20,0,1,0,25,0,1,11,14,0,1,0,2,2,2,27,24,26,0.4000,11,1,0,end_cap,1
1669,100,1,0,-1,15,1,2,0,12,0,1,6,6,0,0,0,5,5,5,17,12,17,0.2955,4,1,0,start_jam,0
1669,145,1,1,240,14,1,2,0,14,0,1,8,6,0,1,0,6,6,5,20,13,18,0.3946,8,1,0,still,0
1670,6,2,1,300,15,1,2,0,21,0,1,12,9,0,0,0,3,3,3,24,21,24,0.3953,8,1,0,end_cap,1
1670,84,1,1,210,18,0,3,0,22,0,1,20,2,0,0,0,0,0,0,22,22,22,0.5091,9,0,1,still,0
1670,149,1,1,60,19,0,1,1,23,0,1,12,11,0,2,0,2,2,2,25,21,23,0.3231,7,1,0,still,0
1670,168,1,1,300,17,0,1,0,26,0,1,21,5,0,4,0,1,1,0,27,22,22,0.3741,10,1,0,end_cap,1
1671,140,1,1,240,20,0,2,0,21,0,1,11,10,0,1,0,1,1,1,22,20,21,0.6189,12,1,0,still,0
1671,141,2,1,240,18,0,1,0,21,0,1,11,10,0,1,0,4,4,4,25,20,24,0.4966,11,1,0,still,0
1672,169,1,1,150,18,0,1,0,17,0,1,10,7,0,0,2,3,3,3,20,19,22,0.7096,11,1,0,still,0
1673,14,1,1,30,17,0,1,0,17,0,1,8,9,0,0,0,3,3,3,20,17,20,0.5910,10,1,0,still,0
1673,17,3,1,300,19,0,1,0,20,0,1,15,5,0,0,0,4,4,4,24,20,24,0.5655,13,1,0,end_cap,1
1673,54,2,1,210,20,1,2,0,23,0,1,18,5,0,0,0,1,1,1,24,23,24,0.5755,12,1,0,still,0
1673,108,1,0,-1,13,2,4,0,18,0,0,18,0,0,1,0,0,0,0,18,17,17,0.6947,11,0,0,pending,0
1673,130,1,1,300,17,1,3,0,16,0,1,9,7,0,0,0,5,5,5,21,16,21,0.6581,10,1,0,end_cap,1
1673,153,1,1,60,17,0,2,0,16,0,1,8,8,0,2,0,6,6,6,22,14,20,0.3784,9,1,0,still,0
1674,87,1,0,-1,21,1,2,0,25,0,0,25,0,0,0,1,0,0,0,25,26,26,0.5985,11,0,0,hop,1
1674,108,1,0,-1,13,2,4,0,18,0,0,18,0,0,1,0,0,0,0,18,17,17,0.6949,11,0,0,hop,1
1675,57,1,1,210,18,1,3,0,23,0,1,20,3,0,0,0,0,0,0,23,23,23,0.5876,11,1,0,still,0
1676,107,2,0,-1,16,1,2,0,21,0,0,21,0,0,0,0,0,0,0,21,21,21,0.5894,11,0,0,pending,0
1676,114,1,1,60,14,0,1,0,15,0,1,9,6,0,1,0,3,3,3,18,14,17,0.3518,7,1,0,still,0
1676,159,1,0,-1,13,1,2,0,10,0,1,5,5,0,0,0,5,5,5,15,10,15,0.2327,4,1,0,start_jam,0
1676,161,2,1,210,19,0,1,0,24,0,1,13,11,0,2,0,3,3,3,27,22,25,0.4284,10,1,0,still,0
1677,55,2,1,270,19,0,1,0,24,0,1,19,5,0,0,0,0,0,0,24,24,24,0.4793,11,1,0,still,0
1677,107,2,0,-1,16,1,2,0,21,0,0,21,0,0,0,0,0,0,0,21,21,21,0.5894,11,0,0,hop,1
1678,166,2,1,180,19,0,1,0,28,0,1,21,7,0,2,0,0,0,0,28,26,26,0.3236,9,1,0,still,0
1679,4,2,0,-1,14,0,1,0,17,0,1,10,7,0,0,0,2,2,2,19,17,19,0.3607,7,1,0,start_jam,0
1679,77,3,1,30,19,2,3,0,21,0,1,11,10,0,0,0,3,3,3,24,21,24,0.6031,13,1,0,still,0
1681,40,1,1,30,17,0,2,0,16,0,1,11,5,0,0,1,3,3,3,19,17,20,0.4333,8,1,0,still,0
1682,8,2,1,90,19,0,1,0,23,0,1,12,11,0,0,0,3,3,3,26,23,26,0.3809,9,1,0,still,0
1682,189,1,1,60,14,0,2,0,17,0,1,8,9,0,2,0,5,5,4,22,15,19,0.4142,10,1,0,still,0
1683,9,1,1,60,20,0,1,0,21,0,1,12,9,0,0,0,3,3,3,24,21,24,0.3945,8,1,0,still,0
1683,83,1,0,-1,18,2,3,0,21,0,1,18,3,0,0,0,1,1,1,22,21,22,0.4755,9,1,0,start_jam,0
1683,85,1,1,240,17,0,2,0,24,0,1,23,1,0,0,0,0,0,0,24,24,24,0.5725,10,0,1,still,0
1683,188,1,1,120,16,1,2,0,16,0,1,7,9,0,1,0,5,5,4,21,15,19,0.4064,10,1,0,still,0
1684,10,1,0,-1,20,1,2,0,21,0,1,10,11,0,0,0,3,3,3,24,21,24,0.4652,8,1,0,start_jam,0
1684,35,2,0,-1,18,0,1,0,15,0,1,5,10,0,0,0,6,6,6,21,15,21,0.3152,6,1,0,start_jam,0
1685,113,1,1,30,16,0,2,0,15,0,1,5,10,0,1,0,5,5,4,20,14,18,0.2640,6,1,0,still,0
1685,183,1,1,240,20,0,2,1,21,0,1,13,8,0,2,0,2,2,2,23,19,21,0.5434,12,1,0,still,0
1685,194,1,1,210,18,0,2,0,23,0,1,11,12,0,3,0,3,3,2,26,20,22,0.4072,11,1,0,still,0
1686,44,1,1,60,19,0,2,0,21,0,1,11,10,0,0,1,2,2,2,23,22,24,0.4303,7,1,0,still,0
1686,56,1,1,60,20,0,1,0,23,0,1,19,4,0,0,0,1,1,1,24,23,24,0.5533,11,1,0,still,0
1686,119,1,1,180,19,1,2,0,22,0,1,11,11,0,2,1,3,3,2,25,21,23,0.4417,10,1,0,still,0
1687,146,2,1,120,14,1,2,0,19,0,1,9,10,0,1,0,2,2,2,21,18,20,0.3496,9,1,0,still,0
1687,165,1,1,270,20,0,2,0,23,0,1,16,7,0,2,0,2,2,2,25,21,23,0.4035,10,1,0,still,0
1687,195,1,1,90,17,1,2,0,16,0,1,5,11,0,2,0,7,7,7,23,14,21,0.4024,11,1,0,still,0
1688,72,2,1,300,18,0,2,0,12,0,1,5,7,0,0,0,9,9,9,21,12,21,0.2785,5,1,0,end_cap,1
1689,1,2,1,90,18,0,2,0,13,0,1,5,8,0,0,0,8,8,8,21,13,21,0.3515,7,1,0,still,0
1689,12,2,0,-1,18,0,1,0,22,0,1,13,9,0,0,1,2,2,2,24,23,25,0.4898,9,1,0,start_jam,0
1689,15,1,1,30,17,2,3,0,18,0,1,9,9,0,0,0,3,3,3,21,18,21,0.6275,10,1,0,still,0
1689,50,1,1,240,19,1,3,0,18,0,1,10,8,0,0,1,4,4,4,22,19,23,0.6202,10,1,0,still,0
1689,157,2,1,240,17,0,3,0,14,0,1,6,8,0,0,0,8,8,8,22,14,22,0.2695,6,1,0,still,0
1690,111,1,0,-1,1,0,1,1,1,0,0,1,0,0,0,0,0,0,0,1,1,1,0.1108,1,0,0,pending,0
1691,2,1,1,240,16,0,1,0,14,0,1,5,9,0,0,0,5,5,5,19,14,19,0.3299,5,1,0,still,0
1691,11,1,1,60,19,0,1,0,23,0,1,12,11,0,1,0,2,2,2,25,22,24,0.5124,9,1,0,still,0
1691,111,1,0,-1,1,0,1,1,1,0,0,1,0,0,0,0,0,0,0,1,1,1,0.1108,1,0,0,hop,1
1692,127,1,0,-1,19,1,2,0,22,0,1,15,7,0,3,0,3,3,3,25,19,22,0.3504,9,1,0,start_jam,0
1693,3,2,1,30,15,0,1,0,15,0,1,6,9,0,0,0,3,3,3,18,15,18,0.3591,6,1,0,still,0
1693,126,2,1,120,19,0,1,0,24,0,1,15,9,0,2,0,3,3,3,27,22,25,0.3764,11,1,0,still,0
1694,49,2,1,150,20,0,3,0,19,0,1,9,10,0,0,1,4,4,4,23,20,24,0.5607,10,1,0,still,0
1694,115,2,1,30,15,0,2,0,19,0,1,10,9,0,1,0,3,3,3,22,18,21,0.3505,9,1,0,still,0
1695,23,2,1,150,17,1,2,0,25,0,1,25,0,0,0,0,0,0,1,25,25,26,0.5266,10,0,0,still,0
1696,16,1,1,150,18,0,3,0,19,0,1,11,8,0,0,0,4,4,4,23,19,23,0.5908,9,1,0,still,0
1696,47,2,0,-1,21,0,2,0,18,0,1,10,8,0,0,2,3,3,3,21,20,23,0.6151,12,1,0,start_jam,0
1696,123,2,1,240,15,0,2,0,11,0,1,6,5,0,0,0,8,8,8,19,11,19,0.2995,7,1,0,still,0
1699,100,1,1,30,15,1,2,0,9,0,1,5,4,0,0,0,8,8,8,17,9,17,0.2955,4,1,0,still,0
1699,145,1,1,270,14,1,2,0,16,0,1,6,10,0,1,0,4,4,3,20,15,18,0.3946,8,1,0,still,0
1700,84,1,1,240,18,0,3,0,22,0,1,20,2,0,0,0,0,0,0,22,22,22,0.5442,10,0,1,still,0
1700,149,1,1,90,19,0,1,0,22,0,1,10,12,0,2,0,3,3,3,25,20,23,0.3819,8,1,0,still,0
1701,140,1,1,270,20,0,2,0,20,0,1,11,9,0,1,0,2,2,2,22,19,21,0.5601,11,1,0,still,0
1701,141,2,1,270,18,0,1,0,22,0,1,11,11,0,1,0,3,3,3,25,21,24,0.4713,10,1,0,still,0
1702,169,1,1,180,18,0,1,0,18,0,1,11,7,0,0,1,2,2,3,20,19,22,0.7113,11,1,0,still,0
1703,14,1,1,60,17,0,1,0,18,0,1,10,8,0,0,0,2,2,2,20,18,20,0.5910,10,1,0,still,0
1703,54,2,1,240,20,1,2,0,24,0,1,17,7,0,0,0,0,0,0,24,24,24,0.5753,12,1,0,still,0
1703,153,1,1,90,17,0,2,0,16,0,1,5,11,0,2,0,6,6,6,22,14,20,0.3784,9,1,0,still,0
1703,181,1,0,-1,16,0,1,0,25,0,0,25,0,0,4,0,0,0,0,25,21,21,0.6783,13,0,0,hop,1
1705,57,1,1,240,18,1,3,0,24,0,1,21,3,0,0,0,0,0,0,24,24,24,0.5886,11,1,0,still,0
1705,75,1,0,-1,2,0,1,1,2,0,0,2,0,0,0,0,0,0,0,2,2,2,0.0335,1,0,0,hop,1
1705,199,1,0,-1,17,1,3,0,14,0,1,6,8,0,2,0,9,9,9,23,12,21,0.3192,7,1,0,start_jam,0
1706,114,1,1,90,14,0,1,0,16,0,1,6,10,0,1,0,2,2,2,18,15,17,0.3518,7,1,0,still,0
1706,159,1,1,30,13,1,2,0,9,0,1,4,5,0,0,0,6,6,6,15,9,15,0.2327,4,1,0,still,0
1706,161,2,1,240,19,0,1,0,24,0,1,11,13,0,2,0,3,3,3,27,22,25,0.4284,10,1,0,still,0
1707,55,2,1,300,19,0,1,0,24,0,1,18,6,0,0,0,0,0,0,24,24,24,0.5748,13,1,0,end_cap,1
1708,166,2,1,210,19,0,1,0,27,0,1,21,6,0,1,0,1,1,0,28,26,26,0.3734,10,1,0,still,0
1709,4,2,1,30,14,0,1,0,17,0,1,8,9,0,0,0,2,2,2,19,17,19,0.3614,7,1,0,still,0
1709,77,3,1,60,18,2,3,0,21,0,1,11,10,0,0,0,4,4,4,25,21,25,0.5468,12,1,0,still,0
1711,40,1,1,60,17,0,2,0,16,0,1,8,8,0,0,1,4,4,4,20,17,21,0.4332,8,1,0,still,0
1711,154,2,0,-1,17,0,1,0,12,0,1,5,7,0,1,0,10,10,10,22,11,21,0.3173,8,1,0,start_jam,0
1712,8,2,1,120,19,0,1,0,22,0,1,9,13,0,0,0,4,4,4,26,22,26,0.3812,9,1,0,still,0
1712,32,1,0,-1,12,0,4,0,14,0,0,14,0,0,0,0,0,0,0,14,14,14,0.5904,8,0,0,pending,0
1712,189,1,1,90,14,0,2,0,13,0,1,6,7,0,0,0,9,9,6,22,13,19,0.4142,10,1,0,still,0
1713,9,1,1,90,20,0,1,0,21,0,1,9,12,0,0,0,3,3,3,24,21,24,0.3946,8,1,0,still,0
1713,32,1,0,-1,12,0,4,0,14,0,0,14,0,0,0,0,0,0,0,14,14,14,0.5904,8,0,0,hop,1
1713,83,1,1,30,18,2,3,0,22,0,1,18,4,0,0,0,0,0,0,22,22,22,0.5847,11,1,0,still,0
1713,85,1,1,270,17,0,2,0,24,0,1,23,1,0,0,0,0,0,0,24,24,24,0.5725,10,0,1,still,0
1713,188,1,1,150,16,1,2,0,12,0,1,5,7,0,1,0,9,9,8,21,11,19,0.4064,10,1,0,still,0
1714,7,2,0,-1,18,0,2,0,18,0,1,9,9,0,0,0,7,7,7,25,18,25,0.3884,8,1,0,start_jam,0
1714,10,1,1,30,20,1,2,0,21,0,1,8,13,0,0,0,3,3,3,24,21,24,0.4652,8,1,0,still,0
1714,35,2,1,30,18,0,1,0,8,0,1,4,4,0,0,0,13,13,13,21,8,21,0.3139,6,1,0,still,0
1714,86,1,0,-1,19,0,2,0,26,0,0,26,0,0,0,0,0,0,0,26,26,26,0.5743,10,0,0,pending,0
1714,101,3,0,-1,4,3,5,0,6,0,0,6,0,0,0,0,0,0,0,6,6,6,0.1193,4,0,0,pending,0
1715,86,1,0,-1,19,0,2,0,26,0,0,26,0,0,0,0,0,0,0,26,26,26,0.5743,10,0,0,hop,1
1715,101,3,0,-1,4,3,5,0,6,0,0,6,0,0,0,0,0,0,0,6,6,6,0.1193,4,0,0,hop,1
1715,113,1,1,60,16,0,2,0,9,0,1,4,5,0,1,0,11,11,10,20,8,18,0.2640,6,1,0,still,0
1715,183,1,1,270,21,1,2,0,21,0,1,11,10,0,1,0,2,2,2,23,20,22,0.5438,12,1,0,still,0
1715,194,1,1,240,18,0,2,0,21,0,1,9,12,0,1,0,5,5,2,26,20,22,0.4075,11,1,0,still,0
1716,13,2,0,-1,17,1,2,0,20,0,1,10,10,0,0,0,2,2,2,22,20,22,0.5936,11,1,0,start_jam,0
1716,44,1,1,90,19,0,2,0,21,0,1,8,13,0,0,1,2,2,2,23,22,24,0.5020,8,1,0,still,0
1716,56,1,1,90,20,0,1,0,24,0,1,19,5,0,0,0,0,0,0,24,24,24,0.5536,11,1,0,still,0
1716,119,1,1,210,19,1,2,0,20,0,1,8,12,0,0,1,5,5,2,25,21,23,0.4418,10,1,0,still,0
1717,146,2,1,150,14,1,2,0,13,0,1,6,7,0,0,0,8,8,7,21,13,20,0.3496,9,1,0,still,0
1717,165,1,1,300,20,0,2,0,23,0,1,17,6,0,2,0,2,2,2,25,21,23,0.4035,10,1,0,end_cap,1
1717,195,1,1,120,17,1,2,0,10,0,1,4,6,0,2,0,13,13,13,23,8,21,0.4024,11,1,0,still,0
1719,1,2,1,120,17,0,2,0,9,0,1,3,6,0,0,0,11,11,11,20,9,20,0.2968,5,1,0,still,0
1719,12,2,1,30,18,0,1,0,22,0,1,11,11,0,0,1,2,2,2,24,23,25,0.4896,9,1,0,still,0
1719,15,1,1,60,17,2,3,0,18,0,1,10,8,0,0,0,3,3,3,21,18,21,0.6237,10,1,0,still,0
1719,50,1,1,270,19,1,3,0,20,0,1,11,9,0,0,1,2,2,2,22,21,23,0.5458,9,1,0,still,0
1719,157,2,1,270,17,0,3,0,11,0,1,4,7,0,0,0,11,11,11,22,11,22,0.2695,6,1,0,still,0
1721,2,1,1,270,16,0,1,0,8,0,1,4,4,0,0,0,11,11,11,19,8,19,0.3299,5,1,0,still,0
1721,11,1,1,90,19,0,1,0,23,0,1,10,13,0,1,0,2,2,2,25,22,24,0.5124,9,1,0,still,0
1722,127,1,1,30,19,0,1,1,24,0,1,17,7,0,3,0,1,1,1,25,21,22,0.3505,9,1,0,still,0
1723,3,2,1,60,15,0,1,0,10,0,1,5,5,0,0,0,8,8,8,18,10,18,0.3591,6,1,0,still,0
1723,126,2,1,150,19,0,1,0,26,0,1,17,9,0,2,0,1,1,1,27,24,25,0.3764,11,1,0,still,0
1724,49,2,1,180,20,0,3,0,21,0,1,11,10,0,0,1,2,2,2,23,22,24,0.5606,10,1,0,still,0
1724,115,2,1,60,15,0,2,0,14,0,1,7,7,0,0,0,8,8,7,22,14,21,0.3505,9,1,0,still,0
1725,23,2,1,180,17,1,2,0,25,0,1,25,0,0,0,1,0,0,0,25,26,26,0.5262,10,0,0,still,0
1726,16,1,1,180,18,0,3,0,22,0,1,13,9,0,0,0,1,1,1,23,22,23,0.5907,9,1,0,still,0
1726,47,2,1,30,21,0,2,0,18,0,1,10,8,0,0,2,3,3,3,21,20,23,0.6146,12,1,0,still,0
1726,123,2,1,270,15,0,2,0,9,0,1,4,5,0,0,0,10,10,10,19,9,19,0.2995,7,1,0,still,0
1729,29,2,0,-1,21,0,2,0,28,0,0,28,0,0,1,0,0,0,0,28,27,27,0.6795,15,0,0,pending,0
1729,100,1,1,60,15,1,2,0,7,0,1,3,4,0,0,0,9,9,9,16,7,16,0.2955,4,1,0,still,0
1729,145,1,1,300,14,1,2,0,10,0,1,5,5,0,0,0,10,10,8,20,10,18,0.3946,8,1,0,end_cap,1
1730,29,2,0,-1,21,0,2,0,28,0,0,28,0,0,1,0,0,0,0,28,27,27,0.6792,15,0,0,hop,1
1730,84,1,1,270,18,0,3,0,22,0,1,20,2,0,0,0,0,0,0,22,22,22,0.5452,10,0,1,still,0
1730,149,1,1,120,19,0,1,0,19,0,1,8,11,0,1,0,6,6,5,25,18,23,0.3818,8,1,0,still,0
1731,140,1,1,300,20,0,2,0,19,0,1,10,9,0,0,0,2,2,2,21,19,21,0.5602,11,1,0,end_cap,1
1731,141,2,1,300,18,0,1,0,21,0,1,12,9,0,0,0,3,3,3,24,21,24,0.4728,10,1,0,end_cap,0
1732,169,1,1,210,18,0,1,0,17,0,1,11,6,0,0,1,2,2,3,19,18,21,0.7144,11,1,0,still,0
1733,14,1,1,90,17,0,1,0,18,0,1,11,7,0,0,0,2,2,2,20,18,20,0.5910,10,1,0,still,0
1733,54,2,1,270,20,1,2,0,24,0,1,18,6,0,0,0,0,0,0,24,24,24,0.5750,12,1,0,still,0
1733,153,1,1,120,17,0,2,0,15,0,1,5,10,0,2,0,7,7,7,22,13,20,0.3784,9,1,0,still,0
1734,31,2,0,-1,23,0,1,0,26,0,0,26,0,0,0,1,0,0,0,26,27,27,0.5936,13,0,0,hop,1
1734,58,1,0,-1,16,0,1,0,26,0,0,26,0,0,0,0,0,0,0,26,26,26,0.5360,9,0,0,hop,1
1735,57,1,1,270,18,1,3,0,24,0,1,21,3,0,0,0,0,0,0,24,24,24,0.5883,11,1,0,still,0
1735,199,1,1,30,17,1,3,0,16,0,1,6,10,0,1,0,6,6,6,22,15,21,0.3196,7,1,0,still,0
1736,114,1,1,120,14,0,1,0,10,0,1,5,5,0,0,0,8,8,7,18,10,17,0.3518,7,1,0,still,0
1736,159,1,1,60,13,1,2,0,9,0,1,3,6,0,0,0,6,6,6,15,9,15,0.2327,4,1,0,still,0
1736,161,2,1,270,19,0,1,0,26,0,1,13,13,0,2,0,1,1,1,27,24,25,0.4284,10,1,0,still,0
1736,174,1,0,-1,15,0,2,0,20,0,0,20,0,0,2,0,0,0,0,20,18,18,0.7580,13,0,0,pending,0
1737,174,1,0,-1,15,0,2,0,20,0,0,20,0,0,2,0,0,0,0,20,18,18,0.7581,13,0,0,hop,1
1738,166,2,1,240,19,0,1,0,27,0,1,20,7,0,2,0,0,0,0,27,25,25,0.3237,9,1,0,still,0
1739,4,2,1,60,14,0,1,0,13,0,1,6,7,0,0,0,6,6,6,19,13,19,0.3614,7,1,0,still,0
1739,77,3,1,90,18,2,3,0,24,0,1,12,12,0,0,0,1,1,1,25,24,25,0.5470,12,1,0,still,0
1739,133,2,0,-1,12,4,5,0,14,0,0,14,0,0,2,0,0,0,0,14,12,12,0.4779,10,0,0,pending,0
1740,28,2,0,-1,20,0,2,0,29,0,0,29,0,0,1,0,0,0,0,29,28,28,0.6114,15,0,0,pending,0
1740,110,1,0,-1,9,1,5,0,8,0,0,8,0,0,0,1,0,0,0,8,9,9,0.5140,8,0,0,hop,1
1740,133,2,0,-1,12,4,5,0,14,0,0,14,0,0,2,0,0,0,0,14,12,12,0.4778,10,0,0,hop,1
1741,28,2,0,-1,20,0,2,0,29,0,0,29,0,0,1,0,0,0,0,29,28,28,0.6113,15,0,0,hop,1
1741,40,1,1,90,17,0,2,0,13,0,1,6,7,0,0,1,7,7,7,20,14,21,0.4331,8,1,0,still,0
1741,154,2,1,30,17,0,1,0,15,0,1,5,10,0,1,0,7,7,7,22,14,21,0.3173,8,1,0,still,0
1742,8,2,1,150,19,0,1,0,20,0,1,10,10,0,0,0,6,6,6,26,20,26,0.3812,9,1,0,still,0
1742,19,3,0,-1,20,0,2,0,25,0,1,18,7,0,0,0,0,0,0,25,25,25,0.5061,12,1,0,start_jam,0
1742,189,1,1,120,14,0,2,0,12,0,1,6,6,0,1,0,10,10,8,22,11,19,0.4131,10,1,0,still,0
1743,9,1,1,120,20,0,1,0,20,0,1,10,10,0,0,0,4,4,4,24,20,24,0.3946,8,1,0,still,0
1743,83,1,1,60,18,2,3,0,22,0,1,18,4,0,0,0,0,0,0,22,22,22,0.5123,10,1,0,still,0
1743,85,1,1,300,16,0,2,0,23,0,0,22,1,0,1,0,0,0,0,23,22,22,0.5726,10,0,1,end_cap,1
1743,188,1,1,180,16,1,2,0,11,0,1,5,6,0,1,0,10,10,9,21,10,19,0.3792,10,1,0,still,0
1744,7,2,1,30,18,0,2,0,18,0,1,10,8,0,0,0,7,7,7,25,18,25,0.3887,8,1,0,still,0
1744,10,1,1,60,20,1,2,0,21,0,1,9,12,0,0,0,3,3,3,24,21,24,0.4652,8,1,0,still,0
1744,35,2,1,60,18,0,1,0,12,0,1,5,7,0,0,0,9,9,9,21,12,21,0.3753,7,1,0,still,0
1745,113,1,1,90,16,0,2,0,10,0,1,5,5,0,1,0,10,10,9,20,9,18,0.2640,6,1,0,still,0
1745,152,1,0,-1,2,0,3,1,3,0,0,3,0,0,0,0,0,0,0,3,3,3,0.0370,1,0,0,hop,1
1745,170,2,0,-1,17,0,2,0,21,0,1,9,12,0,0,0,2,2,2,23,21,23,0.5745,11,1,0,start_jam,0
1745,183,1,1,300,21,1,2,0,20,0,1,10,10,0,0,0,2,2,2,22,20,22,0.5708,13,1,0,end_cap,0
1745,194,1,1,270,18,0,2,0,21,0,1,10,11,0,1,0,5,5,2,26,20,22,0.4619,12,1,0,still,0
1746,13,2,1,30,18,1,2,0,20,0,1,11,9,0,0,1,2,2,2,22,21,23,0.5936,11,1,0,still,0
1746,44,1,1,120,19,0,2,0,21,0,1,10,11,0,0,1,2,2,2,23,22,24,0.5020,8,1,0,still,0
1746,56,1,1,120,20,0,1,0,24,0,1,20,4,0,0,0,0,0,0,24,24,24,0.5540,11,1,0,still,0
1746,119,1,1,240,19,1,2,0,20,0,1,10,10,0,0,1,5,5,2,25,21,23,0.4418,10,1,0,still,0
1747,146,2,1,180,13,1,2,0,13,0,1,6,7,0,0,0,9,9,7,22,13,20,0.3496,9,1,0,still,0
1747,195,1,1,150,17,1,2,0,14,0,1,5,9,0,2,0,9,9,9,23,12,21,0.4024,11,1,0,still,0
1749,1,2,1,150,16,0,2,0,12,0,1,4,8,0,0,0,8,8,8,20,12,20,0.2968,5,1,0,still,0
1749,12,2,1,60,18,0,1,0,22,0,1,13,9,0,0,1,2,2,2,24,23,25,0.4895,9,1,0,still,0
1749,15,1,1,90,17,2,3,0,19,0,1,9,10,0,0,0,2,2,2,21,19,21,0.6228,10,1,0,still,0
1749,50,1,1,300,19,1,3,0,21,0,1,11,10,0,0,1,1,1,1,22,22,23,0.6167,10,1,0,end_cap,1
1749,157,2,1,300,17,0,3,0,14,0,1,5,9,0,0,0,8,8,8,22,14,22,0.2695,6,1,0,end_cap,1
1751,2,1,1,300,16,0,1,0,12,0,1,5,7,0,0,0,7,7,7,19,12,19,0.3299,5,1,0,end_cap,1
1751,11,1,1,120,19,0,1,0,22,0,1,12,10,0,1,0,2,2,2,24,21,23,0.5124,9,1,0,still,0
1752,127,1,1,60,19,1,2,0,26,0,1,18,8,0,4,0,0,0,0,26,22,22,0.3504,9,1,0,still,0
1753,3,2,1,90,15,0,1,0,11,0,1,5,6,0,0,0,7,7,7,18,11,18,0.3599,6,1,0,still,0
1753,126,2,1,180,19,0,1,0,27,0,1,17,10,0,2,0,0,0,0,27,25,25,0.3764,11,1,0,still,0
1754,49,2,1,210,20,0,3,0,22,0,1,12,10,0,0,1,1,1,1,23,23,24,0.5606,10,1,0,still,0
1754,115,2,1,90,15,0,2,0,14,0,1,7,7,0,1,0,8,8,8,22,13,21,0.3504,9,1,0,still,0
1755,23,2,1,210,17,1,2,0,25,0,0,25,0,0,0,1,0,0,0,25,26,26,0.5276,10,0,0,end_clear,1
1756,16,1,1,210,18,0,3,0,21,0,1,14,7,0,0,0,2,2,2,23,21,23,0.5911,9,1,0,still,0
1756,47,2,1,60,20,0,2,0,18,0,1,10,8,0,0,2,3,3,3,21,20,23,0.6145,12,1,0,still,0
1756,89,1,0,-1,21,1,2,0,27,0,0,27,0,0,0,0,0,0,0,27,27,27,0.6423,13,0,0,pending,0
1756,123,2,1,300,15,0,2,0,19,0,1,7,12,0,0,0,0,0,0,19,19,19,0.2995,7,1,0,end_cap,1
1757,89,1,0,-1,21,1,2,0,27,0,0,27,0,0,0,0,0,0,0,27,27,27,0.6424,13,0,0,hop,1
1757,132,1,0,-1,19,0,2,0,21,0,0,21,0,0,0,1,0,0,0,21,22,22,0.7005,12,0,0,pending,0
1758,132,1,0,-1,19,0,2,0,21,0,0,21,0,0,0,1,0,0,0,21,22,22,0.7005,12,0,0,hop,1
1759,100,1,1,90,15,1,2,0,16,0,1,6,10,0,0,1,0,0,0,16,17,17,0.2955,4,1,0,still,0
1760,84,1,1,300,18,0,3,0,22,0,0,22,0,0,0,0,0,0,0,22,22,22,0.5088,9,0,0,end_cap,1
1760,149,1,1,150,19,0,1,0,16,0,1,10,6,0,0,0,9,9,7,25,16,23,0.4112,9,1,0,still,0
1762,169,1,1,240,18,0,1,0,16,0,1,10,6,0,0,1,3,3,4,19,17,21,0.7165,11,1,0,still,0
1763,14,1,1,120,17,0,1,0,17,0,1,10,7,0,0,0,3,3,3,20,17,20,0.5910,10,1,0,still,0
1763,54,2,1,300,20,1,2,0,24,0,1,21,3,0,0,0,0,0,0,24,24,24,0.5753,12,1,0,end_cap,1
1763,153,1,1,150,17,0,2,0,16,0,1,6,10,0,2,0,6,6,6,22,14,20,0.3784,9,1,0,still,0
1763,171,1,0,-1,15,0,1,0,31,1,0,31,0,0,4,0,0,0,0,31,27,27,0.4524,11,0,0,start_crowd,0
1765,57,1,1,300,19,1,3,0,24,0,1,23,1,0,0,0,0,0,0,24,24,24,0.5911,11,0,0,end_cap,1
1765,199,1,1,60,17,1,3,0,22,0,1,8,14,0,2,0,1,1,1,23,20,21,0.3195,7,1,0,still,0
1766,114,1,1,150,14,0,1,0,10,0,1,5,5,0,1,0,9,9,9,19,9,18,0.3519,7,1,0,still,0
1766,159,1,1,90,12,0,1,1,15,0,1,6,9,0,0,0,0,0,0,15,15,15,0.2328,4,1,0,still,0
1766,161,2,1,300,19,0,1,0,23,0,1,17,6,0,2,0,3,3,3,26,21,24,0.4284,10,1,0,end_cap,1
1767,21,2,0,-1,20,0,1,0,25,0,1,22,3,0,0,0,0,0,0,25,25,25,0.5545,12,1,0,start_jam,0
1768,166,2,1,270,19,0,1,0,27,0,1,23,4,0,2,0,0,0,0,27,25,25,0.4232,12,1,0,still,0
1769,4,2,1,90,14,0,1,0,10,0,1,6,4,0,0,0,10,10,10,20,10,20,0.3618,7,1,0,still,0
1769,77,3,1,120,18,2,3,0,23,0,1,16,7,0,0,0,2,2,2,25,23,25,0.5470,12,1,0,still,0
1770,62,2,0,-1,22,1,2,0,28,0,0,28,0,0,0,0,0,0,0,28,28,28,0.7009,16,0,0,pending,0
1771,5,2,0,-1,15,1,2,0,11,0,1,7,4,0,0,0,11,11,11,22,11,22,0.4283,9,1,0,start_jam,0
1771,40,1,1,120,16,0,2,0,10,0,1,6,4,0,0,1,10,10,10,20,11,21,0.4330,8,1,0,still,0
1771,62,2,0,-1,22,1,2,0,28,0,0,28,0,0,0,0,0,0,0,28,28,28,0.7009,16,0,0,hop,1
1771,131,1,0,-1,16,0,1,0,29,0,1,27,2,0,5,0,0,0,0,29,24,24,0.3733,10,0,1,start_jam,0
1771,154,2,1,60,17,0,1,0,18,0,1,5,13,0,1,0,4,4,4,22,17,21,0.3175,8,1,0,still,0
1772,8,2,1,180,19,0,1,0,18,0,1,10,8,0,0,0,8,8,8,26,18,26,0.3812,9,1,0,still,0
1772,19,3,1,30,20,0,2,0,24,0,1,19,5,0,0,0,0,0,0,24,24,24,0.5358,13,1,0,still,0
1772,172,1,0,-1,18,0,1,0,31,1,0,31,0,0,3,0,0,0,0,31,28,28,0.3984,11,0,0,start_crowd,0
1772,189,1,1,150,14,0,2,0,14,0,1,6,8,0,3,0,8,8,8,22,11,19,0.4139,10,1,0,still,0
1773,9,1,1,150,20,0,1,0,18,0,1,10,8,0,0,0,6,6,6,24,18,24,0.3946,8,1,0,still,0
1773,83,1,1,90,18,2,3,0,22,0,1,19,3,0,0,0,0,0,0,22,22,22,0.5842,11,0,0,still,0
1773,188,1,1,210,16,1,2,0,13,0,1,5,8,0,2,0,8,8,8,21,11,19,0.3792,10,1,0,still,0
1774,7,2,1,60,18,0,2,0,16,0,1,10,6,0,0,0,9,9,9,25,16,25,0.3887,8,1,0,still,0
1774,10,1,1,90,20,1,2,0,19,0,1,10,9,0,0,0,5,5,5,24,19,24,0.4652,8,1,0,still,0
1774,35,2,1,90,18,0,1,0,15,0,1,5,10,0,0,0,6,6,6,21,15,21,0.3730,7,1,0,still,0
1775,33,3,0,-1,9,2,5,0,10,0,0,10,0,0,0,0,0,0,0,10,10,10,0.3592,7,0,0,hop,1
1775,113,1,1,120,16,0,2,0,12,0,1,5,7,0,2,0,8,8,8,20,10,18,0.2640,6,1,0,still,0
1775,170,2,1,30,17,0,2,0,22,0,1,13,9,0,0,0,1,1,1,23,22,23,0.5748,11,1,0,still,0
1775,186,1,0,-1,13,3,4,0,19,0,0,19,0,0,4,0,0,0,0,19,15,15,0.6522,11,0,0,hop,1
1775,194,1,1,300,18,0,2,0,20,0,1,11,9,0,0,0,6,6,2,26,20,22,0.4619,12,1,0,end_cap,1
1776,13,2,1,60,19,1,2,0,22,0,1,14,8,0,0,0,1,1,1,23,22,23,0.5937,11,1,0,still,0
1776,44,1,1,150,19,0,2,0,22,0,1,12,10,0,0,0,2,2,2,24,22,24,0.5020,8,1,0,still,0
1776,56,1,1,150,20,0,1,0,23,0,1,19,4,0,0,0,0,0,0,23,23,23,0.5534,11,0,1,still,0
1776,119,1,1,270,19,1,2,0,20,0,1,11,9,0,0,0,5,5,2,25,20,22,0.5007,11,1,0,still,0
1777,146,2,1,210,13,1,2,0,14,0,1,6,8,0,2,0,8,8,8,22,12,20,0.3498,9,1,0,still,0
1777,195,1,1,180,17,1,2,0,17,0,1,5,12,0,2,0,6,6,6,23,15,21,0.4025,11,1,0,still,0
1779,1,2,1,180,16,0,2,0,17,0,1,4,13,0,0,0,3,3,3,20,17,20,0.2968,5,1,0,still,0
1779,12,2,1,90,18,0,1,0,21,0,1,13,8,0,0,1,1,1,1,22,22,23,0.4892,9,1,0,still,0
1779,15,1,1,120,17,2,3,0,20,0,1,12,8,0,0,0,1,1,1,21,20,21,0.6217,10,1,0,still,0
1779,87,1,0,-1,21,0,2,0,26,0,0,26,0,0,0,1,0,0,0,26,27,27,0.5985,11,0,0,hop,1
1781,11,1,1,150,19,0,1,0,22,0,1,12,10,0,1,0,1,1,1,23,21,22,0.5124,9,1,0,still,0
1782,127,1,1,90,19,1,2,0,25,0,1,19,6,0,4,0,1,1,1,26,21,22,0.3504,9,1,0,still,0
1783,3,2,1,120,15,0,1,0,11,0,1,5,6,0,0,0,8,8,8,19,11,19,0.3593,6,1,0,still,0
1783,126,2,1,210,18,0,1,0,25,0,1,18,7,0,3,0,2,2,2,27,22,24,0.4516,12,1,0,still,0
1784,49,2,1,240,19,0,3,0,21,0,1,15,6,0,0,1,2,2,2,23,22,24,0.5606,10,1,0,still,0
1784,115,2,1,120,15,0,2,0,13,0,1,7,6,0,1,0,9,9,9,22,12,21,0.3504,9,1,0,still,0
1786,16,1,1,240,18,0,3,0,21,0,1,16,5,0,0,0,2,2,2,23,21,23,0.5911,9,1,0,still,0
1786,47,2,1,90,20,0,2,0,20,0,1,12,8,0,0,2,1,1,1,21,22,23,0.6149,12,1,0,still,0
1786,103,1,0,-1,3,0,2,1,5,0,0,5,0,0,1,0,0,0,0,5,4,4,0.1762,3,0,0,hop,1
1787,109,2,0,-1,10,3,5,0,11,0,0,11,0,0,0,0,0,0,0,11,11,11,0.6106,10,0,0,pending,0
1788,109,2,0,-1,10,3,5,0,11,0,0,11,0,0,0,0,0,0,0,11,11,11,0.6107,10,0,0,hop,1
1789,100,1,1,120,15,1,2,0,15,0,1,6,9,0,0,1,1,1,1,16,16,17,0.2955,4,1,0,still,0
1790,149,1,1,180,19,0,1,0,18,0,1,11,7,0,0,0,7,7,5,25,18,23,0.4112,9,1,0,still,0
1792,6,2,0,-1,15,1,2,0,16,0,1,11,5,0,0,0,8,8,8,24,16,24,0.3878,8,1,0,start_jam,0
1792,169,1,1,270,18,0,1,0,19,0,1,11,8,0,0,1,0,0,1,19,20,21,0.7186,11,1,0,still,0
1793,14,1,1,150,17,0,1,0,20,0,1,12,8,0,0,0,0,0,0,20,20,20,0.5910,10,1,0,still,0
1793,117,3,0,-1,18,0,1,0,19,0,1,11,8,0,0,0,8,8,8,27,19,27,0.3500,9,1,0,start_jam,0
1793,153,1,1,180,17,0,2,0,15,0,1,3,12,0,1,0,6,6,6,21,14,20,0.3494,8,1,0,still,0
1793,171,1,1,30,15,0,1,0,31,1,1,30,1,0,4,0,0,0,0,31,27,27,0.4524,11,0,1,still,0
1794,158,1,0,-1,17,2,3,0,18,0,1,5,13,0,1,0,2,2,1,20,17,18,0.2592,5,1,0,start_jam,0
1795,199,1,1,90,17,1,3,0,21,0,1,5,16,0,1,0,1,1,1,22,20,21,0.3192,7,1,0,still,0
1796,114,1,1,180,14,0,1,0,11,0,1,2,9,0,1,0,8,8,8,19,10,18,0.3519,7,1,0,still,0
1796,159,1,1,120,13,1,2,0,13,0,1,5,8,0,0,0,2,2,2,15,13,15,0.2328,4,1,0,still,0
1797,21,2,1,30,20,0,2,0,26,0,1,21,5,0,0,0,0,0,0,26,26,26,0.5557,12,1,0,still,0
1798,166,2,1,300,19,0,1,0,28,0,1,22,6,0,2,0,0,0,0,28,26,26,0.3485,10,1,0,end_cap,1
1799,4,2,1,120,14,0,1,0,12,0,1,4,8,0,0,0,8,8,8,20,12,20,0.3610,7,1,0,still,0
1799,77,3,1,150,18,2,3,0,24,0,1,17,7,0,0,0,1,1,1,25,24,25,0.5469,12,1,0,still,0
1800,88,1,0,-1,21,0,1,0,26,0,0,26,0,0,0,1,0,0,0,26,27,27,0.6447,13,0,0,pending,0
1801,5,2,1,30,15,1,2,0,13,0,1,6,7,0,0,0,9,9,9,22,13,22,0.4278,9,1,0,still,0
1801,40,1,1,150,15,0,2,0,12,0,1,5,7,0,0,1,8,8,8,20,13,21,0.4330,8,1,0,still,0
1801,88,1,0,-1,21,0,1,0,26,0,0,26,0,0,0,1,0,0,0,26,27,27,0.6447,13,0,0,hop,1
1801,131,1,1,30,16,0,1,0,29,0,1,26,3,0,5,0,0,0,0,29,24,24,0.3733,10,1,0,still,0
1801,154,2,1,90,17,0,1,0,18,0,1,3,15,0,1,0,4,4,4,22,17,21,0.3439,9,1,0,still,0
1802,8,2,1,210,19,0,1,0,20,0,1,11,9,0,0,0,6,6,6,26,20,26,0.3812,9,1,0,still,0
1802,19,3,1,60,20,0,2,0,22,0,1,19,3,0,0,0,3,3,3,25,22,25,0.5051,12,1,0,still,0
1802,172,1,1,30,18,0,1,0,31,1,0,31,0,0,3,0,0,0,0,31,28,28,0.3984,11,0,0,still,0
1802,189,1,1,180,14,0,2,0,14,0,1,4,10,0,3,0,8,8,8,22,11,19,0.4143,10,1,0,still,0
1803,9,1,1,180,20,0,1,0,20,0,1,11,9,0,0,0,4,4,4,24,20,24,0.3946,8,1,0,still,0
1803,83,1,1,120,18,2,3,0,20,0,1,20,0,0,0,0,3,3,3,23,20,23,0.5814,11,0,0,still,0
1803,188,1,1,240,16,1,2,0,13,0,1,3,10,0,2,0,8,8,8,21,11,19,0.3521,9,1,0,still,0
1804,7,2,1,90,18,0,2,0,18,0,1,11,7,0,0,1,7,7,7,25,19,26,0.3887,8,1,0,still,0
1804,10,1,1,120,20,1,2,0,18,0,1,11,7,0,0,0,6,6,6,24,18,24,0.4652,8,1,0,still,0
1804,35,2,1,120,18,0,1,0,15,0,1,3,12,0,0,0,6,6,6,21,15,21,0.3712,7,1,0,still,0
1804,177,1,0,-1,23,0,1,1,28,0,0,28,0,0,2,0,0,0,0,28,26,26,0.4998,15,0,0,hop,1
1805,113,1,1,150,16,0,2,0,12,0,1,3,9,0,2,0,8,8,8,20,10,18,0.2640,6,1,0,still,0
1805,170,2,1,60,17,0,2,0,21,0,1,13,8,0,0,0,2,2,2,23,21,23,0.5747,11,1,0,still,0
1806,13,2,1,90,19,1,2,0,22,0,1,14,8,0,0,1,1,1,1,23,23,24,0.5937,11,1,0,still,0
1806,44,1,1,180,19,0,2,0,21,0,1,12,9,0,0,0,3,3,3,24,21,24,0.5020,8,1,0,still,0
1806,56,1,1,180,20,0,1,0,21,0,1,20,1,0,0,0,3,3,3,24,21,24,0.5521,11,0,1,still,0
1806,119,1,1,300,19,1,2,0,20,0,1,11,9,0,0,1,5,5,2,25,21,23,0.5008,11,1,0,end_cap,1
1807,130,1,0,-1,17,1,3,0,19,0,1,12,7,0,0,0,2,2,2,21,19,21,0.6533,10,1,0,start_jam,0
1807,146,2,1,240,13,1,2,0,14,0,1,5,9,0,2,0,8,8,8,22,12,20,0.3498,9,1,0,still,0
1807,195,1,1,210,17,1,2,0,17,0,1,3,14,0,2,0,6,6,6,23,15,21,0.4026,11,1,0,still,0
1809,1,2,1,210,15,0,2,0,17,0,1,3,14,0,0,0,3,3,3,20,17,20,0.2968,5,1,0,still,0
1809,12,2,1,120,18,0,1,0,21,0,1,12,9,0,0,1,1,1,1,22,22,23,0.4886,9,1,0,still,0
1809,15,1,1,150,17,2,3,0,19,0,1,11,8,0,0,0,2,2,2,21,19,21,0.6212,10,1,0,still,0
1811,11,1,1,180,19,0,1,0,23,0,1,13,10,0,1,0,1,1,1,24,22,23,0.5124,9,1,0,still,0
1812,127,1,1,120,19,1,2,0,24,0,1,20,4,0,4,0,2,2,2,26,20,22,0.3504,9,1,0,still,0
1813,3,2,1,150,15,0,1,0,11,0,1,3,8,0,0,0,8,8,8,19,11,19,0.3585,6,1,0,still,0
1813,68,2,0,-1,15,1,2,0,18,0,1,3,15,0,0,0,2,2,2,20,18,20,0.2973,5,1,0,start_jam,0
1813,126,2,1,240,19,0,1,0,24,0,1,19,5,0,2,0,3,3,3,27,22,25,0.3764,11,1,0,still,0
1814,49,2,1,270,19,0,3,0,21,0,1,16,5,0,0,1,2,2,2,23,22,24,0.5607,10,1,0,still,0
1814,115,2,1,150,15,0,2,0,14,0,1,6,8,0,1,0,9,9,9,23,13,22,0.3504,9,1,0,still,0
1816,16,1,1,270,18,0,3,0,19,0,1,17,2,0,0,0,4,4,4,23,19,23,0.5911,9,1,0,still,0
1816,34,1,0,-1,4,2,3,0,6,0,0,6,0,0,0,0,0,0,0,6,6,6,0.1801,3,0,0,pending,0
1816,47,2,1,120,18,0,2,0,19,0,1,11,8,0,0,2,2,2,2,21,21,23,0.6151,12,1,0,still,0
1817,34,1,0,-1,4,2,3,0,6,0,0,6,0,0,0,0,0,0,0,6,6,6,0.1801,3,0,0,hop,1
1817,72,2,0,-1,18,0,2,0,20,0,1,3,17,0,0,0,1,1,1,21,20,21,0.2738,5,1,0,start_jam,0
1819,100,1,1,150,15,1,2,0,15,0,1,3,12,0,0,0,1,1,2,16,15,17,0.2955,4,1,0,still,0
1820,149,1,1,210,19,0,1,0,18,0,1,11,7,0,0,0,7,7,5,25,18,23,0.3818,8,1,0,still,0
1822,6,2,1,30,15,1,2,0,16,0,1,11,5,0,0,0,8,8,8,24,16,24,0.3877,8,1,0,still,0
1822,169,1,1,300,18,0,1,0,17,0,1,10,7,0,0,1,1,1,2,18,18,20,0.7204,11,1,0,end_cap,1
1823,14,1,1,180,17,0,1,1,19,0,1,12,7,0,0,0,1,1,1,20,19,20,0.5910,10,1,0,still,0
1823,32,1,0,-1,12,0,4,0,12,0,0,12,0,0,0,0,0,0,0,12,12,12,0.4796,7,0,0,pending,0
1823,117,3,1,30,18,0,1,0,20,0,1,12,8,0,0,0,8,8,8,28,20,28,0.3501,9,1,0,still,0
1823,153,1,1,210,17,0,2,0,14,0,1,3,11,0,1,0,7,7,7,21,13,20,0.3494,8,1,0,still,0
1823,171,1,1,60,14,0,1,0,29,0,1,29,0,0,4,0,1,1,1,30,25,26,0.4524,11,0,1,still,0
1824,32,1,0,-1,12,0,4,0,12,0,0,12,0,0,0,0,0,0,0,12,12,12,0.4796,7,0,0,hop,1
1824,158,1,1,30,17,2,3,0,18,0,1,3,15,0,1,0,2,2,1,20,17,18,0.2592,5,1,0,still,0
1825,199,1,1,120,17,1,3,0,20,0,1,3,17,0,1,0,2,2,2,22,19,21,0.3192,7,1,0,still,0
1826,58,1,0,-1,15,0,1,0,23,0,1,23,0,0,0,0,1,1,1,24,23,24,0.5363,9,0,0,start_jam,0
1826,114,1,1,210,15,0,1,0,10,0,1,3,7,0,1,0,9,9,9,19,9,18,0.3520,7,1,0,still,0
1826,159,1,1,150,13,1,2,0,12,0,1,3,9,0,0,0,3,3,3,15,12,15,0.2328,4,1,0,still,0
1827,21,2,1,60,20,0,2,0,21,0,1,20,1,0,0,0,5,5,5,26,21,26,0.5563,12,1,0,still,0
1828,174,1,0,-1,15,0,2,0,18,0,0,18,0,0,2,1,0,0,0,18,17,17,0.7287,12,0,0,hop,1
1829,4,2,1,150,14,0,1,0,11,0,1,5,6,0,0,0,9,9,9,20,11,20,0.3607,7,1,0,still,0
1829,77,3,1,180,18,2,3,0,21,0,1,16,5,0,0,0,4,4,4,25,21,25,0.6045,13,1,0,still,0
1830,76,3,0,-1,18,1,2,0,22,0,1,14,8,0,0,0,4,4,4,26,22,26,0.5908,13,1,0,start_jam,0
1830,90,1,0,-1,23,1,3,0,24,0,0,24,0,0,0,2,0,0,0,24,26,26,0.5844,12,0,0,pending,0
1831,5,2,1,60,15,1,2,0,12,0,1,8,4,0,0,0,10,10,10,22,12,22,0.4276,9,1,0,still,0
1831,40,1,1,180,15,0,2,0,10,0,1,6,4,0,0,1,9,9,9,19,11,20,0.4330,8,1,0,still,0
1831,90,1,0,-1,23,1,3,0,24,0,0,24,0,0,0,2,0,0,0,24,26,26,0.5844,12,0,0,hop,1
1831,131,1,1,60,15,0,1,0,26,0,1,25,1,0,4,0,3,3,2,29,22,24,0.3733,10,1,0,still,0
1831,154,2,1,120,17,0,1,0,17,0,1,3,14,0,1,0,5,5,5,22,16,21,0.3439,9,1,0,still,0
1832,8,2,1,240,19,0,1,0,20,0,1,11,9,0,0,0,6,6,6,26,20,26,0.3812,9,1,0,still,0
1832,19,3,1,90,20,0,2,0,21,0,1,19,2,0,0,0,5,5,5,26,21,26,0.5350,13,1,0,still,0
1832,168,1,0,-1,18,0,1,0,23,0,1,22,1,0,2,0,5,5,3,28,21,24,0.3741,10,1,0,start_jam,0
1832,172,1,1,60,18,0,1,0,30,0,0,29,1,0,3,0,0,0,0,30,27,27,0.3984,11,0,0,end_clear,1
1832,189,1,1,210,14,0,2,0,12,0,1,4,8,0,2,0,10,10,9,22,10,19,0.4147,10,1,0,still,0
1833,9,1,1,210,20,0,1,0,20,0,1,11,9,0,0,0,4,4,4,24,20,24,0.3946,8,1,0,still,0
1833,83,1,1,150,18,2,3,0,22,0,1,19,3,0,0,0,1,1,1,23,22,23,0.5808,11,1,0,still,0
1833,188,1,1,270,16,1,2,0,11,0,1,3,8,0,2,0,11,11,11,22,9,20,0.3521,9,1,0,still,0
1834,7,2,1,120,18,0,2,0,18,0,1,11,7,0,0,0,7,7,8,25,18,26,0.3887,8,1,0,still,0
1834,10,1,1,150,20,1,2,0,21,0,1,11,10,0,0,0,3,3,3,24,21,24,0.4652,8,1,0,still,0
1834,35,2,1,150,18,0,1,0,10,0,1,3,7,0,0,0,11,11,11,21,10,21,0.3704,7,1,0,still,0
1835,113,1,1,180,16,0,2,0,11,0,1,3,8,0,2,0,9,9,9,20,9,18,0.2640,6,1,0,still,0
1835,170,2,1,90,17,0,2,0,19,0,1,12,7,0,0,0,4,4,4,23,19,23,0.5745,11,1,0,still,0
1836,13,2,1,120,19,0,1,0,22,0,1,13,9,0,0,1,1,1,1,23,23,24,0.5937,11,1,0,still,0
1836,44,1,1,210,19,0,2,0,22,0,1,12,10,0,0,0,2,2,2,24,22,24,0.5020,8,1,0,still,0
1836,56,1,1,210,20,0,1,0,22,0,1,19,3,0,0,0,2,2,2,24,22,24,0.5518,11,1,0,still,0
1837,130,1,1,30,17,1,3,0,17,0,1,12,5,0,0,0,4,4,4,21,17,21,0.6551,10,1,0,still,0
1837,145,1,0,-1,14,1,2,0,11,0,1,3,8,0,2,0,9,9,9,20,9,18,0.3958,8,1,0,start_jam,0
1837,146,2,1,270,13,1,2,0,12,0,1,5,7,0,1,0,9,9,9,21,11,20,0.3497,9,1,0,still,0
1837,195,1,1,240,17,1,2,0,11,0,1,2,9,0,1,0,11,11,11,22,10,21,0.4027,11,1,0,still,0
1839,1,2,1,240,15,0,2,0,11,0,1,2,9,0,0,0,9,9,9,20,11,20,0.2968,5,1,0,still,0
1839,12,2,1,150,18,0,1,0,21,0,1,12,9,0,0,1,1,1,1,22,22,23,0.5536,10,1,0,still,0
1839,15,1,1,180,17,2,3,0,17,0,1,11,6,0,0,0,4,4,4,21,17,21,0.6221,10,1,0,still,0
1839,111,1,0,-1,1,0,1,1,1,0,0,1,0,0,0,0,0,0,0,1,1,1,0.1013,1,0,0,hop,1
1841,11,1,1,210,19,0,1,0,23,0,1,13,10,0,1,0,1,1,1,24,22,23,0.5124,9,1,0,still,0
1842,79,1,0,-1,19,0,2,0,19,0,1,15,4,0,0,0,3,3,4,22,19,23,0.5957,10,1,0,start_jam,0
1842,127,1,1,150,19,1,2,0,24,0,1,18,6,0,4,0,3,3,3,27,20,23,0.3504,9,1,0,still,0
1843,3,2,1,180,15,0,1,0,7,0,1,2,5,0,0,0,12,12,12,19,7,19,0.3582,6,1,0,still,0
1843,68,2,1,30,15,1,2,0,8,0,1,2,6,0,0,0,12,12,12,20,8,20,0.2973,5,1,0,still,0
1843,126,2,1,270,19,0,1,0,24,0,1,17,7,0,2,0,4,4,4,28,22,26,0.4517,12,1,0,still,0
1844,49,2,1,300,19,0,3,0,19,0,1,14,5,0,0,1,4,4,4,23,20,24,0.5607,10,1,0,end_cap,1
1844,115,2,1,180,15,0,2,0,10,0,1,7,3,0,0,0,13,13,12,23,10,22,0.3504,9,1,0,still,0
1845,99,2,0,-1,5,1,3,0,8,0,0,8,0,0,0,0,0,0,0,8,8,8,0.3247,6,0,0,pending,0
1846,16,1,1,300,18,0,3,0,19,0,1,14,5,0,0,0,4,4,4,23,19,23,0.6280,10,1,0,end_cap,1
1846,47,2,1,150,18,0,1,0,19,0,1,12,7,0,0,2,2,2,2,21,21,23,0.6153,12,1,0,still,0
1846,99,2,0,-1,5,1,3,0,8,0,0,8,0,0,0,0,0,0,0,8,8,8,0.3246,6,0,0,hop,1
1847,72,2,1,30,18,0,2,0,9,0,1,2,7,0,0,0,12,12,12,21,9,21,0.2732,5,1,0,still,0
1849,100,1,1,180,15,1,2,0,7,0,1,3,4,0,0,0,9,9,10,16,7,17,0.2955,4,1,0,still,0
1850,149,1,1,240,19,0,1,0,18,0,1,11,7,0,0,0,7,7,5,25,18,23,0.4112,9,1,0,still,0
1852,6,2,1,60,15,1,2,0,15,0,1,11,4,0,0,0,9,9,9,24,15,24,0.3876,8,1,0,still,0
1853,14,1,1,210,17,0,1,1,20,0,1,13,7,0,1,0,1,1,1,21,19,20,0.5910,10,1,0,still,0
1853,117,3,1,60,18,0,1,0,18,0,1,11,7,0,0,0,8,8,8,26,18,26,0.3501,9,1,0,still,0
1853,152,1,0,-1,3,0,1,1,3,0,0,3,0,0,0,0,0,0,0,3,3,3,0.1736,3,0,0,hop,1
1853,153,1,1,240,17,0,2,0,7,0,1,2,5,0,1,0,14,14,14,21,6,20,0.3494,8,1,0,still,0
1853,171,1,1,90,14,0,1,0,29,0,0,28,1,0,4,0,0,0,0,29,25,25,0.4525,11,0,0,end_clear,1
1854,158,1,1,60,17,2,3,0,9,0,1,2,7,0,1,0,11,11,10,20,8,18,0.2592,5,1,0,still,0
1855,199,1,1,150,17,1,3,0,10,0,1,2,8,0,1,0,12,12,12,22,9,21,0.3192,7,1,0,still,0
1856,58,1,1,30,15,0,1,0,23,0,0,23,0,0,0,0,0,0,0,23,23,23,0.5369,9,0,0,end_clear,1
1856,114,1,1,240,15,0,1,0,6,0,1,3,3,0,0,0,13,13,12,19,6,18,0.3520,7,1,0,still,0
1856,159,1,1,180,13,1,2,0,7,0,1,3,4,0,0,0,8,8,8,15,7,15,0.2328,4,1,0,still,0
1857,21,2,1,90,20,0,2,0,24,0,1,22,2,0,0,0,2,2,2,26,24,26,0.5580,12,1,0,still,0
1857,26,3,0,-1,21,1,2,0,27,0,0,27,0,0,0,1,0,0,0,27,28,28,0.5586,14,0,0,hop,1
1857,67,2,0,-1,13,1,4,0,14,0,0,14,0,0,0,0,0,0,0,14,14,14,0.6288,10,0,0,hop,1
1859,4,2,1,180,14,0,1,0,9,0,1,5,4,0,0,0,11,11,11,20,9,20,0.3606,7,1,0,still,0
1859,77,3,1,210,18,2,3,0,22,0,1,18,4,0,0,0,4,4,4,26,22,26,0.6046,13,1,0,still,0
1860,28,2,0,-1,19,0,2,0,27,0,0,27,0,0,1,0,0,0,0,27,26,26,0.6122,14,0,0,pending,0
1860,76,3,1,30,18,1,2,0,22,0,1,15,7,0,0,0,4,4,4,26,22,26,0.5950,13,1,0,still,0
1861,5,2,1,90,15,1,2,0,10,0,1,7,3,0,0,0,11,11,11,21,10,21,0.4275,9,1,0,still,0
1861,28,2,0,-1,19,0,2,0,27,0,0,27,0,0,1,0,0,0,0,27,26,26,0.6121,14,0,0,hop,1
1861,40,1,1,210,15,0,2,0,9,0,1,6,3,0,0,1,10,10,10,19,10,20,0.4330,8,1,0,still,0
1861,85,1,0,-1,16,1,2,0,22,0,1,22,0,0,0,0,0,0,0,22,22,22,0.5725,10,0,0,start_jam,0
1861,131,1,1,90,14,0,1,1,26,0,0,25,1,0,4,0,1,1,0,27,22,22,0.3734,10,0,0,end_clear,1
1861,154,2,1,150,17,0,1,0,8,0,1,2,6,0,1,0,14,14,14,22,7,21,0.3439,9,1,0,still,0
1862,8,2,1,270,19,0,1,0,20,0,1,12,8,0,0,0,6,6,6,26,20,26,0.3812,9,1,0,still,0
1862,19,3,1,120,19,0,1,0,23,0,1,21,2,0,0,0,3,3,3,26,23,26,0.5359,13,1,0,still,0
1862,168,1,1,30,18,0,1,1,25,0,1,24,1,0,2,0,2,2,0,27,23,23,0.3474,9,1,0,still,0
1862,189,1,1,240,14,0,2,0,8,0,1,3,5,0,1,0,14,14,12,22,7,19,0.4147,10,1,0,still,0
1863,9,1,1,240,20,0,1,0,20,0,1,12,8,0,0,0,4,4,4,24,20,24,0.3946,8,1,0,still,0
1863,83,1,1,180,18,2,3,0,22,0,1,21,1,0,0,0,1,1,1,23,22,23,0.5808,11,1,0,still,0
1863,188,1,1,300,16,1,2,0,7,0,1,2,5,0,2,0,15,15,15,22,5,20,0.3521,9,1,0,end_cap,1
1864,7,2,1,150,18,0,2,0,18,0,1,11,7,0,0,0,7,7,8,25,18,26,0.3887,8,1,0,still,0
1864,10,1,1,180,20,1,2,0,21,0,1,13,8,0,0,0,3,3,3,24,21,24,0.4652,8,1,0,still,0
1864,35,2,1,180,18,0,1,0,9,0,1,3,6,0,0,0,12,12,12,21,9,21,0.3705,7,1,0,still,0
1865,113,1,1,210,16,0,2,0,7,0,1,2,5,0,2,0,13,13,13,20,5,18,0.2638,6,1,0,still,0
1865,170,2,1,120,17,0,2,0,19,0,1,13,6,0,0,0,4,4,4,23,19,23,0.5744,11,1,0,still,0
1866,13,2,1,150,19,0,1,0,22,0,1,14,8,0,0,1,1,1,1,23,23,24,0.5607,10,1,0,still,0
1866,44,1,1,240,19,0,2,0,20,0,1,12,8,0,0,1,2,2,2,22,21,23,0.5020,8,1,0,still,0
1866,56,1,1,240,20,0,1,0,21,0,1,20,1,0,0,0,2,2,2,23,21,23,0.5518,11,1,0,still,0
1867,89,1,0,-1,20,1,2,0,24,0,0,24,0,0,0,1,0,0,0,24,25,25,0.6421,12,0,0,hop,1
1867,130,1,1,60,17,1,3,0,17,0,1,13,4,0,0,0,4,4,4,21,17,21,0.6593,10,1,0,still,0
1867,145,1,1,30,14,1,2,0,7,0,1,3,4,0,1,0,13,13,12,20,6,18,0.3953,8,1,0,still,0
1867,146,2,1,300,13,1,2,0,9,0,1,5,4,0,0,0,13,13,11,22,9,20,0.3498,9,1,0,end_cap,1
1867,195,1,1,270,17,1,2,0,10,0,1,4,6,0,1,0,12,12,12,22,9,21,0.4026,11,1,0,still,0
1869,1,2,1,270,15,0,2,0,10,0,1,4,6,0,0,0,10,10,10,20,10,20,0.2968,5,1,0,still,0
1869,12,2,1,180,18,0,1,0,21,0,1,13,8,0,0,1,1,1,1,22,22,23,0.5533,10,1,0,still,0
1869,15,1,1,210,17,2,3,0,17,0,1,12,5,0,0,0,4,4,4,21,17,21,0.6248,10,1,0,still,0
1870,97,3,0,-1,0,0,1,1,0,0,0,0,0,0,0,0,0,0,0,0,0,0,0.0000,0,0,0,pending,0
1870,142,2,0,-1,18,0,2,0,19,0,1,11,8,0,0,2,3,3,4,22,21,25,0.5617,10,1,0,start_jam,0
1871,11,1,1,240,19,0,1,0,23,0,1,14,9,0,1,0,1,1,1,24,22,23,0.5124,9,1,0,still,0
1871,97,3,0,-1,0,0,1,1,0,0,0,0,0,0,0,0,0,0,0,0,0,0,0.0000,0,0,0,hop,1
1871,118,3,0,-1,20,0,1,0,21,0,1,12,9,0,0,0,5,5,4,26,21,25,0.4502,12,1,0,start_jam,0
1871,133,2,0,-1,11,4,5,0,14,0,0,14,0,0,2,0,0,0,0,14,12,12,0.5360,10,0,0,pending,0
1872,17,3,0,-1,18,0,2,0,22,0,1,19,3,0,0,0,3,3,3,25,22,25,0.5345,12,1,0,start_jam,0
1872,31,2,0,-1,20,1,4,0,25,0,0,25,0,0,0,0,0,0,0,25,25,25,0.6595,13,0,0,pending,0
1872,75,1,0,-1,2,0,2,1,2,0,0,2,0,0,0,0,0,0,0,2,2,2,0.1349,2,0,0,hop,1
1872,79,1,1,30,19,1,2,0,19,0,1,15,4,0,0,0,3,3,4,22,19,23,0.5950,10,1,0,still,0
1872,127,1,1,180,19,0,1,0,24,0,1,19,5,0,4,0,3,3,3,27,20,23,0.3504,9,1,0,still,0
1872,133,2,0,-1,11,4,5,0,15,0,0,15,0,0,2,0,0,0,0,15,13,13,0.5360,10,0,0,hop,1
1873,3,2,1,210,15,0,1,0,8,0,1,3,5,0,0,0,12,12,12,20,8,20,0.3582,6,1,0,still,0
1873,31,2,0,-1,20,1,4,0,25,0,0,25,0,0,0,0,0,0,0,25,25,25,0.6595,13,0,0,hop,1
1873,68,2,1,60,15,1,2,0,10,0,1,4,6,0,0,0,10,10,10,20,10,20,0.2973,5,1,0,still,0
1873,91,2,0,-1,21,3,4,0,25,0,0,25,0,0,0,0,0,0,0,25,25,25,0.6949,15,0,0,pending,0
1873,92,1,0,-1,18,0,3,0,22,0,0,22,0,0,0,0,0,0,0,22,22,22,0.5906,9,0,0,pending,0
1873,126,2,1,300,19,0,1,0,23,0,1,18,5,0,2,0,4,4,4,27,21,25,0.4517,12,1,0,end_cap,1
1874,86,1,0,-1,16,0,2,0,22,0,0,22,0,0,0,1,0,0,0,22,23,23,0.5387,9,0,0,hop,1
1874,91,2,0,-1,21,3,4,0,25,0,0,25,0,0,0,0,0,0,0,25,25,25,0.6948,15,0,0,hop,1
1874,92,1,0,-1,18,0,3,0,22,0,0,22,0,0,0,0,0,0,0,22,22,22,0.5906,9,0,0,hop,1
1874,115,2,1,210,15,0,2,0,10,0,1,6,4,0,0,0,13,13,12,23,10,22,0.3503,9,1,0,still,0
1876,47,2,1,180,18,0,1,0,20,0,1,11,9,0,0,1,1,1,1,21,21,22,0.6156,12,1,0,still,0
1877,72,2,1,60,17,0,2,0,10,0,1,4,6,0,0,0,11,11,11,21,10,21,0.2732,5,1,0,still,0
1879,100,1,1,210,15,1,2,0,6,0,1,4,2,0,0,0,10,10,11,16,6,17,0.2955,4,1,0,still,0
1880,132,1,0,-1,18,0,2,0,22,0,0,22,0,0,0,0,0,0,0,22,22,22,0.6625,11,0,0,pending,0
1880,149,1,1,270,19,0,1,0,18,0,1,9,9,0,0,0,7,7,5,25,18,23,0.4112,9,1,0,still,0
1881,132,1,0,-1,18,0,2,0,22,0,0,22,0,0,0,0,0,0,0,22,22,22,0.6619,11,0,0,hop,1
1882,6,2,1,90,15,1,2,0,15,0,1,9,6,0,0,0,9,9,9,24,15,24,0.3876,8,1,0,still,0
1882,157,2,0,-1,17,0,3,0,10,0,1,4,6,0,0,0,12,12,12,22,10,22,0.2694,6,1,0,start_jam,0
1883,14,1,1,240,18,0,1,1,19,0,1,10,9,0,0,0,0,0,0,19,19,19,0.5910,10,1,0,still,0
1883,117,3,1,90,18,0,1,0,18,0,1,9,9,0,0,0,8,8,8,26,18,26,0.3501,9,1,0,still,0
1883,153,1,1,270,17,0,2,0,9,0,1,4,5,0,0,0,12,12,11,21,9,20,0.3494,8,1,0,still,0
1884,54,2,0,-1,20,1,2,0,23,0,1,20,3,0,0,0,2,2,2,25,23,25,0.5754,12,1,0,start_jam,0
1884,65,1,0,-1,20,0,4,0,24,0,0,24,0,0,0,0,0,0,0,24,24,24,0.6108,11,0,0,pending,0
1884,158,1,1,90,17,2,3,0,9,0,1,2,7,0,0,0,11,11,9,20,9,18,0.2592,5,1,0,still,0
1885,57,1,0,-1,19,1,3,0,22,0,1,21,1,0,0,0,0,0,0,22,22,22,0.5804,11,1,0,start_jam,0
1885,65,1,0,-1,20,0,4,0,24,0,0,24,0,0,0,0,0,0,0,24,24,24,0.6107,11,0,0,hop,1
1885,199,1,1,180,17,1,3,0,9,0,1,2,7,0,0,0,12,12,11,21,9,20,0.3192,7,1,0,still,0
1886,114,1,1,270,15,0,1,0,6,0,1,2,4,0,0,0,13,13,12,19,6,18,0.3517,7,1,0,still,0
1886,159,1,1,210,13,1,2,0,5,0,1,2,3,0,0,0,10,10,10,15,5,15,0.2328,4,1,0,still,0
1887,21,2,1,120,20,0,2,0,22,0,1,19,3,0,0,0,2,2,2,24,22,24,0.5602,12,1,0,still,0
1889,4,2,1,210,14,0,1,0,9,0,1,4,5,0,0,0,11,11,11,20,9,20,0.3606,7,1,0,still,0
1889,77,3,1,240,19,2,3,0,23,0,1,15,8,0,0,0,3,3,3,26,23,26,0.5474,12,1,0,still,0
1890,76,3,1,60,18,1,4,0,25,0,1,14,11,0,0,0,2,2,2,27,25,27,0.5965,13,1,0,still,0
1891,5,2,1,120,15,1,2,0,10,0,1,6,4,0,0,0,11,11,11,21,10,21,0.4275,9,1,0,still,0
1891,40,1,1,240,15,0,2,0,9,0,1,5,4,0,0,1,10,10,10,19,10,20,0.4330,8,1,0,still,0
1891,85,1,1,30,16,1,2,0,21,0,0,21,0,0,0,0,0,0,0,21,21,21,0.5725,10,0,0,end_clear,1
1891,154,2,1,180,17,0,1,0,10,0,1,4,6,0,0,0,12,12,11,22,10,21,0.3439,9,1,0,still,0
1892,8,2,1,300,19,0,1,0,20,0,1,10,10,0,0,0,6,6,6,26,20,26,0.3812,9,1,0,end_cap,1
1892,19,3,1,150,19,0,1,0,22,0,1,18,4,0,0,0,2,2,2,24,22,24,0.5359,13,1,0,still,0
1892,165,1,0,-1,19,0,1,0,25,0,1,19,6,0,3,0,2,2,2,27,22,24,0.4035,10,1,0,start_jam,0
1892,168,1,1,60,18,0,1,1,25,0,0,23,2,0,3,0,1,1,0,26,22,22,0.3741,10,0,0,end_clear,1
1892,189,1,1,270,14,0,2,0,10,0,1,4,6,0,2,0,12,12,11,22,8,19,0.4156,10,1,0,still,0
1893,9,1,1,270,20,0,1,0,20,0,1,10,10,0,0,0,4,4,4,24,20,24,0.4664,9,1,0,still,0
1893,83,1,1,210,18,2,3,0,22,0,1,21,1,0,0,0,0,0,0,22,22,22,0.5807,11,0,1,still,0
1894,7,2,1,180,18,0,2,0,20,0,1,10,10,0,0,0,4,4,5,24,20,25,0.3886,8,1,0,still,0
1894,10,1,1,210,20,1,2,0,21,0,1,12,9,0,0,0,3,3,3,24,21,24,0.5368,9,1,0,still,0
1894,35,2,1,210,18,0,1,0,13,0,1,5,8,0,0,0,8,8,8,21,13,21,0.3705,7,1,0,still,0
1895,103,1,0,-1,3,0,3,1,3,0,0,3,0,0,0,0,0,0,0,3,3,3,0.1108,3,0,0,hop,1
1895,113,1,1,240,16,0,2,0,13,0,1,4,9,0,1,1,7,7,6,20,13,19,0.2639,6,1,0,still,0
1895,170,2,1,150,17,0,4,0,22,0,1,11,11,0,0,0,2,2,2,24,22,24,0.5742,11,1,0,still,0
1896,13,2,1,180,19,1,2,0,21,0,1,12,9,0,0,1,2,2,2,23,22,24,0.6266,11,1,0,still,0
1896,44,1,1,270,19,0,2,0,21,0,1,11,10,0,0,1,1,1,1,22,22,23,0.4291,7,1,0,still,0
1896,56,1,1,270,20,0,1,0,22,0,1,20,2,0,0,0,0,0,0,22,22,22,0.5518,11,0,1,still,0
1897,130,1,1,90,17,1,3,0,20,0,1,11,9,0,0,0,2,2,2,22,20,22,0.6596,10,1,0,still,0
1897,145,1,1,60,14,1,2,0,14,0,1,4,10,0,1,0,6,6,5,20,13,18,0.3960,8,1,0,still,0
1897,195,1,1,300,17,1,2,0,14,0,1,5,9,0,0,0,9,9,7,23,14,21,0.4026,11,1,0,end_cap,1
1899,1,2,1,300,15,0,2,0,15,0,1,6,9,0,0,0,5,5,5,20,15,20,0.2968,5,1,0,end_cap,1
1899,12,2,1,210,18,0,1,0,20,0,1,11,9,0,0,1,2,2,2,22,21,23,0.5531,10,1,0,still,0
1899,15,1,1,240,17,2,3,0,20,0,1,10,10,0,0,0,2,2,2,22,20,22,0.6225,10,1,0,still,0
1900,84,1,0,-1,18,0,3,0,21,0,0,21,0,0,0,0,0,0,0,21,21,21,0.5398,10,0,0,hop,1
1900,142,2,1,30,18,2,4,0,20,0,1,9,11,0,0,2,2,2,3,22,22,25,0.5656,10,1,0,still,0
1901,11,1,1,270,19,0,1,0,23,0,1,13,10,0,1,0,1,1,1,24,22,23,0.5817,10,1,0,still,0
1901,118,3,1,30,20,0,1,0,25,0,1,12,13,0,1,0,1,1,1,26,24,25,0.4503,12,1,0,still,0
1902,17,3,1,30,18,0,2,0,24,0,1,18,6,0,0,0,1,1,1,25,24,25,0.5358,12,1,0,still,0
1902,79,1,1,60,19,1,2,0,22,0,1,15,7,0,0,1,1,1,1,23,23,24,0.5949,10,1,0,still,0
1902,127,1,1,210,19,0,1,0,25,0,1,18,7,0,3,0,2,2,1,27,22,23,0.3504,9,1,0,still,0
1903,3,2,1,240,15,0,1,0,14,0,1,4,10,0,0,0,6,6,6,20,14,20,0.3582,6,1,0,still,0
1903,68,2,1,90,15,1,2,0,16,0,1,5,11,0,0,0,4,4,4,20,16,20,0.2973,5,1,0,still,0
1904,115,2,1,240,15,0,2,0,16,0,1,7,9,0,0,0,7,7,6,23,16,22,0.3505,9,1,0,still,0
1906,47,2,1,210,18,0,2,0,20,0,1,11,9,0,0,1,2,2,2,22,21,23,0.6156,12,1,0,still,0
1906,166,2,0,-1,19,0,1,0,26,0,1,22,4,0,2,0,1,1,1,27,24,25,0.3485,10,1,0,start_jam,0
1907,72,2,1,90,17,0,2,0,16,0,1,5,11,0,0,0,5,5,5,21,16,21,0.2732,5,1,0,still,0
1909,100,1,1,240,15,1,2,0,11,0,1,5,6,0,0,0,5,5,6,16,11,17,0.2955,4,1,0,still,0
1909,194,1,0,-1,19,0,2,1,25,0,1,12,13,0,3,0,1,1,1,26,22,23,0.4617,12,1,0,start_jam,0
1910,101,3,0,-1,3,0,2,1,4,0,0,4,0,0,0,0,0,0,0,4,4,4,0.1185,4,0,0,hop,1
1910,149,1,1,300,19,0,1,0,23,0,1,9,14,0,2,0,2,2,2,25,21,23,0.4112,9,1,0,end_cap,1
1912,6,2,1,120,15,1,2,0,23,0,1,10,13,0,0,0,1,1,1,24,23,24,0.3878,8,1,0,still,0
1912,157,2,1,30,17,0,3,0,18,0,1,7,11,0,0,0,4,4,4,22,18,22,0.2695,6,1,0,still,0
1913,14,1,1,270,19,0,2,1,21,0,1,12,9,0,0,0,0,0,0,21,21,21,0.6649,11,1,0,still,0
1913,117,3,1,120,18,0,1,0,25,0,1,10,15,0,0,0,1,1,1,26,25,26,0.3499,9,1,0,still,0
1913,153,1,1,300,17,0,2,0,17,0,1,6,11,0,1,0,4,4,4,21,16,20,0.3490,8,1,0,end_cap,1
1914,54,2,1,30,20,1,2,0,23,0,1,20,3,0,0,0,1,1,1,24,23,24,0.5751,12,1,0,still,0
1914,158,1,1,120,17,2,3,0,14,0,1,5,9,0,0,0,6,6,4,20,14,18,0.2592,5,1,0,still,0
1915,57,1,1,30,19,1,3,0,23,0,0,23,0,0,0,0,0,0,0,23,23,23,0.5806,11,0,0,end_clear,1
1915,199,1,1,210,17,1,3,0,16,0,1,6,10,0,0,0,6,6,5,22,16,21,0.3192,7,1,0,still,0
1916,114,1,1,300,15,0,1,0,15,0,1,4,11,0,0,0,4,4,3,19,15,18,0.3519,7,1,0,end_cap,1
1916,159,1,1,240,13,1,2,0,10,0,1,5,5,0,0,0,5,5,5,15,10,15,0.2328,4,1,0,still,0
1917,21,2,1,150,20,0,2,0,25,0,1,23,2,0,0,0,0,0,0,25,25,25,0.5595,12,1,0,still,0
1918,34,1,0,-1,4,0,1,1,5,0,0,5,0,0,0,0,0,0,0,5,5,5,0.2153,4,0,0,pending,0
1919,4,2,1,240,14,0,1,0,18,0,1,5,13,0,0,0,2,2,2,20,18,20,0.3606,7,1,0,still,0
1919,34,1,0,-1,4,0,1,1,5,0,0,5,0,0,0,0,0,0,0,5,5,5,0.2154,4,0,0,hop,1
1919,77,3,1,270,19,2,3,0,26,0,1,16,10,0,0,0,0,0,0,26,26,26,0.5479,12,1,0,still,0
1920,71,2,0,-1,6,2,3,0,9,0,0,9,0,0,0,0,0,0,0,9,9,9,0.2649,5,0,0,pending,0
1920,76,3,1,90,18,1,4,0,26,0,1,12,14,0,0,0,0,0,0,26,26,26,0.5962,13,1,0,still,0
1921,5,2,1,150,14,1,2,0,19,0,1,7,12,0,0,0,2,2,2,21,19,21,0.4275,9,1,0,still,0
1921,40,1,1,270,15,0,2,0,18,0,1,6,12,0,0,1,1,1,1,19,19,20,0.4330,8,1,0,still,0
1921,71,2,0,-1,6,2,3,0,9,0,0,9,0,0,0,0,0,0,0,9,9,9,0.2649,5,0,0,hop,1
1921,123,2,0,-1,15,0,2,0,12,0,1,6,6,0,0,0,7,7,7,19,12,19,0.2996,7,1,0,start_jam,0
1921,154,2,1,210,17,0,1,0,18,0,1,9,9,0,1,0,4,4,4,22,17,21,0.3441,9,1,0,still,0
1922,19,3,1,180,19,0,1,0,25,0,1,21,4,0,0,0,0,0,0,25,25,25,0.5359,13,1,0,still,0
1922,50,1,0,-1,19,1,3,0,23,0,1,13,10,0,0,1,0,0,0,23,24,24,0.5462,9,1,0,start_jam,0
1922,165,1,1,30,19,0,1,0,26,0,1,19,7,0,3,0,0,0,0,26,23,23,0.4035,10,1,0,still,0
1922,189,1,1,300,14,0,2,0,18,0,1,6,12,0,2,0,4,4,3,22,16,19,0.4148,10,1,0,end_cap,1
1923,9,1,1,300,20,0,1,0,23,0,1,9,14,0,0,0,1,1,1,24,23,24,0.4636,9,1,0,end_cap,1
1923,83,1,1,240,18,2,3,0,22,0,0,22,0,0,0,0,0,0,0,22,22,22,0.5852,11,0,0,end_clear,1
1924,7,2,1,210,18,0,2,0,23,0,1,11,12,0,0,1,1,1,1,24,24,25,0.3885,8,1,0,still,0
1924,10,1,1,240,20,1,2,0,23,0,1,10,13,0,0,0,1,1,1,24,23,24,0.5360,9,1,0,still,0
1924,35,2,1,240,18,0,1,0,18,0,1,10,8,0,0,0,4,4,4,22,18,22,0.3712,7,1,0,still,0
1925,113,1,1,270,15,0,2,0,16,0,1,7,9,0,2,0,4,4,4,20,14,18,0.2639,6,1,0,still,0
1925,170,2,1,180,17,0,4,0,24,0,1,12,12,0,0,0,0,0,0,24,24,24,0.5739,11,1,0,still,0
1926,13,2,1,210,19,1,2,0,22,0,1,11,11,0,0,1,1,1,1,23,23,24,0.6266,11,1,0,still,0
1926,44,1,1,300,19,0,2,0,22,0,1,10,12,0,0,0,1,1,1,23,22,23,0.4231,7,1,0,end_cap,1
1926,56,1,1,300,20,0,1,0,22,0,0,22,0,0,0,0,0,0,0,22,22,22,0.5541,11,0,0,end_cap,1
1927,130,1,1,120,17,1,3,0,22,0,1,13,9,0,0,0,0,0,0,22,22,22,0.6600,10,1,0,still,0
1927,139,1,0,-1,19,0,2,0,23,0,1,10,13,0,1,0,1,1,1,24,22,23,0.5307,11,1,0,start_jam,0
1927,145,1,1,90,14,0,1,0,16,0,1,8,8,0,1,0,4,4,3,20,15,18,0.3959,8,1,0,still,0
1928,73,2,0,-1,5,0,3,1,7,0,0,7,0,0,0,0,0,0,0,7,7,7,0.1653,4,0,0,pending,0
1928,169,1,0,-1,17,1,2,0,20,0,1,9,11,0,0,0,0,0,1,20,20,21,0.6176,10,1,0,start_jam,0
1928,182,1,0,-1,20,1,2,0,25,0,1,9,16,0,2,0,1,1,1,26,23,24,0.4897,12,1,0,start_jam,0
1929,12,2,1,240,18,0,1,0,22,0,1,8,14,0,0,1,1,1,1,23,23,24,0.5515,10,1,0,still,0
1929,15,1,1,270,17,2,3,0,22,0,1,12,10,0,0,0,0,0,0,22,22,22,0.6215,10,1,0,still,0
1929,73,2,0,-1,5,0,3,1,7,0,0,7,0,0,0,0,0,0,0,7,7,7,0.1653,4,0,0,hop,1
1930,142,2,1,60,18,2,4,0,23,0,1,10,13,0,0,2,0,0,1,23,25,26,0.5665,10,1,0,still,0
1931,11,1,1,300,19,0,1,0,23,0,1,9,14,0,1,0,1,1,1,24,22,23,0.5798,10,1,0,end_cap,1
1931,118,3,1,60,20,0,1,0,26,0,1,12,14,0,1,0,1,1,1,27,25,26,0.4498,12,1,0,still,0
1931,186,1,0,-1,13,3,4,0,19,0,0,19,0,0,3,0,0,0,0,19,16,16,0.6903,12,0,0,pending,0
1932,17,3,1,60,18,0,2,0,24,0,1,19,5,0,0,0,0,0,0,24,24,24,0.5358,12,1,0,still,0
1932,79,1,1,90,19,1,2,0,22,0,1,16,6,0,0,1,0,0,0,22,23,23,0.5947,10,1,0,still,0
1932,127,1,1,240,18,0,1,0,26,0,1,19,7,0,4,0,0,0,0,26,22,22,0.3505,9,1,0,still,0
1932,186,1,0,-1,13,3,4,0,19,0,0,19,0,0,3,0,0,0,0,19,16,16,0.6246,11,0,0,hop,1
1933,3,2,1,270,15,0,1,0,16,0,1,8,8,0,0,0,3,3,3,19,16,19,0.3582,6,1,0,still,0
1933,68,2,1,120,15,1,2,0,16,0,1,8,8,0,0,0,4,4,4,20,16,20,0.2973,5,1,0,still,0
1934,29,2,0,-1,19,0,4,0,26,0,0,26,0,0,1,0,0,0,0,26,25,25,0.5606,12,0,0,hop,1
1934,115,2,1,270,15,0,2,0,19,0,1,8,11,0,0,0,4,4,3,23,19,22,0.3504,9,1,0,still,0
1936,47,2,1,240,18,0,2,0,21,0,1,10,11,0,0,2,1,1,1,22,23,24,0.6159,12,1,0,still,0
1936,166,2,1,30,19,0,1,0,27,0,0,25,2,0,2,0,0,0,0,27,25,25,0.3735,11,0,0,end_clear,1
1937,72,2,1,120,17,0,2,0,14,0,1,8,6,0,0,0,7,7,7,21,14,21,0.2732,5,1,0,still,0
1939,100,1,1,270,15,1,2,0,10,0,1,5,5,0,0,0,6,6,7,16,10,17,0.2955,4,1,0,still,0
1939,194,1,1,30,19,0,2,1,25,0,1,11,14,0,3,0,1,1,1,26,22,23,0.4342,11,1,0,still,0
1940,109,2,0,-1,8,3,5,0,11,0,0,11,0,0,0,0,0,0,0,11,11,11,0.4502,7,0,0,pending,0
1941,109,2,0,-1,8,3,5,0,11,0,0,11,0,0,0,0,0,0,0,11,11,11,0.4502,7,0,0,hop,1
1941,136,2,0,-1,6,0,5,0,10,0,0,10,0,0,1,0,0,0,0,10,9,9,0.3190,6,0,0,pending,0
1942,6,2,1,150,15,1,2,0,21,0,1,10,11,0,0,0,3,3,3,24,21,24,0.3874,8,1,0,still,0
1942,136,2,0,-1,6,0,5,0,10,0,0,10,0,0,1,0,0,0,0,10,9,9,0.3190,6,0,0,hop,1
1942,157,2,1,60,17,0,3,0,15,0,1,10,5,0,0,0,7,7,7,22,15,22,0.2695,6,1,0,still,0
1943,14,1,1,300,19,0,2,1,22,0,1,11,11,0,0,0,0,0,0,22,22,22,0.6649,11,1,0,end_cap,1
1943,117,3,1,150,18,0,1,0,25,0,1,11,14,0,0,0,1,1,1,26,25,26,0.3498,9,1,0,still,0
1944,54,2,1,60,20,1,2,0,24,0,1,23,1,0,0,0,0,0,0,24,24,24,0.5753,12,0,1,still,0
1944,88,1,0,-1,18,0,1,0,24,0,0,24,0,0,0,1,0,0,0,24,25,25,0.6799,12,0,0,pending,0
1944,158,1,1,150,17,2,3,0,13,0,1,7,6,0,0,0,7,7,5,20,13,18,0.2592,5,1,0,still,0
1945,88,1,0,-1,18,0,1,0,24,0,0,24,0,0,0,1,0,0,0,24,25,25,0.6799,12,0,0,hop,1
1945,199,1,1,240,17,1,3,0,13,0,1,7,6,0,0,0,8,8,7,21,13,20,0.3192,7,1,0,still,0
1946,159,1,1,270,13,1,2,0,9,0,1,4,5,0,0,0,6,6,6,15,9,15,0.2328,4,1,0,still,0
1947,21,2,1,180,20,0,2,0,25,0,0,25,0,0,0,0,0,0,0,25,25,25,0.5593,12,0,0,end_clear,1
1949,4,2,1,270,14,0,1,0,15,0,1,8,7,0,0,0,5,5,5,20,15,20,0.3606,7,1,0,still,0
1949,77,3,1,300,19,2,3,0,25,0,1,18,7,0,0,0,0,0,0,25,25,25,0.5480,12,1,0,end_cap,1
1950,76,3,1,120,18,1,4,0,26,0,1,16,10,0,0,0,0,0,0,26,26,26,0.5992,13,1,0,still,0
1951,5,2,1,180,14,1,2,0,17,0,1,9,8,0,0,0,4,4,4,21,17,21,0.4275,9,1,0,still,0
1951,33,3,0,-1,6,1,4,0,11,0,0,11,0,0,0,0,0,0,0,11,11,11,0.2996,6,0,0,pending,0
1951,40,1,1,300,15,0,2,0,16,0,1,8,8,0,0,1,3,3,3,19,17,20,0.4330,8,1,0,end_cap,1
1951,90,1,0,-1,21,2,4,0,24,0,0,24,0,0,0,1,0,0,0,24,25,25,0.5775,11,0,0,hop,1
1951,123,2,1,30,15,0,2,0,8,0,1,6,2,0,0,0,11,11,11,19,8,19,0.2996,7,1,0,still,0
1951,154,2,1,240,17,0,1,0,15,0,1,12,3,0,1,0,7,7,7,22,14,21,0.3440,9,1,0,still,0
1952,19,3,1,210,19,0,1,0,25,0,1,24,1,0,0,0,0,0,0,25,25,25,0.5359,13,0,1,still,0
1952,33,3,0,-1,6,1,4,0,11,0,0,11,0,0,0,0,0,0,0,11,11,11,0.2996,6,0,0,hop,1
1952,50,1,1,30,19,1,3,0,22,0,1,16,6,0,0,1,0,0,0,22,23,23,0.5460,9,1,0,still,0
1952,165,1,1,60,19,0,1,1,26,0,1,23,3,0,3,0,0,0,0,26,23,23,0.4574,11,1,0,still,0
1954,7,2,1,240,18,0,2,0,24,0,1,11,13,0,0,0,0,0,1,24,24,25,0.3886,8,1,0,still,0
1954,10,1,1,270,20,1,2,0,24,0,1,11,13,0,0,0,0,0,0,24,24,24,0.5375,9,1,0,still,0
1954,23,2,0,-1,16,1,2,0,23,0,0,23,0,0,0,1,0,0,0,23,24,24,0.5276,10,0,0,pending,0
1954,35,2,1,270,18,0,1,0,17,0,1,12,5,0,0,0,5,5,5,22,17,22,0.3709,7,1,0,still,0
1955,23,2,0,-1,16,1,2,0,23,0,0,23,0,0,0,1,0,0,0,23,24,24,0.5276,10,0,0,hop,1
1955,113,1,1,300,15,0,2,0,12,0,1,10,2,0,1,0,8,8,7,20,11,18,0.2640,6,1,0,end_cap,1
1955,170,2,1,210,17,0,4,0,24,0,1,15,9,0,0,0,0,0,0,24,24,24,0.5737,11,1,0,still,0
1956,13,2,1,240,19,1,2,0,25,0,1,12,13,0,0,1,0,0,0,25,26,26,0.4947,9,1,0,still,0
1957,130,1,1,150,17,1,3,0,20,0,1,15,5,0,0,0,2,2,2,22,20,22,0.5498,9,1,0,still,0
1957,139,1,1,30,19,0,2,0,26,0,1,13,13,0,2,0,0,0,0,26,24,24,0.5307,11,1,0,still,0
1957,145,1,1,120,14,1,2,0,14,0,1,10,4,0,1,0,6,6,5,20,13,18,0.3951,8,1,0,still,0
1957,172,1,0,-1,15,0,1,0,30,0,0,30,0,0,4,0,0,0,0,30,26,26,0.3718,10,0,0,pending,0
1958,66,1,0,-1,13,0,1,0,14,0,0,14,0,0,0,0,0,0,0,14,14,14,0.6280,9,0,0,pending,0
1958,161,2,0,-1,19,0,1,0,25,0,1,18,7,0,2,0,2,2,2,27,23,25,0.4789,10,1,0,start_jam,0
1958,169,1,1,30,17,1,2,0,21,0,1,10,11,0,0,0,0,0,0,21,21,21,0.5452,10,1,0,still,0
1958,172,1,0,-1,15,0,1,0,30,0,0,30,0,0,4,0,0,0,0,30,26,26,0.3718,10,0,0,hop,1
1958,182,1,1,30,20,1,2,0,27,0,1,12,15,0,2,0,0,0,0,27,25,25,0.4897,12,1,0,still,0
1959,12,2,1,270,17,0,1,0,24,0,1,10,14,0,0,0,0,0,0,24,24,24,0.4851,9,1,0,still,0
1959,15,1,1,300,16,2,3,0,20,0,1,13,7,0,0,0,2,2,2,22,20,22,0.5151,9,1,0,end_cap,1
1959,66,1,0,-1,13,0,1,0,14,0,0,14,0,0,0,0,0,0,0,14,14,14,0.6280,9,0,0,hop,1
1960,142,2,1,90,18,2,4,0,21,0,1,12,9,0,0,3,2,2,2,23,24,26,0.4728,9,1,0,still,0
1961,118,3,1,90,20,0,1,0,26,0,1,14,12,0,0,0,1,1,1,27,26,27,0.4500,12,1,0,still,0
1962,17,3,1,90,18,0,2,0,23,0,1,21,2,0,0,0,1,1,1,24,23,24,0.5358,12,1,0,still,0
1962,58,1,0,-1,15,0,1,0,21,0,0,21,0,0,0,1,0,0,0,21,22,22,0.5377,9,0,0,hop,1
1962,79,1,1,120,19,1,2,0,21,0,1,18,3,0,0,0,1,1,2,22,21,23,0.5948,10,1,0,still,0
1962,127,1,1,270,18,0,1,0,25,0,1,21,4,0,4,0,1,1,1,26,21,22,0.3505,9,1,0,still,0
1963,3,2,1,300,15,0,1,0,15,0,1,9,6,0,0,0,5,5,5,20,15,20,0.3582,6,1,0,end_cap,1
1963,68,2,1,150,15,1,2,0,14,0,1,11,3,0,0,0,6,6,6,20,14,20,0.2973,5,1,0,still,0
1964,115,2,1,300,15,0,2,0,19,0,1,10,9,0,1,0,4,4,4,23,18,22,0.3505,9,1,0,end_cap,1
1965,152,1,0,-1,2,0,2,1,3,0,0,3,0,0,1,0,0,0,0,3,2,2,0.1669,3,0,0,pending,0
1966,47,2,1,270,18,0,2,0,23,0,1,13,10,0,0,1,0,0,0,23,24,24,0.5193,11,1,0,still,0
1966,152,1,0,-1,2,0,2,1,3,0,0,3,0,0,1,0,0,0,0,3,2,2,0.1668,3,0,0,hop,1
1967,72,2,1,150,17,0,2,0,16,0,1,12,4,0,0,0,5,5,5,21,16,21,0.2732,5,1,0,still,0
1968,62,2,0,-1,20,1,4,0,26,0,0,26,0,0,0,0,0,0,0,26,26,26,0.7007,14,0,0,hop,1
1968,75,1,0,-1,1,1,4,0,1,0,0,1,0,0,0,0,0,0,0,1,1,1,0.0327,1,0,0,hop,1
1969,100,1,1,300,15,1,2,0,8,0,1,7,1,0,0,0,8,8,9,16,8,17,0.2955,4,1,0,end_cap,1
1969,119,1,0,-1,20,1,2,0,25,0,1,14,11,0,2,0,1,1,0,26,23,23,0.4710,10,1,0,start_jam,0
1969,194,1,1,60,19,0,2,1,26,0,1,14,12,0,2,0,1,1,0,27,24,24,0.3799,10,1,0,still,0
1972,6,2,1,180,15,1,2,0,22,0,1,10,12,0,0,0,2,2,2,24,22,24,0.3881,8,1,0,still,0
1972,157,2,1,90,17,0,3,0,19,0,1,14,5,0,0,0,3,3,3,22,19,22,0.2695,6,1,0,still,0
1973,117,3,1,180,17,0,1,0,24,0,1,11,13,0,0,0,2,2,1,26,24,25,0.3498,9,1,0,still,0
1974,54,2,1,90,20,1,2,0,24,0,0,24,0,0,0,0,0,0,0,24,24,24,0.5750,12,0,0,end_clear,1
1974,86,1,0,-1,16,0,2,0,23,0,0,23,0,0,0,0,0,0,0,23,23,23,0.5380,9,0,0,pending,0
1974,158,1,1,180,17,2,3,0,17,0,1,12,5,0,2,0,3,3,3,20,15,18,0.2592,5,1,0,still,0
1975,86,1,0,-1,16,0,2,0,23,0,0,23,0,0,0,1,0,0,0,23,24,24,0.5380,9,0,0,hop,1
1975,199,1,1,270,17,1,3,0,19,0,1,13,6,0,2,0,4,4,4,23,17,21,0.3192,7,1,0,still,0
1976,159,1,1,300,13,1,2,0,9,0,1,7,2,0,0,0,6,6,6,15,9,15,0.2328,4,1,0,end_cap,1
1979,4,2,1,300,14,0,1,0,18,0,1,9,9,0,0,0,2,2,2,20,18,20,0.3951,8,1,0,end_cap,1
1980,76,3,1,150,18,1,4,0,22,0,1,16,6,0,0,0,3,3,3,25,22,25,0.5209,12,1,0,still,0
1981,5,2,1,210,14,0,1,0,20,0,1,9,11,0,0,0,1,1,1,21,20,21,0.4286,9,1,0,still,0
1981,123,2,1,60,15,0,2,0,14,0,1,10,4,0,0,0,5,5,5,19,14,19,0.2996,7,1,0,still,0
1981,154,2,1,270,17,0,1,0,21,0,1,16,5,0,1,0,1,1,1,22,20,21,0.3176,8,1,0,still,0
1982,19,3,1,240,19,0,1,0,25,0,1,25,0,0,0,0,0,0,0,25,25,25,0.5358,13,0,0,still,0
1982,50,1,1,60,20,0,1,0,20,0,1,17,3,0,0,2,2,2,2,22,22,24,0.5461,9,1,0,still,0
1982,165,1,1,90,19,0,1,1,26,0,0,24,2,0,3,0,0,0,0,26,23,23,0.4036,10,0,0,end_clear,1
1983,65,1,0,-1,19,0,6,0,22,0,0,22,0,0,0,0,0,0,0,22,22,22,0.6146,11,0,0,pending,0
1984,7,2,1,270,18,0,2,0,23,0,1,11,12,0,0,1,1,1,1,24,24,25,0.3885,8,1,0,still,0
1984,10,1,1,300,20,1,2,0,23,0,1,11,12,0,0,0,1,1,1,24,23,24,0.5375,9,1,0,end_cap,1
1984,35,2,1,300,18,0,1,0,22,0,1,17,5,0,0,0,0,0,0,22,22,22,0.3091,6,1,0,end_cap,1
1984,65,1,0,-1,19,0,6,0,22,0,0,22,0,0,0,0,0,0,0,22,22,22,0.6147,11,0,0,hop,1
1985,144,2,0,-1,6,1,4,0,7,0,0,7,0,0,0,0,0,0,0,7,7,7,0.2931,6,0,0,pending,0
1985,170,2,1,240,17,0,4,0,22,0,1,16,6,0,0,0,1,1,1,23,22,23,0.5729,11,1,0,still,0
1986,13,2,1,270,19,1,2,0,23,0,1,12,11,0,0,1,1,1,1,24,24,25,0.4947,9,1,0,still,0
1986,144,2,0,-1,6,1,4,0,7,0,0,7,0,0,0,0,0,0,0,7,7,7,0.2931,6,0,0,hop,1
1987,130,1,1,180,17,1,3,0,20,0,1,15,5,0,0,0,1,1,1,21,20,21,0.4692,8,1,0,still,0
1987,139,1,1,60,19,0,2,0,25,0,1,13,12,0,2,0,1,1,1,26,23,24,0.4717,10,1,0,still,0
1987,145,1,1,150,14,1,2,0,20,0,1,14,6,0,2,0,0,0,0,20,18,18,0.3961,8,1,0,still,0
1988,108,1,0,-1,11,2,3,0,14,0,0,14,0,0,1,0,0,0,0,14,13,13,0.6660,10,0,0,pending,0
1988,161,2,1,30,19,0,1,0,26,0,1,21,5,0,2,0,1,1,1,27,24,25,0.4789,10,1,0,still,0
1988,169,1,1,60,17,1,2,0,18,0,1,11,7,0,0,1,2,2,2,20,19,21,0.5100,9,1,0,still,0
1988,182,1,1,60,20,1,2,0,25,0,1,13,12,0,2,0,2,2,2,27,23,25,0.4897,12,1,0,still,0
1989,12,2,1,300,17,0,1,0,22,0,1,11,11,0,0,0,2,2,2,24,22,24,0.4853,9,1,0,end_cap,1
1989,108,1,0,-1,11,2,3,0,14,0,0,14,0,0,1,0,0,0,0,14,13,13,0.6660,10,0,0,hop,1
1990,107,2,0,-1,15,2,3,0,16,0,0,16,0,0,0,0,0,0,0,16,16,16,0.5907,11,0,0,pending,0
1990,142,2,1,120,18,2,4,0,19,0,1,12,7,0,0,3,2,2,2,21,22,24,0.4734,9,1,0,still,0
1991,107,2,0,-1,15,2,3,0,16,0,0,16,0,0,0,0,0,0,0,16,16,16,0.5907,11,0,0,hop,1
1991,118,3,1,120,20,0,1,0,25,0,1,15,10,0,0,0,2,2,2,27,25,27,0.4501,12,1,0,still,0
1992,17,3,1,120,17,1,2,0,23,0,1,22,1,0,0,0,0,0,0,23,23,23,0.5359,12,0,1,still,0
1992,79,1,1,150,19,0,1,0,22,0,1,20,2,0,0,1,0,0,0,22,23,23,0.5968,10,1,0,still,0
1992,127,1,1,300,18,0,1,1,26,0,1,23,3,0,4,0,0,0,0,26,22,22,0.3505,9,0,0,end_cap,1
1993,68,2,1,180,15,1,2,0,17,0,1,14,3,0,0,0,3,3,3,20,17,20,0.2973,5,0,0,still,0
1993,85,1,0,-1,16,1,2,0,21,0,0,21,0,0,0,1,0,0,0,21,22,22,0.5697,10,0,0,pending,0
1994,85,1,0,-1,16,1,2,0,21,0,0,21,0,0,0,1,0,0,0,21,22,22,0.5697,10,0,0,hop,1
1996,47,2,1,300,18,0,2,0,21,0,1,13,8,0,0,1,2,2,2,23,22,24,0.5203,11,1,0,end_cap,1
1997,72,2,1,180,17,0,2,0,17,0,1,14,3,0,0,0,4,4,4,21,17,21,0.2746,5,0,1,still,0
1998,49,2,0,-1,20,0,3,0,23,0,1,20,3,0,0,0,1,1,1,24,23,24,0.5606,10,1,0,start_jam,0
1998,89,1,0,-1,18,0,2,0,24,0,0,24,0,0,0,0,0,0,0,24,24,24,0.6088,11,0,0,pending,0
1999,89,1,0,-1,18,0,2,0,24,0,0,24,0,0,0,0,0,0,0,24,24,24,0.6088,11,0,0,hop,1
1999,119,1,1,30,20,1,2,0,25,0,1,16,9,0,3,0,1,1,1,26,22,23,0.4710,10,1,0,still,0
1999,194,1,1,90,20,0,2,1,26,0,1,16,10,0,3,0,1,1,1,27,23,24,0.4342,11,1,0,still,0
2000,195,1,0,-1,17,1,2,0,21,0,1,18,3,0,2,0,2,2,2,23,19,21,0.4028,11,1,0,start_jam,0
2001,149,1,0,-1,19,0,1,0,26,0,1,14,12,0,2,0,0,0,0,26,24,24,0.4112,9,1,0,start_jam,0
2002,6,2,1,210,15,1,2,0,23,0,1,12,11,0,0,0,1,1,1,24,23,24,0.3917,8,1,0,still,0
2002,157,2,1,120,17,0,3,0,20,0,1,15,5,0,0,0,2,2,2,22,20,22,0.2695,6,0,1,still,0
2003,117,3,1,210,17,0,1,0,27,0,1,14,13,0,1,0,0,0,0,27,26,26,0.3498,9,1,0,still,0
2004,133,2,0,-1,8,4,5,0,14,0,0,14,0,0,2,0,0,0,0,14,12,12,0.3881,7,0,0,pending,0
2004,158,1,1,210,17,2,3,0,15,0,1,13,2,0,1,0,5,5,4,20,14,18,0.2592,5,0,1,still,0
2005,26,3,0,-1,18,1,2,0,26,0,0,26,0,0,0,1,0,0,0,26,27,27,0.5953,13,0,0,pending,0
2005,133,2,0,-1,8,4,5,0,14,0,0,14,0,0,2,0,0,0,0,14,12,12,0.3882,7,0,0,hop,1
2005,199,1,1,300,17,1,3,0,16,0,1,13,3,0,0,0,6,6,5,22,16,21,0.3192,7,1,0,end_cap,1
2006,26,3,0,-1,18,1,2,0,26,0,0,26,0,0,0,1,0,0,0,26,27,27,0.5953,13,0,0,hop,1
2010,76,3,1,180,18,1,4,0,23,0,1,17,6,0,0,0,2,2,2,25,23,25,0.5219,12,1,0,still,0
2011,5,2,1,240,14,1,2,0,20,0,1,11,9,0,0,0,1,1,1,21,20,21,0.4272,9,1,0,still,0
2011,123,2,1,90,15,0,2,0,15,0,1,11,4,0,0,0,4,4,4,19,15,19,0.2996,7,1,0,still,0
2011,154,2,1,300,17,0,1,0,20,0,1,16,4,0,1,0,2,2,2,22,19,21,0.3176,8,1,0,end_cap,1
2012,19,3,1,270,19,0,1,0,25,0,0,25,0,0,0,0,0,0,0,25,25,25,0.5359,13,0,0,end_clear,1
2012,50,1,1,90,20,1,2,0,22,0,1,20,2,0,0,2,0,0,0,22,24,24,0.5461,9,1,0,still,0
2014,7,2,1,300,18,0,2,0,25,0,1,14,11,0,0,0,0,0,0,25,25,25,0.4208,9,1,0,end_cap,1
2015,16,1,0,-1,19,0,1,0,22,0,1,20,2,0,0,0,0,0,0,22,22,22,0.6266,10,1,0,start_jam,0
2015,170,2,1,270,17,0,4,0,21,0,1,16,5,0,0,0,2,2,2,23,21,23,0.5725,11,1,0,still,0
2016,13,2,1,300,19,1,2,0,22,0,1,11,11,0,0,1,2,2,2,24,23,25,0.4947,9,1,0,end_cap,1
2016,126,2,0,-1,19,0,1,1,26,0,1,23,3,0,2,0,0,0,0,26,24,24,0.4518,12,0,0,start_jam,0
2017,130,1,1,210,17,1,3,0,20,0,1,15,5,0,0,0,2,2,2,22,20,22,0.5773,9,1,0,still,0
2017,139,1,1,90,19,0,2,0,23,0,1,14,9,0,2,0,2,2,2,25,21,23,0.4717,10,1,0,still,0
2017,145,1,1,180,14,1,2,0,19,0,1,15,4,0,2,0,1,1,1,20,17,18,0.3961,8,1,0,still,0
2018,111,1,0,-1,0,0,4,1,0,0,0,0,0,0,0,0,0,0,0,0,0,0,0.0000,0,0,0,pending,0
2018,161,2,1,60,19,0,1,0,27,0,1,20,7,0,2,0,0,0,0,27,25,25,0.4789,10,1,0,still,0
2018,169,1,1,90,17,1,2,0,18,0,1,8,10,0,0,1,1,1,1,19,19,20,0.5108,9,1,0,still,0
2018,182,1,1,90,20,1,2,0,25,0,1,14,11,0,2,0,1,1,1,26,23,24,0.4896,12,1,0,still,0
2019,111,1,0,-1,0,0,4,1,0,0,0,0,0,0,0,0,0,0,0,0,0,0,0.0000,0,0,0,hop,1
2019,168,1,0,-1,18,0,1,0,28,0,0,28,0,0,4,0,0,0,0,28,24,24,0.3740,10,0,0,pending,0
2019,188,1,0,-1,16,1,2,0,20,0,1,17,3,0,2,0,2,2,2,22,18,20,0.3523,9,1,0,start_jam,0
2020,142,2,1,150,18,2,4,0,20,0,1,11,9,0,0,3,1,1,1,21,23,24,0.4735,9,1,0,still,0
2020,168,1,0,-1,18,0,1,0,28,0,0,28,0,0,4,0,0,0,0,28,24,24,0.3740,10,0,0,hop,1
2021,118,3,1,150,20,0,1,0,26,0,1,15,11,0,0,0,1,1,1,27,26,27,0.4501,12,1,0,still,0
2021,135,1,0,-1,17,0,1,0,28,0,0,28,0,0,4,0,0,0,0,28,24,24,0.3710,10,0,0,pending,0
2022,17,3,1,150,17,1,2,0,24,0,0,24,0,0,0,0,0,0,0,24,24,24,0.5356,12,0,0,end_clear,1
2022,55,2,0,-1,20,0,1,0,25,0,0,25,0,0,0,0,0,0,0,25,25,25,0.5734,13,0,0,pending,0
2022,79,1,1,180,19,0,2,0,22,0,1,22,0,0,0,1,0,0,0,22,23,23,0.5975,10,0,0,still,0
2022,135,1,0,-1,17,0,1,0,28,0,0,28,0,0,4,0,0,0,0,28,24,24,0.3710,10,0,0,hop,1
2023,55,2,0,-1,20,0,1,0,25,0,0,25,0,0,0,0,0,0,0,25,25,25,0.5734,13,0,0,hop,1
2023,68,2,1,210,15,1,2,0,18,0,1,13,5,0,0,0,1,1,1,19,18,19,0.2973,5,0,0,still,0
2025,146,2,0,-1,13,1,2,0,21,0,1,15,6,0,2,0,1,1,1,22,19,20,0.3496,9,1,0,start_jam,0
2026,91,2,0,-1,21,3,6,0,24,0,0,24,0,0,0,0,0,0,0,24,24,24,0.6311,14,0,0,hop,1
2027,72,2,1,210,17,0,2,0,19,0,1,12,7,0,0,0,2,2,2,21,19,21,0.2749,5,0,1,still,0
2027,189,1,0,-1,14,0,2,0,20,0,1,15,5,0,3,0,2,2,2,22,17,19,0.4154,10,1,0,start_jam,0
2028,49,2,1,30,20,0,3,0,24,0,1,20,4,0,0,0,0,0,0,24,24,24,0.5588,10,1,0,still,0
2029,9,1,0,-1,20,0,1,0,24,0,1,13,11,0,0,0,0,0,0,24,24,24,0.4695,9,1,0,start_jam,0
2029,119,1,1,60,20,1,2,0,26,0,1,15,11,0,3,0,1,1,1,27,23,24,0.4710,10,1,0,still,0
2029,194,1,1,120,20,0,2,1,27,0,1,15,12,0,3,0,0,0,0,27,24,24,0.3800,10,1,0,still,0
2030,195,1,1,30,17,1,2,0,20,0,1,13,7,0,1,0,2,2,2,22,19,21,0.4026,11,1,0,still,0
2031,131,1,0,-1,15,0,1,0,28,0,0,28,0,0,5,0,0,0,0,28,23,23,0.3732,10,0,0,hop,1
2031,149,1,1,30,19,0,1,0,26,0,1,15,11,0,2,0,0,0,0,26,24,24,0.3819,8,0,1,still,0
2032,6,2,1,240,15,1,2,0,24,0,1,14,10,0,0,0,1,1,1,25,24,25,0.3956,8,1,0,still,0
2032,28,2,0,-1,19,1,2,0,25,0,0,25,0,0,0,0,0,0,0,25,25,25,0.6215,13,0,0,pending,0
2032,153,1,0,-1,17,0,2,0,19,0,1,12,7,0,1,0,2,2,2,21,18,20,0.3495,8,1,0,start_jam,0
2032,157,2,1,150,17,0,3,0,20,0,1,13,7,0,0,0,2,2,2,22,20,22,0.2697,6,1,0,still,0
2033,14,1,0,-1,21,0,2,1,20,0,1,10,10,0,0,2,1,1,1,21,22,23,0.5171,9,1,0,start_jam,0
2033,28,2,0,-1,19,1,2,0,25,0,0,25,0,0,0,0,0,0,0,25,25,25,0.6216,13,0,0,hop,1
2033,117,3,1,240,17,0,1,0,27,0,1,14,13,0,1,0,0,0,0,27,26,26,0.3748,10,1,0,still,0
2034,158,1,1,240,17,2,3,0,17,0,1,11,6,0,1,0,3,3,2,20,16,18,0.2589,5,0,1,still,0
2040,31,2,0,-1,20,1,6,0,24,0,0,24,0,0,0,0,0,0,0,24,24,24,0.6595,13,0,0,hop,1
2040,76,3,1,210,17,1,4,0,24,0,1,17,7,0,0,0,1,1,1,25,24,25,0.5247,12,1,0,still,0
2041,5,2,1,270,14,1,2,0,21,0,1,12,9,0,0,0,1,1,1,22,21,22,0.4283,9,1,0,still,0
2041,123,2,1,120,15,0,2,0,16,0,1,10,6,0,0,0,3,3,3,19,16,19,0.2996,7,1,0,still,0
2042,50,1,1,120,20,1,2,0,22,0,1,19,3,0,0,2,0,0,0,22,24,24,0.5466,9,1,0,still,0
2044,132,1,0,-1,17,0,2,0,19,0,0,19,0,0,0,0,0,0,0,19,19,19,0.5900,10,0,0,pending,0
2045,16,1,1,30,19,0,1,0,22,0,1,20,2,0,0,0,0,0,0,22,22,22,0.5909,9,1,0,still,0
2045,132,1,0,-1,17,0,2,0,19,0,0,19,0,0,0,0,0,0,0,19,19,19,0.5900,10,0,0,hop,1
2045,140,1,0,-1,18,0,2,1,22,0,1,11,11,0,2,0,1,1,1,23,20,21,0.4424,9,1,0,start_jam,0
2045,170,2,1,300,17,0,2,0,22,0,1,16,6,0,0,0,1,1,1,23,22,23,0.5718,11,1,0,end_cap,1
2046,126,2,1,30,19,0,1,0,26,0,1,24,2,0,2,0,0,0,0,26,24,24,0.4518,12,0,0,still,0
2046,183,1,0,-1,19,1,2,0,22,0,1,12,10,0,2,0,2,2,2,24,20,22,0.4625,11,1,0,start_jam,0
2047,1,2,0,-1,15,0,2,0,19,0,1,12,7,0,0,0,1,1,1,20,19,20,0.2968,5,1,0,start_jam,0
2047,130,1,1,240,17,1,3,0,20,0,1,16,4,0,0,0,2,2,2,22,20,22,0.5765,9,1,0,still,0
2047,139,1,1,120,19,0,2,0,24,0,1,13,11,0,2,0,1,1,1,25,22,23,0.5012,11,1,0,still,0
2047,145,1,1,210,14,1,2,0,19,0,1,13,6,0,2,0,1,1,1,20,17,18,0.3961,8,1,0,still,0
2048,161,2,1,90,19,0,1,0,26,0,1,21,5,0,2,0,1,1,1,27,24,25,0.4789,10,1,0,still,0
2048,169,1,1,120,17,1,2,0,17,0,1,10,7,0,0,1,2,2,2,19,18,20,0.5124,9,1,0,still,0
2048,182,1,1,120,20,1,2,0,25,0,1,13,12,0,2,0,1,1,1,26,23,24,0.4896,12,1,0,still,0
2049,188,1,1,30,16,1,2,0,20,0,1,14,6,0,2,0,2,2,2,22,18,20,0.3521,9,1,0,still,0
2050,40,1,0,-1,15,0,2,0,19,0,1,10,9,0,0,1,1,1,1,20,20,21,0.4331,8,1,0,start_jam,0
2050,88,1,0,-1,17,0,1,0,22,0,0,22,0,0,0,1,0,0,0,22,23,23,0.6085,11,0,0,pending,0
2050,142,2,1,180,18,1,2,0,20,0,1,14,6,0,0,2,2,2,2,22,22,24,0.6330,11,1,0,still,0
2051,88,1,0,-1,17,0,1,0,22,0,0,22,0,0,0,1,0,0,0,22,23,23,0.6085,11,0,0,hop,1
2051,118,3,1,180,20,0,1,0,25,0,1,12,13,0,0,0,1,1,1,26,25,26,0.4502,12,1,0,still,0
2051,136,2,0,-1,6,0,5,1,10,0,0,10,0,0,1,0,0,0,0,10,9,9,0.3532,7,0,0,pending,0
2052,79,1,1,210,18,2,3,0,22,0,0,22,0,0,0,1,0,0,0,22,23,23,0.5975,10,0,0,end_clear,1
2052,136,2,0,-1,6,0,5,1,10,0,0,10,0,0,1,0,0,0,0,10,9,9,0.3532,7,0,0,hop,1
2053,68,2,1,240,15,1,2,0,19,0,1,9,10,0,0,0,1,1,1,20,19,20,0.2973,5,0,1,still,0
2055,146,2,1,30,13,1,2,0,22,0,1,14,8,0,2,0,1,1,1,23,20,21,0.3496,9,1,0,still,0
2057,72,2,1,240,17,0,2,0,17,0,1,8,9,0,0,0,4,4,4,21,17,21,0.2749,5,1,0,still,0
2057,189,1,1,30,14,0,2,0,20,0,1,13,7,0,3,0,2,2,2,22,17,19,0.4152,10,1,0,still,0
2058,49,2,1,60,20,0,3,0,23,0,1,21,2,0,0,0,1,1,1,24,23,24,0.5564,10,0,1,still,0
2058,84,1,0,-1,18,0,3,0,23,0,0,23,0,0,0,0,0,0,0,23,23,23,0.5456,10,0,0,pending,0
2059,9,1,1,30,19,0,1,0,24,0,1,11,13,0,0,0,0,0,0,24,24,24,0.4694,9,1,0,still,0
2059,84,1,0,-1,18,0,3,0,23,0,0,23,0,0,0,0,0,0,0,23,23,23,0.5448,10,0,0,hop,1
2059,119,1,1,90,19,0,2,0,24,0,1,12,12,0,2,0,2,2,1,26,22,23,0.4711,10,1,0,still,0
2059,194,1,1,150,20,1,2,0,25,0,1,12,13,0,2,0,2,2,1,27,23,24,0.3801,10,1,0,still,0
2060,152,1,0,-1,2,0,2,1,3,0,0,3,0,0,1,0,0,0,0,3,2,2,0.1616,3,0,0,pending,0
2060,195,1,1,60,17,1,2,0,19,0,1,11,8,0,1,0,3,3,3,22,18,21,0.4028,11,1,0,still,0
2061,8,2,0,-1,18,0,1,0,25,0,1,11,14,0,0,0,1,1,1,26,25,26,0.4476,10,1,0,start_jam,0
2061,138,3,0,-1,17,0,8,0,20,0,0,20,0,0,0,0,0,0,0,20,20,20,0.6922,16,0,0,pending,0
2061,149,1,1,60,19,0,1,0,25,0,1,12,13,0,2,0,1,1,1,26,23,24,0.3819,8,1,0,still,0
2061,152,1,0,-1,3,0,2,1,3,0,0,3,0,0,0,0,0,0,0,3,3,3,0.1847,3,0,0,hop,1
2062,6,2,1,270,15,1,2,0,22,0,1,10,12,0,0,0,2,2,2,24,22,24,0.3936,8,1,0,still,0
2062,138,3,0,-1,17,0,8,0,20,0,0,20,0,0,0,0,0,0,0,20,20,20,0.6922,16,0,0,hop,1
2062,153,1,1,30,17,0,2,0,16,0,1,10,6,0,1,0,5,5,5,21,15,20,0.3496,8,1,0,still,0
2062,157,2,1,180,17,0,3,0,16,0,1,10,6,0,0,0,6,6,6,22,16,22,0.2698,6,1,0,still,0
2063,14,1,1,30,21,0,2,1,19,0,1,10,9,0,0,2,2,2,2,21,21,23,0.5171,9,1,0,still,0
2063,83,1,0,-1,18,2,3,0,24,0,0,24,0,0,0,0,0,0,0,24,24,24,0.5854,11,0,0,pending,0
2063,117,3,1,270,17,0,1,0,26,0,1,12,14,0,1,0,1,1,1,27,25,26,0.3748,10,1,0,still,0
2064,83,1,0,-1,18,2,3,0,24,0,0,24,0,0,0,0,0,0,0,24,24,24,0.5853,11,0,0,hop,1
2064,158,1,1,270,17,2,3,0,12,0,1,9,3,0,1,0,8,8,7,20,11,18,0.2590,5,1,0,still,0
2066,2,1,0,-1,16,0,1,0,15,0,1,9,6,0,0,0,5,5,5,20,15,20,0.3275,5,1,0,start_jam,0
2069,103,1,0,-1,4,0,1,1,4,0,0,4,0,0,0,0,0,0,0,4,4,4,0.1647,3,0,0,hop,1
2070,76,3,1,240,17,1,2,0,23,0,1,19,4,0,0,0,2,2,2,25,23,25,0.5307,12,1,0,still,0
2070,166,2,0,-1,20,0,1,0,28,0,0,28,0,0,1,0,0,0,0,28,27,27,0.4238,12,0,0,hop,1
2071,5,2,1,300,14,1,2,0,20,0,1,10,10,0,0,0,2,2,2,22,20,22,0.4281,9,1,0,end_cap,1
2071,66,1,0,-1,13,0,1,0,14,0,0,14,0,0,0,0,0,0,0,14,14,14,0.6207,9,0,0,pending,0
2071,123,2,1,150,15,0,2,0,11,0,1,9,2,0,0,0,8,8,8,19,11,19,0.2996,7,1,0,still,0
2072,50,1,1,150,19,1,2,0,20,0,1,19,1,0,0,2,1,1,1,21,22,23,0.5440,9,0,1,still,0
2072,66,1,0,-1,13,0,1,0,14,0,0,14,0,0,0,0,0,0,0,14,14,14,0.6208,9,0,0,hop,1
2073,113,1,0,-1,15,0,2,0,18,0,1,12,6,0,2,0,3,3,4,21,16,20,0.2640,6,1,0,start_jam,0
2075,16,1,1,60,19,0,1,0,21,0,1,21,0,0,0,0,1,1,1,22,21,22,0.5888,9,0,0,still,0
2075,140,1,1,30,18,0,2,1,21,0,1,13,8,0,2,0,2,2,2,23,19,21,0.4424,9,1,0,still,0
2076,126,2,1,60,19,0,1,0,27,0,0,26,1,0,2,0,0,0,0,27,25,25,0.4518,12,0,0,end_clear,1
2076,183,1,1,30,19,1,2,0,23,0,1,14,9,0,2,0,1,1,1,24,21,22,0.4625,11,1,0,still,0
2077,1,2,1,30,15,0,2,0,15,0,1,9,6,0,0,0,5,5,5,20,15,20,0.2968,5,1,0,still,0
2077,130,1,1,270,17,1,3,0,20,0,1,17,3,0,0,0,1,1,1,21,20,21,0.5759,9,1,0,still,0
2077,139,1,1,150,19,0,2,0,24,0,1,14,10,0,2,0,1,1,1,25,22,23,0.5012,11,1,0,still,0
2077,145,1,1,240,14,1,2,0,19,0,1,12,7,0,2,0,2,2,2,21,17,19,0.3961,8,1,0,still,0
2078,161,2,1,120,19,0,1,0,27,0,1,23,4,0,2,0,0,0,0,27,25,25,0.4285,9,0,0,still,0
2078,169,1,1,150,19,1,2,0,20,0,1,14,6,0,0,1,1,1,1,21,21,22,0.5935,11,1,0,still,0
2078,182,1,1,150,20,1,2,0,25,0,1,14,11,0,2,0,1,1,1,26,23,24,0.4895,12,1,0,still,0
2079,188,1,1,60,16,1,2,0,18,0,1,11,7,0,2,0,4,4,4,22,16,20,0.3521,9,1,0,still,0
2080,33,3,0,-1,7,3,6,0,11,0,0,11,0,0,0,0,0,0,0,11,11,11,0.2996,6,0,0,pending,0
2080,40,1,1,30,15,0,2,0,18,0,1,9,9,0,0,1,2,2,2,20,19,21,0.4322,8,1,0,still,0
2080,57,1,0,-1,19,1,3,0,25,0,0,25,0,0,0,0,0,0,0,25,25,25,0.5902,11,0,0,hop,1
2080,142,2,1,210,18,1,2,0,20,0,1,15,5,0,0,2,1,1,1,21,22,23,0.6357,11,1,0,still,0
2081,3,2,0,-1,15,0,1,0,18,0,1,12,6,0,0,0,3,3,3,21,18,21,0.3621,6,1,0,start_jam,0
2081,33,3,0,-1,7,3,6,0,12,0,0,12,0,0,0,0,0,0,0,12,12,12,0.2996,6,0,0,hop,1
2081,34,1,0,-1,4,0,1,1,5,0,0,5,0,0,0,0,0,0,0,5,5,5,0.2217,4,0,0,hop,1
2081,118,3,1,210,20,0,1,0,26,0,1,13,13,0,0,0,1,1,1,27,26,27,0.4503,12,1,0,still,0
2083,68,2,1,270,15,1,2,0,13,0,1,7,6,0,0,0,7,7,7,20,13,20,0.2973,5,1,0,still,0
2083,86,1,0,-1,16,0,2,0,20,0,0,20,0,0,0,1,0,0,0,20,21,21,0.5374,9,0,0,pending,0
2084,86,1,0,-1,16,0,2,0,20,0,0,20,0,0,0,1,0,0,0,20,21,21,0.5374,9,0,0,hop,1
2085,114,1,0,-1,15,0,1,0,18,0,1,11,7,0,1,0,2,2,2,20,17,19,0.3520,7,1,0,start_jam,0
2085,146,2,1,60,14,1,2,0,22,0,1,13,9,0,1,0,2,2,2,24,21,23,0.3496,9,1,0,still,0
2087,72,2,1,270,17,0,2,0,12,0,1,5,7,0,0,0,9,9,9,21,12,21,0.2749,5,1,0,still,0
2087,189,1,1,60,14,0,2,0,20,0,1,10,10,0,3,0,3,3,3,23,17,20,0.4152,10,1,0,still,0
2088,49,2,1,90,19,0,3,0,25,0,1,23,2,0,0,0,0,0,0,25,25,25,0.5560,10,0,1,still,0
2089,9,1,1,60,19,0,1,0,23,0,1,10,13,0,0,0,0,0,0,23,23,23,0.4694,9,1,0,still,0
2089,119,1,1,120,19,0,2,0,24,0,1,12,12,0,2,0,2,2,1,26,22,23,0.4711,10,1,0,still,0
2089,194,1,1,180,20,1,2,0,25,0,1,12,13,0,2,0,2,2,1,27,23,24,0.3801,10,1,0,still,0
2090,195,1,1,90,17,1,2,0,16,0,1,7,9,0,1,0,6,6,6,22,15,21,0.4028,11,1,0,still,0
2091,8,2,1,30,18,0,1,0,24,0,1,10,14,0,0,0,1,1,1,25,24,25,0.4485,10,1,0,still,0
2091,149,1,1,90,19,0,1,0,23,0,1,11,12,0,1,0,2,2,1,25,22,23,0.4113,9,1,0,still,0
2092,6,2,1,300,15,1,2,0,20,0,1,9,11,0,0,0,3,3,3,23,20,23,0.3942,8,1,0,end_cap,1
2092,153,1,1,60,17,0,2,0,16,0,1,9,7,0,1,0,6,6,6,22,15,21,0.3496,8,1,0,still,0
2092,157,2,1,210,17,0,3,0,14,0,1,8,6,0,0,0,8,8,8,22,14,22,0.2698,6,1,0,still,0
2093,14,1,1,60,19,0,2,1,19,0,1,10,9,0,0,2,1,1,1,20,21,22,0.5171,9,1,0,still,0
2093,101,3,0,-1,3,2,3,0,3,0,0,3,0,0,0,0,0,0,0,3,3,3,0.0880,3,0,0,pending,0
2093,117,3,1,300,17,0,1,0,25,0,1,11,14,0,1,0,1,1,1,26,24,25,0.3748,10,1,0,end_cap,1
2094,101,3,0,-1,3,2,3,0,3,0,0,3,0,0,0,0,0,0,0,3,3,3,0.0880,3,0,0,hop,1
2094,158,1,1,300,17,2,3,0,11,0,1,6,5,0,1,0,9,9,8,20,10,18,0.2590,5,1,0,end_cap,1
2095,11,1,0,-1,18,0,1,0,18,0,1,9,9,0,1,0,5,5,5,23,17,22,0.6055,10,1,0,start_jam,0
2096,2,1,1,30,16,0,1,0,18,0,1,10,8,0,0,0,3,3,3,21,18,21,0.3277,5,1,0,still,0
2099,44,1,0,-1,19,0,2,0,20,0,1,9,11,0,1,0,4,4,4,24,19,23,0.5184,9,1,0,start_jam,0
2099,87,1,0,-1,16,1,2,0,22,0,0,22,0,0,0,1,0,0,0,22,23,23,0.6300,11,0,0,pending,0
2100,73,2,0,-1,6,1,2,0,7,0,0,7,0,0,1,0,0,0,0,7,6,6,0.2856,6,0,0,hop,1
2100,76,3,1,270,17,1,2,0,21,0,1,21,0,0,0,0,5,5,5,26,21,26,0.5310,12,1,0,still,0
2100,87,1,0,-1,16,1,2,0,22,0,0,22,0,0,0,1,0,0,0,22,23,23,0.6301,11,0,0,hop,1
2100,144,2,0,-1,5,0,2,1,6,0,0,6,0,0,0,0,0,0,0,6,6,6,0.2299,5,0,0,pending,0
2101,29,2,0,-1,19,7,8,0,22,0,0,22,0,0,0,0,0,0,0,22,22,22,0.6104,12,0,0,hop,1
2101,123,2,1,180,15,0,2,0,12,0,1,7,5,0,0,0,7,7,7,19,12,19,0.2997,7,1,0,still,0
2101,144,2,0,-1,5,0,2,1,6,0,0,6,0,0,0,0,0,0,0,6,6,6,0.2298,5,0,0,hop,1
2102,50,1,1,180,19,1,2,0,21,0,1,21,0,0,0,2,1,1,1,22,23,24,0.5797,9,0,1,still,0
2102,85,1,0,-1,16,1,2,0,20,0,0,20,0,0,0,1,0,0,0,20,21,21,0.5693,10,0,0,hop,1
2103,113,1,1,30,15,0,2,0,20,0,1,10,10,0,2,1,0,0,0,20,19,19,0.2640,6,1,0,still,0
2105,16,1,1,90,19,0,1,0,24,0,0,24,0,0,0,0,0,0,0,24,24,24,0.5888,9,0,0,end_clear,1
2105,140,1,1,60,18,0,2,1,19,0,1,15,4,0,2,0,4,4,4,23,17,21,0.4430,9,1,0,still,0
2106,62,2,0,-1,18,6,8,0,22,0,0,22,0,0,1,0,0,0,0,22,21,21,0.6040,12,0,0,pending,0
2106,100,1,0,-1,15,1,2,0,11,0,1,5,6,0,0,1,5,5,5,16,12,17,0.2955,4,1,0,start_jam,0
2106,183,1,1,60,19,1,2,0,22,0,1,15,7,0,2,0,2,2,2,24,20,22,0.4631,11,1,0,still,0
2107,1,2,1,60,15,0,2,0,19,0,1,9,10,0,0,0,2,2,2,21,19,21,0.2968,5,1,0,still,0
2107,62,2,0,-1,18,6,8,0,22,0,0,22,0,0,1,0,0,0,0,22,21,21,0.6042,12,0,0,hop,1
2107,90,1,0,-1,18,4,8,0,21,0,0,21,0,0,0,1,0,0,0,21,22,22,0.6211,11,0,0,pending,0
2107,130,1,1,300,17,1,3,0,21,0,1,19,2,0,0,0,1,1,1,22,21,22,0.5768,9,1,0,end_cap,0
2107,139,1,1,180,19,0,2,0,24,0,1,15,9,0,2,0,1,1,1,25,22,23,0.4717,10,1,0,still,0
2107,145,1,1,270,14,1,2,0,21,0,1,10,11,0,2,0,0,0,0,21,19,19,0.3960,8,1,0,still,0
2108,90,1,0,-1,18,4,7,0,21,0,0,21,0,0,0,1,0,0,0,21,22,22,0.6211,11,0,0,hop,1
2108,161,2,1,150,19,0,1,0,29,0,1,27,2,0,2,0,0,0,0,29,27,27,0.4285,9,0,0,still,0
2108,169,1,1,180,19,1,2,0,20,0,1,16,4,0,0,1,1,1,1,21,21,22,0.5885,11,1,0,still,0
2108,182,1,1,180,20,1,2,0,25,0,1,15,10,0,2,0,1,1,1,26,23,24,0.4895,12,1,0,still,0
2109,188,1,1,90,16,1,2,0,22,0,1,10,12,0,2,0,0,0,0,22,20,20,0.3521,9,1,0,still,0
2110,40,1,1,60,15,0,2,0,20,0,1,8,12,0,0,1,0,0,0,20,21,21,0.4336,8,1,0,still,0
2110,142,2,1,240,18,1,2,0,19,0,1,16,3,0,0,2,1,1,1,20,21,22,0.5423,10,1,0,still,0
2111,3,2,1,30,15,0,1,0,21,0,1,11,10,0,0,0,0,0,0,21,21,21,0.3622,6,1,0,still,0
2111,118,3,1,240,20,0,1,0,25,0,1,12,13,0,0,0,1,1,1,26,25,26,0.4502,12,1,0,still,0
2113,68,2,1,300,15,1,2,0,14,0,1,6,8,0,0,0,5,5,5,19,14,19,0.2973,5,1,0,end_cap,1
2114,115,2,0,-1,15,0,2,0,23,0,1,11,12,0,1,0,0,0,0,23,22,22,0.3504,9,1,0,start_jam,0
2114,127,1,0,-1,18,0,1,0,27,0,0,27,0,0,4,0,0,0,0,27,23,23,0.3504,9,0,0,hop,1
2115,114,1,1,30,15,0,1,0,19,0,1,10,9,0,0,0,1,1,0,20,19,19,0.3520,7,1,0,still,0
2115,146,2,1,90,13,1,2,0,23,0,1,12,11,0,1,0,1,1,0,24,22,22,0.3498,9,1,0,still,0
2116,165,1,0,-1,19,0,1,0,28,0,0,28,0,0,3,0,0,0,0,28,25,25,0.4031,10,0,0,hop,1
2117,72,2,1,300,17,0,2,0,18,0,1,7,11,0,0,0,3,3,3,21,18,21,0.2751,5,1,0,end_cap,1
2117,189,1,1,90,14,0,2,0,22,0,1,9,13,0,2,0,1,1,0,23,20,20,0.4152,10,1,0,still,0
2118,49,2,1,120,19,0,3,0,26,0,1,25,1,0,0,0,0,0,0,26,26,26,0.5577,10,0,1,still,0
2119,9,1,1,90,19,0,1,0,23,0,1,9,14,0,0,0,0,0,0,23,23,23,0.4722,9,1,0,still,0
2119,119,1,1,150,19,0,2,0,25,0,1,12,13,0,3,0,1,1,1,26,22,23,0.4122,9,1,0,still,0
2119,194,1,1,210,20,1,2,0,26,0,1,12,14,0,3,0,1,1,1,27,23,24,0.3801,10,1,0,still,0
2120,195,1,1,120,17,1,2,0,21,0,1,8,13,0,2,0,2,2,2,23,19,21,0.4028,11,1,0,still,0
2121,8,2,1,60,18,0,1,0,25,0,1,9,16,0,0,0,0,0,0,25,25,25,0.4505,10,1,0,still,0
2121,135,1,0,-1,17,0,1,0,25,0,0,25,0,0,3,0,0,0,0,25,22,22,0.3709,10,0,0,pending,0
2121,149,1,1,120,19,0,1,0,25,0,1,10,15,0,2,0,0,0,0,25,23,23,0.4112,9,1,0,still,0
2122,135,1,0,-1,17,0,1,0,25,0,0,25,0,0,3,0,0,0,0,25,22,22,0.3709,10,0,0,hop,1
2122,153,1,1,90,17,0,2,0,21,0,1,8,13,0,2,0,1,1,1,22,19,20,0.3496,8,1,0,still,0
2122,157,2,1,240,17,0,3,0,19,0,1,9,10,0,0,0,3,3,3,22,19,22,0.2697,6,1,0,still,0
2123,14,1,1,90,19,0,2,1,19,0,1,12,7,0,0,2,1,1,1,20,21,22,0.5171,9,1,0,still,0
2124,199,1,0,-1,17,1,3,0,18,0,1,8,10,0,1,0,4,4,4,22,17,21,0.3194,7,1,0,start_jam,0
2125,11,1,1,30,18,0,1,0,22,0,1,11,11,0,1,0,1,1,1,23,21,22,0.6092,10,1,0,still,0
2125,35,2,0,-1,17,0,1,0,21,0,1,8,13,0,0,0,2,2,2,23,21,23,0.3129,6,1,0,start_jam,0
2126,2,1,1,60,16,0,1,0,20,0,1,8,12,0,0,0,1,1,1,21,20,21,0.3290,5,1,0,still,0
2126,159,1,0,-1,13,1,2,0,11,0,1,4,7,0,0,0,4,4,4,15,11,15,0.2328,4,1,0,start_jam,0
2129,44,1,1,30,19,0,2,0,24,0,1,11,13,0,1,0,0,0,0,24,23,23,0.5152,9,1,0,still,0
2130,76,3,1,300,17,1,2,0,26,0,1,24,2,0,0,0,1,1,1,27,26,27,0.5307,12,1,0,end_cap,1
2131,123,2,1,210,15,0,2,0,15,0,1,6,9,0,0,0,4,4,4,19,15,19,0.2997,7,1,0,still,0
2132,23,2,0,-1,16,1,2,0,22,0,0,22,0,0,0,1,0,0,0,22,23,23,0.4943,9,0,0,pending,0
2132,47,2,0,-1,18,0,2,0,21,0,1,14,7,0,0,1,1,1,1,22,22,23,0.5185,11,1,0,start_jam,0
2132,50,1,1,210,19,1,2,0,23,0,0,23,0,0,0,2,0,0,0,23,25,25,0.5828,9,0,0,end_clear,0
2133,12,2,0,-1,18,0,1,0,23,0,1,13,10,0,0,0,1,1,1,24,23,24,0.5188,10,1,0,start_jam,0
2133,13,2,0,-1,18,1,2,0,22,0,1,13,9,0,0,1,1,1,1,23,23,24,0.4946,9,1,0,start_jam,0
2133,23,2,0,-1,16,1,2,0,22,0,0,22,0,0,0,1,0,0,0,22,23,23,0.4943,9,0,0,hop,1
2133,113,1,1,60,15,0,2,0,17,0,1,8,9,0,2,1,3,3,3,20,16,19,0.2639,6,1,0,still,0
2134,154,2,0,-1,17,0,1,0,18,0,1,7,11,0,1,0,5,5,5,23,17,22,0.3176,8,1,0,start_jam,0
2135,140,1,1,90,18,0,2,1,22,0,1,16,6,0,2,0,1,1,1,23,20,21,0.4439,9,1,0,still,0
2136,58,1,0,-1,15,0,1,0,20,0,0,20,0,0,0,0,0,0,0,20,20,20,0.5022,8,0,0,hop,1
2136,100,1,1,30,15,1,2,0,12,0,1,4,8,0,0,1,4,4,4,16,13,17,0.2955,4,1,0,still,0
2136,183,1,1,90,19,1,2,0,23,0,1,16,7,0,2,0,1,1,1,24,21,22,0.4368,10,1,0,still,0
2137,1,2,1,90,16,0,2,0,16,0,1,6,10,0,0,0,5,5,5,21,16,21,0.2968,5,1,0,still,0
2137,65,1,0,-1,17,2,8,0,21,0,0,21,0,0,0,0,0,0,0,21,21,21,0.5658,10,0,0,hop,1
2137,139,1,1,210,19,0,2,0,24,0,1,14,10,0,2,0,1,1,1,25,22,23,0.5012,11,1,0,still,0
2137,145,1,1,300,14,1,2,0,17,0,1,8,9,0,1,0,4,4,3,21,16,19,0.3967,8,1,0,end_cap,1
2137,168,1,0,-1,18,0,1,0,26,0,0,26,0,0,4,0,0,0,0,26,22,22,0.3472,9,0,0,pending,0
2138,32,1,0,-1,9,0,4,0,13,0,0,13,0,0,1,0,0,0,0,13,12,12,0.5174,7,0,0,pending,0
2138,161,2,1,180,18,0,1,0,28,0,1,27,1,0,2,0,0,0,0,28,26,26,0.4285,9,0,0,still,0
2138,168,1,0,-1,18,0,1,0,26,0,0,26,0,0,4,0,0,0,0,26,22,22,0.3472,9,0,0,hop,1
2138,169,1,1,210,19,1,2,0,21,0,1,19,2,0,0,1,1,1,1,22,22,23,0.5947,11,1,0,still,0
2138,182,1,1,210,20,1,2,0,25,0,1,14,11,0,2,0,1,1,1,26,23,24,0.4623,11,1,0,still,0
2139,32,1,0,-1,9,0,4,0,13,0,0,13,0,0,1,0,0,0,0,13,12,12,0.5174,7,0,0,hop,1
2139,188,1,1,120,16,1,2,0,17,0,1,9,8,0,2,0,4,4,4,21,15,19,0.3517,9,1,0,still,0
2140,40,1,1,90,15,0,2,0,18,0,1,5,13,0,0,1,2,2,2,20,19,21,0.4334,8,1,0,still,0
2140,142,2,1,270,18,1,2,0,21,0,1,19,2,0,0,1,1,1,1,22,22,23,0.5764,11,1,0,still,0
2141,3,2,1,60,15,0,1,0,17,0,1,8,9,0,0,0,3,3,3,20,17,20,0.3622,6,1,0,still,0
2141,118,3,1,270,20,0,1,0,26,0,1,12,14,0,0,0,1,1,1,27,26,27,0.4502,12,1,0,still,0
2143,91,2,0,-1,18,5,8,0,23,0,0,23,0,0,0,0,0,0,0,23,23,23,0.6052,12,0,0,pending,0
2144,91,2,0,-1,18,5,8,0,23,0,0,23,0,0,0,0,0,0,0,23,23,23,0.6053,12,0,0,hop,1
2144,115,2,1,30,15,0,2,0,20,0,1,8,12,0,1,0,3,3,3,23,19,22,0.3504,9,1,0,still,0
2145,114,1,1,60,15,0,1,0,15,0,1,7,8,0,0,0,4,4,3,19,15,18,0.3520,7,1,0,still,0
2145,146,2,1,120,13,1,2,0,19,0,1,8,11,0,1,0,4,4,3,23,18,21,0.3497,9,1,0,still,0
2146,10,1,0,-1,20,1,2,0,23,0,1,9,14,0,0,1,0,0,0,23,24,24,0.5171,8,1,0,start_jam,0
2147,189,1,1,120,14,0,2,0,18,0,1,7,11,0,2,0,4,4,3,22,16,19,0.4149,10,1,0,still,0
2148,49,2,1,150,19,0,3,0,26,0,1,26,0,0,0,0,0,0,0,26,26,26,0.5607,10,0,0,still,0
2148,75,1,0,-1,3,0,2,1,2,0,0,2,0,0,0,1,0,0,0,2,3,3,0.1478,2,0,0,hop,1
2149,9,1,1,120,19,0,1,0,23,0,1,6,17,0,0,0,0,0,0,23,23,23,0.4727,9,1,0,still,0
2149,119,1,1,180,19,0,2,0,24,0,1,10,14,0,2,0,2,2,1,26,22,23,0.4122,9,1,0,still,0
2149,194,1,1,240,20,1,2,0,25,0,1,10,15,0,2,0,2,2,1,27,23,24,0.3801,10,1,0,still,0
2150,110,1,0,-1,7,3,7,0,10,0,0,10,0,0,0,0,0,0,0,10,10,10,0.4422,7,0,0,pending,0
2150,195,1,1,150,17,1,2,0,18,0,1,8,10,0,2,0,5,5,5,23,16,21,0.4028,11,1,0,still,0
2151,8,2,1,90,18,0,1,0,24,0,1,6,18,0,0,0,1,1,1,25,24,25,0.4507,10,1,0,still,0
2151,110,1,0,-1,7,3,7,0,10,0,0,10,0,0,0,0,0,0,0,10,10,10,0.4422,7,0,0,hop,1
2151,149,1,1,150,19,0,1,0,23,0,1,7,16,0,1,0,2,2,1,25,22,23,0.4113,9,1,0,still,0
2151,177,1,0,-1,15,0,1,0,21,0,0,21,0,0,3,0,0,0,0,21,18,18,0.6269,12,0,0,pending,0
2152,153,1,1,120,17,0,2,0,17,0,1,8,9,0,1,0,4,4,4,21,16,20,0.3496,8,1,0,still,0
2152,157,2,1,270,17,0,3,0,18,0,1,8,10,0,0,0,4,4,4,22,18,22,0.2696,6,1,0,still,0
2152,177,1,0,-1,15,0,1,0,21,0,0,21,0,0,3,0,0,0,0,21,18,18,0.6270,12,0,0,hop,1
2153,14,1,1,120,19,0,2,1,20,0,1,15,5,0,0,2,1,1,1,21,22,23,0.5171,9,1,0,still,0
2154,199,1,1,30,17,1,3,0,18,0,1,8,10,0,1,0,5,5,5,23,17,22,0.3198,7,1,0,still,0
2155,11,1,1,60,18,0,1,0,22,0,1,10,12,0,1,0,1,1,1,23,21,22,0.6085,10,1,0,still,0
2155,35,2,1,30,17,0,1,0,18,0,1,8,10,0,0,0,5,5,5,23,18,23,0.3115,6,1,0,still,0
2156,2,1,1,90,16,0,1,0,17,0,1,8,9,0,0,0,4,4,4,21,17,21,0.3283,5,1,0,still,0
2156,89,1,0,-1,17,0,2,0,20,0,0,20,0,0,0,0,0,0,0,20,20,20,0.5385,10,0,0,hop,1
2156,159,1,1,30,13,1,2,0,9,0,1,3,6,0,0,0,6,6,6,15,9,15,0.2328,4,1,0,still,0
2159,44,1,1,60,19,0,2,0,23,0,1,8,15,0,0,0,0,0,0,23,23,23,0.5469,9,1,0,still,0
2161,88,1,0,-1,18,0,1,0,23,0,0,23,0,0,0,1,0,0,0,23,24,24,0.6450,12,0,0,pending,0
2161,123,2,1,240,15,0,2,0,15,0,1,7,8,0,0,0,5,5,5,20,15,20,0.2997,7,1,0,still,0
2162,47,2,1,30,20,0,2,0,22,0,1,16,6,0,0,2,1,1,1,23,24,25,0.5829,12,1,0,still,0
2162,88,1,0,-1,18,0,1,0,23,0,0,23,0,0,0,1,0,0,0,23,24,24,0.6450,12,0,0,hop,1
2162,136,2,0,-1,7,0,4,0,7,0,0,7,0,0,0,0,0,0,0,7,7,7,0.2542,6,0,0,hop,1
2163,12,2,1,30,20,0,1,0,23,0,1,12,11,0,0,1,1,1,1,24,24,25,0.5191,10,1,0,still,0
2163,13,2,1,30,19,1,2,0,23,0,1,14,9,0,0,2,1,1,1,24,25,26,0.4946,9,1,0,still,0
2163,113,1,1,90,15,0,2,0,15,0,1,7,8,0,2,1,4,4,4,19,14,18,0.2639,6,1,0,still,0
2164,154,2,1,30,17,0,1,0,17,0,1,8,9,0,1,0,6,6,6,23,16,22,0.3176,8,1,0,still,0
2165,140,1,1,120,19,1,2,0,24,0,1,18,6,0,2,1,1,1,1,25,23,24,0.4449,9,1,0,still,0
2166,77,3,0,-1,18,0,2,0,25,0,0,25,0,0,0,0,1,1,0,26,25,25,0.5956,14,0,0,pending,0
2166,100,1,1,60,15,1,2,0,10,0,1,5,5,0,0,0,7,7,8,17,10,18,0.2955,4,1,0,still,0
2166,183,1,1,120,18,0,2,1,23,0,1,18,5,0,2,0,2,2,2,25,21,23,0.3831,9,1,0,still,0
2167,1,2,1,120,15,0,2,0,15,0,1,7,8,0,0,0,6,6,6,21,15,21,0.2968,5,1,0,still,0
2167,77,3,0,-1,18,0,2,0,26,0,0,25,1,0,1,0,0,0,0,26,25,25,0.5956,14,0,0,hop,1
2167,139,1,1,240,19,0,2,1,23,0,1,15,8,0,0,0,1,1,1,24,23,24,0.5012,11,1,0,still,0
2167,171,1,0,-1,15,0,1,0,25,0,0,25,0,0,4,0,0,0,0,25,21,21,0.3990,10,0,0,pending,0
2168,161,2,1,210,18,0,1,0,27,0,1,26,1,0,2,0,0,0,0,27,25,25,0.4285,9,0,0,still,0
2168,169,1,1,240,19,1,2,0,22,0,1,20,2,0,0,1,1,1,1,23,23,24,0.6013,11,1,0,still,0
2168,171,1,0,-1,15,0,1,0,25,0,0,25,0,0,4,0,0,0,0,25,21,21,0.3990,10,0,0,hop,1
2168,182,1,1,240,20,1,2,0,26,0,1,15,11,0,2,0,1,1,1,27,24,25,0.4623,11,1,0,still,0
2169,188,1,1,150,16,1,2,0,16,0,1,7,9,0,2,0,5,5,5,21,14,19,0.3519,9,1,0,still,0
2170,40,1,1,120,15,0,2,0,18,0,1,4,14,0,0,1,2,2,2,20,19,21,0.4334,8,1,0,still,0
2170,142,2,1,300,18,1,2,0,22,0,1,20,2,0,0,1,1,1,1,23,23,24,0.5800,11,1,0,end_cap,1
2171,3,2,1,90,15,0,1,0,16,0,1,7,9,0,0,0,4,4,4,20,16,20,0.3622,6,1,0,still,0
2171,118,3,1,300,20,0,1,0,26,0,1,12,14,0,0,0,1,1,1,27,26,27,0.4502,12,1,0,end_cap,1
2173,111,1,0,-1,0,0,1,1,0,0,0,0,0,0,0,0,0,0,0,0,0,0,0.0000,0,0,0,hop,1
2174,115,2,1,60,15,0,2,0,20,0,1,8,12,0,1,0,3,3,3,23,19,22,0.3505,9,1,0,still,0
2175,114,1,1,90,15,0,1,0,15,0,1,7,8,0,0,0,4,4,3,19,15,18,0.3520,7,1,0,still,0
2175,146,2,1,150,13,1,2,0,19,0,1,8,11,0,1,0,3,3,3,22,18,21,0.3498,9,1,0,still,0
2176,10,1,1,30,20,1,2,0,24,0,1,11,13,0,1,1,0,0,0,24,24,24,0.5162,8,1,0,still,0
2177,189,1,1,150,14,0,2,0,15,0,1,7,8,0,1,0,6,6,4,21,14,18,0.4164,10,1,0,still,0
2178,49,2,1,180,19,0,3,0,25,0,1,25,0,0,0,0,0,0,0,25,25,25,0.5606,10,0,0,still,0
2179,9,1,1,150,19,0,1,0,23,0,1,8,15,0,0,0,0,0,0,23,23,23,0.4727,9,1,0,still,0
2179,119,1,1,210,20,0,1,0,25,0,1,12,13,0,2,1,1,1,1,26,24,25,0.4120,9,1,0,still,0
2179,194,1,1,270,18,0,1,1,27,0,1,13,14,0,4,0,1,1,1,28,23,24,0.4591,12,1,0,still,0
2180,5,2,0,-1,14,1,2,0,19,0,1,7,12,0,0,0,3,3,3,22,19,22,0.4241,9,1,0,start_jam,0
2180,195,1,1,180,17,1,2,0,14,0,1,6,8,0,0,0,9,9,7,23,14,21,0.4028,11,1,0,still,0
2181,8,2,1,120,18,0,1,0,24,0,1,8,16,0,0,0,1,1,1,25,24,25,0.4507,10,1,0,still,0
2181,149,1,1,180,19,0,1,1,23,0,1,9,14,0,1,0,2,2,1,25,22,23,0.4113,9,1,0,still,0
2182,153,1,1,150,17,0,2,0,14,0,1,6,8,0,0,0,7,7,6,21,14,20,0.3496,8,1,0,still,0
2182,157,2,1,300,17,0,3,0,13,0,1,7,6,0,0,0,9,9,9,22,13,22,0.2696,6,1,0,end_cap,1
2183,14,1,1,150,18,0,2,1,21,0,1,17,4,0,0,2,1,1,1,22,23,24,0.4802,8,1,0,still,0
2184,199,1,1,60,17,1,3,0,17,0,1,8,9,0,1,0,6,6,6,23,16,22,0.3197,7,1,0,still,0
2185,11,1,1,90,19,0,1,0,24,0,1,12,12,0,1,0,1,1,1,25,23,24,0.5708,9,1,0,still,0
2185,35,2,1,60,17,0,1,0,16,0,1,6,10,0,0,0,6,6,6,22,16,22,0.3113,6,1,0,still,0
2186,2,1,1,120,16,0,1,0,15,0,1,6,9,0,0,0,5,5,5,20,15,20,0.3282,5,1,0,still,0
2186,159,1,1,60,13,1,2,0,10,0,1,5,5,0,0,0,6,6,6,16,10,16,0.2328,4,1,0,still,0
2187,131,1,0,-1,15,0,1,0,25,0,0,25,0,0,5,0,0,0,0,25,20,20,0.3732,10,0,0,hop,1
2188,86,1,0,-1,16,0,2,0,21,0,0,21,0,0,0,1,0,0,0,21,22,22,0.5379,9,0,0,pending,0
2188,92,1,0,-1,16,0,1,0,18,0,0,18,0,0,0,0,0,0,0,18,18,18,0.5905,9,0,0,pending,0
2188,151,1,0,-1,19,0,1,0,26,0,1,15,11,0,1,0,1,1,1,27,25,26,0.5592,12,1,0,start_jam,0
2189,44,1,1,90,20,0,2,0,23,0,1,8,15,0,0,1,0,0,0,23,24,24,0.5470,9,1,0,still,0
2189,86,1,0,-1,16,0,2,0,21,0,0,21,0,0,0,1,0,0,0,21,22,22,0.5379,9,0,0,hop,1
2189,92,1,0,-1,16,0,1,0,18,0,0,18,0,0,0,0,0,0,0,18,18,18,0.5905,9,0,0,hop,1
2191,123,2,1,270,15,0,2,0,14,0,1,7,7,0,0,0,6,6,6,20,14,20,0.2997,7,1,0,still,0
2192,47,2,1,60,20,0,2,0,23,0,1,18,5,0,0,2,1,1,1,24,25,26,0.5832,12,1,0,still,0
2193,12,2,1,60,20,0,1,0,25,0,1,14,11,0,0,1,1,1,1,26,26,27,0.5192,10,1,0,still,0
2193,13,2,1,60,19,1,2,0,24,0,1,16,8,0,0,2,1,1,1,25,26,27,0.4946,9,1,0,still,0
2193,113,1,1,120,15,0,2,0,12,0,1,6,6,0,0,1,7,7,5,19,13,18,0.2640,6,1,0,still,0
2194,154,2,1,60,17,0,1,0,14,0,1,6,8,0,0,0,8,8,7,22,14,21,0.3178,8,1,0,still,0
2195,26,3,0,-1,17,0,1,0,25,0,0,25,0,0,0,0,0,0,0,25,25,25,0.6530,14,0,0,hop,1
2195,140,1,1,150,19,1,2,0,23,0,1,19,4,0,1,1,1,1,1,24,23,24,0.4461,9,1,0,still,0
2196,100,1,1,90,15,1,2,0,12,0,1,6,6,0,0,0,5,5,6,17,12,18,0.2955,4,1,0,still,0
2196,183,1,1,150,19,0,2,1,23,0,1,19,4,0,2,0,2,2,2,25,21,23,0.3847,9,1,0,still,0
2197,1,2,1,150,15,0,2,0,14,0,1,5,9,0,0,0,6,6,6,20,14,20,0.2968,5,1,0,still,0
2197,139,1,1,270,19,0,2,1,24,0,1,17,7,0,0,0,1,1,1,25,24,25,0.4717,10,1,0,still,0
2198,55,2,0,-1,20,0,1,0,24,0,0,24,0,0,0,0,0,0,0,24,24,24,0.5429,12,0,0,hop,1
2198,85,1,0,-1,16,1,2,0,21,0,0,21,0,0,0,0,0,0,0,21,21,21,0.5343,9,0,0,pending,0
2198,161,2,1,240,18,0,1,0,26,0,1,25,1,0,2,0,0,0,0,26,24,24,0.4285,9,0,0,still,0
2198,169,1,1,270,19,1,2,0,23,0,1,21,2,0,1,1,1,1,1,24,23,24,0.6025,11,1,0,still,0
2198,182,1,1,270,20,1,2,0,25,0,1,17,8,0,0,0,1,1,1,26,25,26,0.4623,11,1,0,still,0
2199,85,1,0,-1,16,1,2,0,21,0,0,21,0,0,0,0,0,0,0,21,21,21,0.5344,9,0,0,hop,1
2199,103,1,0,-1,4,1,3,0,3,0,0,3,0,0,0,1,0,0,0,3,4,4,0.1847,3,0,0,pending,0
2199,188,1,1,180,16,1,2,0,14,0,1,6,8,0,0,0,7,7,5,21,14,19,0.3520,9,1,0,still,0
2200,40,1,1,150,15,0,2,0,18,0,1,5,13,0,0,1,2,2,2,20,19,21,0.4334,8,1,0,still,0
2200,103,1,0,-1,4,1,3,0,3,0,0,3,0,0,0,1,0,0,0,3,4,4,0.1847,3,0,0,hop,1
2201,3,2,1,120,15,0,1,0,16,0,1,7,9,0,0,0,4,4,4,20,16,20,0.3622,6,1,0,still,0
2204,115,2,1,90,15,0,2,0,21,0,1,7,14,0,1,0,3,3,3,24,20,23,0.3505,9,1,0,still,0
2205,114,1,1,120,15,0,1,0,15,0,1,6,9,0,0,0,4,4,3,19,15,18,0.3520,7,1,0,still,0
2205,146,2,1,180,13,1,2,0,19,0,1,6,13,0,1,0,3,3,3,22,18,21,0.3498,9,1,0,still,0
2206,10,1,1,60,19,1,2,0,25,0,1,11,14,0,1,1,0,0,0,25,25,25,0.5155,8,1,0,still,0
2207,189,1,1,180,14,0,2,0,16,0,1,7,9,0,1,0,6,6,4,22,15,19,0.4168,10,1,0,still,0
2208,49,2,1,210,19,0,3,0,24,0,1,24,0,0,0,0,0,0,0,24,24,24,0.5592,10,0,0,still,0
2209,9,1,1,180,19,0,1,0,24,0,1,8,16,0,0,0,0,0,0,24,24,24,0.4727,9,1,0,still,0
2209,119,1,1,240,19,1,2,0,26,0,1,12,14,0,3,1,1,1,1,27,24,25,0.4123,9,1,0,still,0
2209,194,1,1,300,18,0,2,1,27,0,1,12,15,0,4,0,1,1,1,28,23,24,0.4618,12,1,0,end_cap,0
2210,5,2,1,30,14,1,2,0,19,0,1,7,12,0,0,0,3,3,3,22,19,22,0.4238,9,1,0,still,0
2210,195,1,1,210,17,1,2,0,14,0,1,6,8,0,0,0,9,9,7,23,14,21,0.4028,11,1,0,still,0
2211,8,2,1,150,18,0,1,0,25,0,1,9,16,0,0,0,1,1,1,26,25,26,0.4507,10,1,0,still,0
2211,149,1,1,210,19,0,1,0,24,0,1,10,14,0,1,0,2,2,1,26,23,24,0.4113,9,1,0,still,0
2211,158,1,0,-1,17,2,3,0,11,0,1,5,6,0,1,0,8,8,7,19,10,17,0.2594,5,1,0,start_jam,0
2211,165,1,0,-1,18,0,1,0,26,0,0,26,0,0,3,0,0,0,0,26,23,23,0.4034,10,0,0,hop,1
2212,7,2,0,-1,16,0,2,0,22,0,1,7,15,0,0,1,2,2,2,24,23,25,0.4205,9,1,0,start_jam,0
2212,153,1,1,180,17,0,2,0,13,0,1,5,8,0,0,0,8,8,7,21,13,20,0.3496,8,1,0,still,0
2213,14,1,1,180,18,0,2,1,22,0,1,17,5,0,1,2,1,1,1,23,23,24,0.4802,8,1,0,still,0
2213,152,1,0,-1,2,0,2,1,2,0,0,2,0,0,0,0,0,0,0,2,2,2,0.1478,2,0,0,pending,0
2214,152,1,0,-1,2,0,2,1,2,0,0,2,0,0,0,0,0,0,0,2,2,2,0.1478,2,0,0,hop,1
2214,174,1,0,-1,13,0,2,0,16,0,0,16,0,0,2,1,0,0,0,16,15,15,0.7339,12,0,0,pending,0
2214,199,1,1,90,17,1,3,0,14,0,1,6,8,0,1,0,7,7,7,21,13,20,0.3194,7,1,0,still,0
2215,11,1,1,120,20,0,1,0,25,0,1,13,12,0,0,0,1,1,1,26,25,26,0.5692,9,1,0,still,0
2215,35,2,1,90,17,0,1,0,14,0,1,5,9,0,0,0,8,8,8,22,14,22,0.3113,6,1,0,still,0
2215,126,2,0,-1,19,0,1,1,25,0,0,25,0,0,2,0,0,0,0,25,23,23,0.3764,10,0,0,hop,1
2215,135,1,0,-1,17,0,1,0,26,0,0,26,0,0,3,0,0,0,0,26,23,23,0.3709,10,0,0,hop,1
2215,174,1,0,-1,13,0,2,0,16,0,0,16,0,0,2,1,0,0,0,16,15,15,0.7339,12,0,0,hop,1
2216,2,1,1,150,16,0,1,0,13,0,1,5,8,0,0,0,7,7,7,20,13,20,0.3282,5,1,0,still,0
2216,159,1,1,90,13,1,2,0,10,0,1,4,6,0,0,0,6,6,6,16,10,16,0.2328,4,1,0,still,0
2217,16,1,0,-1,19,0,1,0,22,0,0,22,0,0,0,0,0,0,0,22,22,22,0.6153,10,0,0,pending,0
2217,138,3,0,-1,16,2,3,0,21,0,0,21,0,0,1,0,0,0,0,21,20,20,0.6944,16,0,0,hop,1
2218,16,1,0,-1,19,0,1,0,22,0,0,22,0,0,0,0,0,0,0,22,22,22,0.6154,10,0,0,hop,1
2218,151,1,1,30,20,0,1,0,26,0,1,15,11,0,1,0,1,1,1,27,25,26,0.5592,12,1,0,still,0
2219,44,1,1,120,20,0,2,0,25,0,1,11,14,0,0,1,0,0,0,25,26,26,0.5470,9,1,0,still,0
2221,123,2,1,300,15,0,2,0,13,0,1,6,7,0,0,0,7,7,7,20,13,20,0.2997,7,1,0,end_cap,1
2222,47,2,1,90,20,0,2,0,22,0,1,17,5,0,0,2,1,1,1,23,24,25,0.5831,12,1,0,still,0
2223,12,2,1,90,20,0,1,0,25,0,1,14,11,0,0,1,1,1,1,26,26,27,0.5192,10,1,0,still,0
2223,13,2,1,90,19,1,2,0,25,0,1,16,9,0,0,1,1,1,1,26,26,27,0.4947,9,1,0,still,0
2223,113,1,1,150,16,0,2,0,10,0,1,5,5,0,0,1,9,9,7,19,11,18,0.2639,6,1,0,still,0
2224,80,1,0,-1,19,0,3,0,19,0,0,19,0,0,0,2,0,0,0,19,21,21,0.5347,9,0,0,pending,0
2224,154,2,1,90,17,0,1,0,13,0,1,5,8,0,0,0,9,9,8,22,13,21,0.3175,8,1,0,still,0
2225,80,1,0,-1,19,0,3,0,19,0,0,19,0,0,0,2,0,0,0,19,21,21,0.5347,9,0,0,hop,1
2225,140,1,1,180,19,1,2,0,22,0,1,18,4,0,1,1,1,1,1,23,22,23,0.4479,9,1,0,still,0
2226,17,3,0,-1,17,0,2,0,22,0,0,22,0,0,0,0,0,0,0,22,22,22,0.5352,12,0,0,pending,0
2226,100,1,1,120,15,1,2,0,13,0,1,6,7,0,0,1,4,4,4,17,14,18,0.2955,4,1,0,still,0
2226,183,1,1,180,19,0,2,1,24,0,1,20,4,0,2,0,2,2,2,26,22,24,0.3873,9,1,0,still,0
2227,1,2,1,180,15,0,2,0,13,0,1,4,9,0,0,0,7,7,7,20,13,20,0.2968,5,1,0,still,0
2227,17,3,0,-1,17,0,2,0,22,0,0,22,0,0,0,0,0,0,0,22,22,22,0.5350,12,0,0,hop,1
2227,139,1,1,300,19,0,2,1,24,0,1,17,7,0,0,0,1,1,1,25,24,25,0.4717,10,1,0,end_cap,0
2228,31,2,0,-1,18,1,6,0,22,0,0,22,0,0,0,0,0,0,0,22,22,22,0.6925,13,0,0,hop,1
2228,161,2,1,270,18,0,1,0,26,0,1,25,1,0,2,0,0,0,0,26,24,24,0.4285,9,0,0,still,0
2228,169,1,1,300,19,1,2,0,22,0,1,20,2,0,1,1,1,1,1,23,22,23,0.6043,11,1,0,end_cap,1
2228,182,1,1,300,20,1,2,0,25,0,1,19,6,0,0,0,1,1,1,26,25,26,0.4623,11,1,0,end_cap,0
2229,168,1,0,-1,18,0,1,0,27,0,0,27,0,0,4,0,0,0,0,27,23,23,0.3472,9,0,0,hop,1
2229,188,1,1,210,16,1,2,0,12,0,1,5,7,0,0,0,9,9,7,21,12,19,0.3520,9,1,0,still,0
2230,40,1,1,180,15,0,2,0,15,0,1,7,8,0,0,1,5,5,5,20,16,21,0.4334,8,1,0,still,0
2231,3,2,1,150,15,0,1,0,14,0,1,6,8,0,0,0,6,6,6,20,14,20,0.3622,6,1,0,still,0
2231,19,3,0,-1,19,0,1,0,25,0,0,25,0,0,0,0,0,0,0,25,25,25,0.5953,13,0,0,hop,1
2231,83,1,0,-1,18,2,3,0,23,0,0,23,0,0,0,0,0,0,0,23,23,23,0.5489,10,0,0,pending,0
2232,28,2,0,-1,18,1,2,0,23,0,0,23,0,0,0,0,0,0,0,23,23,23,0.5105,11,0,0,pending,0
2232,83,1,0,-1,18,2,3,0,23,0,0,23,0,0,0,0,0,0,0,23,23,23,0.5489,10,0,0,hop,1
2233,28,2,0,-1,18,1,2,0,23,0,0,23,0,0,0,0,0,0,0,23,23,23,0.5107,11,0,0,hop,1
2234,115,2,1,120,15,0,2,0,17,0,1,9,8,0,1,0,7,7,7,24,16,23,0.3505,9,1,0,still,0
2235,32,1,0,-1,9,0,1,0,13,0,0,13,0,0,1,0,0,0,0,13,12,12,0.5861,8,0,0,hop,1
2235,57,1,0,-1,19,1,3,0,23,0,0,23,0,0,0,0,0,0,0,23,23,23,0.5542,10,0,0,pending,0
2235,114,1,1,150,15,0,1,0,12,0,1,5,7,0,0,0,7,7,6,19,12,18,0.3520,7,1,0,still,0
2235,127,1,0,-1,19,0,1,0,25,0,0,25,0,0,3,0,0,0,0,25,22,22,0.3504,9,0,0,pending,0
2235,146,2,1,210,13,1,2,0,15,0,1,6,9,0,1,0,7,7,7,22,14,21,0.3498,9,1,0,still,0
2236,10,1,1,90,19,1,2,0,23,0,1,15,8,0,1,1,2,2,2,25,23,25,0.5150,8,1,0,still,0
2236,57,1,0,-1,19,1,3,0,23,0,0,23,0,0,0,0,0,0,0,23,23,23,0.5542,10,0,0,hop,1
2236,127,1,0,-1,19,0,1,0,25,0,0,25,0,0,3,0,0,0,0,25,22,22,0.3505,9,0,0,hop,1
2237,71,2,0,-1,6,6,11,0,9,0,0,9,0,0,0,0,0,0,0,9,9,9,0.3620,7,0,0,pending,0
2237,189,1,1,210,14,0,2,0,14,0,1,6,8,0,1,0,8,8,6,22,13,19,0.4177,10,1,0,still,0
2238,49,2,1,240,18,2,3,0,24,0,0,24,0,0,0,0,0,0,0,24,24,24,0.5607,10,0,0,end_clear,1
2238,71,2,0,-1,6,6,11,0,9,0,0,9,0,0,0,0,0,0,0,9,9,9,0.3622,7,0,0,hop,1
2239,9,1,1,210,19,0,1,0,23,0,1,14,9,0,0,0,2,2,2,25,23,25,0.4727,9,1,0,still,0
2239,34,1,0,-1,4,1,11,0,4,0,0,4,0,0,0,0,0,0,0,4,4,4,0.2217,4,0,0,pending,0
2239,119,1,1,270,19,1,2,0,25,0,1,16,9,0,3,1,2,2,2,27,23,25,0.4123,9,1,0,still,0
2240,5,2,1,60,14,1,2,0,16,0,1,8,8,0,0,0,6,6,6,22,16,22,0.4238,9,1,0,still,0
2240,34,1,0,-1,4,1,11,0,4,0,0,4,0,0,0,0,0,0,0,4,4,4,0.2217,4,0,0,hop,1
2240,170,2,0,-1,17,0,2,0,22,0,1,22,0,0,0,0,1,1,1,23,22,23,0.5724,11,0,0,start_jam,0
2240,195,1,1,240,17,1,2,0,13,0,1,5,8,0,0,0,10,10,8,23,13,21,0.4027,11,1,0,still,0
2241,8,2,1,180,18,0,1,0,22,0,1,12,10,0,0,0,4,4,4,26,22,26,0.4507,10,1,0,still,0
2241,149,1,1,240,19,0,1,0,23,0,1,12,11,0,1,0,4,4,3,27,22,25,0.4113,9,1,0,still,0
2241,158,1,1,30,17,2,3,0,11,0,1,5,6,0,1,0,8,8,7,19,10,17,0.2594,5,1,0,still,0
2242,7,2,1,30,16,0,2,0,21,0,1,11,10,0,0,1,5,5,5,26,22,27,0.4205,9,1,0,still,0
2242,153,1,1,210,17,0,2,0,11,0,1,5,6,0,0,0,10,10,9,21,11,20,0.3495,8,1,0,still,0
2243,14,1,1,210,18,0,2,1,21,0,1,18,3,0,1,2,1,1,1,22,22,23,0.4802,8,1,0,still,0
2244,199,1,1,120,17,1,3,0,14,0,1,6,8,0,1,0,7,7,7,21,13,20,0.3196,7,1,0,still,0
2245,11,1,1,150,20,0,1,0,23,0,1,16,7,0,0,0,3,3,3,26,23,26,0.5689,9,1,0,still,0
2245,35,2,1,120,17,0,1,0,13,0,1,5,8,0,0,0,9,9,9,22,13,22,0.3113,6,1,0,still,0
2246,2,1,1,180,16,0,1,0,12,0,1,5,7,0,0,0,8,8,8,20,12,20,0.3282,5,1,0,still,0
2246,159,1,1,120,13,1,2,0,9,0,1,4,5,0,0,0,6,6,6,15,9,15,0.2328,4,1,0,still,0
2248,72,2,0,-1,17,0,2,0,14,0,1,5,9,0,0,0,7,7,7,21,14,21,0.2761,5,1,0,start_jam,0
2248,151,1,1,60,19,0,1,0,25,0,1,17,8,0,1,0,1,1,1,26,24,25,0.5593,12,1,0,still,0
2249,44,1,1,150,19,0,2,0,22,0,1,13,9,0,0,1,2,2,2,24,23,25,0.5471,9,1,0,still,0
2252,47,2,1,120,20,0,2,0,21,0,1,17,4,0,0,2,1,1,1,22,23,24,0.5829,12,1,0,still,0
2252,117,3,0,-1,16,0,1,0,22,0,1,12,10,0,0,0,6,6,5,28,22,27,0.3749,10,1,0,start_jam,0
2253,12,2,1,120,19,0,1,0,23,0,1,16,7,0,0,0,2,2,3,25,23,26,0.5192,10,1,0,still,0
2253,13,2,1,120,19,1,2,0,23,0,1,18,5,0,0,1,2,2,2,25,24,26,0.4947,9,1,0,still,0
2253,68,2,0,-1,15,1,2,0,12,0,1,4,8,0,0,0,8,8,8,20,12,20,0.2973,5,1,0,start_jam,0
2253,90,1,0,-1,18,2,6,0,20,0,0,20,0,0,0,1,0,0,0,20,21,21,0.6196,11,0,0,hop,1
2253,113,1,1,180,16,0,2,0,9,0,1,4,5,0,0,1,10,10,8,19,10,18,0.2639,6,1,0,still,0
2254,154,2,1,120,17,0,1,0,12,0,1,4,8,0,0,0,10,10,9,22,12,21,0.3175,8,1,0,still,0
2255,109,2,0,-1,7,7,9,0,12,0,0,12,0,0,0,0,0,0,0,12,12,12,0.5173,9,0,0,pending,0
2255,140,1,1,210,19,1,2,0,21,0,1,18,3,0,1,1,1,1,1,22,21,22,0.3903,8,1,0,still,0
2256,100,1,1,150,15,1,2,0,11,0,1,3,8,0,0,1,5,5,5,16,12,17,0.2955,4,1,0,still,0
2256,109,2,0,-1,7,7,9,0,12,0,0,12,0,0,0,0,0,0,0,12,12,12,0.5172,9,0,0,hop,1
2256,183,1,1,210,19,0,2,1,24,0,1,20,4,0,2,0,1,1,1,25,22,23,0.3914,9,1,0,still,0
2257,1,2,1,210,15,0,2,0,12,0,1,4,8,0,0,0,8,8,8,20,12,20,0.2968,5,1,0,still,0
2258,161,2,1,300,17,0,1,0,26,0,0,26,0,0,2,0,0,0,0,26,24,24,0.4285,9,0,0,end_cap,1
2259,166,2,0,-1,18,0,1,0,27,0,0,27,0,0,2,0,0,0,0,27,25,25,0.4239,12,0,0,pending,0
2259,188,1,1,240,16,1,2,0,11,0,1,4,7,0,0,0,10,10,8,21,11,19,0.3519,9,1,0,still,0
2260,40,1,1,210,15,0,2,0,15,0,1,7,8,0,0,1,6,6,6,21,16,22,0.4334,8,1,0,still,0
2260,166,2,0,-1,18,0,1,0,27,0,0,27,0,0,2,0,0,0,0,27,25,25,0.4239,12,0,0,hop,1
2261,3,2,1,180,15,0,1,0,13,0,1,5,8,0,0,0,7,7,7,20,13,20,0.3622,6,1,0,still,0
2261,21,2,0,-1,19,0,2,0,25,0,0,25,0,0,0,0,0,0,0,25,25,25,0.5270,11,0,0,pending,0
2262,21,2,0,-1,19,0,2,0,25,0,0,25,0,0,0,0,0,0,0,25,25,25,0.5270,11,0,0,hop,1
2262,139,1,0,-1,19,0,2,1,23,0,1,17,6,0,0,0,0,0,0,23,23,23,0.4717,10,1,0,start_jam,0
2264,115,2,1,150,15,0,2,0,17,0,1,8,9,0,1,0,8,8,8,25,16,24,0.3505,9,1,0,still,0
2265,114,1,1,180,15,0,1,0,11,0,1,4,7,0,0,0,8,8,7,19,11,18,0.3520,7,1,0,still,0
2265,146,2,1,240,13,1,2,0,15,0,1,6,9,0,1,0,8,8,8,23,14,22,0.3498,9,1,0,still,0
2266,10,1,1,120,19,1,2,0,23,0,1,14,9,0,1,1,2,2,2,25,23,25,0.5142,8,1,0,still,0
2267,189,1,1,240,14,0,2,0,12,0,1,5,7,0,0,0,9,9,7,21,12,19,0.4187,10,1,0,still,0
2268,101,3,0,-1,2,1,2,0,2,0,0,2,0,0,0,0,0,0,0,2,2,2,0.0293,1,0,0,hop,1
2269,9,1,1,240,19,0,1,0,23,0,1,12,11,0,0,0,2,2,2,25,23,25,0.4727,9,1,0,still,0
2269,33,3,0,-1,7,9,12,0,12,0,0,12,0,0,1,0,0,0,0,12,11,11,0.4495,9,0,0,hop,1
2269,119,1,1,300,19,1,2,0,24,0,1,13,11,0,3,1,1,1,1,25,22,23,0.4123,9,1,0,end_cap,0
2270,5,2,1,90,14,1,2,0,18,0,1,9,9,0,0,0,6,6,6,24,18,24,0.4238,9,1,0,still,0
2270,88,1,0,-1,18,0,1,0,23,0,0,23,0,0,0,1,0,0,0,23,24,24,0.6462,12,0,0,pending,0
2270,170,2,1,30,17,0,2,0,23,0,0,23,0,0,0,0,0,0,0,23,23,23,0.5732,11,0,0,end_clear,1
2270,195,1,1,270,17,1,2,0,12,0,1,4,8,0,0,0,10,10,8,22,12,20,0.4027,11,1,0,still,0
2271,8,2,1,210,18,0,1,0,23,0,1,13,10,0,0,0,3,3,3,26,23,26,0.4507,10,1,0,still,0
2271,88,1,0,-1,18,0,1,0,23,0,0,23,0,0,0,1,0,0,0,23,24,24,0.6462,12,0,0,hop,1
2271,149,1,1,270,19,0,1,0,23,0,1,13,10,0,0,0,4,4,2,27,23,25,0.4113,9,1,0,still,0
2271,158,1,1,60,17,2,3,0,11,0,1,3,8,0,1,0,8,8,7,19,10,17,0.2594,5,1,0,still,0
2272,7,2,1,60,16,0,2,0,22,0,1,12,10,0,0,1,4,4,4,26,23,27,0.4205,9,1,0,still,0
2272,153,1,1,240,17,0,2,0,11,0,1,4,7,0,0,0,11,11,9,22,11,20,0.3495,8,1,0,still,0
2273,14,1,1,240,18,0,2,1,21,0,1,18,3,0,1,2,0,0,0,21,22,22,0.4802,8,0,0,still,0
2273,15,1,0,-1,18,1,2,0,22,0,0,22,0,0,0,0,0,0,0,22,22,22,0.5160,9,0,0,pending,0
2273,76,3,0,-1,17,0,1,0,24,0,0,24,0,0,0,0,0,0,0,24,24,24,0.5444,12,0,0,pending,0
2273,172,1,0,-1,15,0,1,0,25,0,0,25,0,0,3,0,0,0,0,25,22,22,0.3450,9,0,0,pending,0
2274,15,1,0,-1,18,1,2,0,22,0,0,22,0,0,0,0,0,0,0,22,22,22,0.5162,9,0,0,hop,1
2274,67,2,0,-1,11,1,2,0,13,0,0,13,0,0,0,1,0,0,0,13,14,14,0.5581,9,0,0,pending,0
2274,76,3,0,-1,17,0,1,0,24,0,0,24,0,0,0,0,0,0,0,24,24,24,0.5446,12,0,0,hop,1
2274,172,1,0,-1,15,0,1,0,25,0,0,25,0,0,3,0,0,0,0,25,22,22,0.3451,9,0,0,hop,1
2274,199,1,1,150,17,1,3,0,13,0,1,4,9,0,1,0,8,8,8,21,12,20,0.3196,7,1,0,still,0
2275,11,1,1,180,20,0,1,0,24,0,1,17,7,0,0,0,1,1,1,25,24,25,0.5671,9,1,0,still,0
2275,35,2,1,150,17,0,1,0,13,0,1,4,9,0,0,0,9,9,9,22,13,22,0.3113,6,1,0,still,0
2275,50,1,0,-1,21,1,3,0,22,0,0,22,0,0,0,2,0,0,0,22,24,24,0.5413,9,0,0,pending,0
2275,67,2,0,-1,11,1,2,0,13,0,0,13,0,0,0,1,0,0,0,13,14,14,0.5581,9,0,0,hop,1
2275,130,1,0,-1,17,0,2,0,20,0,0,20,0,0,0,1,0,0,0,20,21,21,0.5815,9,0,0,pending,0
2276,2,1,1,210,16,0,1,0,12,0,1,4,8,0,0,0,8,8,8,20,12,20,0.3282,5,1,0,still,0
2276,50,1,0,-1,21,1,3,0,22,0,0,22,0,0,0,2,0,0,0,22,24,24,0.5418,9,0,0,hop,1
2276,130,1,0,-1,17,0,2,0,20,0,0,20,0,0,0,1,0,0,0,20,21,21,0.5807,9,0,0,hop,1
2276,145,1,0,-1,14,1,2,0,11,0,1,4,7,0,0,0,9,9,7,20,11,18,0.3998,8,1,0,start_jam,0
2276,159,1,1,150,13,1,2,0,8,0,1,2,6,0,0,0,7,7,7,15,8,15,0.2328,4,1,0,still,0
2278,62,2,0,-1,17,4,6,0,22,0,0,22,0,0,1,0,0,0,0,22,21,21,0.6054,12,0,0,pending,0
2278,72,2,1,30,17,0,2,0,13,0,1,3,10,0,0,0,8,8,8,21,13,21,0.2761,5,1,0,still,0
2278,151,1,1,90,19,0,1,0,25,0,1,17,8,0,1,0,0,0,0,25,24,24,0.4121,9,1,0,still,0
2279,29,2,0,-1,18,5,6,0,22,0,0,22,0,0,0,0,0,0,0,22,22,22,0.6243,12,0,0,pending,0
2279,44,1,1,180,19,0,2,1,21,0,1,12,9,0,0,1,1,1,1,22,22,23,0.4379,8,1,0,still,0
2279,62,2,0,-1,17,4,6,0,22,0,0,22,0,0,1,0,0,0,0,22,21,21,0.6054,12,0,0,hop,1
2279,73,2,0,-1,7,5,12,0,7,0,0,7,0,0,0,0,0,0,0,7,7,7,0.2464,6,0,0,pending,0
2280,29,2,0,-1,18,5,6,0,22,0,0,22,0,0,0,0,0,0,0,22,22,22,0.6242,12,0,0,hop,1
2280,73,2,0,-1,6,5,12,0,7,0,0,7,0,0,0,0,0,0,0,7,7,7,0.2463,6,0,0,hop,1
2282,47,2,1,150,20,0,2,0,22,0,1,19,3,0,0,2,0,0,0,22,24,24,0.5505,11,0,1,still,0
2282,117,3,1,30,16,0,1,0,23,0,1,13,10,0,0,0,5,5,4,28,23,27,0.3749,10,1,0,still,0
2282,177,1,0,-1,15,0,1,0,20,0,0,20,0,0,3,0,0,0,0,20,17,17,0.6304,12,0,0,pending,0
2283,12,2,1,150,19,0,1,0,23,0,1,16,7,0,0,1,1,1,1,24,24,25,0.4542,9,1,0,still,0
2283,13,2,1,150,19,1,2,0,23,0,1,18,5,0,0,1,1,1,1,24,24,25,0.4947,9,1,0,still,0
2283,68,2,1,30,15,1,2,0,13,0,1,3,10,0,0,0,7,7,7,20,13,20,0.2973,5,1,0,still,0
2283,113,1,1,210,16,0,2,0,9,0,1,3,6,0,0,1,10,10,8,19,10,18,0.2639,6,1,0,still,0
2284,154,2,1,150,17,0,1,0,12,0,1,3,9,0,0,0,10,10,9,22,12,21,0.3174,8,1,0,still,0
2285,140,1,1,240,19,0,1,0,22,0,1,20,2,0,1,1,0,0,0,22,22,22,0.3930,8,0,0,still,0
2286,100,1,1,180,15,1,2,0,8,0,1,3,5,0,0,0,8,8,9,16,8,17,0.2955,4,1,0,still,0
2286,171,1,0,-1,16,0,1,1,25,0,0,25,0,0,4,0,0,0,0,25,21,21,0.3989,10,0,0,pending,0
2286,183,1,1,240,18,0,1,1,25,0,0,22,3,0,4,0,0,0,0,25,21,21,0.5110,11,0,1,end_clear,0
2287,1,2,1,240,15,0,2,0,13,0,1,3,10,0,0,0,7,7,7,20,13,20,0.2968,5,1,0,still,0
2287,77,3,0,-1,18,2,3,0,26,0,0,26,0,0,1,0,0,0,0,26,25,25,0.5949,14,0,0,pending,0
2287,171,1,0,-1,16,0,1,1,25,0,0,25,0,0,4,0,0,0,0,25,21,21,0.3989,10,0,0,hop,1
2288,54,2,0,-1,19,1,2,0,25,0,0,25,0,0,0,0,0,0,0,25,25,25,0.5751,12,0,0,pending,0
2288,77,3,0,-1,18,2,3,0,26,0,0,26,0,0,1,0,0,0,0,26,25,25,0.5949,14,0,0,hop,1
2289,54,2,0,-1,19,1,2,0,25,0,0,25,0,0,0,0,0,0,0,25,25,25,0.5751,12,0,0,hop,1
2289,182,1,0,-1,20,1,2,0,24,0,1,19,5,0,0,0,0,0,0,24,24,24,0.4623,11,1,0,start_jam,0
2289,188,1,1,270,16,1,2,0,11,0,1,3,8,0,0,0,10,10,8,21,11,19,0.3518,9,1,0,still,0
2290,40,1,1,240,15,0,2,0,16,0,1,8,8,0,0,1,6,6,6,22,17,23,0.4334,8,1,0,still,0
2291,3,2,1,210,15,0,1,0,14,0,1,5,9,0,0,0,7,7,7,21,14,21,0.3622,6,1,0,still,0
2291,23,2,0,-1,16,0,2,0,21,0,0,21,0,0,0,0,0,0,0,21,21,21,0.4922,9,0,0,pending,0
2292,6,2,0,-1,15,1,2,0,19,0,1,9,10,0,0,0,6,6,6,25,19,25,0.4498,9,1,0,start_jam,0
2292,23,2,0,-1,16,0,2,0,21,0,0,21,0,0,0,0,0,0,0,21,21,21,0.4922,9,0,0,hop,1
2292,139,1,1,30,19,0,2,1,23,0,1,19,4,0,0,0,0,0,0,23,23,23,0.4422,9,1,0,still,0
2293,4,2,0,-1,14,0,1,0,15,0,1,6,9,0,0,0,7,7,7,22,15,22,0.3930,8,1,0,start_jam,0
2294,75,1,0,-1,2,0,13,1,2,0,0,2,0,0,0,1,0,0,0,2,3,3,0.1108,1,0,0,pending,0
2294,115,2,1,180,15,0,2,0,18,0,1,8,10,0,1,0,8,8,8,26,17,25,0.3504,9,1,0,still,0
2295,75,1,0,-1,2,0,13,1,2,0,0,2,0,0,0,1,0,0,0,2,3,3,0.1108,1,0,0,hop,1
2295,114,1,1,210,15,0,1,0,13,0,1,5,8,0,0,0,8,8,7,21,13,20,0.3520,7,1,0,still,0
2295,146,2,1,270,13,1,2,0,16,0,1,6,10,0,1,0,8,8,8,24,15,23,0.3747,10,1,0,still,0
2296,10,1,1,150,18,1,2,0,21,0,1,13,8,0,1,1,1,1,1,22,21,22,0.5862,9,1,0,still,0
2297,91,2,0,-1,18,3,6,0,22,0,0,22,0,0,0,0,0,0,0,22,22,22,0.6069,12,0,0,pending,0
2297,189,1,1,270,14,0,2,0,13,0,1,3,10,0,0,0,9,9,7,22,13,20,0.4200,10,1,0,still,0
2298,91,2,0,-1,18,3,6,0,22,0,0,22,0,0,0,0,0,0,0,22,22,22,0.6069,12,0,0,hop,1
2299,9,1,1,270,19,0,1,0,23,0,1,13,10,0,0,0,1,1,1,24,23,24,0.4727,9,1,0,still,0
2300,5,2,1,120,14,1,2,0,17,0,1,8,9,0,0,0,7,7,7,24,17,24,0.4238,9,1,0,still,0
2300,195,1,1,300,17,1,2,0,12,0,1,1,11,0,0,0,10,10,8,22,12,20,0.4027,11,1,0,end_cap,1
2301,8,2,1,240,18,0,1,0,22,0,1,12,10,0,0,0,3,3,3,25,22,25,0.4507,10,1,0,still,0
2301,89,1,0,-1,17,0,2,0,21,0,0,21,0,0,0,0,0,0,0,21,21,21,0.6458,11,0,0,pending,0
2301,149,1,1,300,19,0,1,0,22,0,1,12,10,0,0,0,4,4,2,26,22,24,0.4113,9,1,0,end_cap,1
2301,158,1,1,90,17,2,3,0,10,0,1,2,8,0,0,0,9,9,7,19,10,17,0.2594,5,1,0,still,0
2302,7,2,1,90,16,0,2,0,22,0,1,12,10,0,0,1,3,3,3,25,23,26,0.4205,9,1,0,still,0
2302,89,1,0,-1,17,0,2,0,21,0,0,21,0,0,0,0,0,0,0,21,21,21,0.6458,11,0,0,hop,1
2302,144,2,0,-1,4,3,12,0,5,0,0,5,0,0,0,0,0,0,0,5,5,5,0.1294,4,0,0,hop,1
2302,153,1,1,270,17,0,2,0,12,0,1,1,11,0,0,0,9,9,7,21,12,19,0.3491,8,1,0,still,0
2303,14,1,1,270,18,0,2,1,21,0,1,19,2,0,1,2,0,0,0,21,22,22,0.4802,8,0,0,still,0
2303,85,1,0,-1,16,1,3,0,20,0,0,20,0,0,0,1,0,0,0,20,21,21,0.5334,9,0,0,pending,0
2303,108,1,0,-1,11,0,2,0,15,0,0,15,0,0,1,0,0,0,0,15,14,14,0.6207,9,0,0,pending,0
2304,85,1,0,-1,16,1,3,0,20,0,0,20,0,0,0,1,0,0,0,20,21,21,0.5335,9,0,0,hop,1
2304,108,1,0,-1,11,0,2,0,15,0,0,15,0,0,1,0,0,0,0,15,14,14,0.6208,9,0,0,hop,1
2304,142,2,0,-1,19,3,4,0,22,0,1,22,0,0,0,2,0,0,0,22,24,24,0.5848,11,0,0,start_jam,0
2304,199,1,1,180,17,1,3,0,12,0,1,2,10,0,0,0,9,9,8,21,12,20,0.3196,7,1,0,still,0
2305,11,1,1,210,20,0,1,0,23,0,1,15,8,0,0,0,1,1,1,24,23,24,0.6387,10,1,0,still,0
2305,35,2,1,180,17,0,1,0,15,0,1,2,13,0,0,0,7,7,7,22,15,22,0.3113,6,1,0,still,0
2305,65,1,0,-1,17,0,6,0,20,0,0,20,0,0,0,0,0,0,0,20,20,20,0.5086,9,0,0,pending,0
2306,2,1,1,240,16,0,1,0,15,0,1,3,12,0,0,0,6,6,6,21,15,21,0.3282,5,1,0,still,0
2306,65,1,0,-1,17,0,6,0,20,0,0,20,0,0,0,0,0,0,0,20,20,20,0.5085,9,0,0,hop,1
2306,145,1,1,30,14,1,2,0,15,0,1,5,10,0,0,0,7,7,5,22,15,20,0.4011,8,1,0,still,0
2306,159,1,1,180,13,1,2,0,6,0,1,3,3,0,0,0,9,9,9,15,6,15,0.2328,4,1,0,still,0
2307,55,2,0,-1,21,0,1,0,24,0,0,24,0,0,0,0,0,0,0,24,24,24,0.5419,12,0,0,pending,0
2308,55,2,0,-1,21,0,1,0,24,0,0,24,0,0,0,0,0,0,0,24,24,24,0.5420,12,0,0,hop,1
2308,72,2,1,60,17,0,2,0,13,0,1,2,11,0,0,0,8,8,8,21,13,21,0.2761,5,1,0,still,0
2308,151,1,1,120,19,0,1,0,25,0,1,16,9,0,1,0,0,0,0,25,24,24,0.5004,11,1,0,still,0
2309,44,1,1,210,19,0,2,1,20,0,1,10,10,0,0,1,1,1,1,21,21,22,0.4381,8,1,0,still,0
2310,111,1,0,-1,0,0,1,1,0,0,0,0,0,0,0,0,0,0,0,0,0,0,0.0000,0,0,0,pending,0
2311,111,1,0,-1,0,0,1,1,0,0,0,0,0,0,0,0,0,0,0,0,0,0,0.0000,0,0,0,hop,1
2312,47,2,1,180,20,0,2,0,22,0,1,19,3,0,0,2,0,0,0,22,24,24,0.5830,12,0,1,still,0
2312,117,3,1,60,15,0,1,0,22,0,1,11,11,0,0,0,4,4,3,26,22,25,0.3750,10,1,0,still,0
2313,12,2,1,180,19,0,1,0,23,0,1,15,8,0,0,1,1,1,1,24,24,25,0.5841,11,1,0,still,0
2313,13,2,1,180,19,1,2,0,23,0,1,17,6,0,0,1,1,1,1,24,24,25,0.5606,10,1,0,still,0
2313,68,2,1,60,15,1,2,0,13,0,1,2,11,0,0,0,7,7,7,20,13,20,0.2973,5,1,0,still,0
2313,113,1,1,240,16,0,2,0,12,0,1,3,9,0,0,1,8,8,6,20,13,19,0.2639,6,1,0,still,0
2314,154,2,1,180,17,0,1,0,14,0,1,3,11,0,0,0,9,9,8,23,14,22,0.3175,8,1,0,still,0
2315,140,1,1,270,20,0,1,0,23,0,1,20,3,0,1,0,0,0,0,23,22,22,0.4270,9,0,0,still,0
2316,100,1,1,210,15,1,2,0,8,0,1,3,5,0,0,0,8,8,9,16,8,17,0.2955,4,1,0,still,0
2317,1,2,1,270,15,0,2,0,13,0,1,2,11,0,0,0,7,7,7,20,13,20,0.2968,5,1,0,still,0
2319,182,1,1,30,20,1,2,0,23,0,1,18,5,0,0,0,1,1,1,24,23,24,0.4623,11,1,0,still,0
2319,188,1,1,300,16,1,2,0,15,0,1,4,11,0,0,0,8,8,6,23,15,21,0.2977,8,1,0,end_cap,1
2320,40,1,1,270,15,0,2,0,17,0,1,7,10,0,0,1,5,5,5,22,18,23,0.4334,8,1,0,still,0
2320,133,2,0,-1,8,11,15,0,13,0,0,13,0,0,2,0,0,0,0,13,11,11,0.4208,8,0,0,pending,0
2321,3,2,1,240,15,0,1,0,17,0,1,5,12,0,0,0,5,5,5,22,17,22,0.3622,6,1,0,still,0
2321,133,2,0,-1,8,11,15,0,13,0,0,13,0,0,2,0,0,0,0,13,11,11,0.4208,8,0,0,hop,1
2322,6,2,1,30,15,1,2,0,18,0,1,8,10,0,0,0,6,6,6,24,18,24,0.4501,9,1,0,still,0
2322,139,1,1,60,19,0,2,1,23,0,1,18,5,0,0,0,0,0,0,23,23,23,0.4422,9,1,0,still,0
2323,4,2,1,30,14,0,1,0,16,0,1,7,9,0,0,0,6,6,6,22,16,22,0.3930,8,1,0,still,0
2323,103,1,0,-1,4,1,12,0,3,0,0,3,0,0,0,1,0,0,0,3,4,4,0.0739,2,0,0,pending,0
2324,103,1,0,-1,4,1,12,0,3,0,0,3,0,0,0,1,0,0,0,3,4,4,0.0739,2,0,0,hop,1
2324,115,2,1,210,15,0,2,0,17,0,1,8,9,0,0,0,9,9,8,26,17,25,0.2965,8,1,0,still,0
2325,114,1,1,240,15,0,1,0,13,0,1,6,7,0,0,0,8,8,7,21,13,20,0.3518,7,1,0,still,0
2325,146,2,1,300,13,1,2,0,16,0,1,7,9,0,0,0,8,8,7,24,16,23,0.3744,10,1,0,end_cap,1
2326,10,1,1,180,18,1,2,0,19,0,1,12,7,0,1,1,3,3,3,22,19,22,0.5837,9,1,0,still,0
2327,189,1,1,300,13,0,2,1,14,0,1,6,8,0,1,0,9,9,7,23,13,20,0.4231,10,1,0,end_cap,1
2329,9,1,1,300,19,0,1,0,20,0,1,11,9,0,0,0,3,3,3,23,20,23,0.4727,9,1,0,end_cap,1
2330,5,2,1,150,14,1,2,0,18,0,1,8,10,0,0,0,5,5,5,23,18,23,0.4238,9,1,0,still,0
2330,99,2,0,-1,6,4,10,0,7,0,0,7,0,0,0,0,0,0,0,7,7,7,0.2927,6,0,0,pending,0
2331,8,2,1,270,17,0,1,0,21,0,1,12,9,0,0,0,3,3,3,24,21,24,0.4509,10,1,0,still,0
2331,99,2,0,-1,6,4,10,0,7,0,0,7,0,0,0,0,0,0,0,7,7,7,0.2927,6,0,0,hop,1
2331,158,1,1,120,16,2,3,0,9,0,1,4,5,0,0,0,10,10,8,19,9,17,0.2594,5,1,0,still,0
2332,7,2,1,120,16,0,2,0,21,0,1,11,10,0,0,1,3,3,3,24,22,25,0.4205,9,1,0,still,0
2332,153,1,1,300,17,0,2,0,14,0,1,7,7,0,0,0,9,9,7,23,14,21,0.3496,8,1,0,end_cap,1
2333,14,1,1,300,18,0,2,1,20,0,1,18,2,0,0,2,1,1,0,21,22,22,0.4802,8,0,1,end_cap,1
2334,142,2,1,30,19,0,1,0,23,0,1,23,0,0,0,2,0,0,0,23,25,25,0.5846,11,0,0,still,0
2334,199,1,1,210,17,1,3,0,9,0,1,5,4,0,0,0,11,11,10,20,9,19,0.3196,7,1,0,still,0
2335,11,1,1,240,20,0,1,0,21,0,1,16,5,0,0,0,3,3,3,24,21,24,0.6379,10,1,0,still,0
2335,26,3,0,-1,17,0,1,0,24,0,0,24,0,0,0,0,0,0,0,24,24,24,0.6547,14,0,0,pending,0
2335,35,2,1,210,17,0,1,0,17,0,1,9,8,0,0,0,7,7,7,24,17,24,0.3113,6,1,0,still,0
2335,141,2,0,-1,18,2,3,0,23,0,1,23,0,0,0,2,0,0,0,23,25,25,0.5637,10,0,0,start_jam,0
2336,2,1,1,270,16,0,1,0,16,0,1,8,8,0,0,0,6,6,6,22,16,22,0.3282,5,1,0,still,0
2336,26,3,0,-1,17,0,1,0,24,0,0,24,0,0,0,0,0,0,0,24,24,24,0.6547,14,0,0,hop,1
2336,145,1,1,60,14,0,1,0,15,0,1,7,8,0,0,0,7,7,5,22,15,20,0.4040,8,1,0,still,0
2336,159,1,1,210,13,1,2,0,6,0,1,4,2,0,0,0,9,9,9,15,6,15,0.2328,4,1,0,still,0
2338,72,2,1,90,17,0,2,0,10,0,1,5,5,0,0,0,10,10,10,20,10,20,0.2761,5,1,0,still,0
2338,151,1,1,150,19,0,1,0,23,0,1,16,7,0,1,0,2,2,2,25,22,24,0.5298,12,1,0,still,0
2339,44,1,1,240,19,0,2,1,18,0,1,10,8,0,0,1,3,3,3,21,19,22,0.4381,8,1,0,still,0
2342,47,2,1,210,20,0,2,0,23,0,1,20,3,0,0,1,0,0,1,23,24,25,0.5821,12,1,0,still,0
2342,80,1,0,-1,19,0,3,0,19,0,0,19,0,0,0,1,0,0,0,19,20,20,0.5352,9,0,0,hop,1
2342,117,3,1,90,15,0,1,0,22,0,1,12,10,0,0,0,4,4,3,26,22,25,0.3749,10,1,0,still,0
2343,12,2,1,210,19,0,1,0,21,0,1,15,6,0,0,1,3,3,3,24,22,25,0.5841,11,1,0,still,0
2343,13,2,1,210,19,1,2,0,21,0,1,17,4,0,0,1,3,3,3,24,22,25,0.5606,10,1,0,still,0
2343,68,2,1,90,15,1,2,0,12,0,1,7,5,0,0,0,9,9,9,21,12,21,0.2973,5,1,0,still,0
2343,113,1,1,270,16,0,2,0,14,0,1,6,8,0,0,1,8,8,6,22,15,21,0.2637,6,1,0,still,0
2344,154,2,1,210,17,0,1,0,15,0,1,9,6,0,0,0,9,9,8,24,15,23,0.3176,8,1,0,still,0
2345,140,1,1,300,20,0,1,0,26,0,1,23,3,0,1,0,0,0,0,26,25,25,0.4316,9,1,0,end_cap,0
2346,100,1,1,240,15,1,2,0,7,0,1,5,2,0,0,0,9,9,10,16,7,17,0.2955,4,1,0,still,0
2346,136,2,0,-1,4,2,10,0,6,0,0,6,0,0,0,0,0,0,0,6,6,6,0.1638,4,0,0,hop,1
2347,1,2,1,300,15,0,2,0,14,0,1,8,6,0,0,0,8,8,8,22,14,22,0.2968,5,1,0,end_cap,1
2347,83,1,0,-1,18,1,2,0,21,0,0,21,0,0,0,1,0,0,0,21,22,22,0.5489,10,0,0,hop,1
2347,92,1,0,-1,16,0,3,0,18,0,0,18,0,0,0,0,0,0,0,18,18,18,0.5906,9,0,0,pending,0
2348,92,1,0,-1,16,0,3,0,18,0,0,18,0,0,0,0,0,0,0,18,18,18,0.5906,9,0,0,hop,1
2349,182,1,1,60,20,1,2,0,24,0,1,20,4,0,0,0,1,1,1,25,24,25,0.4623,11,1,0,still,0
2350,40,1,1,300,15,0,2,0,16,0,1,7,9,0,0,1,4,4,4,20,17,21,0.4334,8,1,0,end_cap,1
2351,3,2,1,270,15,0,1,0,19,0,1,8,11,0,0,0,3,3,3,22,19,22,0.3622,6,1,0,still,0
2351,152,1,0,-1,2,0,5,1,2,0,0,2,0,0,0,0,0,0,0,2,2,2,0.1478,2,0,0,pending,0
2352,6,2,1,60,15,1,2,0,19,0,1,9,10,0,0,0,4,4,4,23,19,23,0.4501,9,1,0,still,0
2352,139,1,1,90,19,0,2,1,24,0,1,20,4,0,0,0,0,0,0,24,24,24,0.4422,9,1,0,still,0
2352,152,1,0,-1,2,0,5,1,2,0,0,2,0,0,0,0,0,0,0,2,2,2,0.1478,2,0,0,hop,1
2352,186,1,0,-1,12,0,1,0,18,0,0,18,0,0,4,0,0,0,0,18,14,14,0.5969,10,0,0,pending,0
2353,4,2,1,60,15,0,1,0,20,0,1,9,11,0,0,0,2,2,2,22,20,22,0.3930,8,1,0,still,0
2353,186,1,0,-1,12,0,1,0,18,0,0,18,0,0,4,0,0,0,0,18,14,14,0.5967,10,0,0,hop,1
2354,115,2,1,240,15,0,3,0,19,0,1,9,10,0,0,0,5,5,4,24,19,23,0.2965,8,1,0,still,0
2355,114,1,1,270,14,2,3,0,16,0,1,7,9,0,0,0,4,4,2,20,16,18,0.3515,7,1,0,still,0
2355,131,1,0,-1,15,0,1,1,26,0,0,26,0,0,6,0,0,0,0,26,20,20,0.4264,11,0,0,hop,1
2356,10,1,1,210,18,1,2,0,20,0,1,14,6,0,1,1,3,3,3,23,20,23,0.5837,9,1,0,still,0
2356,34,1,0,-1,3,1,4,0,4,0,0,4,0,0,0,0,0,0,0,4,4,4,0.0739,2,0,0,pending,0
2357,34,1,0,-1,3,1,4,0,4,0,0,4,0,0,0,0,0,0,0,4,4,4,0.0739,2,0,0,hop,1
2358,157,2,0,-1,17,0,3,0,19,0,1,10,9,0,0,0,4,4,4,23,19,23,0.2695,6,1,0,start_jam,0
2359,71,2,0,-1,6,2,8,0,7,0,0,7,0,0,0,0,0,0,0,7,7,7,0.3305,6,0,0,hop,1
2359,132,1,0,-1,15,1,3,0,18,0,0,18,0,0,0,0,0,0,0,18,18,18,0.5899,10,0,0,pending,0
2360,5,2,1,180,14,0,1,0,18,0,1,9,9,0,0,0,4,4,4,22,18,22,0.4238,9,1,0,still,0
2360,132,1,0,-1,15,1,3,0,18,0,0,18,0,0,0,0,0,0,0,18,18,18,0.5899,10,0,0,hop,1
2361,8,2,1,300,17,0,1,0,21,0,1,13,8,0,0,0,3,3,3,24,21,24,0.4510,10,1,0,end_cap,1
2361,17,3,0,-1,17,0,2,0,23,0,0,23,0,0,0,0,0,0,0,23,23,23,0.5320,12,0,0,hop,1
2361,158,1,1,150,16,2,3,0,15,0,1,7,8,0,0,0,5,5,3,20,15,18,0.2594,5,1,0,still,0
2362,7,2,1,150,16,0,2,0,21,0,1,13,8,0,0,1,3,3,3,24,22,25,0.4205,9,1,0,still,0
2363,86,1,0,-1,16,0,2,0,20,0,0,20,0,0,0,1,0,0,0,20,21,21,0.5376,9,0,0,hop,1
2364,142,2,1,60,19,1,2,0,23,0,1,22,1,0,0,2,0,0,0,23,25,25,0.5846,11,0,1,still,0
2364,199,1,1,240,17,1,3,0,16,0,1,7,9,0,0,0,5,5,4,21,16,20,0.3196,7,1,0,still,0
2365,11,1,1,270,20,0,1,0,22,0,1,17,5,0,0,0,3,3,3,25,22,25,0.6372,10,1,0,still,0
2365,35,2,1,240,17,0,1,0,21,0,1,11,10,0,0,0,3,3,3,24,21,24,0.3118,6,1,0,still,0
2365,141,2,1,30,18,0,2,0,23,0,1,23,0,0,0,2,0,0,0,23,25,25,0.5636,10,0,0,still,0
2366,2,1,1,300,16,0,1,0,19,0,1,10,9,0,0,0,3,3,3,22,19,22,0.3285,5,1,0,end_cap,1
2366,145,1,1,90,14,1,2,0,18,0,1,9,9,0,1,0,3,3,2,21,17,19,0.4101,8,1,0,still,0
2366,159,1,1,240,13,1,2,0,10,0,1,5,5,0,0,0,5,5,5,15,10,15,0.2328,4,1,0,still,0
2367,21,2,0,-1,19,0,2,0,25,0,0,25,0,0,0,0,0,0,0,25,25,25,0.5200,11,0,0,pending,0
2368,21,2,0,-1,19,0,2,0,25,0,0,25,0,0,0,0,0,0,0,25,25,25,0.5201,11,0,0,hop,1
2368,72,2,1,120,16,0,2,0,19,0,1,8,11,0,0,0,2,2,2,21,19,21,0.2761,5,1,0,still,0
2368,151,1,1,180,19,0,1,0,24,0,1,18,6,0,1,0,2,2,2,26,23,25,0.5004,11,1,0,still,0
2369,44,1,1,270,19,0,2,1,18,0,1,11,7,0,0,1,3,3,3,21,19,22,0.4385,8,1,0,still,0
2372,47,2,1,240,20,0,2,0,23,0,1,21,2,0,0,1,0,0,1,23,24,25,0.5829,12,1,0,still,0
2372,117,3,1,120,15,0,1,0,23,0,1,14,9,0,1,0,3,3,3,26,22,25,0.3748,10,1,0,still,0
2373,12,2,1,240,19,0,1,0,22,0,1,17,5,0,0,1,3,3,3,25,23,26,0.5839,11,1,0,still,0
2373,13,2,1,240,19,1,2,0,22,0,1,19,3,0,0,1,3,3,3,25,23,26,0.5606,10,1,0,still,0
2373,68,2,1,120,15,1,2,0,21,0,1,10,11,0,0,0,1,1,1,22,21,22,0.2973,5,1,0,still,0
2373,113,1,1,300,16,0,2,0,20,0,1,9,11,0,2,0,1,1,1,21,18,19,0.2928,7,1,0,end_cap,1
2374,154,2,1,240,17,0,1,0,23,0,1,14,9,0,1,0,1,1,1,24,22,23,0.3175,8,1,0,still,0
2374,165,1,0,-1,18,0,1,0,27,0,0,27,0,0,4,0,0,0,0,27,23,23,0.4571,11,0,0,hop,1
2375,130,1,0,-1,17,0,2,0,21,0,0,21,0,0,0,1,0,0,0,21,22,22,0.5684,9,0,0,pending,0
2376,100,1,1,270,15,1,2,0,13,0,1,6,7,0,0,0,3,3,4,16,13,17,0.2955,4,1,0,still,0
2376,130,1,0,-1,17,0,2,0,21,0,0,21,0,0,0,1,0,0,0,21,22,22,0.5685,9,0,0,hop,1
2379,31,2,0,-1,18,2,6,0,22,0,0,22,0,0,0,0,0,0,0,22,22,22,0.6926,13,0,0,pending,0
2379,57,1,0,-1,19,0,3,0,22,0,0,22,0,0,0,0,0,0,0,22,22,22,0.5532,10,0,0,hop,1
2379,84,1,0,-1,17,2,3,0,21,0,0,21,0,0,0,0,0,0,0,21,21,21,0.5087,9,0,0,pending,0
2379,182,1,1,90,20,1,2,0,24,0,1,20,4,0,0,0,1,1,1,25,24,25,0.4623,11,1,0,still,0
2380,31,2,0,-1,18,2,6,0,22,0,0,22,0,0,0,0,0,0,0,22,22,22,0.6926,13,0,0,hop,1
2380,84,1,0,-1,17,2,3,0,21,0,0,21,0,0,0,0,0,0,0,21,21,21,0.5086,9,0,0,hop,1
2381,3,2,1,300,15,0,1,0,19,0,1,7,12,0,0,0,1,1,1,20,19,20,0.3603,6,1,0,end_cap,1
2381,168,1,0,-1,18,0,1,1,27,0,0,27,0,0,5,0,0,0,0,27,22,22,0.3471,9,0,0,pending,0
2382,6,2,1,90,15,1,2,0,20,0,1,10,10,0,0,0,3,3,3,23,20,23,0.4476,9,1,0,still,0
2382,139,1,1,120,19,0,2,1,24,0,1,20,4,0,0,0,0,0,0,24,24,24,0.4422,9,1,0,still,0
2382,168,1,0,-1,18,0,1,1,27,0,0,27,0,0,5,0,0,0,0,27,22,22,0.3471,9,0,0,hop,1
2383,4,2,1,90,15,0,1,0,20,0,1,9,11,0,0,1,0,0,0,20,21,21,0.3956,8,1,0,still,0
2384,115,2,1,270,15,0,3,0,22,0,1,10,12,0,1,0,2,2,2,24,21,23,0.2965,8,1,0,still,0
2385,73,2,0,-1,4,2,10,0,7,0,0,7,0,0,0,0,0,0,0,7,7,7,0.1856,4,0,0,pending,0
2385,114,1,1,300,14,2,3,0,19,0,1,8,11,0,2,0,0,0,0,19,17,17,0.3518,7,1,0,end_cap,0
2385,128,1,0,-1,20,0,1,1,27,0,0,27,0,0,3,0,0,0,0,27,24,24,0.3478,9,0,0,pending,0
2386,10,1,1,240,18,1,2,0,21,0,1,15,6,0,1,1,3,3,3,24,21,24,0.5854,9,1,0,still,0
2386,28,2,0,-1,16,1,2,0,22,0,0,22,0,0,0,0,0,0,0,22,22,22,0.6214,12,0,0,pending,0
2386,73,2,0,-1,4,2,10,0,7,0,0,7,0,0,0,0,0,0,0,7,7,7,0.1855,4,0,0,hop,1
2386,128,1,0,-1,20,0,1,1,27,0,0,27,0,0,3,0,0,0,0,27,24,24,0.3479,9,0,0,hop,1
2386,166,2,0,-1,19,0,1,0,26,0,0,26,0,0,1,0,0,0,0,26,25,25,0.3989,11,0,0,hop,1
2386,169,1,0,-1,20,1,2,0,24,0,1,22,2,0,1,1,0,0,0,24,24,24,0.5746,10,0,1,start_jam,0
2387,28,2,0,-1,16,1,2,0,22,0,0,22,0,0,0,0,0,0,0,22,22,22,0.6217,12,0,0,hop,1
2387,66,1,0,-1,13,0,1,0,16,0,0,16,0,0,1,0,0,0,0,16,15,15,0.6278,9,0,0,pending,0
2388,66,1,0,-1,13,0,1,0,16,0,0,16,0,0,1,0,0,0,0,16,15,15,0.6278,9,0,0,hop,1
2388,157,2,1,30,17,0,3,0,21,0,1,14,7,0,0,0,2,2,2,23,21,23,0.2696,6,1,0,still,0
2390,5,2,1,210,14,0,1,0,20,0,1,9,11,0,0,0,2,2,2,22,20,22,0.4266,9,1,0,still,0
2390,33,3,0,-1,7,5,8,0,9,0,0,9,0,0,0,0,0,0,0,9,9,9,0.3898,8,0,0,pending,0
2391,33,3,0,-1,7,5,8,0,9,0,0,9,0,0,0,0,0,0,0,9,9,9,0.3898,8,0,0,hop,1
2391,158,1,1,180,16,2,3,0,15,0,1,12,3,0,0,0,6,6,4,21,15,19,0.2594,5,1,0,still,0
2392,7,2,1,180,16,0,2,0,21,0,1,12,9,0,0,1,3,3,3,24,22,25,0.4210,9,1,0,still,0
2393,126,2,0,-1,19,0,1,1,26,0,0,26,0,0,3,0,0,0,0,26,23,23,0.3764,10,0,0,pending,0
2394,126,2,0,-1,19,0,1,1,26,0,0,26,0,0,3,0,0,0,0,26,23,23,0.3764,10,0,0,hop,1
2394,142,2,1,90,19,2,3,0,24,0,1,22,2,0,0,1,0,0,0,24,25,25,0.5847,11,0,1,still,0
2394,199,1,1,270,17,1,3,0,16,0,1,12,4,0,0,0,6,6,5,22,16,21,0.3196,7,1,0,still,0
2395,11,1,1,300,20,0,1,0,22,0,1,16,6,0,0,0,3,3,3,25,22,25,0.6385,10,1,0,end_cap,1
2395,35,2,1,270,17,0,1,0,23,0,1,14,9,0,0,0,0,0,0,23,23,23,0.3123,6,1,0,still,0
2395,141,2,1,60,17,1,3,0,22,0,0,22,0,0,0,1,0,0,0,22,23,23,0.5640,10,0,0,end_clear,1
2396,127,1,0,-1,19,0,1,0,24,0,0,24,0,0,3,0,0,0,0,24,21,21,0.3503,9,0,0,pending,0
2396,145,1,1,120,14,1,2,0,20,0,1,11,9,0,2,0,0,0,0,20,18,18,0.4104,8,1,0,still,0
2396,159,1,1,270,12,1,2,0,8,0,1,8,0,0,0,0,8,8,8,16,8,16,0.2328,4,1,0,still,0
2397,127,1,0,-1,19,0,1,0,24,0,0,24,0,0,3,0,0,0,0,24,21,21,0.3503,9,0,0,hop,1
2397,161,2,0,-1,17,0,1,0,24,0,0,24,0,0,2,0,0,0,0,24,22,22,0.3780,8,0,0,hop,1
2398,72,2,1,150,16,0,2,0,18,0,1,13,5,0,0,0,5,5,5,23,18,23,0.2761,5,1,0,still,0
2398,85,1,0,-1,16,0,2,0,20,0,0,20,0,0,1,1,0,0,0,20,20,20,0.5336,9,0,0,hop,1
2398,123,2,0,-1,15,0,2,0,14,0,1,11,3,0,0,0,8,8,8,22,14,22,0.2998,7,1,0,start_jam,0
2398,151,1,1,210,19,0,1,0,24,0,1,19,5,0,1,0,2,2,2,26,23,25,0.5004,11,1,0,still,0
2398,172,1,0,-1,15,0,1,0,25,0,0,25,0,0,3,0,0,0,0,25,22,22,0.3449,9,0,0,hop,1
2399,44,1,1,300,18,0,2,1,19,0,1,13,6,0,0,1,3,3,3,22,20,23,0.4385,8,1,0,end_cap,1
