tick,id,size,holding,elapsed,ahead,qpos,qsize,front,count,crowded,jam,n_train,n_hold,n_other,n_behind,n_missed,n_rest,n_rest_hold,n_rest_loop,count_rest,count_loop,count_all_loop,occ,n_corr,holder_corr,holder_stack_only,outcome,hopped
97,111,1,0,-1,5,2,3,0,5,0,0,5,0,0,0,0,0,0,0,5,5,5,0.1783,5,0,0,pending,0
98,111,1,0,-1,5,2,3,0,5,0,0,5,0,0,0,0,0,0,0,5,5,5,0.1782,5,0,0,hop,1
101,75,1,0,-1,10,1,3,0,10,0,0,10,0,0,0,0,0,0,0,10,10,10,0.3129,9,0,0,hop,1
101,137,1,0,-1,4,1,3,0,3,0,0,3,0,0,0,1,0,0,0,3,4,4,0.1092,3,0,0,hop,1
102,159,1,0,-1,24,1,3,0,27,0,0,27,0,0,0,0,0,0,0,27,27,27,0.2447,9,0,0,hop,1
105,100,1,0,-1,22,1,2,0,25,0,0,25,0,0,0,1,0,0,0,25,26,26,0.3701,10,0,0,hop,1
108,158,1,0,-1,24,0,2,1,29,0,0,29,0,0,2,1,0,0,0,29,28,28,0.2883,10,0,0,hop,1
112,155,1,0,-1,0,0,3,1,1,0,0,1,0,0,1,0,0,0,0,1,0,0,0.0361,1,0,0,pending,0
112,199,1,0,-1,24,2,3,0,25,0,0,25,0,0,0,0,0,0,0,25,25,25,0.3211,13,0,0,hop,1
113,155,1,0,-1,0,0,3,1,1,0,0,1,0,0,1,0,0,0,0,1,0,0,0.0361,1,0,0,hop,1
122,124,1,0,-1,9,1,2,0,8,0,0,8,0,0,0,1,0,0,0,8,9,9,0.2850,8,0,0,pending,0
123,124,1,0,-1,9,1,2,0,8,0,0,8,0,0,0,1,0,0,0,8,9,9,0.2852,8,0,0,hop,1
125,179,1,0,-1,4,4,5,0,5,0,0,5,0,0,1,0,0,0,0,5,4,4,0.1754,5,0,0,hop,1
133,97,1,0,-1,8,0,4,0,9,0,0,9,0,0,1,0,0,0,0,9,8,8,0.2821,8,0,0,hop,1
140,102,1,0,-1,2,2,5,0,4,0,0,4,0,0,2,0,0,0,0,4,2,2,0.1436,4,0,0,pending,0
141,102,1,0,-1,2,2,5,0,4,0,0,4,0,0,2,0,0,0,0,4,2,2,0.1435,4,0,0,hop,1
149,160,1,0,-1,6,0,2,1,10,0,0,10,0,0,4,0,0,0,0,10,6,6,0.2624,8,0,0,pending,0
150,121,1,0,-1,1,1,5,0,1,0,0,1,0,0,0,0,0,0,0,1,1,1,0.0369,1,0,0,hop,1
150,160,1,0,-1,6,0,2,1,10,0,0,10,0,0,4,0,0,0,0,10,6,6,0.2625,8,0,0,hop,1
154,104,1,0,-1,9,1,4,0,8,0,0,8,0,0,0,1,0,0,0,8,9,9,0.2531,7,0,0,hop,1
208,156,1,0,-1,11,0,1,0,12,0,0,12,0,0,1,0,0,0,0,12,11,11,0.3838,11,0,0,pending,0
209,156,1,0,-1,11,0,1,0,12,0,0,12,0,0,1,0,0,0,0,12,11,11,0.3838,11,0,0,hop,1
214,100,1,0,-1,23,1,2,0,23,0,0,23,0,0,0,1,0,0,0,23,24,24,0.4027,10,0,0,hop,1
224,155,1,0,-1,2,2,6,0,2,0,0,2,0,0,0,0,0,0,0,2,2,2,0.0679,2,0,0,hop,1
224,158,1,0,-1,21,0,2,0,26,0,0,26,0,0,2,0,0,0,0,26,24,24,0.3182,8,0,0,hop,1
230,137,1,0,-1,4,4,6,0,4,0,0,4,0,0,0,0,0,0,0,4,4,4,0.1410,4,0,0,pending,0
231,137,1,0,-1,4,4,6,0,4,0,0,4,0,0,0,0,0,0,0,4,4,4,0.1410,4,0,0,hop,1
248,75,1,0,-1,10,2,3,0,10,0,0,10,0,0,0,0,0,0,0,10,10,10,0.3434,10,0,0,hop,1
255,159,1,0,-1,18,0,1,0,20,0,0,20,0,0,0,1,0,0,0,20,21,21,0.3158,11,0,0,hop,1
258,179,1,0,-1,5,5,6,0,6,0,0,6,0,0,1,0,0,0,0,6,5,5,0.2125,6,0,0,hop,1
267,111,1,0,-1,6,0,1,0,6,0,0,6,0,0,0,0,0,0,0,6,6,6,0.2176,6,0,0,hop,1
279,199,1,0,-1,20,1,2,0,24,0,0,24,0,0,0,0,0,0,0,24,24,24,0.3239,12,0,0,hop,1
286,104,1,0,-1,9,1,3,0,8,0,0,8,0,0,0,1,0,0,0,8,9,9,0.2853,8,0,0,pending,0
287,104,1,0,-1,9,1,3,0,8,0,0,8,0,0,0,1,0,0,0,8,9,9,0.2853,8,0,0,hop,1
288,160,1,0,-1,0,0,6,1,1,0,0,1,0,0,1,0,0,0,0,1,0,0,0.0351,1,0,0,pending,0
289,121,1,0,-1,1,1,6,0,1,0,0,1,0,0,0,0,0,0,0,1,1,1,0.0366,1,0,0,hop,1
289,160,1,0,-1,0,0,6,1,1,0,0,1,0,0,1,0,0,0,0,1,0,0,0.0351,1,0,0,hop,1
293,102,1,0,-1,3,1,4,0,3,0,0,3,0,0,0,0,0,0,0,3,3,3,0.1096,3,0,0,pending,0
294,102,1,0,-1,3,1,4,0,3,0,0,3,0,0,0,0,0,0,0,3,3,3,0.1097,3,0,0,hop,1
295,124,1,0,-1,7,0,1,0,8,0,0,8,0,0,1,0,0,0,0,8,7,7,0.3149,8,0,0,pending,0
296,124,1,0,-1,7,0,1,0,8,0,0,8,0,0,1,0,0,0,0,8,7,7,0.3151,8,0,0,hop,1
302,156,1,0,-1,10,0,1,1,11,0,0,11,0,0,1,0,0,0,0,11,10,10,0.3835,10,0,0,hop,1
309,97,2,0,-1,7,1,3,0,7,0,0,7,0,0,0,0,0,0,0,7,7,7,0.2525,7,0,0,hop,1
314,1,1,0,-1,22,0,2,0,26,0,0,26,0,0,1,0,0,0,0,26,25,25,0.3621,7,0,0,pending,0
314,3,2,0,-1,21,0,1,0,28,0,0,28,0,0,0,0,0,0,0,28,28,28,0.3227,8,0,0,pending,0
314,4,2,0,-1,22,0,1,0,30,0,0,30,0,0,0,0,0,0,0,30,30,30,0.3297,9,0,0,pending,0
314,5,2,0,-1,25,0,1,0,31,1,0,31,0,0,0,0,0,0,0,31,31,31,0.3626,11,0,0,start_crowd,0
314,6,1,0,-1,25,0,1,1,27,0,0,27,0,0,0,0,0,0,0,27,27,27,0.3681,10,0,0,pending,0
314,7,1,0,-1,23,0,1,0,30,0,0,30,0,0,0,0,0,0,0,30,30,30,0.3694,10,0,0,pending,0
314,8,1,0,-1,20,0,2,1,30,0,0,30,0,0,1,0,0,0,0,30,29,29,0.3694,10,0,0,pending,0
314,10,1,0,-1,23,1,2,0,30,0,0,30,0,0,0,0,0,0,0,30,30,30,0.4695,11,0,0,pending,0
314,11,1,0,-1,25,1,2,0,30,0,0,30,0,0,0,0,0,0,0,30,30,30,0.5237,13,0,0,pending,0
314,12,1,0,-1,24,1,2,0,27,0,0,27,0,0,0,0,0,0,0,27,27,27,0.5803,15,0,0,pending,0
314,13,1,0,-1,26,1,2,0,29,0,0,29,0,0,0,0,0,0,0,29,29,29,0.6564,17,0,0,pending,0
314,14,1,0,-1,26,0,1,0,30,0,0,30,0,0,1,0,0,0,0,30,29,29,0.5953,16,0,0,pending,0
314,15,1,0,-1,24,2,3,0,28,0,0,28,0,0,0,0,0,0,0,28,28,28,0.6649,15,0,0,pending,0
314,16,1,0,-1,24,1,2,0,27,0,0,27,0,0,0,0,0,0,0,27,27,27,0.5907,12,0,0,pending,0
314,25,2,0,-1,24,1,2,0,33,1,0,33,0,0,0,0,0,0,0,33,33,33,0.5744,14,0,0,start_crowd,0
314,28,2,0,-1,25,0,2,0,31,1,0,31,0,0,1,0,0,0,0,31,30,30,0.6179,16,0,0,start_crowd,0
314,29,2,0,-1,22,1,2,0,31,1,0,31,0,0,1,0,0,0,0,31,30,30,0.5969,15,0,0,start_crowd,0
314,41,1,0,-1,23,0,1,0,28,0,0,28,0,0,0,2,0,0,0,28,30,30,0.3956,11,0,0,pending,0
314,44,1,0,-1,24,0,2,0,27,0,0,27,0,0,0,2,0,0,0,27,29,29,0.4745,11,0,0,pending,0
314,45,1,0,-1,24,0,2,0,27,0,0,27,0,0,0,2,0,0,0,27,29,29,0.4999,12,0,0,pending,0
314,46,1,0,-1,23,0,2,1,26,0,0,26,0,0,0,1,0,0,0,26,27,27,0.5838,15,0,0,pending,0
314,47,2,0,-1,26,0,2,0,29,0,0,29,0,0,0,2,0,0,0,29,31,31,0.6185,17,0,0,pending,0
314,51,1,0,-1,22,0,2,0,24,0,0,23,1,0,0,0,0,0,0,24,24,24,0.5460,11,0,0,pending,0
314,54,2,0,-1,22,0,1,1,26,0,1,24,2,0,0,0,0,0,0,26,26,26,0.5167,13,1,0,start_jam,0
314,55,2,0,-1,23,0,2,0,28,0,1,25,3,0,0,0,0,0,0,28,28,28,0.5205,13,1,0,start_jam,0
314,57,1,0,-1,23,2,3,0,26,0,1,23,3,0,0,0,0,0,0,26,26,26,0.5611,12,1,0,start_jam,0
314,58,1,0,-1,22,0,1,0,29,0,1,26,3,0,0,1,0,0,0,29,30,30,0.5419,11,1,0,start_jam,0
314,65,1,0,-1,20,0,1,0,27,0,0,27,0,0,0,0,0,0,0,27,27,27,0.5497,11,0,0,pending,0
314,66,1,0,-1,21,0,1,0,26,0,0,26,0,0,1,1,0,0,0,26,26,26,0.6238,13,0,0,pending,0
314,67,2,0,-1,20,0,2,0,24,0,0,24,0,0,0,1,0,0,0,24,25,25,0.5886,13,0,0,pending,0
314,71,2,0,-1,17,4,5,0,21,0,0,21,0,0,0,0,0,0,0,21,21,21,0.4961,12,0,0,pending,0
314,72,1,0,-1,20,0,2,0,23,0,0,22,1,0,1,0,0,0,0,23,22,22,0.4064,10,0,0,pending,0
314,79,1,0,-1,22,1,2,0,24,0,1,19,5,0,0,1,0,0,0,24,25,25,0.5717,12,1,0,start_jam,0
314,84,1,0,-1,23,1,3,0,26,0,1,22,4,0,0,0,0,0,0,26,26,26,0.4871,10,1,0,start_jam,0
314,86,1,0,-1,23,0,2,0,29,0,1,26,3,0,1,1,0,0,0,29,29,29,0.5719,11,1,0,start_jam,0
314,87,1,0,-1,24,1,2,0,31,1,1,29,2,0,0,0,0,0,0,31,31,31,0.6066,13,1,0,start_both,0
314,88,1,0,-1,25,1,2,0,31,1,1,29,2,0,0,0,0,0,0,31,31,31,0.6965,16,1,0,start_both,0
314,89,1,0,-1,27,1,2,0,31,1,1,29,2,0,0,0,0,0,0,31,31,31,0.6966,15,1,0,start_both,0
314,90,1,0,-1,24,0,1,0,28,0,1,27,1,0,0,1,0,0,0,28,29,29,0.6574,15,0,1,start_jam,0
314,91,1,0,-1,23,0,1,0,28,0,0,28,0,0,0,1,0,0,0,28,29,29,0.5875,13,0,0,pending,0
314,92,1,0,-1,23,1,3,0,28,0,0,28,0,0,0,2,0,0,0,28,30,30,0.6910,14,0,0,pending,0
314,95,1,0,-1,20,1,2,0,24,0,0,23,1,0,0,0,0,0,0,24,24,24,0.3315,7,0,0,pending,0
314,98,1,0,-1,21,1,2,0,24,0,0,23,1,0,0,0,0,0,0,24,24,24,0.4041,9,0,0,pending,0
314,99,2,0,-1,16,3,5,0,18,0,0,18,0,0,0,0,0,0,0,18,18,18,0.6063,15,0,0,pending,0
314,109,2,0,-1,18,0,2,0,22,0,0,22,0,0,0,0,0,0,0,22,22,22,0.6686,15,0,0,pending,0
314,110,1,0,-1,18,0,2,0,20,0,0,20,0,0,0,1,0,0,0,20,21,21,0.6455,13,0,0,pending,0
314,113,1,0,-1,21,2,3,0,27,0,1,26,1,0,3,1,0,0,0,27,25,25,0.2927,8,1,0,start_jam,0
314,114,1,0,-1,23,0,3,0,28,0,1,27,1,0,1,1,0,0,0,28,28,28,0.2930,8,1,0,start_jam,0
314,115,2,0,-1,26,0,2,0,33,1,1,32,1,0,1,0,0,0,0,33,32,32,0.3515,13,0,0,start_both,0
314,119,1,0,-1,22,1,2,0,34,1,0,34,0,0,4,0,0,0,0,34,30,30,0.3829,12,0,0,start_crowd,0
314,126,1,0,-1,22,1,2,0,30,0,1,22,8,0,5,0,0,0,0,30,25,25,0.3522,10,1,0,start_jam,0
314,127,1,0,-1,22,0,1,0,28,0,1,18,10,0,2,0,0,0,0,28,26,26,0.2966,9,1,0,start_jam,0
314,128,1,0,-1,22,0,1,0,30,0,1,18,12,0,2,0,0,0,0,30,28,28,0.3489,10,1,0,start_jam,0
314,130,1,0,-1,25,0,2,0,27,0,1,22,5,0,0,2,0,0,0,27,29,29,0.6005,15,1,0,start_jam,0
314,131,1,0,-1,22,0,1,0,32,1,1,21,11,0,3,0,0,0,0,32,29,29,0.3205,9,1,0,start_both,0
314,132,1,0,-1,20,2,3,0,28,0,0,28,0,0,0,0,0,0,0,28,28,28,0.7806,16,0,0,pending,0
314,135,1,0,-1,24,1,2,0,35,1,1,26,9,0,3,0,0,0,0,35,32,32,0.3721,11,1,0,start_both,0
314,138,1,0,-1,27,0,1,0,33,1,1,28,5,0,2,0,0,0,0,33,31,31,0.3968,13,1,0,start_both,0
314,139,1,0,-1,23,1,2,0,33,1,0,31,2,0,4,1,0,0,0,33,30,30,0.4420,12,0,0,start_crowd,0
314,140,1,0,-1,24,1,2,0,31,1,1,29,2,0,4,1,0,0,0,31,28,28,0.4412,12,1,0,start_both,0
314,141,2,0,-1,23,0,1,0,30,0,1,26,4,0,2,0,0,0,0,30,28,28,0.5130,16,1,0,start_jam,0
314,142,2,0,-1,25,1,2,0,32,1,1,27,5,0,2,0,0,0,0,32,30,30,0.5405,18,1,0,start_both,0
314,143,1,0,-1,23,0,1,0,34,1,0,32,2,0,4,0,0,0,0,34,30,30,0.4739,14,0,0,start_crowd,0
314,144,2,0,-1,15,2,5,0,18,0,0,18,0,0,1,0,0,0,0,18,17,17,0.6077,15,0,0,pending,0
314,153,1,0,-1,22,1,2,0,27,0,1,23,4,0,4,2,0,0,0,27,25,25,0.2898,8,1,0,start_jam,0
314,154,2,0,-1,22,0,1,0,30,0,1,25,5,0,3,0,0,0,0,30,27,27,0.3450,10,1,0,start_jam,0
314,157,2,0,-1,19,0,1,0,30,0,1,24,6,0,2,0,0,0,0,30,28,28,0.3177,8,1,0,start_jam,0
314,163,1,0,-1,22,0,2,1,30,0,1,20,10,0,5,0,0,0,0,30,25,25,0.3750,12,1,0,start_jam,0
314,166,1,0,-1,22,0,1,1,28,0,1,13,15,0,2,0,0,0,0,28,26,26,0.3225,10,1,0,start_jam,0
314,167,1,0,-1,22,0,1,1,30,0,1,16,14,0,2,0,0,0,0,30,28,28,0.3716,12,1,0,start_jam,0
314,168,1,0,-1,22,0,1,1,30,0,1,16,14,0,3,0,0,0,0,30,27,27,0.3209,10,1,0,start_jam,0
314,169,1,0,-1,25,0,2,0,32,1,1,25,7,0,2,0,0,0,0,32,30,30,0.6544,18,1,0,start_both,0
314,171,1,0,-1,22,0,1,1,32,1,1,19,13,0,3,0,0,0,0,32,29,29,0.3205,11,1,0,start_both,0
314,172,1,0,-1,21,0,1,1,34,1,1,22,12,0,3,0,0,0,0,34,31,31,0.3194,10,1,0,start_both,0
314,174,1,0,-1,20,1,2,0,30,0,0,30,0,0,4,0,0,0,0,30,26,26,0.6477,14,0,0,pending,0
314,176,1,0,-1,24,0,2,1,35,1,1,24,11,0,3,0,0,0,0,35,32,32,0.3926,13,1,0,start_both,0
314,180,1,0,-1,27,0,1,1,33,1,1,27,6,0,2,0,0,0,0,33,31,31,0.4641,17,1,0,start_both,0
314,181,1,0,-1,24,0,1,1,33,1,1,28,5,0,3,0,0,0,0,33,30,30,0.4481,15,0,1,start_both,0
314,183,1,0,-1,24,0,2,0,32,1,1,26,6,0,5,0,0,0,0,32,27,27,0.4886,14,1,0,start_both,0
314,186,1,0,-1,23,0,1,1,34,1,1,32,2,0,4,0,0,0,0,34,30,30,0.4619,15,0,1,start_both,0
314,188,1,0,-1,22,0,2,0,31,1,1,25,6,0,5,0,0,0,0,31,26,26,0.3800,11,1,0,start_both,0
314,189,1,0,-1,22,0,1,0,31,1,1,26,5,0,4,0,0,0,0,31,27,27,0.4237,14,1,0,start_both,0
314,194,1,0,-1,23,0,1,0,34,1,1,26,8,0,3,0,0,0,0,34,31,31,0.3799,13,1,0,start_both,0
314,195,1,0,-1,24,0,1,0,29,0,1,22,7,0,3,0,0,0,0,29,26,26,0.2921,9,1,0,start_jam,0
315,1,1,0,-1,22,0,2,0,26,0,1,17,9,0,1,0,0,0,0,26,25,25,0.3620,7,1,0,start_jam,0
315,3,2,0,-1,21,0,1,0,28,0,1,22,6,0,0,0,0,0,0,28,28,28,0.3227,8,1,0,start_jam,0
315,4,2,0,-1,22,0,1,0,30,0,1,24,6,0,0,0,0,0,0,30,30,30,0.3297,9,0,1,start_jam,0
315,6,1,0,-1,25,0,1,1,27,0,1,21,6,0,0,0,0,0,0,27,27,27,0.3681,10,0,0,start_jam,0
315,7,1,0,-1,23,0,1,0,30,0,1,21,9,0,0,0,0,0,0,30,30,30,0.3694,10,0,0,start_jam,0
315,8,1,0,-1,20,0,2,1,30,0,1,21,9,0,1,0,0,0,0,30,29,29,0.3694,10,0,0,start_jam,0
315,10,1,0,-1,23,1,2,0,30,0,1,23,7,0,0,0,0,0,0,30,30,30,0.4695,11,1,0,start_jam,0
315,11,1,0,-1,25,1,2,0,30,0,1,23,7,0,0,0,0,0,0,30,30,30,0.5237,13,1,0,start_jam,0
315,12,1,0,-1,24,1,2,0,27,0,1,22,5,0,0,0,0,0,0,27,27,27,0.5802,15,1,0,start_jam,0
315,13,1,0,-1,26,1,2,0,28,0,1,22,6,0,0,0,0,0,0,28,28,28,0.6563,17,1,0,start_jam,0
315,14,1,0,-1,26,0,1,0,29,0,1,21,8,0,1,0,0,0,0,29,28,28,0.5950,16,1,0,start_jam,0
315,15,1,0,-1,24,2,3,0,27,0,1,19,8,0,0,0,0,0,0,27,27,27,0.6649,15,1,0,start_jam,0
315,16,1,0,-1,23,1,2,0,26,0,1,16,10,0,0,0,0,0,0,26,26,26,0.6277,12,1,0,start_jam,0
315,41,1,0,-1,23,0,1,0,28,0,1,13,15,0,0,2,0,0,0,28,30,30,0.3956,11,1,0,start_jam,0
315,44,1,0,-1,24,0,2,0,27,0,1,15,12,0,0,2,0,0,0,27,29,29,0.4745,11,1,0,start_jam,0
315,45,1,0,-1,24,0,2,0,27,0,1,17,10,0,0,2,0,0,0,27,29,29,0.4998,12,1,0,start_jam,0
315,46,1,0,-1,23,0,2,1,26,0,1,17,9,0,0,1,0,0,0,26,27,27,0.5837,15,1,0,start_jam,0
315,47,2,0,-1,26,0,2,0,29,0,1,19,10,0,0,2,0,0,0,29,31,31,0.6185,17,1,0,start_jam,0
315,51,1,0,-1,21,0,2,0,23,0,1,11,12,0,0,0,0,0,0,23,23,23,0.5460,10,1,0,start_jam,0
315,56,1,0,-1,22,0,2,0,26,0,1,9,17,0,0,0,0,0,0,26,26,26,0.5151,11,1,0,start_jam,0
315,65,1,0,-1,20,0,1,0,27,0,0,27,0,0,0,0,0,0,0,27,27,27,0.5494,11,0,0,hop,1
315,66,1,0,-1,21,0,1,0,26,0,0,26,0,0,1,1,0,0,0,26,26,26,0.6235,13,0,0,hop,1
315,67,2,0,-1,20,0,2,0,24,0,0,24,0,0,0,1,0,0,0,24,25,25,0.5887,13,0,0,hop,1
315,71,2,0,-1,17,4,5,0,21,0,0,21,0,0,0,0,0,0,0,21,21,21,0.4961,12,0,0,hop,1
315,72,1,0,-1,20,0,2,0,23,0,1,11,12,0,1,0,0,0,0,23,22,22,0.4064,10,1,0,start_jam,0
315,91,1,0,-1,23,0,1,0,28,0,1,28,0,0,0,1,0,0,0,28,29,29,0.5874,13,0,0,start_jam,0
315,92,1,0,-1,23,1,3,0,28,0,0,28,0,0,0,2,0,0,0,28,30,30,0.6909,14,0,0,hop,1
315,95,1,0,-1,20,1,2,0,24,0,1,9,15,0,0,0,0,0,0,24,24,24,0.3315,7,1,0,start_jam,0
315,98,1,0,-1,21,1,2,0,24,0,1,8,16,0,0,0,0,0,0,24,24,24,0.4041,9,1,0,start_jam,0
315,99,2,0,-1,16,3,5,0,18,0,0,18,0,0,0,0,0,0,0,18,18,18,0.6061,15,0,0,hop,1
315,109,2,0,-1,18,0,2,0,22,0,0,22,0,0,0,0,0,0,0,22,22,22,0.6688,15,0,0,hop,1
315,110,1,0,-1,18,0,2,0,20,0,0,20,0,0,0,1,0,0,0,20,21,21,0.6455,13,0,0,hop,1
315,132,1,0,-1,20,2,3,0,28,0,0,28,0,0,0,0,0,0,0,28,28,28,0.7807,16,0,0,hop,1
315,144,2,0,-1,15,2,5,0,18,0,0,18,0,0,1,0,0,0,0,18,17,17,0.6078,15,0,0,hop,1
315,174,1,0,-1,20,1,2,0,30,0,0,30,0,0,4,0,0,0,0,30,26,26,0.6478,14,0,0,hop,1
316,117,1,0,-1,23,0,1,0,31,1,1,10,21,0,3,1,0,0,0,31,29,29,0.3532,11,1,0,start_both,0
316,123,2,0,-1,22,0,2,0,26,0,1,10,16,0,0,0,0,0,0,26,26,26,0.3176,10,1,0,start_jam,0
319,108,1,0,-1,21,0,2,0,26,0,0,26,0,0,1,1,0,0,0,26,26,26,0.7205,15,0,0,pending,0
320,108,1,0,-1,21,0,2,0,27,0,0,27,0,0,1,1,0,0,0,27,27,27,0.7205,15,0,0,hop,1
330,83,1,0,-1,22,0,2,0,26,0,1,8,18,0,1,1,0,0,0,26,26,26,0.5360,12,1,0,start_jam,0
332,165,1,0,-1,21,0,2,1,27,0,1,8,19,0,2,0,0,0,0,27,25,25,0.3733,12,1,0,start_jam,0
340,100,1,0,-1,21,1,2,0,23,0,1,8,15,0,0,0,0,0,0,23,23,23,0.4029,10,1,0,start_jam,0
344,5,2,1,30,24,0,1,0,31,1,1,11,20,0,0,0,0,0,0,31,31,31,0.3625,11,1,0,still,0
344,25,2,1,30,24,1,2,0,27,0,1,19,8,0,0,0,5,5,5,32,27,32,0.5656,14,1,0,still,0
344,28,2,1,30,25,0,2,0,29,0,1,26,3,0,0,0,1,1,1,30,29,30,0.5876,15,1,0,still,0
344,29,2,1,30,22,1,2,0,31,1,1,29,2,0,1,0,0,0,0,31,30,30,0.5983,15,0,1,still,0
344,54,2,1,30,21,0,2,0,18,0,1,6,12,0,0,0,7,7,7,25,18,25,0.5179,12,1,0,still,0
344,55,2,1,30,22,0,2,0,21,0,1,8,13,0,1,0,6,6,6,27,20,26,0.5733,14,1,0,still,0
344,57,1,1,30,23,2,3,0,21,0,1,10,11,0,0,0,5,5,5,26,21,26,0.5621,12,1,0,still,0
344,58,1,1,30,22,0,1,0,23,0,1,14,9,0,0,0,4,4,5,27,23,28,0.5412,11,1,0,still,0
344,79,1,1,30,21,1,2,0,19,0,1,8,11,0,0,0,4,4,4,23,19,23,0.5723,11,1,0,still,0
344,84,1,1,30,23,1,3,0,22,0,1,11,11,0,1,0,5,5,5,27,21,26,0.5147,11,1,0,still,0
344,86,1,1,30,24,0,2,0,25,0,1,17,8,0,0,0,4,4,5,29,25,30,0.5718,11,1,0,still,0
344,87,1,1,30,24,1,2,0,27,0,1,21,6,0,0,0,4,4,4,31,27,31,0.5722,12,1,0,still,0
344,88,1,1,30,25,1,2,0,27,0,1,22,5,0,0,0,4,4,4,31,27,31,0.5940,14,1,0,still,0
344,89,1,1,30,27,1,2,0,27,0,1,23,4,0,0,0,3,3,3,30,27,30,0.6317,14,1,0,still,0
344,90,1,1,30,24,0,1,0,28,0,1,26,2,0,0,0,0,0,1,28,28,29,0.6575,15,0,1,still,0
344,113,1,1,30,21,2,3,0,27,0,1,13,14,0,3,1,0,0,0,27,25,25,0.2930,8,1,0,still,0
344,114,1,1,30,23,0,3,0,28,0,1,11,17,0,1,1,0,0,0,28,28,28,0.2925,8,1,0,still,0
344,115,2,1,30,25,0,2,0,33,1,1,11,22,0,1,0,0,0,0,33,32,32,0.3512,13,1,0,still,0
344,119,1,1,30,22,1,3,0,33,1,1,14,19,0,4,0,0,0,0,33,29,29,0.4418,13,1,0,still,0
344,126,1,1,30,21,1,2,0,25,0,1,11,14,0,5,0,4,4,4,29,20,24,0.3522,9,1,0,still,0
344,127,1,1,30,21,1,2,0,20,0,1,8,12,0,2,0,7,7,7,27,18,25,0.3236,9,1,0,still,0
344,128,1,1,30,21,1,2,0,22,0,1,8,14,0,2,0,6,6,6,28,20,26,0.3489,10,1,0,still,0
344,130,1,1,30,24,0,2,0,23,0,1,14,9,0,0,2,2,2,2,25,25,27,0.6095,14,1,0,still,0
344,131,1,1,30,22,0,1,0,26,0,1,14,12,0,3,0,6,6,6,32,23,29,0.3205,9,1,0,still,0
344,135,1,1,30,24,1,2,0,31,1,1,21,10,0,3,0,4,4,4,35,28,32,0.3721,11,1,0,still,0
344,138,1,1,30,27,0,1,0,31,1,1,25,6,0,2,0,2,2,2,33,29,31,0.3703,13,1,0,still,0
344,139,1,1,30,23,1,2,0,32,1,1,13,19,0,4,1,0,0,0,32,29,29,0.4419,12,1,0,still,0
344,140,1,1,30,23,1,2,0,30,0,1,13,17,0,4,1,0,0,0,30,27,27,0.4709,12,1,0,still,0
344,141,2,1,30,23,0,1,0,28,0,1,15,13,0,2,0,1,1,1,29,26,27,0.5404,16,1,0,still,0
344,142,2,1,30,24,0,1,1,28,0,1,17,11,0,2,0,2,2,2,30,26,28,0.4870,16,1,0,still,0
344,143,1,1,30,23,0,1,0,34,1,1,31,3,0,4,0,0,0,0,34,30,30,0.5002,15,0,0,still,0
344,153,1,1,30,22,1,2,0,27,0,1,14,13,0,4,1,0,0,0,27,24,24,0.2901,8,1,0,still,0
344,154,2,1,30,22,0,1,0,31,1,1,15,16,0,4,0,0,0,0,31,27,27,0.3184,9,1,0,still,0
344,157,2,1,30,19,0,1,0,30,0,1,11,19,0,2,0,0,0,0,30,28,28,0.3448,9,1,0,still,0
344,163,1,1,30,21,0,2,1,25,0,1,11,14,0,5,0,4,4,4,29,20,24,0.3750,11,1,0,still,0
344,166,1,1,30,21,0,1,1,22,0,1,8,14,0,3,0,6,6,6,28,19,25,0.3762,11,1,0,still,0
344,167,1,1,30,21,0,2,1,23,0,1,9,14,0,3,0,6,6,6,29,20,26,0.3716,12,1,0,still,0
344,168,1,1,30,22,0,1,1,23,0,1,9,14,0,2,0,5,5,5,28,21,26,0.3209,10,1,0,still,0
344,169,1,1,30,25,0,1,0,28,0,1,17,11,0,2,0,2,2,2,30,26,28,0.6022,16,1,0,still,0
344,171,1,1,30,22,0,1,1,26,0,1,14,12,0,3,0,6,6,6,32,23,29,0.3205,11,1,0,still,0
344,172,1,1,30,21,0,1,1,29,0,1,19,10,0,3,0,5,5,5,34,26,31,0.3194,10,1,0,still,0
344,176,1,1,30,24,0,2,1,31,1,1,21,10,0,3,0,4,4,4,35,28,32,0.3926,13,1,0,still,0
344,180,1,1,30,27,0,1,1,31,1,1,25,6,0,2,0,2,2,2,33,29,31,0.3908,15,1,0,still,0
344,181,1,1,30,24,0,1,1,32,1,1,27,5,0,3,0,1,1,1,33,29,30,0.4218,14,1,0,still,0
344,183,1,1,30,23,0,2,0,31,1,1,13,18,0,5,0,0,0,0,31,26,26,0.4890,13,1,0,still,0
344,186,1,1,30,23,0,1,1,34,1,1,31,3,0,4,0,0,0,0,34,30,30,0.4619,15,0,1,still,0
344,188,1,1,30,22,0,2,0,31,1,1,15,16,0,5,0,0,0,0,31,26,26,0.3807,11,1,0,still,0
344,189,1,1,30,22,0,1,0,31,1,1,14,17,0,4,0,0,0,0,31,27,27,0.4241,14,1,0,still,0
344,194,1,1,30,22,2,3,0,33,1,1,13,20,0,4,0,0,0,0,33,29,29,0.3805,13,1,0,still,0
344,195,1,1,30,24,0,1,0,29,0,1,14,15,0,3,0,0,0,0,29,26,26,0.2922,9,1,0,still,0
345,1,1,1,30,22,0,2,0,23,0,1,11,12,0,1,0,4,4,4,27,22,26,0.3623,7,1,0,still,0
345,3,2,1,30,21,0,1,0,25,0,1,12,13,0,0,0,3,3,3,28,25,28,0.3228,8,1,0,still,0
345,4,2,1,30,22,0,1,0,28,0,1,12,16,0,0,0,2,2,2,30,28,30,0.3297,9,1,0,still,0
345,6,1,1,30,25,0,1,1,29,0,1,10,19,0,0,0,0,0,0,29,29,29,0.3680,10,1,0,still,0
345,7,1,1,30,23,0,1,0,31,1,1,11,20,0,0,0,0,0,0,31,31,31,0.3694,10,1,0,still,0
345,8,1,1,30,20,0,2,1,29,0,1,10,19,0,0,0,0,0,0,29,29,29,0.4064,10,1,0,still,0
345,10,1,1,30,22,1,2,0,30,0,1,12,18,0,1,0,0,0,0,30,29,29,0.5042,12,1,0,still,0
345,11,1,1,30,24,1,2,0,28,0,1,12,16,0,0,0,0,0,0,28,28,28,0.5219,12,1,0,still,0
345,12,1,1,30,23,1,2,0,26,0,1,14,12,0,0,0,0,0,0,26,26,26,0.5756,14,1,0,still,0
345,13,1,1,30,25,1,2,0,26,0,1,16,10,0,0,0,1,1,1,27,26,27,0.5862,15,1,0,still,0
345,14,1,1,30,23,0,1,0,24,0,1,16,8,0,0,0,2,2,2,26,24,26,0.6279,14,1,0,still,0
345,15,1,1,30,23,3,4,0,24,0,1,14,10,0,0,0,3,3,3,27,24,27,0.6445,14,1,0,still,0
345,16,1,1,30,23,1,2,0,22,0,1,12,10,0,0,0,4,4,4,26,22,26,0.6234,12,1,0,still,0
345,41,1,1,30,23,0,1,0,30,0,1,10,20,0,0,1,0,0,0,30,31,31,0.3947,11,1,0,still,0
345,44,1,1,30,22,0,2,0,26,0,1,10,16,0,0,2,0,0,0,26,28,28,0.4746,11,1,0,still,0
345,45,1,1,30,23,0,2,0,26,0,1,13,13,0,0,2,0,0,0,26,28,28,0.4634,10,1,0,still,0
345,46,1,1,30,22,0,2,1,25,0,1,14,11,0,0,0,1,1,1,26,25,26,0.5136,12,1,0,still,0
345,47,2,1,30,23,0,2,0,25,0,1,17,8,0,0,2,2,2,2,27,27,29,0.6172,16,1,0,still,0
345,51,1,1,30,21,0,2,0,19,0,1,8,11,0,0,0,3,3,4,22,19,23,0.5466,10,1,0,still,0
345,56,1,1,30,23,1,2,0,21,0,1,8,13,0,0,0,6,6,6,27,21,27,0.5467,12,1,0,still,0
345,72,1,1,30,20,0,2,0,18,0,1,8,10,0,1,0,5,5,5,23,17,22,0.4064,10,1,0,still,0
345,91,1,1,30,23,0,1,0,28,0,1,28,0,0,0,0,0,0,1,28,28,29,0.5894,13,0,0,still,0
345,95,1,1,30,21,1,2,0,19,0,1,9,10,0,0,0,5,5,5,24,19,24,0.3315,7,1,0,still,0
345,98,1,1,30,21,1,2,0,19,0,1,8,11,0,0,0,5,5,5,24,19,24,0.4041,9,1,0,still,0
346,75,1,0,-1,8,2,3,0,9,0,0,9,0,0,1,0,0,0,0,9,8,8,0.3425,8,0,0,pending,0
346,117,1,1,30,23,0,1,0,30,0,1,11,19,0,1,0,2,2,0,32,29,29,0.3820,12,1,0,still,0
346,123,2,1,30,19,0,2,0,19,0,1,8,11,0,0,0,4,4,4,23,19,23,0.3283,10,1,0,still,0
347,75,1,0,-1,8,2,3,0,9,0,0,9,0,0,1,0,0,0,0,9,8,8,0.3424,8,0,0,hop,1
351,9,1,0,-1,23,0,2,0,30,0,1,10,20,0,0,0,0,0,0,30,30,30,0.4738,11,1,0,start_jam,0
356,191,1,0,-1,25,0,1,0,30,0,1,10,20,0,0,0,3,3,1,33,30,31,0.4004,13,1,0,start_jam,0
357,34,1,0,-1,10,0,1,0,12,0,0,12,0,0,2,0,0,0,0,12,10,10,0.4261,11,0,0,pending,0
357,122,1,0,-1,12,0,2,0,12,0,0,12,0,0,0,0,0,0,0,12,12,12,0.4993,12,0,0,pending,0
357,152,1,0,-1,14,0,1,0,15,0,0,15,0,0,1,0,0,0,0,15,14,14,0.5491,13,0,0,pending,0
358,34,1,0,-1,10,0,1,0,12,0,0,12,0,0,2,0,0,0,0,12,10,10,0.4260,11,0,0,hop,1
358,122,1,0,-1,12,0,2,0,12,0,0,12,0,0,0,0,0,0,0,12,12,12,0.4993,12,0,0,hop,1
358,152,1,0,-1,14,0,1,0,15,0,0,15,0,0,1,0,0,0,0,15,14,14,0.5492,13,0,0,hop,1
360,83,1,1,30,22,0,2,0,20,0,1,8,12,0,1,0,6,6,7,26,19,26,0.5371,12,1,0,still,0
361,158,1,0,-1,20,0,1,0,21,0,1,8,13,0,2,0,5,5,5,26,19,24,0.2599,7,1,0,start_jam,0
362,165,1,1,30,20,0,2,1,18,0,1,6,12,0,2,0,7,7,7,25,16,23,0.3733,12,1,0,still,0
368,125,1,0,-1,21,1,4,0,20,0,1,10,10,0,1,1,5,5,5,25,20,25,0.5578,11,1,0,start_jam,0
370,100,1,1,30,20,0,2,0,18,0,1,7,11,0,1,0,5,5,5,23,17,22,0.4030,10,1,0,still,0
373,19,3,0,-1,21,0,2,0,18,0,1,5,13,0,0,0,7,7,7,25,18,25,0.4961,12,1,0,start_jam,0
373,21,2,0,-1,22,1,2,0,20,0,1,6,14,0,0,0,7,7,7,27,20,27,0.5515,12,1,0,start_jam,0
373,26,3,0,-1,23,0,2,0,28,0,1,22,6,0,0,0,4,4,4,32,28,32,0.5852,16,1,0,start_jam,0
373,43,1,0,-1,23,1,2,0,29,0,1,9,20,0,0,1,1,1,1,30,30,31,0.4974,12,1,0,start_jam,0
373,73,2,0,-1,15,2,3,0,15,0,0,15,0,0,0,0,0,0,0,15,15,15,0.4607,12,0,0,pending,0
373,118,3,0,-1,22,0,1,0,33,1,1,11,22,0,2,0,1,1,1,34,31,32,0.3991,14,1,0,start_both,0
374,5,2,1,60,23,0,1,0,29,0,1,7,22,0,0,0,1,1,1,30,29,30,0.3625,11,1,0,still,0
374,25,2,1,60,23,1,2,0,26,0,1,17,9,0,0,0,5,5,5,31,26,31,0.5658,13,1,0,still,0
374,28,2,1,60,25,0,2,0,29,0,1,25,4,0,1,0,1,1,1,30,28,29,0.6098,16,1,0,still,0
374,29,2,1,60,22,1,2,0,30,0,1,28,2,0,1,0,0,0,0,30,29,29,0.5944,15,0,1,still,0
374,54,2,1,60,21,0,1,0,17,0,1,3,14,0,0,0,6,6,7,23,17,24,0.4809,11,1,0,still,0
374,55,2,1,60,21,0,2,0,20,0,1,5,15,0,1,0,6,6,6,26,19,25,0.5084,11,1,0,still,0
374,57,1,1,60,22,2,3,0,20,0,1,8,12,0,0,0,5,5,5,25,20,25,0.5615,11,1,0,still,0
374,58,1,1,60,21,0,1,0,23,0,1,13,10,0,0,0,4,4,5,27,23,28,0.5412,10,1,0,still,0
374,73,2,0,-1,15,2,3,0,15,0,0,15,0,0,0,0,0,0,0,15,15,15,0.4609,12,0,0,hop,1
374,79,1,1,60,20,1,2,0,16,0,1,5,11,0,0,0,6,6,6,22,16,22,0.5718,10,1,0,still,0
374,84,1,1,60,22,1,3,0,21,0,1,9,12,0,1,0,5,5,5,26,20,25,0.5487,11,1,0,still,0
374,86,1,1,60,23,0,2,0,24,0,1,15,9,0,0,0,4,4,5,28,24,29,0.5721,10,1,0,still,0
374,87,1,1,60,23,1,2,0,25,0,1,18,7,0,0,1,4,4,4,29,26,30,0.5633,11,1,0,still,0
374,88,1,1,60,24,0,1,0,26,0,1,21,5,0,0,0,4,4,4,30,26,30,0.6477,14,1,0,still,0
374,89,1,1,60,27,1,2,0,26,0,1,22,4,0,0,0,3,3,4,29,26,30,0.6361,14,1,0,still,0
374,90,1,1,60,24,0,1,0,26,0,1,24,2,0,0,0,0,0,1,26,26,27,0.6586,15,0,1,still,0
374,113,1,1,60,21,2,3,0,22,0,1,8,14,0,2,1,4,4,4,26,21,25,0.2929,8,1,0,still,0
374,114,1,1,60,21,0,3,0,23,0,1,6,17,0,0,1,4,4,3,27,24,27,0.2929,8,1,0,still,0
374,115,2,1,60,24,0,2,0,28,0,1,7,21,0,0,0,3,3,2,31,28,30,0.3241,12,1,0,still,0
374,119,1,1,60,22,1,3,0,32,1,1,11,21,0,4,0,1,1,1,33,28,29,0.4413,13,1,0,still,0
374,126,1,1,60,20,1,2,0,22,0,1,8,14,0,5,0,6,6,6,28,17,23,0.3522,8,1,0,still,0
374,127,1,1,60,20,1,2,0,18,0,1,3,15,0,2,0,7,7,7,25,16,23,0.3775,10,1,0,still,0
374,128,1,1,60,20,1,2,0,22,0,1,5,17,0,2,0,6,6,6,28,20,26,0.3220,8,1,0,still,0
374,130,1,1,60,22,0,2,0,19,0,1,9,10,0,0,2,4,4,4,23,21,25,0.6524,13,1,0,still,0
374,131,1,1,60,21,0,1,0,25,0,1,12,13,0,3,0,6,6,6,31,22,28,0.3205,8,1,0,still,0
374,135,1,1,60,23,1,2,0,30,0,1,19,11,0,3,0,4,4,4,34,27,31,0.3721,11,1,0,still,0
374,138,1,1,60,27,0,1,0,29,0,1,23,6,0,1,0,2,2,2,31,28,30,0.3968,13,1,0,still,0
374,139,1,1,60,23,1,2,0,30,0,1,9,21,0,4,1,1,1,1,31,27,28,0.4420,12,1,0,still,0
374,140,1,1,60,23,1,2,0,28,0,1,11,17,0,4,1,1,1,1,29,25,26,0.4710,12,1,0,still,0
374,141,2,1,60,23,0,1,0,25,0,1,11,14,0,2,0,2,2,2,27,23,25,0.5136,15,1,0,still,0
374,142,2,1,60,22,0,1,1,25,0,1,12,13,0,2,0,4,4,4,29,23,27,0.4869,15,1,0,still,0
374,143,1,1,60,23,0,1,0,32,1,1,29,3,0,4,0,0,0,0,32,28,28,0.5002,15,0,0,still,0
374,153,1,1,60,21,1,2,0,22,0,1,10,12,0,3,1,5,5,5,27,20,25,0.2901,8,1,0,still,0
374,154,2,1,60,22,0,1,0,24,0,1,11,13,0,3,0,6,6,5,30,21,26,0.3183,9,1,0,still,0
374,157,2,1,60,19,0,1,0,24,0,1,10,14,0,2,0,6,6,6,30,22,28,0.3454,9,1,0,still,0
374,163,1,1,60,20,0,2,1,22,0,1,8,14,0,5,0,6,6,6,28,17,23,0.3750,10,1,0,still,0
374,166,1,1,60,21,0,1,1,20,0,1,3,17,0,2,0,6,6,6,26,18,24,0.3762,11,1,0,still,0
374,167,1,1,60,20,0,2,1,22,0,1,5,17,0,2,0,6,6,6,28,20,26,0.3716,11,1,0,still,0
374,168,1,1,60,21,0,1,1,23,0,1,8,15,0,2,0,5,5,5,28,21,26,0.3744,10,1,0,still,0
374,169,1,1,60,24,0,1,0,22,0,1,12,10,0,0,0,4,4,4,26,22,26,0.6496,15,1,0,still,0
374,171,1,1,60,21,0,1,1,25,0,1,12,13,0,3,0,6,6,6,31,22,28,0.3698,11,1,0,still,0
374,172,1,1,60,20,0,1,1,28,0,1,17,11,0,3,0,5,5,5,33,25,30,0.3726,10,1,0,still,0
374,176,1,1,60,23,0,2,1,30,0,1,19,11,0,3,0,4,4,4,34,27,31,0.3926,13,1,0,still,0
374,177,1,0,-1,24,0,1,1,29,0,1,21,8,0,2,0,4,4,4,33,27,31,0.3973,13,1,0,start_jam,0
374,180,1,1,60,27,0,1,1,29,0,1,23,6,0,1,0,2,2,2,31,28,30,0.4641,17,1,0,still,0
374,181,1,1,60,24,0,1,1,30,0,1,25,5,0,3,0,1,1,1,31,27,28,0.4481,15,1,0,still,0
374,183,1,1,60,22,0,2,0,29,0,1,11,18,0,5,0,1,1,1,30,24,25,0.4890,13,1,0,still,0
374,186,1,1,60,23,0,1,1,32,1,1,29,3,0,4,0,0,0,0,32,28,28,0.4619,15,0,1,still,0
374,188,1,1,60,21,0,2,0,25,0,1,10,15,0,4,0,5,5,4,30,21,25,0.3806,11,1,0,still,0
374,189,1,1,60,21,0,1,0,25,0,1,8,17,0,3,0,4,4,3,29,22,25,0.4247,14,1,0,still,0
374,194,1,1,60,23,2,3,0,32,1,1,10,22,0,4,0,1,1,1,33,28,29,0.4316,14,1,0,still,0
374,195,1,1,60,22,0,1,0,23,0,1,10,13,0,2,0,6,6,5,29,21,26,0.2920,9,1,0,still,0
375,1,1,1,60,22,0,2,0,23,0,1,10,13,0,1,0,5,5,5,28,22,27,0.3623,7,1,0,still,0
375,3,2,1,60,20,0,1,0,23,0,1,6,17,0,0,0,3,3,3,26,23,26,0.3228,8,1,0,still,0
375,4,2,1,60,21,0,1,0,27,0,1,7,20,0,0,0,2,2,2,29,27,29,0.3297,9,1,0,still,0
375,6,1,1,60,23,0,1,1,29,0,1,7,22,0,0,0,0,0,0,29,29,29,0.3680,10,1,0,still,0
375,7,1,1,60,22,0,1,0,29,0,1,7,22,0,0,0,1,1,1,30,29,30,0.4064,11,1,0,still,0
375,8,1,1,60,21,0,2,1,29,0,1,7,22,0,0,0,1,1,1,30,29,30,0.4064,10,1,0,still,0
375,10,1,1,60,22,1,2,0,28,0,1,10,18,0,1,0,1,1,1,29,27,28,0.5020,12,1,0,still,0
375,11,1,1,60,23,1,2,0,26,0,1,10,16,0,0,0,1,1,1,27,26,27,0.5176,12,1,0,still,0
375,12,1,1,60,22,1,2,0,24,0,1,11,13,0,0,0,1,1,1,25,24,25,0.5668,13,1,0,still,0
375,13,1,1,60,23,1,2,0,22,0,1,11,11,0,0,0,2,2,2,24,22,24,0.5910,12,1,0,still,0
375,14,1,1,60,22,0,1,0,21,0,1,12,9,0,0,0,2,2,2,23,21,23,0.5541,12,1,0,still,0
375,15,1,1,60,21,3,4,0,21,0,1,9,12,0,0,0,4,4,4,25,21,25,0.5008,10,1,0,still,0
375,16,1,1,60,22,0,1,0,19,0,1,9,10,0,0,0,6,6,6,25,19,25,0.5908,10,1,0,still,0
375,41,1,1,60,22,0,1,0,28,0,1,5,23,0,0,2,0,0,0,28,30,30,0.3929,11,1,0,still,0
375,44,1,1,60,22,0,2,0,24,0,1,8,16,0,0,2,1,1,1,25,26,27,0.4748,11,1,0,still,0
375,45,1,1,60,22,0,2,0,23,0,1,10,13,0,0,2,1,1,1,24,25,26,0.4632,10,1,0,still,0
375,46,1,1,60,21,0,2,1,23,0,1,11,12,0,0,0,2,2,2,25,23,25,0.5116,12,1,0,still,0
375,47,2,1,60,22,0,2,0,23,0,1,12,11,0,0,1,3,3,3,26,24,27,0.6167,15,1,0,still,0
375,51,1,1,60,20,0,2,0,16,0,1,5,11,0,0,0,5,5,6,21,16,22,0.5468,9,1,0,still,0
375,56,1,1,60,22,1,2,0,20,0,1,5,15,0,0,0,6,6,6,26,20,26,0.5436,11,1,0,still,0
375,72,1,1,60,21,1,2,0,18,0,1,7,11,0,0,0,5,5,5,23,18,23,0.4064,10,1,0,still,0
375,91,1,1,60,23,0,1,0,27,0,1,27,0,0,0,0,0,0,1,27,27,28,0.5906,13,0,0,still,0
375,95,1,1,60,21,1,2,0,19,0,1,8,11,0,0,0,6,6,6,25,19,25,0.3315,7,1,0,still,0
375,98,1,1,60,21,1,2,0,18,0,1,8,10,0,0,0,6,6,6,24,18,24,0.4041,9,1,0,still,0
376,117,1,1,60,22,0,1,0,29,0,1,7,22,0,1,0,2,2,0,31,28,28,0.3824,11,1,0,still,0
376,123,2,1,60,19,0,3,0,18,0,1,6,12,0,0,0,4,4,4,22,18,22,0.3279,10,1,0,still,0
381,9,1,1,30,23,0,2,0,29,0,1,9,20,0,0,0,1,1,1,30,29,30,0.4709,11,1,0,still,0
381,159,1,0,-1,17,2,3,0,13,0,1,5,8,0,0,1,7,7,7,20,14,21,0.2913,9,1,0,start_jam,0
382,170,1,0,-1,22,0,1,0,21,0,1,10,11,0,0,0,4,4,4,25,21,25,0.6553,14,1,0,start_jam,0
382,200,1,0,-1,20,0,6,1,22,0,1,9,13,0,2,0,5,5,4,27,20,24,0.5567,12,1,0,start_jam,0
385,160,1,0,-1,1,1,5,0,1,0,0,1,0,0,0,0,0,0,0,1,1,1,0.0352,1,0,0,pending,0
386,160,1,0,-1,1,1,5,0,1,0,0,1,0,0,0,0,0,0,0,1,1,1,0.0352,1,0,0,hop,1
386,191,1,1,30,24,0,1,0,28,0,1,7,21,0,0,0,3,3,1,31,28,29,0.3724,12,1,0,still,0
388,155,1,0,-1,2,0,3,0,2,0,0,2,0,0,0,0,0,0,0,2,2,2,0.0734,2,0,0,pending,0
389,155,1,0,-1,2,0,3,0,2,0,0,2,0,0,0,0,0,0,0,2,2,2,0.0734,2,0,0,hop,1
390,83,1,1,60,21,0,2,0,20,0,1,5,15,0,1,0,5,5,6,25,19,25,0.5380,11,1,0,still,0
391,158,1,1,30,20,0,1,0,15,0,1,8,7,0,0,0,11,11,9,26,15,24,0.2886,8,1,0,still,0
392,165,1,1,60,20,0,2,1,19,0,1,4,15,0,3,0,7,7,7,26,16,23,0.3235,11,1,0,still,0
398,111,1,0,-1,5,0,1,0,5,0,0,5,0,0,0,0,0,0,0,5,5,5,0.2152,5,0,0,hop,1
398,125,1,1,30,21,1,6,0,20,0,1,8,12,0,1,1,5,5,5,25,20,25,0.5599,11,1,0,still,0
400,100,1,1,60,20,0,2,0,14,0,1,7,7,0,0,0,9,9,8,23,14,22,0.4030,10,1,0,still,0
403,19,3,1,30,21,0,2,0,18,0,1,3,15,0,0,0,7,7,7,25,18,25,0.4993,12,1,0,still,0
403,21,2,1,30,22,1,2,0,20,0,1,4,16,0,0,0,7,7,7,27,20,27,0.5383,12,1,0,still,0
403,26,3,1,30,23,0,2,0,27,0,1,21,6,0,0,0,4,4,4,31,27,31,0.5855,16,1,0,still,0
403,43,1,1,30,23,1,2,0,30,0,1,7,23,0,0,1,0,0,0,30,31,31,0.4972,12,1,0,still,0
403,118,3,1,30,22,0,1,0,35,1,1,9,26,0,2,0,0,0,0,35,33,33,0.4245,15,1,0,still,0
404,5,2,1,90,23,0,1,0,28,0,1,7,21,0,0,0,1,1,1,29,28,29,0.3625,11,1,0,still,0
404,25,2,1,90,23,1,2,0,25,0,1,16,9,0,0,0,6,6,6,31,25,31,0.5985,14,1,0,still,0
404,28,2,1,90,24,0,1,0,28,0,1,24,4,0,1,0,1,1,1,29,27,28,0.5998,15,1,0,still,0
404,29,2,1,90,21,1,2,0,29,0,1,27,2,0,1,0,0,0,0,29,28,28,0.5870,14,0,1,still,0
404,54,2,1,90,22,0,1,0,18,0,1,3,15,0,0,0,6,6,6,24,18,24,0.4811,11,1,0,still,0
404,55,2,1,90,21,0,2,0,19,0,1,4,15,0,0,0,7,7,7,26,19,26,0.4778,11,1,0,still,0
404,57,1,1,90,22,2,3,0,20,0,1,8,12,0,0,0,6,6,6,26,20,26,0.5621,11,1,0,still,0
404,58,1,1,90,21,0,1,0,22,0,1,12,10,0,0,0,5,5,6,27,22,28,0.5413,10,1,0,still,0
404,79,1,1,90,21,1,2,0,15,0,1,4,11,0,0,1,6,6,6,21,16,22,0.5714,10,1,0,still,0
404,84,1,1,90,22,1,3,0,19,0,1,8,11,0,0,0,6,6,6,25,19,25,0.5539,11,1,0,still,0
404,86,1,1,90,23,0,2,1,23,0,1,14,9,0,0,0,5,5,6,28,23,29,0.5723,10,1,0,still,0
404,87,1,1,90,23,1,2,0,24,0,1,17,7,0,0,0,4,4,5,28,24,29,0.5994,12,1,0,still,0
404,88,1,1,90,24,0,1,0,25,0,1,20,5,0,0,0,4,4,4,29,25,29,0.6465,14,1,0,still,0
404,89,1,1,90,26,0,1,0,25,0,1,21,4,0,0,0,3,3,4,28,25,29,0.6367,14,1,0,still,0
404,90,1,1,90,23,0,1,0,25,0,1,23,2,0,0,0,0,0,1,25,25,26,0.6587,14,0,1,still,0
404,113,1,1,90,21,2,3,0,20,0,1,8,12,0,2,1,6,6,6,26,19,25,0.2634,7,1,0,still,0
404,114,1,1,90,21,0,3,0,21,0,1,6,15,0,0,1,5,5,4,26,22,26,0.3224,9,1,0,still,0
404,115,2,1,90,24,0,2,0,28,0,1,7,21,0,0,0,3,3,2,31,28,30,0.3238,12,1,0,still,0
404,119,1,1,90,22,0,2,0,33,1,1,9,24,0,4,0,0,0,0,33,29,29,0.4412,13,1,0,still,0
404,126,1,1,90,20,1,2,0,21,0,1,7,14,0,4,0,6,6,6,27,17,23,0.3522,8,1,0,still,0
404,127,1,1,90,20,1,2,0,20,0,1,4,16,0,3,0,7,7,7,27,17,24,0.3236,9,1,0,still,0
404,128,1,1,90,20,1,2,0,21,0,1,4,17,0,2,0,7,7,7,28,19,26,0.3220,8,1,0,still,0
404,130,1,1,90,21,4,6,0,21,0,1,8,13,0,0,0,3,3,3,24,21,24,0.7037,14,1,0,still,0
404,131,1,1,90,21,0,1,0,25,0,1,11,14,0,4,0,7,7,7,32,21,28,0.3205,8,1,0,still,0
404,135,1,1,90,23,1,2,0,28,0,1,17,11,0,3,0,5,5,5,33,25,30,0.3721,11,1,0,still,0
404,138,1,1,90,26,0,1,0,28,0,1,22,6,0,1,0,2,2,2,30,27,29,0.3968,13,1,0,still,0
404,139,1,1,90,23,1,2,0,30,0,1,7,23,0,3,1,0,0,0,30,28,28,0.4122,11,1,0,still,0
404,140,1,1,90,23,1,2,0,29,0,1,9,20,0,4,1,0,0,0,29,26,26,0.4419,11,1,0,still,0
404,141,2,1,90,23,0,1,0,27,0,1,10,17,0,2,0,1,1,1,28,25,26,0.5676,16,1,0,still,0
404,142,2,1,90,23,0,1,1,26,0,1,10,16,0,1,0,3,3,3,29,25,28,0.4345,13,1,0,still,0
404,143,1,1,90,22,0,1,0,32,1,1,29,3,0,4,0,0,0,0,32,28,28,0.5002,14,0,0,still,0
404,153,1,1,90,21,1,2,0,20,0,1,10,10,0,3,1,7,7,7,27,18,25,0.2610,7,1,0,still,0
404,154,2,1,90,21,0,1,0,21,0,1,11,10,0,2,0,9,9,7,30,19,26,0.3183,9,1,0,still,0
404,157,2,1,90,19,0,1,0,20,0,1,10,10,0,1,0,10,10,9,30,19,28,0.3190,8,1,0,still,0
404,163,1,1,90,20,0,2,1,21,0,1,7,14,0,4,0,6,6,6,27,17,23,0.3750,10,1,0,still,0
404,166,1,1,90,21,0,1,1,20,0,1,3,17,0,2,0,6,6,6,26,18,24,0.3493,10,1,0,still,0
404,167,1,1,90,20,0,2,1,21,0,1,4,17,0,2,0,7,7,7,28,19,26,0.3716,11,1,0,still,0
404,168,1,1,90,21,0,1,1,23,0,1,7,16,0,3,0,6,6,6,29,20,26,0.3744,10,1,0,still,0
404,169,1,1,90,23,0,1,0,23,0,1,10,13,0,0,0,3,3,3,26,23,26,0.6650,15,1,0,still,0
404,171,1,1,90,21,0,1,1,25,0,1,11,14,0,4,0,7,7,7,32,21,28,0.3698,11,1,0,still,0
404,172,1,1,90,20,0,1,1,27,0,1,16,11,0,3,0,6,6,6,33,24,30,0.3726,10,1,0,still,0
404,176,1,1,90,23,0,2,1,28,0,1,17,11,0,3,0,5,5,5,33,25,30,0.4172,14,1,0,still,0
404,177,1,1,30,24,0,1,1,28,0,1,20,8,0,2,0,4,4,4,32,26,30,0.3973,13,1,0,still,0
404,180,1,1,90,26,0,1,1,28,0,1,22,6,0,1,0,2,2,2,30,27,29,0.4641,17,1,0,still,0
404,181,1,1,90,23,0,1,1,29,0,1,24,5,0,3,0,1,1,1,30,26,27,0.4745,15,1,0,still,0
404,183,1,1,90,22,0,2,0,30,0,1,9,21,0,5,0,0,0,0,30,25,25,0.5164,14,1,0,still,0
404,186,1,1,90,22,0,1,1,32,1,1,29,3,0,4,0,0,0,0,32,28,28,0.4619,14,0,1,still,0
404,188,1,1,90,21,0,2,0,22,0,1,10,12,0,4,0,7,7,6,29,18,24,0.3804,11,1,0,still,0
404,189,1,1,90,21,0,1,0,24,0,1,8,16,0,3,0,6,6,5,30,21,26,0.4496,15,1,0,still,0
404,194,1,1,90,23,1,2,0,34,1,1,9,25,0,4,0,0,0,0,34,30,30,0.4325,14,1,0,still,0
404,195,1,1,90,22,0,1,0,20,0,1,10,10,0,1,0,8,8,7,28,19,26,0.3448,10,1,0,still,0
405,1,1,1,90,22,0,2,0,21,0,1,10,11,0,1,0,7,7,7,28,20,27,0.3623,7,1,0,still,0
405,3,2,1,90,20,0,1,0,21,0,1,6,15,0,0,1,5,5,5,26,22,27,0.3228,8,1,0,still,0
405,4,2,1,90,21,0,1,0,24,0,1,6,18,0,0,0,3,3,3,27,24,27,0.3297,9,1,0,still,0
405,6,1,1,90,23,0,1,0,29,0,1,7,22,0,0,0,0,0,0,29,29,29,0.3680,10,1,0,still,0
405,7,1,1,90,22,0,1,0,30,0,1,6,24,0,0,0,0,0,0,30,30,30,0.4064,11,1,0,still,0
405,8,1,1,90,23,0,2,0,30,0,1,5,25,0,0,0,0,0,0,30,30,30,0.4433,11,1,0,still,0
405,10,1,1,90,23,0,1,0,29,0,1,8,21,0,0,0,0,0,0,29,29,29,0.5362,13,1,0,still,0
405,11,1,1,90,23,1,2,0,28,0,1,8,20,0,1,0,0,0,0,28,27,27,0.5461,13,1,0,still,0
405,12,1,1,90,22,1,2,0,26,0,1,9,17,0,1,0,0,0,0,26,25,25,0.5893,14,1,0,still,0
405,13,1,1,90,22,1,2,0,23,0,1,9,14,0,0,0,1,1,1,24,23,24,0.5910,12,1,0,still,0
405,14,1,1,90,24,0,1,0,22,0,1,10,12,0,0,2,1,1,1,23,24,25,0.5541,12,1,0,still,0
405,15,1,1,90,21,3,6,0,21,0,1,8,13,0,0,0,4,4,4,25,21,25,0.5707,11,1,0,still,0
405,16,1,1,90,22,0,1,0,18,0,1,8,10,0,0,0,6,6,6,24,18,24,0.5908,10,1,0,still,0
405,41,1,1,90,22,0,1,0,29,0,1,6,23,0,0,1,0,0,0,29,30,30,0.3939,11,1,0,still,0
405,44,1,1,90,22,0,1,0,25,0,1,6,19,0,0,2,0,0,0,25,27,27,0.4753,11,1,0,still,0
405,45,1,1,90,22,0,2,0,26,0,1,8,18,0,0,0,0,0,0,26,26,26,0.5015,11,1,0,still,0
405,46,1,1,90,21,0,2,0,24,0,1,9,15,0,0,0,1,1,1,25,24,25,0.5105,12,1,0,still,0
405,47,2,1,90,22,0,2,0,24,0,1,10,14,0,0,1,2,2,2,26,25,27,0.6493,16,1,0,still,0
405,51,1,1,90,20,0,2,0,16,0,1,5,11,0,0,0,5,5,6,21,16,22,0.5466,9,1,0,still,0
405,56,1,1,90,22,0,1,0,19,0,1,5,14,0,0,0,7,7,7,26,19,26,0.5322,11,1,0,still,0
405,72,1,1,90,21,1,2,0,14,0,1,7,7,0,0,0,9,9,9,23,14,23,0.4064,10,1,0,still,0
405,91,1,1,90,22,0,1,0,26,0,1,26,0,0,0,0,0,0,1,26,26,27,0.5921,12,0,0,still,0
405,95,1,1,90,21,1,2,0,18,0,1,9,9,0,0,0,8,8,8,26,18,26,0.3315,7,1,0,still,0
405,98,1,1,90,21,1,2,0,16,0,1,8,8,0,0,0,8,8,8,24,16,24,0.4042,9,1,0,still,0
406,117,1,1,90,22,0,1,0,29,0,1,7,22,0,1,0,2,2,0,31,28,28,0.3822,11,1,0,still,0
406,123,2,1,90,19,0,3,0,13,0,1,6,7,0,0,0,9,9,9,22,13,22,0.3277,10,1,0,still,0
411,9,1,1,60,23,0,2,0,30,0,1,7,23,0,0,0,0,0,0,30,30,30,0.4711,11,1,0,still,0
411,32,1,0,-1,18,0,1,0,22,0,0,22,0,0,0,0,0,0,0,22,22,22,0.6288,10,0,0,pending,0
411,33,3,0,-1,16,0,3,0,22,0,0,22,0,0,1,0,0,0,0,22,21,21,0.5433,13,0,0,pending,0
411,136,2,0,-1,17,4,5,0,20,0,0,20,0,0,0,0,0,0,0,20,20,20,0.5540,13,0,0,pending,0
411,159,1,1,30,17,2,3,0,13,0,1,5,8,0,0,1,7,7,7,20,14,21,0.2913,9,1,0,still,0
412,32,1,0,-1,18,0,1,0,22,0,0,22,0,0,0,0,0,0,0,22,22,22,0.6286,10,0,0,hop,1
412,33,3,0,-1,16,0,3,0,22,0,0,22,0,0,1,0,0,0,0,22,21,21,0.5432,13,0,0,hop,1
412,136,2,0,-1,17,4,5,0,20,0,0,20,0,0,0,0,0,0,0,20,20,20,0.5545,13,0,0,hop,1
412,170,1,1,30,22,0,2,0,20,0,1,8,12,0,0,1,3,3,3,23,21,24,0.6671,14,1,0,still,0
412,200,1,1,30,20,0,6,1,23,0,1,9,14,0,3,0,4,4,4,27,20,24,0.5605,12,1,0,still,0
414,66,1,0,-1,19,0,1,0,24,0,0,24,0,0,1,1,0,0,0,24,24,24,0.6202,11,0,0,hop,1
416,191,1,1,60,24,0,1,0,28,0,1,7,21,0,0,0,3,3,1,31,28,29,0.3991,13,1,0,still,0
419,49,2,0,-1,21,2,6,0,20,0,1,9,11,0,0,2,6,6,6,26,22,28,0.6144,12,1,0,start_jam,0
419,174,1,0,-1,17,0,1,1,27,0,0,27,0,0,3,0,0,0,0,27,24,24,0.6446,13,0,0,hop,1
420,83,1,1,90,21,0,1,0,18,0,1,5,13,0,0,0,6,6,7,24,18,25,0.5028,10,1,0,still,0
420,102,2,0,-1,3,3,6,0,3,0,0,3,0,0,0,0,0,0,0,3,3,3,0.0984,3,0,0,hop,1
420,179,1,0,-1,4,4,6,0,4,0,0,4,0,0,0,0,0,0,0,4,4,4,0.1825,4,0,0,hop,1
421,158,1,1,60,20,0,1,0,15,0,1,8,7,0,0,0,11,11,9,26,15,24,0.2885,8,1,0,still,0
422,165,1,1,90,20,0,2,1,20,0,1,4,16,0,3,0,7,7,7,27,17,24,0.3235,11,1,0,still,0
425,65,1,0,-1,18,0,1,0,26,0,0,26,0,0,1,0,0,0,0,26,25,25,0.5772,10,0,0,hop,1
426,199,1,0,-1,17,1,3,0,14,0,1,5,9,0,0,0,7,7,7,21,14,21,0.3211,11,1,0,start_jam,0
428,125,1,1,60,20,1,7,0,20,0,1,7,13,0,1,1,4,4,4,24,20,24,0.5632,11,1,0,still,0
430,71,2,0,-1,15,2,5,0,19,0,0,19,0,0,1,0,0,0,0,19,18,18,0.5327,13,0,0,pending,0
430,100,1,1,90,20,0,2,0,14,0,1,7,7,0,0,0,9,9,8,23,14,22,0.4030,10,1,0,still,0
431,71,2,0,-1,15,2,5,0,19,0,0,19,0,0,1,0,0,0,0,19,18,18,0.5328,13,0,0,hop,1
433,19,3,1,60,21,0,2,0,18,0,1,3,15,0,0,0,7,7,7,25,18,25,0.5016,12,1,0,still,0
433,21,2,1,60,22,1,2,0,19,0,1,4,15,0,0,0,8,8,8,27,19,27,0.5349,12,1,0,still,0
433,26,3,1,60,23,0,2,0,26,0,1,20,6,0,0,0,4,4,4,30,26,30,0.5849,16,1,0,still,0
433,43,1,1,60,22,1,2,0,29,0,1,5,24,0,0,1,0,0,0,29,30,30,0.4963,11,1,0,still,0
433,118,3,1,60,21,0,1,0,32,1,1,6,26,0,1,0,0,0,0,32,31,31,0.4247,14,1,0,still,0
434,5,2,1,120,23,0,1,0,28,0,1,7,21,0,0,0,1,1,1,29,28,29,0.3625,11,1,0,still,0
434,25,2,1,120,23,1,2,0,25,0,1,16,9,0,0,0,6,6,6,31,25,31,0.5985,14,1,0,still,0
434,28,2,1,120,24,0,1,0,28,0,1,24,4,0,1,0,1,1,1,29,27,28,0.6562,16,1,0,still,0
434,29,2,1,120,21,1,2,0,29,0,1,27,2,0,1,0,0,0,0,29,28,28,0.6448,15,0,1,still,0
434,54,2,1,120,22,0,1,0,18,0,1,3,15,0,0,0,6,6,6,24,18,24,0.4807,11,1,0,still,0
434,55,2,1,120,21,0,2,0,19,0,1,4,15,0,0,0,7,7,7,26,19,26,0.4790,11,1,0,still,0
434,57,1,1,120,22,2,3,0,20,0,1,8,12,0,0,0,6,6,6,26,20,26,0.5609,11,1,0,still,0
434,58,1,1,120,21,0,1,0,21,0,1,11,10,0,0,0,5,5,6,26,21,27,0.5415,10,1,0,still,0
434,79,1,1,120,21,1,2,0,15,0,1,4,11,0,0,1,6,6,6,21,16,22,0.5710,10,1,0,still,0
434,84,1,1,120,22,1,3,0,19,0,1,8,11,0,0,0,6,6,6,25,19,25,0.5557,11,1,0,still,0
434,86,1,1,120,23,0,2,1,23,0,1,14,9,0,0,0,5,5,6,28,23,29,0.5727,10,1,0,still,0
434,87,1,1,120,23,1,2,0,24,0,1,17,7,0,0,0,4,4,5,28,24,29,0.5991,12,1,0,still,0
434,88,1,1,120,24,0,1,0,25,0,1,20,5,0,0,0,4,4,4,29,25,29,0.6460,14,1,0,still,0
434,89,1,1,120,26,0,1,0,25,0,1,21,4,0,0,0,3,3,4,28,25,29,0.6365,14,1,0,still,0
434,90,1,1,120,23,0,1,0,25,0,1,23,2,0,0,0,0,0,1,25,25,26,0.6586,14,0,1,still,0
434,113,1,1,120,21,2,3,0,20,0,1,8,12,0,2,1,6,6,6,26,19,25,0.2634,7,1,0,still,0
434,114,1,1,120,21,0,3,0,21,0,1,6,15,0,0,1,5,5,4,26,22,26,0.2931,8,1,0,still,0
434,115,2,1,120,24,0,2,0,28,0,1,7,21,0,0,0,3,3,2,31,28,30,0.3237,12,1,0,still,0
434,119,1,1,120,21,0,2,0,32,1,1,7,25,0,4,0,0,0,0,32,28,28,0.4707,13,1,0,still,0
434,126,1,1,120,20,1,2,0,21,0,1,7,14,0,4,0,6,6,6,27,17,23,0.3522,8,1,0,still,0
434,127,1,1,120,20,1,2,0,20,0,1,4,16,0,3,0,7,7,7,27,17,24,0.3236,9,1,0,still,0
434,128,1,1,120,20,1,2,0,21,0,1,4,17,0,2,0,7,7,7,28,19,26,0.3220,8,1,0,still,0
434,130,1,1,120,21,4,7,0,20,0,1,7,13,0,0,1,3,3,3,23,21,24,0.6040,12,1,0,still,0
434,131,1,1,120,21,0,1,0,25,0,1,11,14,0,4,0,7,7,7,32,21,28,0.3205,8,1,0,still,0
434,135,1,1,120,23,1,2,0,28,0,1,17,11,0,3,0,5,5,5,33,25,30,0.3721,11,1,0,still,0
434,138,1,1,120,26,0,1,0,27,0,1,21,6,0,1,0,2,2,2,29,26,28,0.4232,14,1,0,still,0
434,139,1,1,120,23,1,2,0,29,0,1,5,24,0,3,1,0,0,0,29,27,27,0.4710,12,1,0,still,0
434,140,1,1,120,22,1,2,0,28,0,1,7,21,0,4,1,0,0,0,28,25,25,0.4713,11,1,0,still,0
434,141,2,1,120,22,0,1,0,26,0,1,8,18,0,1,0,1,1,1,27,25,26,0.5677,15,1,0,still,0
434,142,2,1,120,22,0,1,1,25,0,1,8,17,0,1,0,3,3,3,28,24,27,0.4366,13,1,0,still,0
434,143,1,1,120,22,0,1,0,32,1,1,29,3,0,4,0,0,0,0,32,28,28,0.4739,13,0,0,still,0
434,153,1,1,120,21,1,2,0,20,0,1,10,10,0,3,1,7,7,7,27,18,25,0.2609,7,1,0,still,0
434,154,2,1,120,21,0,1,0,21,0,1,11,10,0,2,0,9,9,7,30,19,26,0.3182,9,1,0,still,0
434,157,2,1,120,19,0,1,0,20,0,1,10,10,0,1,0,10,10,9,30,19,28,0.3195,8,1,0,still,0
434,163,1,1,120,20,0,2,1,21,0,1,7,14,0,4,0,6,6,6,27,17,23,0.3750,10,1,0,still,0
434,166,1,1,120,21,0,1,1,20,0,1,3,17,0,2,0,6,6,6,26,18,24,0.3762,11,1,0,still,0
434,167,1,1,120,20,0,2,1,22,0,1,4,18,0,3,0,7,7,7,29,19,26,0.3716,11,1,0,still,0
434,168,1,1,120,21,0,1,1,23,0,1,7,16,0,3,0,6,6,6,29,20,26,0.3744,10,1,0,still,0
434,169,1,1,120,21,0,1,0,22,0,1,8,14,0,0,0,2,2,2,24,22,24,0.6383,14,1,0,still,0
434,171,1,1,120,21,0,1,1,25,0,1,11,14,0,4,0,7,7,7,32,21,28,0.3698,11,1,0,still,0
434,172,1,1,120,20,0,1,1,27,0,1,16,11,0,3,0,6,6,6,33,24,30,0.3726,10,1,0,still,0
434,176,1,1,120,23,0,2,1,28,0,1,17,11,0,3,0,5,5,5,33,25,30,0.4172,14,1,0,still,0
434,177,1,1,60,24,0,1,1,28,0,1,20,8,0,2,0,4,4,4,32,26,30,0.3973,13,1,0,still,0
434,180,1,1,120,26,0,1,1,27,0,1,21,6,0,1,0,2,2,2,29,26,28,0.4641,17,1,0,still,0
434,181,1,1,120,23,0,1,1,29,0,1,24,5,0,3,0,1,1,1,30,26,27,0.4745,15,1,0,still,0
434,183,1,1,120,21,0,2,0,29,0,1,7,22,0,5,0,0,0,0,29,24,24,0.5162,13,1,0,still,0
434,186,1,1,120,22,0,1,1,32,1,1,29,3,0,4,0,0,0,0,32,28,28,0.4619,14,0,1,still,0
434,188,1,1,120,21,0,2,0,22,0,1,10,12,0,4,0,7,7,6,29,18,24,0.3802,11,1,0,still,0
434,189,1,1,120,21,0,1,0,24,0,1,8,16,0,3,0,6,6,5,30,21,26,0.4496,15,1,0,still,0
434,194,1,1,120,22,1,2,0,33,1,1,7,26,0,4,0,0,0,0,33,29,29,0.4336,13,1,0,still,0
434,195,1,1,120,22,0,1,0,21,0,1,11,10,0,2,0,9,9,7,30,19,26,0.3447,10,1,0,still,0
435,1,1,1,120,22,0,2,0,21,0,1,10,11,0,1,0,7,7,7,28,20,27,0.3623,7,1,0,still,0
435,3,2,1,120,20,0,1,0,21,0,1,6,15,0,0,1,5,5,5,26,22,27,0.3228,8,1,0,still,0
435,4,2,1,120,20,0,1,0,24,0,1,6,18,0,0,0,3,3,3,27,24,27,0.3297,9,1,0,still,0
435,6,1,1,120,23,0,1,0,28,0,1,6,22,0,0,0,0,0,0,28,28,28,0.3680,10,1,0,still,0
435,7,1,1,120,22,0,1,0,29,0,1,5,24,0,0,0,0,0,0,29,29,29,0.4063,11,1,0,still,0
435,8,1,1,120,22,0,2,0,29,0,1,3,26,0,0,0,0,0,0,29,29,29,0.4433,11,1,0,still,0
435,10,1,1,120,22,0,1,0,27,0,1,5,22,0,0,0,0,0,0,27,27,27,0.5360,12,1,0,still,0
435,11,1,1,120,22,1,2,0,26,0,1,5,21,0,1,0,0,0,0,26,25,25,0.5439,12,1,0,still,0
435,12,1,1,120,21,1,2,0,24,0,1,6,18,0,1,0,0,0,0,24,23,23,0.5839,13,1,0,still,0
435,13,1,1,120,20,1,2,0,21,0,1,6,15,0,0,0,1,1,1,22,21,22,0.5911,11,1,0,still,0
435,14,1,1,120,20,0,1,0,19,0,1,6,13,0,0,2,1,1,1,20,21,22,0.6279,11,1,0,still,0
435,15,1,1,120,20,3,7,0,20,0,1,6,14,0,0,0,4,4,4,24,20,24,0.5714,10,1,0,still,0
435,16,1,1,120,21,0,1,0,16,0,1,6,10,0,0,1,6,6,6,22,17,23,0.5908,9,1,0,still,0
435,41,1,1,120,22,0,1,0,27,0,1,5,22,0,0,1,0,0,0,27,28,28,0.3944,11,1,0,still,0
435,44,1,1,120,21,0,1,0,25,0,1,4,21,0,0,1,0,0,0,25,26,26,0.5107,11,1,0,still,0
435,45,1,1,120,21,0,2,0,24,0,1,5,19,0,0,0,0,0,0,24,24,24,0.5374,11,1,0,still,0
435,46,1,1,120,20,0,2,0,22,0,1,6,16,0,0,0,1,1,1,23,22,23,0.5081,11,1,0,still,0
435,47,2,1,120,20,0,2,0,22,0,1,7,15,0,0,1,1,1,1,23,23,24,0.6485,14,1,0,still,0
435,51,1,1,120,20,1,3,0,17,0,1,5,12,0,0,0,5,5,6,22,17,23,0.5828,9,1,0,still,0
435,56,1,1,120,22,0,1,0,19,0,1,5,14,0,0,0,7,7,7,26,19,26,0.5287,11,1,0,still,0
435,72,1,1,120,21,1,2,0,14,0,1,7,7,0,0,0,9,9,9,23,14,23,0.4064,10,1,0,still,0
435,91,1,1,120,21,0,1,0,25,0,1,25,0,0,0,0,0,0,1,25,25,26,0.5934,12,0,0,still,0
435,95,1,1,120,21,1,2,0,18,0,1,9,9,0,0,0,8,8,8,26,18,26,0.3315,7,1,0,still,0
435,98,1,1,120,21,1,2,0,16,0,1,8,8,0,0,0,8,8,8,24,16,24,0.4042,9,1,0,still,0
435,121,1,0,-1,1,1,6,0,0,0,0,0,0,0,0,1,0,0,0,0,1,1,0.0000,0,0,0,hop,1
436,117,1,1,120,22,0,1,0,29,0,1,6,23,0,1,0,2,2,0,31,28,28,0.3821,11,1,0,still,0
436,123,2,1,120,19,0,3,0,13,0,1,6,7,0,0,0,9,9,9,22,13,22,0.3276,10,1,0,still,0
438,132,1,0,-1,19,2,3,0,26,0,0,26,0,0,0,0,0,0,0,26,26,26,0.7422,15,0,0,hop,1
441,9,1,1,90,22,0,2,0,29,0,1,5,24,0,0,0,0,0,0,29,29,29,0.4723,10,1,0,still,0
441,76,3,0,-1,20,5,7,0,23,0,1,6,17,0,0,0,3,3,3,26,23,26,0.5949,14,1,0,start_jam,0
441,159,1,1,60,16,2,3,0,17,0,1,4,13,0,0,1,2,2,2,19,18,20,0.2913,8,1,0,still,0
442,170,1,1,60,21,6,7,0,19,0,1,6,13,0,0,1,3,3,3,22,20,23,0.6690,13,1,0,still,0
442,200,1,1,60,19,0,7,1,20,0,1,6,14,0,1,0,3,3,3,23,19,22,0.5647,11,1,0,still,0
446,110,1,0,-1,16,3,5,0,19,0,0,19,0,0,0,0,0,0,0,19,19,19,0.6886,12,0,0,pending,0
446,191,1,1,90,24,0,1,0,28,0,1,7,21,0,0,0,3,3,1,31,28,29,0.3991,13,1,0,still,0
447,110,1,0,-1,16,3,5,0,19,0,0,19,0,0,0,0,0,0,0,19,19,19,0.6887,12,0,0,hop,1
448,17,3,0,-1,21,1,2,0,17,0,1,3,14,0,0,1,7,7,7,24,18,25,0.5360,12,1,0,start_jam,0
448,164,1,0,-1,20,0,1,1,19,0,1,3,16,0,3,0,6,6,6,25,16,22,0.3781,10,1,0,start_jam,0
449,49,2,1,30,20,2,7,0,19,0,1,6,13,0,0,2,6,6,6,25,21,27,0.6174,11,1,0,still,0
450,83,1,1,120,21,0,1,0,18,0,1,5,13,0,0,0,7,7,8,25,18,26,0.5734,11,1,0,still,0
451,156,1,0,-1,9,0,1,0,9,0,0,9,0,0,0,0,0,0,0,9,9,9,0.3550,8,0,0,pending,0
451,158,1,1,90,18,0,1,0,19,0,1,6,13,0,2,0,5,5,5,24,17,22,0.2594,6,1,0,still,0
452,68,2,0,-1,20,1,2,0,20,0,1,7,13,0,0,0,6,6,6,26,20,26,0.3390,7,1,0,start_jam,0
452,97,2,0,-1,7,1,3,0,7,0,0,7,0,0,0,0,0,0,0,7,7,7,0.2503,7,0,0,hop,1
452,124,1,0,-1,6,0,3,0,6,0,0,6,0,0,0,0,0,0,0,6,6,6,0.2471,6,0,0,pending,0
452,156,1,0,-1,9,0,1,0,9,0,0,9,0,0,0,0,0,0,0,9,9,9,0.3550,8,0,0,hop,1
452,165,1,1,120,20,0,2,1,19,0,1,3,16,0,2,0,7,7,7,26,17,24,0.3235,11,1,0,still,0
453,124,1,0,-1,6,0,3,0,6,0,0,6,0,0,0,0,0,0,0,6,6,6,0.2468,6,0,0,hop,1
456,34,1,0,-1,13,0,1,1,13,0,0,13,0,0,0,0,0,0,0,13,13,13,0.4434,10,0,0,hop,1
456,109,2,0,-1,15,1,3,0,20,0,0,20,0,0,0,0,0,0,0,20,20,20,0.7111,13,0,0,hop,1
456,199,1,1,30,15,1,3,0,18,0,1,2,16,0,0,0,1,1,1,19,18,19,0.2943,9,1,0,still,0
458,125,1,1,90,19,1,7,0,19,0,1,4,15,0,1,1,5,5,5,24,19,24,0.5663,10,1,0,still,0
460,100,1,1,120,18,0,2,0,17,0,1,4,13,0,1,0,4,4,4,21,16,20,0.3993,8,1,0,still,0
463,19,3,1,90,21,0,2,0,19,0,1,3,16,0,0,0,7,7,7,26,19,26,0.5029,12,1,0,still,0
463,21,2,1,90,22,1,2,0,19,0,1,4,15,0,0,0,8,8,8,27,19,27,0.5325,12,1,0,still,0
463,26,3,1,90,22,0,2,0,25,0,1,19,6,0,0,0,4,4,4,29,25,29,0.6133,16,1,0,still,0
463,43,1,1,90,22,1,2,0,30,0,1,4,26,0,0,0,0,0,0,30,30,30,0.4862,11,1,0,still,0
463,118,3,1,90,21,0,1,0,32,1,1,4,28,0,1,0,0,0,0,32,31,31,0.4247,14,1,0,still,0
464,5,2,1,150,23,0,1,0,28,0,1,7,21,0,0,0,1,1,1,29,28,29,0.3955,12,1,0,still,0
464,25,2,1,150,22,1,2,0,23,0,1,14,9,0,0,0,6,6,6,29,23,29,0.5982,14,1,0,still,0
464,28,2,1,150,22,0,1,0,25,0,1,21,4,0,1,0,1,1,1,26,24,25,0.6842,16,1,0,still,0
464,29,2,1,150,19,1,2,0,26,0,1,24,2,0,1,0,0,0,0,26,25,25,0.6710,15,0,1,still,0
464,54,2,1,150,22,0,1,0,18,0,1,3,15,0,0,0,6,6,6,24,18,24,0.4800,11,1,0,still,0
464,55,2,1,150,21,0,2,0,20,0,1,5,15,0,0,0,7,7,7,27,20,27,0.5116,12,1,0,still,0
464,57,1,1,150,22,2,3,0,20,0,1,8,12,0,0,0,6,6,6,26,20,26,0.5589,11,1,0,still,0
464,58,1,1,150,21,0,1,0,21,0,1,11,10,0,0,0,5,5,6,26,21,27,0.5416,10,1,0,still,0
464,79,1,1,150,21,0,2,0,15,0,1,3,12,0,0,1,6,6,6,21,16,22,0.5990,10,1,0,still,0
464,84,1,1,150,22,1,3,0,19,0,1,8,11,0,0,0,6,6,6,25,19,25,0.5566,11,1,0,still,0
464,86,1,1,150,22,0,2,0,21,0,1,12,9,0,0,0,5,5,6,26,21,27,0.5732,10,1,0,still,0
464,87,1,1,150,22,1,2,0,22,0,1,15,7,0,0,0,4,4,5,26,22,27,0.5990,12,1,0,still,0
464,88,1,1,150,23,0,1,0,22,0,1,17,5,0,0,0,4,4,4,26,22,26,0.6101,13,1,0,still,0
464,89,1,1,150,24,0,1,0,23,0,1,19,4,0,0,0,3,3,4,26,23,27,0.6716,14,1,0,still,0
464,90,1,1,150,21,0,1,0,23,0,1,21,2,0,0,0,0,0,1,23,23,24,0.6232,12,0,1,still,0
464,113,1,1,150,21,2,3,0,21,0,1,8,13,0,2,1,5,5,5,26,20,25,0.2633,7,1,0,still,0
464,114,1,1,150,21,0,3,0,23,0,1,6,17,0,1,1,4,4,4,27,23,27,0.2931,8,1,0,still,0
464,115,2,1,150,24,0,2,0,28,0,1,7,21,0,0,0,3,3,2,31,28,30,0.3237,12,1,0,still,0
464,119,1,1,150,21,0,2,0,31,1,1,5,26,0,4,0,0,0,0,31,27,27,0.4708,13,1,0,still,0
464,126,1,1,150,20,1,2,0,20,0,1,4,16,0,3,0,6,6,6,26,17,23,0.3522,8,1,0,still,0
464,127,1,1,150,20,1,2,0,19,0,1,3,16,0,2,0,7,7,7,26,17,24,0.3236,9,1,0,still,0
464,128,1,1,150,20,1,2,0,23,0,1,5,18,0,3,0,7,7,7,30,20,27,0.3757,10,1,0,still,0
464,130,1,1,150,20,4,7,0,19,0,1,4,15,0,0,1,3,3,3,22,20,23,0.6082,11,1,0,still,0
464,131,1,1,150,21,0,1,0,24,0,1,10,14,0,4,0,7,7,7,31,20,27,0.3205,8,1,0,still,0
464,135,1,1,150,22,1,2,0,26,0,1,15,11,0,3,0,5,5,5,31,23,28,0.3721,11,1,0,still,0
464,138,1,1,150,24,0,1,0,25,0,1,19,6,0,1,0,2,2,2,27,24,26,0.3968,12,1,0,still,0
464,139,1,1,150,24,1,2,0,28,0,1,2,26,0,3,0,0,0,0,28,25,25,0.4711,12,1,0,still,0
464,140,1,1,150,21,1,2,0,26,0,1,4,22,0,3,1,0,0,0,26,24,24,0.4713,11,1,0,still,0
464,141,2,1,150,21,0,1,0,25,0,1,4,21,0,1,0,1,1,1,26,24,25,0.5678,14,1,0,still,0
464,142,2,1,150,21,0,1,1,23,0,1,4,19,0,0,0,3,3,3,26,23,26,0.4400,12,1,0,still,0
464,143,1,1,150,20,0,1,0,29,0,1,26,3,0,4,0,0,0,0,29,25,25,0.4475,10,0,0,still,0
464,153,1,1,150,20,1,2,0,21,0,1,9,12,0,3,1,5,5,6,26,19,25,0.2899,8,1,0,still,0
464,154,2,1,150,21,0,1,0,22,0,1,9,13,0,2,0,6,6,6,28,20,26,0.3182,9,1,0,still,0
464,157,2,1,150,18,0,1,0,21,0,1,7,14,0,1,0,6,6,6,27,20,26,0.3205,7,1,0,still,0
464,163,1,1,150,20,0,2,1,20,0,1,4,16,0,3,0,6,6,6,26,17,23,0.3750,10,1,0,still,0
464,166,1,1,150,21,0,1,1,20,0,1,3,17,0,2,0,6,6,6,26,18,24,0.3762,11,1,0,still,0
464,167,1,1,150,20,0,2,1,22,0,1,4,18,0,3,0,7,7,7,29,19,26,0.3963,12,1,0,still,0
464,168,1,1,150,21,0,1,1,24,0,1,8,16,0,3,0,6,6,6,30,21,27,0.3744,10,1,0,still,0
464,169,1,1,150,20,0,1,0,21,0,1,4,17,0,0,0,2,2,2,23,21,23,0.6099,12,1,0,still,0
464,171,1,1,150,21,0,1,1,24,0,1,10,14,0,4,0,7,7,7,31,20,27,0.3698,11,1,0,still,0
464,172,1,1,150,20,0,1,1,25,0,1,14,11,0,3,0,6,6,6,31,22,28,0.4525,12,1,0,still,0
464,176,1,1,150,22,0,2,1,26,0,1,15,11,0,3,0,5,5,5,31,23,28,0.4172,14,1,0,still,0
464,177,1,1,90,23,0,1,1,26,0,1,18,8,0,2,0,4,4,4,30,24,28,0.3973,13,1,0,still,0
464,180,1,1,150,24,0,1,1,25,0,1,19,6,0,1,0,2,2,2,27,24,26,0.4396,15,1,0,still,0
464,181,1,1,150,21,0,1,1,27,0,1,22,5,0,3,0,1,1,1,28,24,25,0.4481,13,1,0,still,0
464,183,1,1,150,20,0,2,1,27,0,1,4,23,0,4,0,0,0,0,27,23,23,0.5162,13,1,0,still,0
464,186,1,1,150,20,0,1,1,29,0,1,26,3,0,4,0,0,0,0,29,25,25,0.4619,12,0,1,still,0
464,188,1,1,150,21,0,2,0,23,0,1,9,14,0,4,0,5,5,5,28,19,24,0.4073,12,1,0,still,0
464,189,1,1,150,21,0,1,0,24,0,1,7,17,0,3,0,5,5,5,29,21,26,0.4496,15,1,0,still,0
464,194,1,1,150,22,1,2,0,32,1,1,5,27,0,4,0,0,0,0,32,28,28,0.4068,12,1,0,still,0
464,195,1,1,150,21,0,1,0,22,0,1,9,13,0,3,0,6,6,6,28,19,25,0.3446,10,1,0,still,0
465,1,1,1,150,22,0,1,0,21,0,1,9,12,0,0,0,6,6,6,27,21,27,0.3551,6,1,0,still,0
465,3,2,1,150,20,0,1,0,21,0,1,6,15,0,0,1,5,5,5,26,22,27,0.3262,8,1,0,still,0
465,4,2,1,150,20,0,1,0,24,0,1,6,18,0,0,0,3,3,3,27,24,27,0.3297,9,1,0,still,0
465,6,1,1,150,23,0,1,0,28,0,1,5,23,0,0,0,0,0,0,28,28,28,0.4048,11,1,0,still,0
465,7,1,1,150,22,0,1,0,29,0,1,4,25,0,0,0,0,0,0,29,29,29,0.4063,11,1,0,still,0
465,8,1,1,150,22,0,2,0,29,0,1,2,27,0,0,0,0,0,0,29,29,29,0.4433,11,1,0,still,0
465,10,1,1,150,22,0,1,0,27,0,1,4,23,0,0,0,0,0,0,27,27,27,0.5289,12,1,0,still,0
465,11,1,1,150,22,1,2,0,26,0,1,3,23,0,1,0,0,0,0,26,25,25,0.5368,12,1,0,still,0
465,12,1,1,150,20,1,2,0,24,0,1,4,20,0,0,0,0,0,0,24,24,24,0.5172,10,1,0,still,0
465,13,1,1,150,19,1,2,0,21,0,1,4,17,0,0,1,1,1,1,22,22,23,0.5910,11,1,0,still,0
465,14,1,1,150,20,0,1,0,19,0,1,4,15,0,0,2,1,1,1,20,21,22,0.5171,10,1,0,still,0
465,15,1,1,150,20,3,7,0,20,0,1,4,16,0,0,0,4,4,4,24,20,24,0.4966,9,1,0,still,0
465,16,1,1,150,20,0,1,0,17,0,1,4,13,0,0,0,6,6,6,23,17,23,0.5910,9,1,0,still,0
465,41,1,1,150,22,0,1,0,27,0,1,4,23,0,0,1,0,0,0,27,28,28,0.3945,11,1,0,still,0
465,44,1,1,150,21,0,1,0,25,0,1,3,22,0,0,0,0,0,0,25,25,25,0.5030,11,1,0,still,0
465,45,1,1,150,21,0,2,0,24,0,1,3,21,0,0,0,0,0,0,24,24,24,0.5296,11,1,0,still,0
465,46,1,1,150,21,0,2,0,21,0,1,4,17,0,0,3,0,0,0,21,24,24,0.5115,10,1,0,still,0
465,47,2,1,150,21,0,2,0,22,0,1,4,18,0,0,2,1,1,1,23,24,25,0.6165,13,1,0,still,0
465,51,1,1,150,20,0,2,0,16,0,1,3,13,0,0,0,5,5,6,21,16,22,0.5390,8,1,0,still,0
465,56,1,1,150,22,0,1,0,19,0,1,5,14,0,0,0,7,7,7,26,19,26,0.5266,11,1,0,still,0
465,72,1,1,150,19,1,2,0,17,0,1,4,13,0,0,0,4,4,4,21,17,21,0.4044,8,1,0,still,0
465,91,1,1,150,19,0,1,0,22,0,1,22,0,0,0,0,0,0,1,22,22,23,0.5934,11,0,0,still,0
465,92,1,0,-1,19,2,4,0,24,0,0,24,0,0,0,1,0,0,0,24,25,25,0.6808,12,0,0,hop,1
465,95,1,1,150,20,0,2,0,19,0,1,7,12,0,0,0,6,6,6,25,19,25,0.3611,6,1,0,still,0
465,98,1,1,150,18,0,1,0,17,0,1,5,12,0,0,1,5,5,5,22,18,23,0.4008,7,1,0,still,0
466,117,1,1,150,22,0,1,0,29,0,1,5,24,0,1,0,2,2,0,31,28,28,0.3822,11,1,0,still,0
466,123,2,1,150,17,0,3,0,17,0,1,3,14,0,0,0,3,3,3,20,17,20,0.3547,9,1,0,still,0
469,107,2,0,-1,20,1,2,0,27,0,0,27,0,0,0,1,0,0,0,27,28,28,0.6623,13,0,0,pending,0
470,107,2,0,-1,20,1,2,0,27,0,0,27,0,0,0,1,0,0,0,27,28,28,0.6621,13,0,0,hop,1
471,9,1,1,120,22,0,2,0,29,0,1,4,25,0,0,0,0,0,0,29,29,29,0.4716,10,1,0,still,0
471,67,2,0,-1,16,0,1,0,22,0,0,22,0,0,0,0,0,0,0,22,22,22,0.6544,12,0,0,pending,0
471,76,3,1,30,20,5,7,0,22,0,1,4,18,0,0,1,3,3,3,25,23,26,0.5653,13,1,0,still,0
471,159,1,1,90,15,2,3,0,17,0,1,2,15,0,0,1,1,1,1,18,18,19,0.2621,7,1,0,still,0
472,67,2,0,-1,15,0,1,0,22,0,0,22,0,0,0,0,0,0,0,22,22,22,0.6543,12,0,0,hop,1
472,170,1,1,90,21,6,7,0,19,0,1,4,15,0,0,1,3,3,3,22,20,23,0.6697,13,1,0,still,0
472,200,1,1,90,19,0,7,1,20,0,1,4,16,0,1,0,3,3,3,23,19,22,0.5726,11,1,0,still,0
476,191,1,1,120,24,0,1,0,28,0,1,7,21,0,0,0,3,3,1,31,28,29,0.4257,14,1,0,still,0
478,17,3,1,30,21,1,2,0,17,0,1,3,14,0,0,1,7,7,7,24,18,25,0.5358,12,1,0,still,0
478,164,1,1,30,20,0,1,1,19,0,1,3,16,0,3,0,6,6,6,25,16,22,0.3781,10,1,0,still,0
479,49,2,1,60,20,2,7,0,18,0,1,6,12,0,0,2,7,7,7,25,20,27,0.6255,11,1,0,still,0
479,144,2,0,-1,14,0,5,0,16,0,0,16,0,0,0,0,0,0,0,16,16,16,0.5091,13,0,0,pending,0
480,83,1,1,150,21,0,1,0,17,0,1,4,13,0,0,0,6,6,7,23,17,24,0.5734,11,1,0,still,0
480,144,2,0,-1,14,0,5,0,16,0,0,16,0,0,0,0,0,0,0,16,16,16,0.5091,13,0,0,hop,1
481,108,1,0,-1,18,0,2,0,23,0,0,23,0,0,0,1,0,0,0,23,24,24,0.6822,11,0,0,pending,0
481,158,1,1,120,18,0,1,0,21,0,1,5,16,0,2,0,3,3,3,24,19,22,0.2592,6,1,0,still,0
482,68,2,1,30,20,1,2,0,22,0,1,7,15,0,0,0,4,4,4,26,22,26,0.3406,7,1,0,still,0
482,108,1,0,-1,18,0,2,0,23,0,0,23,0,0,0,1,0,0,0,23,24,24,0.6823,11,0,0,hop,1
482,165,1,1,150,20,0,2,1,19,0,1,3,16,0,2,0,7,7,7,26,17,24,0.3235,11,1,0,still,0
486,199,1,1,60,15,1,3,0,18,0,1,2,16,0,0,0,1,1,1,19,18,19,0.2942,9,1,0,still,0
488,125,1,1,120,20,1,7,0,17,0,1,4,13,0,0,1,6,6,6,23,18,24,0.5345,9,1,0,still,0
488,145,1,0,-1,20,1,3,0,23,0,1,7,16,0,3,0,4,4,4,27,20,24,0.3560,10,1,0,start_jam,0
489,75,1,0,-1,9,0,1,0,9,0,0,9,0,0,0,0,0,0,0,9,9,9,0.3414,8,0,0,hop,1
490,31,2,0,-1,19,1,2,0,24,0,1,24,0,0,0,1,0,0,0,24,25,25,0.6266,12,0,0,start_jam,0
490,100,1,1,150,18,0,2,0,18,0,1,3,15,0,1,0,3,3,3,21,17,20,0.3963,8,1,0,still,0
493,19,3,1,120,21,0,2,0,17,0,1,2,15,0,0,0,7,7,7,24,17,24,0.5027,12,1,0,still,0
493,21,2,1,120,22,1,2,0,18,0,1,3,15,0,0,0,8,8,8,26,18,26,0.5302,12,1,0,still,0
493,26,3,1,120,21,0,2,0,23,0,1,16,7,0,0,0,4,4,4,27,23,27,0.5240,13,1,0,still,0
493,43,1,1,120,22,1,2,0,30,0,1,4,26,0,0,0,0,0,0,30,30,30,0.4793,11,1,0,still,0
493,118,3,1,120,21,0,1,0,32,1,1,4,28,0,1,0,0,0,0,32,31,31,0.4248,14,1,0,still,0
494,5,2,1,180,23,0,1,0,28,0,1,7,21,0,0,0,1,1,1,29,28,29,0.3955,12,1,0,still,0
494,25,2,1,180,21,1,2,0,23,0,1,13,10,0,0,0,6,6,6,29,23,29,0.5352,11,1,0,still,0
494,28,2,1,180,21,0,1,0,24,0,1,19,5,0,1,0,1,1,1,25,23,24,0.6544,14,1,0,still,0
494,29,2,1,180,18,0,1,0,25,0,1,22,3,0,1,0,0,0,0,25,24,24,0.6156,13,0,1,still,0
494,54,2,1,180,22,0,1,0,18,0,1,3,15,0,0,0,6,6,6,24,18,24,0.4798,11,1,0,still,0
494,55,2,1,180,21,0,2,0,19,0,1,3,16,0,0,0,7,7,7,26,19,26,0.5120,12,1,0,still,0
494,57,1,1,180,22,2,3,0,18,0,1,5,13,0,0,0,6,6,6,24,18,24,0.5552,11,1,0,still,0
494,58,1,1,180,20,0,1,0,18,0,1,7,11,0,0,0,5,5,6,23,18,24,0.5414,9,1,0,still,0
494,79,1,1,180,21,0,2,0,15,0,1,3,12,0,0,0,6,6,7,21,15,22,0.5985,10,1,0,still,0
494,84,1,1,180,22,1,3,0,18,0,1,6,12,0,0,0,6,6,6,24,18,24,0.5222,10,1,0,still,0
494,86,1,1,180,21,0,2,0,20,0,1,10,10,0,0,0,5,5,6,25,20,26,0.5736,9,1,0,still,0
494,87,1,1,180,21,1,2,0,21,0,1,13,8,0,0,0,4,4,5,25,21,26,0.5987,11,1,0,still,0
494,88,1,1,180,22,0,1,0,21,0,1,15,6,0,0,0,4,4,4,25,21,25,0.5740,11,1,0,still,0
494,89,1,1,180,23,0,1,0,22,0,1,17,5,0,0,0,3,3,4,25,22,26,0.6007,12,1,0,still,0
494,90,1,1,180,20,0,1,0,23,0,1,20,3,0,1,0,0,0,1,23,22,23,0.5968,12,1,0,still,0
494,113,1,1,180,21,2,3,0,22,0,1,8,14,0,2,1,4,4,4,26,21,25,0.2635,7,1,0,still,0
494,114,1,1,180,21,0,3,0,23,0,1,6,17,0,1,1,4,4,4,27,23,27,0.2935,8,1,0,still,0
494,115,2,1,180,24,0,2,0,28,0,1,7,21,0,0,0,3,3,2,31,28,30,0.3237,12,1,0,still,0
494,119,1,1,180,21,0,2,0,31,1,1,5,26,0,4,0,0,0,0,31,27,27,0.4414,12,1,0,still,0
494,126,1,1,180,20,1,2,0,19,0,1,4,15,0,3,0,7,7,7,26,16,23,0.3522,8,1,0,still,0
494,127,1,1,180,20,1,2,0,19,0,1,3,16,0,2,0,7,7,7,26,17,24,0.3236,9,1,0,still,0
494,128,1,1,180,20,1,2,0,21,0,1,3,18,0,3,0,7,7,7,28,18,25,0.3757,10,1,0,still,0
494,130,1,1,180,20,4,7,0,18,0,1,4,14,0,0,1,4,4,4,22,19,23,0.6126,11,1,0,still,0
494,131,1,1,180,20,0,1,0,23,0,1,8,15,0,4,0,7,7,7,30,19,26,0.3205,8,1,0,still,0
494,135,1,1,180,21,1,2,0,25,0,1,13,12,0,3,0,5,5,5,30,22,27,0.3721,10,1,0,still,0
494,138,1,1,180,23,0,1,0,24,0,1,17,7,0,1,0,2,2,2,26,23,25,0.4232,12,1,0,still,0
494,139,1,1,180,23,0,2,0,27,0,1,2,25,0,2,0,0,0,0,27,25,25,0.4711,12,1,0,still,0
494,140,1,1,180,21,1,2,0,26,0,1,4,22,0,3,1,0,0,0,26,24,24,0.5008,12,1,0,still,0
494,141,2,1,180,21,0,1,1,24,0,1,4,20,0,1,0,3,3,3,27,23,26,0.5679,14,1,0,still,0
494,142,2,1,180,21,0,1,1,22,0,1,4,18,0,0,0,4,4,4,26,22,26,0.5266,13,1,0,still,0
494,143,1,1,180,20,0,1,0,28,0,1,24,4,0,3,0,0,0,0,28,25,25,0.5002,12,0,0,still,0
494,153,1,1,180,20,1,2,0,23,0,1,8,15,0,4,2,4,4,4,27,21,25,0.2899,8,1,0,still,0
494,154,2,1,180,21,0,1,0,24,0,1,8,16,0,2,0,4,4,4,28,22,26,0.3182,9,1,0,still,0
494,157,2,1,180,18,0,1,0,23,0,1,6,17,0,1,0,4,4,4,27,22,26,0.3219,7,1,0,still,0
494,163,1,1,180,20,0,2,1,20,0,1,5,15,0,4,0,7,7,7,27,16,23,0.3750,10,1,0,still,0
494,166,1,1,180,21,0,1,1,20,0,1,3,17,0,2,0,6,6,6,26,18,24,0.3762,11,1,0,still,0
494,167,1,1,180,20,0,2,1,21,0,1,3,18,0,3,0,7,7,7,28,18,25,0.3963,12,1,0,still,0
494,168,1,1,180,21,0,1,1,22,0,1,5,17,0,3,0,6,6,6,28,19,25,0.3744,10,1,0,still,0
494,169,1,1,180,21,0,1,0,19,0,1,4,15,0,0,2,3,3,3,22,21,24,0.6177,12,1,0,still,0
494,171,1,1,180,20,0,1,1,23,0,1,8,15,0,4,0,7,7,7,30,19,26,0.3698,11,1,0,still,0
494,172,1,1,180,19,0,1,1,24,0,1,12,12,0,3,0,6,6,6,30,21,27,0.4258,10,1,0,still,0
494,176,1,1,180,21,0,2,1,25,0,1,13,12,0,3,0,5,5,5,30,22,27,0.4172,13,1,0,still,0
494,177,1,1,120,22,0,1,1,25,0,1,16,9,0,2,0,4,4,4,29,23,27,0.3973,12,1,0,still,0
494,180,1,1,180,23,0,1,1,24,0,1,17,7,0,1,0,2,2,2,26,23,25,0.4152,14,1,0,still,0
494,181,1,1,180,20,0,1,1,26,0,1,20,6,0,3,0,1,1,1,27,23,24,0.4745,14,1,0,still,0
494,183,1,1,180,20,0,2,1,27,0,1,4,23,0,4,0,0,0,0,27,23,23,0.5433,14,1,0,still,0
494,186,1,1,180,20,0,1,1,28,0,1,24,4,0,3,0,0,0,0,28,25,25,0.4862,13,0,1,still,0
494,188,1,1,180,21,0,2,0,23,0,1,8,15,0,3,0,4,4,4,27,20,24,0.3803,11,1,0,still,0
494,189,1,1,180,19,0,1,0,24,0,1,7,17,0,3,0,4,4,4,28,21,25,0.4501,15,1,0,still,0
494,194,1,1,180,22,1,2,0,32,1,1,5,27,0,4,0,0,0,0,32,28,28,0.4070,12,1,0,still,0
494,195,1,1,180,21,0,1,0,25,0,1,8,17,0,3,0,4,4,4,29,22,26,0.3446,10,1,0,still,0
495,1,1,1,180,22,0,1,0,22,0,1,7,15,0,0,0,4,4,4,26,22,26,0.3507,6,1,0,still,0
495,3,2,1,180,20,0,1,0,22,0,1,6,16,0,0,1,4,4,4,26,23,27,0.3280,8,1,0,still,0
495,4,2,1,180,20,0,1,0,24,0,1,6,18,0,0,0,3,3,3,27,24,27,0.3297,9,1,0,still,0
495,6,1,1,180,23,0,1,0,29,0,1,5,24,0,0,0,0,0,0,29,29,29,0.4048,11,1,0,still,0
495,7,1,1,180,22,0,1,0,29,0,1,4,25,0,0,0,0,0,0,29,29,29,0.4063,11,1,0,still,0
495,8,1,1,180,22,0,2,0,29,0,1,2,27,0,0,0,0,0,0,29,29,29,0.4430,11,1,0,still,0
495,10,1,1,180,22,0,1,0,27,0,1,4,23,0,0,0,0,0,0,27,27,27,0.5260,12,1,0,still,0
495,11,1,1,180,22,1,2,0,26,0,1,3,23,0,1,0,0,0,0,26,25,25,0.5335,12,1,0,still,0
495,12,1,1,180,20,1,2,0,24,0,1,4,20,0,0,0,0,0,0,24,24,24,0.5172,10,1,0,still,0
495,13,1,1,180,19,1,2,0,21,0,1,4,17,0,0,1,1,1,1,22,22,23,0.5910,11,1,0,still,0
495,14,1,1,180,20,0,1,0,19,0,1,4,15,0,0,2,1,1,1,20,21,22,0.5171,10,1,0,still,0
495,15,1,1,180,20,3,7,0,20,0,1,4,16,0,1,0,5,5,5,25,19,24,0.5258,10,1,0,still,0
495,16,1,1,180,18,0,2,1,15,0,1,3,12,0,0,0,6,6,6,21,15,21,0.5540,8,1,0,still,0
495,41,1,1,180,22,0,1,0,27,0,1,4,23,0,0,1,0,0,0,27,28,28,0.3921,11,1,0,still,0
495,44,1,1,180,21,0,1,0,25,0,1,3,22,0,0,0,0,0,0,25,25,25,0.5000,11,1,0,still,0
495,45,1,1,180,21,0,2,0,24,0,1,3,21,0,0,0,0,0,0,24,24,24,0.5616,12,1,0,still,0
495,46,1,1,180,21,0,2,0,21,0,1,4,17,0,0,3,0,0,0,21,24,24,0.5482,11,1,0,still,0
495,47,2,1,180,21,0,2,0,21,0,1,4,17,0,0,2,2,2,2,23,23,25,0.5842,13,1,0,still,0
495,51,1,1,180,20,0,1,0,15,0,1,3,12,0,0,0,6,6,7,21,15,22,0.5382,8,1,0,still,0
495,56,1,1,180,22,0,1,0,18,0,1,3,15,0,0,0,7,7,7,25,18,25,0.5235,11,1,0,still,0
495,72,1,1,180,19,1,2,0,17,0,1,3,14,0,0,1,3,3,3,20,18,21,0.3659,7,1,0,still,0
495,91,1,1,180,19,0,1,0,22,0,1,21,1,0,0,0,0,0,1,22,22,23,0.5976,11,0,1,still,0
495,95,1,1,180,20,0,2,0,21,0,1,6,15,0,0,0,4,4,4,25,21,25,0.3617,6,1,0,still,0
495,98,1,1,180,18,0,1,0,19,0,1,4,15,0,0,1,3,3,3,22,20,23,0.4014,7,1,0,still,0
496,117,1,1,180,22,0,1,0,29,0,1,5,24,0,1,0,2,2,0,31,28,28,0.4117,12,1,0,still,0
496,123,2,1,180,18,0,3,0,18,0,1,2,16,0,0,0,2,2,2,20,18,20,0.2999,8,1,0,still,0
501,9,1,1,150,22,0,2,0,29,0,1,4,25,0,0,0,0,0,0,29,29,29,0.4705,10,1,0,still,0
501,76,3,1,60,21,5,7,0,21,0,1,4,17,0,0,1,4,4,4,25,22,26,0.5950,14,1,0,still,0
501,159,1,1,120,15,2,3,0,16,0,1,2,14,0,0,1,1,1,1,17,17,18,0.2621,7,1,0,still,0
502,170,1,1,120,21,6,7,0,18,0,1,4,14,0,0,1,4,4,4,22,19,23,0.6708,13,1,0,still,0
502,200,1,1,120,19,0,7,1,19,0,1,4,15,0,1,0,4,4,4,23,18,22,0.5774,11,1,0,still,0
505,99,2,0,-1,14,1,5,0,17,0,0,17,0,0,0,0,0,0,0,17,17,17,0.6269,14,0,0,hop,1
506,191,1,1,150,22,0,1,0,27,0,1,7,20,0,0,0,3,3,1,30,27,28,0.4257,14,1,0,still,0
508,17,3,1,60,21,1,2,0,17,0,1,3,14,0,0,1,7,7,7,24,18,25,0.5336,12,1,0,still,0
508,164,1,1,60,20,0,1,1,19,0,1,3,16,0,3,0,6,6,6,25,16,22,0.3781,10,1,0,still,0
509,49,2,1,90,20,2,7,0,17,0,1,5,12,0,0,2,7,7,7,24,19,26,0.6265,11,1,0,still,0
510,83,1,1,180,21,0,1,0,17,0,1,3,14,0,0,0,7,7,8,24,17,25,0.5740,11,1,0,still,0
511,158,1,1,150,18,0,1,0,21,0,1,4,17,0,2,0,3,3,3,24,19,22,0.2589,6,1,0,still,0
512,68,2,1,60,20,1,2,0,21,0,1,6,15,0,0,0,5,5,5,26,21,26,0.3392,7,1,0,still,0
512,165,1,1,180,20,0,2,1,19,0,1,3,16,0,2,0,7,7,7,26,17,24,0.3235,11,1,0,still,0
516,199,1,1,90,15,1,3,0,17,0,1,2,15,0,0,0,2,2,2,19,17,19,0.2942,9,1,0,still,0
518,125,1,1,150,20,1,5,0,17,0,1,4,13,0,0,1,6,6,6,23,18,24,0.5368,9,1,0,still,0
518,145,1,1,30,19,1,3,0,22,0,1,6,16,0,2,0,4,4,3,26,20,23,0.3571,10,1,0,still,0
520,31,2,1,30,19,1,2,0,24,0,1,24,0,0,0,1,0,0,0,24,25,25,0.6265,12,0,0,still,0
520,100,1,1,180,18,0,2,0,17,0,1,3,14,0,1,0,4,4,4,21,16,20,0.3921,8,1,0,still,0
523,19,3,1,150,21,0,2,0,17,0,1,2,15,0,0,0,7,7,7,24,17,24,0.5009,12,1,0,still,0
523,21,2,1,150,22,1,2,0,19,0,1,3,16,0,0,0,8,8,8,27,19,27,0.5280,12,1,0,still,0
523,26,3,1,150,21,0,2,0,24,0,1,17,7,0,0,0,4,4,4,28,24,28,0.5836,14,1,0,still,0
523,43,1,1,150,22,1,2,0,29,0,1,4,25,0,0,0,0,0,0,29,29,29,0.4791,11,1,0,still,0
523,66,1,0,-1,17,0,1,0,23,0,0,23,0,0,1,1,0,0,0,23,23,23,0.5948,10,0,0,hop,1
523,118,3,1,150,21,0,1,0,32,1,1,4,28,0,1,0,0,0,0,32,31,31,0.4001,13,1,0,still,0
524,5,2,1,210,22,0,1,0,27,0,1,6,21,0,0,0,1,1,1,28,27,28,0.3955,12,1,0,still,0
524,25,2,1,210,21,1,2,0,23,0,1,13,10,0,0,0,6,6,6,29,23,29,0.5343,11,1,0,still,0
524,28,2,1,210,21,0,2,0,25,0,1,20,5,0,1,0,1,1,1,26,24,25,0.6569,14,1,0,still,0
524,29,2,1,210,18,0,1,0,26,0,1,23,3,0,1,0,0,0,0,26,25,25,0.6126,13,0,1,still,0
524,54,2,1,210,22,0,1,0,18,0,1,3,15,0,0,0,6,6,6,24,18,24,0.4798,11,1,0,still,0
524,55,2,1,210,21,0,2,0,19,0,1,3,16,0,0,0,7,7,7,26,19,26,0.5123,12,1,0,still,0
524,57,1,1,210,22,2,3,0,18,0,1,5,13,0,0,0,6,6,6,24,18,24,0.5533,11,1,0,still,0
524,58,1,1,210,20,0,1,0,18,0,1,7,11,0,0,0,5,5,6,23,18,24,0.5416,9,1,0,still,0
524,79,1,1,210,21,0,2,0,15,0,1,3,12,0,0,0,6,6,7,21,15,22,0.5978,10,1,0,still,0
524,84,1,1,210,22,1,3,0,18,0,1,6,12,0,0,0,6,6,6,24,18,24,0.5227,10,1,0,still,0
524,86,1,1,210,21,0,2,0,20,0,1,10,10,0,0,0,5,5,6,25,20,26,0.6101,10,1,0,still,0
524,87,1,1,210,21,1,2,0,21,0,1,13,8,0,0,0,4,4,5,25,21,26,0.5995,11,1,0,still,0
524,88,1,1,210,22,0,1,0,21,0,1,15,6,0,0,0,4,4,4,25,21,25,0.5726,11,1,0,still,0
524,89,1,1,210,23,1,2,0,22,0,1,17,5,0,0,0,3,3,4,25,22,26,0.6029,12,1,0,still,0
524,90,1,1,210,20,0,1,0,23,0,1,20,3,0,0,0,0,0,1,23,23,24,0.5336,11,1,0,still,0
524,113,1,1,210,20,2,3,0,20,0,1,7,13,0,2,1,4,4,4,24,19,23,0.2638,7,1,0,still,0
524,114,1,1,210,20,0,3,0,22,0,1,5,17,0,0,1,4,4,3,26,23,26,0.3521,10,1,0,still,0
524,115,2,1,210,23,0,2,0,26,0,1,6,20,0,0,0,3,3,2,29,26,28,0.3235,12,1,0,still,0
524,119,1,1,210,21,0,2,0,31,1,1,5,26,0,4,0,0,0,0,31,27,27,0.4413,12,1,0,still,0
524,126,1,1,210,20,1,2,0,20,0,1,5,15,0,4,0,7,7,7,27,16,23,0.3522,8,1,0,still,0
524,127,1,1,210,20,1,2,0,19,0,1,3,16,0,2,0,7,7,7,26,17,24,0.3236,9,1,0,still,0
524,128,1,1,210,20,1,2,0,21,0,1,3,18,0,2,0,7,7,7,28,19,26,0.3489,9,1,0,still,0
524,130,1,1,210,20,4,5,0,18,0,1,4,14,0,0,1,4,4,4,22,19,23,0.6178,11,1,0,still,0
524,131,1,1,210,20,0,1,0,23,0,1,8,15,0,4,0,7,7,7,30,19,26,0.3205,8,1,0,still,0
524,135,1,1,210,21,1,2,0,25,0,1,13,12,0,3,0,5,5,5,30,22,27,0.3721,10,1,0,still,0
524,138,1,1,210,23,0,1,0,25,0,1,18,7,0,1,0,2,2,2,27,24,26,0.4232,12,1,0,still,0
524,139,1,1,210,24,1,3,0,27,0,1,2,25,0,2,0,0,0,0,27,25,25,0.5300,13,1,0,still,0
524,140,1,1,210,21,1,2,0,27,0,1,4,23,0,3,1,0,0,0,27,25,25,0.5597,13,1,0,still,0
524,141,2,1,210,21,0,1,1,24,0,1,4,20,0,1,0,3,3,3,27,23,26,0.5679,14,1,0,still,0
524,142,2,1,210,21,0,1,1,23,0,1,4,19,0,0,0,4,4,4,27,23,27,0.5316,13,1,0,still,0
524,143,1,1,210,20,0,1,0,28,0,1,24,4,0,3,0,0,0,0,28,25,25,0.5002,12,0,0,still,0
524,153,1,1,210,19,1,2,0,21,0,1,7,14,0,4,2,4,4,4,25,19,23,0.2896,8,1,0,still,0
524,154,2,1,210,20,0,1,0,23,0,1,7,16,0,2,0,4,4,4,27,21,25,0.3181,9,1,0,still,0
524,157,2,1,210,18,0,1,0,22,0,1,6,16,0,1,0,4,4,4,26,21,25,0.3221,7,1,0,still,0
524,163,1,1,210,20,0,2,1,20,0,1,5,15,0,4,0,7,7,7,27,16,23,0.3750,10,1,0,still,0
524,166,1,1,210,21,0,1,1,20,0,1,3,17,0,2,0,6,6,6,26,18,24,0.3762,11,1,0,still,0
524,167,1,1,210,20,0,2,1,21,0,1,3,18,0,2,0,7,7,7,28,19,26,0.3963,12,1,0,still,0
524,168,1,1,210,21,0,1,1,22,0,1,5,17,0,3,0,6,6,6,28,19,25,0.3744,10,1,0,still,0
524,169,1,1,210,21,0,1,0,18,0,1,4,14,0,0,2,3,3,3,21,20,23,0.6282,12,1,0,still,0
524,171,1,1,210,20,0,1,1,23,0,1,8,15,0,4,0,7,7,7,30,19,26,0.3698,11,1,0,still,0
524,172,1,1,210,19,0,1,1,24,0,1,12,12,0,3,0,6,6,6,30,21,27,0.4258,10,1,0,still,0
524,176,1,1,210,21,0,2,1,25,0,1,13,12,0,3,0,5,5,5,30,22,27,0.4172,13,1,0,still,0
524,177,1,1,150,22,0,1,1,25,0,1,16,9,0,2,0,4,4,4,29,23,27,0.3973,12,1,0,still,0
524,180,1,1,210,23,0,1,1,25,0,1,18,7,0,1,0,2,2,2,27,24,26,0.4641,15,1,0,still,0
524,181,1,1,210,20,0,1,1,27,0,1,21,6,0,3,0,1,1,1,28,24,25,0.4745,14,1,0,still,0
524,183,1,1,210,20,0,2,1,28,0,1,4,24,0,4,0,0,0,0,28,24,24,0.5162,13,1,0,still,0
524,186,1,1,210,20,0,1,1,28,0,1,24,4,0,3,0,0,0,0,28,25,25,0.5105,14,0,1,still,0
524,188,1,1,210,20,0,2,0,22,0,1,7,15,0,3,0,4,4,4,26,19,23,0.3804,11,1,0,still,0
524,189,1,1,210,19,0,1,0,23,0,1,6,17,0,2,0,4,4,3,27,21,24,0.4002,13,1,0,still,0
524,194,1,1,210,22,1,2,0,32,1,1,5,27,0,4,0,0,0,0,32,28,28,0.4063,12,1,0,still,0
524,195,1,1,210,20,0,1,0,24,0,1,7,17,0,3,0,4,4,4,28,21,25,0.2916,9,1,0,still,0
525,1,1,1,210,21,0,3,0,22,0,1,7,15,0,0,0,4,4,4,26,22,26,0.3468,6,1,0,still,0
525,3,2,1,210,19,0,1,0,21,0,1,5,16,0,0,0,3,3,3,24,21,24,0.3281,8,1,0,still,0
525,4,2,1,210,19,0,1,0,24,0,1,5,19,0,0,0,2,2,2,26,24,26,0.3297,9,1,0,still,0
525,6,1,1,210,22,1,2,0,28,0,1,4,24,0,0,0,0,0,0,28,28,28,0.4048,11,1,0,still,0
525,7,1,1,210,22,0,1,0,29,0,1,4,25,0,0,0,0,0,0,29,29,29,0.4063,11,1,0,still,0
525,8,1,1,210,22,0,2,0,29,0,1,2,27,0,0,0,0,0,0,29,29,29,0.4427,11,1,0,still,0
525,10,1,1,210,22,1,2,0,27,0,1,4,23,0,0,0,0,0,0,27,27,27,0.5603,13,1,0,still,0
525,11,1,1,210,22,1,2,0,26,0,1,3,23,0,1,0,0,0,0,26,25,25,0.5659,13,1,0,still,0
525,12,1,1,210,20,1,2,0,24,0,1,4,20,0,0,0,0,0,0,24,24,24,0.5541,11,1,0,still,0
525,13,1,1,210,20,1,2,0,21,0,1,4,17,0,0,2,0,0,0,21,23,23,0.6280,12,1,0,still,0
525,14,1,1,210,20,0,1,0,19,0,1,4,15,0,0,2,1,1,1,20,21,22,0.5540,11,1,0,still,0
525,15,1,1,210,20,3,5,0,20,0,1,4,16,0,1,0,5,5,5,25,19,24,0.5259,10,1,0,still,0
525,16,1,1,210,18,0,2,1,15,0,1,3,12,0,0,0,6,6,6,21,15,21,0.5909,9,1,0,still,0
525,41,1,1,210,22,0,2,0,27,0,1,4,23,0,0,0,0,0,0,27,27,27,0.4278,12,1,0,still,0
525,44,1,1,210,22,0,2,0,25,0,1,3,22,0,0,1,0,0,0,25,26,26,0.5349,12,1,0,still,0
525,45,1,1,210,21,0,2,0,24,0,1,3,21,0,0,0,0,0,0,24,24,24,0.5607,12,1,0,still,0
525,46,1,1,210,21,0,2,0,21,0,1,4,17,0,0,3,0,0,0,21,24,24,0.5116,10,1,0,still,0
525,47,2,1,210,21,0,2,0,21,0,1,4,17,0,0,2,2,2,2,23,23,25,0.5842,13,1,0,still,0
525,51,1,1,210,20,0,1,0,15,0,1,3,12,0,0,0,6,6,7,21,15,22,0.5372,8,1,0,still,0
525,56,1,1,210,22,0,1,0,18,0,1,3,15,0,0,0,7,7,7,25,18,25,0.5213,11,1,0,still,0
525,72,1,1,210,19,1,2,0,16,0,1,3,13,0,0,1,4,4,4,20,17,21,0.3636,7,1,0,still,0
525,91,1,1,210,19,0,1,0,22,0,1,21,1,0,0,0,0,0,1,22,22,23,0.6395,12,0,1,still,0
525,95,1,1,210,20,1,3,0,20,0,1,6,14,0,0,0,4,4,4,24,20,24,0.3636,6,1,0,still,0
525,98,1,1,210,18,0,1,0,18,0,1,4,14,0,0,1,4,4,4,22,19,23,0.4024,7,1,0,still,0
526,117,3,1,210,22,0,1,0,33,1,1,4,29,0,0,0,1,1,0,34,33,33,0.3628,13,1,0,still,0
526,121,1,0,-1,0,0,6,1,0,0,0,0,0,0,0,0,0,0,0,0,0,0,0.0000,0,0,0,hop,1
526,123,2,1,210,17,0,3,0,17,0,1,2,15,0,0,0,3,3,3,20,17,20,0.2998,8,1,0,still,0
527,102,2,0,-1,3,3,6,0,3,0,0,3,0,0,0,0,0,0,0,3,3,3,0.0949,3,0,0,hop,1
531,9,1,1,180,22,0,2,0,29,0,1,4,25,0,0,0,0,0,0,29,29,29,0.5062,11,1,0,still,0
531,76,3,1,90,21,0,2,0,21,0,1,4,17,0,0,1,4,4,4,25,22,26,0.5952,14,1,0,still,0
531,111,1,0,-1,5,4,5,0,5,0,0,5,0,0,0,0,0,0,0,5,5,5,0.2155,5,0,0,pending,0
531,159,1,1,150,15,2,3,0,15,0,1,2,13,0,0,1,2,2,2,17,16,18,0.2620,7,1,0,still,0
532,111,1,0,-1,5,4,5,0,5,0,0,5,0,0,0,0,0,0,0,5,5,5,0.2156,5,0,0,hop,1
532,170,1,1,150,21,1,2,0,18,0,1,4,14,0,0,1,4,4,4,22,19,23,0.6722,13,1,0,still,0
532,200,1,1,150,19,0,5,1,19,0,1,4,15,0,1,0,5,5,5,24,18,23,0.5813,11,1,0,still,0
535,155,1,0,-1,2,1,5,0,2,0,0,2,0,0,0,0,0,0,0,2,2,2,0.0718,2,0,0,hop,1
536,191,1,1,180,21,0,1,0,26,0,1,6,20,0,0,0,3,3,1,29,26,27,0.4282,13,1,0,still,0
538,17,3,1,90,21,1,2,0,17,0,1,3,14,0,0,1,7,7,7,24,18,25,0.5329,12,1,0,still,0
538,164,1,1,90,20,0,1,1,19,0,1,3,16,0,3,0,6,6,6,25,16,22,0.3781,10,1,0,still,0
539,49,2,1,120,20,2,5,0,17,0,1,5,12,0,0,2,7,7,7,24,19,26,0.6266,11,1,0,still,0
540,83,1,1,210,21,0,1,0,17,0,1,3,14,0,0,0,7,7,8,24,17,25,0.5032,10,1,0,still,0
541,158,1,1,180,18,0,1,0,20,0,1,4,16,0,2,0,4,4,4,24,18,22,0.2588,6,1,0,still,0
542,68,2,1,90,20,2,3,0,21,0,1,6,15,0,0,0,4,4,4,25,21,25,0.3390,7,1,0,still,0
542,165,1,1,210,20,0,2,1,19,0,1,3,16,0,2,0,7,7,7,26,17,24,0.3235,11,1,0,still,0
544,71,2,0,-1,15,2,5,0,17,0,0,17,0,0,0,0,0,0,0,17,17,17,0.5434,13,0,0,hop,1
546,199,1,1,120,15,1,3,0,17,0,1,2,15,0,0,0,2,2,2,19,17,19,0.2942,9,1,0,still,0
548,125,1,1,180,20,1,5,0,17,0,1,4,13,0,0,1,6,6,6,23,18,24,0.5371,9,1,0,still,0
548,145,1,1,60,19,1,3,0,18,0,1,6,12,0,2,0,8,8,7,26,16,23,0.3586,10,1,0,still,0
549,136,2,0,-1,16,4,5,0,19,0,0,19,0,0,0,0,0,0,0,19,19,19,0.5933,14,0,0,hop,1
550,31,2,1,60,19,1,2,0,24,0,1,24,0,0,0,1,0,0,0,24,25,25,0.6266,12,0,0,still,0
550,100,1,1,210,18,0,2,0,17,0,1,3,14,0,1,0,4,4,4,21,16,20,0.3888,8,1,0,still,0
551,156,1,0,-1,8,2,3,0,9,0,0,9,0,0,0,0,0,0,0,9,9,9,0.3199,7,0,0,pending,0
552,156,1,0,-1,8,2,3,0,9,0,0,9,0,0,0,0,0,0,0,9,9,9,0.3199,7,0,0,hop,1
553,19,3,1,180,21,0,2,0,18,0,1,2,16,0,0,0,7,7,7,25,18,25,0.5004,12,1,0,still,0
553,21,2,1,180,22,1,2,0,19,0,1,3,16,0,0,0,8,8,8,27,19,27,0.5265,12,1,0,still,0
553,26,3,1,180,21,0,2,0,24,0,1,17,7,0,0,0,4,4,4,28,24,28,0.5851,14,1,0,still,0
553,43,1,1,180,22,1,2,0,25,0,1,4,21,0,0,0,4,4,4,29,25,29,0.4789,11,1,0,still,0
553,118,3,1,180,21,0,1,0,28,0,1,4,24,0,1,0,4,4,4,32,27,31,0.4247,14,1,0,still,0
554,5,2,1,240,22,0,1,0,23,0,1,6,17,0,0,0,5,5,5,28,23,28,0.3955,12,1,0,still,0
554,25,2,1,240,21,1,2,0,23,0,1,13,10,0,0,0,6,6,6,29,23,29,0.5676,12,1,0,still,0
554,28,2,1,240,21,0,2,0,25,0,1,20,5,0,1,0,1,1,1,26,24,25,0.6545,14,1,0,still,0
554,29,2,1,240,19,0,1,0,26,0,1,23,3,0,0,0,0,0,0,26,26,26,0.6074,13,0,1,still,0
554,54,2,1,240,22,0,1,0,18,0,1,3,15,0,0,0,6,6,6,24,18,24,0.4796,11,1,0,still,0
554,55,2,1,240,21,0,2,0,19,0,1,3,16,0,0,0,7,7,7,26,19,26,0.4808,11,1,0,still,0
554,57,1,1,240,21,2,3,0,18,0,1,5,13,0,0,0,6,6,6,24,18,24,0.5501,11,1,0,still,0
554,58,1,1,240,20,0,1,0,18,0,1,7,11,0,0,0,6,6,7,24,18,25,0.5417,9,1,0,still,0
554,79,1,1,240,21,0,2,0,15,0,1,3,12,0,0,0,6,6,7,21,15,22,0.5975,10,1,0,still,0
554,84,1,1,240,22,1,3,0,18,0,1,6,12,0,0,0,6,6,6,24,18,24,0.5244,10,1,0,still,0
554,86,1,1,240,21,0,2,0,20,0,1,10,10,0,0,0,5,5,6,25,20,26,0.6101,10,1,0,still,0
554,87,1,1,240,21,1,2,0,21,0,1,13,8,0,0,0,4,4,5,25,21,26,0.5991,11,1,0,still,0
554,88,1,1,240,22,0,1,0,21,0,1,15,6,0,0,0,4,4,4,25,21,25,0.6069,12,1,0,still,0
554,89,1,1,240,23,1,2,0,22,0,1,17,5,0,0,0,3,3,4,25,22,26,0.6771,13,1,0,still,0
554,90,1,1,240,18,0,1,0,23,0,1,20,3,0,1,0,0,0,1,23,22,23,0.5381,11,1,0,still,0
554,113,1,1,240,20,2,3,0,16,0,1,7,9,0,2,1,8,8,8,24,15,23,0.2642,7,1,0,still,0
554,114,1,1,240,20,0,3,0,18,0,1,5,13,0,0,0,8,8,7,26,18,25,0.3519,10,1,0,still,0
554,115,2,1,240,22,0,2,0,22,0,1,6,16,0,0,0,7,7,6,29,22,28,0.3237,12,1,0,still,0
554,119,1,1,240,21,0,2,0,28,0,1,5,23,0,3,0,4,4,3,32,25,28,0.4415,12,1,0,still,0
554,126,1,1,240,20,1,2,0,20,0,1,5,15,0,4,0,7,7,7,27,16,23,0.3793,9,1,0,still,0
554,127,1,1,240,20,1,2,0,19,0,1,3,16,0,2,0,7,7,7,26,17,24,0.3236,9,1,0,still,0
554,128,1,1,240,20,1,2,0,21,0,1,3,18,0,2,0,7,7,7,28,19,26,0.3489,9,1,0,still,0
554,130,1,1,240,20,4,5,0,18,0,1,4,14,0,0,1,4,4,4,22,19,23,0.6182,11,1,0,still,0
554,131,1,1,240,20,0,1,0,23,0,1,8,15,0,4,0,7,7,7,30,19,26,0.3205,8,1,0,still,0
554,135,1,1,240,21,1,2,0,25,0,1,13,12,0,3,0,5,5,5,30,22,27,0.3721,10,1,0,still,0
554,138,1,1,240,23,0,1,0,25,0,1,18,7,0,1,0,2,2,2,27,24,26,0.4232,12,1,0,still,0
554,139,1,1,240,23,0,3,0,25,0,1,3,22,0,0,0,3,3,1,28,25,26,0.5300,13,1,0,still,0
554,140,1,1,240,20,0,2,0,25,0,1,4,21,0,1,0,2,2,0,27,24,24,0.5597,13,1,0,still,0
554,141,2,1,240,21,0,1,1,23,0,1,4,19,0,0,0,3,3,3,26,23,26,0.4868,13,1,0,still,0
554,142,2,1,240,23,0,1,1,22,0,1,4,18,0,0,0,4,4,4,26,22,26,0.5375,13,1,0,still,0
554,143,1,1,240,20,0,1,0,28,0,1,24,4,0,3,0,0,0,0,28,25,25,0.5002,12,0,0,still,0
554,153,1,1,240,19,1,2,0,19,0,1,7,12,0,4,2,6,6,6,25,17,23,0.2893,8,1,0,still,0
554,154,2,1,240,20,0,1,0,22,0,1,7,15,0,2,0,5,5,5,27,20,25,0.3180,9,1,0,still,0
554,157,2,1,240,18,0,1,0,22,0,1,6,16,0,1,0,4,4,4,26,21,25,0.3221,7,1,0,still,0
554,163,1,1,240,20,0,2,1,20,0,1,5,15,0,4,0,7,7,7,27,16,23,0.3750,10,1,0,still,0
554,166,1,1,240,21,0,1,1,20,0,1,3,17,0,2,0,6,6,6,26,18,24,0.3762,11,1,0,still,0
554,167,1,1,240,20,0,2,1,21,0,1,3,18,0,2,0,7,7,7,28,19,26,0.3963,12,1,0,still,0
554,168,1,1,240,21,0,1,1,22,0,1,5,17,0,3,0,6,6,6,28,19,25,0.3744,10,1,0,still,0
554,169,1,1,240,21,0,1,0,18,0,1,4,14,0,0,2,3,3,3,21,20,23,0.6310,12,1,0,still,0
554,171,1,1,240,20,0,1,1,23,0,1,8,15,0,4,0,7,7,7,30,19,26,0.3698,11,1,0,still,0
554,172,1,1,240,19,0,1,1,24,0,1,12,12,0,3,0,6,6,6,30,21,27,0.4258,10,1,0,still,0
554,176,1,1,240,21,0,2,1,25,0,1,13,12,0,3,0,5,5,5,30,22,27,0.4172,13,1,0,still,0
554,177,1,1,180,22,0,1,1,24,0,1,15,9,0,2,0,4,4,4,28,22,26,0.3973,12,1,0,still,0
554,180,1,1,240,23,0,1,1,25,0,1,18,7,0,1,0,2,2,2,27,24,26,0.4641,15,1,0,still,0
554,181,1,1,240,20,0,1,1,27,0,1,21,6,0,3,0,1,1,1,28,24,25,0.4745,14,1,0,still,0
554,183,1,1,240,21,1,2,0,26,0,1,4,22,0,1,0,2,2,0,28,25,25,0.5162,13,1,0,still,0
554,186,1,1,240,20,0,1,1,28,0,1,24,4,0,3,0,0,0,0,28,25,25,0.4862,13,0,1,still,0
554,188,1,1,240,20,0,2,0,19,0,1,7,12,0,3,0,7,7,7,26,16,23,0.3807,11,1,0,still,0
554,189,1,1,240,19,0,1,0,19,0,1,6,13,0,2,0,8,8,7,27,17,24,0.3777,12,1,0,still,0
554,194,1,1,240,22,1,2,0,28,0,1,5,23,0,3,0,4,4,3,32,25,28,0.4070,12,1,0,still,0
554,195,1,1,240,20,0,1,0,22,0,1,7,15,0,3,0,6,6,6,28,19,25,0.3182,10,1,0,still,0
555,1,1,1,240,21,0,3,0,22,0,1,7,15,0,0,0,4,4,4,26,22,26,0.3459,6,1,0,still,0
555,3,2,1,240,19,0,1,0,17,0,1,5,12,0,0,0,7,7,7,24,17,24,0.3281,8,1,0,still,0
555,4,2,1,240,19,0,1,0,20,0,1,5,15,0,0,0,6,6,6,26,20,26,0.3297,9,1,0,still,0
555,6,1,1,240,22,1,2,0,24,0,1,4,20,0,0,0,4,4,4,28,24,28,0.4048,11,1,0,still,0
555,7,1,1,240,22,0,1,0,25,0,1,4,21,0,0,0,4,4,4,29,25,29,0.4062,11,1,0,still,0
555,8,1,1,240,22,0,2,0,25,0,1,2,23,0,0,0,4,4,4,29,25,29,0.4425,11,1,0,still,0
555,10,1,1,240,22,1,2,0,25,0,1,4,21,0,0,0,2,2,2,27,25,27,0.5602,13,1,0,still,0
555,11,1,1,240,22,1,2,0,26,0,1,3,23,0,1,0,0,0,0,26,25,25,0.5661,13,1,0,still,0
555,12,1,1,240,20,1,2,0,24,0,1,4,20,0,0,0,0,0,0,24,24,24,0.5541,11,1,0,still,0
555,13,1,1,240,19,1,2,0,21,0,1,4,17,0,0,2,0,0,0,21,23,23,0.6280,12,1,0,still,0
555,14,1,1,240,20,0,1,0,20,0,1,4,16,0,1,2,1,1,1,21,21,22,0.5540,11,1,0,still,0
555,15,1,1,240,20,3,5,0,19,0,1,4,15,0,1,0,5,5,5,24,18,23,0.5972,11,1,0,still,0
555,16,1,1,240,18,0,2,1,15,0,1,3,12,0,0,0,6,6,6,21,15,21,0.5909,9,1,0,still,0
555,41,1,1,240,22,0,2,0,23,0,1,4,19,0,0,0,4,4,4,27,23,27,0.4278,12,1,0,still,0
555,44,1,1,240,22,0,2,0,24,0,1,3,21,0,0,1,1,1,1,25,25,26,0.5350,12,1,0,still,0
555,45,1,1,240,21,0,2,0,24,0,1,3,21,0,0,0,0,0,0,24,24,24,0.5610,12,1,0,still,0
555,46,1,1,240,21,0,2,0,21,0,1,4,17,0,0,3,0,0,0,21,24,24,0.5117,10,1,0,still,0
555,47,2,1,240,21,0,2,0,21,0,1,4,17,0,0,2,2,2,2,23,23,25,0.5842,13,1,0,still,0
555,51,1,1,240,20,0,1,0,15,0,1,3,12,0,0,0,6,6,7,21,15,22,0.5727,9,1,0,still,0
555,56,1,1,240,22,0,1,0,18,0,1,3,15,0,0,0,7,7,7,25,18,25,0.5188,11,1,0,still,0
555,72,1,1,240,19,1,2,0,17,0,1,3,14,0,0,1,4,4,4,21,18,22,0.3620,7,1,0,still,0
555,91,1,1,240,19,0,1,0,22,0,1,21,1,0,0,0,0,0,1,22,22,23,0.6432,12,0,1,still,0
555,95,1,1,240,20,1,3,0,20,0,1,6,14,0,0,0,4,4,4,24,20,24,0.3636,6,1,0,still,0
555,98,1,1,240,18,0,1,0,18,0,1,4,14,0,0,1,4,4,4,22,19,23,0.4030,7,1,0,still,0
556,117,3,1,240,22,0,1,0,29,0,1,4,25,0,0,0,5,5,4,34,29,33,0.3627,13,1,0,still,0
556,123,2,1,240,17,0,3,0,17,0,1,2,15,0,0,0,3,3,3,20,17,20,0.2997,8,1,0,still,0
561,9,1,1,210,22,0,2,0,26,0,1,4,22,0,0,0,3,3,3,29,26,29,0.5062,11,1,0,still,0
561,76,3,1,120,21,0,2,0,22,0,1,4,18,0,0,1,4,4,4,26,23,27,0.5953,14,1,0,still,0
561,159,1,1,180,15,2,3,0,15,0,1,2,13,0,0,1,2,2,2,17,16,18,0.2620,7,1,0,still,0
561,160,1,0,-1,1,0,5,1,1,0,0,1,0,0,0,0,0,0,0,1,1,1,0.0360,1,0,0,hop,1
562,170,1,1,180,21,1,2,0,18,0,1,4,14,0,0,1,4,4,4,22,19,23,0.6736,13,1,0,still,0
562,200,1,1,180,19,0,5,1,19,0,1,4,15,0,1,0,4,4,4,23,18,22,0.6199,12,1,0,still,0
563,34,1,0,-1,12,0,1,1,12,0,0,12,0,0,0,0,0,0,0,12,12,12,0.4435,10,0,0,hop,1
566,191,1,1,210,20,0,1,0,23,0,1,6,17,0,1,0,4,4,3,27,22,25,0.4027,12,1,0,still,0
568,17,3,1,120,21,1,2,0,17,0,1,3,14,0,0,1,7,7,7,24,18,25,0.5331,12,1,0,still,0
568,23,2,0,-1,21,0,3,0,19,0,1,7,12,0,0,1,7,7,7,26,20,27,0.5251,10,1,0,start_jam,0
568,164,1,1,120,20,0,1,1,19,0,1,2,17,0,3,0,6,6,6,25,16,22,0.3781,10,1,0,still,0
569,32,1,0,-1,17,0,1,0,20,0,0,20,0,0,0,1,0,0,0,20,21,21,0.6142,10,0,0,pending,0
569,49,2,1,150,20,2,5,0,17,0,1,4,13,0,0,2,7,7,7,24,19,26,0.6266,11,1,0,still,0
570,32,1,0,-1,17,0,1,0,20,0,0,20,0,0,0,1,0,0,0,20,21,21,0.6141,10,0,0,hop,1
570,83,1,1,240,21,0,1,0,17,0,1,2,15,0,0,0,6,6,7,23,17,24,0.5049,10,1,0,still,0
571,158,1,1,210,18,0,1,0,22,0,1,4,18,0,2,0,2,2,2,24,20,22,0.2587,6,1,0,still,0
572,68,2,1,120,20,2,3,0,21,0,1,5,16,0,0,0,2,2,2,23,21,23,0.3391,7,1,0,still,0
572,165,1,1,240,20,0,2,1,19,0,1,2,17,0,2,0,7,7,7,26,17,24,0.3235,11,1,0,still,0
573,65,1,0,-1,17,0,2,0,24,0,0,24,0,0,1,0,0,0,0,24,23,23,0.6269,11,0,0,pending,0
574,65,1,0,-1,17,0,2,0,24,0,0,24,0,0,1,0,0,0,0,24,23,23,0.6269,11,0,0,hop,1
576,50,1,0,-1,19,1,2,0,14,0,1,2,12,0,0,0,8,8,8,22,14,22,0.5841,9,1,0,start_jam,0
576,199,1,1,150,15,1,3,0,17,0,1,2,15,0,0,0,2,2,2,19,17,19,0.2942,9,1,0,still,0
578,125,1,1,210,20,1,5,0,15,0,1,3,12,0,0,1,8,8,8,23,16,24,0.6086,10,1,0,still,0
578,145,1,1,90,17,1,3,0,21,0,1,5,16,0,2,0,3,3,2,24,19,21,0.3899,9,1,0,still,0
580,31,2,1,90,19,1,2,0,24,0,1,24,0,0,0,1,0,0,0,24,25,25,0.6266,12,0,0,still,0
580,73,2,0,-1,13,2,3,0,15,0,0,15,0,0,1,0,0,0,0,15,14,14,0.4529,12,0,0,hop,1
580,100,1,1,240,18,0,2,0,19,0,1,3,16,0,1,0,2,2,2,21,18,20,0.3862,8,1,0,still,0
581,132,1,0,-1,17,1,2,0,23,0,1,23,0,0,0,1,0,0,0,23,24,24,0.6100,11,0,0,start_jam,0
583,19,3,1,210,21,0,2,0,18,0,1,1,17,0,0,0,7,7,7,25,18,25,0.4992,12,1,0,still,0
583,21,2,1,210,22,1,2,0,19,0,1,2,17,0,0,0,8,8,8,27,19,27,0.5241,12,1,0,still,0
583,26,3,1,210,21,0,2,0,24,0,1,16,8,0,0,0,4,4,4,28,24,28,0.5855,14,1,0,still,0
583,43,1,1,210,19,1,2,0,25,0,1,2,23,0,0,1,0,0,0,25,26,26,0.4016,8,1,0,still,0
583,118,3,1,210,19,0,1,0,29,0,1,3,26,0,1,0,1,1,1,30,28,29,0.3999,11,1,0,still,0
584,5,2,1,270,19,0,1,0,23,0,1,5,18,0,0,0,1,1,1,24,23,24,0.3604,9,1,0,still,0
584,25,2,1,270,21,1,2,0,23,0,1,12,11,0,0,0,6,6,6,29,23,29,0.5690,12,1,0,still,0
584,28,2,1,270,21,0,2,0,24,0,1,18,6,0,1,0,1,1,1,25,23,24,0.6538,14,1,0,still,0
584,29,2,1,270,19,0,1,0,26,0,1,22,4,0,0,0,0,0,0,26,26,26,0.6055,13,1,0,still,0
584,54,2,1,270,22,0,1,0,18,0,1,2,16,0,0,0,6,6,6,24,18,24,0.4795,11,1,0,still,0
584,55,2,1,270,21,0,2,0,19,0,1,2,17,0,0,0,7,7,7,26,19,26,0.4818,11,1,0,still,0
584,57,1,1,270,21,2,3,0,18,0,1,3,15,0,0,0,6,6,6,24,18,24,0.5454,11,1,0,still,0
584,58,1,1,270,20,0,1,0,18,0,1,6,12,0,0,0,6,6,7,24,18,25,0.5416,9,1,0,still,0
584,79,1,1,270,21,0,2,0,15,0,1,2,13,0,0,0,6,6,7,21,15,22,0.5974,10,1,0,still,0
584,84,1,1,270,21,1,3,0,18,0,1,4,14,0,0,0,6,6,6,24,18,24,0.5268,10,1,0,still,0
584,86,1,1,270,21,0,2,0,20,0,1,9,11,0,0,0,5,5,6,25,20,26,0.6100,10,1,0,still,0
584,87,1,1,270,21,1,2,0,21,0,1,12,9,0,0,0,4,4,5,25,21,26,0.5988,11,1,0,still,0
584,88,1,1,270,22,0,1,0,22,0,1,15,7,0,0,0,4,4,4,26,22,26,0.6067,12,1,0,still,0
584,89,1,1,270,23,1,2,0,22,0,1,16,6,0,0,0,3,3,4,25,22,26,0.6772,13,1,0,still,0
584,90,1,1,270,19,0,1,0,24,0,1,20,4,0,1,0,0,0,1,24,23,24,0.6428,13,1,0,still,0
584,113,1,1,270,18,2,3,0,20,0,1,6,14,0,2,0,3,3,3,23,18,21,0.3235,7,1,0,still,0
584,114,1,1,270,18,0,1,0,19,0,1,4,15,0,0,0,3,3,2,22,19,21,0.3517,8,1,0,still,0
584,115,2,1,270,20,0,2,0,23,0,1,5,18,0,0,0,2,2,1,25,23,24,0.3505,11,1,0,still,0
584,119,1,1,270,20,1,2,0,28,0,1,3,25,0,3,0,1,1,1,29,25,26,0.4121,9,1,0,still,0
584,126,1,1,270,20,1,2,0,18,0,1,3,15,0,3,0,9,9,8,27,15,23,0.3793,9,1,0,still,0
584,127,1,1,270,20,1,2,0,19,0,1,2,17,0,2,0,7,7,7,26,17,24,0.3236,9,1,0,still,0
584,128,1,1,270,20,1,2,0,21,0,1,2,19,0,2,0,7,7,7,28,19,26,0.3489,9,1,0,still,0
584,130,1,1,270,20,4,5,0,16,0,1,3,13,0,0,1,6,6,6,22,17,23,0.6196,11,1,0,still,0
584,131,1,1,270,20,0,1,0,23,0,1,6,17,0,4,0,7,7,7,30,19,26,0.3205,8,1,0,still,0
584,135,1,1,270,21,1,2,0,25,0,1,12,13,0,3,0,5,5,5,30,22,27,0.3721,10,1,0,still,0
584,138,1,1,270,23,0,1,0,24,0,1,16,8,0,1,0,2,2,2,26,23,25,0.4232,12,1,0,still,0
584,139,1,1,270,21,0,3,0,24,0,1,2,22,0,2,0,2,2,2,26,22,24,0.5301,12,1,0,still,0
584,140,1,1,270,19,0,2,0,22,0,1,3,19,0,1,0,2,2,2,24,21,23,0.5598,13,1,0,still,0
584,141,2,1,270,21,0,1,1,21,0,1,3,18,0,0,0,5,5,5,26,21,26,0.4868,13,1,0,still,0
584,142,2,1,270,21,0,1,1,20,0,1,3,17,0,1,0,6,6,6,26,19,25,0.5728,14,1,0,still,0
584,143,1,1,270,20,0,1,0,28,0,1,23,5,0,3,0,0,0,0,28,25,25,0.5002,12,0,0,still,0
584,153,1,1,270,17,1,2,0,21,0,1,6,15,0,4,1,3,3,3,24,18,21,0.3468,8,1,0,still,0
584,154,2,1,270,19,0,1,0,23,0,1,6,17,0,2,0,3,3,3,26,21,24,0.3444,9,1,0,still,0
584,157,2,1,270,18,0,1,0,22,0,1,5,17,0,1,0,2,2,2,24,21,23,0.3223,7,1,0,still,0
584,163,1,1,270,20,0,2,1,18,0,1,3,15,0,3,0,9,9,8,27,15,23,0.3750,10,1,0,still,0
584,166,1,1,270,21,0,1,1,20,0,1,2,18,0,2,0,6,6,6,26,18,24,0.3762,11,1,0,still,0
584,167,1,1,270,20,0,2,1,21,0,1,2,19,0,2,0,7,7,7,28,19,26,0.3963,12,1,0,still,0
584,168,1,1,270,21,0,1,1,22,0,1,3,19,0,3,0,6,6,6,28,19,25,0.3744,10,1,0,still,0
584,169,1,1,270,21,0,3,0,16,0,1,3,13,0,0,2,5,5,5,21,18,23,0.6303,12,1,0,still,0
584,171,1,1,270,20,0,1,1,23,0,1,6,17,0,4,0,7,7,7,30,19,26,0.3698,11,1,0,still,0
584,172,1,1,270,19,0,1,1,24,0,1,10,14,0,3,0,6,6,6,30,21,27,0.4258,10,1,0,still,0
584,176,1,1,270,21,0,2,1,25,0,1,12,13,0,3,0,5,5,5,30,22,27,0.4172,13,1,0,still,0
584,177,1,1,210,22,0,1,1,25,0,1,15,10,0,2,0,4,4,4,29,23,27,0.3973,12,1,0,still,0
584,180,1,1,270,23,0,1,1,24,0,1,16,8,0,1,0,2,2,2,26,23,25,0.4641,15,1,0,still,0
584,181,1,1,270,20,0,1,1,27,0,1,20,7,0,3,0,1,1,1,28,24,25,0.4745,14,1,0,still,0
584,183,1,1,270,20,1,2,0,23,0,1,3,20,0,1,0,2,2,2,25,22,24,0.5163,13,1,0,still,0
584,186,1,1,270,20,0,1,1,28,0,1,23,5,0,3,0,0,0,0,28,25,25,0.5105,14,0,1,still,0
584,188,1,1,270,18,0,2,0,22,0,1,6,16,0,3,0,3,3,3,25,19,22,0.3540,9,1,0,still,0
584,189,1,1,270,17,0,3,0,22,0,1,5,17,0,2,0,3,3,2,25,20,22,0.3845,10,1,0,still,0
584,194,1,1,270,19,0,2,0,29,0,1,3,26,0,4,0,1,1,1,30,25,26,0.4073,10,1,0,still,0
584,195,1,1,270,19,0,1,0,23,0,1,6,17,0,3,0,3,3,3,26,20,23,0.3449,10,1,0,still,0
585,1,1,1,270,20,0,3,0,21,0,1,6,15,0,0,0,3,3,3,24,21,24,0.3442,6,1,0,still,0
585,3,2,1,270,17,0,1,0,20,0,1,4,16,0,0,0,2,2,2,22,20,22,0.3609,7,1,0,still,0
585,4,2,1,270,17,0,1,0,21,0,1,4,17,0,0,0,1,1,1,22,21,22,0.3626,8,1,0,still,0
585,6,2,1,270,18,0,1,0,25,0,1,3,22,0,0,0,0,0,0,25,25,25,0.3837,9,1,0,still,0
585,7,2,1,270,18,1,2,0,28,0,1,2,26,0,0,0,0,0,0,28,28,28,0.4092,10,1,0,still,0
585,8,1,1,270,20,0,2,0,27,0,1,2,25,0,0,0,0,0,0,27,27,27,0.4362,9,1,0,still,0
585,10,1,1,270,20,1,2,0,25,0,1,3,22,0,1,0,1,1,1,26,24,25,0.5142,10,1,0,still,0
585,11,1,1,270,20,0,1,0,22,0,1,2,20,0,1,0,2,2,2,24,21,23,0.5833,12,1,0,still,0
585,12,2,1,270,20,0,1,0,21,0,1,3,18,0,0,1,2,2,2,23,22,24,0.4928,10,1,0,still,0
585,13,2,1,270,18,2,3,0,20,0,1,3,17,0,0,1,3,3,3,23,21,24,0.6265,14,1,0,still,0
585,14,1,1,270,20,0,1,0,18,0,1,3,15,0,1,2,3,3,3,21,19,22,0.5910,12,1,0,still,0
585,15,1,1,270,20,3,5,0,17,0,1,3,14,0,1,0,7,7,7,24,16,23,0.6003,11,1,0,still,0
585,16,1,1,270,18,0,2,0,13,0,1,2,11,0,0,0,8,8,8,21,13,21,0.5909,9,1,0,still,0
585,44,1,1,270,20,0,2,0,22,0,1,2,20,0,0,1,1,1,1,23,23,24,0.5267,10,1,0,still,0
585,47,2,1,270,21,1,3,0,19,0,1,3,16,0,0,2,5,5,5,24,21,26,0.6458,14,1,0,still,0
585,51,1,1,270,20,0,1,0,14,0,1,2,12,0,0,0,7,7,8,21,14,22,0.5726,9,1,0,still,0
585,56,1,1,270,22,0,1,0,18,0,1,2,16,0,0,0,7,7,7,25,18,25,0.5152,11,1,0,still,0
585,72,1,1,270,19,1,2,0,18,0,1,3,15,0,0,1,2,2,2,20,19,21,0.3605,7,1,0,still,0
585,91,1,1,270,19,0,1,0,22,0,1,20,2,0,0,0,0,0,1,22,22,23,0.6438,12,0,1,still,0
585,95,1,1,270,19,1,3,0,20,0,1,5,15,0,0,0,2,2,2,22,20,22,0.3626,6,1,0,still,0
585,98,1,1,270,19,0,1,0,20,0,1,5,15,0,0,0,2,2,2,22,20,22,0.3851,7,1,0,still,0
586,117,3,1,270,17,1,2,0,29,0,1,3,26,0,1,0,0,0,0,29,28,28,0.3631,11,1,0,still,0
586,123,2,1,270,17,0,3,0,19,0,1,2,17,0,0,0,2,2,2,21,19,21,0.2996,8,1,0,still,0
586,124,1,0,-1,6,0,3,0,6,0,0,6,0,0,0,0,0,0,0,6,6,6,0.1765,4,0,0,hop,1
587,33,3,0,-1,15,2,4,0,20,0,0,20,0,0,1,0,0,0,0,20,19,19,0.5566,13,0,0,hop,1
588,179,1,0,-1,4,2,4,0,4,0,0,4,0,0,0,0,0,0,0,4,4,4,0.1466,3,0,0,pending,0
589,174,1,0,-1,15,0,1,1,24,0,0,24,0,0,3,0,0,0,0,24,21,21,0.7141,12,0,0,pending,0
589,179,1,0,-1,4,2,4,0,4,0,0,4,0,0,0,0,0,0,0,4,4,4,0.1466,3,0,0,hop,1
590,75,1,0,-1,7,0,1,0,9,0,0,9,0,0,0,0,0,0,0,9,9,9,0.2798,6,0,0,hop,1
590,174,1,0,-1,15,0,1,1,24,0,0,24,0,0,3,0,0,0,0,24,21,21,0.7143,12,0,0,hop,1
591,9,1,1,240,20,0,2,0,27,0,1,3,24,0,0,0,0,0,0,27,27,27,0.4972,9,1,0,still,0
591,76,3,1,150,21,0,2,0,20,0,1,3,17,0,0,1,7,7,7,27,21,28,0.5953,14,1,0,still,0
591,159,1,1,210,15,2,3,0,15,0,1,2,13,0,0,1,2,2,2,17,16,18,0.2620,7,1,0,still,0
592,170,1,1,210,21,1,2,0,16,0,1,3,13,0,0,1,6,6,6,22,17,23,0.6727,13,1,0,still,0
592,200,1,1,210,19,0,5,1,17,0,1,3,14,0,1,0,7,7,7,24,16,23,0.6235,12,1,0,still,0
596,191,1,1,240,18,0,1,0,23,0,1,5,18,0,1,0,2,2,1,25,22,23,0.4025,11,1,0,still,0
597,161,2,0,-1,20,0,1,1,19,0,1,3,16,0,3,0,9,9,9,28,16,25,0.4032,10,1,0,start_jam,0
598,17,3,1,150,21,1,2,0,17,0,1,2,15,0,0,0,7,7,8,24,17,25,0.5294,12,1,0,still,0
598,23,2,1,30,21,0,3,0,18,0,1,5,13,0,0,1,7,7,7,25,19,26,0.5271,10,1,0,still,0
598,108,1,0,-1,16,0,1,0,23,0,0,23,0,0,1,0,0,0,0,23,22,22,0.6865,11,0,0,pending,0
598,164,1,1,150,20,0,1,1,17,0,1,2,15,0,1,0,8,8,6,25,16,22,0.3781,10,1,0,still,0
599,49,2,1,180,20,2,5,0,15,0,1,3,12,0,0,2,9,9,9,24,17,26,0.6266,11,1,0,still,0
599,108,1,0,-1,16,0,1,0,23,0,0,23,0,0,1,0,0,0,0,23,22,22,0.6865,11,0,0,hop,1
600,67,2,0,-1,15,0,1,0,22,0,0,22,0,0,0,0,0,0,0,22,22,22,0.6219,11,0,0,hop,1
600,83,1,1,270,21,0,1,0,17,0,1,2,15,0,0,0,6,6,7,23,17,24,0.5069,10,1,0,still,0
601,158,1,1,240,18,0,1,0,22,0,1,4,18,0,2,0,2,2,2,24,20,22,0.2587,6,1,0,still,0
602,68,2,1,150,20,2,3,0,22,0,1,5,17,0,0,0,2,2,2,24,22,24,0.3378,7,1,0,still,0
602,165,1,1,270,20,0,2,1,19,0,1,2,17,0,2,0,7,7,7,26,17,24,0.3235,11,1,0,still,0
603,107,2,0,-1,17,0,1,0,26,0,0,26,0,0,1,0,0,0,0,26,25,25,0.6352,13,0,0,hop,1
606,50,1,1,30,19,1,2,0,14,0,1,2,12,0,0,0,8,8,8,22,14,22,0.6216,10,1,0,still,0
606,199,1,1,180,15,1,3,0,17,0,1,2,15,0,0,0,2,2,2,19,17,19,0.2943,9,1,0,still,0
608,125,1,1,240,20,1,5,0,14,0,1,2,12,0,0,2,8,8,8,22,16,24,0.6083,10,1,0,still,0
608,145,1,1,120,17,1,3,0,18,0,1,5,13,0,1,0,5,5,4,23,17,21,0.3636,8,1,0,still,0
609,109,2,0,-1,15,3,5,0,20,0,0,20,0,0,0,0,0,0,0,20,20,20,0.7107,13,0,0,hop,1
610,31,2,1,120,19,1,2,0,24,0,1,23,1,0,0,1,0,0,0,24,25,25,0.5606,11,0,1,still,0
610,100,1,1,270,18,0,2,0,19,0,1,3,16,0,1,0,2,2,2,21,18,20,0.3835,8,1,0,still,0
611,132,1,1,30,18,1,2,0,23,0,1,23,0,0,0,1,0,0,0,23,24,24,0.6091,11,0,0,still,0
612,146,2,0,-1,17,1,2,0,18,0,1,4,14,0,0,0,5,5,4,23,18,22,0.3496,11,1,0,start_jam,0
613,19,3,1,240,21,0,2,0,18,0,1,1,17,0,0,0,7,7,7,25,18,25,0.4974,12,1,0,still,0
613,21,2,1,240,22,1,2,0,18,0,1,2,16,0,0,0,8,8,8,26,18,26,0.5208,12,1,0,still,0
613,26,3,1,240,21,0,2,0,24,0,1,16,8,0,0,0,4,4,4,28,24,28,0.5863,14,1,0,still,0
613,43,1,1,240,19,1,2,0,23,0,1,2,21,0,0,0,2,2,3,25,23,26,0.4019,8,1,0,still,0
613,110,1,0,-1,16,1,4,0,18,0,0,18,0,0,0,0,0,0,0,18,18,18,0.7256,13,0,0,hop,1
613,118,3,1,240,19,0,1,0,28,0,1,3,25,0,1,0,2,2,2,30,27,29,0.3999,11,1,0,still,0
614,5,2,1,300,19,0,1,0,20,0,1,5,15,0,0,0,4,4,4,24,20,24,0.3572,9,1,0,end_cap,1
614,25,2,1,300,21,1,2,0,21,0,1,10,11,0,0,0,6,6,6,27,21,27,0.5707,12,1,0,end_cap,1
614,28,2,1,300,21,0,2,0,24,0,1,18,6,0,1,0,1,1,1,25,23,24,0.5943,13,1,0,end_cap,1
614,29,2,1,300,19,0,1,0,26,0,1,22,4,0,0,0,0,0,0,26,26,26,0.5444,12,1,0,end_cap,1
614,54,2,1,300,22,0,1,0,18,0,1,5,13,0,0,0,6,6,6,24,18,24,0.4796,11,1,0,end_cap,1
614,55,2,1,300,21,0,2,0,19,0,1,5,14,0,0,0,7,7,7,26,19,26,0.4826,11,1,0,end_cap,1
614,57,1,1,300,21,2,3,0,18,0,1,6,12,0,0,0,6,6,6,24,18,24,0.5396,11,1,0,end_cap,1
614,58,1,1,300,20,0,1,0,17,0,1,8,9,0,0,0,6,6,7,23,17,24,0.5415,9,1,0,end_cap,1
614,79,1,1,300,21,0,2,0,15,0,1,7,8,0,0,0,6,6,7,21,15,22,0.5974,10,1,0,end_cap,1
614,84,1,1,300,21,1,3,0,18,0,1,8,10,0,0,0,6,6,6,24,18,24,0.5293,10,1,0,end_cap,1
614,86,1,1,300,20,0,2,0,20,0,1,12,8,0,1,0,5,5,6,25,19,25,0.6096,10,1,0,end_cap,1
614,87,1,1,300,21,1,2,0,21,0,1,14,7,0,0,0,4,4,5,25,21,26,0.5986,11,1,0,end_cap,1
614,88,1,1,300,22,0,1,0,21,0,1,16,5,0,0,0,4,4,4,25,21,25,0.5354,11,1,0,end_cap,1
614,89,1,1,300,23,1,2,0,22,0,1,18,4,0,0,0,3,3,4,25,22,26,0.6059,12,1,0,end_cap,1
614,90,1,1,300,20,0,1,0,24,0,1,21,3,0,1,0,0,0,1,24,23,24,0.6111,12,1,0,end_cap,1
614,113,1,1,300,18,2,3,0,19,0,1,6,13,0,2,0,4,4,4,23,17,21,0.3235,7,1,0,end_cap,1
614,114,1,1,300,18,0,1,0,16,0,1,5,11,0,0,0,6,6,5,22,16,21,0.3810,9,1,0,end_cap,1
614,115,2,1,300,20,0,2,0,20,0,1,6,14,0,0,0,5,5,4,25,20,24,0.3505,11,1,0,end_cap,1
614,119,1,1,300,20,1,2,0,28,0,1,3,25,0,3,0,1,1,2,29,25,27,0.3827,8,1,0,end_cap,0
614,126,1,1,300,20,1,2,0,19,0,1,11,8,0,3,0,8,8,7,27,16,23,0.4064,10,1,0,end_cap,1
614,127,1,1,300,20,1,2,0,19,0,1,13,6,0,2,0,7,7,7,26,17,24,0.3236,9,1,0,end_cap,1
614,128,1,1,300,20,1,2,0,21,0,1,14,7,0,2,0,7,7,7,28,19,26,0.3489,9,1,0,end_cap,1
614,130,1,1,300,20,4,7,0,19,0,1,8,11,0,0,1,3,3,3,22,20,23,0.6197,11,1,0,end_cap,1
614,131,1,1,300,20,0,1,0,23,0,1,17,6,0,4,0,7,7,7,30,19,26,0.3205,8,1,0,end_cap,1
614,135,1,1,300,21,1,2,0,25,0,1,21,4,0,3,0,5,5,5,30,22,27,0.3721,10,1,0,end_cap,1
614,138,1,1,300,23,0,1,0,25,0,1,22,3,0,1,0,2,2,2,27,24,26,0.4232,12,1,0,end_cap,0
614,139,1,1,300,21,0,3,0,25,0,1,3,22,0,2,0,1,1,1,26,23,24,0.5302,12,1,0,end_cap,0
614,140,1,1,300,19,0,2,0,23,0,1,4,19,0,1,0,1,1,1,24,22,23,0.5598,13,1,0,end_cap,0
614,141,2,1,300,21,0,1,1,23,0,1,6,17,0,0,0,3,3,3,26,23,26,0.4868,13,1,0,end_cap,0
614,142,2,1,300,21,0,1,1,24,0,1,9,15,0,1,0,3,3,3,27,23,26,0.5803,14,1,0,end_cap,0
614,143,1,1,300,20,0,1,0,28,0,1,25,3,0,3,0,0,0,0,28,25,25,0.4739,11,0,0,end_cap,1
614,153,1,1,300,17,1,2,0,22,0,1,9,13,0,4,0,3,3,3,25,18,21,0.3757,9,1,0,end_cap,1
614,154,2,1,300,19,0,1,0,23,0,1,10,13,0,2,0,3,3,3,26,21,24,0.3443,9,1,0,end_cap,1
614,157,2,1,300,18,0,1,0,23,0,1,10,13,0,1,0,2,2,2,25,22,24,0.3222,7,1,0,end_cap,0
614,163,1,1,300,20,0,2,1,21,0,1,13,8,0,3,0,6,6,5,27,18,23,0.4000,11,1,0,end_cap,1
614,166,1,1,300,21,0,1,1,23,0,1,17,6,0,2,0,3,3,3,26,21,24,0.3762,11,1,0,end_cap,1
614,167,1,1,300,20,0,2,1,23,0,1,16,7,0,2,0,5,5,5,28,21,26,0.3963,12,1,0,end_cap,1
614,168,1,1,300,21,0,1,1,25,0,1,18,7,0,3,0,3,3,3,28,22,25,0.3744,10,1,0,end_cap,1
614,169,1,1,300,21,0,3,0,20,0,1,8,12,0,0,1,2,2,2,22,21,23,0.7008,13,1,0,end_cap,1
614,171,1,1,300,20,0,1,1,25,0,1,19,6,0,4,0,5,5,5,30,21,26,0.3698,11,1,0,end_cap,1
614,172,1,1,300,19,0,1,1,27,0,1,22,5,0,3,0,3,3,3,30,24,27,0.4258,10,1,0,end_cap,1
614,176,1,1,300,21,0,2,1,27,0,1,23,4,0,3,0,3,3,3,30,24,27,0.4172,13,1,0,end_cap,1
614,177,1,1,240,22,0,1,1,27,0,1,23,4,0,2,0,2,2,2,29,25,27,0.3973,12,1,0,still,0
614,180,1,1,300,23,0,1,1,26,0,1,23,3,0,1,0,1,1,1,27,25,26,0.4641,15,1,0,end_cap,1
614,181,1,1,300,20,0,1,1,28,0,1,25,3,0,3,0,0,0,0,28,25,25,0.4745,14,1,0,end_cap,1
614,183,1,1,300,20,1,2,0,24,0,1,8,16,0,1,0,1,1,1,25,23,24,0.5163,13,1,0,end_cap,0
614,186,1,1,300,20,0,1,1,28,0,1,25,3,0,3,0,0,0,0,28,25,25,0.4862,13,0,0,end_cap,1
614,188,1,1,300,18,0,2,0,20,0,1,9,11,0,2,0,4,4,4,24,18,22,0.3810,10,1,0,end_cap,1
614,189,1,1,300,17,0,3,0,21,0,1,9,12,0,2,0,4,4,3,25,19,22,0.4128,11,1,0,end_cap,1
614,194,1,1,300,19,0,2,0,29,0,1,11,18,0,4,0,1,1,1,30,25,26,0.4073,10,1,0,end_cap,0
614,195,1,1,300,19,0,1,0,23,0,1,12,11,0,3,0,3,3,3,26,20,23,0.3450,10,1,0,end_cap,1
615,1,1,1,300,20,0,3,0,24,0,1,14,10,0,0,0,1,1,1,25,24,25,0.3424,6,1,0,end_cap,0
615,3,2,1,300,17,0,1,0,21,0,1,7,14,0,0,0,1,1,1,22,21,22,0.3609,7,1,0,end_cap,1
615,4,2,1,300,18,0,1,0,21,0,1,9,12,0,0,1,1,1,1,22,22,23,0.3626,8,1,0,end_cap,1
615,6,2,1,300,18,0,1,0,23,0,1,10,13,0,0,0,1,1,1,24,23,24,0.3811,9,1,0,end_cap,0
615,7,2,1,300,18,1,2,0,27,0,1,11,16,0,0,0,1,1,1,28,27,28,0.4033,10,1,0,end_cap,0
615,8,1,1,300,20,0,2,0,26,0,1,11,15,0,0,0,1,1,1,27,26,27,0.4278,9,1,0,end_cap,0
615,10,1,1,300,20,1,2,0,26,0,1,11,15,0,1,0,0,0,0,26,25,25,0.5110,10,1,0,end_cap,1
615,11,1,1,300,20,0,1,0,24,0,1,9,15,0,1,0,0,0,0,24,23,23,0.5829,12,1,0,end_cap,1
615,12,2,1,300,22,0,1,0,23,0,1,9,14,0,0,2,0,0,0,23,25,25,0.5241,11,1,0,end_cap,1
615,13,2,1,300,18,2,3,0,22,0,1,8,14,0,0,1,0,0,0,22,23,23,0.6265,14,1,0,end_cap,1
615,14,1,1,300,20,0,1,0,21,0,1,9,12,0,1,2,0,0,0,21,22,22,0.5910,12,1,0,end_cap,1
615,15,1,1,300,20,3,5,0,23,0,1,10,13,0,1,0,0,0,0,23,22,22,0.6430,12,1,0,end_cap,1
615,16,1,1,300,18,0,2,0,21,0,1,12,9,0,0,0,0,0,0,21,21,21,0.5909,9,1,0,end_cap,0
615,44,1,1,300,20,0,2,0,23,0,1,15,8,0,0,1,0,0,0,23,24,24,0.5251,10,1,0,end_cap,1
615,47,2,1,300,21,1,3,0,23,0,1,11,12,0,0,1,0,0,0,23,24,24,0.6467,14,1,0,end_cap,1
615,51,1,1,300,20,0,1,0,21,0,1,13,8,0,0,1,0,0,0,21,22,22,0.5726,9,1,0,end_cap,0
615,56,1,1,300,22,0,1,1,22,0,1,17,5,0,0,0,1,1,1,23,22,23,0.5110,11,1,0,end_cap,1
615,72,1,1,300,19,1,2,0,20,0,1,15,5,0,0,1,0,0,0,20,21,21,0.3588,7,1,0,end_cap,0
615,91,1,1,300,19,0,1,0,23,0,1,21,2,0,0,1,0,0,0,23,24,24,0.5730,10,0,1,end_cap,1
615,95,1,1,300,19,1,3,0,22,0,1,19,3,0,0,0,0,0,0,22,22,22,0.3623,6,0,0,end_cap,0
615,98,1,1,300,19,0,1,0,22,0,1,19,3,0,0,0,0,0,0,22,22,22,0.3824,7,0,1,end_cap,1
616,117,3,1,300,17,1,2,0,29,0,1,23,6,0,1,0,0,0,0,29,28,28,0.3630,11,1,0,end_cap,1
616,123,2,1,300,17,0,3,0,20,0,1,16,4,0,0,0,0,0,0,20,20,20,0.2996,8,1,0,end_cap,1
621,9,1,1,270,19,0,2,1,26,0,0,20,6,0,0,0,0,0,0,26,26,26,0.4951,9,1,0,end_clear,1
621,76,3,1,180,21,5,7,0,26,0,1,15,11,0,0,1,0,0,0,26,27,27,0.5952,14,1,0,still,0
621,159,1,1,240,15,2,3,0,15,0,1,12,3,0,0,0,0,0,0,15,15,15,0.2618,7,1,0,still,0
622,170,1,1,240,21,6,7,0,22,0,1,13,9,0,0,1,0,0,0,22,23,23,0.6003,11,1,0,still,0
622,200,1,1,240,18,0,7,1,23,0,1,14,9,0,2,0,0,0,0,23,21,21,0.6227,12,1,0,still,0
626,155,1,0,-1,2,0,4,1,2,0,0,2,0,0,0,0,0,0,0,2,2,2,0.0733,2,0,0,hop,1
626,191,1,1,270,18,0,1,0,25,0,1,23,2,0,2,0,0,0,0,25,23,23,0.3743,10,1,0,still,0
627,161,2,1,30,20,0,1,1,26,0,1,17,9,0,2,0,0,0,0,26,24,24,0.3780,9,1,0,still,0
628,17,3,1,180,21,0,2,0,23,0,1,18,5,0,0,1,0,0,0,23,24,24,0.5060,11,1,0,still,0
628,23,2,1,60,21,1,2,0,24,0,1,20,4,0,0,1,0,0,0,24,25,25,0.5276,10,1,0,still,0
628,164,1,1,180,20,0,1,1,25,0,1,19,6,0,3,0,0,0,0,25,22,22,0.3241,9,1,0,still,0
629,49,2,1,210,18,0,1,0,24,0,1,16,8,0,0,0,0,0,0,24,24,24,0.6595,11,1,0,still,0
630,83,1,1,300,20,0,1,0,23,0,1,19,4,0,0,0,0,0,0,23,23,23,0.5058,10,1,0,end_cap,1
630,85,1,0,-1,21,0,2,0,24,0,1,19,5,0,0,1,0,0,0,24,25,25,0.5708,10,1,0,start_jam,0
630,111,1,0,-1,5,2,3,0,5,0,0,5,0,0,0,0,0,0,0,5,5,5,0.1798,4,0,0,pending,0
631,111,1,0,-1,5,2,3,0,5,0,0,5,0,0,0,0,0,0,0,5,5,5,0.1799,4,0,0,hop,1
631,158,1,1,270,18,0,1,0,23,0,1,20,3,0,1,0,1,1,0,24,22,22,0.2589,6,0,0,still,0
632,68,2,1,180,20,2,3,0,24,0,1,20,4,0,0,0,0,0,0,24,24,24,0.3372,7,0,0,still,0
632,92,1,0,-1,19,0,2,0,23,0,1,23,0,0,0,2,0,0,0,23,25,25,0.6847,11,0,0,start_jam,0
632,165,1,1,300,20,1,2,0,23,0,1,18,5,0,2,0,0,0,0,23,21,21,0.2988,10,1,0,end_cap,1
633,66,1,0,-1,18,0,1,0,24,0,0,24,0,0,0,0,0,0,0,24,24,24,0.5925,10,0,0,pending,0
634,66,1,0,-1,18,0,1,0,24,0,0,24,0,0,0,0,0,0,0,24,24,24,0.5925,10,0,0,hop,1
636,50,1,1,60,19,1,2,0,22,0,1,16,6,0,0,0,0,0,0,22,22,22,0.5851,9,1,0,still,0
636,199,1,1,210,15,1,3,0,17,0,1,14,3,0,0,0,1,1,1,18,17,18,0.2946,9,1,0,still,0
637,77,3,0,-1,19,0,1,0,25,0,1,17,8,0,1,0,0,0,0,25,24,24,0.5724,12,1,0,start_jam,0
638,145,1,1,150,17,1,2,0,23,0,1,19,4,0,2,0,0,0,0,23,21,21,0.3647,8,0,1,still,0
640,31,2,1,150,19,1,2,0,24,0,1,22,2,0,0,1,0,0,0,24,25,25,0.6266,12,1,0,still,0
640,100,1,1,300,18,0,2,0,21,0,1,18,3,0,1,0,0,0,0,21,20,20,0.3851,8,1,0,end_cap,1
641,132,1,1,60,19,1,2,0,23,0,1,22,1,0,0,1,0,0,0,23,24,24,0.6081,11,0,1,still,0
642,146,2,1,30,17,1,2,0,22,0,1,20,2,0,0,0,0,0,0,22,22,22,0.3506,10,1,0,still,0
643,19,3,1,270,21,0,2,0,24,0,1,20,4,0,0,0,0,0,0,24,24,24,0.5060,12,1,0,still,0
643,21,2,1,270,23,1,3,0,24,0,1,20,4,0,0,0,0,0,0,24,24,24,0.5384,12,1,0,still,0
643,26,3,1,270,22,0,1,0,28,0,1,25,3,0,0,0,0,0,0,28,28,28,0.5926,14,1,0,still,0
643,118,3,1,270,18,0,1,0,27,0,0,22,5,0,1,0,0,0,0,27,26,26,0.3999,11,1,0,end_clear,1
644,177,1,1,270,22,0,1,1,30,0,1,26,4,0,2,0,0,0,0,30,28,28,0.3708,11,1,0,still,0
646,144,2,0,-1,12,0,3,0,13,0,0,13,0,0,0,0,0,0,0,13,13,13,0.4785,11,0,0,pending,0
647,144,2,0,-1,12,0,3,0,13,0,0,13,0,0,0,0,0,0,0,13,13,13,0.4781,11,0,0,hop,1
648,99,2,0,-1,13,0,2,0,13,0,0,13,0,0,0,0,0,0,0,13,13,13,0.6257,13,0,0,pending,0
649,99,2,0,-1,13,0,2,0,13,0,0,13,0,0,0,0,0,0,0,13,13,13,0.6256,13,0,0,hop,1
651,76,3,1,210,19,4,5,0,23,0,1,15,8,0,0,1,1,1,1,24,24,25,0.5952,12,1,0,still,0
651,159,1,1,270,15,2,3,0,17,0,1,15,2,0,0,1,0,0,0,17,18,18,0.2621,7,1,0,still,0
652,102,2,0,-1,3,0,3,1,3,0,0,3,0,0,0,0,0,0,0,3,3,3,0.0991,3,0,0,pending,0
652,170,2,1,270,19,0,2,0,22,0,1,15,7,0,0,1,1,1,1,23,23,24,0.5682,11,1,0,still,0
653,102,2,0,-1,3,0,3,1,3,0,0,3,0,0,0,0,0,0,0,3,3,3,0.0991,3,0,0,hop,1
654,8,2,0,-1,19,0,2,0,24,0,0,20,4,0,0,0,0,0,0,24,24,24,0.3875,9,0,0,pending,0
654,101,3,0,-1,10,1,3,0,13,0,0,13,0,0,0,0,0,0,0,13,13,13,0.3552,10,0,0,pending,0
655,8,2,0,-1,19,0,1,0,24,0,0,20,4,0,0,0,0,0,0,24,24,24,0.3874,9,0,0,hop,1
655,97,2,0,-1,6,1,3,0,7,0,0,7,0,0,0,0,0,0,0,7,7,7,0.2303,6,0,0,pending,0
655,101,3,0,-1,10,1,3,0,13,0,0,13,0,0,0,0,0,0,0,13,13,13,0.3552,10,0,0,hop,1
656,97,2,0,-1,6,1,3,0,7,0,0,7,0,0,0,0,0,0,0,7,7,7,0.2303,6,0,0,hop,1
656,191,1,1,300,17,0,1,0,24,0,0,24,0,0,2,0,0,0,0,24,22,22,0.4028,10,0,0,end_cap,0
657,136,2,0,-1,15,0,5,0,16,0,0,16,0,0,0,0,0,0,0,16,16,16,0.5615,12,0,0,pending,0
657,161,2,1,60,20,0,1,1,26,0,1,17,9,0,2,0,0,0,0,26,24,24,0.4032,10,1,0,still,0
658,17,3,1,210,19,1,2,0,23,0,1,18,5,0,0,1,0,0,0,23,24,24,0.5060,11,1,0,still,0
658,23,2,1,90,21,1,2,0,27,0,1,22,5,0,0,1,0,0,0,27,28,28,0.5265,10,1,0,still,0
658,136,2,0,-1,15,0,5,0,16,0,0,16,0,0,0,0,0,0,0,16,16,16,0.5616,12,0,0,hop,1
658,164,1,1,210,20,0,1,1,26,0,1,20,6,0,3,0,0,0,0,26,23,23,0.2970,8,1,0,still,0
659,49,2,1,240,18,1,7,0,24,0,1,16,8,0,0,0,0,0,0,24,24,24,0.6595,11,1,0,still,0
660,85,1,1,30,21,0,2,0,24,0,1,19,5,0,0,1,1,1,1,25,25,26,0.5714,10,1,0,still,0
661,158,1,1,300,18,0,1,0,23,0,1,21,2,0,2,0,1,1,1,24,21,22,0.2589,6,0,0,end_cap,1
662,68,2,1,210,20,2,3,0,23,0,1,21,2,0,0,0,0,0,0,23,23,23,0.3369,7,0,0,still,0
662,92,1,1,30,18,0,2,0,22,0,1,22,0,0,0,1,0,0,1,22,23,24,0.6840,11,0,0,still,0
666,50,1,1,90,19,1,2,0,22,0,1,16,6,0,0,0,0,0,0,22,22,22,0.6211,10,1,0,still,0
666,199,1,1,240,15,1,3,0,17,0,1,16,1,0,0,0,1,1,1,18,17,18,0.2946,9,1,0,still,0
667,77,3,1,30,18,0,7,0,25,0,1,17,8,0,1,0,0,0,0,25,24,24,0.6036,13,1,0,still,0
668,145,1,1,180,16,1,2,0,22,0,1,21,1,0,2,0,0,0,0,22,20,20,0.3932,8,0,1,still,0
670,31,2,1,180,19,1,2,0,24,0,1,22,2,0,0,1,0,0,0,24,25,25,0.6266,12,1,0,still,0
671,132,1,1,90,19,1,2,0,23,0,1,22,1,0,0,0,0,0,1,23,23,24,0.6085,11,0,1,still,0
672,32,1,0,-1,16,0,1,0,21,0,0,21,0,0,1,0,0,0,0,21,20,20,0.6582,9,0,0,hop,1
672,146,2,1,60,17,1,2,0,22,0,0,22,0,0,0,0,0,0,0,22,22,22,0.3507,10,0,0,end_clear,1
673,19,3,1,300,21,0,2,0,24,0,1,20,4,0,0,0,0,0,0,24,24,24,0.5061,12,1,0,end_cap,1
673,21,2,1,300,23,1,2,0,24,0,1,20,4,0,0,0,0,0,0,24,24,24,0.5358,12,1,0,end_cap,0
673,26,3,1,300,21,0,1,0,28,0,1,26,2,0,0,0,1,1,1,29,28,29,0.5914,14,1,0,end_cap,1
674,103,1,0,-1,8,1,2,0,10,0,0,10,0,0,0,1,0,0,0,10,11,11,0.2592,6,0,0,pending,0
674,177,1,1,300,22,0,1,0,29,0,1,27,2,0,2,0,1,1,1,30,27,28,0.3972,12,1,0,end_cap,1
675,103,1,0,-1,8,1,2,0,10,0,0,10,0,0,0,1,0,0,0,10,11,11,0.2592,6,0,0,hop,1
681,76,3,1,240,20,4,7,0,23,0,1,17,6,0,0,1,1,1,1,24,24,25,0.5953,12,1,0,still,0
681,159,1,1,300,15,2,3,0,16,0,1,16,0,0,0,0,1,1,2,17,16,18,0.2621,7,1,0,end_cap,1
682,170,2,1,300,19,5,7,0,23,0,1,18,5,0,0,1,1,1,1,24,24,25,0.5708,11,1,0,end_cap,1
683,156,1,0,-1,7,2,3,0,9,0,0,9,0,0,0,0,0,0,0,9,9,9,0.2554,6,0,0,hop,1
683,183,1,0,-1,18,1,2,0,23,0,1,18,5,0,2,0,1,1,1,24,21,22,0.4892,11,1,0,start_jam,0
686,160,1,0,-1,1,1,2,0,1,0,0,1,0,0,0,0,0,0,0,1,1,1,0.0363,1,0,0,pending,0
687,160,1,0,-1,1,1,2,0,1,0,0,1,0,0,0,0,0,0,0,1,1,1,0.0363,1,0,0,hop,1
687,161,2,1,90,20,0,1,1,25,0,1,19,6,0,2,0,1,1,1,26,23,24,0.4032,10,1,0,still,0
687,174,1,0,-1,16,1,2,0,24,0,0,23,1,0,3,0,0,0,0,24,21,21,0.7489,13,0,0,hop,1
688,17,3,1,240,19,1,2,0,23,0,1,22,1,0,0,1,1,1,1,24,24,25,0.5060,11,1,0,still,0
688,23,2,1,120,21,1,2,0,26,0,1,24,2,0,0,0,1,1,2,27,26,28,0.5277,10,0,0,still,0
688,151,1,0,-1,17,0,1,0,24,0,1,19,5,0,3,0,1,1,1,25,21,22,0.4535,11,1,0,start_jam,0
688,164,1,1,240,20,0,1,1,25,0,0,23,2,0,3,0,1,1,1,26,22,23,0.2970,8,0,0,end_clear,0
689,49,2,1,270,19,1,5,0,23,0,1,19,4,0,0,0,1,1,1,24,23,24,0.6596,11,1,0,still,0
689,138,1,0,-1,23,0,2,0,28,0,1,26,2,0,2,0,1,1,1,29,26,27,0.3965,12,1,0,start_jam,0
690,85,1,1,60,21,0,2,0,24,0,1,20,4,0,0,1,1,1,1,25,25,26,0.5718,10,0,1,still,0
692,68,2,1,240,20,2,3,0,23,0,1,22,1,0,0,0,0,0,0,23,23,23,0.3369,7,0,0,still,0
692,92,1,1,60,18,0,2,0,21,0,1,21,0,0,0,1,0,0,1,21,22,23,0.6861,11,0,0,still,0
696,50,1,1,120,19,1,2,0,21,0,1,19,2,0,0,0,1,1,1,22,21,22,0.6211,10,1,0,still,0
696,199,1,1,270,14,1,3,0,17,0,1,16,1,0,0,0,0,0,0,17,17,17,0.2950,8,1,0,still,0
697,77,3,1,60,18,0,7,0,24,0,1,20,4,0,1,0,1,1,1,25,23,24,0.6041,13,1,0,still,0
698,124,1,0,-1,6,0,3,0,6,0,0,6,0,0,0,0,0,0,0,6,6,6,0.2134,5,0,0,hop,1
698,145,1,1,210,16,1,2,0,22,0,0,22,0,0,2,0,0,0,0,22,20,20,0.3936,8,0,0,end_clear,1
700,31,2,1,210,19,1,2,0,25,0,1,23,2,0,0,1,0,0,0,25,26,26,0.6266,12,1,0,still,0
701,132,1,1,120,19,1,2,0,23,0,1,22,1,0,0,1,0,0,1,23,24,25,0.6080,11,0,1,still,0
704,121,1,0,-1,0,0,2,1,1,0,0,1,0,0,1,0,0,0,0,1,0,0,0.0328,1,0,0,hop,1
705,128,1,0,-1,21,0,2,1,27,0,1,25,2,0,3,0,2,2,2,29,24,26,0.3486,9,1,0,start_jam,0
706,113,1,0,-1,18,0,2,0,22,0,0,22,0,0,2,0,0,0,0,22,20,20,0.3227,7,0,0,pending,0
707,113,1,0,-1,18,0,2,0,22,0,0,22,0,0,2,0,0,0,0,22,20,20,0.3227,7,0,0,hop,1
708,1,2,0,-1,20,0,2,0,23,0,0,23,0,0,0,0,0,0,0,23,23,23,0.3642,7,0,0,pending,0
708,33,3,0,-1,13,2,5,0,16,0,0,16,0,0,0,0,0,0,0,16,16,16,0.4734,10,0,0,hop,1
709,1,2,0,-1,20,0,2,0,23,0,0,23,0,0,0,0,0,0,0,23,23,23,0.3643,7,0,0,hop,1
711,76,3,1,270,20,4,7,0,24,0,1,20,4,0,0,1,1,1,1,25,25,26,0.5953,12,1,0,still,0
713,183,1,1,30,18,1,2,0,23,0,1,18,5,0,2,0,1,1,1,24,21,22,0.4892,11,1,0,still,0
714,127,1,0,-1,20,0,1,0,25,0,1,22,3,0,3,0,1,1,1,26,22,23,0.4042,11,1,0,start_jam,0
715,34,1,0,-1,9,0,2,1,12,0,0,12,0,0,0,0,0,0,0,12,12,12,0.4065,8,0,0,pending,0
715,172,1,0,-1,22,0,1,0,28,0,1,24,4,0,3,0,2,2,1,30,25,26,0.4255,10,1,0,start_jam,0
716,9,1,0,-1,20,0,1,0,24,0,1,18,6,0,0,0,0,0,0,24,24,24,0.5172,9,1,0,start_jam,0
716,34,1,0,-1,9,0,2,1,12,0,0,12,0,0,0,0,0,0,0,12,12,12,0.4065,8,0,0,hop,1
717,153,1,0,-1,18,0,1,0,23,0,0,22,1,0,2,0,0,0,0,23,21,21,0.3774,9,0,0,pending,0
717,161,2,1,120,20,0,1,1,25,0,1,18,7,0,2,0,1,1,1,26,23,24,0.4032,10,1,0,still,0
718,17,3,1,270,19,1,2,0,23,0,1,20,3,0,0,1,1,1,1,24,24,25,0.5058,11,1,0,still,0
718,23,2,1,150,21,1,2,0,27,0,1,23,4,0,0,0,1,1,2,28,27,29,0.5256,10,0,0,still,0
718,44,1,0,-1,18,0,2,0,21,0,1,16,5,0,0,1,0,0,0,21,22,22,0.5115,9,1,0,start_jam,0
718,151,1,1,30,17,0,1,0,25,0,1,17,8,0,3,0,0,0,0,25,22,22,0.4534,11,1,0,still,0
718,153,1,0,-1,18,0,1,0,23,0,0,22,1,0,2,0,0,0,0,23,21,21,0.3774,9,0,0,hop,1
718,155,1,0,-1,3,0,2,1,3,0,0,3,0,0,0,0,0,0,0,3,3,3,0.1478,3,0,0,pending,0
719,49,2,1,300,19,1,7,0,22,0,1,17,5,0,0,1,1,1,1,23,23,24,0.5607,10,1,0,end_cap,0
719,73,2,0,-1,10,2,3,0,14,0,0,14,0,0,1,0,0,0,0,14,13,13,0.3643,9,0,0,hop,1
719,86,1,0,-1,22,0,3,0,24,0,1,21,3,0,1,1,1,1,1,25,24,25,0.6096,10,1,0,start_jam,0
719,138,1,1,30,23,0,2,0,28,0,1,26,2,0,2,0,1,1,1,29,26,27,0.3965,12,1,0,still,0
719,155,1,0,-1,3,0,2,1,3,0,0,3,0,0,0,0,0,0,0,3,3,3,0.1478,3,0,0,hop,1
719,186,1,0,-1,19,1,2,0,28,0,1,26,2,0,4,0,1,1,1,29,24,25,0.4540,11,0,0,start_jam,0
720,85,1,1,90,21,0,2,0,24,0,1,18,6,0,0,1,1,1,1,25,25,26,0.5718,10,1,0,still,0
720,189,1,0,-1,16,0,2,0,24,0,0,22,2,0,3,0,0,0,0,24,21,21,0.3869,10,0,0,hop,1
722,68,2,1,270,18,1,2,0,22,0,0,22,0,0,0,0,0,0,0,22,22,22,0.3251,6,0,0,end_clear,1
722,89,1,0,-1,23,1,2,0,24,0,1,21,3,0,0,1,1,1,1,25,25,26,0.6766,13,1,0,start_jam,0
722,92,1,1,90,18,0,2,0,21,0,1,21,0,0,0,1,0,0,1,21,22,23,0.6858,11,0,0,still,0
724,88,1,0,-1,22,0,2,0,25,0,1,21,4,0,0,1,1,1,1,26,26,27,0.6054,12,1,0,start_jam,0
725,179,1,0,-1,4,0,2,1,5,0,0,5,0,0,1,0,0,0,0,5,4,4,0.2197,5,0,0,hop,1
726,5,2,0,-1,18,0,1,0,22,0,1,19,3,0,0,0,0,0,0,22,22,22,0.3580,8,1,0,start_jam,0
726,50,1,1,150,19,1,2,0,21,0,1,17,4,0,0,0,1,1,1,22,21,22,0.6210,10,1,0,still,0
726,199,1,1,300,14,1,3,0,17,0,0,17,0,0,0,0,0,0,0,17,17,17,0.2958,8,0,0,end_cap,1
727,13,2,0,-1,15,2,3,0,18,0,1,15,3,0,0,0,2,2,2,20,18,20,0.6266,12,1,0,start_jam,0
727,77,3,1,90,18,0,7,0,24,0,1,19,5,0,1,0,1,1,1,25,23,24,0.6040,13,1,0,still,0
727,167,1,0,-1,22,1,2,0,27,0,1,21,6,0,3,0,2,2,2,29,24,26,0.3961,12,1,0,start_jam,0
728,25,2,0,-1,22,1,3,0,29,0,1,22,7,0,0,0,1,1,1,30,29,30,0.5849,12,1,0,start_jam,0
729,47,2,0,-1,19,1,3,0,20,0,1,17,3,0,0,2,2,2,2,22,22,24,0.6480,12,1,0,start_jam,0
729,123,2,0,-1,16,0,2,0,19,0,0,18,1,0,0,0,0,0,0,19,19,19,0.2997,7,0,0,hop,1
730,12,2,0,-1,17,0,1,0,19,0,1,13,6,0,0,0,2,2,2,21,19,21,0.4884,9,1,0,start_jam,0
730,31,2,1,240,19,1,2,0,25,0,1,23,2,0,0,1,0,0,0,25,26,26,0.6266,12,1,0,still,0
731,132,1,1,150,19,1,2,0,23,0,1,22,1,0,0,1,0,0,1,23,24,25,0.6084,11,0,1,still,0
733,90,1,0,-1,21,0,1,0,23,0,1,21,2,0,1,0,1,1,1,24,22,23,0.6444,13,1,0,start_jam,0
735,128,1,1,30,21,0,2,1,27,0,1,19,8,0,3,0,2,2,2,29,24,26,0.3486,9,1,0,still,0
737,65,1,0,-1,16,0,2,0,23,0,0,22,1,0,1,0,0,0,0,23,22,22,0.6342,11,0,1,pending,0
737,75,1,0,-1,7,3,4,0,9,0,0,9,0,0,0,0,0,0,0,9,9,9,0.2545,6,0,0,hop,1
738,65,1,0,-1,16,0,2,0,22,0,0,21,1,0,1,0,0,0,0,22,21,21,0.6342,11,0,1,hop,1
738,169,1,0,-1,19,0,3,0,17,0,1,15,2,0,0,1,3,3,3,20,18,21,0.7035,11,1,0,start_jam,0
739,91,1,0,-1,20,0,1,0,23,0,1,20,3,0,0,0,0,0,0,23,23,23,0.6444,12,1,0,start_jam,0
741,76,3,1,300,20,4,7,0,23,0,1,20,3,0,0,1,2,2,2,25,24,26,0.5953,12,1,0,end_cap,1
743,183,1,1,60,18,1,2,0,23,0,1,15,8,0,2,0,1,1,1,24,21,22,0.4892,11,1,0,still,0
744,127,1,1,30,20,0,1,0,26,0,1,18,8,0,4,0,1,1,1,27,22,23,0.4042,11,1,0,still,0
745,114,1,0,-1,17,0,1,0,21,0,1,16,5,0,1,0,0,0,0,21,20,20,0.3811,8,1,0,start_jam,0
745,172,1,1,30,22,0,1,0,29,0,1,18,11,0,3,0,2,2,1,31,26,27,0.4255,10,1,0,still,0
746,9,1,1,30,20,0,1,0,24,0,1,15,9,0,0,0,0,0,0,24,24,24,0.5172,9,1,0,still,0
746,87,1,0,-1,21,0,1,0,25,0,1,17,8,0,0,1,1,1,1,26,26,27,0.5982,11,1,0,start_jam,0
747,161,2,1,150,20,0,1,1,25,0,1,18,7,0,2,0,1,1,1,26,23,24,0.4032,10,1,0,still,0
748,17,3,1,300,19,1,2,0,23,0,1,15,8,0,0,1,1,1,1,24,24,25,0.5059,11,1,0,end_cap,1
748,23,2,1,180,21,1,2,0,26,0,1,16,10,0,0,0,2,2,3,28,26,29,0.5217,10,1,0,still,0
748,44,1,1,30,18,0,2,0,21,0,1,14,7,0,0,1,0,0,0,21,22,22,0.5112,9,1,0,still,0
748,151,1,1,60,17,0,1,0,24,0,1,16,8,0,2,0,1,1,0,25,22,22,0.4533,11,1,0,still,0
749,84,1,0,-1,21,0,3,0,21,0,1,11,10,0,0,1,3,3,3,24,22,25,0.5399,10,1,0,start_jam,0
749,86,1,1,30,22,0,3,0,25,0,1,15,10,0,1,1,1,1,1,26,25,26,0.6104,10,1,0,still,0
749,119,1,0,-1,20,1,2,0,24,0,1,15,9,0,1,1,1,1,0,25,24,24,0.4122,9,1,0,start_jam,0
749,138,1,1,60,23,0,2,0,29,0,1,21,8,0,2,0,0,0,0,29,27,27,0.3965,12,1,0,still,0
749,186,1,1,30,20,1,2,0,28,0,1,23,5,0,3,0,0,0,0,28,25,25,0.4635,11,0,0,still,0
750,71,2,0,-1,12,2,3,0,14,0,0,14,0,0,0,0,0,0,0,14,14,14,0.4575,9,0,0,hop,1
750,85,1,1,120,21,0,2,0,23,0,1,12,11,0,0,1,2,2,2,25,24,26,0.5718,10,1,0,still,0
751,176,1,0,-1,23,0,1,0,30,0,1,19,11,0,3,0,1,1,1,31,27,28,0.4170,13,1,0,start_jam,0
752,89,1,1,30,23,1,2,0,25,0,1,19,6,0,0,1,0,0,0,25,26,26,0.6772,13,1,0,still,0
752,92,1,1,120,18,0,2,0,21,0,1,21,0,0,0,2,0,0,0,21,23,23,0.6874,11,0,0,still,0
753,56,1,0,-1,23,0,1,0,24,0,1,12,12,0,0,0,2,2,2,26,24,26,0.5259,11,1,0,start_jam,0
754,88,1,1,30,22,0,2,0,26,0,1,19,7,0,0,0,0,0,1,26,26,27,0.6067,12,1,0,still,0
754,158,1,0,-1,17,0,1,0,23,0,0,21,2,0,2,0,0,0,0,23,21,21,0.2589,5,0,0,hop,1
754,194,1,0,-1,19,0,2,0,25,0,1,15,10,0,2,0,1,1,0,26,23,23,0.4074,10,1,0,start_jam,0
755,10,1,0,-1,18,1,2,0,23,0,1,14,9,0,0,0,0,0,0,23,23,23,0.5499,9,1,0,start_jam,0
756,5,2,1,30,18,0,1,0,21,0,1,13,8,0,0,0,1,1,1,22,21,22,0.3566,8,1,0,still,0
756,14,1,0,-1,19,0,1,0,19,0,1,16,3,0,1,2,1,1,1,20,20,21,0.5910,10,1,0,start_jam,0
756,35,2,0,-1,19,0,1,0,20,0,1,17,3,0,0,1,1,1,1,21,21,22,0.3901,7,1,0,start_jam,0
756,50,1,1,180,20,1,2,0,21,0,1,16,5,0,0,0,1,1,1,22,21,22,0.6208,10,1,0,still,0
756,109,2,0,-1,13,3,5,0,16,0,0,16,0,0,0,0,0,0,0,16,16,16,0.6460,11,0,0,pending,0
756,131,1,0,-1,20,0,2,1,27,0,1,15,12,0,3,0,3,3,2,30,24,26,0.3469,9,1,0,start_jam,0
757,13,2,1,30,15,2,3,0,19,0,1,14,5,0,0,0,1,1,1,20,19,20,0.6266,12,1,0,still,0
757,77,3,1,120,19,0,7,0,22,0,1,17,5,0,0,0,3,3,3,25,22,25,0.6039,13,1,0,still,0
757,109,2,0,-1,13,3,5,0,16,0,0,16,0,0,0,0,0,0,0,16,16,16,0.6461,11,0,0,hop,1
757,167,1,1,30,22,1,2,0,26,0,1,13,13,0,3,0,3,3,3,29,23,26,0.3961,12,1,0,still,0
758,15,1,0,-1,18,3,7,0,20,0,1,17,3,0,0,0,2,2,2,22,20,22,0.6276,10,1,0,start_jam,0
758,25,2,1,30,22,1,3,0,29,0,1,19,10,0,0,0,1,1,1,30,29,30,0.5820,12,1,0,still,0
759,47,2,1,30,19,1,3,0,21,0,1,16,5,0,0,2,1,1,1,22,23,24,0.6488,12,1,0,still,0
759,130,1,0,-1,17,2,7,0,20,0,1,16,4,0,0,0,2,2,2,22,20,22,0.5845,9,1,0,start_jam,0
760,12,2,1,30,17,0,1,0,20,0,1,11,9,0,0,0,1,1,1,21,20,21,0.4883,9,1,0,still,0
760,31,2,1,270,19,1,2,0,24,0,1,22,2,0,0,1,0,0,0,24,25,25,0.6266,12,1,0,still,0
761,132,1,1,180,19,1,2,0,22,0,1,21,1,0,0,2,0,0,0,22,24,24,0.6087,11,0,1,still,0
763,90,1,1,30,21,0,1,0,25,0,1,21,4,0,1,1,0,0,0,25,25,25,0.6447,13,1,0,still,0
764,118,3,0,-1,18,0,1,0,26,0,1,12,14,0,1,0,1,1,1,27,25,26,0.4499,13,1,0,start_jam,0
765,108,1,0,-1,16,0,2,0,20,0,0,20,0,0,1,0,0,0,0,20,19,19,0.6532,10,0,0,hop,1
765,128,1,1,60,21,0,2,1,26,0,1,13,13,0,3,0,3,3,3,29,23,26,0.3486,9,1,0,still,0
767,188,1,0,-1,18,1,2,0,22,0,1,16,6,0,2,0,1,1,1,23,20,21,0.4879,12,1,0,start_jam,0
768,8,2,0,-1,19,0,1,0,24,0,1,9,15,0,0,0,1,1,1,25,24,25,0.3937,9,1,0,start_jam,0
768,169,1,1,30,19,0,3,0,18,0,1,14,4,0,0,2,1,1,1,19,20,21,0.6342,10,1,0,still,0
769,91,1,1,30,20,0,1,0,24,0,1,21,3,0,0,1,0,0,0,24,25,25,0.6089,11,1,0,still,0
771,107,2,0,-1,15,0,1,0,21,0,0,20,1,0,1,0,0,0,0,21,20,20,0.6359,13,0,1,hop,1
771,133,2,0,-1,14,0,1,0,19,0,0,19,0,0,1,0,0,0,0,19,18,18,0.5663,11,0,0,pending,0
772,54,2,0,-1,23,0,1,0,22,0,1,13,9,0,0,0,3,3,3,25,22,25,0.4792,11,1,0,start_jam,0
772,133,2,0,-1,14,0,1,0,19,0,0,19,0,0,1,0,0,0,0,19,18,18,0.5664,11,0,0,hop,1
773,183,1,1,90,17,2,3,0,23,0,1,13,10,0,3,0,1,1,1,24,20,21,0.4892,11,1,0,still,0
774,127,1,1,60,20,0,1,0,23,0,1,14,9,0,4,0,4,4,4,27,19,23,0.4042,11,1,0,still,0
774,195,1,0,-1,19,0,1,0,22,0,1,17,5,0,2,0,1,1,1,23,20,21,0.3480,10,1,0,start_jam,0
775,114,1,1,30,17,0,1,0,21,0,1,11,10,0,1,0,1,1,1,22,20,21,0.3811,8,1,0,still,0
775,172,1,1,60,22,0,1,0,29,0,1,17,12,0,3,0,2,2,1,31,26,27,0.4255,10,1,0,still,0
776,9,1,1,60,20,0,1,0,23,0,1,9,14,0,0,0,0,0,0,23,23,23,0.5172,9,1,0,still,0
776,87,1,1,30,21,0,1,0,24,0,1,16,8,0,0,1,1,1,1,25,25,26,0.5977,11,1,0,still,0
777,161,2,1,180,20,0,1,1,23,0,1,16,7,0,2,0,3,3,3,26,21,24,0.4032,10,1,0,still,0
778,23,2,1,210,21,1,2,0,26,0,1,16,10,0,0,0,2,2,3,28,26,29,0.5212,10,1,0,still,0
778,44,1,1,60,18,0,2,0,21,0,1,11,10,0,0,1,0,0,0,21,22,22,0.5107,9,1,0,still,0
778,146,2,0,-1,16,1,2,0,21,0,1,11,10,0,1,0,1,1,1,22,20,21,0.3496,10,1,0,start_jam,0
778,151,1,1,90,17,0,1,0,24,0,1,12,12,0,2,0,1,1,0,25,22,22,0.4533,11,1,0,still,0
779,84,1,1,30,21,0,3,0,21,0,1,9,12,0,0,1,3,3,3,24,22,25,0.5387,10,1,0,still,0
779,86,1,1,60,22,0,3,0,24,0,1,15,9,0,0,1,1,1,1,25,25,26,0.5390,9,1,0,still,0
779,119,1,1,30,20,1,2,0,24,0,1,10,14,0,1,1,1,1,0,25,24,24,0.4122,9,1,0,still,0
779,138,1,1,90,23,0,2,0,29,0,1,21,8,0,2,0,0,0,0,29,27,27,0.4229,13,1,0,still,0
779,186,1,1,60,20,0,1,1,28,0,1,23,5,0,3,0,0,0,0,28,25,25,0.4757,11,0,0,still,0
780,85,1,1,150,21,0,2,0,24,0,1,12,12,0,0,1,2,2,2,26,25,27,0.5718,10,1,0,still,0
780,110,1,0,-1,13,1,4,0,13,0,0,13,0,0,0,1,0,0,0,13,14,14,0.6179,9,0,0,pending,0
781,79,1,0,-1,19,1,2,0,16,0,1,11,5,0,0,1,5,5,5,21,17,22,0.5940,10,1,0,start_jam,0
781,110,1,0,-1,13,1,4,0,13,0,0,13,0,0,0,1,0,0,0,13,14,14,0.6179,9,0,0,hop,1
781,176,1,1,30,23,0,1,0,29,0,1,18,11,0,3,0,1,1,1,30,26,27,0.4170,13,1,0,still,0
782,89,1,1,60,23,1,2,0,25,0,1,19,6,0,0,1,0,0,0,25,26,26,0.6782,13,1,0,still,0
782,92,1,1,150,18,0,2,0,20,0,1,20,0,0,0,2,0,0,0,20,22,22,0.6909,11,0,0,still,0
782,177,1,0,-1,21,1,2,0,29,0,1,20,9,0,2,0,1,1,1,30,27,28,0.3973,12,1,0,start_jam,0
783,56,1,1,30,23,0,1,0,21,0,1,10,11,0,0,0,5,5,5,26,21,26,0.5218,11,1,0,still,0
783,57,1,0,-1,21,1,3,0,20,0,1,8,12,0,0,0,5,5,5,25,20,25,0.5784,11,1,0,start_jam,0
784,88,1,1,60,21,0,2,0,26,0,1,19,7,0,0,0,0,0,1,26,26,27,0.6083,12,1,0,still,0
784,194,1,1,30,19,0,2,0,25,0,1,10,15,0,2,0,1,1,0,26,23,23,0.4345,11,1,0,still,0
785,4,2,0,-1,17,0,1,0,20,0,1,10,10,0,0,0,2,2,1,22,20,21,0.3187,6,1,0,start_jam,0
785,10,1,1,30,18,1,2,0,23,0,1,11,12,0,0,0,0,0,0,23,23,23,0.5498,9,1,0,still,0
785,117,3,0,-1,17,0,1,0,25,0,1,10,15,0,0,0,1,1,1,26,25,26,0.3381,10,1,0,start_jam,0
785,171,1,0,-1,20,1,2,0,25,0,1,12,13,0,2,0,4,4,2,29,23,25,0.3696,11,1,0,start_jam,0
786,5,2,1,60,18,0,1,0,21,0,1,9,12,0,0,0,1,1,1,22,21,22,0.3551,8,1,0,still,0
786,14,1,1,30,20,0,1,0,19,0,1,12,7,0,0,2,1,1,1,20,21,22,0.5910,10,1,0,still,0
786,35,2,1,30,19,0,1,0,19,0,1,12,7,0,0,1,2,2,2,21,20,22,0.3901,7,1,0,still,0
786,50,1,1,210,20,1,2,0,18,0,1,13,5,0,0,0,4,4,4,22,18,22,0.6202,10,1,0,still,0
786,102,2,0,-1,3,1,2,0,2,0,0,2,0,0,0,1,0,0,0,2,3,3,0.0621,2,0,0,hop,1
786,131,1,1,30,19,0,2,1,25,0,1,12,13,0,2,0,4,4,2,29,23,25,0.3469,9,1,0,still,0
787,13,2,1,60,16,2,3,0,19,0,1,11,8,0,0,1,1,1,1,20,20,21,0.6266,12,1,0,still,0
787,77,3,1,150,18,0,7,0,21,0,1,14,7,0,1,0,4,4,4,25,20,24,0.6040,13,1,0,still,0
787,167,1,1,60,22,1,2,0,24,0,1,10,14,0,3,0,5,5,5,29,21,26,0.3961,12,1,0,still,0
788,15,1,1,30,18,3,7,0,20,0,1,13,7,0,0,0,2,2,2,22,20,22,0.6264,10,1,0,still,0
788,25,2,1,60,22,1,3,0,28,0,1,17,11,0,0,0,1,1,1,29,28,29,0.5814,12,1,0,still,0
789,47,2,1,60,19,1,3,0,17,0,1,13,4,0,0,2,5,5,5,22,19,24,0.6490,12,1,0,still,0
789,130,1,1,30,17,2,7,0,17,0,1,13,4,0,0,0,5,5,5,22,17,22,0.5845,9,1,0,still,0
790,12,2,1,60,19,0,1,0,17,0,1,10,7,0,0,1,4,4,4,21,18,22,0.4881,9,1,0,still,0
790,31,2,1,300,19,1,2,0,24,0,1,22,2,0,0,1,0,0,0,24,25,25,0.6266,12,1,0,end_cap,1
790,62,2,0,-1,22,0,1,0,26,0,1,21,5,0,0,0,0,0,0,26,26,26,0.6388,14,1,0,start_jam,0
791,29,2,0,-1,20,0,1,0,28,0,1,22,6,0,1,0,0,0,0,28,27,27,0.6764,14,1,0,start_jam,0
791,100,1,0,-1,16,0,2,0,16,0,1,12,4,0,0,1,2,2,2,18,17,19,0.3333,6,1,0,start_jam,0
791,111,1,0,-1,5,1,2,0,5,0,0,5,0,0,0,0,0,0,0,5,5,5,0.2217,5,0,0,pending,0
791,132,1,1,210,19,1,2,0,22,0,1,21,1,0,0,2,0,0,0,22,24,24,0.6083,11,0,1,still,0
792,111,1,0,-1,5,1,2,0,5,0,0,5,0,0,0,0,0,0,0,5,5,5,0.2217,5,0,0,hop,1
793,90,1,1,60,21,0,1,0,25,0,1,21,4,0,1,1,0,0,0,25,25,25,0.6767,14,1,0,still,0
793,103,1,0,-1,7,1,2,0,9,0,0,9,0,0,0,1,0,0,0,9,10,10,0.2888,6,0,0,hop,1
794,118,3,1,30,18,0,1,0,23,0,1,11,12,0,1,0,4,4,4,27,22,26,0.4249,12,1,0,still,0
795,128,1,1,90,21,0,2,1,24,0,1,9,15,0,3,0,5,5,5,29,21,26,0.3486,9,1,0,still,0
797,188,1,1,30,18,1,2,0,20,0,1,12,8,0,1,0,3,3,2,23,19,21,0.4877,12,1,0,still,0
798,8,2,1,30,19,0,1,0,21,0,1,9,12,0,0,0,4,4,4,25,21,25,0.3935,9,1,0,still,0
798,67,2,0,-1,16,0,2,0,18,0,0,18,0,0,0,1,0,0,0,18,19,19,0.6550,11,0,0,hop,1
798,169,1,1,60,18,0,3,0,15,0,1,12,3,0,0,1,4,4,4,19,16,20,0.7052,11,1,0,still,0
799,91,1,1,60,20,0,1,0,23,0,1,21,2,0,0,1,0,0,0,23,24,24,0.6439,12,1,0,still,0
799,154,2,0,-1,19,0,1,0,20,0,1,14,6,0,1,0,4,4,4,24,19,23,0.3443,9,1,0,start_jam,0
801,145,1,0,-1,16,1,2,0,19,0,1,10,9,0,2,0,3,3,3,22,17,20,0.3943,8,1,0,start_jam,0
802,54,2,1,30,23,0,1,0,22,0,1,9,13,0,0,0,2,2,2,24,22,24,0.4794,11,1,0,still,0
802,83,1,0,-1,20,2,3,0,22,0,1,6,16,0,0,0,3,3,3,25,22,25,0.5780,11,1,0,start_jam,0
803,183,1,1,120,17,2,3,0,19,0,1,12,7,0,2,0,4,4,4,23,17,21,0.4892,11,1,0,still,0
804,127,1,1,90,20,0,1,0,23,0,1,11,12,0,4,0,4,4,4,27,19,23,0.4042,11,1,0,still,0
804,160,1,0,-1,1,1,2,0,1,0,0,1,0,0,0,0,0,0,0,1,1,1,0.0370,1,0,0,pending,0
804,195,1,1,30,19,0,1,0,19,0,1,13,6,0,1,0,4,4,3,23,18,21,0.3484,10,1,0,still,0
805,114,1,1,60,17,0,1,0,20,0,1,9,11,0,1,0,2,2,2,22,19,21,0.3811,8,1,0,still,0
805,160,1,0,-1,1,1,2,0,1,0,0,1,0,0,0,0,0,0,0,1,1,1,0.0370,1,0,0,hop,1
805,172,1,1,90,22,0,1,0,30,0,1,15,15,0,4,0,1,1,1,31,26,27,0.4255,10,1,0,still,0
806,9,1,1,90,20,0,1,0,20,0,1,9,11,0,0,0,3,3,3,23,20,23,0.5172,9,1,0,still,0
806,87,1,1,60,21,0,1,0,24,0,1,15,9,0,0,1,1,1,1,25,25,26,0.5975,11,1,0,still,0
806,136,2,0,-1,13,0,5,0,15,0,0,15,0,0,0,0,0,0,0,15,15,15,0.5617,11,0,0,hop,1
807,66,1,0,-1,17,0,1,0,20,0,0,20,0,0,0,0,0,0,0,20,20,20,0.6322,10,0,0,pending,0
807,161,2,1,210,19,0,1,1,22,0,1,12,10,0,1,0,3,3,2,25,21,23,0.4284,10,1,0,still,0
808,23,2,1,240,21,1,2,0,25,0,1,13,12,0,0,1,2,2,2,27,26,28,0.5227,10,1,0,still,0
808,44,1,1,90,18,0,2,0,18,0,1,11,7,0,0,1,3,3,3,21,19,22,0.5106,9,1,0,still,0
808,66,1,0,-1,17,0,1,0,20,0,0,20,0,0,0,0,0,0,0,20,20,20,0.6320,10,0,0,hop,1
808,146,2,1,30,15,1,2,0,19,0,1,8,11,0,1,0,2,2,2,21,18,20,0.3492,9,1,0,still,0
808,151,1,1,120,17,0,1,0,21,0,1,12,9,0,2,0,4,4,3,25,19,22,0.4534,11,1,0,still,0
809,84,1,1,60,21,0,3,0,23,0,1,8,15,0,1,1,3,3,3,26,23,26,0.5735,11,1,0,still,0
809,86,1,1,90,22,0,3,0,24,0,1,13,11,0,0,1,1,1,1,25,25,26,0.5388,9,1,0,still,0
809,97,3,0,-1,7,1,3,0,7,0,0,7,0,0,0,0,0,0,0,7,7,7,0.2383,7,0,0,pending,0
809,119,1,1,60,20,1,2,0,21,0,1,11,10,0,0,1,5,5,3,26,22,25,0.4122,9,1,0,still,0
809,138,1,1,120,23,0,2,0,29,0,1,20,9,0,2,0,0,0,0,29,27,27,0.4229,13,1,0,still,0
809,186,1,1,90,20,0,1,1,28,0,1,23,5,0,3,0,0,0,0,28,25,25,0.5081,12,0,0,still,0
810,85,1,1,180,21,0,2,0,22,0,1,9,13,0,0,1,3,3,3,25,23,26,0.5722,10,1,0,still,0
810,97,3,0,-1,7,1,3,0,7,0,0,7,0,0,0,0,0,0,0,7,7,7,0.2383,7,0,0,hop,1
811,79,1,1,30,19,1,2,0,18,0,1,9,9,0,0,1,3,3,3,21,19,22,0.5933,10,1,0,still,0
811,153,1,0,-1,17,0,1,0,19,0,1,11,8,0,1,0,3,3,2,22,18,20,0.3199,8,1,0,start_jam,0
811,176,1,1,60,23,0,1,0,29,0,1,16,13,0,3,0,1,1,1,30,26,27,0.4170,13,1,0,still,0
812,89,1,1,90,23,1,2,0,25,0,1,18,7,0,0,1,0,0,0,25,26,26,0.6788,13,1,0,still,0
812,92,1,1,180,18,0,2,0,20,0,0,20,0,0,0,2,0,0,0,20,22,22,0.6908,11,0,0,end_clear,1
812,177,1,1,30,21,1,2,0,28,0,1,19,9,0,2,0,1,1,1,29,26,27,0.3973,12,1,0,still,0
813,56,1,1,60,23,0,2,0,22,0,1,6,16,0,0,0,4,4,4,26,22,26,0.5203,11,1,0,still,0
813,57,1,1,30,21,1,3,0,21,0,1,7,14,0,0,0,4,4,4,25,21,25,0.5834,11,1,0,still,0
814,3,2,0,-1,15,0,1,0,18,0,1,7,11,0,0,0,2,2,2,20,18,20,0.3481,6,1,0,start_jam,0
814,88,1,1,90,22,0,2,0,26,0,1,19,7,0,0,0,0,0,1,26,26,27,0.6088,12,1,0,still,0
814,194,1,1,60,19,0,2,0,22,0,1,11,11,0,1,0,5,5,3,27,21,24,0.4344,11,1,0,still,0
815,4,2,1,30,16,0,1,0,18,0,1,8,10,0,0,0,2,2,2,20,18,20,0.3168,6,1,0,still,0
815,10,1,1,60,18,1,2,0,21,0,1,11,10,0,1,0,3,3,3,24,20,23,0.5498,9,1,0,still,0
815,117,3,1,30,19,0,1,0,23,0,1,11,12,0,0,0,4,4,4,27,23,27,0.3119,9,1,0,still,0
815,171,1,1,30,20,1,2,0,26,0,1,12,14,0,4,0,3,3,3,29,22,25,0.3695,11,1,0,still,0
816,5,2,1,90,17,1,2,0,20,0,1,9,11,0,0,0,2,2,2,22,20,22,0.3532,8,1,0,still,0
816,14,1,1,60,19,0,1,0,13,0,1,11,2,0,0,2,6,6,6,19,15,21,0.5910,10,1,0,still,0
816,35,2,1,60,18,0,1,0,18,0,1,9,9,0,0,1,2,2,2,20,19,21,0.3901,7,1,0,still,0
816,50,1,1,240,19,1,2,0,18,0,1,11,7,0,0,0,3,3,3,21,18,21,0.6205,10,1,0,still,0
816,131,1,1,60,19,0,2,1,26,0,1,12,14,0,4,0,3,3,3,29,22,25,0.3469,9,1,0,still,0
817,13,2,1,90,17,2,3,0,14,0,1,10,4,0,0,1,5,5,5,19,15,20,0.6266,12,1,0,still,0
817,77,3,1,180,17,0,7,0,21,0,1,12,9,0,1,0,3,3,3,24,20,23,0.6040,13,1,0,still,0
817,115,2,0,-1,16,0,2,0,22,0,1,9,13,0,1,0,2,2,2,24,21,23,0.2966,8,1,0,start_jam,0
817,167,1,1,90,22,1,2,0,23,0,1,8,15,0,3,0,6,6,6,29,20,26,0.3713,11,1,0,still,0
818,15,1,1,60,17,3,7,0,16,0,1,11,5,0,0,0,5,5,5,21,16,21,0.6264,10,1,0,still,0
818,25,2,1,90,22,1,3,0,27,0,1,17,10,0,0,0,2,2,2,29,27,29,0.5512,11,1,0,still,0
819,40,1,0,-1,16,0,2,0,18,0,1,7,11,0,0,1,2,2,2,20,19,21,0.3610,7,1,0,start_jam,0
819,47,2,1,90,19,1,2,0,14,0,1,12,2,0,0,2,7,7,7,21,16,23,0.6491,12,1,0,still,0
819,130,1,1,60,16,2,7,0,16,0,1,11,5,0,0,0,5,5,5,21,16,21,0.5845,9,1,0,still,0
820,12,2,1,90,19,0,1,0,15,0,1,10,5,0,0,1,6,6,6,21,16,22,0.4881,9,1,0,still,0
820,28,2,0,-1,21,0,2,0,27,0,1,20,7,0,1,0,0,0,0,27,26,26,0.6651,14,1,0,start_jam,0
820,34,1,0,-1,8,0,2,1,10,0,0,10,0,0,0,1,0,0,0,10,11,11,0.2956,6,0,0,hop,1
820,62,2,1,30,22,0,1,0,26,0,1,21,5,0,0,0,0,0,0,26,26,26,0.6389,14,1,0,still,0
821,29,2,1,30,20,0,2,0,27,0,1,22,5,0,1,0,0,0,0,27,26,26,0.6176,13,1,0,still,0
821,100,1,1,30,16,0,2,1,17,0,1,8,9,0,0,1,1,1,1,18,18,19,0.3333,6,1,0,still,0
821,132,1,1,240,19,0,2,0,22,0,0,22,0,0,0,2,0,0,0,22,24,24,0.6083,11,0,0,end_clear,1
823,90,1,1,90,21,0,1,0,25,0,1,23,2,0,1,1,0,0,0,25,25,25,0.6449,13,0,1,still,0
824,118,3,1,60,18,0,1,0,21,0,1,11,10,0,0,0,6,6,5,27,21,26,0.4249,12,1,0,still,0
825,128,1,1,120,21,0,2,1,23,0,1,7,16,0,3,0,6,6,6,29,20,26,0.3486,9,1,0,still,0
827,188,1,1,60,16,1,2,0,18,0,1,6,12,0,1,0,3,3,2,21,17,19,0.4879,12,1,0,still,0
828,8,2,1,60,19,0,1,0,21,0,1,9,12,0,0,0,4,4,4,25,21,25,0.3935,9,1,0,still,0
828,169,1,1,90,18,0,1,0,13,0,1,11,2,0,0,2,5,5,5,18,15,20,0.6348,10,1,0,still,0
829,65,1,0,-1,16,0,2,0,22,0,0,22,0,0,1,0,0,0,0,22,21,21,0.6421,11,0,0,pending,0
829,91,1,1,90,19,0,1,0,24,0,1,24,0,0,0,1,0,0,0,24,25,25,0.6807,13,0,0,still,0
829,154,2,1,30,17,0,1,0,20,0,1,8,12,0,1,0,3,3,3,23,19,22,0.3442,9,1,0,still,0
830,65,1,0,-1,16,0,2,0,22,0,0,22,0,0,1,0,0,0,0,22,21,21,0.6420,11,0,0,hop,1
831,145,1,1,30,15,1,2,0,19,0,1,6,13,0,2,0,2,2,2,21,17,19,0.3934,8,1,0,still,0
832,54,2,1,60,23,0,1,0,18,0,1,7,11,0,0,0,6,6,6,24,18,24,0.4792,11,1,0,still,0
832,83,1,1,30,20,2,3,0,17,0,1,5,12,0,0,0,8,8,8,25,17,25,0.5071,10,1,0,still,0
833,183,1,1,150,17,1,2,0,18,0,1,12,6,0,2,0,5,5,5,23,16,21,0.4892,11,1,0,still,0
834,127,1,1,120,20,0,1,0,21,0,1,10,11,0,4,0,6,6,6,27,17,23,0.4042,11,1,0,still,0
834,195,1,1,60,18,0,1,0,19,0,1,8,11,0,1,0,3,3,2,22,18,20,0.3477,10,1,0,still,0
835,114,1,1,90,16,0,1,0,17,0,1,5,12,0,1,0,2,2,2,19,16,18,0.3517,7,1,0,still,0
835,142,2,0,-1,17,6,7,0,19,0,1,13,6,0,2,0,6,6,6,25,17,23,0.5968,12,1,0,start_jam,0
835,172,1,1,120,22,0,1,0,27,0,1,16,11,0,4,0,4,4,4,31,23,27,0.4255,10,1,0,still,0
836,9,1,1,120,20,0,1,0,20,0,1,8,12,0,0,0,3,3,3,23,20,23,0.5172,9,1,0,still,0
836,87,1,1,90,21,0,1,0,24,0,1,16,8,0,0,0,1,1,2,25,24,26,0.5975,11,1,0,still,0
836,174,1,0,-1,16,1,2,0,22,0,0,22,0,0,3,0,0,0,0,22,19,19,0.7471,13,0,0,hop,1
837,161,2,1,240,19,0,1,1,21,0,1,12,9,0,1,0,4,4,3,25,20,23,0.3780,9,1,0,still,0
838,23,2,1,270,21,1,2,0,21,0,1,12,9,0,0,1,5,5,5,26,22,27,0.5252,10,1,0,still,0
838,44,1,1,120,18,0,2,0,17,0,1,10,7,0,0,1,4,4,4,21,18,22,0.5110,9,1,0,still,0
838,146,2,1,60,15,1,2,0,19,0,1,6,13,0,1,0,2,2,2,21,18,20,0.3494,9,1,0,still,0
838,151,1,1,150,18,0,1,0,20,0,1,11,9,0,2,0,5,5,4,25,18,22,0.4531,11,1,0,still,0
839,84,1,1,90,21,0,3,0,19,0,1,8,11,0,1,1,7,7,7,26,19,26,0.5728,11,1,0,still,0
839,86,1,1,120,22,0,3,0,23,0,1,14,9,0,1,1,3,3,3,26,23,26,0.6104,10,1,0,still,0
839,119,1,1,90,20,1,2,0,20,0,1,10,10,0,0,1,6,6,4,26,21,25,0.4121,9,1,0,still,0
839,138,1,1,150,23,0,2,0,29,0,1,21,8,0,2,0,0,0,0,29,27,27,0.4229,13,1,0,still,0
839,186,1,1,120,20,0,1,1,28,0,0,25,3,0,3,0,0,0,0,28,25,25,0.4878,11,0,0,end_clear,1
840,85,1,1,210,21,0,2,0,20,0,1,11,9,0,0,0,6,6,7,26,20,27,0.5725,10,1,0,still,0
841,79,1,1,60,19,1,2,0,17,0,1,9,8,0,0,1,4,4,4,21,18,22,0.5939,10,1,0,still,0
841,153,1,1,30,17,0,1,0,18,0,1,8,10,0,1,0,3,3,2,21,17,19,0.3193,8,1,0,still,0
841,176,1,1,90,23,0,1,0,26,0,1,18,8,0,2,0,4,4,3,30,24,27,0.4170,13,1,0,still,0
842,89,1,1,120,23,1,2,0,25,0,1,20,5,0,0,1,0,0,0,25,26,26,0.6788,13,1,0,still,0
842,177,1,1,60,21,1,2,0,28,0,1,21,7,0,1,0,2,2,1,30,27,28,0.4238,13,1,0,still,0
843,56,1,1,90,23,0,2,0,18,0,1,5,13,0,0,0,8,8,8,26,18,26,0.5180,11,1,0,still,0
843,57,1,1,60,21,1,3,0,19,0,1,8,11,0,0,0,7,7,7,26,19,26,0.5854,11,1,0,still,0
844,3,2,1,30,15,0,1,0,18,0,1,5,13,0,0,0,2,2,2,20,18,20,0.3458,6,1,0,still,0
844,88,1,1,120,22,0,2,0,26,0,1,20,6,0,0,0,0,0,1,26,26,27,0.6086,12,1,0,still,0
844,194,1,1,90,18,0,1,0,21,0,1,10,11,0,2,0,6,6,4,27,19,23,0.4345,11,1,0,still,0
845,4,2,1,60,16,0,1,0,18,0,1,6,12,0,0,0,2,2,2,20,18,20,0.3148,6,1,0,still,0
845,10,1,1,90,19,0,1,0,20,0,1,10,10,0,1,0,4,4,4,24,19,23,0.5499,9,1,0,still,0
845,32,1,0,-1,15,1,2,0,20,0,0,20,0,0,2,0,0,0,0,20,18,18,0.6595,9,0,0,hop,1
845,117,3,1,60,19,0,1,0,23,0,1,10,13,0,0,0,4,4,4,27,23,27,0.3087,9,1,0,still,0
845,171,1,1,60,20,1,2,0,24,0,1,12,12,0,4,0,5,5,5,29,20,25,0.3695,11,1,0,still,0
846,5,2,1,120,17,1,2,0,20,0,1,8,12,0,0,0,2,2,2,22,20,22,0.3509,8,1,0,still,0
846,14,1,1,90,19,0,1,0,17,0,1,12,5,0,0,2,4,4,4,21,19,23,0.5910,10,1,0,still,0
846,35,2,1,90,18,0,1,0,18,0,1,7,11,0,0,1,2,2,2,20,19,21,0.3901,7,1,0,still,0
846,50,1,1,270,19,1,2,0,19,0,1,11,8,0,0,1,2,2,2,21,20,22,0.6205,10,1,0,still,0
846,131,1,1,90,19,0,2,1,24,0,1,12,12,0,4,0,5,5,5,29,20,25,0.3469,9,1,0,still,0
847,13,2,1,120,17,1,2,0,16,0,1,10,6,0,0,1,4,4,4,20,17,21,0.6266,12,1,0,still,0
847,77,3,1,210,17,0,7,0,21,0,1,12,9,0,1,0,3,3,3,24,20,23,0.6040,13,1,0,still,0
847,115,2,1,30,16,0,2,0,22,0,1,8,14,0,1,0,2,2,2,24,21,23,0.2964,8,1,0,still,0
847,167,1,1,120,22,1,2,0,21,0,1,7,14,0,3,0,8,8,8,29,18,26,0.3713,11,1,0,still,0
848,15,1,1,90,17,3,7,0,17,0,1,11,6,0,0,0,4,4,4,21,17,21,0.6264,10,1,0,still,0
848,25,2,1,120,22,1,3,0,24,0,1,17,7,0,0,0,4,4,4,28,24,28,0.5536,11,1,0,still,0
848,170,2,0,-1,18,5,7,0,18,0,1,11,7,0,0,1,5,5,5,23,19,24,0.5712,11,1,0,start_jam,0
849,40,1,1,30,16,0,2,0,18,0,1,7,11,0,0,1,2,2,2,20,19,21,0.3609,7,1,0,still,0
849,47,2,1,120,19,0,2,0,17,0,1,10,7,0,0,2,4,4,4,21,19,23,0.6491,12,1,0,still,0
849,130,1,1,90,16,2,7,0,18,0,1,11,7,0,0,0,3,3,3,21,18,21,0.5845,9,1,0,still,0
850,12,2,1,120,19,0,1,0,17,0,1,8,9,0,0,1,4,4,4,21,18,22,0.4883,9,1,0,still,0
850,28,2,1,30,21,0,2,0,27,0,1,22,5,0,1,0,0,0,0,27,26,26,0.6671,14,1,0,still,0
850,62,2,1,60,21,1,2,0,26,0,1,23,3,0,0,0,0,0,0,26,26,26,0.6387,14,0,1,still,0
851,29,2,1,60,20,0,2,0,28,0,1,25,3,0,1,0,0,0,0,28,27,27,0.6192,13,0,1,still,0
851,99,2,0,-1,11,1,3,0,13,0,0,13,0,0,0,0,0,0,0,13,13,13,0.5601,11,0,0,pending,0
851,100,1,1,60,16,0,2,1,17,0,1,8,9,0,0,1,1,1,1,18,18,19,0.3332,6,1,0,still,0
851,179,1,0,-1,4,0,2,1,4,0,0,4,0,0,0,0,0,0,0,4,4,4,0.1847,4,0,0,pending,0
852,99,2,0,-1,11,1,3,0,13,0,0,13,0,0,0,0,0,0,0,13,13,13,0.5601,11,0,0,hop,1
852,159,1,0,-1,14,2,3,0,14,0,1,9,5,0,0,1,2,2,2,16,15,17,0.2620,6,1,0,start_jam,0
852,179,1,0,-1,4,0,2,1,4,0,0,4,0,0,0,0,0,0,0,4,4,4,0.1847,4,0,0,hop,1
853,90,1,1,120,21,0,1,0,26,0,1,24,2,0,1,0,0,0,0,26,25,25,0.6449,13,0,1,still,0
854,75,1,0,-1,6,2,3,0,8,0,0,8,0,0,0,0,0,0,0,8,8,8,0.3249,6,0,0,pending,0
854,118,3,1,90,18,0,1,0,21,0,1,9,12,0,0,0,6,6,5,27,21,26,0.4250,12,1,0,still,0
855,75,1,0,-1,6,2,3,0,8,0,0,8,0,0,0,0,0,0,0,8,8,8,0.3249,6,0,0,hop,1
855,128,1,1,150,21,0,2,1,21,0,1,7,14,0,3,0,8,8,8,29,18,26,0.3486,9,1,0,still,0
857,188,1,1,90,16,1,2,0,18,0,1,6,12,0,1,0,3,3,2,21,17,19,0.4337,11,1,0,still,0
858,8,2,1,90,19,0,1,0,21,0,1,7,14,0,0,0,4,4,4,25,21,25,0.3935,9,1,0,still,0
858,169,1,1,120,18,0,1,0,12,0,1,10,2,0,0,2,6,6,6,18,14,20,0.6349,10,1,0,still,0
859,91,1,1,120,19,0,1,0,25,0,0,25,0,0,0,0,0,0,0,25,25,25,0.6808,13,0,0,end_clear,1
859,154,2,1,60,17,0,1,0,20,0,1,8,12,0,1,0,3,3,3,23,19,22,0.3441,9,1,0,still,0
861,145,1,1,60,15,1,2,0,19,0,1,6,13,0,2,0,2,2,2,21,17,19,0.3939,8,1,0,still,0
862,54,2,1,90,23,0,1,0,18,0,1,7,11,0,0,0,6,6,6,24,18,24,0.4792,11,1,0,still,0
862,83,1,1,60,20,2,3,0,17,0,1,6,11,0,0,0,8,8,8,25,17,25,0.5073,10,1,0,still,0
862,121,1,0,-1,0,0,2,1,0,0,0,0,0,0,0,0,0,0,0,0,0,0,0.0000,0,0,0,hop,1
863,183,1,1,180,18,1,2,0,19,0,1,11,8,0,2,0,5,5,5,24,17,22,0.5164,12,1,0,still,0
864,127,1,1,150,20,0,1,0,19,0,1,10,9,0,3,0,8,8,7,27,16,23,0.4042,11,1,0,still,0
864,195,1,1,90,18,0,1,0,19,0,1,8,11,0,1,0,3,3,2,22,18,20,0.3479,10,1,0,still,0
865,114,1,1,120,16,0,1,0,17,0,1,5,12,0,1,0,2,2,2,19,16,18,0.3518,7,1,0,still,0
865,142,2,1,30,17,6,7,0,18,0,1,12,6,0,2,0,7,7,7,25,16,23,0.5967,12,1,0,still,0
865,172,1,1,150,21,0,1,0,26,0,1,17,9,0,4,0,4,4,4,30,22,26,0.4255,10,1,0,still,0
866,9,1,1,150,20,1,2,0,20,0,1,7,13,0,0,0,3,3,3,23,20,23,0.5172,9,1,0,still,0
866,33,3,0,-1,12,2,5,0,17,0,0,17,0,0,1,0,0,0,0,17,16,16,0.5088,10,0,0,hop,1
866,87,1,1,120,20,0,1,0,23,0,1,17,6,0,0,0,1,1,2,24,23,25,0.5975,11,1,0,still,0
867,161,2,1,270,19,0,1,0,20,0,1,13,7,0,1,0,6,6,5,26,19,24,0.3780,9,1,0,still,0
868,23,2,1,300,21,1,2,0,20,0,1,13,7,0,0,1,5,5,5,25,21,26,0.5264,10,1,0,end_cap,1
868,44,1,1,150,18,0,1,0,17,0,1,9,8,0,0,1,4,4,4,21,18,22,0.5111,9,1,0,still,0
868,108,1,0,-1,18,0,1,0,19,0,0,19,0,0,1,2,0,0,0,19,20,20,0.6543,10,0,0,hop,1
868,146,2,1,90,15,1,2,0,19,0,1,6,13,0,1,0,2,2,2,21,18,20,0.3497,9,1,0,still,0
868,151,1,1,180,18,0,1,0,20,0,1,10,10,0,2,0,5,5,4,25,18,22,0.4533,11,1,0,still,0
869,84,1,1,120,21,0,3,0,20,0,1,10,10,0,1,1,6,6,6,26,20,26,0.5731,11,1,0,still,0
869,86,1,1,150,21,0,3,0,22,0,1,15,7,0,1,1,3,3,3,25,22,25,0.6104,10,1,0,still,0
869,119,1,1,120,19,1,2,0,20,0,1,9,11,0,1,1,6,6,4,26,20,24,0.4122,9,1,0,still,0
869,124,1,0,-1,6,0,3,1,6,0,0,6,0,0,0,0,0,0,0,6,6,6,0.2172,5,0,0,pending,0
869,138,1,1,180,23,0,2,0,29,0,1,23,6,0,2,0,0,0,0,29,27,27,0.4229,13,1,0,still,0
870,85,1,1,240,21,0,2,0,22,0,1,13,9,0,0,0,4,4,5,26,22,27,0.5704,10,1,0,still,0
870,124,1,0,-1,6,0,3,1,6,0,0,6,0,0,0,0,0,0,0,6,6,6,0.2173,5,0,0,hop,1
871,79,1,1,90,19,1,2,0,17,0,1,10,7,0,0,1,4,4,4,21,18,22,0.5940,10,1,0,still,0
871,109,2,0,-1,14,3,5,0,16,0,0,16,0,0,0,1,0,0,0,16,17,17,0.7427,12,0,0,pending,0
871,153,1,1,60,17,0,1,0,18,0,1,8,10,0,1,0,3,3,2,21,17,19,0.3195,8,1,0,still,0
871,176,1,1,120,21,0,1,0,28,0,1,19,9,0,3,0,2,2,2,30,25,27,0.4170,13,1,0,still,0
872,89,1,1,150,23,1,2,0,25,0,1,21,4,0,0,1,0,0,0,25,26,26,0.6792,13,1,0,still,0
872,109,2,0,-1,14,3,5,0,16,0,0,16,0,0,0,1,0,0,0,16,17,17,0.7430,12,0,0,hop,1
872,177,1,1,90,21,1,2,0,30,0,1,22,8,0,3,0,1,1,1,31,27,28,0.4238,13,1,0,still,0
873,6,2,0,-1,17,0,1,0,21,0,1,8,13,0,0,0,2,2,2,23,21,23,0.3748,8,1,0,start_jam,0
873,56,1,1,120,23,0,2,0,20,0,1,7,13,0,0,0,6,6,6,26,20,26,0.5181,11,1,0,still,0
873,57,1,1,90,21,1,3,0,21,0,1,10,11,0,0,0,5,5,5,26,21,26,0.5910,11,1,0,still,0
873,68,2,0,-1,17,1,2,0,19,0,1,6,13,0,0,0,2,2,2,21,19,21,0.3676,7,1,0,start_jam,0
873,101,3,0,-1,8,1,3,0,11,0,0,11,0,0,0,0,0,0,0,11,11,11,0.3846,10,0,0,pending,0
874,3,2,1,60,15,0,1,0,18,0,1,4,14,0,0,0,2,2,2,20,18,20,0.3430,6,1,0,still,0
874,88,1,1,150,22,0,2,0,26,0,1,21,5,0,0,0,0,0,1,26,26,27,0.6088,12,1,0,still,0
874,101,3,0,-1,8,1,3,0,11,0,0,11,0,0,0,0,0,0,0,11,11,11,0.3846,10,0,0,hop,1
874,194,1,1,120,18,0,2,0,21,0,1,9,12,0,2,0,6,6,4,27,19,23,0.4345,11,1,0,still,0
875,4,2,1,90,16,0,1,0,18,0,1,5,13,0,0,0,2,2,2,20,18,20,0.3123,6,1,0,still,0
875,10,1,1,120,20,0,2,0,21,0,1,9,12,0,0,0,4,4,4,25,21,25,0.5499,9,1,0,still,0
875,117,3,1,90,19,0,1,0,23,0,1,9,14,0,0,0,4,4,4,27,23,27,0.3087,9,1,0,still,0
875,171,1,1,90,20,1,2,0,26,0,1,14,12,0,4,0,3,3,3,29,22,25,0.3695,11,1,0,still,0
876,5,2,1,150,17,1,2,0,20,0,1,7,13,0,0,0,2,2,2,22,20,22,0.3481,8,1,0,still,0
876,14,1,1,120,19,0,1,0,14,0,1,11,3,0,0,2,7,7,7,21,16,23,0.5910,10,1,0,still,0
876,35,2,1,120,18,0,1,0,18,0,1,6,12,0,0,1,2,2,2,20,19,21,0.3901,7,1,0,still,0
876,50,1,1,300,19,1,2,0,18,0,1,13,5,0,0,0,4,4,4,22,18,22,0.6205,10,1,0,end_cap,0
876,131,1,1,120,19,0,2,1,26,0,1,14,12,0,4,0,3,3,3,29,22,25,0.3469,9,1,0,still,0
877,13,2,1,150,17,1,2,0,16,0,1,11,5,0,0,0,5,5,5,21,16,21,0.6266,12,1,0,still,0
877,77,3,1,240,17,0,7,0,21,0,1,15,6,0,1,0,4,4,4,25,20,24,0.6040,13,1,0,still,0
877,115,2,1,60,16,0,2,0,22,0,1,7,15,0,1,0,2,2,2,24,21,23,0.2964,8,1,0,still,0
877,167,1,1,150,22,1,2,0,23,0,1,9,14,0,3,0,6,6,6,29,20,26,0.3713,11,1,0,still,0
878,15,1,1,120,17,3,7,0,15,0,1,12,3,0,0,0,6,6,6,21,15,21,0.6264,10,1,0,still,0
878,25,2,1,150,21,1,3,0,25,0,1,17,8,0,0,0,2,2,2,27,25,27,0.5568,11,1,0,still,0
878,170,2,1,30,18,5,7,0,16,0,1,12,4,0,0,1,7,7,7,23,17,24,0.5711,11,1,0,still,0
879,40,1,1,60,16,0,2,0,17,0,1,6,11,0,0,1,3,3,3,20,18,21,0.3608,7,1,0,still,0
879,47,2,1,150,19,0,2,0,15,0,1,11,4,0,0,2,6,6,6,21,17,23,0.6491,12,1,0,still,0
879,130,1,1,120,16,2,7,0,16,0,1,12,4,0,0,0,5,5,5,21,16,21,0.5845,9,1,0,still,0
880,12,2,1,150,19,0,1,0,18,0,1,11,7,0,0,1,5,5,5,23,19,24,0.4883,9,1,0,still,0
880,28,2,1,60,21,0,2,0,27,0,1,23,4,0,1,0,0,0,0,27,26,26,0.6694,14,0,1,still,0
880,62,2,1,90,21,1,2,0,26,0,1,24,2,0,0,0,0,0,0,26,26,26,0.6387,14,0,1,still,0
880,113,1,0,-1,17,0,2,0,17,0,1,5,12,0,1,0,4,4,3,21,16,19,0.3227,7,1,0,start_jam,0
881,29,2,1,90,20,0,2,0,27,0,1,25,2,0,1,0,0,0,0,27,26,26,0.6210,13,0,1,still,0
881,100,1,1,90,16,0,2,1,17,0,1,6,11,0,0,1,1,1,1,18,18,19,0.4073,7,1,0,still,0
881,189,1,0,-1,15,0,2,0,20,0,1,5,15,0,3,0,3,3,3,23,17,20,0.3872,10,1,0,start_jam,0
882,159,1,1,30,14,2,3,0,14,0,1,7,7,0,0,1,2,2,2,16,15,17,0.2620,6,1,0,still,0
883,90,1,1,150,21,0,1,0,25,0,0,24,1,0,1,0,0,0,0,25,24,24,0.6448,13,0,0,end_clear,0
884,118,3,1,120,18,0,1,0,22,0,1,10,12,0,0,0,5,5,4,27,22,26,0.4250,12,1,0,still,0
885,7,2,0,-1,18,0,1,0,21,0,1,7,14,0,0,0,4,4,4,25,21,25,0.4015,9,1,0,start_jam,0
885,128,1,1,180,21,0,2,1,23,0,1,10,13,0,3,0,6,6,6,29,20,26,0.3486,9,1,0,still,0
887,188,1,1,120,16,1,2,0,17,0,1,3,14,0,1,0,4,4,3,21,16,19,0.4878,12,1,0,still,0
888,8,2,1,120,19,0,1,0,21,0,1,7,14,0,0,0,4,4,4,25,21,25,0.3935,9,1,0,still,0
888,169,1,1,150,18,0,1,0,12,0,1,11,1,0,0,2,6,6,6,18,14,20,0.6349,10,1,0,still,0
889,139,1,0,-1,18,0,2,0,19,0,1,9,10,0,3,0,5,5,5,24,16,21,0.5597,12,1,0,start_jam,0
889,154,2,1,90,17,0,1,0,19,0,1,4,15,0,1,0,4,4,4,23,18,22,0.3439,9,1,0,still,0
891,145,1,1,90,15,1,2,0,18,0,1,4,14,0,2,0,3,3,3,21,16,19,0.3944,8,1,0,still,0
892,26,3,0,-1,18,1,2,0,28,0,1,23,5,0,0,0,0,0,0,28,28,28,0.5923,14,1,0,start_jam,0
892,54,2,1,120,23,0,1,0,20,0,1,7,13,0,0,0,4,4,4,24,20,24,0.4792,11,1,0,still,0
892,83,1,1,90,20,2,3,0,19,0,1,7,12,0,0,0,6,6,6,25,19,25,0.5086,10,1,0,still,0
893,183,1,1,210,18,1,2,0,19,0,1,12,7,0,2,0,5,5,5,24,17,22,0.5164,12,1,0,still,0
894,127,1,1,180,20,0,1,0,21,0,1,10,11,0,3,0,6,6,5,27,18,23,0.4042,11,1,0,still,0
894,182,1,0,-1,19,1,2,0,20,0,1,9,11,0,3,0,5,5,5,25,17,22,0.5434,13,1,0,start_jam,0
894,195,1,1,120,18,0,1,0,18,0,1,4,14,0,1,0,4,4,3,22,17,20,0.3483,10,1,0,still,0
895,114,1,1,150,16,0,1,0,16,0,1,3,13,0,1,0,3,3,3,19,15,18,0.3518,7,1,0,still,0
895,142,2,1,60,17,6,7,0,18,0,1,13,5,0,2,0,7,7,7,25,16,23,0.5966,12,1,0,still,0
895,155,1,0,-1,4,0,3,1,4,0,0,4,0,0,0,0,0,0,0,4,4,4,0.1478,3,0,0,hop,1
895,172,1,1,180,21,0,1,0,28,0,1,18,10,0,4,0,2,2,2,30,24,26,0.4255,10,1,0,still,0
896,9,1,1,180,20,1,2,0,20,0,1,5,15,0,0,0,3,3,3,23,20,23,0.5172,9,1,0,still,0
896,87,1,1,150,21,0,1,0,24,0,1,18,6,0,0,0,1,1,2,25,24,26,0.5975,11,1,0,still,0
897,161,2,1,300,19,0,1,0,20,0,1,15,5,0,1,0,5,5,4,25,19,23,0.3780,9,1,0,end_cap,1
898,44,1,1,180,18,0,1,0,18,0,1,8,10,0,0,1,3,3,3,21,19,22,0.5111,9,1,0,still,0
898,146,2,1,120,15,1,2,0,18,0,1,3,15,0,1,0,3,3,3,21,17,20,0.3497,9,1,0,still,0
898,151,1,1,210,18,0,1,0,21,0,1,9,12,0,2,0,5,5,4,26,19,23,0.4535,11,1,0,still,0
899,19,3,0,-1,21,0,2,0,20,0,1,7,13,0,0,0,5,5,5,25,20,25,0.4958,12,1,0,start_jam,0
899,84,1,1,150,21,0,3,0,21,0,1,10,11,0,1,1,5,5,5,26,21,26,0.5726,11,1,0,still,0
899,86,1,1,180,21,0,3,0,23,0,1,15,8,0,1,1,2,2,2,25,23,25,0.6098,10,1,0,still,0
899,119,1,1,150,19,1,2,0,21,0,1,8,13,0,1,1,5,5,3,26,21,24,0.4416,10,1,0,still,0
899,138,1,1,210,23,0,2,0,29,0,1,23,6,0,2,0,0,0,0,29,27,27,0.4229,13,1,0,still,0
900,85,1,1,270,21,0,2,0,22,0,1,13,9,0,0,0,4,4,5,26,22,27,0.5726,10,1,0,still,0
900,199,1,0,-1,14,1,3,0,14,0,1,7,7,0,0,0,3,3,3,17,14,17,0.2947,8,1,0,start_jam,0
901,1,2,0,-1,18,0,2,0,18,0,1,3,15,0,0,0,4,4,4,22,18,22,0.3781,7,1,0,start_jam,0
901,79,1,1,120,19,1,2,0,17,0,1,9,8,0,0,1,4,4,4,21,18,22,0.5940,10,1,0,still,0
901,153,1,1,90,17,0,1,0,17,0,1,3,14,0,1,0,4,4,3,21,16,19,0.3198,8,1,0,still,0
901,176,1,1,150,21,0,1,0,28,0,1,19,9,0,3,0,2,2,2,30,25,27,0.4170,13,1,0,still,0
902,89,1,1,180,23,1,2,0,25,0,1,22,3,0,0,1,0,0,0,25,26,26,0.7145,14,1,0,still,0
902,177,1,1,120,21,1,2,0,30,0,1,22,8,0,3,0,1,1,1,31,27,28,0.4238,13,1,0,still,0
903,6,2,1,30,17,0,1,0,22,0,1,5,17,0,0,0,1,1,1,23,22,23,0.3714,8,1,0,still,0
903,17,3,0,-1,19,0,2,0,19,0,1,8,11,0,0,0,6,6,5,25,19,24,0.5525,13,1,0,start_jam,0
903,56,1,1,150,23,0,2,0,20,0,1,7,13,0,0,0,6,6,6,26,20,26,0.5175,11,1,0,still,0
903,57,1,1,120,22,1,3,0,21,0,1,10,11,0,0,0,5,5,5,26,21,26,0.5878,11,1,0,still,0
903,68,2,1,30,17,1,2,0,20,0,1,2,18,0,0,0,1,1,1,21,20,21,0.3687,7,1,0,still,0
903,73,2,0,-1,9,2,3,0,13,0,0,13,0,0,1,0,0,0,0,13,12,12,0.3702,8,0,0,pending,0
904,3,2,1,90,15,0,1,0,19,0,1,3,16,0,0,0,1,1,1,20,19,20,0.3404,6,1,0,still,0
904,73,2,0,-1,9,2,3,0,13,0,0,13,0,0,1,0,0,0,0,13,12,12,0.3702,8,0,0,hop,1
904,88,1,1,180,22,0,2,0,26,0,1,22,4,0,0,0,0,0,1,26,26,27,0.6088,12,1,0,still,0
904,158,1,0,-1,17,0,1,0,21,0,1,4,17,0,1,0,2,2,1,23,20,21,0.2587,5,1,0,start_jam,0
904,194,1,1,150,18,0,2,0,24,0,1,8,16,0,4,0,3,3,3,27,20,23,0.4346,11,1,0,still,0
905,4,2,1,120,16,0,1,0,19,0,1,3,16,0,0,0,1,1,1,20,19,20,0.3098,6,1,0,still,0
905,10,1,1,150,20,0,2,0,22,0,1,8,14,0,0,0,3,3,3,25,22,25,0.5500,9,1,0,still,0
905,117,3,1,120,19,0,1,0,25,0,1,6,19,0,0,0,2,2,2,27,25,27,0.3087,9,1,0,still,0
905,171,1,1,120,20,1,2,0,26,0,1,14,12,0,4,0,3,3,3,29,22,25,0.3695,11,1,0,still,0
906,5,2,1,180,17,1,2,0,21,0,1,4,17,0,0,0,1,1,1,22,21,22,0.3453,8,1,0,still,0
906,14,1,1,150,20,0,1,0,16,0,1,11,5,0,0,2,5,5,5,21,18,23,0.5910,10,1,0,still,0
906,35,2,1,150,18,0,1,0,19,0,1,3,16,0,0,1,1,1,1,20,20,21,0.3901,7,1,0,still,0
906,131,1,1,150,19,0,2,1,26,0,1,14,12,0,4,0,3,3,3,29,22,25,0.3469,9,1,0,still,0
907,13,2,1,180,17,1,2,0,17,0,1,10,7,0,0,0,4,4,4,21,17,21,0.6266,12,1,0,still,0
907,31,2,0,-1,19,0,3,0,25,0,0,25,0,0,0,1,0,0,0,25,26,26,0.6266,12,0,0,pending,0
907,77,3,1,270,17,0,7,0,21,0,1,13,8,0,1,0,4,4,4,25,20,24,0.6040,13,1,0,still,0
907,115,2,1,90,16,0,2,0,22,0,1,4,18,0,0,0,1,1,1,23,22,23,0.2695,7,1,0,still,0
907,167,1,1,180,22,1,2,0,23,0,1,9,14,0,3,0,6,6,6,29,20,26,0.3713,11,1,0,still,0
908,15,1,1,150,17,3,7,0,16,0,1,11,5,0,0,0,5,5,5,21,16,21,0.6264,10,1,0,still,0
908,25,2,1,180,21,1,3,0,26,0,1,18,8,0,0,0,2,2,2,28,26,28,0.5557,11,1,0,still,0
908,31,2,0,-1,19,0,3,0,25,0,0,25,0,0,0,1,0,0,0,25,26,26,0.6266,12,0,0,hop,1
908,170,2,1,60,18,5,7,0,17,0,1,11,6,0,0,1,6,6,6,23,18,24,0.5711,11,1,0,still,0
909,40,1,1,90,16,0,2,0,20,0,1,4,16,0,0,0,1,1,1,21,20,21,0.3247,6,1,0,still,0
909,47,2,1,180,19,0,2,0,16,0,1,10,6,0,0,2,5,5,5,21,18,23,0.6491,12,1,0,still,0
909,71,2,0,-1,10,2,3,0,14,0,0,14,0,0,0,0,0,0,0,14,14,14,0.4345,8,0,0,pending,0
909,130,1,1,150,16,2,7,0,17,0,1,11,6,0,0,0,4,4,4,21,17,21,0.5845,9,1,0,still,0
910,12,2,1,180,19,0,1,0,19,0,1,10,9,0,0,1,4,4,4,23,20,24,0.4884,9,1,0,still,0
910,28,2,1,90,21,0,2,0,27,0,1,24,3,0,1,0,0,0,0,27,26,26,0.6698,14,0,1,still,0
910,62,2,1,120,21,1,2,0,26,0,1,25,1,0,0,0,0,0,0,26,26,26,0.6387,14,0,1,still,0
910,71,2,0,-1,10,2,3,0,14,0,0,14,0,0,0,0,0,0,0,14,14,14,0.4348,8,0,0,hop,1
910,113,1,1,30,16,0,2,0,19,0,1,4,15,0,1,0,2,2,1,21,18,19,0.3227,7,1,0,still,0
911,29,2,1,120,20,0,2,0,27,0,0,26,1,0,1,0,0,0,0,27,26,26,0.6221,13,0,1,end_clear,1
911,100,1,1,120,16,0,2,1,17,0,1,4,13,0,0,1,1,1,1,18,18,19,0.4073,7,1,0,still,0
911,189,1,1,30,15,0,2,0,22,0,1,4,18,0,3,0,1,1,1,23,19,20,0.3616,9,1,0,still,0
912,159,1,1,60,14,2,3,0,14,0,1,5,9,0,0,1,2,2,2,16,15,17,0.2620,6,1,0,still,0
914,118,3,1,150,18,0,1,0,23,0,1,8,15,0,0,0,3,3,3,26,23,26,0.4250,12,1,0,still,0
914,123,2,0,-1,16,0,3,0,18,0,1,4,14,0,0,0,2,2,2,20,18,20,0.3269,7,1,0,start_jam,0
915,7,2,1,30,18,0,1,0,23,0,1,5,18,0,0,0,2,2,2,25,23,25,0.3983,9,1,0,still,0
915,128,1,1,210,21,0,2,1,23,0,1,10,13,0,3,0,6,6,6,29,20,26,0.3486,9,1,0,still,0
917,188,1,1,150,16,1,2,0,19,0,1,3,16,0,1,0,2,2,1,21,18,19,0.4877,12,1,0,still,0
918,8,2,1,150,19,0,1,0,22,0,1,5,17,0,0,0,3,3,3,25,22,25,0.3926,9,1,0,still,0
918,169,1,1,180,18,0,1,0,13,0,1,10,3,0,0,2,5,5,5,18,15,20,0.6349,10,1,0,still,0
919,139,1,1,30,18,0,2,0,20,0,1,9,11,0,3,0,4,4,4,24,17,21,0.5597,12,1,0,still,0
919,154,2,1,120,17,0,1,0,21,0,1,3,18,0,1,0,2,2,2,23,20,22,0.3439,9,1,0,still,0
921,145,1,1,120,15,1,2,0,20,0,1,4,16,0,2,0,1,1,1,21,18,19,0.3946,8,1,0,still,0
922,26,3,1,30,18,0,1,0,27,0,1,23,4,0,0,0,0,0,0,27,27,27,0.5938,14,1,0,still,0
922,54,2,1,150,23,0,1,0,20,0,1,8,12,0,0,0,4,4,4,24,20,24,0.4792,11,1,0,still,0
922,83,1,1,120,20,2,3,0,19,0,1,8,11,0,0,0,6,6,6,25,19,25,0.5072,10,1,0,still,0
922,132,1,0,-1,20,1,3,0,23,0,0,23,0,0,0,2,0,0,0,23,25,25,0.6115,11,0,0,hop,1
923,183,1,1,240,18,1,2,0,20,0,1,11,9,0,2,0,4,4,4,24,18,22,0.5164,12,1,0,still,0
924,127,1,1,210,20,0,1,0,21,0,1,8,13,0,3,0,6,6,5,27,18,23,0.3503,10,1,0,still,0
924,182,1,1,30,19,1,2,0,21,0,1,9,12,0,3,0,4,4,4,25,18,22,0.5435,13,1,0,still,0
924,195,1,1,150,18,0,1,0,20,0,1,3,17,0,1,0,2,2,1,22,19,20,0.3485,10,1,0,still,0
925,114,1,1,180,16,0,1,0,18,0,1,3,15,0,1,0,1,1,1,19,17,18,0.3519,7,1,0,still,0
925,142,2,1,90,17,6,7,0,19,0,1,12,7,0,2,0,6,6,6,25,17,23,0.5965,12,1,0,still,0
925,172,1,1,210,21,0,1,0,28,0,1,19,9,0,4,0,2,2,2,30,24,26,0.4255,10,1,0,still,0
926,9,1,1,210,20,1,2,0,21,0,1,6,15,0,0,0,3,3,3,24,21,24,0.5168,9,1,0,still,0
926,87,1,1,180,21,0,1,0,24,0,1,19,5,0,0,0,1,1,2,25,24,26,0.5977,11,1,0,still,0
926,111,1,0,-1,5,1,4,0,6,0,0,6,0,0,0,0,0,0,0,6,6,6,0.2193,5,0,0,pending,0
927,111,1,0,-1,5,1,4,0,6,0,0,6,0,0,0,0,0,0,0,6,6,6,0.2193,5,0,0,hop,1
928,44,1,1,210,18,0,1,0,18,0,1,8,10,0,0,1,3,3,3,21,19,22,0.5112,9,1,0,still,0
928,146,2,1,150,15,1,2,0,20,0,1,3,17,0,1,0,1,1,1,21,19,20,0.3497,9,1,0,still,0
928,151,1,1,240,18,0,1,0,22,0,1,8,14,0,3,0,4,4,4,26,19,23,0.4538,11,1,0,still,0
929,19,3,1,30,21,0,2,0,20,0,1,8,12,0,0,0,5,5,5,25,20,25,0.4949,12,1,0,still,0
929,49,2,0,-1,18,1,7,0,19,0,1,12,7,0,0,0,5,5,5,24,19,24,0.6836,12,1,0,start_jam,0
929,55,2,0,-1,21,1,2,0,21,0,1,8,13,0,0,0,6,6,6,27,21,27,0.5186,12,1,0,start_jam,0
929,84,1,1,180,21,0,3,0,21,0,1,11,10,0,1,1,5,5,5,26,21,26,0.5715,11,1,0,still,0
929,86,1,1,210,21,0,3,0,23,0,1,16,7,0,1,1,2,2,2,25,23,25,0.6099,10,1,0,still,0
929,92,1,0,-1,18,1,2,0,21,0,0,21,0,0,0,1,0,0,0,21,22,22,0.6969,11,0,0,pending,0
929,119,1,1,180,19,1,2,0,23,0,1,7,16,0,3,1,3,3,3,26,21,24,0.4416,10,1,0,still,0
929,138,1,1,240,23,0,1,0,29,0,1,24,5,0,2,0,0,0,0,29,27,27,0.4229,13,1,0,still,0
930,58,1,0,-1,18,2,3,0,22,0,1,14,8,0,0,0,2,2,3,24,22,25,0.5415,9,1,0,start_jam,0
930,85,1,1,300,21,0,2,0,21,0,1,12,9,0,0,0,4,4,5,25,21,26,0.5727,10,1,0,end_cap,1
930,92,1,0,-1,18,1,2,0,21,0,0,21,0,0,0,1,0,0,0,21,22,22,0.6969,11,0,0,hop,1
930,199,1,1,30,13,1,3,0,14,0,1,3,11,0,0,0,2,2,2,16,14,16,0.2958,7,1,0,still,0
931,1,2,1,30,18,0,2,0,20,0,1,3,17,0,0,0,2,2,2,22,20,22,0.3769,7,1,0,still,0
931,79,1,1,150,19,1,2,0,17,0,1,7,10,0,0,1,4,4,4,21,18,22,0.5940,10,1,0,still,0
931,153,1,1,120,17,0,1,0,18,0,1,3,15,0,0,0,3,3,1,21,18,19,0.3200,8,1,0,still,0
931,176,1,1,180,21,0,1,0,28,0,1,19,9,0,3,0,2,2,2,30,25,27,0.4170,13,1,0,still,0
932,89,1,1,210,23,1,2,0,25,0,1,23,2,0,0,1,0,0,0,25,26,26,0.6435,13,0,1,still,0
932,177,1,1,150,21,0,1,0,30,0,1,23,7,0,3,0,1,1,1,31,27,28,0.4238,13,1,0,still,0
933,6,2,1,60,17,0,1,0,23,0,1,5,18,0,0,0,0,0,0,23,23,23,0.3700,8,1,0,still,0
933,17,3,1,30,19,0,2,0,19,0,1,7,12,0,0,0,6,6,5,25,19,24,0.5227,12,1,0,still,0
933,56,1,1,180,23,0,2,0,20,0,1,8,12,0,0,0,6,6,6,26,20,26,0.5162,11,1,0,still,0
933,57,1,1,150,22,1,3,0,20,0,1,10,10,0,0,0,5,5,5,25,20,25,0.5869,11,1,0,still,0
933,68,2,1,60,17,1,2,0,19,0,1,2,17,0,0,0,2,2,2,21,19,21,0.3666,7,1,0,still,0
933,72,2,0,-1,16,0,2,0,18,0,1,2,16,0,0,0,3,3,3,21,18,21,0.3633,6,1,0,start_jam,0
933,157,2,0,-1,17,0,2,0,18,0,1,2,16,0,0,0,3,3,3,21,18,21,0.3232,7,1,0,start_jam,0
934,3,2,1,120,15,0,1,0,19,0,1,3,16,0,0,0,1,1,1,20,19,20,0.3390,6,1,0,still,0
934,88,1,1,210,21,0,1,0,26,0,1,23,3,0,0,0,0,0,1,26,26,27,0.6090,12,1,0,still,0
934,136,2,0,-1,12,0,5,0,16,0,0,16,0,0,0,0,0,0,0,16,16,16,0.5319,10,0,0,pending,0
934,158,1,1,30,16,1,2,0,18,0,1,1,17,0,2,0,3,3,3,21,16,19,0.2587,5,1,0,still,0
934,194,1,1,180,18,0,2,0,24,0,1,7,17,0,4,0,3,3,3,27,20,23,0.4346,11,1,0,still,0
935,4,2,1,150,16,0,1,0,20,0,1,3,17,0,1,0,1,1,1,21,19,20,0.3086,6,1,0,still,0
935,10,1,1,180,20,0,2,0,22,0,1,7,15,0,0,0,3,3,3,25,22,25,0.5516,9,1,0,still,0
935,117,3,1,150,19,0,1,0,25,0,1,5,20,0,0,0,2,2,2,27,25,27,0.3087,9,1,0,still,0
935,136,2,0,-1,12,0,5,0,16,0,0,16,0,0,0,0,0,0,0,16,16,16,0.5319,10,0,0,hop,1
935,171,1,1,150,20,1,2,0,26,0,1,15,11,0,4,0,3,3,3,29,22,25,0.3695,11,1,0,still,0
936,5,2,1,210,15,1,2,0,21,0,1,4,17,0,0,0,1,1,1,22,21,22,0.3441,8,1,0,still,0
936,14,1,1,180,20,0,1,0,15,0,1,10,5,0,0,2,6,6,6,21,17,23,0.5910,10,1,0,still,0
936,16,1,0,-1,19,0,2,0,16,0,1,9,7,0,0,0,5,5,5,21,16,21,0.5816,9,1,0,start_jam,0
936,32,1,0,-1,16,0,1,0,17,0,0,17,0,0,1,1,0,0,0,17,17,17,0.5906,8,0,0,hop,1
936,35,2,1,180,18,0,1,0,19,0,1,3,16,0,0,1,1,1,1,20,20,21,0.3901,7,1,0,still,0
936,131,1,1,180,19,0,2,1,26,0,1,15,11,0,4,0,3,3,3,29,22,25,0.3469,9,1,0,still,0
936,166,1,0,-1,22,0,1,0,20,0,1,6,14,0,1,0,6,6,5,26,19,24,0.2952,9,1,0,start_jam,0
936,168,1,0,-1,20,0,1,1,25,0,1,12,13,0,4,0,5,5,5,30,21,26,0.3740,10,1,0,start_jam,0
936,181,1,0,-1,21,0,1,1,28,0,0,27,1,0,2,0,0,0,0,28,26,26,0.4739,13,0,0,pending,0
937,13,2,1,210,17,1,2,0,16,0,1,8,8,0,0,0,5,5,5,21,16,21,0.6266,12,1,0,still,0
937,77,3,1,300,17,0,7,0,20,0,1,9,11,0,1,0,5,5,5,25,19,24,0.6040,13,1,0,end_cap,1
937,115,2,1,120,16,0,2,0,22,0,1,4,18,0,0,0,1,1,1,23,22,23,0.2695,7,1,0,still,0
937,167,1,1,210,22,1,2,0,23,0,1,8,15,0,3,0,6,6,6,29,20,26,0.3713,11,1,0,still,0
937,181,1,0,-1,21,0,1,1,28,0,0,27,1,0,2,0,0,0,0,28,26,26,0.4739,13,0,0,hop,1
938,15,1,1,180,17,2,6,0,16,0,1,9,7,0,0,0,5,5,5,21,16,21,0.5158,9,1,0,still,0
938,25,2,1,210,20,1,3,0,26,0,1,19,7,0,0,0,2,2,2,28,26,28,0.5572,11,1,0,still,0
938,102,2,0,-1,3,1,3,0,2,0,0,2,0,0,0,0,0,0,0,2,2,2,0.0591,2,0,0,hop,1
938,170,2,1,90,18,4,6,0,17,0,1,9,8,0,0,1,6,6,6,23,18,24,0.5710,11,1,0,still,0
939,40,1,1,120,16,0,2,0,20,0,1,4,16,0,0,0,1,1,1,21,20,21,0.3247,6,1,0,still,0
939,47,2,1,210,19,0,2,0,16,0,1,9,7,0,0,2,5,5,5,21,18,23,0.6491,12,1,0,still,0
939,130,1,1,180,16,1,6,0,17,0,1,9,8,0,0,0,4,4,4,21,17,21,0.5845,9,1,0,still,0
940,12,2,1,210,19,0,1,0,19,0,1,9,10,0,0,1,4,4,4,23,20,24,0.4883,9,1,0,still,0
940,28,2,1,120,21,0,2,0,27,0,1,25,2,0,1,0,0,0,0,27,26,26,0.6728,14,0,1,still,0
940,62,2,1,150,21,1,2,0,26,0,0,26,0,0,0,0,0,0,0,26,26,26,0.6070,13,0,0,end_clear,1
940,107,2,0,-1,17,0,1,0,23,0,0,23,0,0,2,0,0,0,0,23,21,21,0.6344,13,0,0,hop,1
940,110,1,0,-1,11,0,4,0,15,0,0,15,0,0,0,0,0,0,0,15,15,15,0.6907,10,0,0,pending,0
940,113,1,1,60,16,0,2,0,19,0,1,4,15,0,1,0,2,2,1,21,18,19,0.3227,7,1,0,still,0
941,100,1,1,150,14,1,2,0,14,0,1,1,13,0,0,1,3,3,3,17,15,18,0.3327,5,1,0,still,0
941,110,1,0,-1,11,0,4,0,15,0,0,15,0,0,0,0,0,0,0,15,15,15,0.6906,10,0,0,hop,1
941,189,1,1,60,15,0,2,0,22,0,1,4,18,0,3,0,1,1,1,23,19,20,0.3618,9,1,0,still,0
942,159,1,1,90,13,2,3,0,12,0,1,1,11,0,0,0,3,3,3,15,12,15,0.2620,5,1,0,still,0
944,118,3,1,180,18,0,1,0,24,0,1,7,17,0,0,0,2,2,2,26,24,26,0.4251,12,1,0,still,0
944,123,2,1,30,15,0,3,0,16,0,1,1,15,0,0,0,3,3,3,19,16,19,0.3268,7,1,0,still,0
945,7,2,1,60,18,0,1,0,23,0,1,5,18,0,0,0,2,2,2,25,23,25,0.3969,9,1,0,still,0
945,128,1,1,240,21,0,2,1,23,0,1,9,14,0,3,0,6,6,6,29,20,26,0.3486,9,1,0,still,0
947,188,1,1,180,16,1,2,0,19,0,1,3,16,0,1,0,2,2,1,21,18,19,0.4876,12,1,0,still,0
948,8,2,1,180,19,0,1,0,23,0,1,5,18,0,0,0,2,2,2,25,23,25,0.3906,9,1,0,still,0
948,169,1,1,210,18,0,1,0,13,0,1,9,4,0,0,2,5,5,5,18,15,20,0.6348,10,1,0,still,0
949,139,1,1,60,18,0,2,0,20,0,1,8,12,0,3,0,4,4,4,24,17,21,0.5598,12,1,0,still,0
949,154,2,1,150,17,0,1,0,20,0,1,3,17,0,0,0,3,3,2,23,20,22,0.3439,9,1,0,still,0
951,145,1,1,150,15,1,2,0,20,0,1,4,16,0,2,0,1,1,1,21,18,19,0.3948,8,1,0,still,0
952,26,3,1,60,18,0,1,0,27,0,1,24,3,0,0,0,0,0,0,27,27,27,0.6251,15,1,0,still,0
952,54,2,1,180,23,0,1,0,20,0,1,5,15,0,0,0,4,4,4,24,20,24,0.4792,11,1,0,still,0
952,83,1,1,150,20,2,3,0,19,0,1,8,11,0,0,0,6,6,6,25,19,25,0.5072,10,1,0,still,0
953,160,1,0,-1,1,0,1,1,1,0,0,1,0,0,0,0,0,0,0,1,1,1,0.0370,1,0,0,hop,1
953,183,1,1,270,18,1,2,0,20,0,1,10,10,0,2,0,4,4,4,24,18,22,0.5164,12,1,0,still,0
954,66,1,0,-1,18,0,1,0,20,0,0,20,0,0,0,0,0,0,0,20,20,20,0.6468,10,0,0,pending,0
954,127,1,1,240,20,0,1,0,20,0,1,5,15,0,2,0,7,7,5,27,18,23,0.3503,10,1,0,still,0
954,182,1,1,60,19,1,2,0,21,0,1,8,13,0,3,0,4,4,4,25,18,22,0.5436,13,1,0,still,0
954,195,1,1,180,18,0,1,0,19,0,1,3,16,0,0,0,3,3,1,22,19,20,0.3487,10,1,0,still,0
955,34,1,0,-1,7,0,2,1,10,0,0,10,0,0,0,0,0,0,0,10,10,10,0.3326,7,0,0,pending,0
955,66,1,0,-1,18,0,1,0,20,0,0,20,0,0,0,0,0,0,0,20,20,20,0.6466,10,0,0,hop,1
955,114,1,1,210,16,0,1,0,18,0,1,3,15,0,1,0,1,1,1,19,17,18,0.2932,6,1,0,still,0
955,142,2,1,120,17,5,6,0,19,0,1,10,9,0,2,0,6,6,6,25,17,23,0.5965,12,1,0,still,0
955,172,1,1,240,21,0,1,0,27,0,1,19,8,0,4,0,2,2,2,29,23,25,0.4255,10,1,0,still,0
956,9,1,1,240,20,1,2,0,22,0,1,6,16,0,0,0,2,2,2,24,22,24,0.5161,9,1,0,still,0
956,34,1,0,-1,7,0,2,1,10,0,0,10,0,0,0,0,0,0,0,10,10,10,0.3326,7,0,0,hop,1
956,87,1,1,210,21,0,1,0,23,0,1,19,4,0,0,0,1,1,2,24,23,25,0.5978,11,1,0,still,0
956,103,1,0,-1,7,1,2,0,8,0,0,8,0,0,0,1,0,0,0,8,9,9,0.2957,6,0,0,hop,1
958,44,1,1,240,18,0,1,0,19,0,1,7,12,0,0,1,2,2,2,21,20,22,0.5109,9,1,0,still,0
958,146,2,1,180,15,1,2,0,20,0,1,3,17,0,1,0,1,1,1,21,19,20,0.3497,9,1,0,still,0
958,151,1,1,270,18,0,1,0,22,0,1,7,15,0,3,0,4,4,4,26,19,23,0.4543,11,1,0,still,0
959,19,3,1,60,21,0,2,0,20,0,1,5,15,0,0,0,5,5,5,25,20,25,0.4951,12,1,0,still,0
959,49,2,1,30,18,0,6,0,19,0,1,10,9,0,0,0,5,5,5,24,19,24,0.6833,12,1,0,still,0
959,55,2,1,30,21,1,2,0,21,0,1,8,13,0,0,0,6,6,6,27,21,27,0.5186,12,1,0,still,0
959,84,1,1,210,21,0,3,0,21,0,1,12,9,0,1,1,5,5,5,26,21,26,0.5713,11,1,0,still,0
959,86,1,1,240,21,0,3,0,22,0,1,16,6,0,1,1,2,2,2,24,22,24,0.6456,11,1,0,still,0
959,119,1,1,210,19,1,2,0,24,0,1,7,17,0,3,1,2,2,2,26,22,24,0.4417,10,1,0,still,0
959,138,1,1,270,23,0,1,0,29,0,1,25,4,0,2,0,0,0,0,29,27,27,0.3965,12,0,0,still,0
959,174,1,0,-1,18,1,2,0,23,0,0,23,0,0,3,0,0,0,0,23,20,20,0.7443,13,0,0,hop,1
960,58,1,1,30,17,2,3,0,20,0,1,13,7,0,0,0,2,2,3,22,20,23,0.5416,9,1,0,still,0
960,199,1,1,60,13,1,3,0,12,0,1,1,11,0,0,0,4,4,4,16,12,16,0.2689,6,1,0,still,0
961,1,2,1,60,18,0,2,0,20,0,1,3,17,0,0,0,2,2,2,22,20,22,0.3769,7,1,0,still,0
961,79,1,1,180,19,1,2,0,16,0,1,5,11,0,0,1,5,5,5,21,17,22,0.5940,10,1,0,still,0
961,153,1,1,150,17,0,1,0,18,0,1,3,15,0,0,0,3,3,1,21,18,19,0.3201,8,1,0,still,0
961,176,1,1,210,21,0,1,0,28,0,1,20,8,0,3,0,2,2,2,30,25,27,0.4170,13,1,0,still,0
962,89,1,1,240,23,1,2,0,25,0,1,24,1,0,0,1,0,0,0,25,26,26,0.6440,13,0,1,still,0
962,144,2,0,-1,9,0,3,0,13,0,0,13,0,0,1,0,0,0,0,13,12,12,0.4749,10,0,0,pending,0
962,177,1,1,180,21,0,1,0,29,0,1,23,6,0,3,0,1,1,1,30,26,27,0.4238,13,1,0,still,0
963,6,2,1,90,17,0,1,0,23,0,1,5,18,0,0,0,0,0,0,23,23,23,0.3692,8,1,0,still,0
963,17,3,1,60,19,0,2,0,19,0,1,5,14,0,0,0,6,6,5,25,19,24,0.5517,13,1,0,still,0
963,56,1,1,210,23,0,2,0,20,0,1,8,12,0,0,0,6,6,6,26,20,26,0.4821,10,1,0,still,0
963,57,1,1,180,22,1,3,0,20,0,1,10,10,0,0,0,5,5,5,25,20,25,0.5876,11,1,0,still,0
963,68,2,1,90,17,1,2,0,19,0,1,2,17,0,0,0,2,2,2,21,19,21,0.3666,7,1,0,still,0
963,72,2,1,30,16,0,2,0,18,0,1,1,17,0,0,0,3,3,3,21,18,21,0.3633,6,1,0,still,0
963,144,2,0,-1,9,0,3,0,13,0,0,13,0,0,1,0,0,0,0,13,12,12,0.4749,10,0,0,hop,1
963,157,2,1,30,17,0,2,0,18,0,1,2,16,0,0,0,3,3,3,21,18,21,0.3232,7,1,0,still,0
964,3,2,1,150,15,0,1,0,19,0,1,3,16,0,0,0,1,1,1,20,19,20,0.3384,6,1,0,still,0
964,88,1,1,240,21,0,1,0,26,0,1,24,2,0,0,0,0,0,1,26,26,27,0.6448,13,0,1,still,0
964,158,1,1,60,16,1,2,0,18,0,1,1,17,0,2,0,3,3,3,21,16,19,0.2587,5,1,0,still,0
964,194,1,1,210,18,0,2,0,25,0,1,7,18,0,4,0,2,2,2,27,21,23,0.4346,11,1,0,still,0
965,4,2,1,180,16,0,1,0,20,0,1,3,17,0,1,0,1,1,1,21,19,20,0.3080,6,1,0,still,0
965,10,1,1,210,20,0,2,0,23,0,1,7,16,0,0,0,2,2,2,25,23,25,0.5510,9,1,0,still,0
965,117,3,1,180,19,0,1,0,25,0,1,5,20,0,0,0,2,2,2,27,25,27,0.3087,9,1,0,still,0
965,171,1,1,180,19,1,2,0,25,0,1,15,10,0,4,0,3,3,3,28,21,24,0.3695,11,1,0,still,0
966,5,2,1,240,15,1,2,0,21,0,1,4,17,0,0,0,1,1,1,22,21,22,0.3434,8,1,0,still,0
966,14,1,1,210,20,0,1,0,14,0,1,10,4,0,0,2,7,7,7,21,16,23,0.5910,10,1,0,still,0
966,16,1,1,30,19,0,2,0,15,0,1,8,7,0,0,0,6,6,6,21,15,21,0.5815,9,1,0,still,0
966,35,2,1,210,18,0,1,0,19,0,1,3,16,0,0,1,1,1,1,20,20,21,0.3901,7,1,0,still,0
966,131,1,1,210,18,0,2,1,25,0,1,15,10,0,4,0,3,3,3,28,21,24,0.3469,9,1,0,still,0
966,166,1,1,30,22,0,1,0,19,0,1,6,13,0,1,0,7,7,6,26,18,24,0.2952,9,1,0,still,0
966,168,1,1,30,20,0,1,1,24,0,1,12,12,0,4,0,5,5,5,29,20,25,0.3473,9,1,0,still,0
966,180,1,0,-1,22,0,1,1,29,0,0,26,3,0,3,0,0,0,0,29,26,26,0.3693,11,0,0,pending,0
967,13,2,1,240,17,1,2,0,15,0,1,9,6,0,0,0,6,6,6,21,15,21,0.6266,12,1,0,still,0
967,115,2,1,150,16,0,2,0,22,0,1,4,18,0,0,0,1,1,1,23,22,23,0.2695,7,1,0,still,0
967,167,1,1,240,22,1,2,0,22,0,1,9,13,0,3,0,7,7,7,29,19,26,0.3713,11,1,0,still,0
967,180,1,0,-1,22,0,1,1,29,0,0,26,3,0,3,0,0,0,0,29,26,26,0.3957,12,0,0,hop,1
968,15,1,1,210,17,3,7,0,14,0,1,9,5,0,0,0,7,7,7,21,14,21,0.6264,10,1,0,still,0
968,25,2,1,240,19,1,3,0,26,0,1,19,7,0,0,0,1,1,1,27,26,27,0.5901,12,1,0,still,0
968,170,2,1,120,18,5,7,0,15,0,1,9,6,0,0,1,8,8,8,23,16,24,0.5710,11,1,0,still,0
969,40,1,1,150,16,0,2,0,20,0,1,4,16,0,0,0,1,1,1,21,20,21,0.3247,6,1,0,still,0
969,47,2,1,240,19,0,2,0,14,0,1,9,5,0,0,2,7,7,7,21,16,23,0.6491,12,1,0,still,0
969,130,1,1,210,16,2,7,0,15,0,1,9,6,0,0,0,6,6,6,21,15,21,0.5845,9,1,0,still,0
970,12,2,1,240,19,0,1,0,17,0,1,9,8,0,0,1,6,6,6,23,18,24,0.4883,9,1,0,still,0
970,28,2,1,150,21,0,2,0,27,0,0,26,1,0,1,0,0,0,0,27,26,26,0.7034,15,0,1,end_clear,1
970,113,1,1,90,16,0,2,0,19,0,1,4,15,0,1,0,2,2,1,21,18,19,0.3227,7,1,0,still,0
970,152,1,0,-1,7,0,3,1,10,0,0,10,0,0,1,0,0,0,0,10,9,9,0.3693,7,0,0,pending,0
971,76,3,0,-1,17,4,7,0,16,0,1,9,7,0,0,1,8,8,8,24,17,25,0.6548,13,1,0,start_jam,0
971,100,1,1,180,14,1,2,0,15,0,1,1,14,0,0,0,3,3,3,18,15,18,0.3327,5,1,0,still,0
971,152,1,0,-1,7,0,3,1,10,0,0,10,0,0,1,0,0,0,0,10,9,9,0.3694,7,0,0,hop,1
971,189,1,1,90,15,0,2,0,22,0,1,4,18,0,3,0,1,1,1,23,19,20,0.3619,9,1,0,still,0
972,159,1,1,120,13,2,3,0,12,0,1,1,11,0,0,0,3,3,3,15,12,15,0.2620,5,1,0,still,0
974,23,2,0,-1,21,1,2,0,24,0,1,16,8,0,0,1,2,2,2,26,25,27,0.5197,10,1,0,start_jam,0
974,118,3,1,210,18,0,1,0,22,0,1,6,16,0,0,0,4,4,4,26,22,26,0.4251,12,1,0,still,0
974,123,2,1,60,15,0,3,0,16,0,1,1,15,0,0,0,3,3,3,19,16,19,0.3268,7,1,0,still,0
974,165,1,0,-1,22,0,1,0,19,0,1,5,14,0,2,0,8,8,7,27,17,24,0.3496,10,1,0,start_jam,0
975,7,2,1,90,18,0,1,0,23,0,1,4,19,0,0,0,2,2,2,25,23,25,0.3962,9,1,0,still,0
975,128,1,1,270,21,0,2,1,23,0,1,9,14,0,3,0,6,6,6,29,20,26,0.3486,9,1,0,still,0
977,188,1,1,210,16,1,2,0,20,0,1,4,16,0,1,0,2,2,1,22,19,20,0.4876,12,1,0,still,0
978,8,2,1,210,19,0,1,0,22,0,1,4,18,0,0,0,3,3,3,25,22,25,0.3898,9,1,0,still,0
978,91,1,0,-1,20,6,8,0,25,0,0,25,0,0,0,0,0,0,0,25,25,25,0.7537,14,0,0,hop,1
978,169,1,1,240,18,0,1,0,11,0,1,8,3,0,0,2,7,7,7,18,13,20,0.6348,10,1,0,still,0
979,139,1,1,90,18,0,2,0,19,0,1,8,11,0,3,0,6,6,6,25,16,22,0.5598,12,1,0,still,0
979,154,2,1,180,17,0,1,0,20,0,1,3,17,0,0,0,3,3,2,23,20,22,0.3438,9,1,0,still,0
981,145,1,1,180,15,1,2,0,20,0,1,4,16,0,2,0,1,1,1,21,18,19,0.3949,8,1,0,still,0
982,26,3,1,90,18,0,1,0,27,0,1,25,2,0,0,0,0,0,0,27,27,27,0.6250,15,1,0,still,0
982,54,2,1,210,23,0,1,0,15,0,1,5,10,0,0,0,9,9,9,24,15,24,0.4792,11,1,0,still,0
982,83,1,1,180,20,2,3,0,19,0,1,8,11,0,0,0,6,6,6,25,19,25,0.5073,10,1,0,still,0
983,183,1,1,300,18,1,2,0,18,0,1,9,9,0,2,0,6,6,6,24,16,22,0.5164,12,1,0,end_cap,0
984,127,1,1,270,20,0,1,0,15,0,1,4,11,0,2,0,12,12,10,27,13,23,0.4042,11,1,0,still,0
984,182,1,1,90,19,1,2,0,19,0,1,8,11,0,3,0,6,6,6,25,16,22,0.5437,13,1,0,still,0
984,195,1,1,210,18,0,1,0,19,0,1,3,16,0,0,0,3,3,1,22,19,20,0.3488,10,1,0,still,0
985,114,1,1,240,16,0,1,0,18,0,1,3,15,0,1,0,1,1,1,19,17,18,0.2932,6,1,0,still,0
985,142,2,1,150,17,6,7,0,14,0,1,8,6,0,2,0,11,11,11,25,12,23,0.5965,12,1,0,still,0
985,172,1,1,270,20,0,1,0,28,0,1,19,9,0,4,0,1,1,1,29,24,25,0.4255,10,1,0,still,0
986,9,1,1,270,20,1,2,0,20,0,1,5,15,0,0,0,3,3,3,23,20,23,0.5154,9,1,0,still,0
986,87,1,1,240,21,0,1,0,25,0,1,21,4,0,0,0,0,0,1,25,25,26,0.5983,11,1,0,still,0
987,65,1,0,-1,19,2,7,0,22,0,0,22,0,0,0,0,0,0,0,22,22,22,0.6510,11,0,0,hop,1
987,179,1,0,-1,4,0,3,0,5,0,0,5,0,0,0,0,0,0,0,5,5,5,0.1373,3,0,0,pending,0
988,44,1,1,270,18,0,1,0,17,0,1,7,10,0,0,1,4,4,4,21,18,22,0.5105,9,1,0,still,0
988,146,2,1,210,15,1,2,0,20,0,1,3,17,0,1,0,1,1,1,21,19,20,0.3497,9,1,0,still,0
988,151,1,1,300,18,0,1,0,20,0,1,7,13,0,3,0,6,6,6,26,17,23,0.4548,11,1,0,end_cap,0
988,179,1,0,-1,4,0,3,0,5,0,0,5,0,0,0,0,0,0,0,5,5,5,0.1372,3,0,0,hop,1
989,19,3,1,90,21,0,2,0,14,0,1,4,10,0,0,0,10,10,10,24,14,24,0.4964,12,1,0,still,0
989,49,2,1,60,18,1,7,0,14,0,1,8,6,0,0,0,10,10,10,24,14,24,0.6835,12,1,0,still,0
989,55,2,1,60,21,1,2,0,19,0,1,8,11,0,0,0,8,8,8,27,19,27,0.5186,12,1,0,still,0
989,84,1,1,240,20,0,3,0,21,0,1,11,10,0,1,0,4,4,5,25,20,25,0.5718,11,1,0,still,0
989,86,1,1,270,20,0,3,0,24,0,1,18,6,0,1,1,1,1,1,25,24,25,0.6454,11,1,0,still,0
989,119,1,1,240,19,1,2,0,22,0,1,8,14,0,3,1,4,4,4,26,20,24,0.4417,10,1,0,still,0
989,138,1,1,300,23,0,1,1,29,0,1,26,3,0,2,0,0,0,0,29,27,27,0.3701,11,0,0,end_cap,0
990,58,1,1,60,17,2,3,0,21,0,1,15,6,0,0,0,1,1,2,22,21,23,0.5416,9,1,0,still,0
990,199,1,1,90,13,1,3,0,12,0,1,1,11,0,0,0,4,4,4,16,12,16,0.2689,6,1,0,still,0
991,1,2,1,90,18,0,2,0,20,0,1,3,17,0,0,0,2,2,2,22,20,22,0.3769,7,1,0,still,0
991,67,2,0,-1,17,2,3,0,17,0,0,17,0,0,0,3,0,0,0,17,20,20,0.6552,11,0,0,pending,0
991,79,1,1,210,19,1,2,0,11,0,1,3,8,0,0,1,10,10,10,21,12,22,0.5940,10,1,0,still,0
991,153,1,1,180,17,0,1,0,18,0,1,3,15,0,0,0,3,3,1,21,18,19,0.3202,8,1,0,still,0
991,176,1,1,240,21,0,1,0,29,0,1,22,7,0,3,0,1,1,1,30,26,27,0.4170,13,1,0,still,0
992,67,2,0,-1,17,2,3,0,17,0,0,17,0,0,0,3,0,0,0,17,20,20,0.6552,11,0,0,hop,1
992,89,1,1,270,23,1,2,0,26,0,0,26,0,0,0,0,0,0,0,26,26,26,0.6433,13,0,0,end_clear,1
992,177,1,1,210,21,0,1,0,30,0,1,26,4,0,3,0,0,0,0,30,27,27,0.3973,12,0,0,still,0
993,6,2,1,120,17,0,1,0,23,0,1,6,17,0,0,0,0,0,0,23,23,23,0.3687,8,1,0,still,0
993,17,3,1,90,19,0,2,0,14,0,1,3,11,0,0,0,11,11,10,25,14,24,0.5517,13,1,0,still,0
993,56,1,1,240,23,0,2,0,17,0,1,8,9,0,0,0,8,8,8,25,17,25,0.4821,10,1,0,still,0
993,57,1,1,210,21,1,3,0,20,0,1,12,8,0,0,0,5,5,5,25,20,25,0.5869,11,1,0,still,0
993,68,2,1,120,17,1,2,0,19,0,1,2,17,0,0,0,2,2,2,21,19,21,0.3666,7,1,0,still,0
993,72,2,1,60,17,0,2,0,18,0,1,1,17,0,0,0,3,3,3,21,18,21,0.3633,6,1,0,still,0
993,157,2,1,60,17,0,2,0,19,0,1,2,17,0,1,0,3,3,3,22,18,21,0.3232,7,1,0,still,0
994,3,2,1,180,15,0,1,0,17,0,1,3,14,0,0,0,3,3,3,20,17,20,0.3381,6,1,0,still,0
994,88,1,1,270,21,0,1,0,26,0,0,26,0,0,0,1,0,0,0,26,27,27,0.5732,12,0,0,end_clear,1
994,158,1,1,90,16,1,2,0,9,0,1,1,8,0,2,0,12,12,12,21,7,19,0.2587,5,1,0,still,0
994,194,1,1,240,18,0,2,0,23,0,1,8,15,0,4,0,4,4,4,27,19,23,0.4347,11,1,0,still,0
995,4,2,1,210,16,0,1,0,19,0,1,4,15,0,0,0,2,2,1,21,19,20,0.3077,6,1,0,still,0
995,10,1,1,240,20,0,2,0,21,0,1,8,13,0,0,0,4,4,4,25,21,25,0.5503,9,1,0,still,0
995,117,3,1,210,19,0,1,0,24,0,1,6,18,0,0,0,3,3,3,27,24,27,0.3087,9,1,0,still,0
995,171,1,1,210,18,1,2,0,25,0,1,17,8,0,4,0,2,2,2,27,21,23,0.3695,11,1,0,still,0
996,5,2,1,270,15,1,2,0,21,0,1,5,16,0,0,0,1,1,1,22,21,22,0.3430,8,1,0,still,0
996,14,1,1,240,20,0,1,0,14,0,1,9,5,0,0,2,7,7,7,21,16,23,0.5910,10,1,0,still,0
996,16,1,1,60,19,0,2,0,12,0,1,6,6,0,0,0,9,9,9,21,12,21,0.5815,9,1,0,still,0
996,35,2,1,240,18,0,1,0,14,0,1,3,11,0,0,0,6,6,7,20,14,21,0.3901,7,1,0,still,0
996,131,1,1,240,17,0,2,1,25,0,1,17,8,0,4,0,2,2,2,27,21,23,0.3469,9,1,0,still,0
996,166,1,1,60,22,0,1,0,16,0,1,8,8,0,1,0,10,10,9,26,15,24,0.2952,9,1,0,still,0
996,168,1,1,60,19,0,1,1,22,0,1,14,8,0,2,0,6,6,4,28,20,24,0.3473,9,1,0,still,0
997,13,2,1,270,17,1,2,0,15,0,1,8,7,0,0,0,6,6,6,21,15,21,0.6266,12,1,0,still,0
997,115,2,1,180,16,0,2,0,22,0,1,5,17,0,0,0,1,1,1,23,22,23,0.2695,7,1,0,still,0
997,167,1,1,270,22,1,2,0,20,0,1,12,8,0,1,0,9,9,7,29,19,26,0.3713,11,1,0,still,0
998,15,1,1,240,17,3,7,0,11,0,1,8,3,0,0,0,10,10,10,21,11,21,0.6264,10,1,0,still,0
998,25,2,1,270,19,1,3,0,26,0,1,23,3,0,0,0,1,1,1,27,26,27,0.5913,12,0,1,still,0
998,50,1,0,-1,19,1,2,0,12,0,1,6,6,0,0,0,10,10,10,22,12,22,0.6185,10,1,0,start_jam,0
998,170,2,1,150,18,5,7,0,12,0,1,7,5,0,0,1,11,11,11,23,13,24,0.5710,11,1,0,still,0
999,40,1,1,180,16,0,2,0,17,0,1,5,12,0,0,0,4,4,4,21,17,21,0.3247,6,1,0,still,0
999,47,2,1,270,19,0,2,0,14,0,1,7,7,0,0,2,7,7,7,21,16,23,0.6491,12,1,0,still,0
999,130,1,1,240,16,2,7,0,12,0,1,7,5,0,0,0,9,9,9,21,12,21,0.5845,9,1,0,still,0
1000,12,2,1,270,19,0,1,0,17,0,1,8,9,0,0,1,6,6,6,23,18,24,0.4884,9,1,0,still,0
1000,113,1,1,120,16,0,2,0,16,0,1,4,12,0,1,0,5,5,4,21,15,19,0.3227,7,1,0,still,0
1001,76,3,1,30,17,4,7,0,13,0,1,7,6,0,0,1,11,11,11,24,14,25,0.6548,13,1,0,still,0
1001,100,1,1,210,15,1,2,0,5,0,1,1,4,0,0,0,13,13,13,18,5,18,0.3326,5,1,0,still,0
1001,189,1,1,120,15,0,2,0,17,0,1,4,13,0,2,0,6,6,5,23,15,20,0.3620,9,1,0,still,0
1002,159,1,1,150,13,2,3,0,5,0,1,1,4,0,0,0,10,10,10,15,5,15,0.2620,5,1,0,still,0
1004,23,2,1,30,20,1,2,0,24,0,1,19,5,0,0,1,2,2,2,26,25,27,0.5202,10,1,0,still,0
1004,118,3,1,240,18,0,1,0,21,0,1,7,14,0,0,0,5,5,5,26,21,26,0.4251,12,1,0,still,0
1004,123,2,1,90,15,0,3,0,7,0,1,1,6,0,0,0,12,12,12,19,7,19,0.3268,7,1,0,still,0
1004,165,1,1,30,22,0,1,0,16,0,1,7,9,0,2,0,11,11,10,27,14,24,0.3496,10,1,0,still,0
1005,7,2,1,120,18,0,1,0,20,0,1,6,14,0,0,0,5,5,5,25,20,25,0.3957,9,1,0,still,0
1005,128,1,1,300,21,0,2,1,20,0,1,12,8,0,1,0,9,9,7,29,19,26,0.3486,9,1,0,end_cap,1
1006,99,2,0,-1,10,1,3,0,13,0,0,13,0,0,0,0,0,0,0,13,13,13,0.5283,10,0,0,hop,1
1006,151,1,0,-1,18,0,1,0,20,0,1,6,14,0,3,0,6,6,6,26,17,23,0.4552,11,1,0,start_jam,0
1007,188,1,1,240,16,1,2,0,16,0,1,4,12,0,1,0,6,6,5,22,15,20,0.4063,10,1,0,still,0
1008,8,2,1,240,19,0,1,0,19,0,1,5,14,0,0,0,6,6,6,25,19,25,0.3893,9,1,0,still,0
1008,97,3,0,-1,6,1,3,0,8,0,0,8,0,0,0,0,0,0,0,8,8,8,0.2078,6,0,0,pending,0
1008,169,1,1,270,18,0,1,0,14,0,1,7,7,0,0,2,4,4,4,18,16,20,0.6348,10,1,0,still,0
1009,97,3,0,-1,6,1,3,0,8,0,0,8,0,0,0,0,0,0,0,8,8,8,0.2077,6,0,0,hop,1
1009,139,1,1,120,18,0,2,0,21,0,1,8,13,0,3,0,4,4,4,25,18,22,0.5599,12,1,0,still,0
1009,154,2,1,210,17,0,1,0,13,0,1,3,10,0,0,0,10,10,9,23,13,22,0.3438,9,1,0,still,0
1011,121,1,0,-1,0,0,1,1,0,0,0,0,0,0,0,0,0,0,0,0,0,0,0.0000,0,0,0,hop,1
1011,145,1,1,210,15,1,2,0,17,0,1,4,13,0,2,0,4,4,4,21,15,19,0.3949,8,1,0,still,0
1012,26,3,1,120,20,0,1,0,27,0,1,27,0,0,0,0,0,0,0,27,27,27,0.6249,15,0,0,still,0
1012,54,2,1,240,23,0,1,0,20,0,1,8,12,0,0,0,4,4,4,24,20,24,0.4791,11,1,0,still,0
1012,83,1,1,210,21,0,1,0,19,0,1,11,8,0,0,0,6,6,6,25,19,25,0.5078,10,1,0,still,0
1014,127,1,1,300,20,0,1,0,22,0,1,5,17,0,4,0,4,4,4,26,18,22,0.4042,11,1,0,end_cap,1
1014,182,1,1,120,19,1,2,0,21,0,1,7,14,0,3,0,4,4,4,25,18,22,0.5438,13,1,0,still,0
1014,195,1,1,240,18,0,1,0,13,0,1,3,10,0,0,0,9,9,7,22,13,20,0.3488,10,1,0,still,0
1015,114,1,1,270,16,0,1,0,15,0,1,3,12,0,1,0,4,4,4,19,14,18,0.2932,6,1,0,still,0
1015,142,2,1,180,17,6,7,0,21,0,1,8,13,0,2,0,4,4,4,25,19,23,0.5965,12,1,0,still,0
1015,172,1,1,300,19,0,1,0,29,0,1,23,6,0,4,0,1,1,1,30,25,26,0.4255,10,1,0,end_cap,1
1016,9,1,1,300,20,1,2,0,19,0,1,5,14,0,0,0,5,5,5,24,19,24,0.5148,9,1,0,end_cap,1
1016,87,1,1,270,21,0,1,0,25,0,1,24,1,0,0,1,0,0,0,25,26,26,0.5988,11,0,1,still,0
1017,75,1,0,-1,7,2,3,0,7,0,0,7,0,0,0,0,0,0,0,7,7,7,0.3691,7,0,0,pending,0
1018,44,1,1,300,18,0,1,0,17,0,1,6,11,0,0,1,4,4,4,21,18,22,0.5110,9,1,0,end_cap,1
1018,75,1,0,-1,7,2,3,0,7,0,0,7,0,0,0,0,0,0,0,7,7,7,0.3691,7,0,0,hop,1
1018,146,2,1,240,15,1,2,0,17,0,1,5,12,0,1,0,4,4,4,21,16,20,0.3496,9,1,0,still,0
1019,19,3,1,120,21,0,2,0,21,0,1,8,13,0,0,0,3,3,3,24,21,24,0.4951,12,1,0,still,0
1019,49,2,1,90,18,1,7,0,21,0,1,8,13,0,0,1,1,1,1,22,22,23,0.5859,11,1,0,still,0
1019,55,2,1,90,21,1,2,0,25,0,1,13,12,0,0,0,3,3,3,28,25,28,0.5186,12,1,0,still,0
1019,84,1,1,270,20,0,2,0,24,0,1,15,9,0,1,0,1,1,2,25,23,25,0.5722,11,1,0,still,0
1019,86,1,1,300,20,0,3,0,25,0,1,21,4,0,1,1,0,0,0,25,25,25,0.6455,11,1,0,end_cap,1
1019,119,1,1,270,19,1,2,0,22,0,1,8,14,0,3,0,4,4,5,26,19,24,0.4711,11,1,0,still,0
1019,155,1,0,-1,3,0,2,1,3,0,0,3,0,0,0,1,0,0,0,3,4,4,0.1108,2,0,0,hop,1
1020,58,1,1,90,17,2,3,0,22,0,1,18,4,0,0,1,0,0,0,22,23,23,0.5417,9,1,0,still,0
1020,140,1,0,-1,18,0,2,0,19,0,1,7,12,0,2,0,4,4,4,23,17,21,0.5010,10,1,0,start_jam,0
1020,141,2,0,-1,18,0,1,1,18,0,1,7,11,0,1,0,4,4,4,22,17,21,0.4869,11,1,0,start_jam,0
1020,199,1,1,120,13,1,3,0,5,0,1,1,4,0,0,0,11,11,11,16,5,16,0.2689,6,1,0,still,0
1021,1,2,1,120,18,0,2,0,13,0,1,4,9,0,0,0,9,9,9,22,13,22,0.3769,7,1,0,still,0
1021,79,1,1,240,19,1,2,0,19,0,1,6,13,0,0,1,2,2,2,21,20,22,0.5955,10,1,0,still,0
1021,143,1,0,-1,21,5,6,0,24,0,0,24,0,0,0,0,0,0,0,24,24,24,0.7316,14,0,0,pending,0
1021,153,1,1,210,17,0,1,0,13,0,1,4,9,0,0,0,8,8,6,21,13,19,0.3202,8,1,0,still,0
1021,176,1,1,270,21,0,1,0,29,0,1,25,4,0,2,0,1,1,0,30,27,27,0.4167,13,1,0,still,0
1022,143,1,0,-1,21,5,6,0,24,0,0,24,0,0,0,0,0,0,0,24,24,24,0.7316,14,0,0,hop,1
1022,177,1,1,240,21,0,1,0,29,0,0,27,2,0,3,0,0,0,0,29,26,26,0.3973,12,0,0,end_clear,1
1023,6,2,1,150,17,0,1,0,20,0,1,5,15,0,0,0,3,3,3,23,20,23,0.3687,8,1,0,still,0
1023,17,3,1,120,19,0,2,0,22,0,1,7,15,0,1,0,3,3,3,25,21,24,0.5478,13,1,0,still,0
1023,56,1,1,270,23,0,2,0,21,0,1,13,8,0,0,0,4,4,4,25,21,25,0.4824,10,1,0,still,0
1023,57,1,1,240,21,1,2,0,23,0,1,17,6,0,0,0,3,3,3,26,23,26,0.5886,11,1,0,still,0
1023,68,2,1,150,17,1,2,0,11,0,1,2,9,0,0,0,10,10,10,21,11,21,0.3666,7,1,0,still,0
1023,72,2,1,90,17,0,2,0,8,0,1,1,7,0,0,0,13,13,13,21,8,21,0.3633,6,1,0,still,0
1023,157,2,1,90,17,0,2,0,11,0,1,2,9,0,1,0,11,11,11,22,10,21,0.3232,7,1,0,still,0
1024,3,2,1,210,15,0,1,0,15,0,1,5,10,0,0,0,5,5,5,20,15,20,0.3380,6,1,0,still,0
1024,132,1,0,-1,21,4,6,0,23,0,0,23,0,0,0,2,0,0,0,23,25,25,0.6191,11,0,0,hop,1
1024,158,1,1,120,16,1,2,0,9,0,1,1,8,0,2,0,12,12,12,21,7,19,0.2587,5,1,0,still,0
1024,194,1,1,270,18,0,2,0,22,0,1,6,16,0,3,0,5,5,4,27,19,23,0.4347,11,1,0,still,0
1025,4,2,1,240,15,0,1,0,16,0,1,5,11,0,0,0,5,5,4,21,16,20,0.3076,6,1,0,still,0
1025,10,1,1,270,20,0,2,0,19,0,1,5,14,0,0,0,6,6,6,25,19,25,0.5533,9,1,0,still,0
1025,117,3,1,240,19,0,1,0,21,0,1,5,16,0,0,0,6,6,6,27,21,27,0.3087,9,1,0,still,0
1025,171,1,1,240,18,1,2,0,28,0,1,20,8,0,4,0,0,0,0,28,24,24,0.3695,11,1,0,still,0
1026,5,2,1,300,15,1,2,0,18,0,1,5,13,0,0,0,4,4,4,22,18,22,0.3429,8,1,0,end_cap,1
1026,14,1,1,270,18,0,1,0,17,0,1,7,10,0,0,0,4,4,4,21,17,21,0.5910,10,1,0,still,0
1026,16,1,1,90,19,0,2,0,21,0,1,8,13,0,0,0,0,0,0,21,21,21,0.5815,9,1,0,still,0
1026,35,2,1,270,18,0,1,0,14,0,1,5,9,0,0,0,6,6,7,20,14,21,0.3901,7,1,0,still,0
1026,131,1,1,270,17,0,2,1,27,0,1,20,7,0,4,0,0,0,0,27,23,23,0.3469,9,1,0,still,0
1026,166,1,1,90,22,0,1,1,22,0,1,11,11,0,2,0,3,3,3,25,20,23,0.2952,9,1,0,still,0
1026,168,1,1,90,19,0,1,1,27,0,1,17,10,0,4,0,1,1,1,28,23,24,0.3473,9,1,0,still,0
1027,13,2,1,300,17,1,2,0,17,0,1,5,12,0,0,0,4,4,4,21,17,21,0.6266,12,1,0,end_cap,1
1027,115,2,1,210,16,0,2,0,19,0,1,7,12,0,0,0,4,4,4,23,19,23,0.2695,7,1,0,still,0
1027,167,1,1,300,22,0,1,0,26,0,1,15,11,0,3,0,3,3,3,29,23,26,0.3717,11,1,0,end_cap,1
1028,15,1,1,270,17,3,7,0,17,0,1,8,9,0,0,0,4,4,4,21,17,21,0.6264,10,1,0,still,0
1028,25,2,1,300,19,1,3,0,27,0,1,25,2,0,0,0,0,0,0,27,27,27,0.5605,11,1,0,end_cap,1
1028,50,1,1,30,19,1,2,0,21,0,1,8,13,0,0,0,1,1,1,22,21,22,0.6170,10,1,0,still,0
1028,170,2,1,180,18,5,7,0,18,0,1,8,10,0,0,1,5,5,5,23,19,24,0.5710,11,1,0,still,0
1029,40,1,1,210,16,0,2,0,16,0,1,5,11,0,0,1,4,4,4,20,17,21,0.3235,6,1,0,still,0
1029,47,2,1,300,19,0,2,0,16,0,1,7,9,0,0,2,5,5,5,21,18,23,0.6480,12,1,0,end_cap,1
1029,130,1,1,270,16,2,7,0,18,0,1,8,10,0,0,0,3,3,3,21,18,21,0.5845,9,1,0,still,0
1030,12,2,1,300,19,0,1,0,18,0,1,8,10,0,0,1,5,5,5,23,19,24,0.5199,10,1,0,end_cap,0
1030,33,3,0,-1,11,2,3,0,17,0,0,17,0,0,1,0,0,0,0,17,16,16,0.4792,9,0,0,hop,1
1030,113,1,1,150,16,0,2,0,14,0,1,7,7,0,1,0,7,7,6,21,13,19,0.3227,7,1,0,still,0
1031,76,3,1,60,17,4,7,0,19,0,1,8,11,0,0,1,5,5,5,24,20,25,0.6548,13,1,0,still,0
1031,100,1,1,240,15,1,2,0,4,0,1,2,2,0,0,0,14,14,14,18,4,18,0.3326,5,1,0,still,0
1031,189,1,1,150,15,0,2,0,16,0,1,8,8,0,1,0,7,7,5,23,15,20,0.3620,9,1,0,still,0
1032,159,1,1,180,13,2,3,0,4,0,1,1,3,0,0,0,11,11,11,15,4,15,0.2620,5,1,0,still,0
1033,108,1,0,-1,16,0,1,0,18,0,0,18,0,0,1,2,0,0,0,18,19,19,0.6548,10,0,0,pending,0
1034,23,2,1,60,20,1,2,0,25,0,1,22,3,0,0,1,0,0,0,25,26,26,0.5251,10,1,0,still,0
1034,108,1,0,-1,16,0,1,0,18,0,0,18,0,0,1,2,0,0,0,18,19,19,0.6548,10,0,0,hop,1
1034,118,3,1,270,18,0,1,0,25,0,1,9,16,0,0,0,1,1,1,26,25,26,0.4251,12,1,0,still,0
1034,123,2,1,120,15,0,3,0,6,0,1,2,4,0,0,0,13,13,13,19,6,19,0.3268,7,1,0,still,0
1034,165,1,1,60,22,0,1,0,23,0,1,11,12,0,3,0,3,3,3,26,20,23,0.3496,10,1,0,still,0
1035,7,2,1,150,18,0,1,0,22,0,1,8,14,0,0,0,3,3,3,25,22,25,0.3985,9,1,0,still,0
1036,151,1,1,30,18,0,1,0,26,0,1,9,17,0,3,0,0,0,0,26,23,23,0.4564,11,1,0,still,0
1037,188,1,1,270,16,1,2,0,16,0,1,6,10,0,1,0,5,5,4,21,15,19,0.4605,11,1,0,still,0
1038,8,2,1,270,19,0,1,0,22,0,1,8,14,0,0,0,3,3,3,25,22,25,0.3922,9,1,0,still,0
1038,135,1,0,-1,20,0,2,1,30,0,1,27,3,0,3,0,0,0,0,30,27,27,0.3985,11,0,0,start_jam,0
1038,169,1,1,300,18,0,1,0,17,0,1,7,10,0,0,2,1,1,1,18,19,20,0.6338,10,1,0,end_cap,1
1039,139,1,1,150,18,0,2,0,25,0,1,11,14,0,3,0,0,0,0,25,22,22,0.5599,12,1,0,still,0
1039,154,2,1,240,17,0,1,0,18,0,1,5,13,0,0,0,5,5,4,23,18,22,0.3438,9,1,0,still,0
1040,183,1,0,-1,19,1,2,0,24,0,1,10,14,0,2,0,0,0,0,24,22,22,0.5164,12,1,0,start_jam,0
1041,145,1,1,240,15,1,2,0,17,0,1,8,9,0,1,0,4,4,3,21,16,19,0.3948,8,1,0,still,0
1042,26,3,1,150,19,0,2,0,27,0,0,27,0,0,0,0,0,0,0,27,27,27,0.6237,15,0,0,end_clear,1
1042,54,2,1,270,23,0,1,0,22,0,1,12,10,0,0,0,3,3,3,25,22,25,0.4790,11,1,0,still,0
1042,83,1,1,240,22,0,3,0,22,0,1,15,7,0,0,0,3,3,3,25,22,25,0.5087,10,1,0,still,0
1042,124,1,0,-1,3,0,3,0,3,0,0,3,0,0,0,0,0,0,0,3,3,3,0.1459,3,0,0,pending,0
1043,124,1,0,-1,3,0,3,0,3,0,0,3,0,0,0,0,0,0,0,3,3,3,0.1459,3,0,0,hop,1
1044,73,2,0,-1,9,3,4,0,12,0,0,12,0,0,1,0,0,0,0,12,11,11,0.4399,10,0,0,hop,1
1044,182,1,1,150,19,1,2,0,25,0,1,9,16,0,3,0,0,0,0,25,22,22,0.5438,13,1,0,still,0
1044,195,1,1,270,18,0,1,0,17,0,1,5,12,0,0,0,5,5,3,22,17,20,0.3488,10,1,0,still,0
1045,114,1,1,300,16,0,1,0,14,0,1,7,7,0,0,0,5,5,4,19,14,18,0.2932,6,1,0,end_cap,1
1045,142,2,1,210,17,6,7,0,24,0,1,9,15,0,2,0,1,1,1,25,22,23,0.5933,12,1,0,still,0
1046,87,1,1,300,20,1,2,0,25,0,1,25,0,0,0,1,0,0,0,25,26,26,0.5954,11,0,0,end_cap,0
1046,92,1,0,-1,18,1,6,0,20,0,0,20,0,0,0,1,0,0,0,20,21,21,0.6233,10,0,0,pending,0
1047,92,1,0,-1,18,1,6,0,20,0,0,20,0,0,0,1,0,0,0,20,21,21,0.6233,10,0,0,hop,1
1047,101,3,0,-1,8,2,4,0,10,0,0,10,0,0,0,0,0,0,0,10,10,10,0.3842,10,0,0,hop,1
1048,146,2,1,270,15,1,3,0,17,0,1,8,9,0,1,0,4,4,4,21,16,20,0.3484,9,1,0,still,0
1049,19,3,1,150,21,0,2,0,21,0,1,12,9,0,0,0,4,4,4,25,21,25,0.4948,12,1,0,still,0
1049,49,2,1,120,18,1,7,0,22,0,1,9,13,0,0,0,1,1,1,23,22,23,0.6864,12,1,0,still,0
1049,55,2,1,120,21,2,3,0,25,0,1,17,8,0,0,0,3,3,3,28,25,28,0.5188,12,1,0,still,0
1049,84,1,1,300,20,0,2,0,24,0,1,19,5,0,1,0,1,1,2,25,23,25,0.5719,11,1,0,end_cap,1
1049,119,1,1,300,19,1,2,0,26,0,1,9,17,0,3,0,0,0,1,26,23,24,0.4417,10,1,0,end_cap,0
1050,58,1,1,120,17,2,3,0,23,0,1,22,1,0,0,1,0,0,0,23,24,24,0.5416,9,0,0,still,0
1050,140,1,1,30,19,0,2,0,23,0,1,10,13,0,2,0,0,0,0,23,21,21,0.5010,10,1,0,still,0
1050,141,2,1,30,18,0,1,1,23,0,1,11,12,0,2,0,1,1,1,24,21,22,0.4869,11,1,0,still,0
1050,199,1,1,150,13,1,3,0,4,0,1,1,3,0,0,0,12,12,12,16,4,16,0.2689,6,1,0,still,0
1051,1,2,1,150,18,0,2,0,18,0,1,6,12,0,0,0,4,4,4,22,18,22,0.3769,7,1,0,still,0
1051,79,1,1,270,20,1,2,0,18,0,1,8,10,0,0,1,2,2,2,20,19,21,0.5955,10,1,0,still,0
1051,153,1,1,240,17,0,1,0,17,0,1,6,11,0,0,0,4,4,2,21,17,19,0.2911,7,1,0,still,0
1051,176,1,1,300,21,1,2,0,30,0,1,29,1,0,3,0,0,0,0,30,27,27,0.4170,13,0,1,end_cap,1
1053,6,2,1,180,17,0,1,0,21,0,1,9,12,0,0,0,2,2,2,23,21,23,0.3701,8,1,0,still,0
1053,17,3,1,150,20,1,2,0,20,0,1,12,8,0,0,0,5,5,5,25,20,25,0.5229,12,1,0,still,0
1053,56,1,1,300,23,1,3,0,21,0,1,16,5,0,0,0,3,3,3,24,21,24,0.4833,10,1,0,end_cap,1
1053,57,1,1,270,21,1,2,0,24,0,1,21,3,0,0,0,2,2,2,26,24,26,0.5910,11,1,0,still,0
1053,68,2,1,180,17,1,2,0,16,0,1,4,12,0,0,0,5,5,5,21,16,21,0.3666,7,1,0,still,0
1053,72,2,1,120,17,0,2,0,13,0,1,3,10,0,0,0,8,8,8,21,13,21,0.3633,6,1,0,still,0
1053,157,2,1,120,17,0,2,0,15,0,1,4,11,0,0,0,7,7,6,22,15,21,0.3232,7,1,0,still,0
1054,3,2,1,240,15,0,1,0,18,0,1,9,9,0,0,0,2,2,2,20,18,20,0.3380,6,1,0,still,0
1054,158,1,1,150,16,1,2,0,12,0,1,3,9,0,0,0,9,9,7,21,12,19,0.2587,5,1,0,still,0
1054,161,2,0,-1,18,0,1,0,22,0,1,11,11,0,2,0,3,3,3,25,20,23,0.3780,9,1,0,start_jam,0
1054,194,1,1,300,18,0,2,0,27,0,1,10,17,0,4,0,0,0,0,27,23,23,0.4347,11,1,0,end_cap,0
1055,4,2,1,270,16,0,1,0,19,0,1,11,8,0,0,0,2,2,2,21,19,21,0.3078,6,1,0,still,0
1055,10,1,1,300,20,0,2,0,25,0,1,10,15,0,0,0,0,0,0,25,25,25,0.5532,9,1,0,end_cap,1
1055,117,3,1,270,18,0,1,0,26,0,1,11,15,0,0,0,1,1,1,27,26,27,0.3087,9,1,0,still,0
1055,171,1,1,270,18,1,2,0,27,0,1,23,4,0,4,0,0,0,0,27,23,23,0.3695,11,1,0,still,0
1056,14,1,1,300,18,0,1,0,20,0,1,7,13,0,0,1,1,1,1,21,21,22,0.5910,10,1,0,end_cap,1
1056,16,1,1,120,19,0,2,0,18,0,1,10,8,0,0,0,3,3,3,21,18,21,0.5849,9,1,0,still,0
1056,35,2,1,300,18,0,1,0,18,0,1,7,11,0,0,0,2,2,3,20,18,21,0.3901,7,1,0,end_cap,1
1056,131,1,1,300,17,0,2,1,27,0,1,23,4,0,4,0,0,0,0,27,23,23,0.3469,9,1,0,end_cap,1
1056,166,1,1,120,22,0,1,1,23,0,1,17,6,0,1,0,3,3,2,26,22,24,0.3220,10,1,0,still,0
1056,168,1,1,120,19,0,1,1,27,0,1,22,5,0,4,0,0,0,0,27,23,23,0.3740,10,1,0,still,0
1057,115,2,1,240,16,0,3,0,21,0,1,13,8,0,0,0,2,2,2,23,21,23,0.2694,7,1,0,still,0
1057,160,1,0,-1,1,0,1,1,0,0,0,0,0,0,0,0,0,0,0,0,0,0,0.0000,0,0,0,pending,0
1058,15,1,1,300,17,3,7,0,18,0,1,8,10,0,0,0,2,2,2,20,18,20,0.6273,10,1,0,end_cap,1
1058,50,1,1,60,18,1,2,0,18,0,1,9,9,0,0,1,3,3,3,21,19,22,0.6207,10,1,0,still,0
1058,160,1,0,-1,1,0,1,1,0,0,0,0,0,0,0,0,0,0,0,0,0,0,0.0000,0,0,0,hop,1
1058,170,2,1,210,18,5,7,0,21,0,1,10,11,0,0,1,2,2,2,23,22,24,0.5706,11,1,0,still,0
1059,40,1,1,240,16,0,2,0,18,0,1,12,6,0,0,0,2,2,2,20,18,20,0.3247,6,1,0,still,0
1059,130,1,1,300,16,2,7,0,20,0,1,10,10,0,1,0,2,2,2,22,19,21,0.6200,10,1,0,end_cap,1
1060,113,1,1,180,16,0,2,0,18,0,1,9,9,0,2,0,2,2,2,20,16,18,0.3226,7,1,0,still,0
1061,76,3,1,90,17,4,7,0,22,0,1,11,11,0,0,1,2,2,2,24,23,25,0.6548,13,1,0,still,0
1061,100,1,1,270,15,1,2,0,11,0,1,4,7,0,0,0,7,7,7,18,11,18,0.3326,5,1,0,still,0
1061,189,1,1,180,15,0,2,0,21,0,1,11,10,0,4,0,2,2,2,23,17,19,0.3623,9,1,0,still,0
1062,109,2,0,-1,12,3,5,0,17,0,0,17,0,0,0,0,0,0,0,17,17,17,0.7469,12,0,0,hop,1
1062,159,1,1,210,13,2,3,0,7,0,1,2,5,0,0,0,8,8,8,15,7,15,0.2620,5,1,0,still,0
1064,23,2,1,90,19,0,2,0,25,0,1,23,2,0,0,0,0,0,0,25,25,25,0.5276,10,0,1,still,0
1064,118,3,1,300,18,0,1,0,26,0,1,14,12,0,0,0,0,0,0,26,26,26,0.4251,12,1,0,end_cap,1
1064,123,2,1,150,15,0,3,0,12,0,1,4,8,0,0,0,7,7,7,19,12,19,0.3268,7,1,0,still,0
1064,165,1,1,90,22,0,1,0,24,0,1,16,8,0,2,0,3,3,2,27,22,24,0.3765,11,1,0,still,0
1065,7,2,1,180,18,0,1,0,25,0,1,15,10,0,0,0,0,0,0,25,25,25,0.3976,9,0,1,still,0
1066,151,1,1,60,18,0,1,0,26,0,1,13,13,0,3,0,0,0,0,26,23,23,0.4566,11,1,0,still,0
1067,188,1,1,300,16,1,2,0,19,0,1,9,10,0,2,0,1,1,1,20,17,18,0.4332,11,1,0,end_cap,1
1068,8,2,1,300,19,0,1,0,25,0,1,15,10,0,0,0,0,0,0,25,25,25,0.3921,9,0,0,end_cap,1
1068,135,1,1,30,21,0,2,0,30,0,0,29,1,0,3,0,0,0,0,30,27,27,0.3983,11,0,0,end_clear,1
1069,139,1,1,180,18,0,2,0,24,0,1,12,12,0,3,0,0,0,0,24,21,21,0.5599,12,1,0,still,0
1069,154,2,1,270,17,0,1,0,21,0,1,9,12,0,1,0,2,2,2,23,20,22,0.3703,9,1,0,still,0
1070,183,1,1,30,19,1,2,0,24,0,1,12,12,0,2,0,0,0,0,24,22,22,0.5165,12,1,0,still,0
1071,145,1,1,270,15,1,2,0,19,0,1,12,7,0,1,0,1,1,1,20,18,19,0.3384,7,1,0,still,0
1072,54,2,1,300,21,0,1,0,23,0,1,17,6,0,0,0,2,2,2,25,23,25,0.4790,11,1,0,end_cap,1
1072,83,1,1,270,22,0,3,0,23,0,1,19,4,0,0,0,1,1,1,24,23,24,0.5125,10,1,0,still,0
1073,174,1,0,-1,16,0,1,0,23,0,0,23,0,0,4,1,0,0,0,23,20,20,0.7452,13,0,0,hop,1
1074,32,1,0,-1,15,0,1,0,19,0,0,19,0,0,1,0,0,0,0,19,18,18,0.6605,9,0,0,hop,1
1074,102,2,0,-1,2,1,2,0,1,0,0,1,0,0,0,0,0,0,0,1,1,1,0.0296,1,0,0,hop,1
1074,182,1,1,180,19,1,2,0,25,0,1,12,13,0,3,0,0,0,0,25,22,22,0.5440,13,1,0,still,0
1074,195,1,1,300,18,0,1,0,20,0,1,9,11,0,2,0,2,2,2,22,18,20,0.3488,10,1,0,end_cap,1
1075,142,2,1,240,17,6,7,0,24,0,1,13,11,0,2,0,1,1,1,25,22,23,0.5961,12,1,0,still,0
1077,85,1,0,-1,19,1,2,0,24,0,1,22,2,0,0,1,0,0,0,24,25,25,0.5724,10,0,1,start_jam,0
1078,136,2,0,-1,11,0,5,0,15,0,0,15,0,0,1,0,0,0,0,15,14,14,0.5324,10,0,0,pending,0
1078,146,2,1,300,15,1,3,0,20,0,1,13,7,0,1,0,1,1,1,21,19,20,0.3496,9,1,0,end_cap,1
1079,19,3,1,180,21,0,2,0,23,0,1,16,7,0,0,0,2,2,2,25,23,25,0.4994,12,1,0,still,0
1079,49,2,1,150,18,1,7,0,21,0,1,11,10,0,0,0,2,2,2,23,21,23,0.6920,12,1,0,still,0
1079,55,2,1,150,21,2,3,0,25,0,1,19,6,0,0,0,1,1,1,26,25,26,0.5188,12,1,0,still,0
1079,136,2,0,-1,11,0,5,0,15,0,0,15,0,0,1,0,0,0,0,15,14,14,0.5324,10,0,0,hop,1
1080,58,1,1,150,17,2,3,0,24,0,0,24,0,0,0,1,0,0,0,24,25,25,0.5412,9,0,0,end_clear,1
1080,140,1,1,60,18,0,2,0,23,0,1,12,11,0,2,0,0,0,0,23,21,21,0.5010,10,1,0,still,0
1080,141,2,1,60,18,0,1,1,23,0,1,13,10,0,1,0,0,0,0,23,22,22,0.4870,11,1,0,still,0
1080,199,1,1,180,13,1,3,0,9,0,1,3,6,0,0,0,7,7,7,16,9,16,0.2689,6,1,0,still,0
1081,1,2,1,180,18,0,2,0,21,0,1,11,10,0,0,0,1,1,1,22,21,22,0.3763,7,1,0,still,0
1081,66,1,0,-1,17,0,1,0,20,0,0,20,0,0,1,0,0,0,0,20,19,19,0.6490,10,0,0,hop,1
1081,79,1,1,300,19,0,2,0,18,0,1,11,7,0,1,0,3,3,3,21,17,20,0.5967,10,1,0,end_cap,1
1081,153,1,1,270,18,0,1,0,20,0,1,10,10,0,2,0,1,1,1,21,18,19,0.3197,8,1,0,still,0
1082,71,2,0,-1,10,2,3,0,14,0,0,14,0,0,1,0,0,0,0,14,13,13,0.4754,9,0,0,hop,1
1083,6,2,1,210,17,0,1,0,23,0,1,14,9,0,0,0,0,0,0,23,23,23,0.3712,8,0,1,still,0
1083,17,3,1,180,19,0,1,0,22,0,1,16,6,0,0,0,3,3,3,25,22,25,0.5276,12,1,0,still,0
1083,57,1,1,300,21,1,2,0,25,0,1,23,2,0,0,0,1,1,1,26,25,26,0.5882,11,0,1,end_cap,1
1083,68,2,1,210,17,1,2,0,21,0,1,9,12,0,0,0,0,0,0,21,21,21,0.3666,7,1,0,still,0
1083,72,2,1,150,17,0,2,0,17,0,1,6,11,0,0,0,3,3,3,20,17,20,0.3633,6,1,0,still,0
1083,87,1,0,-1,21,0,1,0,25,0,0,25,0,0,0,1,0,0,0,25,26,26,0.5986,11,0,0,pending,0
1083,157,2,1,150,17,0,2,0,20,0,1,8,12,0,0,0,2,2,1,22,20,21,0.3232,7,1,0,still,0
1084,3,2,1,270,15,0,1,0,19,0,1,13,6,0,0,0,1,1,1,20,19,20,0.3376,6,1,0,still,0
1084,87,1,0,-1,21,0,1,0,25,0,0,25,0,0,0,1,0,0,0,25,26,26,0.5985,11,0,0,hop,1
1084,158,1,1,180,16,1,2,0,17,0,1,6,11,0,0,0,4,4,2,21,17,19,0.2587,5,1,0,still,0
1084,161,2,1,30,18,0,1,0,23,0,1,14,9,0,2,0,2,2,2,25,21,23,0.3780,9,1,0,still,0
1085,4,2,1,300,16,0,1,0,20,0,1,14,6,0,0,0,1,1,1,21,20,21,0.3076,6,1,0,end_cap,1
1085,117,3,1,300,18,0,1,0,27,0,1,16,11,0,0,0,0,0,0,27,27,27,0.3087,9,0,0,end_cap,1
1085,144,2,0,-1,9,0,3,0,12,0,0,12,0,0,1,0,0,0,0,12,11,11,0.4745,10,0,0,pending,0
1085,171,1,1,300,18,1,2,0,28,0,0,26,2,0,4,0,0,0,0,28,24,24,0.3697,11,0,1,end_cap,0
1086,16,1,1,150,19,0,2,0,19,0,1,13,6,0,0,0,2,2,2,21,19,21,0.5540,8,1,0,still,0
1086,144,2,0,-1,9,0,3,0,12,0,0,12,0,0,1,0,0,0,0,12,11,11,0.4743,10,0,0,hop,1
1086,166,1,1,150,22,0,1,0,26,0,1,22,4,0,2,0,1,1,1,27,24,25,0.3220,10,1,0,still,0
1086,168,1,1,150,19,0,1,1,29,0,1,25,4,0,5,0,0,0,0,29,24,24,0.3740,10,1,0,still,0
1087,115,2,1,270,16,0,2,0,23,0,1,16,7,0,0,0,0,0,0,23,23,23,0.2694,7,1,0,still,0
1088,50,1,1,90,19,1,2,0,19,0,1,12,7,0,0,1,2,2,2,21,20,22,0.6205,10,1,0,still,0
1088,170,2,1,240,18,5,7,0,21,0,1,14,7,0,0,1,2,2,2,23,22,24,0.5709,11,1,0,still,0
1089,40,1,1,270,16,0,2,0,20,0,1,15,5,0,0,0,0,0,0,20,20,20,0.3245,6,1,0,still,0
1090,113,1,1,210,16,0,2,0,20,0,1,14,6,0,2,1,0,0,0,20,19,19,0.3227,7,1,0,still,0
1091,21,2,0,-1,22,0,2,0,23,0,1,19,4,0,0,0,1,1,1,24,23,24,0.5013,11,1,0,start_jam,0
1091,76,3,1,120,17,4,7,0,21,0,1,12,9,0,0,1,2,2,2,23,22,24,0.5953,12,1,0,still,0
1091,100,1,1,300,15,1,2,0,12,0,1,7,5,0,0,0,6,6,6,18,12,18,0.3326,5,1,0,end_cap,1
1091,189,1,1,210,15,0,2,0,24,0,1,17,7,0,4,0,0,0,0,24,20,20,0.3634,9,1,0,still,0
1092,159,1,1,240,13,2,3,0,10,0,1,5,5,0,0,0,5,5,5,15,10,15,0.2620,5,1,0,still,0
1093,133,2,0,-1,13,4,5,0,20,0,0,20,0,0,2,0,0,0,0,20,18,18,0.5739,11,0,0,pending,0
1094,23,2,1,120,19,0,2,0,26,0,0,26,0,0,0,0,0,0,0,26,26,26,0.5273,10,0,0,end_clear,1
1094,123,2,1,180,15,0,3,0,16,0,1,8,8,0,0,0,3,3,3,19,16,19,0.3268,7,1,0,still,0
1094,133,2,0,-1,13,4,5,0,20,0,0,20,0,0,2,0,0,0,0,20,18,18,0.5740,11,0,0,hop,1
1094,165,1,1,120,23,0,2,0,25,0,1,20,5,0,2,0,2,2,2,27,23,25,0.3765,11,1,0,still,0
1095,7,2,1,210,19,0,2,0,25,0,1,16,9,0,0,0,0,0,0,25,25,25,0.4003,9,0,0,still,0
1096,28,2,0,-1,21,0,2,0,28,0,0,28,0,0,1,0,0,0,0,28,27,27,0.7102,15,0,0,pending,0
1096,151,1,1,90,18,0,1,0,25,0,1,13,12,0,3,0,0,0,0,25,22,22,0.4576,11,1,0,still,0
1097,28,2,0,-1,21,0,2,0,28,0,0,28,0,0,1,0,0,0,0,28,27,27,0.7104,15,0,0,hop,1
1099,139,1,1,210,18,0,2,0,23,0,1,13,10,0,3,0,1,1,1,24,20,21,0.5599,12,1,0,still,0
1099,154,2,1,300,17,0,1,0,21,0,1,12,9,0,0,0,1,1,0,22,21,21,0.3967,10,1,0,end_cap,1
1100,183,1,1,60,19,1,2,0,23,0,1,13,10,0,2,0,1,1,1,24,21,22,0.5165,12,1,0,still,0
1101,145,1,1,300,15,1,2,0,20,0,1,15,5,0,1,0,0,0,0,20,19,19,0.3957,8,1,0,end_cap,1
1102,83,1,1,300,22,0,3,0,24,0,1,23,1,0,0,0,1,1,1,25,24,25,0.5157,10,1,0,end_cap,0
1102,111,1,0,-1,4,3,7,0,4,0,0,4,0,0,0,0,0,0,0,4,4,4,0.1072,3,0,0,hop,1
1104,31,2,0,-1,21,3,6,0,26,0,0,26,0,0,0,1,0,0,0,26,27,27,0.6596,13,0,0,pending,0
1104,182,1,1,210,19,1,2,0,24,0,1,13,11,0,3,0,1,1,1,25,21,22,0.5439,13,1,0,still,0
1105,31,2,0,-1,21,3,6,0,26,0,0,26,0,0,0,1,0,0,0,26,27,27,0.6596,13,0,0,hop,1
1105,142,2,1,270,17,6,7,0,23,0,1,14,9,0,2,0,2,2,2,25,21,23,0.5966,12,1,0,still,0
1107,85,1,1,30,19,1,2,0,25,0,0,25,0,0,0,1,0,0,0,25,26,26,0.5719,10,0,0,end_clear,1
1107,126,2,0,-1,20,0,1,1,23,0,1,19,4,0,3,0,3,3,3,26,20,23,0.3764,11,1,0,start_jam,0
1109,19,3,1,210,21,0,2,0,23,0,1,21,2,0,0,0,2,2,2,25,23,25,0.5034,12,1,0,still,0
1109,49,2,1,180,18,1,7,0,21,0,1,14,7,0,0,0,2,2,2,23,21,23,0.6596,11,1,0,still,0
1109,55,2,1,180,21,1,2,0,26,0,1,26,0,0,0,0,1,1,1,27,26,27,0.4864,11,0,0,still,0
1110,29,2,0,-1,21,0,2,0,28,0,0,28,0,0,1,0,0,0,0,28,27,27,0.6687,14,0,0,pending,0
1110,140,1,1,90,18,0,2,0,22,0,1,13,9,0,2,0,1,1,1,23,20,21,0.5010,10,1,0,still,0
1110,141,2,1,90,18,0,1,1,22,0,1,12,10,0,1,0,1,1,1,23,21,22,0.4870,11,1,0,still,0
1110,199,1,1,210,13,1,3,0,12,0,1,6,6,0,0,0,4,4,4,16,12,16,0.2689,6,1,0,still,0
1111,1,2,1,210,18,0,2,0,21,0,1,13,8,0,0,0,0,0,0,21,21,21,0.3763,7,1,0,still,0
1111,29,2,0,-1,21,0,2,0,28,0,0,28,0,0,1,0,0,0,0,28,27,27,0.6688,14,0,0,hop,1
1111,103,1,0,-1,7,1,4,0,7,0,0,7,0,0,0,1,0,0,0,7,8,8,0.3279,7,0,0,pending,0
1111,153,1,1,300,18,0,1,0,19,0,1,12,7,0,1,0,1,1,0,20,18,18,0.2910,7,1,0,end_cap,1
1112,103,1,0,-1,7,1,4,0,7,0,0,7,0,0,0,1,0,0,0,7,8,8,0.3280,7,0,0,hop,1
1113,6,2,1,240,17,1,2,0,24,0,1,15,9,0,0,0,0,0,0,24,24,24,0.3719,8,0,1,still,0
1113,17,3,1,210,19,1,2,0,22,0,1,19,3,0,0,0,3,3,3,25,22,25,0.5326,12,1,0,still,0
1113,68,2,1,240,17,1,2,0,20,0,1,13,7,0,0,0,1,1,1,21,20,21,0.3669,7,1,0,still,0
1113,72,2,1,180,17,0,2,0,19,0,1,11,8,0,0,0,2,2,2,21,19,21,0.3623,6,1,0,still,0
1113,157,2,1,180,17,0,2,0,21,0,1,12,9,0,1,0,1,1,1,22,20,21,0.3233,7,1,0,still,0
1114,3,2,1,300,15,0,1,0,20,0,1,16,4,0,0,0,0,0,0,20,20,20,0.3389,6,1,0,end_cap,1
1114,107,2,0,-1,17,0,6,0,21,0,0,21,0,0,2,2,0,0,0,21,21,21,0.6675,14,0,0,hop,1
1114,158,1,1,210,16,1,2,0,20,0,1,12,8,0,2,0,1,1,1,21,18,19,0.2587,5,1,0,still,0
1114,161,2,1,60,18,0,1,0,23,0,1,15,8,0,2,0,2,2,2,25,21,23,0.4284,10,1,0,still,0
1116,16,1,1,180,19,0,2,0,19,0,1,14,5,0,0,0,2,2,2,21,19,21,0.5910,9,1,0,still,0
1116,166,1,1,180,22,0,1,0,26,0,1,24,2,0,2,0,1,1,1,27,24,25,0.3220,10,0,0,still,0
1116,168,1,1,180,19,0,1,1,29,0,0,28,1,0,5,0,0,0,0,29,24,24,0.3740,10,0,0,end_clear,1
1117,115,2,1,300,15,0,1,0,23,0,1,16,7,0,1,0,0,0,0,23,22,22,0.2696,7,1,0,end_cap,1
1118,50,1,1,120,19,1,2,0,19,0,1,13,6,0,0,1,2,2,2,21,20,22,0.6201,10,1,0,still,0
1118,110,1,0,-1,12,1,3,0,15,0,0,15,0,0,0,0,0,0,0,15,15,15,0.6194,9,0,0,pending,0
1118,170,2,1,270,18,5,7,0,21,0,1,13,8,0,0,1,2,2,2,23,22,24,0.5713,11,1,0,still,0
1119,40,1,1,300,16,0,1,0,20,0,1,15,5,0,0,0,0,0,0,20,20,20,0.3247,6,1,0,end_cap,1
1119,110,1,0,-1,12,1,3,0,15,0,0,15,0,0,0,0,0,0,0,15,15,15,0.6194,9,0,0,hop,1
1120,113,1,1,240,15,0,2,0,21,0,1,19,2,0,2,0,0,0,0,21,19,19,0.3227,7,1,0,still,0
1120,152,1,0,-1,4,4,7,0,5,0,0,5,0,0,0,0,0,0,0,5,5,5,0.1458,4,0,0,hop,1
1121,21,2,1,30,22,0,2,0,24,0,1,23,1,0,0,0,0,0,0,24,24,24,0.5372,12,0,1,still,0
1121,62,2,0,-1,22,1,2,0,28,0,0,28,0,0,0,0,0,0,0,28,28,28,0.6063,13,0,0,hop,1
1121,76,3,1,150,17,4,7,0,21,0,1,12,9,0,0,1,2,2,2,23,22,24,0.5953,12,1,0,still,0
1121,189,1,1,240,15,0,2,0,22,0,1,21,1,0,4,0,2,2,2,24,18,20,0.4146,10,1,0,still,0
1122,159,1,1,270,13,2,3,0,12,0,1,8,4,0,0,0,3,3,3,15,12,15,0.2620,5,1,0,still,0
1123,155,1,0,-1,2,0,3,1,2,0,0,2,0,0,0,1,0,0,0,2,3,3,0.0739,1,0,0,pending,0
1124,123,2,1,210,15,0,3,0,16,0,1,12,4,0,0,0,2,2,2,18,16,18,0.2723,6,1,0,still,0
1124,127,1,0,-1,20,1,2,0,24,0,1,20,4,0,4,0,2,2,2,26,20,22,0.4042,11,1,0,start_jam,0
1124,155,1,0,-1,2,0,3,1,2,0,0,2,0,0,0,1,0,0,0,2,3,3,0.0739,1,0,0,hop,1
1124,165,1,1,150,23,0,2,0,26,0,1,23,3,0,2,0,1,1,1,27,24,25,0.3765,11,1,0,still,0
1125,7,2,1,240,19,0,1,0,23,0,1,16,7,0,0,0,2,2,2,25,23,25,0.3997,9,0,0,still,0
1126,151,1,1,120,19,0,1,0,23,0,1,13,10,0,3,0,2,2,2,25,20,22,0.4587,11,1,0,still,0
1128,2,1,0,-1,18,0,2,1,18,0,1,15,3,0,1,0,1,1,1,19,17,18,0.3784,6,1,0,start_jam,0
1129,139,1,1,240,18,0,2,0,21,0,1,13,8,0,3,0,3,3,3,24,18,21,0.5599,12,1,0,still,0
1130,34,1,0,-1,7,0,4,1,8,0,0,8,0,0,1,0,0,0,0,8,7,7,0.3232,8,0,0,hop,1
1130,183,1,1,90,19,1,2,0,21,0,1,13,8,0,2,0,3,3,3,24,19,22,0.5165,12,1,0,still,0
1131,194,1,0,-1,18,0,2,0,24,0,1,14,10,0,3,0,2,2,2,26,21,23,0.4350,11,1,0,start_jam,0
1132,65,1,0,-1,19,2,6,0,22,0,0,22,0,0,0,0,0,0,0,22,22,22,0.6591,11,0,0,hop,1
1132,86,1,0,-1,20,0,3,1,26,0,0,26,0,0,1,1,0,0,0,26,26,26,0.6435,11,0,0,hop,1
1133,119,1,0,-1,19,1,2,0,24,0,1,14,10,0,3,1,2,2,2,26,22,24,0.4123,9,1,0,start_jam,0
1134,97,3,0,-1,5,1,3,0,6,0,0,6,0,0,0,0,0,0,0,6,6,6,0.1462,5,0,0,pending,0
1134,182,1,1,240,19,1,2,0,22,0,1,13,9,0,3,0,3,3,3,25,19,22,0.5439,13,1,0,still,0
1135,67,2,0,-1,16,2,4,0,16,0,0,16,0,0,0,2,0,0,0,16,18,18,0.6555,11,0,0,pending,0
1135,97,3,0,-1,5,1,3,0,6,0,0,6,0,0,0,0,0,0,0,6,6,6,0.1463,5,0,0,hop,1
1135,142,2,1,300,17,6,7,0,21,0,1,12,9,0,2,0,4,4,4,25,19,23,0.5967,12,1,0,end_cap,1
1136,67,2,0,-1,16,2,4,0,16,0,0,16,0,0,0,2,0,0,0,16,18,18,0.6555,11,0,0,hop,1
1136,90,1,0,-1,22,1,6,0,25,0,0,25,0,0,0,1,0,0,0,25,26,26,0.6795,14,0,0,pending,0
1137,77,3,0,-1,17,0,7,0,21,0,1,14,7,0,1,0,4,4,4,25,20,24,0.6056,13,1,0,start_jam,0
1137,90,1,0,-1,22,1,6,0,25,0,0,25,0,0,0,1,0,0,0,25,26,26,0.6795,14,0,0,hop,1
1137,126,2,1,30,19,0,1,1,23,0,1,19,4,0,3,0,3,3,3,26,20,23,0.3765,11,1,0,still,0
1139,19,3,1,240,20,0,2,0,23,0,1,22,1,0,0,0,2,2,2,25,23,25,0.4753,11,1,0,still,0
1139,49,2,1,210,18,1,7,0,18,0,1,12,6,0,0,1,4,4,4,22,19,23,0.5606,10,1,0,still,0
1139,55,2,1,210,21,1,2,0,26,0,0,26,0,0,0,0,0,0,0,26,26,26,0.4539,10,0,0,end_clear,1
1140,140,1,1,120,18,0,2,0,22,0,1,13,9,0,2,0,1,1,1,23,20,21,0.5010,10,1,0,still,0
1140,141,2,1,120,18,0,1,1,21,0,1,11,10,0,1,0,2,2,2,23,20,22,0.4870,11,1,0,still,0
1140,199,1,1,240,13,1,3,0,8,0,1,7,1,0,0,0,8,8,8,16,8,16,0.2689,6,1,0,still,0
1141,1,2,1,240,18,0,2,0,19,0,1,16,3,0,0,0,2,2,2,21,19,21,0.3763,7,1,0,still,0
1143,6,2,1,270,18,0,2,0,23,0,1,14,9,0,0,0,1,1,1,24,23,24,0.3718,8,0,1,still,0
1143,17,3,1,240,19,1,2,0,23,0,1,20,3,0,0,0,2,2,2,25,23,25,0.5346,12,1,0,still,0
1143,68,2,1,270,17,1,2,0,18,0,1,15,3,0,0,0,3,3,3,21,18,21,0.3362,6,1,0,still,0
1143,72,2,1,210,17,0,2,0,16,0,1,13,3,0,0,0,5,5,5,21,16,21,0.3621,6,1,0,still,0
1143,89,1,0,-1,23,1,3,0,25,0,0,25,0,0,0,1,0,0,0,25,26,26,0.6446,13,0,0,pending,0
1143,157,2,1,210,17,0,2,0,17,0,1,14,3,0,0,0,5,5,4,22,17,21,0.3234,7,1,0,still,0
1144,89,1,0,-1,23,1,3,0,25,0,0,25,0,0,0,1,0,0,0,25,26,26,0.6447,13,0,0,hop,1
1144,158,1,1,240,16,1,2,0,15,0,1,12,3,0,1,0,5,5,4,20,14,18,0.2587,5,1,0,still,0
1144,161,2,1,90,18,0,1,0,22,0,1,14,8,0,2,0,3,3,3,25,20,23,0.4284,10,1,0,still,0
1146,16,1,1,210,19,0,2,0,18,0,1,14,4,0,0,0,3,3,3,21,18,21,0.5910,9,1,0,still,0
1146,44,1,0,-1,18,0,1,0,21,0,1,10,11,0,0,1,0,0,0,21,22,22,0.5063,9,1,0,start_jam,0
1146,166,1,1,210,22,0,1,0,27,0,0,26,1,0,2,0,0,0,0,27,25,25,0.3489,10,0,0,end_clear,1
1148,50,1,1,150,19,1,2,0,20,0,1,14,6,0,0,1,1,1,1,21,21,22,0.6204,10,1,0,still,0
1148,108,1,0,-1,16,1,2,0,17,0,0,17,0,0,1,1,0,0,0,17,17,17,0.6551,10,0,0,hop,1
1148,170,2,1,300,18,5,7,0,21,0,1,12,9,0,0,1,2,2,2,23,22,24,0.5710,11,1,0,end_cap,1
1150,13,2,0,-1,17,1,2,0,20,0,1,11,9,0,0,0,1,1,1,21,20,21,0.6266,12,1,0,start_jam,0
1150,91,1,0,-1,21,0,4,0,26,0,0,26,0,0,0,0,0,0,0,26,26,26,0.7172,13,0,0,hop,1
1150,113,1,1,270,16,0,2,0,20,0,1,17,3,0,2,1,1,1,1,21,19,20,0.3226,7,1,0,still,0
1151,21,2,1,60,21,0,2,0,25,0,0,25,0,0,0,0,0,0,0,25,25,25,0.5398,12,0,0,end_clear,1
1151,76,3,1,180,17,4,5,0,22,0,1,14,8,0,0,0,2,2,2,24,22,24,0.5952,12,1,0,still,0
1151,189,1,1,270,15,0,2,0,20,0,1,17,3,0,1,0,2,2,1,22,19,20,0.4165,10,1,0,still,0
1152,99,2,0,-1,10,1,3,0,12,0,0,12,0,0,0,0,0,0,0,12,12,12,0.5620,11,0,0,hop,1
1152,159,1,1,300,13,2,3,0,8,0,1,7,1,0,0,0,7,7,7,15,8,15,0.2620,5,1,0,end_cap,1
1153,179,1,0,-1,3,1,2,0,3,0,0,3,0,0,0,0,0,0,0,3,3,3,0.0706,2,0,0,hop,1
1154,9,1,0,-1,20,1,2,0,23,0,1,10,13,0,0,0,0,0,0,23,23,23,0.5096,9,1,0,start_jam,0
1154,123,2,1,240,15,0,3,0,12,0,1,11,1,0,0,0,6,6,6,18,12,18,0.3268,7,1,0,still,0
1154,127,1,1,30,19,1,2,0,26,0,1,23,3,0,4,0,0,0,0,26,22,22,0.3773,10,0,1,still,0
1154,138,1,0,-1,22,0,1,1,30,0,0,30,0,0,4,0,0,0,0,30,26,26,0.3962,12,0,0,pending,0
1154,165,1,1,180,23,0,2,1,27,0,0,26,1,0,2,0,0,0,0,27,25,25,0.3765,11,0,0,end_clear,1
1155,7,2,1,270,19,0,1,0,25,0,1,13,12,0,0,0,0,0,0,25,25,25,0.3997,9,1,0,still,0
1155,138,1,0,-1,22,0,1,1,30,0,0,30,0,0,4,0,0,0,0,30,26,26,0.3962,12,0,0,hop,1
1156,151,1,1,150,19,0,1,0,25,0,1,11,14,0,3,0,0,0,0,25,22,22,0.4324,10,1,0,still,0
1157,143,1,0,-1,22,5,6,0,24,0,0,24,0,0,0,1,0,0,0,24,25,25,0.7284,14,0,0,hop,1
1158,2,1,1,30,18,0,2,0,17,0,1,14,3,0,1,0,2,2,2,19,16,18,0.3786,6,1,0,still,0
1158,88,1,0,-1,21,2,3,0,26,0,0,26,0,0,0,1,0,0,0,26,27,27,0.6096,12,0,0,hop,1
1158,160,1,0,-1,1,0,1,1,0,0,0,0,0,0,0,0,0,0,0,0,0,0,0.0000,0,0,0,pending,0
1159,139,1,1,270,18,0,2,0,23,0,1,12,11,0,3,0,1,1,1,24,20,21,0.5599,12,1,0,still,0
1159,160,1,0,-1,1,0,1,1,0,0,0,0,0,0,0,0,0,0,0,0,0,0,0.0000,0,0,0,hop,1
1160,183,1,1,120,19,1,2,0,23,0,1,13,10,0,2,0,1,1,1,24,21,22,0.5164,12,1,0,still,0
1161,194,1,1,30,18,0,2,0,27,0,1,12,15,0,4,0,0,0,0,27,23,23,0.4349,11,1,0,still,0
1163,119,1,1,30,20,1,2,0,26,0,1,12,14,0,2,1,0,0,0,26,25,25,0.3828,8,1,0,still,0
1164,5,2,0,-1,16,0,1,0,22,0,1,12,10,0,0,0,1,1,1,23,22,23,0.3458,8,1,0,start_jam,0
1164,14,1,0,-1,18,0,1,0,18,0,1,10,8,0,0,1,2,2,2,20,19,21,0.5910,10,1,0,start_jam,0
1164,177,1,0,-1,22,0,2,1,30,0,0,30,0,0,3,0,0,0,0,30,27,27,0.3971,12,0,0,pending,0
1164,182,1,1,270,19,1,2,0,24,0,1,11,13,0,3,0,1,1,1,25,21,22,0.5439,13,1,0,still,0
1165,177,1,0,-1,22,0,2,1,30,0,0,30,0,0,3,0,0,0,0,30,27,27,0.3706,11,0,0,hop,1
1167,77,3,1,30,17,0,7,0,23,0,1,18,5,0,1,0,2,2,2,25,22,24,0.6058,13,1,0,still,0
1167,126,2,1,60,19,0,1,1,25,0,1,23,2,0,3,0,1,1,1,26,22,23,0.3514,10,0,1,still,0
1168,132,1,0,-1,22,4,5,0,23,0,0,23,0,0,0,3,0,0,0,23,26,26,0.6193,11,0,0,pending,0
1168,174,1,0,-1,17,0,1,0,23,0,0,23,0,0,4,1,0,0,0,23,20,20,0.7472,13,0,0,hop,1
1169,19,3,1,270,20,0,2,0,25,0,1,25,0,0,0,0,0,0,0,25,25,25,0.5055,12,0,0,still,0
1169,49,2,1,240,18,1,7,0,21,0,1,16,5,0,0,1,1,1,1,22,22,23,0.5606,10,1,0,still,0
1169,132,1,0,-1,22,4,5,0,23,0,0,23,0,0,0,3,0,0,0,23,26,26,0.6193,11,0,0,hop,1
1170,140,1,1,150,18,0,2,0,22,0,1,12,10,0,2,0,1,1,1,23,20,21,0.5010,10,1,0,still,0
1170,141,2,1,150,18,0,1,1,21,0,1,12,9,0,1,0,2,2,2,23,20,22,0.4873,11,1,0,still,0
1170,199,1,1,270,13,1,3,0,9,0,1,8,1,0,0,0,7,7,7,16,9,16,0.2689,6,1,0,still,0
1171,1,2,1,270,18,0,2,0,18,0,1,14,4,0,0,0,3,3,3,21,18,21,0.3763,7,1,0,still,0
1173,6,2,1,300,18,0,2,0,24,0,1,11,13,0,0,0,1,1,1,25,24,25,0.3717,8,1,0,end_cap,1
1173,17,3,1,270,19,1,2,0,25,0,1,23,2,0,0,0,0,0,0,25,25,25,0.5358,12,0,1,still,0
1173,68,2,1,300,17,1,2,0,17,0,1,15,2,0,0,0,4,4,4,21,17,21,0.3362,6,1,0,end_cap,1
1173,72,2,1,240,16,0,2,0,16,0,1,14,2,0,0,0,5,5,5,21,16,21,0.3621,6,1,0,still,0
1173,157,2,1,240,17,0,2,0,17,0,1,15,2,0,0,0,5,5,4,22,17,21,0.3234,7,1,0,still,0
1174,158,1,1,270,16,1,2,0,16,0,1,13,3,0,1,0,4,4,3,20,15,18,0.3162,6,1,0,still,0
1174,161,2,1,120,18,0,1,0,24,0,1,17,7,0,2,0,1,1,1,25,22,23,0.4284,10,1,0,still,0
1176,16,1,1,240,19,0,2,0,20,0,1,17,3,0,0,0,1,1,1,21,20,21,0.5910,9,1,0,still,0
1176,44,1,1,30,18,0,1,0,21,0,1,9,12,0,0,1,0,0,0,21,22,22,0.5066,9,1,0,still,0
1178,50,1,1,180,19,1,2,0,20,0,1,16,4,0,0,1,1,1,1,21,21,22,0.6204,10,1,0,still,0
1179,33,3,0,-1,11,2,3,0,16,0,0,16,0,0,1,0,0,0,0,16,15,15,0.4794,9,0,0,pending,0
1180,13,2,1,30,17,1,2,0,20,0,1,10,10,0,0,0,1,1,1,21,20,21,0.5936,11,1,0,still,0
1180,33,3,0,-1,11,2,3,0,16,0,0,16,0,0,1,0,0,0,0,16,15,15,0.4794,9,0,0,hop,1
1180,113,1,1,300,16,0,2,0,20,0,1,16,4,0,2,1,1,1,1,21,19,20,0.3226,7,1,0,end_cap,1
1181,35,2,0,-1,18,1,2,0,20,0,1,15,5,0,0,1,0,0,0,20,21,21,0.3895,7,1,0,start_jam,0
1181,76,3,1,210,17,4,7,0,21,0,1,14,7,0,0,1,2,2,2,23,22,24,0.5953,12,1,0,still,0
1181,189,1,1,300,15,0,2,0,21,0,1,17,4,0,2,0,1,1,1,22,19,20,0.4179,10,1,0,end_cap,1
1184,9,1,1,30,20,1,2,0,22,0,1,9,13,0,0,0,1,1,1,23,22,23,0.5103,9,1,0,still,0
1184,26,3,0,-1,21,1,2,0,28,0,0,28,0,0,0,1,0,0,0,28,29,29,0.6243,15,0,0,pending,0
1184,123,2,1,270,15,0,3,0,17,0,1,12,5,0,0,0,2,2,2,19,17,19,0.3268,7,1,0,still,0
1184,127,1,1,60,19,0,1,0,26,0,0,24,2,0,4,0,0,0,0,26,22,22,0.4042,11,0,0,end_clear,1
1185,7,2,1,300,19,0,1,0,23,0,1,12,11,0,0,0,2,2,2,25,23,25,0.4005,9,1,0,end_cap,1
1185,15,1,0,-1,17,3,7,0,18,0,1,12,6,0,0,0,2,2,2,20,18,20,0.6251,10,1,0,start_jam,0
1185,26,3,0,-1,21,1,2,0,28,0,0,28,0,0,0,1,0,0,0,28,29,29,0.6243,15,0,0,hop,1
1186,58,1,0,-1,16,1,2,0,24,0,0,24,0,0,0,1,0,0,0,24,25,25,0.5414,9,0,0,hop,1
1186,151,1,1,180,19,0,1,0,24,0,1,9,15,0,2,0,1,1,0,25,22,22,0.4387,10,1,0,still,0
1186,169,1,0,-1,18,0,1,0,16,0,1,8,8,0,0,2,2,2,2,18,18,20,0.6347,10,1,0,start_jam,0
1187,71,2,0,-1,10,2,3,0,13,0,0,13,0,0,0,0,0,0,0,13,13,13,0.4805,9,0,0,pending,0
1188,2,1,1,60,18,0,2,0,20,0,1,17,3,0,1,0,0,0,0,20,19,19,0.3805,6,1,0,still,0
1188,47,2,0,-1,19,0,2,0,20,0,1,9,11,0,0,1,2,2,2,22,21,23,0.6491,12,1,0,start_jam,0
1188,71,2,0,-1,10,2,3,0,13,0,0,13,0,0,0,0,0,0,0,13,13,13,0.4804,9,0,0,hop,1
1189,136,2,0,-1,10,0,3,0,15,0,0,15,0,0,1,0,0,0,0,15,14,14,0.5953,11,0,0,pending,0
1189,139,1,1,300,18,0,2,0,22,0,1,8,14,0,2,0,2,2,1,24,20,21,0.5599,12,1,0,end_cap,0
1190,136,2,0,-1,10,0,3,0,15,0,0,15,0,0,1,0,0,0,0,15,14,14,0.5952,11,0,0,hop,1
1190,183,1,1,150,19,1,2,0,23,0,1,9,14,0,2,0,1,1,1,24,21,22,0.5981,13,1,0,still,0
1191,75,1,0,-1,6,5,10,0,6,0,0,6,0,0,0,0,0,0,0,6,6,6,0.2939,6,0,0,pending,0
1191,144,2,0,-1,9,9,10,0,12,0,0,12,0,0,1,0,0,0,0,12,11,11,0.4441,9,0,0,hop,1
1191,194,1,1,60,18,0,2,1,26,0,1,9,17,0,4,0,1,1,1,27,22,23,0.4348,11,1,0,still,0
1192,75,1,0,-1,6,5,10,0,6,0,0,6,0,0,0,0,0,0,0,6,6,6,0.2938,6,0,0,hop,1
1193,119,1,1,60,20,1,2,0,24,0,1,8,16,0,2,1,1,1,1,25,23,24,0.4122,9,1,0,still,0
1194,5,2,1,30,16,0,1,0,22,0,1,13,9,0,0,0,1,1,1,23,22,23,0.3461,8,1,0,still,0
1194,14,1,1,30,19,0,1,0,18,0,1,8,10,0,0,2,2,2,2,20,20,22,0.5910,10,1,0,still,0
1194,182,1,1,300,19,1,2,0,23,0,1,9,14,0,2,0,2,2,1,25,21,22,0.5709,14,1,0,end_cap,0
1196,66,1,0,-1,17,0,1,0,20,0,0,20,0,0,1,0,0,0,0,20,19,19,0.6215,9,0,0,pending,0
1197,66,1,0,-1,17,0,1,0,20,0,0,20,0,0,1,0,0,0,0,20,19,19,0.6216,9,0,0,hop,1
1197,77,3,1,60,17,0,7,0,24,0,1,19,5,0,1,0,1,1,1,25,23,24,0.6058,13,1,0,still,0
1197,126,2,1,90,19,0,1,1,26,0,1,24,2,0,3,0,0,0,0,26,23,23,0.3765,11,0,0,still,0
1198,25,2,0,-1,20,0,2,0,28,0,0,28,0,0,0,0,0,0,0,28,28,28,0.5923,12,0,0,hop,1
1199,19,3,1,300,20,0,2,0,25,0,0,25,0,0,0,0,0,0,0,25,25,25,0.5052,12,0,0,end_cap,1
1199,49,2,1,270,18,1,7,0,21,0,1,18,3,0,0,1,1,1,1,22,22,23,0.5606,10,1,0,still,0
1200,140,1,1,180,18,0,2,0,22,0,1,10,12,0,2,0,1,1,1,23,20,21,0.5895,11,1,0,still,0
1200,141,2,1,180,18,0,1,1,23,0,1,13,10,0,1,0,2,2,2,25,22,24,0.4890,11,1,0,still,0
1200,199,1,1,300,13,1,3,0,14,0,1,9,5,0,0,0,2,2,2,16,14,16,0.2690,6,1,0,end_cap,1
1201,1,2,1,300,18,0,2,0,20,0,1,17,3,0,0,0,1,1,1,21,20,21,0.3779,7,1,0,end_cap,1
1203,17,3,1,300,19,1,2,0,25,0,1,25,0,0,0,0,0,0,0,25,25,25,0.5358,12,0,0,end_cap,1
1203,72,2,1,270,16,0,2,0,18,0,1,16,2,0,0,0,3,3,3,21,18,21,0.3629,6,1,0,still,0
1203,157,2,1,270,17,0,2,0,21,0,1,18,3,0,1,0,1,1,1,22,20,21,0.3234,7,1,0,still,0
1204,158,1,1,300,16,1,2,0,18,0,1,15,3,0,2,0,2,2,2,20,16,18,0.2587,5,1,0,end_cap,1
1204,161,2,1,150,18,0,1,0,24,0,1,20,4,0,2,0,1,1,1,25,22,23,0.4284,10,1,0,still,0
1205,135,1,0,-1,21,0,1,0,31,1,0,31,0,0,3,0,0,0,0,31,28,28,0.3717,10,0,0,start_crowd,0
1206,16,1,1,270,19,0,2,1,20,0,1,20,0,0,0,0,1,1,1,21,20,21,0.5910,9,0,0,still,0
1206,44,1,1,60,18,0,1,0,22,0,1,8,14,0,0,0,0,0,0,22,22,22,0.5066,9,1,0,still,0
1208,50,1,1,210,19,1,2,0,19,0,1,18,1,0,0,1,1,1,1,20,20,21,0.6203,10,0,1,still,0
1210,13,2,1,60,17,1,2,0,20,0,1,9,11,0,0,0,1,1,1,21,20,21,0.5936,11,1,0,still,0
1210,85,1,0,-1,19,1,2,0,25,0,1,24,1,0,0,1,0,0,0,25,26,26,0.5720,10,0,0,start_jam,0
1210,124,1,0,-1,2,0,10,1,2,0,0,2,0,0,0,0,0,0,0,2,2,2,0.1100,2,0,0,pending,0
1211,35,2,1,30,19,1,2,0,20,0,1,18,2,0,0,1,2,2,2,22,21,23,0.3888,7,1,0,still,0
1211,76,3,1,240,17,4,7,0,20,0,1,15,5,0,0,1,2,2,2,22,21,23,0.5953,12,1,0,still,0
1211,111,1,0,-1,4,3,10,0,5,0,0,5,0,0,0,0,0,0,0,5,5,5,0.1435,4,0,0,hop,1
1211,124,1,0,-1,2,0,10,1,2,0,0,2,0,0,0,0,0,0,0,2,2,2,0.1101,2,0,0,hop,1
1211,186,1,0,-1,15,0,2,0,21,0,0,21,0,0,4,0,0,0,0,21,17,17,0.6467,11,0,0,pending,0
1212,186,1,0,-1,15,0,2,0,21,0,0,21,0,0,4,0,0,0,0,21,17,17,0.6468,11,0,0,hop,1
1214,9,1,1,60,20,1,2,0,22,0,1,8,14,0,0,0,1,1,1,23,22,23,0.5090,9,1,0,still,0
1214,73,2,0,-1,10,0,3,0,11,0,0,11,0,0,0,0,0,0,0,11,11,11,0.4175,9,0,0,hop,1
1214,123,2,1,300,15,0,2,0,17,0,1,14,3,0,0,0,2,2,2,19,17,19,0.3270,7,1,0,end_cap,1
1215,15,1,1,30,17,3,7,0,18,0,1,14,4,0,0,0,2,2,2,20,18,20,0.6257,10,1,0,still,0
1215,92,1,0,-1,18,1,5,0,20,0,0,20,0,0,0,1,0,0,0,20,21,21,0.6237,10,0,0,pending,0
1216,57,1,0,-1,20,1,2,0,24,0,1,22,2,0,0,0,0,0,0,24,24,24,0.5910,11,0,1,start_jam,0
1216,92,1,0,-1,18,1,5,0,20,0,0,20,0,0,0,1,0,0,0,20,21,21,0.6238,10,0,0,hop,1
1216,151,1,1,210,19,0,1,0,24,0,1,10,14,0,2,0,1,1,0,25,22,22,0.4412,10,1,0,still,0
1216,169,1,1,30,18,0,1,0,17,0,1,11,6,0,0,2,2,2,2,19,19,21,0.6350,10,1,0,still,0
1218,2,1,1,90,18,0,2,0,20,0,1,18,2,0,1,0,1,1,1,21,19,20,0.3824,6,1,0,still,0
1218,47,2,1,30,19,0,2,0,20,0,1,11,9,0,0,1,2,2,2,22,21,23,0.6491,12,1,0,still,0
1220,101,3,0,-1,8,7,9,0,9,0,0,9,0,0,0,0,0,0,0,9,9,9,0.2962,8,0,0,hop,1
1220,183,1,1,180,19,1,2,0,23,0,1,11,12,0,2,0,1,1,1,24,21,22,0.5982,13,1,0,still,0
1221,194,1,1,90,18,0,2,1,25,0,1,9,16,0,4,0,1,1,1,26,21,22,0.4346,11,1,0,still,0
1223,56,1,0,-1,21,0,2,0,22,0,1,19,3,0,0,0,0,0,0,22,22,22,0.5012,10,1,0,start_jam,0
1223,119,1,1,90,20,1,2,0,24,0,1,9,15,0,2,1,1,1,1,25,23,24,0.4121,9,1,0,still,0
1224,5,2,1,60,16,0,1,0,22,0,1,14,8,0,0,0,1,1,1,23,22,23,0.3461,8,1,0,still,0
1224,14,1,1,60,19,0,1,0,18,0,1,10,8,0,0,2,2,2,2,20,20,22,0.5910,10,1,0,still,0
1224,40,1,0,-1,15,1,2,0,18,0,1,11,7,0,0,1,1,1,1,19,19,20,0.3245,6,1,0,start_jam,0
1226,84,1,0,-1,19,0,2,0,23,0,1,20,3,0,1,1,0,0,0,23,23,23,0.5834,11,0,1,start_jam,0
1227,77,3,1,90,17,0,7,0,24,0,1,17,7,0,1,0,1,1,1,25,23,24,0.6060,13,1,0,still,0
1227,126,2,1,120,19,0,1,1,26,0,1,22,4,0,3,0,0,0,0,26,23,23,0.3765,11,1,0,still,0
1229,10,1,0,-1,20,0,2,0,23,0,1,7,16,0,0,0,1,1,1,24,23,24,0.5458,9,1,0,start_jam,0
1229,49,2,1,300,18,1,7,0,21,0,1,15,6,0,0,1,1,1,1,22,22,23,0.5606,10,0,1,end_cap,1
1230,140,1,1,210,18,0,2,1,21,0,1,11,10,0,1,0,1,1,1,22,20,21,0.5012,10,1,0,still,0
1230,141,2,1,210,18,0,1,0,23,0,1,14,9,0,1,0,2,2,2,25,22,24,0.4907,11,1,0,still,0
1232,188,1,0,-1,16,1,2,0,21,0,1,16,5,0,2,0,2,2,2,23,19,21,0.3514,9,1,0,start_jam,0
1233,72,2,1,300,15,0,2,0,20,0,1,15,5,0,0,0,1,1,1,21,20,21,0.3631,6,1,0,end_cap,1
1233,157,2,1,300,17,0,2,0,21,0,1,17,4,0,1,0,1,1,1,22,20,21,0.3234,7,1,0,end_cap,1
1234,161,2,1,180,18,0,1,0,25,0,1,18,7,0,3,0,1,1,1,26,22,23,0.4284,10,1,0,still,0
1235,135,1,1,30,21,0,1,0,31,1,0,31,0,0,3,0,0,0,0,31,28,28,0.3716,10,0,0,still,0
1236,16,1,1,300,19,0,2,0,20,0,1,16,4,0,0,0,1,1,1,21,20,21,0.5903,9,1,0,end_cap,1
1236,44,1,1,90,17,0,1,0,22,0,1,10,12,0,0,0,0,0,0,22,22,22,0.5066,9,1,0,still,0
1236,168,1,0,-1,18,0,1,0,27,0,1,23,4,0,4,0,1,1,1,28,23,24,0.3740,10,1,0,start_jam,0
1237,102,2,0,-1,1,0,1,1,0,0,0,0,0,0,0,0,0,0,0,0,0,0,0.0000,0,0,0,pending,0
1238,50,1,1,240,20,1,2,0,20,0,1,16,4,0,0,1,1,1,1,21,21,22,0.6189,10,1,0,still,0
1238,102,2,0,-1,1,0,1,1,0,0,0,0,0,0,0,0,0,0,0,0,0,0,0.0000,0,0,0,hop,1
1240,13,2,1,90,17,1,2,0,20,0,1,11,9,0,0,0,1,1,1,21,20,21,0.5936,11,1,0,still,0
1240,85,1,1,30,18,1,2,0,24,0,1,23,1,0,0,1,0,0,0,24,25,25,0.5718,10,0,0,still,0
1241,35,2,1,60,18,1,2,0,20,0,1,15,5,0,0,1,1,1,1,21,21,22,0.3894,7,1,0,still,0
1241,76,3,1,270,17,4,7,0,20,0,1,16,4,0,0,1,2,2,2,22,21,23,0.5953,12,1,0,still,0
1244,9,1,1,90,20,1,2,0,22,0,1,8,14,0,0,0,1,1,1,23,22,23,0.5079,9,1,0,still,0
1244,90,1,0,-1,22,3,4,0,26,0,0,26,0,0,0,0,0,0,0,26,26,26,0.7152,15,0,0,hop,1
1245,15,1,1,60,17,3,7,0,18,0,1,15,3,0,0,0,2,2,2,20,18,20,0.6279,10,1,0,still,0
1246,57,1,1,30,19,1,2,0,23,0,1,19,4,0,0,0,0,0,0,23,23,23,0.5903,11,0,1,still,0
1246,151,1,1,240,19,0,1,0,24,0,1,11,13,0,2,0,1,1,0,25,22,22,0.4412,10,1,0,still,0
1246,169,1,1,60,18,0,1,0,18,0,1,14,4,0,0,1,2,2,2,20,19,21,0.7060,11,1,0,still,0
1247,31,2,0,-1,21,3,5,0,25,0,0,25,0,0,0,1,0,0,0,25,26,26,0.6596,13,0,0,pending,0
1248,2,1,1,120,18,0,2,0,20,0,1,15,5,0,1,0,1,1,1,21,19,20,0.3824,6,1,0,still,0
1248,31,2,0,-1,21,3,5,0,25,0,0,25,0,0,0,1,0,0,0,25,26,26,0.6596,13,0,0,hop,1
1248,47,2,1,60,19,0,2,0,20,0,1,13,7,0,0,1,2,2,2,22,21,23,0.6491,12,1,0,still,0
1248,179,1,0,-1,2,0,9,1,3,0,0,3,0,0,0,0,0,0,0,3,3,3,0.0709,2,0,0,hop,1
1250,159,1,0,-1,13,2,3,0,15,0,0,13,2,0,0,1,0,0,0,15,16,16,0.2620,5,0,0,hop,1
1250,183,1,1,210,19,1,2,0,22,0,1,12,10,0,1,0,1,1,1,23,21,22,0.5438,12,1,0,still,0
1251,194,1,1,120,19,0,2,1,25,0,1,10,15,0,3,0,1,1,1,26,22,23,0.4072,10,1,0,still,0
1253,56,1,1,30,20,0,2,0,20,0,1,15,5,0,0,0,0,0,0,20,20,20,0.5014,10,1,0,still,0
1253,119,1,1,120,20,1,2,0,23,0,1,10,13,0,2,0,2,2,3,25,21,24,0.4120,9,1,0,still,0
1254,5,2,1,90,16,0,1,0,18,0,1,12,6,0,0,0,5,5,5,23,18,23,0.3461,8,1,0,still,0
1254,14,1,1,90,19,0,1,0,18,0,1,12,6,0,0,2,2,2,2,20,20,22,0.5910,10,1,0,still,0
1254,40,1,1,30,15,1,2,0,15,0,1,10,5,0,0,1,4,4,4,19,16,20,0.3245,6,1,0,still,0
1255,117,3,0,-1,18,1,2,0,23,0,1,11,12,0,1,0,4,4,4,27,22,26,0.3989,12,1,0,start_jam,0
1256,84,1,1,30,18,0,2,0,22,0,1,19,3,0,1,1,0,0,0,22,22,22,0.5835,11,0,1,still,0
1257,77,3,1,120,18,0,7,0,23,0,1,19,4,0,0,0,2,2,2,25,23,25,0.6059,13,1,0,still,0
1257,126,2,1,150,18,0,1,1,24,0,1,20,4,0,3,0,1,1,1,25,21,22,0.3765,11,1,0,still,0
1257,146,2,0,-1,15,0,2,0,17,0,1,11,6,0,1,0,6,6,6,23,16,22,0.3012,8,1,0,start_jam,0
1259,10,1,1,30,20,0,2,0,20,0,1,9,11,0,0,0,3,3,3,23,20,23,0.5454,9,1,0,still,0
1260,140,1,1,240,18,0,2,1,21,0,1,12,9,0,1,0,1,1,1,22,20,21,0.5896,11,1,0,still,0
1260,141,2,1,240,18,0,1,0,22,0,1,15,7,0,1,0,3,3,3,25,21,24,0.4926,11,1,0,still,0
1261,133,2,0,-1,11,0,3,0,16,0,0,16,0,0,2,0,0,0,0,16,14,14,0.5754,11,0,0,hop,1
1262,188,1,1,30,16,1,2,0,18,0,1,14,4,0,2,0,5,5,5,23,16,21,0.3241,9,1,0,still,0
1264,161,2,1,210,18,0,1,0,24,0,1,19,5,0,3,0,2,2,2,26,21,23,0.4284,10,1,0,still,0
1265,135,1,1,60,21,0,1,0,31,1,0,31,0,0,3,0,0,0,0,31,28,28,0.3716,10,0,0,still,0
1266,44,1,1,120,17,0,1,0,21,0,1,10,11,0,0,0,1,1,1,22,21,22,0.5066,9,1,0,still,0
1266,100,1,0,-1,14,1,2,0,13,0,1,13,0,0,0,0,4,4,4,17,13,17,0.3323,5,1,0,start_jam,0
1266,168,1,1,30,17,0,1,0,26,0,1,22,4,0,4,0,1,1,1,27,22,23,0.3472,8,0,0,still,0
1268,50,1,1,270,20,1,2,0,19,0,1,16,3,0,0,1,2,2,2,21,20,22,0.6160,10,1,0,still,0
1268,154,2,0,-1,17,0,1,0,16,0,1,15,1,0,1,0,6,6,6,22,15,21,0.3969,10,1,0,start_jam,0
1269,55,2,0,-1,19,1,2,0,22,0,1,18,4,0,0,0,2,2,2,24,22,24,0.4860,11,1,0,start_jam,0
1269,145,1,0,-1,15,1,2,0,14,0,1,12,2,0,1,0,6,6,6,20,13,19,0.4105,8,1,0,start_jam,0
1270,13,2,1,120,17,1,2,0,20,0,1,11,9,0,0,0,1,1,1,21,20,21,0.5936,11,1,0,still,0
1270,85,1,1,60,18,1,2,0,23,0,1,23,0,0,0,0,1,1,1,24,23,24,0.5720,10,0,0,still,0
1271,35,2,1,90,18,1,2,0,14,0,1,11,3,0,0,1,6,6,6,20,15,21,0.3895,7,1,0,still,0
1271,76,3,1,300,17,4,7,0,20,0,1,15,5,0,0,1,2,2,2,22,21,23,0.5953,12,1,0,end_cap,1
1271,153,1,0,-1,18,0,2,0,14,0,1,12,2,0,1,0,6,6,5,20,13,18,0.2913,7,1,0,start_jam,0
1273,4,2,0,-1,16,0,1,0,11,0,1,10,1,0,0,0,9,9,9,20,11,20,0.3102,6,1,0,start_jam,0
1274,9,1,1,120,20,1,2,0,15,0,1,9,6,0,0,0,8,8,8,23,15,23,0.5077,9,1,0,still,0
1275,15,1,1,90,17,3,7,0,18,0,1,14,4,0,0,0,2,2,2,20,18,20,0.6279,10,1,0,still,0
1275,65,1,0,-1,18,2,5,0,23,0,0,23,0,0,1,0,0,0,0,23,22,22,0.6685,11,0,0,pending,0
1276,28,2,0,-1,24,1,3,0,29,0,0,29,0,0,0,0,0,0,0,29,29,29,0.6286,14,0,0,pending,0
1276,57,1,1,60,19,1,2,0,21,0,1,19,2,0,0,0,2,2,2,23,21,23,0.5908,11,0,1,still,0
1276,65,1,0,-1,18,2,5,0,23,0,0,23,0,0,1,0,0,0,0,23,22,22,0.6685,11,0,0,hop,1
1276,151,1,1,270,19,0,1,0,19,0,1,12,7,0,0,0,6,6,3,25,19,22,0.4412,10,1,0,still,0
1276,169,1,1,90,18,0,1,0,18,0,1,15,3,0,0,0,2,2,3,20,18,21,0.7052,11,1,0,still,0
1277,28,2,0,-1,24,1,3,0,29,0,0,29,0,0,0,0,0,0,0,29,29,29,0.6285,14,0,0,hop,1
1278,2,1,1,150,18,0,2,0,14,0,1,10,4,0,0,0,6,6,5,20,14,19,0.3816,6,1,0,still,0
1278,47,2,1,90,19,0,2,0,19,0,1,14,5,0,0,0,3,3,4,22,19,23,0.6491,12,1,0,still,0
1279,34,1,0,-1,7,5,8,0,8,0,0,8,0,0,0,0,0,0,0,8,8,8,0.2658,6,0,0,pending,0
1280,34,1,0,-1,7,5,8,0,8,0,0,8,0,0,0,0,0,0,0,8,8,8,0.2658,6,0,0,hop,1
1280,183,1,1,240,19,1,2,0,20,0,1,13,7,0,1,0,3,3,3,23,19,22,0.5438,12,1,0,still,0
1281,194,1,1,150,19,0,2,1,19,0,1,11,8,0,1,0,7,7,5,26,18,23,0.4072,10,1,0,still,0
1282,181,1,0,-1,18,0,1,0,24,0,0,24,0,0,4,0,0,0,0,24,20,20,0.6986,13,0,0,pending,0
1283,23,2,0,-1,18,0,2,0,24,0,1,24,0,0,0,0,1,1,1,25,24,25,0.5257,10,0,0,start_jam,0
1283,56,1,1,60,20,0,2,0,19,0,1,15,4,0,0,0,2,2,2,21,19,21,0.5022,10,1,0,still,0
1283,119,1,1,150,20,1,2,0,19,0,1,11,8,0,1,0,6,6,6,25,18,24,0.4120,9,1,0,still,0
1283,181,1,0,-1,18,0,1,0,24,0,0,24,0,0,4,0,0,0,0,24,20,20,0.6985,13,0,0,hop,1
1284,5,2,1,120,16,0,1,0,14,0,1,11,3,0,0,0,9,9,9,23,14,23,0.3461,8,1,0,still,0
1284,14,1,1,120,19,0,1,1,18,0,1,13,5,0,0,1,2,2,3,20,19,22,0.5910,10,1,0,still,0
1284,40,1,1,60,15,1,2,0,11,0,1,9,2,0,0,1,8,8,8,19,12,20,0.3245,6,1,0,still,0
1285,117,3,1,30,18,1,2,0,19,0,1,12,7,0,1,0,8,8,8,27,18,26,0.3991,12,1,0,still,0
1286,84,1,1,60,18,0,2,0,20,0,1,18,2,0,1,1,2,2,2,22,20,22,0.5835,11,0,1,still,0
1286,110,1,0,-1,11,1,2,0,12,0,0,12,0,0,0,0,0,0,0,12,12,12,0.6936,10,0,0,hop,1
1287,77,3,1,150,18,0,7,0,24,0,1,18,6,0,0,0,2,2,2,26,24,26,0.6056,13,1,0,still,0
1287,126,2,1,180,18,0,1,0,24,0,1,18,6,0,3,0,1,1,1,25,21,22,0.3765,11,1,0,still,0
1287,146,2,1,30,15,0,2,0,14,0,1,11,3,0,2,0,10,10,10,24,12,22,0.3013,8,1,0,still,0
1287,152,1,0,-1,3,0,8,1,3,0,0,3,0,0,0,0,0,0,0,3,3,3,0.1103,3,0,0,pending,0
1288,29,2,0,-1,23,1,2,0,28,0,0,28,0,0,0,0,0,0,0,28,28,28,0.6785,14,0,0,hop,1
1288,152,1,0,-1,3,0,8,1,3,0,0,3,0,0,0,0,0,0,0,3,3,3,0.1103,3,0,0,hop,1
1288,166,1,0,-1,20,0,1,0,25,0,1,19,6,0,3,0,2,2,2,27,22,24,0.3490,10,1,0,start_jam,0
1289,10,1,1,60,20,0,2,0,16,0,1,10,6,0,0,0,7,7,7,23,16,23,0.5454,9,1,0,still,0
1290,6,2,0,-1,16,0,2,0,15,0,1,11,4,0,0,0,10,10,10,25,15,25,0.3708,8,1,0,start_jam,0
1290,89,1,0,-1,23,0,3,0,27,0,0,27,0,0,1,1,0,0,0,27,27,27,0.7144,14,0,0,hop,1
1290,103,1,0,-1,6,3,7,0,7,0,0,7,0,0,0,0,0,0,0,7,7,7,0.2574,5,0,0,pending,0
1290,140,1,1,270,18,0,2,1,19,0,1,13,6,0,1,0,3,3,3,22,18,21,0.5011,10,1,0,still,0
1290,141,2,1,270,18,0,1,0,22,0,1,15,7,0,1,0,3,3,3,25,21,24,0.4930,11,1,0,still,0
1291,67,2,0,-1,15,2,3,0,17,0,0,17,0,0,0,1,0,0,0,17,18,18,0.5906,10,0,0,pending,0
1291,103,1,0,-1,6,3,7,0,7,0,0,7,0,0,0,0,0,0,0,7,7,7,0.2573,5,0,0,hop,1
1292,67,2,0,-1,15,2,3,0,16,0,0,16,0,0,0,1,0,0,0,16,17,17,0.6562,11,0,0,hop,1
1292,188,1,1,60,16,1,2,0,16,0,1,11,5,0,0,0,7,7,5,23,16,21,0.3241,9,1,0,still,0
1293,91,1,0,-1,21,2,4,0,25,0,0,25,0,0,0,0,0,0,0,25,25,25,0.7890,15,0,0,pending,0
1294,91,1,0,-1,21,2,4,0,25,0,0,25,0,0,0,0,0,0,0,25,25,25,0.7172,14,0,0,hop,1
1294,118,3,0,-1,18,0,1,0,17,0,1,11,6,0,0,0,9,9,9,26,17,26,0.4252,12,1,0,start_jam,0
1294,161,2,1,240,18,0,1,0,22,0,1,16,6,0,3,0,4,4,4,26,19,23,0.4284,10,1,0,still,0
1295,135,1,1,90,20,0,1,0,31,1,0,31,0,0,3,0,0,0,0,31,28,28,0.3716,10,0,0,still,0
1296,44,1,1,150,17,0,1,0,17,0,1,11,6,0,0,0,5,5,5,22,17,22,0.4704,8,1,0,still,0
1296,100,1,1,30,14,1,2,0,13,0,1,9,4,0,0,0,4,4,4,17,13,17,0.3323,5,1,0,still,0
1296,168,1,1,60,17,0,1,0,22,0,1,20,2,0,2,0,4,4,2,26,20,22,0.3474,8,0,0,still,0
1297,155,1,0,-1,2,0,1,1,2,0,0,2,0,0,0,0,0,0,0,2,2,2,0.0739,2,0,0,pending,0
1298,50,1,1,300,20,1,2,0,17,0,1,13,4,0,0,1,4,4,4,21,18,22,0.6174,10,1,0,end_cap,1
1298,154,2,1,30,17,0,1,0,16,0,1,11,5,0,1,0,6,6,6,22,15,21,0.3970,10,1,0,still,0
1298,155,1,0,-1,2,0,1,1,2,0,0,2,0,0,0,0,0,0,0,2,2,2,0.0739,2,0,0,hop,1
1299,55,2,1,30,19,1,2,0,19,0,1,17,2,0,0,0,5,5,5,24,19,24,0.4861,11,1,0,still,0
1299,62,2,0,-1,22,0,2,0,28,0,0,28,0,0,1,0,0,0,0,28,27,27,0.6698,15,0,0,hop,1
1299,145,1,1,30,15,1,2,0,14,0,1,9,5,0,1,0,6,6,6,20,13,19,0.4105,8,1,0,still,0
1300,7,2,0,-1,18,0,1,0,15,0,1,10,5,0,0,0,10,10,10,25,15,25,0.3979,9,1,0,start_jam,0
1300,13,2,1,150,17,1,2,0,18,0,1,13,5,0,0,0,3,3,3,21,18,21,0.5936,11,1,0,still,0
1300,85,1,1,90,18,1,2,0,22,0,1,21,1,0,0,0,1,1,1,23,22,23,0.5720,10,0,1,still,0
1301,3,2,0,-1,15,0,1,0,13,0,1,7,6,0,0,0,7,7,7,20,13,20,0.3405,6,1,0,start_jam,0
1301,35,2,1,120,18,1,2,0,13,0,1,7,6,0,0,0,7,7,8,20,13,21,0.3895,7,1,0,still,0
1301,153,1,1,30,18,0,2,0,13,0,1,8,5,0,1,0,7,7,6,20,12,18,0.2913,7,1,0,still,0
1303,4,2,1,30,16,0,1,0,11,0,1,7,4,0,0,0,9,9,9,20,11,20,0.3102,6,1,0,still,0
1304,9,1,1,150,19,1,2,0,14,0,1,9,5,0,0,0,9,9,9,23,14,23,0.5077,9,1,0,still,0
1305,15,1,1,120,17,3,7,0,18,0,1,15,3,0,0,0,2,2,2,20,18,20,0.6254,10,0,1,still,0
1305,113,1,0,-1,16,0,2,0,14,0,1,7,7,0,0,0,8,8,6,22,14,20,0.3516,8,1,0,start_jam,0
1306,57,1,1,90,19,1,2,0,23,0,1,19,4,0,0,0,1,1,1,24,23,24,0.5904,11,0,1,still,0
1306,151,1,1,300,19,0,1,0,18,0,1,13,5,0,0,0,7,7,4,25,18,22,0.4412,10,1,0,end_cap,1
1306,169,1,1,120,18,0,1,0,18,0,1,16,2,0,0,0,2,2,3,20,18,21,0.7067,11,1,0,still,0
1308,2,1,1,180,18,0,2,0,12,0,1,6,6,0,0,0,8,8,7,20,12,19,0.3816,6,1,0,still,0
1308,47,2,1,120,19,0,2,0,18,0,1,15,3,0,0,0,4,4,5,22,18,23,0.6493,12,1,0,still,0
1309,199,1,0,-1,13,1,3,0,11,0,1,8,3,0,0,0,5,5,5,16,11,16,0.2677,6,0,0,start_jam,0
1310,68,2,0,-1,17,1,2,0,13,0,1,7,6,0,0,0,8,8,8,21,13,21,0.3712,7,1,0,start_jam,0
1310,183,1,1,270,19,1,2,0,17,0,1,14,3,0,1,0,6,6,6,23,16,22,0.5438,12,1,0,still,0
1311,194,1,1,180,19,0,2,1,16,0,1,13,3,0,1,0,10,10,8,26,15,23,0.4072,10,1,0,still,0
1312,71,2,0,-1,9,2,3,0,12,0,0,12,0,0,0,0,0,0,0,12,12,12,0.4554,8,0,0,pending,0
1312,132,1,0,-1,20,4,5,0,23,0,0,23,0,0,0,1,0,0,0,23,24,24,0.6627,12,0,0,hop,1
1313,1,2,0,-1,18,0,2,0,13,0,1,7,6,0,0,0,8,8,8,21,13,21,0.3815,7,1,0,start_jam,0
1313,23,2,1,30,18,0,2,0,24,0,1,24,0,0,0,0,1,1,1,25,24,25,0.5267,10,0,0,still,0
1313,56,1,1,90,19,0,2,0,20,0,1,15,5,0,0,0,1,1,1,21,20,21,0.5019,10,1,0,still,0
1313,71,2,0,-1,9,2,3,0,12,0,0,12,0,0,0,0,0,0,0,12,12,12,0.4553,8,0,0,hop,1
1313,119,1,1,180,20,1,2,0,15,0,1,13,2,0,1,1,10,10,9,25,15,24,0.3826,8,1,0,still,0
1314,5,2,1,150,16,0,1,0,16,0,1,9,7,0,0,0,7,7,7,23,16,23,0.3461,8,1,0,still,0
1314,14,1,1,150,19,0,1,0,15,0,1,14,1,0,0,0,5,5,7,20,15,22,0.5910,10,1,0,still,0
1314,40,1,1,90,15,1,2,0,13,0,1,7,6,0,0,1,6,6,6,19,14,20,0.3245,6,1,0,still,0
1315,117,3,1,60,18,1,2,0,17,0,1,11,6,0,1,0,10,10,10,27,16,26,0.3755,11,1,0,still,0
1316,84,1,1,90,18,0,2,0,22,0,1,19,3,0,1,1,1,1,1,23,22,23,0.5832,11,0,1,still,0
1317,77,3,1,180,18,0,4,0,25,0,1,18,7,0,0,0,1,1,1,26,25,26,0.6059,13,1,0,still,0
1317,126,2,1,210,19,0,1,0,26,0,1,18,8,0,2,0,0,0,0,26,24,24,0.3765,11,1,0,still,0
1317,146,2,1,60,15,0,2,0,16,0,1,9,7,0,2,0,8,8,8,24,14,22,0.3014,8,1,0,still,0
1318,166,1,1,30,19,0,1,0,24,0,1,18,6,0,3,0,2,2,2,26,21,23,0.3490,10,1,0,still,0
1319,10,1,1,90,20,0,2,0,16,0,1,12,4,0,0,0,8,8,8,24,16,24,0.5454,9,1,0,still,0
1320,6,2,1,30,16,0,2,0,17,0,1,10,7,0,0,0,8,8,8,25,17,25,0.3708,8,1,0,still,0
1320,140,1,1,300,18,0,2,1,15,0,1,14,1,0,1,0,7,7,7,22,14,21,0.5896,11,1,0,end_cap,0
1320,141,2,1,300,18,0,1,0,18,0,1,16,2,0,0,0,7,7,6,25,18,24,0.4934,11,1,0,end_cap,0
1322,165,1,0,-1,19,0,1,0,24,0,1,17,7,0,2,0,2,2,2,26,22,24,0.4304,12,1,0,start_jam,0
1322,188,1,1,90,16,1,2,0,15,0,1,7,8,0,0,0,8,8,6,23,15,21,0.3241,9,1,0,still,0
1323,75,1,0,-1,6,2,7,0,6,0,0,6,0,0,0,0,0,0,0,6,6,6,0.2566,5,0,0,hop,1
1324,58,1,0,-1,16,0,1,0,23,0,1,23,0,0,0,0,1,1,1,24,23,24,0.4693,8,0,0,start_jam,0
1324,118,3,1,30,18,0,1,0,16,0,1,15,1,0,0,0,10,10,10,26,16,26,0.4252,12,1,0,still,0
1324,161,2,1,270,18,0,1,0,24,0,1,15,9,0,2,0,2,2,1,26,22,23,0.4284,10,1,0,still,0
1325,66,1,0,-1,18,0,1,0,20,0,0,20,0,0,0,0,0,0,0,20,20,20,0.6313,9,0,0,hop,1
1325,135,1,1,120,20,0,1,0,31,1,0,30,1,0,3,0,0,0,0,31,28,28,0.3716,10,0,0,still,0
1326,44,1,1,180,17,0,1,0,15,0,1,15,0,0,0,0,7,7,7,22,15,22,0.4704,8,1,0,still,0
1326,100,1,1,60,14,1,2,0,10,0,1,5,5,0,0,0,7,7,7,17,10,17,0.3323,5,1,0,still,0
1326,168,1,1,90,17,0,1,0,25,0,1,19,6,0,4,0,1,1,1,26,21,22,0.3742,9,1,0,still,0
1327,143,1,0,-1,22,1,4,0,25,0,0,25,0,0,0,0,0,0,0,25,25,25,0.7659,15,0,0,hop,1
1328,97,3,0,-1,5,1,7,0,5,0,0,5,0,0,0,0,0,0,0,5,5,5,0.1466,5,0,0,hop,1
1328,154,2,1,60,17,0,1,0,14,0,1,7,7,0,1,0,8,8,8,22,13,21,0.3970,10,1,0,still,0
1328,170,2,0,-1,18,1,3,0,20,0,1,14,6,0,0,1,4,4,4,24,21,25,0.5726,11,1,0,start_jam,0
1329,55,2,1,60,19,1,2,0,21,0,1,16,5,0,0,0,3,3,3,24,21,24,0.4861,11,1,0,still,0
1329,99,2,0,-1,8,1,3,0,11,0,0,11,0,0,0,0,0,0,0,11,11,11,0.4635,8,0,0,pending,0
1329,145,1,1,60,15,1,2,0,15,0,1,7,8,0,1,0,5,5,5,20,14,19,0.4105,8,1,0,still,0
1330,7,2,1,30,18,0,1,0,16,0,1,12,4,0,0,0,9,9,9,25,16,25,0.3979,9,1,0,still,0
1330,13,2,1,180,17,1,2,0,15,0,1,14,1,0,0,0,6,6,6,21,15,21,0.5936,11,1,0,still,0
1330,85,1,1,120,18,1,2,0,22,0,1,20,2,0,0,0,1,1,1,23,22,23,0.5721,10,0,1,still,0
1330,99,2,0,-1,8,1,3,0,11,0,0,11,0,0,0,0,0,0,0,11,11,11,0.4635,8,0,0,hop,1
1330,124,1,0,-1,0,0,1,1,0,0,0,0,0,0,0,0,0,0,0,0,0,0,0.0000,0,0,0,hop,1
1331,3,2,1,30,15,0,1,0,11,0,1,7,4,0,0,0,9,9,9,20,11,20,0.3405,6,1,0,still,0
1331,35,2,1,150,18,1,2,0,9,0,1,6,3,0,0,0,11,11,12,20,9,21,0.3895,7,1,0,still,0
1331,153,1,1,60,18,0,2,0,9,0,1,6,3,0,1,0,11,11,10,20,8,18,0.2913,7,1,0,still,0
1333,4,2,1,60,16,0,1,0,12,0,1,8,4,0,0,0,8,8,8,20,12,20,0.3102,6,1,0,still,0
1334,9,1,1,180,19,1,2,0,14,0,1,11,3,0,0,0,9,9,9,23,14,23,0.5077,9,1,0,still,0
1335,15,1,1,150,17,3,4,0,17,0,1,14,3,0,0,0,3,3,3,20,17,20,0.6253,10,0,1,still,0
1335,49,2,0,-1,18,1,4,0,22,0,1,13,9,0,0,0,1,1,2,23,22,24,0.5884,11,1,0,start_jam,0
1335,113,1,1,30,16,0,2,0,10,0,1,7,3,0,0,0,12,12,10,22,10,20,0.3516,8,1,0,still,0
1336,57,1,1,120,19,1,2,0,22,0,1,18,4,0,0,0,2,2,2,24,22,24,0.5910,11,1,0,still,0
1336,169,1,1,150,18,0,1,0,16,0,1,14,2,0,0,0,4,4,5,20,16,21,0.7067,11,1,0,still,0
1338,2,1,1,210,18,0,2,0,7,0,1,6,1,0,0,0,13,13,12,20,7,19,0.3816,6,1,0,still,0
1338,47,2,1,150,19,0,2,0,16,0,1,14,2,0,0,0,6,6,7,22,16,23,0.6493,12,1,0,still,0
1339,199,1,1,30,13,1,3,0,8,0,1,6,2,0,0,0,8,8,8,16,8,16,0.2677,6,1,0,still,0
1340,68,2,1,30,17,1,2,0,8,0,1,6,2,0,0,0,13,13,13,21,8,21,0.3713,7,1,0,still,0
1340,183,1,1,300,19,1,2,0,16,0,1,14,2,0,1,0,7,7,7,23,15,22,0.5438,12,1,0,end_cap,0
1341,16,1,0,-1,19,0,2,0,21,0,1,12,9,0,0,0,1,1,1,22,21,22,0.5812,9,1,0,start_jam,0
1341,158,1,0,-1,16,1,2,0,7,0,1,5,2,0,1,0,13,13,12,20,6,18,0.2589,5,1,0,start_jam,0
1341,194,1,1,210,18,0,2,1,17,0,1,13,4,0,2,0,9,9,7,26,15,22,0.4071,10,1,0,still,0
1342,33,3,0,-1,11,0,4,0,15,0,0,15,0,0,0,0,0,0,0,15,15,15,0.4782,9,0,0,pending,0
1342,136,2,0,-1,10,0,2,0,13,0,0,13,0,0,1,0,0,0,0,13,12,12,0.4402,9,0,0,hop,1
1342,142,2,0,-1,17,2,3,0,19,0,1,13,6,0,0,0,6,6,4,25,19,23,0.5997,12,1,0,start_jam,0
1343,1,2,1,30,18,0,2,0,8,0,1,7,1,0,0,0,13,13,13,21,8,21,0.3815,7,1,0,still,0
1343,23,2,1,60,18,0,2,0,24,0,1,23,1,0,0,0,1,1,1,25,24,25,0.5276,10,0,1,still,0
1343,33,3,0,-1,11,0,4,0,15,0,0,15,0,0,0,0,0,0,0,15,15,15,0.4781,9,0,0,hop,1
1343,56,1,1,120,19,0,2,0,19,0,1,14,5,0,0,0,2,2,2,21,19,21,0.5026,10,1,0,still,0
1343,119,1,1,210,20,1,2,0,16,0,1,12,4,0,1,1,9,9,8,25,16,24,0.3826,8,1,0,still,0
1344,5,2,1,180,16,0,1,0,14,0,1,10,4,0,0,0,9,9,9,23,14,23,0.3461,8,1,0,still,0
1344,14,1,1,180,19,0,1,0,15,0,1,11,4,0,0,0,5,5,7,20,15,22,0.5910,10,1,0,still,0
1344,40,1,1,120,15,1,2,0,11,0,1,7,4,0,0,1,8,8,8,19,12,20,0.3245,6,1,0,still,0
1344,139,1,0,-1,18,0,2,0,16,0,1,12,4,0,1,0,9,9,7,25,15,22,0.5597,12,1,0,start_jam,0
1345,117,3,1,90,18,1,2,0,17,0,1,10,7,0,0,0,10,10,9,27,17,26,0.3991,12,1,0,still,0
1346,84,1,1,120,18,0,2,0,23,0,1,19,4,0,1,0,1,1,2,24,22,24,0.5834,11,1,0,still,0
1347,77,3,1,210,18,0,4,0,25,0,1,14,11,0,0,0,1,1,1,26,25,26,0.6059,13,1,0,still,0
1347,126,2,1,240,19,0,1,0,25,0,1,16,9,0,2,0,1,1,1,26,23,24,0.3765,11,1,0,still,0
1347,146,2,1,90,15,0,2,0,13,0,1,8,5,0,1,0,11,11,10,24,12,22,0.3014,8,1,0,still,0
1347,179,1,0,-1,2,0,1,1,1,0,0,1,0,0,0,1,0,0,0,1,2,2,0.0346,1,0,0,hop,1
1348,166,1,1,60,19,0,1,0,24,0,1,17,7,0,3,0,2,2,2,26,21,23,0.3490,10,1,0,still,0
1349,10,1,1,120,20,0,2,0,17,0,1,10,7,0,0,0,7,7,7,24,17,24,0.5454,9,1,0,still,0
1350,6,2,1,60,16,0,2,0,17,0,1,11,6,0,0,0,8,8,8,25,17,25,0.3708,8,1,0,still,0
1350,111,1,0,-1,4,0,2,1,4,0,0,4,0,0,0,0,0,0,0,4,4,4,0.1106,3,0,0,hop,1
1351,73,2,0,-1,7,0,3,0,10,0,0,10,0,0,0,0,0,0,0,10,10,10,0.3273,6,0,0,hop,1
1352,159,1,0,-1,13,2,3,0,5,0,1,4,1,0,0,0,10,10,11,15,5,16,0.2621,5,1,0,start_jam,0
1352,165,1,1,30,19,0,1,0,24,0,1,16,8,0,2,0,2,2,2,26,22,24,0.4304,12,1,0,still,0
1352,188,1,1,120,16,1,2,0,8,0,1,7,1,0,0,0,15,15,13,23,8,21,0.3241,9,1,0,still,0
1353,189,1,0,-1,15,0,2,0,8,0,1,7,1,0,0,0,13,13,12,21,8,20,0.4326,10,1,0,start_jam,0
1354,58,1,1,30,16,0,1,0,23,0,1,23,0,0,0,0,1,1,1,24,23,24,0.4693,8,0,0,still,0
1354,118,3,1,60,18,0,1,0,16,0,1,11,5,0,0,0,10,10,10,26,16,26,0.4252,12,1,0,still,0
1354,161,2,1,300,18,0,1,0,24,0,1,13,11,0,2,0,2,2,1,26,22,23,0.4284,10,1,0,end_cap,1
1355,135,1,1,150,20,0,1,0,31,1,0,30,1,0,3,0,0,0,0,31,28,28,0.3716,10,0,0,still,0
1356,44,1,1,210,17,0,1,0,16,0,1,11,5,0,0,0,6,6,6,22,16,22,0.4704,8,1,0,still,0
1356,100,1,1,90,14,1,2,0,5,0,1,4,1,0,0,0,12,12,12,17,5,17,0.3323,5,1,0,still,0
1356,168,1,1,120,17,0,1,0,25,0,1,19,6,0,4,0,1,1,1,26,21,22,0.3742,9,1,0,still,0
1358,154,2,1,90,17,0,1,0,8,0,1,6,2,0,0,0,14,14,13,22,8,21,0.3970,10,1,0,still,0
1358,170,2,1,30,18,1,3,0,22,0,1,13,9,0,0,1,2,2,2,24,23,25,0.5728,11,1,0,still,0
1359,55,2,1,90,19,1,2,0,22,0,1,17,5,0,0,0,3,3,3,25,22,25,0.4861,11,1,0,still,0
1359,145,1,1,90,15,1,2,0,8,0,1,7,1,0,0,0,12,12,11,20,8,19,0.4105,8,1,0,still,0
1360,7,2,1,60,18,0,1,0,13,0,1,11,2,0,0,0,12,12,12,25,13,25,0.3979,9,1,0,still,0
1360,13,2,1,210,17,1,2,0,15,0,1,12,3,0,0,0,6,6,6,21,15,21,0.5936,11,1,0,still,0
1360,85,1,1,150,18,1,2,0,22,0,1,20,2,0,0,0,1,1,1,23,22,23,0.5722,10,0,1,still,0
1361,3,2,1,60,15,0,1,0,8,0,1,7,1,0,0,0,12,12,12,20,8,20,0.3405,6,1,0,still,0
1361,35,2,1,180,18,1,2,0,7,0,1,5,2,0,0,0,13,13,14,20,7,21,0.3895,7,1,0,still,0
1361,153,1,1,90,18,0,2,0,7,0,1,5,2,0,0,0,13,13,11,20,7,18,0.2913,7,1,0,still,0
1362,127,1,0,-1,19,0,1,0,23,0,1,14,9,0,3,0,1,1,1,24,20,21,0.3773,10,1,0,start_jam,0
1363,4,2,1,90,16,0,1,0,8,0,1,8,0,0,0,0,12,12,12,20,8,20,0.3102,6,1,0,still,0
1364,9,1,1,210,19,1,2,0,12,0,1,9,3,0,0,0,11,11,11,23,12,23,0.5077,9,1,0,still,0
1365,15,1,1,180,17,3,4,0,19,0,1,12,7,0,0,0,1,1,1,20,19,20,0.6253,10,1,0,still,0
1365,49,2,1,30,18,1,4,0,19,0,1,11,8,0,0,0,4,4,5,23,19,24,0.5881,11,1,0,still,0
1365,113,1,1,60,16,0,2,0,8,0,1,6,2,0,0,0,14,14,12,22,8,20,0.3516,8,1,0,still,0
1366,57,1,1,150,19,1,2,0,19,0,1,18,1,0,0,0,5,5,5,24,19,24,0.5910,11,1,0,still,0
1366,169,1,1,180,18,0,1,0,17,0,1,12,5,0,0,0,3,3,4,20,17,21,0.7067,11,1,0,still,0
1368,2,1,1,240,18,0,2,0,7,0,1,5,2,0,0,0,13,13,12,20,7,19,0.3816,6,1,0,still,0
1368,47,2,1,180,19,0,2,0,17,0,1,13,4,0,0,0,5,5,6,22,17,23,0.6493,12,1,0,still,0
1368,65,1,0,-1,18,2,3,0,23,0,0,23,0,0,1,0,0,0,0,23,22,22,0.6043,10,0,0,hop,1
1369,199,1,1,60,13,1,3,0,6,0,1,4,2,0,0,0,10,10,10,16,6,16,0.2677,6,1,0,still,0
1370,68,2,1,60,17,1,2,0,7,0,1,5,2,0,0,0,14,14,14,21,7,21,0.3713,7,1,0,still,0
1370,83,1,0,-1,18,0,1,0,16,0,1,15,1,0,0,1,6,6,6,22,17,23,0.5151,10,1,0,start_jam,0
1371,16,1,1,30,19,0,2,0,18,0,1,10,8,0,0,0,4,4,4,22,18,22,0.5810,9,1,0,still,0
1371,123,2,0,-1,15,0,3,0,5,0,1,4,1,0,0,0,15,15,15,20,5,20,0.3271,7,1,0,start_jam,0
1371,158,1,1,30,16,1,2,0,5,0,1,4,1,0,1,0,15,15,14,20,4,18,0.2589,5,1,0,still,0
1371,194,1,1,240,19,0,2,1,13,0,1,11,2,0,1,0,13,13,11,26,12,23,0.4071,10,1,0,still,0
1372,142,2,1,30,17,2,3,0,18,0,1,12,6,0,0,0,7,7,5,25,18,23,0.5995,12,1,0,still,0
1373,1,2,1,60,18,0,2,0,8,0,1,6,2,0,0,0,13,13,13,21,8,21,0.3815,7,1,0,still,0
1373,23,2,1,90,18,0,2,0,23,0,1,23,0,0,0,0,2,2,2,25,23,25,0.5247,10,0,1,still,0
1373,56,1,1,150,19,0,2,0,15,0,1,13,2,0,0,0,6,6,6,21,15,21,0.5020,10,1,0,still,0
1373,119,1,1,240,20,1,2,0,13,0,1,11,2,0,1,0,12,12,12,25,12,24,0.3826,8,1,0,still,0
1373,130,1,0,-1,16,2,4,0,17,0,1,10,7,0,0,0,5,5,5,22,17,22,0.5840,9,1,0,start_jam,0
1374,5,2,1,210,16,0,1,0,9,0,1,9,0,0,0,0,14,14,14,23,9,23,0.3461,8,1,0,still,0
1374,14,1,1,210,19,0,1,0,14,0,1,11,3,0,0,0,6,6,8,20,14,22,0.5910,10,1,0,still,0
1374,40,1,1,150,15,1,2,0,6,0,1,6,0,0,0,1,13,13,13,19,7,20,0.3245,6,1,0,still,0
1374,139,1,1,30,18,0,2,0,14,0,1,12,2,0,1,0,11,11,9,25,13,22,0.5598,12,1,0,still,0
1375,117,3,1,120,18,1,2,0,11,0,1,9,2,0,0,0,16,16,15,27,11,26,0.3991,12,1,0,still,0
1376,84,1,1,150,18,0,2,0,20,0,1,19,1,0,0,0,4,4,4,24,20,24,0.5833,11,1,0,still,0
1376,176,1,0,-1,22,0,1,1,31,1,0,31,0,0,4,0,0,0,0,31,27,27,0.3708,11,0,0,start_crowd,0
1377,77,3,1,240,18,0,4,0,20,0,1,12,8,0,0,0,6,6,6,26,20,26,0.6059,13,1,0,still,0
1377,126,2,1,270,19,0,1,0,21,0,1,14,7,0,2,0,5,5,5,26,19,24,0.3764,11,1,0,still,0
1377,146,2,1,120,15,0,2,0,8,0,1,8,0,0,1,0,16,16,15,24,7,22,0.3015,8,1,0,still,0
1378,166,1,1,90,19,0,1,0,20,0,1,15,5,0,3,0,6,6,6,26,17,23,0.3490,10,1,0,still,0
1379,10,1,1,150,20,0,2,0,11,0,1,9,2,0,0,0,13,13,13,24,11,24,0.5454,9,1,0,still,0
1380,6,2,1,90,16,0,2,0,12,0,1,11,1,0,0,0,13,13,13,25,12,25,0.3708,8,1,0,still,0
1380,149,1,0,-1,18,0,2,1,11,0,1,9,2,0,0,0,15,15,13,26,11,24,0.3233,7,1,0,start_jam,0
1381,101,3,0,-1,6,5,7,0,7,0,0,7,0,0,0,0,0,0,0,7,7,7,0.2670,7,0,0,hop,1
1382,159,1,1,30,13,2,3,0,4,0,1,3,1,0,0,0,11,11,12,15,4,16,0.2621,5,1,0,still,0
1382,165,1,1,60,19,0,1,0,24,0,1,15,9,0,2,0,2,2,2,26,22,24,0.3497,10,1,0,still,0
1382,188,1,1,150,16,1,2,0,8,0,1,5,3,0,0,0,15,15,13,23,8,21,0.3241,9,1,0,still,0
1383,8,2,0,-1,19,0,1,0,10,0,1,8,2,0,0,0,15,15,15,25,10,25,0.4753,10,1,0,start_jam,0
1383,26,3,0,-1,22,1,2,0,30,0,1,30,0,0,0,0,0,0,0,30,30,30,0.6527,16,0,0,start_jam,0
1383,189,1,1,30,15,0,2,0,8,0,1,5,3,0,0,0,13,13,12,21,8,20,0.4326,10,1,0,still,0
1384,58,1,1,60,16,0,1,0,23,0,1,21,2,0,0,0,1,1,1,24,23,24,0.5412,9,1,0,still,0
1384,118,3,1,90,18,0,1,0,11,0,1,9,2,0,0,0,14,14,14,25,11,25,0.4252,12,1,0,still,0
1385,135,1,1,180,20,0,1,0,31,1,1,28,3,0,3,0,0,0,0,31,28,28,0.3716,10,0,1,still,0
1386,44,1,1,240,17,0,1,0,12,0,1,10,2,0,0,0,10,10,10,22,12,22,0.4704,8,1,0,still,0
1386,54,2,0,-1,21,0,1,0,22,0,1,12,10,0,0,0,2,2,2,24,22,24,0.4787,11,1,0,start_jam,0
1386,100,1,1,120,14,1,2,0,4,0,1,3,1,0,0,0,13,13,13,17,4,17,0.3323,5,1,0,still,0
1386,103,1,0,-1,5,3,5,0,5,0,0,5,0,0,0,0,0,0,0,5,5,5,0.2589,5,0,0,hop,1
1386,168,1,1,150,17,0,1,0,25,0,1,16,9,0,4,0,1,1,1,26,21,22,0.3742,9,1,0,still,0
1388,154,2,1,120,17,0,1,0,7,0,1,4,3,0,0,0,15,15,14,22,7,21,0.3970,10,1,0,still,0
1388,170,2,1,60,18,1,3,0,20,0,1,9,11,0,0,1,4,4,4,24,21,25,0.5728,11,1,0,still,0
1388,182,1,0,-1,19,1,2,0,14,0,1,12,2,0,1,0,12,12,10,26,13,23,0.5705,14,1,0,start_jam,0
1389,17,3,0,-1,20,1,2,0,23,0,1,11,12,0,0,0,1,1,1,24,23,24,0.5546,13,1,0,start_jam,0
1389,55,2,1,120,19,1,2,0,23,0,1,14,9,0,0,0,2,2,2,25,23,25,0.4862,11,1,0,still,0
1389,145,1,1,120,15,1,2,0,8,0,1,5,3,0,0,0,12,12,11,20,8,19,0.4105,8,1,0,still,0
1390,7,2,1,90,18,0,1,0,12,0,1,7,5,0,0,0,13,13,13,25,12,25,0.3979,9,1,0,still,0
1390,13,2,1,240,17,1,2,0,13,0,1,10,3,0,0,0,8,8,8,21,13,21,0.5936,11,1,0,still,0
1390,85,1,1,180,18,1,2,0,23,0,1,19,4,0,0,0,1,1,1,24,23,24,0.5723,10,1,0,still,0
1391,3,2,1,90,15,0,1,0,8,0,1,5,3,0,0,0,12,12,12,20,8,20,0.3405,6,1,0,still,0
1391,35,2,1,210,18,1,2,0,6,0,1,3,3,0,0,0,14,14,15,20,6,21,0.3895,7,1,0,still,0
1391,153,1,1,120,18,0,2,0,6,0,1,3,3,0,0,0,14,14,12,20,6,18,0.2913,7,1,0,still,0
1392,127,1,1,30,19,0,1,0,23,0,1,10,13,0,3,0,1,1,1,24,20,21,0.3774,10,1,0,still,0
1393,4,2,1,120,16,0,1,0,8,0,1,6,2,0,0,0,12,12,12,20,8,20,0.3102,6,1,0,still,0
1394,9,1,1,240,19,1,2,0,10,0,1,7,3,0,0,0,13,13,13,23,10,23,0.5077,9,1,0,still,0
1395,15,1,1,210,17,3,4,0,17,0,1,8,9,0,0,0,3,3,3,20,17,20,0.6253,10,1,0,still,0
1395,49,2,1,60,18,1,4,0,22,0,1,8,14,0,0,0,1,1,2,23,22,24,0.5882,11,1,0,still,0
1395,90,1,0,-1,22,4,5,0,26,0,0,26,0,0,0,0,0,0,0,26,26,26,0.7153,15,0,0,pending,0
1395,113,1,1,90,16,0,2,0,7,0,1,4,3,0,0,0,15,15,13,22,7,20,0.3516,8,1,0,still,0
1396,57,1,1,180,19,1,2,0,21,0,1,15,6,0,0,0,2,2,2,23,21,23,0.5893,11,1,0,still,0
1396,79,1,0,-1,19,0,2,0,19,0,1,7,12,0,1,1,1,1,1,20,19,20,0.5997,10,1,0,start_jam,0
1396,90,1,0,-1,22,4,5,0,26,0,0,26,0,0,0,0,0,0,0,26,26,26,0.7153,15,0,0,hop,1
1396,169,1,1,210,18,0,1,0,15,0,1,8,7,0,0,0,5,5,6,20,15,21,0.7067,11,1,0,still,0
1398,2,1,1,270,18,0,2,0,7,0,1,3,4,0,0,0,13,13,12,20,7,19,0.3816,6,1,0,still,0
1398,19,3,0,-1,19,0,2,0,22,0,1,11,11,0,0,0,2,2,2,24,22,24,0.5011,12,1,0,start_jam,0
1398,47,2,1,210,19,0,2,0,15,0,1,8,7,0,0,0,7,7,8,22,15,23,0.6493,12,1,0,still,0
1398,91,1,0,-1,21,3,5,0,25,0,0,25,0,0,0,0,0,0,0,25,25,25,0.7894,15,0,0,pending,0
1399,91,1,0,-1,21,3,5,0,25,0,0,25,0,0,0,0,0,0,0,25,25,25,0.7891,15,0,0,hop,1
1399,199,1,1,90,13,1,3,0,5,0,1,3,2,0,0,0,11,11,11,16,5,16,0.2677,6,1,0,still,0
1400,68,2,1,90,17,1,2,0,7,0,1,4,3,0,0,0,14,14,14,21,7,21,0.3713,7,1,0,still,0
1400,83,1,1,30,18,0,1,0,20,0,1,13,7,0,0,1,2,2,2,22,21,23,0.5137,10,1,0,still,0
1401,16,1,1,60,19,0,2,0,22,0,1,6,16,0,0,0,0,0,0,22,22,22,0.5810,9,1,0,still,0
1401,123,2,1,30,15,0,3,0,5,0,1,4,1,0,0,0,15,15,15,20,5,20,0.3271,7,1,0,still,0
1401,158,1,1,60,16,1,2,0,5,0,1,4,1,0,1,0,15,15,14,20,4,18,0.2589,5,1,0,still,0
1401,194,1,1,270,19,0,2,1,12,0,1,8,4,0,1,0,14,14,12,26,11,23,0.4071,10,1,0,still,0
1402,25,2,0,-1,19,1,2,0,27,0,1,25,2,0,0,0,0,0,0,27,27,27,0.5886,12,0,1,start_jam,0
1402,142,2,1,60,17,2,3,0,18,0,1,7,11,0,0,0,7,7,5,25,18,23,0.5994,12,1,0,still,0
1403,1,2,1,90,18,0,2,0,8,0,1,4,4,0,0,0,13,13,13,21,8,21,0.3815,7,1,0,still,0
1403,23,2,1,120,18,0,2,0,24,0,1,20,4,0,0,0,1,1,1,25,24,25,0.5268,10,1,0,still,0
1403,56,1,1,180,19,0,2,0,19,0,1,10,9,0,0,0,2,2,2,21,19,21,0.4999,10,1,0,still,0
1403,119,1,1,270,20,1,2,0,11,0,1,8,3,0,1,0,14,14,14,25,10,24,0.3826,8,1,0,still,0
1403,130,1,1,30,16,2,4,0,19,0,1,6,13,0,0,0,3,3,3,22,19,22,0.5840,9,1,0,still,0
1404,5,2,1,240,16,0,1,0,9,0,1,6,3,0,0,0,14,14,14,23,9,23,0.3461,8,1,0,still,0
1404,14,1,1,240,19,0,1,0,13,0,1,7,6,0,0,0,7,7,9,20,13,22,0.5910,10,1,0,still,0
1404,40,1,1,180,15,1,2,0,6,0,1,4,2,0,0,1,13,13,13,19,7,20,0.3245,6,1,0,still,0
1404,139,1,1,60,18,0,2,0,13,0,1,10,3,0,1,0,12,12,10,25,12,22,0.5598,12,1,0,still,0
1405,117,3,1,150,18,1,2,0,10,0,1,7,3,0,0,0,17,17,16,27,10,26,0.3991,12,1,0,still,0
1406,84,1,1,180,18,0,2,0,22,0,1,16,6,0,1,0,2,2,3,24,21,24,0.5813,11,1,0,still,0
1406,87,1,0,-1,21,0,2,0,27,0,1,26,1,0,1,0,0,0,1,27,26,27,0.5946,11,0,1,start_jam,0
1406,176,1,1,30,22,0,1,1,31,1,0,28,3,0,4,0,0,0,0,31,27,27,0.3708,11,0,0,still,0
1407,77,3,1,270,18,0,4,0,23,0,1,6,17,0,0,0,2,2,2,25,23,25,0.6059,13,1,0,still,0
1407,126,2,1,300,19,0,1,0,25,0,1,7,18,0,2,0,1,1,1,26,23,24,0.3262,10,1,0,end_cap,1
1407,146,2,1,150,15,0,2,0,8,0,1,6,2,0,1,0,16,16,15,24,7,22,0.3015,8,1,0,still,0
1408,72,2,0,-1,16,0,2,0,6,0,1,4,2,0,0,0,15,15,15,21,6,21,0.3607,6,1,0,start_jam,0
1408,166,1,1,120,19,0,1,0,23,0,1,10,13,0,3,0,3,3,3,26,20,23,0.3490,10,1,0,still,0
1409,10,1,1,180,20,0,2,0,10,0,1,8,2,0,0,0,14,14,14,24,10,24,0.5454,9,1,0,still,0
1410,6,2,1,120,16,0,2,0,12,0,1,8,4,0,0,0,13,13,13,25,12,25,0.3708,8,1,0,still,0
1410,149,1,1,30,18,0,2,1,12,0,1,7,5,0,0,0,14,14,12,26,12,24,0.3233,7,1,0,still,0
1411,31,2,0,-1,21,0,5,0,25,0,0,25,0,0,0,1,0,0,0,25,26,26,0.6596,13,0,0,hop,1
1412,89,1,0,-1,23,0,3,0,26,0,0,26,0,0,0,1,0,0,0,26,27,27,0.6447,13,0,0,hop,1
1412,159,1,1,60,13,2,3,0,3,0,1,2,1,0,0,0,12,12,13,15,3,16,0.2621,5,1,0,still,0
1412,165,1,1,90,19,0,1,0,24,0,1,10,14,0,2,0,2,2,2,26,22,24,0.3497,10,1,0,still,0
1412,188,1,1,180,16,1,2,0,7,0,1,4,3,0,0,0,16,16,14,23,7,21,0.3241,9,1,0,still,0
1413,8,2,1,30,19,0,1,0,13,0,1,7,6,0,0,0,12,12,12,25,13,25,0.4753,10,1,0,still,0
1413,26,3,1,30,22,1,2,0,30,0,1,29,1,0,0,0,0,0,0,30,30,30,0.6526,16,0,1,still,0
1413,189,1,1,60,15,0,2,0,6,0,1,5,1,0,0,0,15,15,14,21,6,20,0.4326,10,1,0,still,0
1414,58,1,1,90,16,0,1,0,22,0,1,19,3,0,0,0,2,2,2,24,22,24,0.4694,8,1,0,still,0
1414,118,3,1,120,18,0,1,0,15,0,1,9,6,0,0,0,11,11,11,26,15,26,0.4252,12,1,0,still,0
1415,135,1,1,210,20,0,1,0,30,0,1,26,4,0,3,0,1,1,1,31,27,28,0.3451,9,1,0,still,0
1416,44,1,1,270,17,0,1,0,15,0,1,9,6,0,0,0,7,7,7,22,15,22,0.4704,8,1,0,still,0
1416,54,2,1,30,21,0,1,0,21,0,1,10,11,0,0,0,2,2,2,23,21,23,0.4787,11,1,0,still,0
1416,100,1,1,150,14,1,2,0,3,0,1,2,1,0,0,0,14,14,14,17,3,17,0.3323,5,1,0,still,0
1416,168,1,1,180,17,0,1,0,24,0,1,14,10,0,4,0,2,2,2,26,20,22,0.3742,9,1,0,still,0
1418,154,2,1,150,17,0,1,0,6,0,1,4,2,0,0,0,16,16,15,22,6,21,0.3970,10,1,0,still,0
1418,170,2,1,90,18,1,3,0,19,0,1,7,12,0,0,1,5,5,5,24,20,25,0.5728,11,1,0,still,0
1418,182,1,1,30,19,1,2,0,17,0,1,10,7,0,1,0,9,9,7,26,16,23,0.5706,14,1,0,still,0
1419,17,3,1,30,20,1,2,0,20,0,1,6,14,0,0,0,3,3,3,23,20,23,0.5531,13,1,0,still,0
1419,55,2,1,150,19,1,2,0,22,0,1,12,10,0,0,0,3,3,3,25,22,25,0.4863,11,1,0,still,0
1419,145,1,1,150,15,1,2,0,6,0,1,5,1,0,0,0,14,14,13,20,6,19,0.4105,8,1,0,still,0
1420,7,2,1,120,18,0,1,0,12,0,1,7,5,0,0,0,13,13,13,25,12,25,0.3979,9,1,0,still,0
1420,13,2,1,270,17,1,2,0,16,0,1,8,8,0,0,0,5,5,5,21,16,21,0.5936,11,1,0,still,0
1420,85,1,1,210,17,1,2,0,21,0,1,16,5,0,0,0,2,2,2,23,21,23,0.5726,10,1,0,still,0
1421,3,2,1,120,15,0,1,0,6,0,1,5,1,0,0,0,14,14,14,20,6,20,0.3405,6,1,0,still,0
1421,34,1,0,-1,6,4,7,0,6,0,0,6,0,0,0,0,0,0,0,6,6,6,0.2724,6,0,0,pending,0
1421,35,2,1,240,18,1,2,0,5,0,1,3,2,0,0,0,15,15,16,20,5,21,0.3895,7,1,0,still,0
1421,153,1,1,150,18,0,2,0,5,0,1,3,2,0,0,0,15,15,13,20,5,18,0.2913,7,1,0,still,0
1422,34,1,0,-1,6,4,7,0,6,0,0,6,0,0,0,0,0,0,0,6,6,6,0.2724,6,0,0,hop,1
1422,127,1,1,60,19,0,1,0,21,0,1,6,15,0,3,0,3,3,3,24,18,21,0.3774,10,1,0,still,0
1423,4,2,1,150,16,0,1,0,6,0,1,6,0,0,0,0,14,14,14,20,6,20,0.3102,6,1,0,still,0
1424,9,1,1,270,19,1,2,0,12,0,1,7,5,0,0,0,11,11,11,23,12,23,0.5077,9,1,0,still,0
1424,155,1,0,-1,3,0,2,1,2,0,0,2,0,0,0,1,0,0,0,2,3,3,0.0369,1,0,0,pending,0
1424,157,2,0,-1,17,0,2,0,7,0,1,4,3,0,1,0,15,15,15,22,6,21,0.3235,7,1,0,start_jam,0
1425,15,1,1,240,17,3,4,0,15,0,1,7,8,0,0,0,5,5,5,20,15,20,0.6253,10,1,0,still,0
1425,49,2,1,90,18,1,4,0,20,0,1,7,13,0,0,0,3,3,4,23,20,24,0.5882,11,1,0,still,0
1425,113,1,1,120,16,0,2,0,5,0,1,4,1,0,0,0,17,17,15,22,5,20,0.3516,8,1,0,still,0
1425,155,1,0,-1,3,0,2,1,2,0,0,2,0,0,0,1,0,0,0,2,3,3,0.0369,1,0,0,hop,1
1426,57,1,1,210,19,1,2,0,20,0,1,13,7,0,0,0,3,3,3,23,20,23,0.5883,11,1,0,still,0
1426,79,1,1,30,19,0,2,0,17,0,1,5,12,0,1,1,3,3,3,20,17,20,0.5995,10,1,0,still,0
1426,169,1,1,240,18,0,1,0,15,0,1,8,7,0,0,1,5,5,5,20,16,21,0.7063,11,1,0,still,0
1427,143,1,0,-1,22,2,5,0,25,0,0,25,0,0,0,0,0,0,0,25,25,25,0.7666,15,0,0,pending,0
1428,2,1,1,300,18,0,2,0,4,0,1,3,1,0,0,0,16,16,15,20,4,19,0.3816,6,1,0,end_cap,1
1428,19,3,1,30,19,0,2,0,21,0,1,9,12,0,0,0,3,3,3,24,21,24,0.4995,12,1,0,still,0
1428,47,2,1,240,19,0,2,0,17,0,1,9,8,0,0,0,5,5,6,22,17,23,0.6490,12,1,0,still,0
1428,143,1,0,-1,22,2,5,0,25,0,0,25,0,0,0,0,0,0,0,25,25,25,0.7666,15,0,0,hop,1
1429,199,1,1,120,13,1,3,0,7,0,1,2,5,0,0,0,9,9,9,16,7,16,0.2677,6,1,0,still,0
1430,68,2,1,120,17,1,2,0,9,0,1,5,4,0,0,0,12,12,12,21,9,21,0.3713,7,1,0,still,0
1430,83,1,1,60,18,0,1,0,19,0,1,11,8,0,0,1,3,3,3,22,20,23,0.5126,10,1,0,still,0
1431,16,1,1,90,19,0,2,0,20,0,1,7,13,0,0,0,2,2,2,22,20,22,0.5810,9,1,0,still,0
1431,123,2,1,60,15,0,3,0,9,0,1,3,6,0,0,0,11,11,11,20,9,20,0.3271,7,1,0,still,0
1431,132,1,0,-1,20,4,8,0,23,0,0,23,0,0,0,1,0,0,0,23,24,24,0.6692,12,0,0,pending,0
1431,158,1,1,90,16,1,2,0,9,0,1,3,6,0,1,0,11,11,10,20,8,18,0.2589,5,1,0,still,0
1431,194,1,1,300,19,0,2,1,13,0,1,8,5,0,0,0,13,13,10,26,13,23,0.4071,10,1,0,end_cap,1
1432,25,2,1,30,18,1,2,0,25,0,1,23,2,0,0,0,1,1,1,26,25,26,0.5898,12,1,0,still,0
1432,116,2,0,-1,17,0,1,0,14,0,1,8,6,0,0,0,11,11,10,25,14,24,0.3775,9,1,0,start_jam,0
1432,124,1,0,-1,0,0,2,1,0,0,0,0,0,0,0,0,0,0,0,0,0,0,0.0000,0,0,0,hop,1
1432,132,1,0,-1,20,4,8,0,23,0,0,23,0,0,0,1,0,0,0,23,24,24,0.6691,12,0,0,hop,1
1432,142,2,1,90,17,2,3,0,18,0,1,8,10,0,1,0,6,6,6,24,17,23,0.6000,12,1,0,still,0
1433,1,2,1,120,18,0,2,0,9,0,1,4,5,0,0,0,12,12,12,21,9,21,0.3815,7,1,0,still,0
1433,23,2,1,150,18,0,2,0,22,0,1,18,4,0,0,0,2,2,2,24,22,24,0.5272,10,1,0,still,0
1433,56,1,1,210,19,0,2,0,18,0,1,9,9,0,0,0,3,3,3,21,18,21,0.4986,10,1,0,still,0
1433,119,1,1,300,19,1,2,0,13,0,1,8,5,0,0,0,12,12,9,25,13,22,0.3824,8,1,0,end_cap,1
1433,130,1,1,60,16,2,4,0,17,0,1,7,10,0,0,0,5,5,5,22,17,22,0.5840,9,1,0,still,0
1434,5,2,1,270,16,0,1,0,12,0,1,7,5,0,0,0,11,11,11,23,12,23,0.3461,8,1,0,still,0
1434,14,1,1,270,19,0,1,0,15,0,1,8,7,0,0,1,5,5,6,20,16,22,0.5910,10,1,0,still,0
1434,28,2,0,-1,23,1,3,0,28,0,0,28,0,0,0,0,0,0,0,28,28,28,0.6359,14,0,0,hop,1
1434,40,1,1,210,15,1,2,0,10,0,1,5,5,0,0,1,9,9,9,19,11,20,0.3245,6,1,0,still,0
1434,139,1,1,90,18,0,2,0,18,0,1,11,7,0,1,0,8,8,6,26,17,23,0.5598,12,1,0,still,0
1435,117,3,1,180,18,1,2,0,16,0,1,9,7,0,0,0,11,11,10,27,16,26,0.3756,11,1,0,still,0
1436,84,1,1,210,18,0,2,0,22,0,1,15,7,0,1,0,2,2,3,24,21,24,0.5799,11,1,0,still,0
1436,87,1,1,30,21,0,2,0,26,0,1,25,1,0,1,0,0,0,1,26,25,26,0.5946,11,0,1,still,0
1436,176,1,1,60,21,0,1,1,30,0,0,27,3,0,4,0,0,0,0,30,26,26,0.3708,11,0,0,end_clear,1
1437,77,3,1,300,18,0,4,0,21,0,1,7,14,0,0,0,4,4,4,25,21,25,0.6059,13,1,0,end_cap,1
1437,146,2,1,180,15,0,2,0,13,0,1,7,6,0,2,0,11,11,11,24,11,22,0.3016,8,1,0,still,0
1438,72,2,1,30,16,0,2,0,10,0,1,4,6,0,0,0,11,11,11,21,10,21,0.3607,6,1,0,still,0
1438,166,1,1,150,19,0,1,0,24,0,1,10,14,0,3,0,1,1,1,25,21,22,0.3490,10,1,0,still,0
1439,10,1,1,210,20,0,2,0,17,0,1,10,7,0,0,0,6,6,6,23,17,23,0.5454,9,1,0,still,0
1439,66,1,0,-1,17,0,1,0,19,0,0,19,0,0,0,1,0,0,0,19,20,20,0.6375,9,0,0,hop,1
1440,6,2,1,150,16,0,2,0,16,0,1,9,7,0,0,0,9,9,9,25,16,25,0.3708,8,1,0,still,0
1440,149,1,1,60,18,0,2,1,16,0,1,9,7,0,0,0,10,10,8,26,16,24,0.3233,7,1,0,still,0
1441,29,2,0,-1,22,1,2,0,27,0,0,27,0,0,0,0,0,0,0,27,27,27,0.6881,14,0,0,pending,0
1442,29,2,0,-1,22,1,2,0,27,0,0,27,0,0,0,0,0,0,0,27,27,27,0.6879,14,0,0,hop,1
1442,159,1,1,90,13,2,3,0,7,0,1,2,5,0,0,0,8,8,9,15,7,16,0.2621,5,1,0,still,0
1442,165,1,1,120,19,0,1,0,23,0,1,10,13,0,2,0,2,2,2,25,21,23,0.3497,10,1,0,still,0
1442,188,1,1,210,16,1,2,0,10,0,1,4,6,0,2,0,13,13,13,23,8,21,0.3241,9,1,0,still,0
1443,8,2,1,60,19,0,1,0,18,0,1,10,8,0,0,0,7,7,7,25,18,25,0.3802,9,1,0,still,0
1443,26,3,1,60,21,2,3,0,29,0,1,28,1,0,0,0,0,0,0,29,29,29,0.6548,16,0,1,still,0
1443,189,1,1,90,15,0,2,0,10,0,1,5,5,0,1,0,11,11,11,21,9,20,0.4326,10,1,0,still,0
1444,58,1,1,120,16,0,1,0,23,0,1,19,4,0,0,0,0,0,0,23,23,23,0.4694,8,1,0,still,0
1444,118,3,1,150,18,0,1,0,17,0,1,11,6,0,0,0,9,9,9,26,17,26,0.4251,12,1,0,still,0
1444,174,2,0,-1,18,0,2,1,26,0,0,26,0,0,3,0,0,0,0,26,23,23,0.7685,16,0,0,pending,0
1445,110,1,0,-1,10,1,2,0,12,0,0,12,0,0,0,0,0,0,0,12,12,12,0.6946,10,0,0,pending,0
1445,135,1,1,240,20,0,1,1,29,0,1,25,4,0,3,0,0,0,0,29,26,26,0.3715,10,1,0,still,0
1445,174,2,0,-1,18,0,2,1,26,0,0,26,0,0,3,0,0,0,0,26,23,23,0.7681,16,0,0,hop,1
1446,44,1,1,300,17,0,1,0,16,0,1,10,6,0,0,0,6,6,6,22,16,22,0.4704,8,1,0,end_cap,1
1446,54,2,1,60,21,0,1,0,22,0,1,10,12,0,0,0,1,1,1,23,22,23,0.4787,11,1,0,still,0
1446,86,1,0,-1,19,0,2,0,25,0,1,23,2,0,0,1,0,0,0,25,26,26,0.5738,10,0,1,start_jam,0
1446,100,1,1,180,14,1,2,0,7,0,1,2,5,0,0,0,10,10,10,17,7,17,0.3323,5,1,0,still,0
1446,110,1,0,-1,10,1,2,0,12,0,0,12,0,0,0,0,0,0,0,12,12,12,0.6945,10,0,0,hop,1
1446,152,1,0,-1,2,0,8,1,3,0,0,3,0,0,0,0,0,0,0,3,3,3,0.0739,2,0,0,pending,0
1446,168,1,1,210,17,0,1,0,26,0,1,14,12,0,4,0,0,0,0,26,22,22,0.3742,9,1,0,still,0
1447,152,1,0,-1,2,0,8,1,3,0,0,3,0,0,0,0,0,0,0,3,3,3,0.0739,2,0,0,hop,1
1448,154,2,1,180,17,0,1,0,10,0,1,4,6,0,1,0,12,12,12,22,9,21,0.3970,10,1,0,still,0
1448,170,2,1,120,18,1,3,0,19,0,1,8,11,0,0,1,5,5,5,24,20,25,0.5729,11,1,0,still,0
1448,182,1,1,60,19,1,2,0,22,0,1,12,10,0,3,0,4,4,4,26,19,23,0.5706,14,1,0,still,0
1449,17,3,1,60,20,1,2,0,20,0,1,5,15,0,0,0,3,3,3,23,20,23,0.5529,13,1,0,still,0
1449,55,2,1,180,19,1,2,0,22,0,1,10,12,0,0,0,1,1,1,23,22,23,0.4863,11,1,0,still,0
1449,145,1,1,180,15,1,2,0,12,0,1,6,6,0,1,0,8,8,8,20,11,19,0.4105,8,1,0,still,0
1450,7,2,1,150,18,0,1,0,18,0,1,10,8,0,0,0,7,7,7,25,18,25,0.3979,9,1,0,still,0
1450,13,2,1,300,17,1,2,0,17,0,1,9,8,0,0,0,4,4,4,21,17,21,0.4947,10,1,0,end_cap,1
1450,85,1,1,240,17,1,2,0,22,0,1,15,7,0,0,0,0,0,0,22,22,22,0.5729,10,1,0,still,0
1451,3,2,1,150,15,0,1,0,11,0,1,6,5,0,0,0,9,9,9,20,11,20,0.3409,6,1,0,still,0
1451,35,2,1,270,18,1,2,0,8,0,1,3,5,0,0,0,12,12,13,20,8,21,0.3895,7,1,0,still,0
1451,153,1,1,180,18,0,2,0,9,0,1,3,6,0,2,0,11,11,11,20,7,18,0.2913,7,1,0,still,0
1452,127,1,1,90,19,0,1,0,21,0,1,5,16,0,3,0,3,3,3,24,18,21,0.3774,10,1,0,still,0
1453,4,2,1,180,16,0,1,0,12,0,1,9,3,0,0,0,8,8,8,20,12,20,0.3103,6,1,0,still,0
1454,9,1,1,300,19,1,2,0,19,0,1,12,7,0,0,0,4,4,4,23,19,23,0.5077,9,1,0,end_cap,1
1454,157,2,1,30,17,0,2,0,10,0,1,4,6,0,0,0,12,12,11,22,10,21,0.3235,7,1,0,still,0
1455,15,1,1,270,17,2,6,0,15,0,1,8,7,0,0,0,5,5,5,20,15,20,0.5149,9,1,0,still,0
1455,49,2,1,120,18,0,6,0,19,0,1,8,11,0,0,0,5,5,5,24,19,24,0.6873,12,1,0,still,0
1455,113,1,1,150,16,0,2,0,13,0,1,6,7,0,2,0,9,9,9,22,11,20,0.3516,8,1,0,still,0
1456,57,1,1,240,19,1,2,0,21,0,1,12,9,0,0,0,1,1,1,22,21,22,0.5885,11,1,0,still,0
1456,79,1,1,60,19,0,2,0,16,0,1,4,12,0,1,0,4,4,5,20,15,20,0.5995,10,1,0,still,0
1456,169,1,1,270,18,0,1,0,15,0,1,9,6,0,0,1,5,5,5,20,16,21,0.7060,11,1,0,still,0
1457,88,1,0,-1,22,2,5,0,27,0,0,27,0,0,0,0,0,0,0,27,27,27,0.6459,13,0,0,pending,0
1458,19,3,1,60,19,0,2,0,21,0,1,8,13,0,0,0,3,3,3,24,21,24,0.4989,12,1,0,still,0
1458,47,2,1,270,19,0,2,0,18,0,1,10,8,0,0,1,4,4,4,22,19,23,0.7126,13,1,0,still,0
1458,88,1,0,-1,22,2,5,0,27,0,0,27,0,0,0,0,0,0,0,27,27,27,0.6459,13,0,0,hop,1
1459,199,1,1,150,13,1,3,0,5,0,1,2,3,0,0,0,11,11,11,16,5,16,0.2677,6,1,0,still,0
1460,68,2,1,150,17,1,2,0,10,0,1,4,6,0,0,0,11,11,11,21,10,21,0.3713,7,1,0,still,0
1460,83,1,1,90,18,0,1,0,20,0,1,10,10,0,0,1,1,1,1,21,21,22,0.5123,10,1,0,still,0
1461,16,1,1,120,19,0,2,0,18,0,1,7,11,0,0,0,4,4,4,22,18,22,0.5810,9,1,0,still,0
1461,123,2,1,90,15,0,3,0,6,0,1,3,3,0,0,0,14,14,14,20,6,20,0.3271,7,1,0,still,0
1461,158,1,1,120,16,1,2,0,6,0,1,3,3,0,0,0,14,14,12,20,6,18,0.2589,5,1,0,still,0
1462,25,2,1,60,18,1,2,0,27,0,1,23,4,0,0,0,0,0,0,27,27,27,0.5918,12,1,0,still,0
1462,116,2,1,30,17,0,1,0,21,0,1,12,9,0,0,0,4,4,3,25,21,24,0.3775,9,1,0,still,0
1462,142,2,1,120,17,5,6,0,19,0,1,9,10,0,2,0,6,6,6,25,17,23,0.5995,12,1,0,still,0
1463,1,2,1,150,18,0,2,0,10,0,1,5,5,0,0,0,11,11,11,21,10,21,0.3811,7,1,0,still,0
1463,23,2,1,180,18,0,2,0,24,0,1,18,6,0,0,0,0,0,0,24,24,24,0.5277,10,1,0,still,0
1463,56,1,1,240,18,0,2,0,19,0,1,8,11,0,0,0,1,1,1,20,19,20,0.4985,10,1,0,still,0
1463,99,2,0,-1,8,1,3,0,10,0,0,10,0,0,0,0,0,0,0,10,10,10,0.4638,8,0,0,pending,0
1463,130,1,1,90,16,1,6,0,17,0,1,8,9,0,0,0,5,5,5,22,17,22,0.5840,9,1,0,still,0
1463,140,1,0,-1,19,0,2,1,19,0,1,10,9,0,1,0,3,3,3,22,18,21,0.5012,10,1,0,start_jam,0
1464,5,2,1,300,16,0,1,0,14,0,1,9,5,0,0,0,8,8,8,22,14,22,0.3461,8,1,0,end_cap,1
1464,14,1,1,300,17,0,1,0,16,0,1,9,7,0,0,0,4,4,4,20,16,20,0.5910,10,1,0,end_cap,1
1464,40,1,1,240,15,1,2,0,13,0,1,9,4,0,0,1,6,6,6,19,14,20,0.3245,6,1,0,still,0
1464,99,2,0,-1,8,1,3,0,10,0,0,10,0,0,0,0,0,0,0,10,10,10,0.4638,8,0,0,hop,1
1464,139,1,1,120,18,0,2,0,23,0,1,14,9,0,3,0,3,3,3,26,20,23,0.5597,12,1,0,still,0
1465,117,3,1,210,18,1,2,0,22,0,1,12,10,0,0,0,4,4,3,26,22,25,0.3991,12,1,0,still,0
1465,141,2,0,-1,18,0,1,0,21,0,1,10,11,0,1,0,4,4,4,25,20,24,0.4936,11,1,0,start_jam,0
1466,84,1,1,240,18,0,2,0,22,0,1,13,9,0,1,0,0,0,1,22,21,22,0.5795,11,1,0,still,0
1466,87,1,1,60,21,3,5,0,27,0,0,26,1,0,1,0,0,0,0,27,26,26,0.5949,11,0,1,end_clear,1
1466,111,1,0,-1,3,0,7,1,3,0,0,3,0,0,0,0,0,0,0,3,3,3,0.0739,2,0,0,pending,0
1467,111,1,0,-1,3,0,7,1,3,0,0,3,0,0,0,0,0,0,0,3,3,3,0.0739,2,0,0,hop,1
1467,146,2,1,210,15,0,2,0,19,0,1,11,8,0,2,0,4,4,4,23,17,21,0.3268,9,1,0,still,0
1468,67,2,0,-1,14,2,4,0,16,0,0,16,0,0,0,1,0,0,0,16,17,17,0.6570,11,0,0,pending,0
1468,72,2,1,60,16,0,2,0,11,0,1,5,6,0,0,0,10,10,10,21,11,21,0.3607,6,1,0,still,0
1468,166,1,1,180,18,0,1,0,23,0,1,10,13,0,2,0,2,2,1,25,21,22,0.3490,10,1,0,still,0
1468,179,1,0,-1,1,0,1,1,0,0,0,0,0,0,0,0,0,0,0,0,0,0,0.0000,0,0,0,pending,0
1469,10,1,1,240,20,0,2,0,22,0,1,12,10,0,0,0,2,2,2,24,22,24,0.5496,9,1,0,still,0
1469,67,2,0,-1,14,2,4,0,16,0,0,16,0,0,0,1,0,0,0,16,17,17,0.6570,11,0,0,hop,1
1469,179,1,0,-1,1,0,1,1,0,0,0,0,0,0,0,0,0,0,0,0,0,0,0.0000,0,0,0,hop,1
1470,6,2,1,180,16,0,2,0,20,0,1,11,9,0,0,0,5,5,5,25,20,25,0.3094,7,1,0,still,0
1470,149,1,1,90,18,0,2,1,24,0,1,11,13,0,2,0,2,2,2,26,22,24,0.3233,7,1,0,still,0
1472,159,1,1,120,13,2,3,0,3,0,1,2,1,0,0,0,12,12,13,15,3,16,0.2621,5,1,0,still,0
1472,165,1,1,150,19,0,1,0,21,0,1,9,12,0,2,0,3,3,3,24,19,22,0.3497,10,1,0,still,0
1472,188,1,1,240,16,1,2,0,13,0,1,6,7,0,1,0,9,9,8,22,12,20,0.3241,9,1,0,still,0
1473,8,2,1,90,19,0,1,0,23,0,1,12,11,0,0,0,2,2,2,25,23,25,0.3816,9,1,0,still,0
1473,26,3,1,90,20,0,1,0,29,0,0,29,0,0,0,0,0,0,0,29,29,29,0.6546,16,0,0,end_clear,1
1473,189,1,1,120,15,0,2,0,15,0,1,8,7,0,0,0,6,6,5,21,15,20,0.4326,10,1,0,still,0
1474,58,1,1,150,16,0,1,0,23,0,1,20,3,0,0,1,0,0,0,23,24,24,0.4695,8,1,0,still,0
1474,114,1,0,-1,16,1,2,0,16,0,1,10,6,0,1,0,4,4,4,20,15,19,0.2935,6,1,0,start_jam,0
1474,118,3,1,180,18,0,1,0,24,0,1,13,11,0,0,0,2,2,2,26,24,26,0.4251,12,1,0,still,0
1475,135,1,1,270,20,0,1,1,30,0,0,27,3,0,3,0,0,0,0,30,27,27,0.3449,9,0,0,end_clear,1
1476,54,2,1,90,19,0,1,0,22,0,1,12,10,0,0,0,1,1,1,23,22,23,0.4787,11,1,0,still,0
1476,86,1,1,30,19,0,2,0,25,0,0,25,0,0,0,1,0,0,0,25,26,26,0.5733,10,0,0,end_clear,1
1476,100,1,1,210,14,1,2,0,4,0,1,3,1,0,0,0,13,13,13,17,4,17,0.3323,5,1,0,still,0
1476,168,1,1,240,17,0,1,0,27,0,1,19,8,0,4,0,0,0,0,27,23,23,0.3742,9,1,0,still,0
1477,50,1,0,-1,20,1,2,0,15,0,1,6,9,0,0,1,7,7,7,22,16,23,0.6138,10,1,0,start_jam,0
1478,115,2,0,-1,15,0,1,0,19,0,1,10,9,0,1,0,5,5,5,24,18,23,0.2964,8,1,0,start_jam,0
1478,154,2,1,210,17,0,1,0,12,0,1,4,8,0,0,0,10,10,9,22,12,21,0.3970,10,1,0,still,0
1478,170,2,1,150,18,5,7,0,17,0,1,7,10,0,0,1,7,7,7,24,18,25,0.5720,11,1,0,still,0
1478,182,1,1,90,19,1,2,0,23,0,1,11,12,0,3,0,3,3,3,26,20,23,0.5706,14,1,0,still,0
1479,17,3,1,90,20,1,2,0,18,0,1,8,10,0,0,0,5,5,5,23,18,23,0.5237,12,1,0,still,0
1479,55,2,1,210,18,1,2,0,22,0,1,14,8,0,0,0,1,1,1,23,22,23,0.4864,11,1,0,still,0
1479,145,1,1,210,15,1,2,0,15,0,1,6,9,0,0,0,5,5,4,20,15,19,0.4105,8,1,0,still,0
1480,7,2,1,180,18,0,1,0,22,0,1,11,11,0,0,0,3,3,3,25,22,25,0.3990,9,1,0,still,0
1480,85,1,1,270,18,1,2,0,23,0,1,20,3,0,0,0,0,0,0,23,23,23,0.5733,10,1,0,still,0
1481,3,2,1,180,15,0,1,0,15,0,1,6,9,0,0,0,5,5,5,20,15,20,0.3411,6,1,0,still,0
1481,35,2,1,300,18,1,2,0,12,0,1,3,9,0,0,0,8,8,9,20,12,21,0.3895,7,1,0,end_cap,0
1481,153,1,1,210,18,0,2,0,12,0,1,4,8,0,1,0,8,8,7,20,11,18,0.2913,7,1,0,still,0
1481,161,2,0,-1,18,0,1,0,21,0,1,8,13,0,3,0,7,7,7,28,18,25,0.4285,10,1,0,start_jam,0
1482,127,1,1,120,19,0,1,0,18,0,1,8,10,0,1,0,6,6,4,24,17,21,0.3774,10,1,0,still,0
1483,4,2,1,210,16,0,1,0,16,0,1,9,7,0,0,0,4,4,4,20,16,20,0.3103,6,1,0,still,0
1483,183,1,0,-1,19,1,2,0,20,0,1,8,12,0,1,0,3,3,3,23,19,22,0.5438,12,1,0,start_jam,0
1484,157,2,1,60,17,0,2,0,11,0,1,4,7,0,0,0,11,11,10,22,11,21,0.3235,7,1,0,still,0
1485,15,1,1,300,17,3,7,0,15,0,1,6,9,0,0,0,7,7,7,22,15,22,0.6268,10,1,0,end_cap,1
1485,49,2,1,150,18,1,7,0,17,0,1,7,10,0,0,0,7,7,7,24,17,24,0.6893,12,1,0,still,0
1485,113,1,1,180,16,0,2,0,15,0,1,6,9,0,2,0,7,7,7,22,13,20,0.3516,8,1,0,still,0
1486,57,1,1,270,19,1,2,0,22,0,1,17,5,0,0,0,1,1,1,23,22,23,0.5907,11,1,0,still,0
1486,79,1,1,90,19,0,2,0,15,0,1,5,10,0,0,0,5,5,5,20,15,20,0.5994,10,1,0,still,0
1486,169,1,1,300,18,0,1,0,16,0,1,8,8,0,0,1,4,4,4,20,17,21,0.7070,11,1,0,end_cap,1
1488,19,3,1,90,19,0,2,0,20,0,1,11,9,0,0,0,3,3,3,23,20,23,0.4994,12,1,0,still,0
1488,47,2,1,300,19,0,2,0,21,0,1,10,11,0,0,1,1,1,1,22,22,23,0.6479,12,1,0,end_cap,1
1489,199,1,1,180,13,1,3,0,4,0,1,3,1,0,0,0,12,12,12,16,4,16,0.2677,6,1,0,still,0
1490,68,2,1,180,17,1,2,0,12,0,1,4,8,0,0,0,9,9,9,21,12,21,0.3713,7,1,0,still,0
1490,83,1,1,120,18,0,1,0,19,0,1,13,6,0,0,1,1,1,1,20,20,21,0.5137,10,1,0,still,0
1491,16,1,1,150,19,0,2,0,18,0,1,7,11,0,0,0,4,4,4,22,18,22,0.5803,9,1,0,still,0
1491,123,2,1,120,15,0,3,0,7,0,1,4,3,0,0,0,13,13,13,20,7,20,0.3271,7,1,0,still,0
1491,138,1,0,-1,22,0,1,1,29,0,0,29,0,0,3,0,0,0,0,29,26,26,0.5525,15,0,0,pending,0
1491,158,1,1,150,16,1,2,0,8,0,1,4,4,0,0,0,12,12,10,20,8,18,0.2589,5,1,0,still,0
1492,25,2,1,90,18,3,4,0,26,0,0,26,0,0,0,0,0,0,0,26,26,26,0.5936,12,0,0,end_clear,1
1492,116,2,1,60,17,0,1,0,21,0,1,12,9,0,1,0,4,4,4,25,20,24,0.3775,9,1,0,still,0
1492,138,1,0,-1,22,0,1,1,29,0,0,29,0,0,3,0,0,0,0,29,26,26,0.5525,15,0,0,hop,1
1492,142,2,1,150,17,0,1,0,22,0,1,10,12,0,2,0,3,3,3,25,20,23,0.5969,12,1,0,still,0
1493,1,2,1,180,18,0,2,0,13,0,1,5,8,0,0,0,8,8,8,21,13,21,0.3811,7,1,0,still,0
1493,23,2,1,210,18,0,2,0,25,0,1,24,1,0,0,0,0,0,0,25,25,25,0.5277,10,0,1,still,0
1493,56,1,1,270,18,0,2,0,18,0,1,12,6,0,0,0,1,1,1,19,18,19,0.4997,10,1,0,still,0
1493,75,1,0,-1,4,1,6,0,4,0,0,4,0,0,0,0,0,0,0,4,4,4,0.1817,3,0,0,hop,1
1493,130,1,1,120,17,2,4,0,18,0,1,6,12,0,0,0,4,4,4,22,18,22,0.5815,9,1,0,still,0
1493,140,1,1,30,19,0,2,1,22,0,1,11,11,0,1,0,0,0,0,22,21,21,0.5011,10,1,0,still,0
1494,40,1,1,270,15,1,2,0,14,0,1,10,4,0,0,1,5,5,5,19,15,20,0.3247,6,1,0,still,0
1494,139,1,1,150,18,0,2,0,25,0,1,13,12,0,2,0,1,1,0,26,23,23,0.5597,12,1,0,still,0
1495,117,3,1,240,18,1,2,0,24,0,1,14,10,0,1,0,3,3,3,27,23,26,0.3521,11,1,0,still,0
1495,141,2,1,30,18,0,1,0,23,0,1,11,12,0,1,0,2,2,2,25,22,24,0.4927,11,1,0,still,0
1496,76,3,0,-1,17,1,2,0,21,0,1,7,14,0,0,1,4,4,4,25,22,26,0.5954,12,1,0,start_jam,0
1496,84,1,1,270,18,0,2,0,22,0,1,18,4,0,1,0,0,0,1,22,21,22,0.5808,11,1,0,still,0
1497,33,3,0,-1,11,0,4,0,12,0,0,12,0,0,0,0,0,0,0,12,12,12,0.4757,9,0,0,pending,0
1497,146,2,1,240,15,0,2,0,18,0,1,10,8,0,2,0,5,5,5,23,16,21,0.3268,9,1,0,still,0
1498,33,3,0,-1,11,0,4,0,12,0,0,12,0,0,0,0,0,0,0,12,12,12,0.4756,9,0,0,hop,1
1498,72,2,1,90,16,0,2,0,10,0,1,4,6,0,0,0,11,11,11,21,10,21,0.3607,6,1,0,still,0
1498,166,1,1,210,17,0,1,0,22,0,1,13,9,0,2,0,2,2,1,24,20,21,0.3490,10,1,0,still,0
1498,177,1,0,-1,23,0,2,1,29,0,0,29,0,0,3,0,0,0,0,29,26,26,0.5008,15,0,0,pending,0
1499,10,1,1,270,20,0,2,0,23,0,1,12,11,0,0,0,1,1,1,24,23,24,0.5493,9,1,0,still,0
1499,177,1,0,-1,23,0,2,1,29,0,0,29,0,0,3,0,0,0,0,29,26,26,0.5008,15,0,0,hop,1
1500,6,2,1,210,16,0,2,0,19,0,1,11,8,0,0,0,6,6,6,25,19,25,0.3098,7,1,0,still,0
1500,149,1,1,120,18,0,2,1,23,0,1,12,11,0,2,0,3,3,3,26,21,24,0.3233,7,1,0,still,0
1502,90,1,0,-1,22,1,2,0,25,0,0,25,0,0,0,0,0,0,0,25,25,25,0.7150,14,0,0,pending,0
1502,159,1,1,150,13,2,3,0,3,0,1,3,0,0,0,0,12,12,13,15,3,16,0.2621,5,1,0,still,0
1502,165,1,1,180,18,0,1,0,22,0,1,12,10,0,2,0,2,2,2,24,20,22,0.3497,10,1,0,still,0
1502,188,1,1,270,16,1,2,0,12,0,1,5,7,0,2,0,10,10,10,22,10,20,0.3241,9,1,0,still,0
1503,8,2,1,120,19,0,1,0,22,0,1,13,9,0,0,0,3,3,3,25,22,25,0.3822,9,1,0,still,0
1503,189,1,1,150,15,0,2,0,13,0,1,6,7,0,0,0,8,8,7,21,13,20,0.4326,10,1,0,still,0
1504,58,1,1,180,17,0,1,0,22,0,0,22,0,0,0,1,0,0,0,22,23,23,0.4696,8,0,0,end_clear,1
1504,91,1,0,-1,21,0,2,0,24,0,0,24,0,0,0,0,0,0,0,24,24,24,0.6824,13,0,0,hop,1
1504,114,1,1,30,16,1,2,0,14,0,1,9,5,0,0,0,6,6,5,20,14,19,0.2935,6,1,0,still,0
1504,118,3,1,210,18,0,1,0,23,0,1,12,11,0,0,0,2,2,2,25,23,25,0.4251,12,1,0,still,0
1505,65,1,0,-1,18,2,6,0,21,0,0,21,0,0,0,1,0,0,0,21,22,22,0.6139,10,0,0,hop,1
1506,54,2,1,120,18,0,1,0,22,0,1,14,8,0,0,0,0,0,0,22,22,22,0.4787,11,1,0,still,0
1506,100,1,1,240,14,1,2,0,4,0,1,4,0,0,0,0,13,13,13,17,4,17,0.3323,5,1,0,still,0
1506,144,2,0,-1,6,5,6,0,9,0,0,9,0,0,0,0,0,0,0,9,9,9,0.2751,5,0,0,pending,0
1506,168,1,1,270,17,0,1,0,26,0,1,20,6,0,4,0,0,0,0,26,22,22,0.3734,9,0,0,still,0
1507,50,1,1,30,20,1,2,0,18,0,1,7,11,0,0,1,4,4,4,22,19,23,0.6161,10,1,0,still,0
1507,144,2,0,-1,6,5,6,0,9,0,0,9,0,0,0,0,0,0,0,9,9,9,0.2751,5,0,0,hop,1
1508,115,2,1,30,15,0,1,0,18,0,1,12,6,0,1,0,6,6,6,24,17,23,0.2964,8,1,0,still,0
1508,154,2,1,240,17,0,1,0,11,0,1,5,6,0,0,0,11,11,10,22,11,21,0.3970,10,1,0,still,0
1508,170,2,1,180,18,0,2,0,20,0,1,7,13,0,0,1,4,4,4,24,21,25,0.5716,11,1,0,still,0
1508,182,1,1,120,19,1,2,0,25,0,1,11,14,0,2,0,1,1,0,26,23,23,0.5706,14,1,0,still,0
1509,17,3,1,120,20,1,2,0,20,0,1,10,10,0,0,0,3,3,3,23,20,23,0.5286,12,1,0,still,0
1509,55,2,1,240,18,1,2,0,23,0,1,16,7,0,0,0,0,0,0,23,23,23,0.4863,11,1,0,still,0
1509,145,1,1,240,15,1,2,0,12,0,1,6,6,0,0,0,8,8,7,20,12,19,0.4105,8,1,0,still,0
1510,7,2,1,210,18,0,1,0,21,0,1,12,9,0,0,0,4,4,4,25,21,25,0.3994,9,1,0,still,0
1510,85,1,1,300,17,1,2,0,22,0,1,21,1,0,0,1,0,0,0,22,23,23,0.5736,10,0,1,end_cap,1
1511,3,2,1,210,15,0,1,0,12,0,1,6,6,0,0,0,8,8,8,20,12,20,0.3411,6,1,0,still,0
1511,153,1,1,240,18,0,2,0,10,0,1,4,6,0,1,0,10,10,9,20,9,18,0.2913,7,1,0,still,0
1511,161,2,1,30,18,0,1,0,23,0,1,10,13,0,3,0,4,4,4,27,20,24,0.4285,10,1,0,still,0
1512,71,2,0,-1,8,2,3,0,10,0,0,10,0,0,0,0,0,0,0,10,10,10,0.4299,7,0,0,hop,1
1512,127,1,1,150,19,0,1,0,21,0,1,11,10,0,3,0,3,3,3,24,18,21,0.3774,10,1,0,still,0
1513,4,2,1,240,16,0,1,0,14,0,1,9,5,0,0,0,6,6,6,20,14,20,0.3103,6,1,0,still,0
1513,183,1,1,30,19,1,2,0,21,0,1,10,11,0,1,0,2,2,2,23,20,22,0.5438,12,1,0,still,0
1514,157,2,1,90,17,0,2,0,9,0,1,4,5,0,0,0,13,13,12,22,9,21,0.3235,7,1,0,still,0
1515,49,2,1,180,18,1,4,0,19,0,1,8,11,0,0,0,4,4,4,23,19,23,0.6891,12,1,0,still,0
1515,113,1,1,210,16,0,2,0,12,0,1,6,6,0,2,0,10,10,10,22,10,20,0.3516,8,1,0,still,0
1516,57,1,1,300,18,1,2,0,23,0,1,20,3,0,0,0,0,0,0,23,23,23,0.5910,11,0,1,end_cap,1
1516,79,1,1,120,19,0,2,0,17,0,1,9,8,0,1,0,3,3,4,20,16,20,0.5987,10,1,0,still,0
1516,126,2,0,-1,19,0,1,0,22,0,1,13,9,0,2,0,4,4,4,26,20,24,0.3263,10,1,0,start_jam,0
1518,19,3,1,120,19,0,2,0,22,0,1,15,7,0,0,0,1,1,1,23,22,23,0.5011,12,1,0,still,0
1518,35,2,0,-1,18,1,2,0,9,0,1,3,6,0,0,0,11,11,12,20,9,21,0.3895,7,1,0,start_jam,0
1519,199,1,1,210,13,1,3,0,3,0,1,2,1,0,0,0,13,13,13,16,3,16,0.2677,6,1,0,still,0
1520,68,2,1,210,17,1,2,0,10,0,1,3,7,0,0,0,11,11,11,21,10,21,0.3713,7,1,0,still,0
1520,83,1,1,150,18,0,1,0,22,0,1,19,3,0,0,0,0,0,0,22,22,22,0.5159,10,1,0,still,0
1521,16,1,1,180,19,0,2,0,19,0,1,9,10,0,0,0,3,3,3,22,19,22,0.5816,9,1,0,still,0
1521,123,2,1,150,15,0,3,0,5,0,1,3,2,0,0,0,15,15,15,20,5,20,0.3271,7,1,0,still,0
1521,158,1,1,180,16,1,2,0,6,0,1,3,3,0,0,0,14,14,12,20,6,18,0.2589,5,1,0,still,0
1522,116,2,1,90,17,0,1,0,18,0,1,11,7,0,1,0,7,7,7,25,17,24,0.3775,9,1,0,still,0
1522,142,2,1,180,17,0,1,0,22,0,1,8,14,0,2,0,3,3,3,25,20,23,0.5994,12,1,0,still,0
1523,1,2,1,210,18,0,2,0,11,0,1,4,7,0,0,0,10,10,10,21,11,21,0.3811,7,1,0,still,0
1523,23,2,1,240,16,0,2,0,24,0,0,24,0,0,0,0,0,0,0,24,24,24,0.5276,10,0,0,end_clear,1
1523,32,1,0,-1,14,3,4,0,17,0,0,17,0,0,2,0,0,0,0,17,15,15,0.6644,9,0,0,pending,0
1523,56,1,1,300,18,0,2,0,20,0,1,17,3,0,0,0,0,0,0,20,20,20,0.5044,10,1,0,end_cap,1
1523,130,1,1,150,17,2,4,0,18,0,1,7,11,0,0,0,4,4,4,22,18,22,0.5784,9,1,0,still,0
1523,140,1,1,60,18,0,2,1,21,0,1,10,11,0,1,0,1,1,1,22,20,21,0.5896,11,1,0,still,0
1524,32,1,0,-1,14,3,4,0,17,0,0,17,0,0,2,0,0,0,0,17,15,15,0.6644,9,0,0,hop,1
1524,40,1,1,300,15,1,2,0,13,0,1,10,3,0,0,1,6,6,6,19,14,20,0.3247,6,1,0,end_cap,1
1524,139,1,1,180,18,0,2,0,21,0,1,11,10,0,2,0,4,4,3,25,19,22,0.5597,12,1,0,still,0
1525,103,1,0,-1,4,2,6,0,5,0,0,5,0,0,0,0,0,0,0,5,5,5,0.1824,3,0,0,pending,0
1525,117,3,1,270,18,1,2,0,21,0,1,13,8,0,1,0,6,6,6,27,20,26,0.3991,12,1,0,still,0
1525,141,2,1,60,18,0,1,0,23,0,1,10,13,0,1,0,2,2,2,25,22,24,0.4934,11,1,0,still,0
1525,155,1,0,-1,2,0,2,1,2,0,0,2,0,0,0,0,0,0,0,2,2,2,0.0334,1,0,0,pending,0
1526,76,3,1,30,17,1,2,0,19,0,1,7,12,0,0,1,4,4,4,23,20,24,0.5954,12,1,0,still,0
1526,84,1,1,300,18,1,2,0,23,0,1,23,0,0,0,1,0,0,0,23,24,24,0.5826,11,0,0,end_cap,1
1526,103,1,0,-1,4,2,6,0,5,0,0,5,0,0,0,0,0,0,0,5,5,5,0.1824,3,0,0,hop,1
1526,155,1,0,-1,2,0,2,1,2,0,0,2,0,0,0,0,0,0,0,2,2,2,0.0334,1,0,0,hop,1
1526,186,1,0,-1,15,1,2,0,20,0,0,20,0,0,3,0,0,0,0,20,17,17,0.6480,11,0,0,pending,0
1527,146,2,1,270,15,0,2,0,16,0,1,12,4,0,0,0,8,8,6,24,16,22,0.3271,9,1,0,still,0
1527,186,1,0,-1,15,1,2,0,20,0,0,20,0,0,3,0,0,0,0,20,17,17,0.6479,11,0,0,hop,1
1528,72,2,1,120,16,0,2,0,8,0,1,4,4,0,0,0,13,13,13,21,8,21,0.3607,6,1,0,still,0
1528,89,1,0,-1,23,0,2,0,26,0,0,26,0,0,0,0,0,0,0,26,26,26,0.5729,12,0,0,hop,1
1528,90,1,0,-1,23,2,5,0,26,0,0,26,0,0,0,1,0,0,0,26,27,27,0.7156,14,0,0,pending,0
1528,166,1,1,240,17,0,1,0,24,0,1,19,5,0,3,0,0,0,0,24,21,21,0.3490,10,1,0,still,0
1529,10,1,1,300,20,0,2,0,20,0,1,12,8,0,0,0,4,4,4,24,20,24,0.5493,9,1,0,end_cap,1
1529,90,1,0,-1,23,2,5,0,26,0,0,26,0,0,0,1,0,0,0,26,27,27,0.7156,14,0,0,hop,1
1530,6,2,1,240,16,0,2,0,17,0,1,12,5,0,0,0,8,8,8,25,17,25,0.3096,7,1,0,still,0
1530,92,1,0,-1,19,1,3,0,18,0,0,18,0,0,0,4,0,0,0,18,22,22,0.6232,10,0,0,pending,0
1530,149,1,1,150,18,0,2,1,21,0,1,13,8,0,2,0,5,5,5,26,19,24,0.3233,7,0,1,still,0
1531,92,1,0,-1,19,1,3,0,18,0,0,18,0,0,0,4,0,0,0,18,22,22,0.6233,10,0,0,hop,1
1531,107,2,0,-1,18,0,3,0,21,0,0,21,0,0,2,2,0,0,0,21,21,21,0.6341,13,0,0,hop,1
1531,109,2,0,-1,12,1,4,0,12,0,0,12,0,0,0,1,0,0,0,12,13,13,0.6519,11,0,0,pending,0
1532,109,2,0,-1,12,1,4,0,12,0,0,12,0,0,0,1,0,0,0,12,13,13,0.6520,11,0,0,hop,1
1532,159,1,1,180,13,2,3,0,3,0,1,2,1,0,0,0,12,12,13,15,3,16,0.2621,5,1,0,still,0
1532,165,1,1,210,18,0,1,0,23,0,1,18,5,0,2,0,1,1,1,24,21,22,0.3497,10,1,0,still,0
1532,188,1,1,300,16,1,2,0,12,0,1,6,6,0,2,0,10,10,10,22,10,20,0.3241,9,1,0,end_cap,1
1533,8,2,1,150,19,0,1,0,20,0,1,14,6,0,0,0,5,5,5,25,20,25,0.3823,9,0,0,still,0
1533,31,2,0,-1,21,0,5,0,26,0,0,26,0,0,0,0,0,0,0,26,26,26,0.5937,12,0,0,pending,0
1533,189,1,1,180,15,0,2,0,13,0,1,8,5,0,0,0,8,8,7,21,13,20,0.4326,10,1,0,still,0
1534,31,2,0,-1,21,0,5,0,26,0,0,26,0,0,0,0,0,0,0,26,26,26,0.5937,12,0,0,hop,1
1534,114,1,1,60,16,1,2,0,15,0,1,11,4,0,0,0,5,5,4,20,15,19,0.2935,6,1,0,still,0
1534,118,3,1,240,18,0,1,0,21,0,1,13,8,0,0,0,4,4,4,25,21,25,0.4251,12,1,0,still,0
1536,54,2,1,150,19,0,1,0,22,0,1,19,3,0,0,0,0,0,0,22,22,22,0.4788,11,1,0,still,0
1536,100,1,1,270,14,1,2,0,6,0,1,4,2,0,0,0,11,11,11,17,6,17,0.3323,5,1,0,still,0
1536,168,1,1,300,16,0,1,0,27,0,0,26,1,0,4,0,0,0,0,27,23,23,0.3468,9,0,0,end_cap,1
1537,50,1,1,60,18,1,2,0,19,0,1,11,8,0,0,1,3,3,3,22,20,23,0.6157,10,1,0,still,0
1538,115,2,1,60,15,0,1,0,17,0,1,14,3,0,1,0,7,7,7,24,16,23,0.2964,8,1,0,still,0
1538,154,2,1,270,17,0,1,0,14,0,1,6,8,0,0,0,8,8,7,22,14,21,0.3706,9,1,0,still,0
1538,170,2,1,210,18,0,2,0,19,0,1,8,11,0,0,1,4,4,4,23,20,24,0.5720,11,1,0,still,0
1538,182,1,1,150,19,1,2,0,22,0,1,12,10,0,3,0,4,4,4,26,19,23,0.5706,14,1,0,still,0
1539,17,3,1,150,19,1,2,0,21,0,1,16,5,0,0,0,2,2,2,23,21,23,0.5317,12,1,0,still,0
1539,55,2,1,270,18,1,2,0,23,0,1,22,1,0,0,0,0,0,0,23,23,23,0.4864,11,0,1,still,0
1539,73,2,0,-1,6,0,3,0,9,0,0,9,0,0,0,0,0,0,0,9,9,9,0.2961,5,0,0,pending,0
1539,145,1,1,270,15,1,2,0,13,0,1,8,5,0,0,0,7,7,6,20,13,19,0.4105,8,1,0,still,0
1540,7,2,1,240,18,0,1,0,19,0,1,13,6,0,0,0,6,6,6,25,19,25,0.3992,9,0,1,still,0
1540,73,2,0,-1,6,0,3,0,9,0,0,9,0,0,0,0,0,0,0,9,9,9,0.2962,5,0,0,hop,1
1541,3,2,1,240,15,0,1,0,13,0,1,8,5,0,0,0,7,7,7,20,13,20,0.3411,6,1,0,still,0
1541,153,1,1,270,18,0,2,0,13,0,1,5,8,0,1,0,7,7,6,20,12,18,0.2913,7,1,0,still,0
1541,161,2,1,60,18,0,1,0,24,0,1,13,11,0,3,0,3,3,3,27,21,24,0.4285,10,1,0,still,0
1542,127,1,1,180,19,0,1,0,22,0,1,16,6,0,3,0,2,2,2,24,19,21,0.3774,10,1,0,still,0
1543,4,2,1,270,16,0,1,0,15,0,1,11,4,0,0,0,5,5,5,20,15,20,0.3103,6,1,0,still,0
1543,183,1,1,60,19,1,2,0,21,0,1,10,11,0,1,0,2,2,2,23,20,22,0.5438,12,1,0,still,0
1544,157,2,1,120,17,0,2,0,12,0,1,5,7,0,0,0,10,10,9,22,12,21,0.3235,7,1,0,still,0
1545,49,2,1,210,18,1,4,0,20,0,1,11,9,0,0,0,3,3,3,23,20,23,0.6559,11,1,0,still,0
1545,113,1,1,240,16,0,2,0,14,0,1,7,7,0,2,0,8,8,8,22,12,20,0.3512,8,1,0,still,0
1546,79,1,1,150,19,0,2,0,18,0,1,13,5,0,1,0,2,2,3,20,17,20,0.5990,10,1,0,still,0
1546,126,2,1,30,18,0,1,0,23,0,1,17,6,0,2,0,3,3,3,26,21,24,0.3263,10,1,0,still,0
1548,19,3,1,150,19,0,2,0,22,0,1,19,3,0,0,0,1,1,1,23,22,23,0.5059,12,1,0,still,0
1548,35,2,1,30,18,1,2,0,13,0,1,6,7,0,0,0,7,7,8,20,13,21,0.3895,7,1,0,still,0
1549,199,1,1,240,13,1,3,0,3,0,1,2,1,0,0,0,13,13,13,16,3,16,0.2677,6,1,0,still,0
1550,29,2,0,-1,23,6,7,0,29,0,0,29,0,0,0,0,0,0,0,29,29,29,0.6909,14,0,0,hop,1
1550,68,2,1,240,17,1,2,0,12,0,1,5,7,0,0,0,9,9,9,21,12,21,0.3404,6,1,0,still,0
1550,83,1,1,180,18,0,1,0,22,0,0,22,0,0,0,0,0,0,0,22,22,22,0.5119,10,0,0,end_clear,1
1551,16,1,1,210,18,0,2,0,18,0,1,13,5,0,0,0,4,4,4,22,18,22,0.5832,9,1,0,still,0
1551,123,2,1,180,15,0,3,0,6,0,1,4,2,0,0,0,13,13,13,19,6,19,0.3271,7,1,0,still,0
1551,158,1,1,210,16,1,2,0,8,0,1,5,3,0,0,0,12,12,10,20,8,18,0.2589,5,1,0,still,0
1552,101,3,0,-1,4,4,6,0,7,0,0,7,0,0,0,0,0,0,0,7,7,7,0.2374,6,0,0,hop,1
1552,116,2,1,120,17,0,1,0,20,0,1,13,7,0,2,0,6,6,6,26,18,24,0.3775,9,1,0,still,0
1552,142,2,1,210,17,0,1,0,20,0,1,9,11,0,2,0,4,4,4,24,18,22,0.5998,12,1,0,still,0
1553,1,2,1,240,18,0,2,0,13,0,1,6,7,0,0,0,8,8,8,21,13,21,0.3811,7,1,0,still,0
1553,130,1,1,180,17,2,4,0,16,0,1,8,8,0,0,0,5,5,5,21,16,21,0.5781,9,1,0,still,0
1553,140,1,1,90,18,0,2,1,21,0,1,10,11,0,1,0,1,1,1,22,20,21,0.5896,11,1,0,still,0
1554,139,1,1,210,18,0,2,0,22,0,1,12,10,0,3,0,3,3,3,25,19,22,0.5597,12,1,0,still,0
1555,117,3,1,300,18,1,2,0,22,0,1,14,8,0,1,0,5,5,5,27,21,26,0.3991,12,0,1,end_cap,1
1555,141,2,1,90,18,0,1,0,22,0,1,10,12,0,1,0,3,3,3,25,21,24,0.4935,11,1,0,still,0
1556,76,3,1,60,17,1,2,0,18,0,1,8,10,0,0,1,5,5,5,23,19,24,0.5954,12,1,0,still,0
1557,146,2,1,300,15,0,2,0,17,0,1,14,3,0,0,0,7,7,5,24,17,22,0.3271,9,1,0,end_cap,1
1558,72,2,1,150,16,0,2,0,11,0,1,6,5,0,0,0,10,10,10,21,11,21,0.3607,6,1,0,still,0
1558,166,1,1,270,17,0,1,0,24,0,1,21,3,0,3,0,0,0,0,24,21,21,0.3490,10,1,0,still,0
1560,6,2,1,270,16,0,2,0,17,0,1,12,5,0,0,0,7,7,7,24,17,24,0.3096,7,1,0,still,0
1560,97,3,0,-1,3,0,4,1,3,0,0,3,0,0,0,0,0,0,0,3,3,3,0.0878,3,0,0,pending,0
1560,149,1,1,180,18,0,1,1,20,0,1,13,7,0,1,0,6,6,5,26,19,24,0.3230,7,0,1,still,0
1561,97,3,0,-1,3,0,4,1,3,0,0,3,0,0,0,0,0,0,0,3,3,3,0.0878,3,0,0,hop,1
1562,159,1,1,210,13,2,3,0,2,0,1,2,0,0,0,0,13,13,14,15,2,16,0.2621,5,1,0,still,0
1562,165,1,1,240,18,0,1,0,23,0,1,20,3,0,2,0,1,1,1,24,21,22,0.3497,10,1,0,still,0
1563,8,2,1,180,19,0,1,0,21,0,1,14,7,0,0,0,4,4,4,25,21,25,0.3821,9,0,0,still,0
1563,189,1,1,210,15,0,2,1,15,0,1,10,5,0,0,0,6,6,5,21,15,20,0.4327,10,1,0,still,0
1563,194,1,0,-1,19,0,2,1,21,0,1,13,8,0,2,0,5,5,4,26,19,23,0.4072,10,1,0,start_jam,0
1564,114,1,1,90,16,0,1,0,16,0,1,11,5,0,0,0,4,4,3,20,16,19,0.2931,6,1,0,still,0
1564,118,3,1,270,18,0,1,0,21,0,1,13,8,0,0,0,4,4,4,25,21,25,0.4253,12,1,0,still,0
1566,54,2,1,180,19,0,1,0,22,0,1,21,1,0,0,0,0,0,0,22,22,22,0.4788,11,1,0,still,0
1566,100,1,1,300,14,1,2,0,4,0,1,4,0,0,0,0,13,13,13,17,4,17,0.3323,5,1,0,end_cap,1
1567,50,1,1,90,18,1,2,0,18,0,1,12,6,0,0,1,4,4,4,22,19,23,0.6163,10,1,0,still,0
1568,115,2,1,90,15,0,1,0,18,0,1,14,4,0,1,0,6,6,6,24,17,23,0.2965,8,1,0,still,0
1568,154,2,1,300,17,0,1,0,11,0,1,7,4,0,0,0,11,11,10,22,11,21,0.3970,10,1,0,end_cap,1
1568,170,2,1,240,18,0,2,0,18,0,1,9,9,0,0,1,5,5,5,23,19,24,0.5722,11,1,0,still,0
1568,182,1,1,180,19,1,2,0,22,0,1,12,10,0,3,0,4,4,4,26,19,23,0.5706,14,1,0,still,0
1569,17,3,1,180,19,1,2,0,21,0,1,17,4,0,0,0,2,2,2,23,21,23,0.5341,12,1,0,still,0
1569,55,2,1,300,18,1,2,0,24,0,0,24,0,0,0,0,0,0,0,24,24,24,0.4864,11,0,0,end_cap,1
1569,145,1,1,300,15,1,2,0,15,0,1,10,5,0,0,0,5,5,4,20,15,19,0.3519,7,1,0,end_cap,1
1570,7,2,1,270,18,0,1,0,20,0,1,12,8,0,0,0,5,5,5,25,20,25,0.3992,9,0,1,still,0
1570,152,1,0,-1,1,0,3,1,1,0,0,1,0,0,0,0,0,0,0,1,1,1,0.0349,1,0,0,hop,1
1571,3,2,1,270,15,0,1,0,16,0,1,11,5,0,0,0,4,4,4,20,16,20,0.3411,6,1,0,still,0
1571,153,1,1,300,18,0,2,0,14,0,1,7,7,0,1,0,6,6,5,20,13,18,0.2911,7,1,0,end_cap,1
1571,161,2,1,90,18,0,1,0,24,0,1,16,8,0,3,0,4,4,4,28,21,25,0.4285,10,1,0,still,0
1572,127,1,1,210,19,0,1,0,23,0,1,19,4,0,4,0,2,2,2,25,19,21,0.3774,10,1,0,still,0
1573,4,2,1,300,16,0,1,0,17,0,1,11,6,0,0,0,3,3,3,20,17,20,0.3103,6,1,0,end_cap,1
1573,183,1,1,90,19,1,2,0,21,0,1,10,11,0,1,0,2,2,2,23,20,22,0.5438,12,1,0,still,0
1574,157,2,1,150,17,0,2,0,19,0,1,10,9,0,1,0,3,3,3,22,18,21,0.3235,7,1,0,still,0
1575,49,2,1,240,18,1,4,0,18,0,1,12,6,0,0,1,4,4,4,22,19,23,0.4926,9,1,0,still,0
1575,113,1,1,270,15,0,2,0,19,0,1,11,8,0,1,0,3,3,2,22,18,20,0.3516,8,1,0,still,0
1576,79,1,1,180,19,0,2,0,18,0,1,15,3,0,1,0,2,2,3,20,17,20,0.5992,10,1,0,still,0
1576,126,2,1,60,18,0,1,0,23,0,1,19,4,0,2,0,3,3,3,26,21,24,0.3263,10,1,0,still,0
1576,133,2,0,-1,12,0,4,0,14,0,0,14,0,0,1,0,0,0,0,14,13,13,0.5636,11,0,0,pending,0
1577,133,2,0,-1,12,0,4,0,14,0,0,14,0,0,1,0,0,0,0,14,13,13,0.5636,11,0,0,hop,1
1578,19,3,1,180,19,0,2,0,22,0,1,21,1,0,0,0,1,1,1,23,22,23,0.5060,12,0,1,still,0
1578,35,2,1,60,18,1,2,0,19,0,1,10,9,0,0,1,1,1,1,20,20,21,0.3895,7,1,0,still,0
1579,199,1,1,270,13,1,3,0,12,0,1,6,6,0,0,0,4,4,4,16,12,16,0.2677,6,1,0,still,0
1580,68,2,1,270,17,1,2,0,19,0,1,10,9,0,0,0,2,2,2,21,19,21,0.3721,7,1,0,still,0
1581,16,1,1,240,18,0,2,0,18,0,1,14,4,0,0,0,4,4,4,22,18,22,0.5851,9,1,0,still,0
1581,123,2,1,210,15,0,3,0,18,0,1,10,8,0,0,0,2,2,2,20,18,20,0.3271,7,1,0,still,0
1581,158,1,1,240,15,1,2,0,19,0,1,10,9,0,2,0,1,1,1,20,17,18,0.2589,5,1,0,still,0
1582,116,2,1,150,17,0,1,0,20,0,1,11,9,0,1,0,5,5,5,25,19,24,0.3775,9,1,0,still,0
1582,142,2,1,240,17,0,1,0,20,0,1,10,10,0,2,0,4,4,4,24,18,22,0.6002,12,1,0,still,0
1583,1,2,1,270,18,0,2,0,19,0,1,10,9,0,0,0,2,2,2,21,19,21,0.3818,7,1,0,still,0
1583,130,1,1,210,17,2,4,0,16,0,1,9,7,0,0,0,5,5,5,21,16,21,0.5787,9,1,0,still,0
1583,140,1,1,120,18,0,2,1,21,0,1,10,11,0,1,0,1,1,1,22,20,21,0.5896,11,1,0,still,0
1584,139,1,1,240,18,0,2,0,22,0,1,12,10,0,3,0,3,3,3,25,19,22,0.5597,12,1,0,still,0
1585,141,2,1,120,18,0,1,0,22,0,1,11,11,0,1,0,3,3,3,25,21,24,0.4937,11,1,0,still,0
1585,174,2,0,-1,22,0,2,1,27,0,0,27,0,0,2,1,0,0,0,27,26,26,0.7178,17,0,0,pending,0
1586,76,3,1,90,17,1,2,0,18,0,1,9,9,0,0,1,5,5,5,23,19,24,0.5954,12,1,0,still,0
1586,174,2,0,-1,22,0,2,1,27,0,0,27,0,0,2,1,0,0,0,27,26,26,0.7179,17,0,0,hop,1
1588,72,2,1,180,15,0,1,0,18,0,1,9,9,0,0,0,2,2,2,20,18,20,0.3605,6,1,0,still,0
1588,166,1,1,300,17,0,1,0,24,0,0,22,2,0,3,0,0,0,0,24,21,21,0.3490,10,0,0,end_cap,1
1590,6,2,1,300,16,0,2,0,20,0,1,12,8,0,0,0,5,5,5,25,20,25,0.3106,7,1,0,end_cap,1
1590,44,1,0,-1,17,0,1,0,18,0,1,10,8,0,0,0,4,4,4,22,18,22,0.4689,8,1,0,start_jam,0
1590,149,1,1,210,18,0,2,1,21,0,1,12,9,0,2,0,5,5,5,26,19,24,0.3233,7,1,0,still,0
1592,159,1,1,240,13,2,3,0,12,0,1,6,6,0,0,0,3,3,4,15,12,16,0.2330,4,1,0,still,0
1592,165,1,1,270,18,0,1,1,24,0,1,22,2,0,2,0,0,0,0,24,22,22,0.3498,10,1,0,still,0
1593,8,2,1,210,19,0,1,0,21,0,1,12,9,0,0,0,4,4,4,25,21,25,0.3832,9,1,0,still,0
1593,9,1,0,-1,19,1,2,0,19,0,1,11,8,0,0,0,4,4,4,23,19,23,0.5089,9,1,0,start_jam,0
1593,189,1,1,240,15,0,2,1,21,0,1,11,10,0,1,0,0,0,0,21,20,20,0.4330,10,1,0,still,0
1593,194,1,1,30,19,0,2,1,22,0,1,11,11,0,3,0,4,4,4,26,19,23,0.4070,10,1,0,still,0
1594,114,1,1,120,16,1,2,0,20,0,1,11,9,0,1,0,0,0,0,20,19,19,0.2931,6,1,0,still,0
1594,118,3,1,300,20,0,1,0,21,0,1,11,10,0,0,0,4,4,4,25,21,25,0.4252,12,1,0,end_cap,1
1595,34,1,0,-1,5,2,5,0,5,0,0,5,0,0,0,0,0,0,0,5,5,5,0.0699,2,0,0,hop,1
1596,54,2,1,210,19,0,1,0,22,0,1,22,0,0,0,0,0,0,0,22,22,22,0.4787,11,0,0,still,0
1597,50,1,1,120,18,1,2,0,20,0,1,14,6,0,0,1,2,2,2,22,21,23,0.6175,10,1,0,still,0
1597,119,1,0,-1,19,1,2,0,21,0,1,10,11,0,3,0,4,4,4,25,18,22,0.3824,8,1,0,start_jam,0
1598,115,2,1,120,16,0,1,0,21,0,1,13,8,0,1,0,3,3,3,24,20,23,0.2965,8,1,0,still,0
1598,170,2,1,270,18,0,2,0,19,0,1,10,9,0,0,1,3,3,3,22,20,23,0.5720,11,1,0,still,0
1598,182,1,1,210,19,1,2,0,22,0,1,11,11,0,3,0,4,4,4,26,19,23,0.5706,14,1,0,still,0
1599,17,3,1,210,19,1,2,0,23,0,1,19,4,0,0,0,0,0,0,23,23,23,0.5358,12,1,0,still,0
1600,7,2,1,300,18,0,1,0,21,0,1,10,11,0,0,0,4,4,4,25,21,25,0.4019,9,1,0,end_cap,1
1600,108,1,0,-1,14,0,2,0,16,0,0,16,0,0,1,0,0,0,0,16,15,15,0.6574,10,0,0,pending,0
1601,3,2,1,300,15,0,1,0,20,0,1,12,8,0,0,0,0,0,0,20,20,20,0.3421,6,1,0,end_cap,1
1601,86,1,0,-1,18,3,4,0,26,0,0,26,0,0,0,0,0,0,0,26,26,26,0.5732,10,0,0,pending,0
1601,108,1,0,-1,14,0,2,0,16,0,0,16,0,0,1,0,0,0,0,16,15,15,0.6575,10,0,0,hop,1
1601,161,2,1,120,18,0,1,0,26,0,1,17,9,0,3,0,2,2,2,28,23,25,0.4285,10,1,0,still,0
1602,86,1,0,-1,18,3,4,0,26,0,0,26,0,0,0,0,0,0,0,26,26,26,0.5732,10,0,0,hop,1
1602,91,1,0,-1,22,3,7,0,26,0,0,26,0,0,0,0,0,0,0,26,26,26,0.7903,14,0,0,hop,1
1602,127,1,1,240,18,0,1,0,25,0,1,20,5,0,4,0,0,0,0,25,21,21,0.3774,10,1,0,still,0
1603,183,1,1,120,19,1,2,0,21,0,1,10,11,0,1,0,2,2,2,23,20,22,0.5438,12,1,0,still,0
1604,157,2,1,180,17,0,2,0,22,0,1,13,9,0,1,0,0,0,0,22,21,21,0.3236,7,1,0,still,0
1605,2,1,0,-1,18,0,2,1,19,0,1,10,9,0,1,0,0,0,0,19,18,18,0.3837,6,0,1,start_jam,0
1605,49,2,1,270,18,1,4,0,20,0,1,13,7,0,0,1,2,2,2,22,21,23,0.5592,10,1,0,still,0
1605,113,1,1,300,15,0,2,0,22,0,1,12,10,0,2,0,0,0,0,22,20,20,0.3517,8,1,0,end_cap,1
1606,79,1,1,210,19,0,2,0,20,0,1,16,4,0,1,0,0,0,1,20,19,20,0.5992,10,1,0,still,0
1606,126,2,1,90,18,0,1,0,26,0,1,20,6,0,3,0,1,1,1,27,23,24,0.3263,10,1,0,still,0
1607,65,1,0,-1,19,2,3,0,22,0,0,22,0,0,0,1,0,0,0,22,23,23,0.6207,10,0,0,hop,1
1607,66,1,0,-1,17,0,1,0,19,0,0,19,0,0,1,1,0,0,0,19,19,19,0.5434,8,0,0,hop,1
1608,19,3,1,210,19,0,2,0,23,0,1,22,1,0,0,0,0,0,0,23,23,23,0.5059,12,0,1,still,0
1608,35,2,1,90,18,1,2,0,20,0,1,12,8,0,0,1,0,0,0,20,21,21,0.3896,7,0,1,still,0
1608,143,1,0,-1,23,2,7,0,23,0,0,23,0,0,0,3,0,0,0,23,26,26,0.6652,13,0,0,hop,1
1609,14,1,0,-1,18,0,1,0,18,0,1,6,12,0,0,1,2,2,2,20,19,21,0.5910,10,1,0,start_jam,0
1609,111,1,0,-1,2,1,3,0,3,0,0,3,0,0,0,0,0,0,0,3,3,3,0.0734,2,0,0,pending,0
1609,132,1,0,-1,22,1,7,0,22,0,0,22,0,0,0,3,0,0,0,22,25,25,0.6827,12,0,0,pending,0
1609,199,1,1,300,13,1,3,0,13,0,1,7,6,0,0,0,3,3,3,16,13,16,0.2677,6,1,0,end_cap,1
1610,68,2,1,300,17,1,2,0,21,0,1,13,8,0,0,0,0,0,0,21,21,21,0.3711,7,1,0,end_cap,1
1610,111,1,0,-1,2,1,3,0,3,0,0,3,0,0,0,0,0,0,0,3,3,3,0.0734,2,0,0,hop,1
1610,132,1,0,-1,22,1,7,0,22,0,0,22,0,0,0,3,0,0,0,22,25,25,0.6841,12,0,0,hop,1
1611,16,1,1,270,18,0,2,0,20,0,1,15,5,0,0,0,2,2,2,22,20,22,0.5865,9,1,0,still,0
1611,123,2,1,240,15,0,2,0,19,0,1,12,7,0,0,0,1,1,1,20,19,20,0.2726,6,1,0,still,0
1611,158,1,1,270,15,1,2,0,20,0,1,13,7,0,2,0,0,0,0,20,18,18,0.3165,6,1,0,still,0
1612,116,2,1,180,17,0,1,0,21,0,1,10,11,0,1,0,4,4,4,25,20,24,0.3775,9,1,0,still,0
1612,142,2,1,270,17,0,1,0,21,0,1,9,12,0,2,0,3,3,3,24,19,22,0.6004,12,1,0,still,0
1613,1,2,1,300,18,0,2,0,21,0,1,12,9,0,0,0,0,0,0,21,21,21,0.3867,7,0,1,end_cap,1
1613,62,2,0,-1,22,3,5,0,29,0,0,29,0,0,1,0,0,0,0,29,28,28,0.6382,14,0,0,pending,0
1613,75,1,0,-1,3,0,5,1,3,0,0,3,0,0,0,0,0,0,0,3,3,3,0.0739,2,0,0,pending,0
1613,130,1,1,240,17,2,4,0,19,0,1,11,8,0,0,0,3,3,3,22,19,22,0.5793,9,1,0,still,0
1613,140,1,1,150,18,0,2,1,21,0,1,9,12,0,1,0,1,1,1,22,20,21,0.5896,11,1,0,still,0
1614,62,2,0,-1,22,3,5,0,29,0,0,29,0,0,1,0,0,0,0,29,28,28,0.6382,14,0,0,hop,1
1614,75,1,0,-1,3,0,5,1,3,0,0,3,0,0,0,0,0,0,0,3,3,3,0.0739,2,0,0,hop,1
1614,139,1,1,270,18,0,2,0,22,0,1,10,12,0,3,0,3,3,3,25,19,22,0.5597,12,1,0,still,0
1615,141,2,1,150,18,0,1,0,22,0,1,10,12,0,1,0,3,3,3,25,21,24,0.4937,11,1,0,still,0
1616,76,3,1,120,17,1,2,0,19,0,1,10,9,0,0,1,4,4,4,23,20,24,0.5954,12,1,0,still,0
1618,56,1,0,-1,18,0,2,0,20,0,0,20,0,0,0,0,0,0,0,20,20,20,0.5121,10,0,0,hop,1
1618,72,2,1,210,15,0,1,0,20,0,1,14,6,0,0,0,1,1,1,21,20,21,0.3601,6,1,0,still,0
1619,5,2,0,-1,16,0,1,0,20,0,1,11,9,0,0,0,2,2,2,22,20,22,0.3497,8,1,0,start_jam,0
1620,44,1,1,30,17,0,1,0,18,0,1,9,9,0,0,0,4,4,4,22,18,22,0.4729,8,1,0,still,0
1620,47,2,0,-1,19,0,2,0,19,0,1,7,12,0,0,1,3,3,3,22,20,23,0.7123,13,1,0,start_jam,0
1620,110,1,0,-1,9,1,2,0,10,0,0,10,0,0,0,0,0,0,0,10,10,10,0.5857,9,0,0,pending,0
1620,149,1,1,240,18,0,2,1,22,0,1,10,12,0,2,0,4,4,4,26,20,24,0.3233,7,1,0,still,0
1621,28,2,0,-1,23,0,1,0,27,0,0,27,0,0,0,0,0,0,0,27,27,27,0.5835,13,0,0,pending,0
1621,110,1,0,-1,9,1,2,0,10,0,0,10,0,0,0,0,0,0,0,10,10,10,0.5857,9,0,0,hop,1
1621,151,1,0,-1,19,0,1,0,21,0,1,8,13,0,3,0,5,5,5,26,18,23,0.4410,10,1,0,start_jam,0
1622,28,2,0,-1,23,0,1,0,27,0,0,27,0,0,0,0,0,0,0,27,27,27,0.5836,13,0,0,hop,1
1622,159,1,1,270,13,0,1,0,13,0,1,9,4,0,0,0,2,2,2,15,13,15,0.2330,4,1,0,still,0
1622,165,1,1,300,18,0,1,0,23,0,1,22,1,0,2,0,1,1,1,24,21,22,0.3497,10,1,0,end_cap,1
1623,8,2,1,240,19,0,1,0,21,0,1,8,13,0,0,0,4,4,4,25,21,25,0.3866,9,1,0,still,0
1623,9,1,1,30,19,1,2,0,19,0,1,7,12,0,0,0,4,4,4,23,19,23,0.5153,9,1,0,still,0
1623,189,1,1,270,15,0,2,0,21,0,1,12,9,0,1,0,0,0,0,21,20,20,0.4328,10,1,0,still,0
1623,194,1,1,60,19,0,2,1,22,0,1,7,15,0,3,0,4,4,4,26,19,23,0.4342,11,1,0,still,0
1624,114,1,1,150,16,1,2,0,20,0,1,10,10,0,1,0,0,0,0,20,19,19,0.2933,6,1,0,still,0
1626,54,2,1,240,19,0,1,0,22,0,0,22,0,0,0,0,0,0,0,22,22,22,0.4787,11,0,0,end_clear,1
1627,40,1,0,-1,15,1,2,0,18,0,1,8,10,0,0,1,1,1,1,19,19,20,0.3247,6,1,0,start_jam,0
1627,50,1,1,150,18,1,2,0,21,0,1,16,5,0,0,1,1,1,1,22,22,23,0.6183,10,1,0,still,0
1627,119,1,1,30,19,1,2,0,21,0,1,7,14,0,3,1,4,4,4,25,19,23,0.3826,8,1,0,still,0
1628,115,2,1,150,16,0,1,0,21,0,1,9,12,0,1,0,3,3,3,24,20,23,0.2964,8,1,0,still,0
1628,170,2,1,300,18,0,2,0,21,0,1,13,8,0,0,1,2,2,2,23,22,24,0.5724,11,1,0,end_cap,1
1628,182,1,1,240,19,1,2,0,22,0,1,10,12,0,3,0,4,4,4,26,19,23,0.5706,14,1,0,still,0
1629,17,3,1,240,19,1,2,0,23,0,1,21,2,0,0,0,0,0,0,23,23,23,0.5358,12,0,1,still,0
1630,57,1,0,-1,18,1,2,0,23,0,0,23,0,0,0,0,0,0,0,23,23,23,0.5897,11,0,0,hop,1
1631,161,2,1,150,18,0,1,0,27,0,1,19,8,0,3,0,1,1,1,28,24,25,0.3781,9,1,0,still,0
1632,127,1,1,270,18,0,1,1,25,0,1,22,3,0,4,0,0,0,0,25,21,21,0.3775,10,0,0,still,0
1633,183,1,1,150,19,1,2,0,21,0,1,9,12,0,1,0,2,2,2,23,20,22,0.5438,12,1,0,still,0
1634,157,2,1,210,17,0,2,0,21,0,1,13,8,0,0,0,1,1,0,22,21,21,0.3237,7,1,0,still,0
1635,2,1,1,30,18,0,2,0,19,0,1,9,10,0,1,0,0,0,0,19,18,18,0.3887,6,1,0,still,0
1635,49,2,1,300,18,1,4,0,21,0,1,15,6,0,0,1,1,1,1,22,22,23,0.5606,10,1,0,end_cap,1
1636,79,1,1,240,18,2,3,0,20,0,1,18,2,0,1,1,0,0,0,20,20,20,0.5991,10,1,0,still,0
1636,126,2,1,120,18,0,1,0,27,0,1,22,5,0,3,0,0,0,0,27,24,24,0.3263,10,0,1,still,0
1637,87,1,0,-1,21,1,4,0,27,0,0,27,0,0,1,1,0,0,0,27,27,27,0.5947,11,0,0,hop,1
1638,19,3,1,240,19,0,3,0,23,0,1,23,0,0,0,0,0,0,0,23,23,23,0.5059,12,0,0,still,0
1638,35,2,1,120,19,1,2,0,22,0,1,11,11,0,0,1,0,0,0,22,23,23,0.3894,7,1,0,still,0
1638,77,3,0,-1,18,0,4,0,24,0,1,18,6,0,0,0,1,1,1,25,24,25,0.6040,13,1,0,start_jam,0
1639,14,1,1,30,18,0,1,0,17,0,1,7,10,0,0,1,2,2,2,19,18,20,0.5910,10,1,0,still,0
1641,16,1,1,300,18,0,2,0,21,0,1,17,4,0,0,0,1,1,1,22,21,22,0.5910,9,1,0,end_cap,0
1641,21,2,0,-1,18,0,1,0,23,0,0,23,0,0,0,0,0,0,0,23,23,23,0.5245,11,0,0,pending,0
1641,25,2,0,-1,18,0,2,0,27,0,0,27,0,0,0,0,0,0,0,27,27,27,0.5924,12,0,0,pending,0
1641,123,2,1,270,15,0,3,0,17,0,1,11,6,0,0,0,3,3,3,20,17,20,0.3272,7,1,0,still,0
1641,158,1,1,300,15,1,2,0,18,0,1,12,6,0,1,0,2,2,1,20,17,18,0.2589,5,1,0,end_cap,1
1642,21,2,0,-1,18,0,1,0,23,0,0,23,0,0,0,0,0,0,0,23,23,23,0.5247,11,0,0,hop,1
1642,25,2,0,-1,18,0,2,0,27,0,0,27,0,0,0,0,0,0,0,27,27,27,0.5925,12,0,0,hop,1
1642,116,2,1,210,17,0,1,0,20,0,1,9,11,0,1,0,5,5,5,25,19,24,0.3776,9,1,0,still,0
1642,142,2,1,300,17,0,1,0,22,0,1,13,9,0,2,0,2,2,2,24,20,22,0.5709,11,1,0,end_cap,1
1642,179,1,0,-1,1,0,1,1,0,0,0,0,0,0,0,0,0,0,0,0,0,0,0.0000,0,0,0,hop,1
1643,130,1,1,270,17,2,4,0,19,0,1,13,6,0,0,0,2,2,2,21,19,21,0.5847,9,1,0,still,0
1643,140,1,1,180,18,0,2,1,21,0,1,11,10,0,1,0,1,1,1,22,20,21,0.5012,10,1,0,still,0
1644,13,2,0,-1,18,1,2,0,19,0,1,9,10,0,0,0,2,2,2,21,19,21,0.5936,11,1,0,start_jam,0
1644,139,1,1,300,18,0,2,0,21,0,1,11,10,0,2,0,4,4,3,25,19,22,0.5597,12,1,0,end_cap,1
1645,141,2,1,180,18,0,1,0,21,0,1,11,10,0,1,0,2,2,2,23,20,22,0.4926,11,1,0,still,0
1646,76,3,1,150,17,1,2,0,22,0,1,15,7,0,0,0,2,2,2,24,22,24,0.5953,12,1,0,still,0
1648,72,2,1,240,15,0,1,0,19,0,1,12,7,0,0,0,1,1,1,20,19,20,0.3601,6,1,0,still,0
1648,103,1,0,-1,4,0,4,1,4,0,0,4,0,0,0,0,0,0,0,4,4,4,0.2219,4,0,0,pending,0
1649,5,2,1,30,16,0,1,0,21,0,1,8,13,0,0,0,1,1,1,22,21,22,0.3498,8,1,0,still,0
1649,67,2,0,-1,14,2,4,0,14,0,0,14,0,0,0,1,0,0,0,14,15,15,0.6580,11,0,0,hop,1
1649,103,1,0,-1,4,0,4,1,4,0,0,4,0,0,0,0,0,0,0,4,4,4,0.2218,4,0,0,hop,1
1650,44,1,1,60,17,0,1,0,22,0,1,10,12,0,0,0,0,0,0,22,22,22,0.4735,8,1,0,still,0
1650,47,2,1,30,19,0,2,0,20,0,1,11,9,0,0,1,2,2,2,22,21,23,0.6475,12,1,0,still,0
1650,149,1,1,270,18,0,2,1,25,0,1,11,14,0,2,0,1,1,1,26,23,24,0.3232,7,1,0,still,0
1651,151,1,1,30,19,0,1,0,24,0,1,11,13,0,2,0,2,2,1,26,22,23,0.4413,10,1,0,still,0
1652,10,1,0,-1,20,0,2,0,23,0,1,9,14,0,0,0,1,1,1,24,23,24,0.5517,9,1,0,start_jam,0
1652,159,1,1,300,13,2,3,0,14,0,1,10,4,0,0,1,1,1,1,15,15,16,0.2330,4,1,0,end_cap,1
1653,8,2,1,270,19,0,1,0,24,0,1,9,15,0,0,0,1,1,1,25,24,25,0.3856,9,1,0,still,0
1653,9,1,1,60,19,1,2,0,22,0,1,8,14,0,0,0,1,1,1,23,22,23,0.5150,9,1,0,still,0
1653,15,1,0,-1,17,3,4,0,18,0,1,12,6,0,0,0,3,3,3,21,18,21,0.6185,10,1,0,start_jam,0
1653,26,3,0,-1,22,0,2,0,29,0,0,29,0,0,0,0,0,0,0,29,29,29,0.6513,16,0,0,hop,1
1653,32,1,0,-1,13,3,4,0,15,0,0,15,0,0,2,0,0,0,0,15,13,13,0.6644,9,0,0,pending,0
1653,89,1,0,-1,22,0,1,0,26,0,0,26,0,0,0,0,0,0,0,26,26,26,0.6443,13,0,0,hop,1
1653,189,1,1,300,15,0,2,0,17,0,1,10,7,0,1,0,4,4,4,21,16,20,0.4328,10,1,0,end_cap,1
1653,194,1,1,90,19,0,2,1,25,0,1,8,17,0,3,0,1,1,1,26,22,23,0.4071,10,1,0,still,0
1654,32,1,0,-1,12,3,4,0,15,0,0,15,0,0,2,0,0,0,0,15,13,13,0.6642,9,0,0,hop,1
1654,114,1,1,180,16,1,2,0,17,0,1,7,10,0,1,0,3,3,3,20,16,19,0.2934,6,1,0,still,0
1656,136,2,0,-1,7,0,2,0,12,0,0,12,0,0,1,0,0,0,0,12,11,11,0.3782,7,0,0,pending,0
1657,40,1,1,30,15,1,2,0,16,0,1,7,9,0,0,1,3,3,3,19,17,20,0.3247,6,1,0,still,0
1657,50,1,1,180,18,1,2,0,20,0,1,17,3,0,0,1,2,2,2,22,21,23,0.6193,10,1,0,still,0
1657,119,1,1,60,19,1,2,0,24,0,1,8,16,0,3,1,1,1,1,25,22,23,0.3826,8,1,0,still,0
1657,136,2,0,-1,7,0,2,0,12,0,0,12,0,0,1,0,0,0,0,12,11,11,0.3782,7,0,0,hop,1
1658,115,2,1,180,16,0,1,0,19,0,1,8,11,0,0,0,5,5,4,24,19,23,0.2964,8,1,0,still,0
1658,182,1,1,270,19,1,2,0,24,0,1,10,14,0,2,0,2,2,1,26,22,23,0.5712,14,1,0,still,0
1659,17,3,1,270,19,0,1,0,23,0,1,21,2,0,0,0,0,0,0,23,23,23,0.5358,12,0,1,still,0
1661,31,2,0,-1,22,1,2,0,25,0,0,25,0,0,0,1,0,0,0,25,26,26,0.6597,13,0,0,pending,0
1661,161,2,1,180,18,0,1,0,26,0,1,19,7,0,3,0,2,2,2,28,23,25,0.4285,10,1,0,still,0
1662,31,2,0,-1,22,1,2,0,25,0,0,25,0,0,0,1,0,0,0,25,26,26,0.6597,13,0,0,hop,1
1662,127,1,1,300,19,1,2,0,25,0,1,22,3,0,3,0,0,0,0,25,22,22,0.3775,10,0,0,end_cap,1
1663,169,1,0,-1,17,0,1,0,19,0,1,10,9,0,0,1,1,1,1,20,20,21,0.7069,11,1,0,start_jam,0
1663,183,1,1,180,19,1,2,0,22,0,1,8,14,0,1,0,1,1,1,23,21,22,0.5438,12,1,0,still,0
1664,155,1,0,-1,1,0,3,1,1,0,0,1,0,0,0,0,0,0,0,1,1,1,0.0339,1,0,0,pending,0
1664,157,2,1,240,17,0,2,0,18,0,1,14,4,0,0,0,3,3,3,21,18,21,0.3239,7,1,0,still,0
1665,2,1,1,60,18,0,2,0,15,0,1,10,5,0,1,0,4,4,4,19,14,18,0.3859,6,1,0,still,0
1665,144,2,0,-1,5,2,3,0,8,0,0,8,0,0,1,0,0,0,0,8,7,7,0.1849,4,0,0,pending,0
1665,155,1,0,-1,1,0,3,1,1,0,0,1,0,0,0,0,0,0,0,1,1,1,0.0339,1,0,0,hop,1
1666,79,1,1,270,18,2,3,0,20,0,1,18,2,0,1,1,0,0,0,20,20,20,0.5989,10,1,0,still,0
1666,126,2,1,150,18,0,1,1,26,0,1,23,3,0,3,0,0,0,0,26,23,23,0.4016,11,1,0,still,0
1666,144,2,0,-1,5,2,3,0,8,0,0,8,0,0,1,0,0,0,0,8,7,7,0.1849,4,0,0,hop,1
1668,19,3,1,270,19,0,3,0,23,0,0,23,0,0,0,0,0,0,0,23,23,23,0.5059,12,0,0,end_clear,1
1668,35,2,1,150,19,1,2,0,16,0,1,10,6,0,0,1,4,4,4,20,17,21,0.3895,7,1,0,still,0
1668,77,3,1,30,19,0,4,0,25,0,1,21,4,0,0,0,0,0,0,25,25,25,0.6061,13,1,0,still,0
1669,14,1,1,60,18,0,1,0,18,0,1,8,10,0,0,1,1,1,1,19,19,20,0.5910,10,1,0,still,0
1671,109,2,0,-1,10,1,4,0,12,0,0,12,0,0,0,1,0,0,0,12,13,13,0.5129,8,0,0,pending,0
1671,123,2,1,300,14,0,3,0,17,0,1,13,4,0,0,0,3,3,3,20,17,20,0.3275,7,1,0,end_cap,1
1672,71,2,0,-1,7,2,3,0,9,0,0,9,0,0,0,0,0,0,0,9,9,9,0.2980,5,0,0,hop,1
1672,85,1,0,-1,15,1,2,0,22,0,0,22,0,0,0,1,0,0,0,22,23,23,0.5723,10,0,0,pending,0
1672,109,2,0,-1,10,1,4,0,12,0,0,12,0,0,0,1,0,0,0,12,13,13,0.5768,9,0,0,hop,1
1672,116,2,1,240,17,0,1,0,23,0,1,8,15,0,1,0,2,2,2,25,22,24,0.3776,9,1,0,still,0
1673,85,1,0,-1,15,1,2,0,22,0,0,22,0,0,0,1,0,0,0,22,23,23,0.5723,10,0,0,hop,1
1673,130,1,1,300,17,2,4,0,20,0,1,15,5,0,0,0,1,1,1,21,20,21,0.5840,9,1,0,end_cap,1
1673,140,1,1,210,18,0,2,1,21,0,1,10,11,0,1,0,1,1,1,22,20,21,0.5896,11,1,0,still,0
1674,13,2,1,30,18,1,2,0,20,0,1,9,11,0,0,0,1,1,1,21,20,21,0.5936,11,1,0,still,0
1675,141,2,1,210,18,0,1,0,23,0,1,13,10,0,1,0,1,1,1,24,22,23,0.4948,11,1,0,still,0
1676,76,3,1,180,17,1,2,0,22,0,1,16,6,0,0,1,1,1,1,23,23,24,0.5953,12,1,0,still,0
1677,186,1,0,-1,14,1,2,0,17,0,0,17,0,0,3,0,0,0,0,17,14,14,0.6462,11,0,0,hop,1
1678,72,2,1,270,15,0,1,0,19,0,1,14,5,0,0,0,2,2,2,21,19,21,0.3601,6,1,0,still,0
1679,5,2,1,60,16,0,1,0,18,0,1,7,11,0,0,0,4,4,4,22,18,22,0.3495,8,1,0,still,0
1680,44,1,1,90,17,0,1,0,22,0,1,9,13,0,0,0,0,0,0,22,22,22,0.4735,8,1,0,still,0
1680,47,2,1,60,19,0,2,0,21,0,1,11,10,0,0,1,1,1,1,22,22,23,0.7123,13,1,0,still,0
1680,107,2,0,-1,19,0,3,0,17,0,0,17,0,0,1,2,0,0,0,17,18,18,0.6382,13,0,0,hop,1
1680,149,1,1,300,18,0,2,1,24,0,1,8,16,0,2,0,1,1,1,25,22,23,0.3232,7,1,0,end_cap,1
1681,151,1,1,60,19,0,1,0,24,0,1,9,15,0,2,0,2,2,1,26,22,23,0.4412,10,1,0,still,0
1682,10,1,1,30,20,0,2,0,23,0,1,8,15,0,0,0,1,1,1,24,23,24,0.5513,9,1,0,still,0
1683,8,2,1,300,19,0,1,0,22,0,1,8,14,0,0,0,3,3,3,25,22,25,0.3852,9,1,0,end_cap,1
1683,9,1,1,90,19,1,2,0,21,0,1,7,14,0,0,0,2,2,2,23,21,23,0.5147,9,1,0,still,0
1683,15,1,1,30,17,3,4,0,20,0,1,15,5,0,0,0,1,1,1,21,20,21,0.6192,10,1,0,still,0
1683,90,1,0,-1,23,2,5,0,27,0,0,27,0,0,0,0,0,0,0,27,27,27,0.7494,15,0,0,pending,0
1683,194,1,1,120,19,0,2,1,23,0,1,9,14,0,1,0,3,3,1,26,22,23,0.4071,10,1,0,still,0
1684,23,2,0,-1,16,0,2,0,25,0,0,25,0,0,0,0,0,0,0,25,25,25,0.5273,10,0,0,hop,1
1684,90,1,0,-1,23,2,5,0,27,0,0,27,0,0,0,0,0,0,0,27,27,27,0.7493,15,0,0,hop,1
1684,114,1,1,210,16,1,2,0,16,0,1,9,7,0,1,0,4,4,4,20,15,19,0.2934,6,1,0,still,0
1687,40,1,1,60,15,1,2,0,19,0,1,9,10,0,0,1,0,0,0,19,20,20,0.3247,6,1,0,still,0
1687,50,1,1,210,18,1,2,0,22,0,1,19,3,0,0,1,0,0,0,22,23,23,0.6203,10,1,0,still,0
1687,119,1,1,90,19,1,2,0,25,0,1,9,16,0,3,0,0,0,0,25,22,22,0.3826,8,1,0,still,0
1687,188,1,0,-1,16,1,2,0,20,0,1,13,7,0,2,0,3,3,3,23,18,21,0.3241,9,1,0,start_jam,0
1688,115,2,1,210,16,0,1,0,22,0,1,9,13,0,0,0,2,2,1,24,22,23,0.2965,8,1,0,still,0
1688,182,1,1,300,19,1,2,0,25,0,1,10,15,0,3,0,1,1,1,26,22,23,0.5711,14,1,0,end_cap,1
1689,17,3,1,300,19,0,1,0,23,0,1,22,1,0,0,0,0,0,0,23,23,23,0.5358,12,0,1,end_cap,1
1689,92,1,0,-1,20,1,3,0,16,0,0,16,0,0,0,4,0,0,0,16,20,20,0.6254,10,0,0,hop,1
1689,100,1,0,-1,14,1,2,0,15,0,1,11,4,0,0,0,2,2,2,17,15,17,0.3323,5,1,0,start_jam,0
1691,161,2,1,210,18,0,1,0,27,0,1,22,5,0,3,0,0,0,0,27,24,24,0.4285,10,1,0,still,0
1692,117,3,0,-1,18,1,2,0,27,0,1,11,16,0,1,0,0,0,0,27,26,26,0.3990,12,1,0,start_jam,0
1693,169,1,1,30,17,0,1,0,18,0,1,13,5,0,0,1,2,2,2,20,19,21,0.6729,10,1,0,still,0
1693,183,1,1,210,19,1,2,0,22,0,1,11,11,0,1,0,1,1,1,23,21,22,0.5438,12,1,0,still,0
1694,157,2,1,270,17,0,2,0,18,0,1,13,5,0,0,0,3,3,3,21,18,21,0.3238,7,1,0,still,0
1695,2,1,1,90,18,0,2,0,16,0,1,11,5,0,1,0,3,3,3,19,15,18,0.3845,6,1,0,still,0
1695,4,2,0,-1,16,0,1,0,17,0,1,7,10,0,0,0,3,3,3,20,17,20,0.3132,6,1,0,start_jam,0
1696,79,1,1,300,18,2,3,0,20,0,0,20,0,0,1,1,0,0,0,20,20,20,0.5960,10,0,0,end_cap,1
1696,126,2,1,180,19,0,1,0,27,0,0,26,1,0,3,0,0,0,0,27,24,24,0.4016,11,0,0,end_clear,1
1698,35,2,1,180,18,1,2,0,17,0,1,9,8,0,0,1,3,3,3,20,18,21,0.3896,7,1,0,still,0
1698,77,3,1,60,19,0,4,0,25,0,1,24,1,0,0,0,0,0,0,25,25,25,0.6062,13,0,1,still,0
1699,14,1,1,90,18,0,1,0,17,0,1,11,6,0,0,1,1,1,1,18,18,19,0.5910,10,1,0,still,0
1701,133,2,0,-1,10,4,5,0,14,0,0,14,0,0,1,0,0,0,0,14,13,13,0.5050,9,0,0,hop,1
1702,116,2,1,270,17,0,1,0,25,0,1,11,14,0,1,0,0,0,0,25,24,24,0.3776,9,1,0,still,0
1703,91,1,0,-1,21,1,5,0,25,0,0,25,0,0,0,0,0,0,0,25,25,25,0.6823,13,0,0,pending,0
1703,140,1,1,240,18,0,2,1,21,0,1,12,9,0,1,0,1,1,1,22,20,21,0.5012,10,1,0,still,0
1704,11,1,0,-1,19,0,2,0,22,0,1,10,12,0,0,0,1,1,1,23,22,23,0.5350,9,1,0,start_jam,0
1704,12,2,0,-1,17,0,1,0,21,0,1,10,11,0,0,0,1,1,1,22,21,22,0.4882,9,1,0,start_jam,0
1704,13,2,1,60,18,1,2,0,20,0,1,11,9,0,0,0,1,1,1,21,20,21,0.5936,11,1,0,still,0
1704,91,1,0,-1,21,1,5,0,25,0,0,25,0,0,0,0,0,0,0,25,25,25,0.6823,13,0,0,hop,1
1704,168,1,0,-1,16,0,1,0,28,0,0,28,0,0,5,0,0,0,0,28,23,23,0.3469,9,0,0,pending,0
1705,73,2,0,-1,6,0,3,0,7,0,0,7,0,0,0,0,0,0,0,7,7,7,0.2974,5,0,0,pending,0
1705,86,1,0,-1,18,2,3,0,25,0,0,25,0,0,0,0,0,0,0,25,25,25,0.5729,10,0,0,hop,1
1705,141,2,1,240,18,0,1,0,23,0,1,16,7,0,1,0,1,1,1,24,22,23,0.4958,11,1,0,still,0
1705,168,1,0,-1,16,0,1,0,28,0,0,28,0,0,5,0,0,0,0,28,23,23,0.3470,9,0,0,hop,1
1706,73,2,0,-1,6,0,3,0,7,0,0,7,0,0,0,0,0,0,0,7,7,7,0.2974,5,0,0,hop,1
1706,76,3,1,210,17,1,2,0,22,0,1,19,3,0,0,1,1,1,1,23,23,24,0.5656,11,1,0,still,0
1707,7,2,0,-1,18,0,1,0,25,0,1,8,17,0,0,0,0,0,0,25,25,25,0.4034,9,1,0,start_jam,0
1707,108,1,0,-1,14,1,2,0,15,0,0,15,0,0,1,1,0,0,0,15,15,15,0.6588,10,0,0,hop,1
1707,111,1,0,-1,3,0,4,1,2,0,0,2,0,0,0,1,0,0,0,2,3,3,0.0739,2,0,0,hop,1
1707,153,1,0,-1,16,0,2,0,16,0,1,9,7,0,1,0,5,5,3,21,15,18,0.2918,7,1,0,start_jam,0
1708,72,2,1,300,15,0,2,0,16,0,1,11,5,0,0,0,5,5,5,21,16,21,0.3601,6,1,0,end_cap,1
1709,5,2,1,90,16,0,1,0,21,0,1,6,15,0,0,0,1,1,1,22,21,22,0.3495,8,1,0,still,0
1710,44,1,1,120,17,1,2,0,22,0,1,8,14,0,0,0,0,0,0,22,22,22,0.4742,8,1,0,still,0
1710,47,2,1,90,18,0,2,0,21,0,1,14,7,0,0,1,1,1,1,22,22,23,0.6150,12,1,0,still,0
1711,3,2,0,-1,15,0,1,0,18,0,1,7,11,0,0,0,3,3,3,21,18,21,0.3433,6,1,0,start_jam,0
1711,151,1,1,90,18,2,3,0,25,0,1,9,16,0,4,0,1,1,1,26,21,22,0.4413,10,1,0,still,0
1712,10,1,1,60,20,0,2,0,24,0,1,7,17,0,0,0,0,0,0,24,24,24,0.4792,8,1,0,still,0
1713,9,1,1,120,19,1,2,0,23,0,1,6,17,0,0,0,0,0,0,23,23,23,0.5146,9,1,0,still,0
1713,15,1,1,60,17,3,4,0,20,0,1,18,2,0,0,0,1,1,1,21,20,21,0.6208,10,1,0,still,0
1713,194,1,1,150,19,0,2,1,26,0,1,8,18,0,3,0,0,0,0,26,23,23,0.4071,10,1,0,still,0
1714,65,1,0,-1,18,3,4,0,19,0,0,19,0,0,0,1,0,0,0,19,20,20,0.6280,10,0,0,hop,1
1714,114,1,1,240,16,1,2,0,18,0,1,4,14,0,1,0,2,2,2,20,17,19,0.2934,6,1,0,still,0
1715,154,2,0,-1,17,0,1,0,18,0,1,9,9,0,1,0,4,4,4,22,17,21,0.3975,10,1,0,start_jam,0
1716,33,3,0,-1,9,0,4,0,12,0,0,12,0,0,0,0,0,0,0,12,12,12,0.3588,7,0,0,pending,0
1717,33,3,0,-1,9,0,4,0,12,0,0,12,0,0,0,0,0,0,0,12,12,12,0.3588,7,0,0,hop,1
1717,40,1,1,90,15,1,2,0,19,0,1,5,14,0,0,1,0,0,0,19,20,20,0.3247,6,1,0,still,0
1717,50,1,1,240,18,1,2,0,22,0,0,22,0,0,0,1,0,0,0,22,23,23,0.6202,10,0,0,end_clear,1
1717,119,1,1,120,19,1,2,0,25,0,1,9,16,0,3,0,0,0,0,25,22,22,0.3826,8,1,0,still,0
1717,188,1,1,30,16,1,2,0,19,0,1,8,11,0,1,0,4,4,3,23,18,21,0.3242,9,1,0,still,0
1718,115,2,1,240,15,0,1,0,22,0,1,6,16,0,0,0,2,2,1,24,22,23,0.2965,8,1,0,still,0
1719,100,1,1,30,14,1,2,0,13,0,1,8,5,0,0,0,4,4,4,17,13,17,0.3323,5,1,0,still,0
1719,152,1,0,-1,1,0,1,1,0,0,0,0,0,0,0,0,0,0,0,0,0,0,0.0000,0,0,0,hop,1
1720,101,3,0,-1,4,1,3,0,6,0,0,6,0,0,0,0,0,0,0,6,6,6,0.1787,4,0,0,pending,0
1721,101,3,0,-1,4,1,3,0,6,0,0,6,0,0,0,0,0,0,0,6,6,6,0.1787,4,0,0,hop,1
1721,161,2,1,240,18,0,1,0,27,0,1,25,2,0,3,0,0,0,0,27,24,24,0.4033,10,0,0,still,0
1722,117,3,1,30,18,1,2,0,27,0,1,8,19,0,1,0,0,0,0,27,26,26,0.3992,12,1,0,still,0
1723,169,1,1,60,18,0,1,0,19,0,1,16,3,0,0,2,1,1,1,20,21,22,0.6737,10,1,0,still,0
1723,183,1,1,240,19,1,2,0,22,0,1,12,10,0,1,0,1,1,1,23,21,22,0.5438,12,1,0,still,0
1724,157,2,1,300,17,0,2,0,16,0,1,8,8,0,0,0,5,5,5,21,16,21,0.3239,7,1,0,end_cap,1
1725,2,1,1,120,18,0,2,0,14,0,1,7,7,0,0,0,5,5,4,19,14,18,0.3858,6,1,0,still,0
1725,4,2,1,30,16,0,1,0,17,0,1,4,13,0,0,0,3,3,3,20,17,20,0.3133,6,1,0,still,0
1725,83,1,0,-1,18,0,1,0,22,0,0,22,0,0,0,0,0,0,0,22,22,22,0.5155,10,0,0,pending,0
1726,83,1,0,-1,18,0,1,0,22,0,0,22,0,0,0,0,0,0,0,22,22,22,0.5155,10,0,0,hop,1
1727,6,2,0,-1,16,0,2,0,25,0,1,6,19,0,0,0,0,0,0,25,25,25,0.3131,7,1,0,start_jam,0
1728,35,2,1,210,18,1,2,0,16,0,1,6,10,0,0,1,4,4,4,20,17,21,0.3896,7,1,0,still,0
1728,68,2,0,-1,17,1,2,0,16,0,1,7,9,0,0,0,5,5,5,21,16,21,0.3732,7,1,0,start_jam,0
1728,77,3,1,90,19,0,4,0,25,0,1,25,0,0,0,0,0,0,0,25,25,25,0.6063,13,0,0,still,0
1729,14,1,1,120,18,0,1,0,18,0,1,13,5,0,0,1,1,1,1,19,19,20,0.5910,10,1,0,still,0
1729,29,2,0,-1,22,4,5,0,26,0,0,26,0,0,0,0,0,0,0,26,26,26,0.6567,13,0,0,pending,0
1730,29,2,0,-1,22,4,5,0,26,0,0,26,0,0,0,0,0,0,0,26,26,26,0.6566,13,0,0,hop,1
1732,28,2,0,-1,20,0,2,0,26,0,0,26,0,0,0,0,0,0,0,26,26,26,0.5894,13,0,0,pending,0
1732,116,2,1,300,17,0,1,0,25,0,1,7,18,0,1,0,0,0,0,25,24,24,0.3776,9,1,0,end_cap,1
1733,28,2,0,-1,20,0,2,0,26,0,0,26,0,0,0,0,0,0,0,26,26,26,0.5888,13,0,0,hop,1
1733,140,1,1,270,19,0,2,1,21,0,1,12,9,0,1,0,1,1,1,22,20,21,0.5897,11,1,0,still,0
1734,11,1,1,30,19,0,2,0,22,0,1,10,12,0,0,0,1,1,1,23,22,23,0.5340,9,1,0,still,0
1734,12,2,1,30,17,0,1,0,21,0,1,11,10,0,0,0,1,1,1,22,21,22,0.4884,9,1,0,still,0
1734,13,2,1,90,18,1,2,0,20,0,1,12,8,0,0,0,1,1,1,21,20,21,0.5936,11,1,0,still,0
1735,141,2,1,270,18,0,1,0,24,0,1,18,6,0,1,0,1,1,1,25,23,24,0.4972,11,1,0,still,0
1736,76,3,1,240,17,1,2,0,22,0,1,20,2,0,0,1,1,1,1,23,23,24,0.5953,12,1,0,still,0
1737,7,2,1,30,18,0,1,0,25,0,1,8,17,0,0,0,0,0,0,25,25,25,0.4034,9,1,0,still,0
1737,153,1,1,30,16,0,2,0,16,0,1,8,8,0,2,0,5,5,4,21,14,18,0.2918,7,1,0,still,0
1739,5,2,1,120,16,0,1,0,21,0,1,6,15,0,0,0,1,1,1,22,21,22,0.3495,8,1,0,still,0
1740,44,1,1,150,17,1,2,0,21,0,1,8,13,0,0,0,0,0,0,21,21,21,0.4740,8,1,0,still,0
1740,47,2,1,120,18,0,2,0,21,0,1,15,6,0,0,1,1,1,1,22,22,23,0.5824,11,1,0,still,0
1740,143,1,0,-1,22,0,5,0,20,0,0,20,0,0,0,3,0,0,0,20,23,23,0.6332,12,0,0,hop,1
1741,3,2,1,30,15,0,1,0,18,0,1,7,11,0,0,0,3,3,3,21,18,21,0.3439,6,1,0,still,0
1741,151,1,1,120,18,2,3,0,25,0,1,10,15,0,4,0,1,1,1,26,21,22,0.4413,10,1,0,still,0
1742,10,1,1,90,20,0,2,0,24,0,1,8,16,0,0,0,0,0,0,24,24,24,0.4781,8,1,0,still,0
1743,9,1,1,150,19,1,2,0,23,0,1,6,17,0,0,0,0,0,0,23,23,23,0.5133,9,1,0,still,0
1743,15,1,1,90,17,3,4,0,20,0,1,19,1,0,0,0,1,1,1,21,20,21,0.6202,10,1,0,still,0
1743,118,3,0,-1,20,0,1,0,25,0,1,8,17,0,0,0,0,0,0,25,25,25,0.4253,12,1,0,start_jam,0
1743,194,1,1,180,19,0,2,1,26,0,1,9,17,0,3,0,0,0,0,26,23,23,0.4071,10,1,0,still,0
1744,103,1,0,-1,4,0,1,1,5,0,0,5,0,0,0,0,0,0,0,5,5,5,0.2586,3,0,0,hop,1
1744,114,1,1,270,16,1,2,0,18,0,1,3,15,0,1,0,2,2,2,20,17,19,0.2931,6,1,0,still,0
1745,154,2,1,30,17,0,1,0,18,0,1,9,9,0,1,0,4,4,4,22,17,21,0.3977,10,1,0,still,0
1747,40,1,1,120,15,1,2,0,19,0,1,4,15,0,0,1,0,0,0,19,20,20,0.3247,6,1,0,still,0
1747,119,1,1,150,19,1,2,0,25,0,1,9,16,0,3,0,0,0,0,25,22,22,0.3826,8,1,0,still,0
1747,188,1,1,60,16,1,2,0,17,0,1,7,10,0,0,0,6,6,4,23,17,21,0.3242,9,1,0,still,0
1748,115,2,1,270,15,0,1,0,22,0,1,5,17,0,0,0,2,2,1,24,22,23,0.2964,8,1,0,still,0
1749,100,1,1,60,14,1,2,0,11,0,1,8,3,0,0,0,6,6,6,17,11,17,0.3323,5,1,0,still,0
1751,161,2,1,270,18,0,1,0,26,0,1,25,1,0,3,0,1,1,1,27,23,24,0.3781,9,0,0,still,0
1752,117,3,1,60,18,1,2,0,26,0,1,7,19,0,1,0,1,1,1,27,25,26,0.3992,12,1,0,still,0
1752,174,2,0,-1,21,0,1,1,22,0,0,22,0,0,1,1,0,0,0,22,22,22,0.6900,15,0,0,pending,0
1753,169,1,1,90,18,0,1,0,18,0,1,16,2,0,0,2,2,2,2,20,20,22,0.6748,10,1,0,still,0
1753,174,2,0,-1,21,0,1,1,22,0,0,22,0,0,1,1,0,0,0,22,22,22,0.6901,15,0,0,hop,1
1753,183,1,1,270,20,1,2,0,21,0,1,12,9,0,1,0,2,2,2,23,20,22,0.5438,12,1,0,still,0
1754,139,1,0,-1,18,0,2,0,22,0,1,10,12,0,2,0,2,2,2,24,20,22,0.5598,12,1,0,start_jam,0
1755,2,1,1,150,18,0,2,0,13,0,1,7,6,0,0,0,6,6,5,19,13,18,0.3853,6,1,0,still,0
1755,4,2,1,60,16,0,1,0,18,0,1,3,15,0,0,0,2,2,2,20,18,20,0.3133,6,1,0,still,0
1755,66,1,0,-1,15,0,1,0,16,0,0,16,0,0,1,1,0,0,0,16,16,16,0.5539,8,0,0,pending,0
1756,66,1,0,-1,15,0,1,0,16,0,0,16,0,0,1,1,0,0,0,16,16,16,0.5539,8,0,0,hop,1
1756,166,1,0,-1,17,0,1,0,24,0,0,24,0,0,4,0,0,0,0,24,20,20,0.3491,10,0,0,hop,1
1757,6,2,1,30,16,0,2,0,24,0,1,5,19,0,0,0,1,1,1,25,24,25,0.3130,7,1,0,still,0
1758,35,2,1,240,18,1,2,0,12,0,1,7,5,0,0,1,8,8,8,20,13,21,0.3896,7,1,0,still,0
1758,68,2,1,30,17,1,2,0,12,0,1,8,4,0,0,0,9,9,9,21,12,21,0.3733,7,1,0,still,0
1758,77,3,1,120,19,0,4,0,25,0,1,25,0,0,0,0,0,0,0,25,25,25,0.6062,13,0,0,still,0
1759,14,1,1,150,18,0,1,0,17,0,1,13,4,0,0,1,2,2,2,19,18,20,0.5910,10,1,0,still,0
1760,165,1,0,-1,18,0,2,1,25,0,0,25,0,0,3,0,0,0,0,25,22,22,0.3498,10,0,0,pending,0
1761,165,1,0,-1,18,0,2,1,25,0,0,25,0,0,3,0,0,0,0,25,22,22,0.3498,10,0,0,hop,1
1762,113,1,0,-1,16,0,2,0,14,0,1,6,8,0,0,0,8,8,6,22,14,20,0.3516,8,1,0,start_jam,0
1762,159,1,0,-1,13,2,3,0,9,0,1,6,3,0,0,0,6,6,6,15,9,15,0.2333,4,1,0,start_jam,0
1763,140,1,1,300,19,0,2,1,20,0,1,12,8,0,1,0,2,2,2,22,19,21,0.5896,11,1,0,end_cap,1
1763,199,1,0,-1,13,1,3,0,10,0,1,6,4,0,0,0,6,6,6,16,10,16,0.2691,6,1,0,start_jam,0
1764,11,1,1,60,19,0,2,0,21,0,1,10,11,0,0,0,2,2,2,23,21,23,0.5335,9,1,0,still,0
1764,12,2,1,60,17,0,1,0,20,0,1,11,9,0,0,0,2,2,2,22,20,22,0.4885,9,1,0,still,0
1764,13,2,1,120,18,1,2,0,19,0,1,13,6,0,0,0,2,2,2,21,19,21,0.5936,11,1,0,still,0
1764,87,1,0,-1,19,0,3,0,26,0,0,26,0,0,1,1,0,0,0,26,26,26,0.5948,11,0,0,hop,1
1764,132,1,0,-1,20,0,2,0,19,0,0,19,0,0,0,2,0,0,0,19,21,21,0.6963,12,0,0,pending,0
1765,132,1,0,-1,20,0,2,0,19,0,0,19,0,0,0,2,0,0,0,19,21,21,0.6964,12,0,0,hop,1
1765,141,2,1,300,18,0,1,0,23,0,1,18,5,0,1,0,2,2,2,25,22,24,0.4714,10,1,0,end_cap,1
1766,76,3,1,270,17,1,2,0,20,0,1,19,1,0,0,1,2,2,2,22,21,23,0.5954,12,1,0,still,0
1766,176,1,0,-1,22,0,1,1,30,0,0,30,0,0,4,0,0,0,0,30,26,26,0.4226,12,0,0,pending,0
1767,7,2,1,60,18,0,1,0,25,0,1,8,17,0,0,0,0,0,0,25,25,25,0.4031,9,1,0,still,0
1767,153,1,1,60,16,0,2,0,12,0,1,7,5,0,1,0,9,9,7,21,11,18,0.2917,7,1,0,still,0
1767,176,1,0,-1,22,0,1,1,30,0,0,30,0,0,4,0,0,0,0,30,26,26,0.4226,12,0,0,hop,1
1769,5,2,1,150,16,0,1,0,19,0,1,4,15,0,0,0,3,3,3,22,19,22,0.3495,8,1,0,still,0
1770,44,1,1,180,17,1,2,0,20,0,1,9,11,0,0,0,1,1,1,21,20,21,0.4735,8,1,0,still,0
1770,47,2,1,150,19,1,3,0,19,0,1,15,4,0,0,2,2,2,2,21,21,23,0.5818,11,1,0,still,0
1771,3,2,1,60,15,0,1,0,17,0,1,6,11,0,1,0,5,5,5,22,16,21,0.3439,6,1,0,still,0
1771,151,1,1,150,18,0,1,0,24,0,1,11,13,0,4,0,2,2,2,26,20,22,0.5001,11,1,0,still,0
1772,10,1,1,120,20,0,2,0,23,0,1,9,14,0,0,0,1,1,1,24,23,24,0.4775,8,1,0,still,0
1773,9,1,1,180,19,1,2,0,22,0,1,7,15,0,0,0,1,1,1,23,22,23,0.5127,9,1,0,still,0
1773,15,1,1,120,17,3,4,0,18,0,1,18,0,0,0,0,2,2,2,20,18,20,0.6204,10,1,0,still,0
1773,118,3,1,30,20,0,1,0,24,0,1,9,15,0,0,0,1,1,1,25,24,25,0.4252,12,1,0,still,0
1773,194,1,1,210,19,0,2,1,25,0,1,10,15,0,3,0,1,1,1,26,22,23,0.4071,10,1,0,still,0
1774,34,1,0,-1,4,0,1,1,6,0,0,6,0,0,0,0,0,0,0,6,6,6,0.2955,4,0,0,pending,0
1774,62,2,0,-1,21,3,5,0,26,0,0,26,0,0,1,0,0,0,0,26,25,25,0.6689,14,0,0,pending,0
1774,114,1,1,300,16,1,2,0,15,0,1,3,12,0,0,0,5,5,4,20,15,19,0.2935,6,1,0,end_cap,1
1775,34,1,0,-1,4,0,1,1,6,0,0,6,0,0,0,0,0,0,0,6,6,6,0.2955,4,0,0,hop,1
1775,62,2,0,-1,21,3,5,0,26,0,0,26,0,0,1,0,0,0,0,26,25,25,0.6689,14,0,0,hop,1
1775,154,2,1,60,17,0,1,0,13,0,1,9,4,0,1,0,9,9,9,22,12,21,0.3976,10,1,0,still,0
1776,1,2,0,-1,18,0,2,0,12,0,1,8,4,0,0,0,9,9,9,21,12,21,0.3828,7,1,0,start_jam,0
1777,40,1,1,150,15,1,2,0,17,0,1,3,14,0,0,1,2,2,2,19,18,20,0.3247,6,1,0,still,0
1777,119,1,1,180,19,1,2,0,23,0,1,9,14,0,2,0,1,1,1,24,21,22,0.3826,8,1,0,still,0
1777,170,2,0,-1,17,0,2,0,21,0,1,20,1,0,0,0,2,2,2,23,21,23,0.5738,11,1,0,start_jam,0
1777,188,1,1,90,16,1,2,0,15,0,1,7,8,0,0,0,8,8,6,23,15,21,0.3242,9,1,0,still,0
1778,115,2,1,300,15,0,1,0,20,0,1,5,15,0,0,0,4,4,3,24,20,23,0.2962,8,1,0,end_cap,1
1779,99,2,0,-1,6,1,3,0,7,0,0,7,0,0,0,0,0,0,0,7,7,7,0.4330,7,0,0,pending,0
1779,100,1,1,90,14,1,2,0,10,0,1,6,4,0,0,0,7,7,7,17,10,17,0.3323,5,1,0,still,0
1780,97,3,0,-1,2,0,3,1,2,0,0,2,0,0,0,0,0,0,0,2,2,2,0.0595,2,0,0,pending,0
1780,99,2,0,-1,6,1,3,0,7,0,0,7,0,0,0,0,0,0,0,7,7,7,0.4330,7,0,0,hop,1
1781,97,3,0,-1,2,0,2,1,2,0,0,2,0,0,0,0,0,0,0,2,2,2,0.0595,2,0,0,hop,1
1781,161,2,1,300,19,0,1,0,25,0,1,24,1,0,2,0,1,1,1,26,23,24,0.3781,9,0,0,end_cap,1
1782,117,3,1,90,17,1,2,0,24,0,1,6,18,0,0,0,2,2,1,26,24,25,0.3988,12,1,0,still,0
1783,169,1,1,120,18,0,3,0,20,0,1,17,3,0,0,1,1,1,1,21,21,22,0.6767,10,1,0,still,0
1783,183,1,1,300,20,1,2,0,22,0,1,14,8,0,1,0,1,1,1,23,21,22,0.4623,10,1,0,end_cap,1
1784,56,1,0,-1,18,0,2,0,20,0,0,20,0,0,0,0,0,0,0,20,20,20,0.5151,10,0,0,hop,1
1784,139,1,1,30,18,0,2,1,23,0,1,13,10,0,2,0,1,1,1,24,21,22,0.5009,11,1,0,still,0
1785,2,1,1,180,18,0,2,0,11,0,1,8,3,0,0,0,8,8,7,19,11,18,0.3853,6,1,0,still,0
1785,4,2,1,90,16,0,1,0,16,0,1,5,11,0,0,0,4,4,4,20,16,20,0.3133,6,1,0,still,0
1786,57,1,0,-1,18,1,2,0,22,0,0,22,0,0,0,0,0,0,0,22,22,22,0.5901,11,0,0,pending,0
1786,189,1,0,-1,15,0,2,0,15,0,1,7,8,0,0,0,6,6,5,21,15,20,0.4329,10,1,0,start_jam,0
1787,6,2,1,60,16,0,2,0,22,0,1,6,16,0,0,0,1,1,1,23,22,23,0.3130,7,1,0,still,0
1787,57,1,0,-1,18,1,2,0,22,0,0,22,0,0,0,0,0,0,0,22,22,22,0.5907,11,0,0,hop,1
1788,26,3,0,-1,20,0,2,0,29,0,0,29,0,0,0,0,0,0,0,29,29,29,0.6214,15,0,0,pending,0
1788,35,2,1,270,18,1,2,0,12,0,1,7,5,0,0,1,8,8,8,20,13,21,0.3896,7,1,0,still,0
1788,68,2,1,60,17,1,2,0,12,0,1,7,5,0,0,0,9,9,9,21,12,21,0.3733,7,1,0,still,0
1788,77,3,1,150,19,0,3,0,25,0,0,25,0,0,0,0,0,0,0,25,25,25,0.6062,13,0,0,end_clear,1
1789,14,1,1,180,18,0,1,0,19,0,1,15,4,0,0,1,0,0,0,19,20,20,0.5910,10,1,0,still,0
1789,21,2,0,-1,18,0,2,0,23,0,0,23,0,0,0,0,0,0,0,23,23,23,0.5277,11,0,0,hop,1
1789,26,3,0,-1,20,1,3,0,29,0,0,29,0,0,0,0,0,0,0,29,29,29,0.6215,15,0,0,hop,1
1790,75,1,0,-1,3,0,1,1,3,0,0,3,0,0,0,0,0,0,0,3,3,3,0.1629,3,0,0,hop,1
1791,19,3,0,-1,19,0,3,0,22,0,0,22,0,0,0,0,0,0,0,22,22,22,0.5050,12,0,0,pending,0
1792,19,3,0,-1,19,0,3,0,22,0,0,22,0,0,0,0,0,0,0,22,22,22,0.5054,12,0,0,hop,1
1792,113,1,1,30,16,0,2,0,14,0,1,7,7,0,0,0,8,8,6,22,14,20,0.3516,8,1,0,still,0
1792,159,1,1,30,13,2,3,0,9,0,1,5,4,0,0,0,6,6,6,15,9,15,0.2333,4,1,0,still,0
1793,158,1,0,-1,15,1,2,0,10,0,1,5,5,0,1,0,10,10,9,20,9,18,0.2594,5,1,0,start_jam,0
1793,199,1,1,30,13,1,3,0,9,0,1,4,5,0,0,0,7,7,7,16,9,16,0.2690,6,1,0,still,0
1794,11,1,1,90,19,0,2,0,22,0,1,12,10,0,0,0,0,0,0,22,22,22,0.5334,9,1,0,still,0
1794,12,2,1,90,17,0,1,0,23,0,1,15,8,0,0,0,0,0,0,23,23,23,0.4886,9,1,0,still,0
1794,13,2,1,150,18,1,2,0,22,0,1,16,6,0,0,0,0,0,0,22,22,22,0.4947,10,1,0,still,0
1796,76,3,1,300,18,1,2,0,25,0,1,23,2,0,0,0,0,0,0,25,25,25,0.5898,13,0,1,end_cap,1
1797,7,2,1,90,18,0,1,0,24,0,1,8,16,0,0,0,0,0,0,24,24,24,0.4031,9,1,0,still,0
1797,153,1,1,90,16,0,2,0,12,0,1,7,5,0,1,0,9,9,7,21,11,18,0.2918,7,1,0,still,0
1799,5,2,1,180,16,0,1,0,19,0,1,5,14,0,0,0,3,3,3,22,19,22,0.3495,8,1,0,still,0
1800,44,1,1,210,17,1,2,0,21,0,1,11,10,0,0,0,0,0,0,21,21,21,0.4370,7,1,0,still,0
1800,47,2,1,180,20,0,2,0,21,0,1,17,4,0,0,2,0,0,0,21,23,23,0.4845,10,1,0,still,0
1801,3,2,1,90,15,0,1,0,17,0,1,7,10,0,1,0,5,5,5,22,16,21,0.3439,6,1,0,still,0
1801,151,1,1,180,18,0,1,0,26,0,1,14,12,0,4,0,0,0,0,26,22,22,0.5001,11,1,0,still,0
1802,10,1,1,150,20,0,2,0,24,0,1,11,13,0,0,0,0,0,0,24,24,24,0.4772,8,1,0,still,0
1803,9,1,1,210,18,1,2,0,23,0,1,9,14,0,0,0,0,0,0,23,23,23,0.4027,8,1,0,still,0
1803,15,1,1,150,18,0,1,0,22,0,0,22,0,0,0,0,0,0,0,22,22,22,0.5172,9,0,0,end_clear,0
1803,118,3,1,60,18,0,1,0,25,0,1,12,13,0,0,0,0,0,0,25,25,25,0.4252,12,1,0,still,0
1803,194,1,1,240,19,0,2,1,26,0,1,13,13,0,3,0,0,0,0,26,23,23,0.4071,10,1,0,still,0
1804,131,2,0,-1,17,0,1,1,29,0,0,29,0,0,2,0,0,0,0,29,27,27,0.3214,9,0,0,pending,0
1805,131,2,0,-1,17,0,1,1,29,0,0,29,0,0,2,0,0,0,0,29,27,27,0.3214,9,0,0,hop,1
1805,154,2,1,90,17,0,1,0,13,0,1,8,5,0,1,0,9,9,9,22,12,21,0.3977,10,1,0,still,0
1806,1,2,1,30,18,0,2,0,13,0,1,8,5,0,0,0,9,9,9,22,13,22,0.3828,7,1,0,still,0
1806,8,2,0,-1,18,0,1,0,23,0,1,8,15,0,0,0,0,0,0,23,23,23,0.3833,9,1,0,start_jam,0
1807,40,1,1,180,15,1,2,0,17,0,1,2,15,0,0,1,2,2,2,19,18,20,0.3247,6,1,0,still,0
1807,119,1,1,210,18,0,2,0,24,0,1,12,12,0,2,0,0,0,0,24,22,22,0.3826,8,1,0,still,0
1807,136,2,0,-1,7,0,2,0,9,0,0,9,0,0,1,0,0,0,0,9,8,8,0.3826,7,0,0,pending,0
1807,170,2,1,30,18,0,2,0,23,0,0,23,0,0,0,1,0,0,0,23,24,24,0.5722,11,0,0,end_clear,1
1807,188,1,1,120,16,1,2,0,15,0,1,6,9,0,0,0,8,8,6,23,15,21,0.3242,9,1,0,still,0
1808,136,2,0,-1,7,0,2,0,9,0,0,9,0,0,1,0,0,0,0,9,8,8,0.3827,7,0,0,hop,1
1809,100,1,1,120,14,1,2,0,9,0,1,5,4,0,0,0,8,8,8,17,9,17,0.3323,5,1,0,still,0
1809,155,1,0,-1,1,0,1,1,0,0,0,0,0,0,0,0,0,0,0,0,0,0,0.0000,0,0,0,pending,0
1810,155,1,0,-1,1,0,1,1,0,0,0,0,0,0,0,0,0,0,0,0,0,0,0.0000,0,0,0,hop,1
1812,67,2,0,-1,12,1,3,0,14,0,0,14,0,0,0,1,0,0,0,14,15,15,0.4285,7,0,0,hop,1
1812,79,1,0,-1,18,1,2,0,20,0,0,20,0,0,1,1,0,0,0,20,20,20,0.5990,10,0,0,pending,0
1812,117,3,1,120,17,1,2,0,24,0,1,9,15,0,0,0,0,0,0,24,24,24,0.3992,12,1,0,still,0
1813,79,1,0,-1,18,1,2,0,20,0,0,20,0,0,1,1,0,0,0,20,20,20,0.5990,10,0,0,hop,1
1813,169,1,1,150,18,0,1,0,21,0,1,21,0,0,0,1,0,0,0,21,22,22,0.6789,10,0,0,still,0
1814,23,2,0,-1,16,0,2,0,24,0,0,24,0,0,0,0,0,0,0,24,24,24,0.5268,10,0,0,hop,1
1814,139,1,1,60,18,0,2,1,24,0,1,17,7,0,2,0,0,0,0,24,22,22,0.5009,11,1,0,still,0
1815,2,1,1,210,18,0,2,0,11,0,1,6,5,0,0,0,8,8,7,19,11,18,0.3853,6,1,0,still,0
1815,4,2,1,120,16,0,1,0,16,0,1,4,12,0,0,0,4,4,4,20,16,20,0.3133,6,1,0,still,0
1815,90,1,0,-1,21,2,3,0,24,0,0,24,0,0,0,0,0,0,0,24,24,24,0.7163,14,0,0,pending,0
1816,85,1,0,-1,15,1,2,0,21,0,0,21,0,0,0,1,0,0,0,21,22,22,0.5702,10,0,0,hop,1
1816,90,1,0,-1,21,2,3,0,24,0,0,24,0,0,0,0,0,0,0,24,24,24,0.7163,14,0,0,hop,1
1816,189,1,1,30,15,0,2,0,15,0,1,6,9,0,0,0,6,6,5,21,15,20,0.4329,10,1,0,still,0
1817,6,2,1,90,16,0,2,0,22,0,1,6,16,0,0,0,1,1,1,23,22,23,0.3130,7,1,0,still,0
1818,35,2,1,300,18,1,2,0,11,0,1,6,5,0,0,1,9,9,9,20,12,21,0.3896,7,1,0,end_cap,1
1818,68,2,1,90,17,1,2,0,11,0,1,7,4,0,0,0,10,10,10,21,11,21,0.3733,7,1,0,still,0
1819,14,1,1,210,18,0,1,1,20,0,1,19,1,0,0,0,0,0,0,20,20,20,0.5910,10,0,1,still,0
1822,91,1,0,-1,22,2,3,0,23,0,0,23,0,0,0,1,0,0,0,23,24,24,0.6821,13,0,0,hop,1
1822,113,1,1,60,15,0,2,0,16,0,1,7,9,0,2,0,6,6,6,22,14,20,0.3516,8,1,0,still,0
1822,159,1,1,60,13,2,3,0,12,0,1,5,7,0,0,0,3,3,3,15,12,15,0.2333,4,1,0,still,0
1823,58,1,0,-1,16,3,4,0,23,0,0,23,0,0,0,0,0,0,0,23,23,23,0.4673,8,0,0,pending,0
1823,130,1,0,-1,17,1,2,0,21,0,0,21,0,0,0,0,0,0,0,21,21,21,0.5840,9,0,0,pending,0
1823,158,1,1,30,15,1,2,0,12,0,1,6,6,0,1,0,8,8,7,20,11,18,0.2594,5,1,0,still,0
1823,199,1,1,60,13,1,3,0,11,0,1,5,6,0,0,0,5,5,5,16,11,16,0.2690,6,1,0,still,0
1824,11,1,1,120,19,0,2,0,23,0,1,16,7,0,0,0,0,0,0,23,23,23,0.5338,9,1,0,still,0
1824,12,2,1,120,17,0,1,0,23,0,1,18,5,0,0,0,0,0,0,23,23,23,0.4886,9,1,0,still,0
1824,13,2,1,180,18,1,2,0,22,0,1,19,3,0,0,0,0,0,0,22,22,22,0.5937,11,1,0,still,0
1824,58,1,0,-1,16,3,4,0,23,0,0,23,0,0,0,0,0,0,0,23,23,23,0.4673,8,0,0,hop,1
1824,130,1,0,-1,17,1,2,0,21,0,0,21,0,0,0,0,0,0,0,21,21,21,0.5840,9,0,0,hop,1
1825,127,1,0,-1,19,0,1,0,25,0,0,25,0,0,3,0,0,0,0,25,22,22,0.3505,10,0,0,pending,0
1826,89,1,0,-1,22,0,3,0,26,0,0,26,0,0,0,0,0,0,0,26,26,26,0.5732,12,0,0,hop,1
1826,127,1,0,-1,19,0,1,0,25,0,0,25,0,0,3,0,0,0,0,25,22,22,0.3505,10,0,0,hop,1
1827,7,2,1,120,18,0,1,0,24,0,1,9,15,0,0,0,0,0,0,24,24,24,0.4031,9,1,0,still,0
1827,65,1,0,-1,18,3,4,0,18,0,0,18,0,0,0,1,0,0,0,18,19,19,0.6278,10,0,0,hop,1
1827,153,1,1,120,16,0,2,0,14,0,1,7,7,0,3,0,7,7,7,21,11,18,0.2917,7,1,0,still,0
1829,5,2,1,210,16,0,1,0,18,0,1,3,15,0,0,0,3,3,3,21,18,21,0.3495,8,1,0,still,0
1829,123,2,0,-1,14,0,3,0,12,0,1,6,6,0,0,0,8,8,8,20,12,20,0.3276,7,1,0,start_jam,0
1830,44,1,1,240,17,1,2,0,21,0,1,13,8,0,0,0,0,0,0,21,21,21,0.4374,7,1,0,still,0
1830,47,2,1,210,20,0,2,0,21,0,1,19,2,0,0,3,0,0,0,21,24,24,0.5822,11,0,1,still,0
1831,3,2,1,120,15,0,1,0,16,0,1,6,10,0,1,0,6,6,6,22,15,21,0.3442,6,1,0,still,0
1831,142,2,0,-1,18,0,1,0,23,0,0,23,0,0,0,0,0,0,0,23,23,23,0.6436,11,0,0,hop,1
1831,151,1,1,210,18,0,1,0,26,0,1,16,10,0,4,0,0,0,0,26,22,22,0.5001,11,1,0,still,0
1832,10,1,1,180,20,0,2,0,24,0,1,13,11,0,0,0,0,0,0,24,24,24,0.4775,8,1,0,still,0
1833,9,1,1,240,18,1,2,0,23,0,1,11,12,0,0,0,0,0,0,23,23,23,0.4028,8,1,0,still,0
1833,72,2,0,-1,15,0,2,0,13,0,1,7,6,0,0,0,8,8,8,21,13,21,0.3593,6,1,0,start_jam,0
1833,118,3,1,90,18,0,1,0,25,0,1,13,12,0,0,0,0,0,0,25,25,25,0.4252,12,1,0,still,0
1833,194,1,1,270,19,1,2,0,25,0,1,13,12,0,2,0,0,0,0,25,23,23,0.4072,10,1,0,still,0
1835,154,2,1,120,17,0,1,0,15,0,1,8,7,0,1,0,7,7,7,22,14,21,0.3977,10,1,0,still,0
1836,1,2,1,60,18,0,2,0,14,0,1,8,6,0,0,0,7,7,7,21,14,21,0.3823,7,1,0,still,0
1836,8,2,1,30,18,0,1,0,25,0,1,11,14,0,0,0,0,0,0,25,25,25,0.3833,9,1,0,still,0
1836,195,1,0,-1,18,1,2,0,14,0,1,7,7,0,2,0,7,7,7,21,12,19,0.3226,9,1,0,start_jam,0
1837,40,1,1,210,15,1,2,0,17,0,1,2,15,0,0,1,2,2,2,19,18,20,0.3247,6,1,0,still,0
1837,119,1,1,240,18,0,2,0,24,0,1,13,11,0,2,0,0,0,0,24,22,22,0.3827,8,1,0,still,0
1837,188,1,1,150,16,1,2,0,17,0,1,7,10,0,2,0,6,6,6,23,15,21,0.3242,9,1,0,still,0
1839,100,1,1,150,14,1,2,0,12,0,1,3,9,0,0,0,5,5,5,17,12,17,0.3323,5,1,0,still,0
1840,107,2,0,-1,16,1,4,0,19,0,0,19,0,0,2,1,0,0,0,19,18,18,0.6041,12,0,0,pending,0
1842,84,1,0,-1,16,0,2,0,20,0,0,20,0,0,1,1,0,0,0,20,20,20,0.5826,11,0,0,pending,0
1842,92,1,0,-1,17,2,4,0,18,0,0,18,0,0,0,1,0,0,0,18,19,19,0.6217,10,0,0,pending,0
1842,117,3,1,150,17,1,2,0,26,0,1,11,15,0,0,0,0,0,0,26,26,26,0.3993,12,1,0,still,0
1843,84,1,0,-1,16,0,2,0,20,0,0,20,0,0,1,1,0,0,0,20,20,20,0.5826,11,0,0,hop,1
1843,92,1,0,-1,17,2,4,0,18,0,0,18,0,0,0,1,0,0,0,18,19,19,0.6217,10,0,0,hop,1
1843,169,1,1,180,18,0,1,0,20,0,1,20,0,0,0,1,0,0,0,20,21,21,0.6795,10,0,0,still,0
1844,139,1,1,90,18,0,2,1,24,0,1,17,7,0,2,0,0,0,0,24,22,22,0.5009,11,1,0,still,0
1845,2,1,1,240,19,1,2,0,12,0,1,7,5,0,0,0,7,7,7,19,12,19,0.3852,6,1,0,still,0
1845,4,2,1,150,16,0,1,0,16,0,1,4,12,0,0,0,4,4,4,20,16,20,0.3133,6,1,0,still,0
1846,189,1,1,60,15,0,2,0,16,0,1,6,10,0,1,0,5,5,5,21,15,20,0.4329,10,1,0,still,0
1847,6,2,1,120,16,0,2,0,23,0,1,7,16,0,0,0,1,1,1,24,23,24,0.3130,7,1,0,still,0
1848,68,2,1,120,17,1,2,0,14,0,1,6,8,0,0,0,7,7,7,21,14,21,0.3733,7,1,0,still,0
1849,14,1,1,240,18,0,1,1,20,0,1,19,1,0,0,0,0,0,0,20,20,20,0.5910,10,0,1,still,0
1850,80,1,0,-1,19,0,2,0,20,0,0,20,0,0,0,1,0,0,0,20,21,21,0.5285,9,0,0,pending,0
1851,80,1,0,-1,19,0,2,0,20,0,0,20,0,0,0,1,0,0,0,20,21,21,0.5285,9,0,0,hop,1
1852,103,1,0,-1,4,0,2,1,4,0,0,4,0,0,0,1,0,0,0,4,5,5,0.1847,3,0,0,pending,0
1852,113,1,1,90,15,0,2,0,14,0,1,7,7,0,1,0,8,8,7,22,13,20,0.3516,8,1,0,still,0
1852,159,1,1,90,13,2,3,0,8,0,1,2,6,0,0,0,7,7,7,15,8,15,0.2333,4,1,0,still,0
1853,103,1,0,-1,4,0,2,1,4,0,0,4,0,0,0,1,0,0,0,4,5,5,0.1847,3,0,0,hop,1
1853,158,1,1,60,15,1,2,0,9,0,1,4,5,0,1,0,11,11,10,20,8,18,0.2594,5,1,0,still,0
1853,199,1,1,90,13,1,3,0,8,0,1,2,6,0,0,0,8,8,8,16,8,16,0.2690,6,1,0,still,0
1854,11,1,1,150,19,0,2,0,23,0,1,16,7,0,0,0,0,0,0,23,23,23,0.5345,9,1,0,still,0
1854,12,2,1,150,17,0,1,0,23,0,1,18,5,0,0,0,0,0,0,23,23,23,0.4886,9,1,0,still,0
1854,13,2,1,210,18,1,2,0,22,0,1,19,3,0,0,0,0,0,0,22,22,22,0.5936,11,1,0,still,0
1855,149,1,0,-1,16,0,2,1,22,0,1,7,15,0,0,0,2,2,0,24,22,22,0.3234,7,1,0,start_jam,0
1857,7,2,1,150,18,0,1,0,24,0,1,8,16,0,0,0,0,0,0,24,24,24,0.4031,9,1,0,still,0
1857,153,1,1,150,16,0,2,0,11,0,1,6,5,0,1,0,10,10,8,21,10,18,0.2917,7,1,0,still,0
1859,5,2,1,240,16,0,1,0,18,0,1,2,16,0,0,0,3,3,3,21,18,21,0.3495,8,1,0,still,0
1859,123,2,1,30,14,0,3,0,9,0,1,4,5,0,0,0,11,11,11,20,9,20,0.3276,7,1,0,still,0
1860,44,1,1,270,17,1,2,0,21,0,1,13,8,0,0,0,0,0,0,21,21,21,0.4379,7,1,0,still,0
1860,47,2,1,240,20,0,2,0,22,0,1,20,2,0,0,2,0,0,0,22,24,24,0.5823,11,0,1,still,0
1861,3,2,1,150,15,0,1,0,16,0,1,5,11,0,1,0,6,6,6,22,15,21,0.3439,6,1,0,still,0
1861,151,1,1,240,18,0,1,0,26,0,1,16,10,0,4,0,0,0,0,26,22,22,0.5002,11,1,0,still,0
1862,10,1,1,210,20,0,2,0,24,0,1,13,11,0,0,0,0,0,0,24,24,24,0.4780,8,1,0,still,0
1863,9,1,1,270,18,1,2,0,23,0,1,11,12,0,0,0,0,0,0,23,23,23,0.4031,8,1,0,still,0
1863,31,2,0,-1,21,1,2,0,24,0,0,24,0,0,0,1,0,0,0,24,25,25,0.6267,13,0,0,pending,0
1863,72,2,1,30,15,0,2,0,10,0,1,6,4,0,0,0,11,11,11,21,10,21,0.3593,6,1,0,still,0
1863,118,3,1,120,18,0,1,0,25,0,1,13,12,0,0,0,0,0,0,25,25,25,0.4252,12,1,0,still,0
1863,168,1,0,-1,16,0,1,0,26,0,0,26,0,0,4,0,0,0,0,26,22,22,0.3469,9,0,0,hop,1
1863,194,1,1,300,19,1,2,0,25,0,1,13,12,0,2,0,0,0,0,25,23,23,0.4072,10,1,0,end_cap,1
1864,31,2,0,-1,21,1,2,0,24,0,0,24,0,0,0,1,0,0,0,24,25,25,0.6267,13,0,0,hop,1
1865,154,2,1,150,17,0,1,0,12,0,1,6,6,0,0,0,10,10,9,22,12,21,0.3977,10,1,0,still,0
1866,1,2,1,90,18,0,2,0,9,0,1,6,3,0,0,0,12,12,12,21,9,21,0.3822,7,1,0,still,0
1866,8,2,1,60,18,0,1,0,25,0,1,12,13,0,0,0,0,0,0,25,25,25,0.3834,9,1,0,still,0
1866,71,2,0,-1,8,0,2,0,8,0,0,8,0,0,0,0,0,0,0,8,8,8,0.3643,6,0,0,hop,1
1866,195,1,1,30,18,1,2,0,9,0,1,6,3,0,0,0,12,12,10,21,9,19,0.3227,9,1,0,still,0
1867,40,1,1,240,15,1,2,0,17,0,1,2,15,0,0,1,2,2,2,19,18,20,0.3247,6,1,0,still,0
1867,119,1,1,270,19,0,1,0,24,0,1,13,11,0,2,0,0,0,0,24,22,22,0.3822,8,1,0,still,0
1867,188,1,1,180,16,1,2,0,14,0,1,6,8,0,1,0,9,9,8,23,13,21,0.3242,9,1,0,still,0
1868,101,3,0,-1,4,0,1,0,4,0,0,4,0,0,0,0,0,0,0,4,4,4,0.1403,3,0,0,pending,0
1869,34,1,0,-1,3,0,1,0,5,0,0,5,0,0,0,0,0,0,0,5,5,5,0.1846,3,0,0,hop,1
1869,100,1,1,180,14,1,2,0,3,0,1,3,0,0,0,0,14,14,14,17,3,17,0.3323,5,1,0,still,0
1869,101,3,0,-1,4,0,1,0,4,0,0,4,0,0,0,0,0,0,0,4,4,4,0.1401,3,0,0,hop,1
1869,133,2,0,-1,7,0,1,1,13,0,0,13,0,0,3,0,0,0,0,13,10,10,0.4467,9,0,0,pending,0
1870,133,2,0,-1,7,0,1,1,13,0,0,13,0,0,3,0,0,0,0,13,10,10,0.4467,9,0,0,hop,1
1871,126,2,0,-1,19,0,1,0,27,0,0,27,0,0,3,0,0,0,0,27,24,24,0.4016,11,0,0,pending,0
1872,117,3,1,180,17,1,2,0,26,0,1,12,14,0,0,0,0,0,0,26,26,26,0.3760,11,1,0,still,0
1872,126,2,0,-1,19,0,1,0,27,0,0,27,0,0,3,0,0,0,0,27,24,24,0.4016,11,0,0,hop,1
1873,29,2,0,-1,22,1,2,0,26,0,0,26,0,0,0,0,0,0,0,26,26,26,0.6542,13,0,0,hop,1
1873,169,1,1,210,17,0,1,0,21,0,1,21,0,0,0,1,0,0,0,21,22,22,0.6801,10,0,0,still,0
1874,139,1,1,120,18,0,2,0,24,0,1,17,7,0,2,0,0,0,0,24,22,22,0.5009,11,1,0,still,0
1875,2,1,1,270,19,1,2,0,9,0,1,6,3,0,0,0,10,10,10,19,9,19,0.3850,6,1,0,still,0
1875,4,2,1,180,15,0,1,0,16,0,1,4,12,0,0,0,4,4,4,20,16,20,0.3133,6,1,0,still,0
1875,88,1,0,-1,21,2,3,0,24,0,0,24,0,0,0,0,0,0,0,24,24,24,0.5733,12,0,0,pending,0
1875,146,2,0,-1,15,0,2,0,19,0,1,4,15,0,1,0,5,5,4,24,18,22,0.3016,8,1,0,start_jam,0
1876,88,1,0,-1,21,2,3,0,24,0,0,24,0,0,0,0,0,0,0,24,24,24,0.5734,12,0,0,hop,1
1876,189,1,1,90,15,0,2,0,15,0,1,4,11,0,0,0,6,6,5,21,15,20,0.4329,10,1,0,still,0
1877,6,2,1,150,16,0,2,0,23,0,1,7,16,0,0,0,1,1,1,24,23,24,0.3130,7,1,0,still,0
1878,68,2,1,150,17,1,2,0,7,0,1,5,2,0,0,0,14,14,14,21,7,21,0.3733,7,1,0,still,0
1879,14,1,1,270,18,0,1,1,19,0,1,18,1,0,0,0,0,0,0,19,19,19,0.5910,10,0,1,still,0
1879,111,1,0,-1,2,1,2,0,2,0,0,2,0,0,0,0,0,0,0,2,2,2,0.1478,2,0,0,pending,0
1880,111,1,0,-1,2,1,2,0,2,0,0,2,0,0,0,0,0,0,0,2,2,2,0.1478,2,0,0,hop,1
1882,33,3,0,-1,8,1,3,0,11,0,0,11,0,0,0,0,0,0,0,11,11,11,0.4187,8,0,0,hop,1
1882,113,1,1,120,15,0,2,0,14,0,1,5,9,0,1,0,8,8,7,22,13,20,0.3516,8,1,0,still,0
1882,159,1,1,120,13,2,3,0,2,0,1,2,0,0,0,0,13,13,13,15,2,15,0.2333,4,1,0,still,0
1883,55,2,0,-1,19,1,2,0,24,0,0,24,0,0,0,0,0,0,0,24,24,24,0.4862,11,0,0,pending,0
1883,114,1,0,-1,16,1,2,0,15,0,1,3,12,0,0,0,5,5,4,20,15,19,0.2935,6,1,0,start_jam,0
1883,158,1,1,90,15,1,2,0,4,0,1,3,1,0,0,0,16,16,14,20,4,18,0.2594,5,1,0,still,0
1883,199,1,1,120,13,1,3,0,2,0,1,2,0,0,0,0,14,14,14,16,2,16,0.2690,6,1,0,still,0
1884,11,1,1,180,19,0,1,0,23,0,1,16,7,0,0,0,0,0,0,23,23,23,0.5350,9,1,0,still,0
1884,12,2,1,180,17,0,1,0,23,0,1,18,5,0,0,0,0,0,0,23,23,23,0.4886,9,1,0,still,0
1884,13,2,1,240,18,1,2,0,22,0,1,19,3,0,0,0,0,0,0,22,22,22,0.5937,11,1,0,still,0
1884,55,2,0,-1,19,1,2,0,24,0,0,24,0,0,0,0,0,0,0,24,24,24,0.4862,11,0,0,hop,1
1885,149,1,1,30,16,0,2,1,22,0,1,8,14,0,0,0,2,2,0,24,22,22,0.3234,7,1,0,still,0
1887,7,2,1,180,18,0,1,0,25,0,1,10,15,0,0,0,0,0,0,25,25,25,0.4031,9,1,0,still,0
1887,66,1,0,-1,14,0,1,0,15,0,0,15,0,0,0,1,0,0,0,15,16,16,0.5542,8,0,0,hop,1
1887,153,1,1,180,16,0,2,0,10,0,1,4,6,0,1,0,11,11,9,21,9,18,0.2918,7,1,0,still,0
1889,5,2,1,270,16,0,1,0,18,0,1,3,15,0,0,0,3,3,3,21,18,21,0.3495,8,1,0,still,0
1889,123,2,1,60,14,0,3,0,4,0,1,3,1,0,0,0,16,16,16,20,4,20,0.3276,7,1,0,still,0
1890,44,1,1,300,18,0,1,0,21,0,1,13,8,0,0,1,0,0,0,21,22,22,0.5110,8,1,0,end_cap,1
1890,47,2,1,270,20,0,2,0,22,0,1,20,2,0,0,2,0,0,0,22,24,24,0.5824,11,0,1,still,0
1891,3,2,1,180,15,0,1,0,15,0,1,4,11,0,0,0,7,7,6,22,15,21,0.3439,6,1,0,still,0
1891,151,1,1,270,18,0,1,0,26,0,1,17,9,0,4,0,0,0,0,26,22,22,0.5005,11,1,0,still,0
1892,10,1,1,240,20,0,2,0,24,0,1,15,9,0,0,0,0,0,0,24,24,24,0.4785,8,1,0,still,0
1893,9,1,1,300,18,1,2,0,23,0,1,13,10,0,0,0,0,0,0,23,23,23,0.4037,8,1,0,end_cap,1
1893,17,3,0,-1,19,0,2,0,23,0,0,23,0,0,0,0,0,0,0,23,23,23,0.5358,12,0,0,pending,0
1893,72,2,1,60,15,0,2,0,6,0,1,4,2,0,0,0,15,15,15,21,6,21,0.3593,6,1,0,still,0
1893,118,3,1,150,18,0,1,0,26,0,1,16,10,0,0,0,0,0,0,26,26,26,0.4252,12,1,0,still,0
1894,17,3,0,-1,19,0,2,0,23,0,0,23,0,0,0,0,0,0,0,23,23,23,0.5358,12,0,0,hop,1
1895,154,2,1,180,17,0,1,0,8,0,1,5,3,0,0,0,14,14,13,22,8,21,0.3977,10,1,0,still,0
1896,1,2,1,120,18,0,2,0,8,0,1,5,3,0,0,0,13,13,13,21,8,21,0.3822,7,1,0,still,0
1896,8,2,1,90,18,0,1,0,25,0,1,14,11,0,0,0,0,0,0,25,25,25,0.3837,9,1,0,still,0
1896,195,1,1,60,18,1,2,0,8,0,1,5,3,0,0,0,13,13,11,21,8,19,0.3227,9,1,0,still,0
1897,40,1,1,270,15,1,2,0,16,0,1,4,12,0,0,1,3,3,3,19,17,20,0.3247,6,1,0,still,0
1897,83,1,0,-1,17,0,1,0,21,0,0,21,0,0,0,0,0,0,0,21,21,21,0.5153,10,0,0,pending,0
1897,119,1,1,300,19,0,1,0,24,0,1,15,9,0,2,1,0,0,0,24,23,23,0.3824,8,1,0,end_cap,1
1897,188,1,1,210,16,1,2,0,13,0,1,6,7,0,1,0,10,10,9,23,12,21,0.3242,9,1,0,still,0
1898,83,1,0,-1,17,0,1,0,21,0,0,21,0,0,0,0,0,0,0,21,21,21,0.5153,10,0,0,hop,1
1899,100,1,1,210,14,1,2,0,3,0,1,3,0,0,0,0,14,14,14,17,3,17,0.3323,5,1,0,still,0
1902,117,3,1,210,17,1,2,0,26,0,1,15,11,0,0,0,0,0,0,26,26,26,0.3524,10,1,0,still,0
1903,165,1,0,-1,17,0,1,0,25,0,0,25,0,0,4,0,0,0,0,25,21,21,0.3497,10,0,0,pending,0
1903,166,1,0,-1,18,0,1,0,24,0,0,24,0,0,3,0,0,0,0,24,21,21,0.3490,10,0,0,hop,1
1903,169,1,1,240,17,0,1,0,21,0,1,21,0,0,0,1,0,0,0,21,22,22,0.6814,10,0,0,still,0
1904,139,1,1,150,18,0,2,0,24,0,1,18,6,0,2,0,0,0,0,24,22,22,0.5009,11,1,0,still,0
1904,165,1,0,-1,17,0,1,1,25,0,0,25,0,0,4,0,0,0,0,25,21,21,0.3497,10,0,0,hop,1
1905,2,1,1,300,19,1,2,0,8,0,1,5,3,0,0,0,11,11,11,19,8,19,0.3850,6,1,0,end_cap,1
1905,4,2,1,210,14,0,1,0,14,0,1,6,8,0,0,0,6,6,6,20,14,20,0.3133,6,1,0,still,0
1905,146,2,1,30,15,0,2,0,17,0,1,6,11,0,1,0,7,7,6,24,16,22,0.3016,8,1,0,still,0
1906,189,1,1,120,15,0,2,0,14,0,1,6,8,0,1,0,7,7,7,21,13,20,0.4329,10,1,0,still,0
1907,6,2,1,180,16,0,2,0,21,0,1,10,11,0,0,0,3,3,3,24,21,24,0.3130,7,1,0,still,0
1908,68,2,1,180,17,1,2,0,10,0,1,5,5,0,0,0,11,11,11,21,10,21,0.3733,7,1,0,still,0
1909,14,1,1,300,18,0,1,1,20,0,1,19,1,0,0,0,0,0,0,20,20,20,0.5541,9,0,1,end_cap,1
1911,28,2,0,-1,20,1,3,0,26,0,0,26,0,0,0,0,0,0,0,26,26,26,0.5836,13,0,0,pending,0
1911,90,1,0,-1,20,2,3,0,24,0,0,24,0,0,0,0,0,0,0,24,24,24,0.7127,14,0,0,hop,1
1912,28,2,0,-1,20,1,3,0,26,0,0,26,0,0,0,0,0,0,0,26,26,26,0.5836,13,0,0,hop,1
1912,113,1,1,150,15,0,2,0,14,0,1,7,7,0,2,0,8,8,8,22,12,20,0.3516,8,1,0,still,0
1912,157,2,0,-1,17,0,2,0,9,0,1,5,4,0,0,0,12,12,12,21,9,21,0.3239,7,1,0,start_jam,0
1912,159,1,1,150,13,2,3,0,5,0,1,2,3,0,0,0,10,10,10,15,5,15,0.2333,4,1,0,still,0
1912,170,2,0,-1,18,1,3,0,22,0,0,22,0,0,0,1,0,0,0,22,23,23,0.5433,10,0,0,pending,0
1913,114,1,1,30,16,1,2,0,13,0,1,6,7,0,0,0,7,7,6,20,13,19,0.2935,6,1,0,still,0
1913,158,1,1,120,15,1,2,0,6,0,1,3,3,0,0,0,14,14,12,20,6,18,0.2594,5,1,0,still,0
1913,170,2,0,-1,18,1,3,0,22,0,0,22,0,0,0,1,0,0,0,22,23,23,0.5432,10,0,0,hop,1
1913,199,1,1,150,13,1,3,0,5,0,1,2,3,0,0,0,11,11,11,16,5,16,0.2690,6,1,0,still,0
1914,11,1,1,210,19,0,1,0,23,0,1,17,6,0,0,0,0,0,0,23,23,23,0.5355,9,1,0,still,0
1914,12,2,1,210,17,0,1,0,23,0,1,19,4,0,0,0,0,0,0,23,23,23,0.4882,9,1,0,still,0
1914,13,2,1,270,17,1,2,0,22,0,1,20,2,0,0,0,0,0,0,22,22,22,0.5936,11,1,0,still,0
1915,149,1,1,60,16,0,2,1,22,0,1,12,10,0,0,0,2,2,0,24,22,22,0.3234,7,1,0,still,0
1917,7,2,1,210,17,0,1,0,24,0,1,14,10,0,0,0,1,1,1,25,24,25,0.3721,8,1,0,still,0
1917,153,1,1,210,16,0,2,0,11,0,1,6,5,0,3,0,10,10,10,21,8,18,0.2918,7,1,0,still,0
1918,75,1,0,-1,3,0,1,1,3,0,0,3,0,0,0,0,0,0,0,3,3,3,0.1457,2,0,0,pending,0
1919,5,2,1,300,16,0,1,0,16,0,1,7,9,0,0,0,5,5,5,21,16,21,0.3495,8,1,0,end_cap,1
1919,75,1,0,-1,3,0,1,1,3,0,0,3,0,0,0,0,0,0,0,3,3,3,0.1456,2,0,0,hop,1
1919,123,2,1,90,14,0,3,0,7,0,1,4,3,0,0,0,13,13,13,20,7,20,0.3276,7,1,0,still,0
1920,47,2,1,300,20,0,2,0,22,0,1,21,1,0,0,2,0,0,0,22,24,24,0.5823,11,0,1,end_cap,1
1920,56,1,0,-1,18,0,2,0,20,0,0,20,0,0,0,0,0,0,0,20,20,20,0.5150,10,0,0,pending,0
1921,3,2,1,210,15,0,1,0,17,0,1,7,10,0,0,0,5,5,4,22,17,21,0.3440,6,1,0,still,0
1921,56,1,0,-1,18,0,2,0,20,0,0,20,0,0,0,0,0,0,0,20,20,20,0.5149,10,0,0,hop,1
1921,151,1,1,300,18,0,1,0,25,0,1,19,6,0,3,0,0,0,0,25,22,22,0.4416,10,1,0,end_cap,0
1922,10,1,1,270,20,0,2,0,24,0,1,19,5,0,0,0,0,0,0,24,24,24,0.4750,8,1,0,still,0
1923,72,2,1,90,15,0,2,0,14,0,1,5,9,0,0,0,7,7,7,21,14,21,0.3593,6,1,0,still,0
1923,118,3,1,180,18,0,1,0,26,0,1,20,6,0,0,0,0,0,0,26,26,26,0.4002,11,1,0,still,0
1924,145,1,0,-1,15,1,2,0,17,0,1,6,11,0,1,1,2,2,2,19,17,19,0.3519,7,1,0,start_jam,0
1925,127,1,0,-1,19,0,1,1,25,0,0,25,0,0,3,0,0,0,0,25,22,22,0.4044,11,0,0,pending,0
1925,154,2,1,210,17,0,1,0,17,0,1,6,11,0,1,0,5,5,5,22,16,21,0.3977,10,1,0,still,0
1926,1,2,1,150,18,0,2,0,16,0,1,6,10,0,0,0,5,5,5,21,16,21,0.3823,7,1,0,still,0
1926,8,2,1,120,18,0,1,0,25,0,1,18,7,0,0,0,0,0,0,25,25,25,0.3840,9,1,0,still,0
1926,127,1,0,-1,19,0,1,1,25,0,0,25,0,0,3,0,0,0,0,25,22,22,0.4044,11,0,0,hop,1
1926,195,1,1,90,18,1,2,0,17,0,1,6,11,0,2,0,4,4,4,21,15,19,0.3227,9,1,0,still,0
1927,40,1,1,300,15,1,2,0,17,0,1,8,9,0,0,1,2,2,2,19,18,20,0.3242,6,1,0,end_cap,1
1927,132,1,0,-1,18,0,2,0,19,0,0,19,0,0,0,2,0,0,0,19,21,21,0.6621,11,0,0,pending,0
1927,188,1,1,240,16,1,2,0,20,0,1,8,12,0,2,0,3,3,3,23,18,21,0.3242,9,1,0,still,0
1928,132,1,0,-1,18,0,2,0,19,0,0,19,0,0,0,2,0,0,0,19,21,21,0.6620,11,0,0,hop,1
1929,85,1,0,-1,17,1,2,0,22,0,0,22,0,0,0,1,0,0,0,22,23,23,0.5717,10,0,0,hop,1
1929,100,1,1,240,14,1,2,0,8,0,1,3,5,0,0,0,9,9,9,17,8,17,0.3323,5,1,0,still,0
1930,174,2,0,-1,18,0,1,1,23,0,0,23,0,0,2,1,0,0,0,23,22,22,0.6409,14,0,0,pending,0
1931,174,2,0,-1,18,0,1,1,23,0,0,23,0,0,2,1,0,0,0,23,22,22,0.6408,14,0,0,hop,1
1932,97,3,0,-1,1,0,1,1,1,0,0,1,0,0,0,0,0,0,0,1,1,1,0.0282,1,0,0,pending,0
1932,117,3,1,240,17,1,2,0,25,0,1,18,7,0,0,0,1,1,1,26,25,26,0.3524,10,1,0,still,0
1933,97,3,0,-1,1,0,1,1,1,0,0,1,0,0,0,0,0,0,0,1,1,1,0.0282,1,0,0,hop,1
1933,169,1,1,270,17,0,1,0,20,0,0,20,0,0,0,1,0,0,0,20,21,21,0.6818,10,0,0,end_clear,1
1934,139,1,1,180,17,1,2,0,24,0,1,21,3,0,3,0,0,0,0,24,21,21,0.5009,11,0,0,still,0
1935,4,2,1,240,14,0,1,0,17,0,1,9,8,0,0,0,3,3,3,20,17,20,0.3136,6,1,0,still,0
1935,110,1,0,-1,9,1,4,0,9,0,0,9,0,0,0,0,0,0,0,9,9,9,0.5500,8,0,0,pending,0
1935,146,2,1,60,15,0,2,0,20,0,1,10,10,0,2,0,3,3,3,23,18,21,0.3268,9,1,0,still,0
1936,110,1,0,-1,9,1,4,0,9,0,0,9,0,0,0,0,0,0,0,9,9,9,0.5500,8,0,0,hop,1
1936,189,1,1,150,15,0,2,0,18,0,1,7,11,0,1,0,3,3,3,21,17,20,0.4329,10,1,0,still,0
1937,6,2,1,210,16,0,1,0,22,0,1,15,7,0,1,0,3,3,3,25,21,24,0.3436,8,1,0,still,0
1937,21,2,0,-1,18,0,2,0,23,0,0,23,0,0,0,0,0,0,0,23,23,23,0.5556,12,0,0,pending,0
1937,23,2,0,-1,16,0,2,0,24,0,0,24,0,0,0,0,0,0,0,24,24,24,0.5242,10,0,0,pending,0
1938,21,2,0,-1,18,0,2,0,23,0,0,23,0,0,0,0,0,0,0,23,23,23,0.5556,12,0,0,hop,1
1938,23,2,0,-1,16,0,2,0,24,0,0,24,0,0,0,0,0,0,0,24,24,24,0.5243,10,0,0,hop,1
1938,68,2,1,210,16,1,2,0,15,0,1,6,9,0,0,0,6,6,6,21,15,21,0.3422,6,1,0,still,0
1941,115,2,0,-1,15,0,1,0,21,0,1,13,8,0,1,0,3,3,3,24,20,23,0.3234,9,1,0,start_jam,0
1942,54,2,0,-1,19,1,2,0,22,0,0,22,0,0,0,0,0,0,0,22,22,22,0.5734,12,0,0,pending,0
1942,113,1,1,180,15,0,2,0,19,0,1,7,12,0,2,0,3,3,3,22,17,20,0.3516,8,1,0,still,0
1942,157,2,1,30,17,0,2,0,14,0,1,5,9,0,0,0,7,7,7,21,14,21,0.3239,7,1,0,still,0
1942,159,1,1,180,13,2,3,0,4,0,1,2,2,0,0,0,11,11,11,15,4,15,0.2333,4,1,0,still,0
1943,54,2,0,-1,19,1,2,0,22,0,0,22,0,0,0,0,0,0,0,22,22,22,0.5735,12,0,0,hop,1
1943,114,1,1,60,16,1,2,0,17,0,1,8,9,0,1,0,3,3,3,20,16,19,0.2935,6,1,0,still,0
1943,158,1,1,150,15,1,2,0,9,0,1,3,6,0,0,0,10,10,8,19,9,17,0.2594,5,1,0,still,0
1943,199,1,1,180,13,1,3,0,4,0,1,2,2,0,0,0,12,12,12,16,4,16,0.2690,6,1,0,still,0
1944,11,1,1,240,19,0,1,0,23,0,1,20,3,0,0,0,0,0,0,23,23,23,0.5361,9,1,0,still,0
1944,12,2,1,240,17,0,1,0,23,0,1,21,2,0,0,0,0,0,0,23,23,23,0.4887,9,0,1,still,0
1944,13,2,1,300,17,1,2,0,22,0,0,22,0,0,0,0,0,0,0,22,22,22,0.5936,11,0,0,end_cap,1
1945,149,1,1,90,16,0,2,1,24,0,1,17,7,0,3,0,1,1,1,25,21,22,0.3234,7,1,0,still,0
1947,7,2,1,240,17,0,2,0,23,0,1,18,5,0,0,0,2,2,2,25,23,25,0.3713,8,1,0,still,0
1947,58,1,0,-1,15,3,4,0,23,0,0,23,0,0,0,0,0,0,0,23,23,23,0.4677,8,0,0,hop,1
1947,153,1,1,240,16,0,2,0,17,0,1,6,11,0,2,0,4,4,3,21,15,18,0.2626,6,1,0,still,0
1947,155,1,0,-1,0,0,2,1,0,0,0,0,0,0,0,0,0,0,0,0,0,0,0.0000,0,0,0,hop,1
1949,49,2,0,-1,19,0,3,0,22,0,0,22,0,0,0,1,0,0,0,22,23,23,0.5606,10,0,0,pending,0
1949,123,2,1,120,14,0,3,0,8,0,1,3,5,0,0,0,11,11,11,19,8,19,0.3276,7,1,0,still,0
1950,49,2,0,-1,19,0,3,0,22,0,0,22,0,0,0,1,0,0,0,22,23,23,0.5606,10,0,0,hop,1
1951,3,2,1,240,15,0,1,0,15,0,1,6,9,0,0,0,7,7,6,22,15,21,0.3441,6,1,0,still,0
1951,16,1,0,-1,19,0,3,0,21,0,0,21,0,0,0,0,0,0,0,21,21,21,0.5910,9,0,0,pending,0
1951,35,2,0,-1,18,0,2,0,12,0,1,5,7,0,0,0,8,8,9,20,12,21,0.3895,7,1,0,start_jam,0
1952,10,1,1,300,20,0,2,0,24,0,1,21,3,0,0,0,0,0,0,24,24,24,0.4748,8,1,0,end_cap,1
1952,16,1,0,-1,19,0,4,0,21,0,0,21,0,0,0,0,0,0,0,21,21,21,0.5910,9,0,0,hop,1
1953,72,2,1,120,15,0,2,0,8,0,1,2,6,0,0,0,12,12,12,20,8,20,0.3593,6,1,0,still,0
1953,118,3,1,210,18,0,1,0,26,0,1,23,3,0,0,0,0,0,0,26,26,26,0.4002,11,1,0,still,0
1954,145,1,1,30,15,1,2,0,12,0,1,7,5,0,0,0,8,8,7,20,12,19,0.4106,8,1,0,still,0
1955,154,2,1,240,17,0,1,0,9,0,1,5,4,0,0,0,13,13,12,22,9,21,0.3711,9,1,0,still,0
1956,1,2,1,180,17,0,2,0,9,0,1,5,4,0,0,0,12,12,12,21,9,21,0.3503,6,1,0,still,0
1956,8,2,1,150,18,0,1,0,24,0,1,21,3,0,0,0,1,1,1,25,24,25,0.3832,9,1,0,still,0
1956,25,2,0,-1,17,2,4,0,26,0,0,26,0,0,0,0,0,0,0,26,26,26,0.5906,12,0,0,pending,0
1956,62,2,0,-1,20,0,2,0,26,0,0,26,0,0,1,0,0,0,0,26,25,25,0.6674,14,0,0,pending,0
1956,195,1,1,120,18,1,2,0,9,0,1,5,4,0,1,0,12,12,11,21,8,19,0.2958,8,1,0,still,0
1957,25,2,0,-1,17,2,4,0,26,0,0,26,0,0,0,0,0,0,0,26,26,26,0.5907,12,0,0,hop,1
1957,62,2,0,-1,20,0,2,0,26,0,0,26,0,0,1,0,0,0,0,26,25,25,0.6674,14,0,0,hop,1
1957,188,1,1,270,16,1,2,0,12,0,1,7,5,0,2,0,11,11,11,23,10,21,0.2971,8,1,0,still,0
1959,100,1,1,270,14,1,2,0,3,0,1,2,1,0,0,0,14,14,14,17,3,17,0.3323,5,1,0,still,0
1962,117,3,1,270,17,1,2,0,23,0,1,20,3,0,0,0,2,2,2,25,23,25,0.3524,10,1,0,still,0
1964,139,1,1,210,17,1,3,0,24,0,0,22,2,0,3,0,0,0,0,24,21,21,0.5009,11,0,0,end_clear,0
1964,161,2,0,-1,19,0,1,0,26,0,0,26,0,0,2,0,0,0,0,26,24,24,0.3277,8,0,0,hop,1
1965,4,2,1,270,14,0,1,0,14,0,1,10,4,0,0,0,6,6,6,20,14,20,0.3134,6,1,0,still,0
1965,146,2,1,90,15,0,2,0,16,0,1,12,4,0,0,0,7,7,5,23,16,21,0.3271,9,1,0,still,0
1966,84,1,0,-1,16,0,2,0,21,0,0,21,0,0,1,1,0,0,0,21,21,21,0.5808,11,0,0,pending,0
1966,189,1,1,180,15,0,2,0,12,0,1,7,5,0,0,0,9,9,8,21,12,20,0.4329,10,1,0,still,0
1967,6,2,1,240,17,0,1,0,21,0,1,18,3,0,0,0,4,4,4,25,21,25,0.3432,8,1,0,still,0
1967,84,1,0,-1,16,0,2,0,21,0,0,21,0,0,1,1,0,0,0,21,21,21,0.5808,11,0,0,hop,1
1968,68,2,1,240,16,1,2,0,8,0,1,4,4,0,0,0,13,13,13,21,8,21,0.3422,6,1,0,still,0
1969,91,1,0,-1,20,1,3,0,23,0,0,23,0,0,0,1,0,0,0,23,24,24,0.6087,11,0,0,hop,1
1971,115,2,1,30,15,0,1,0,19,0,1,16,3,0,1,0,5,5,5,24,18,23,0.3234,9,1,0,still,0
1972,113,1,1,210,15,0,2,0,12,0,1,7,5,0,2,0,10,10,10,22,10,20,0.3516,8,1,0,still,0
1972,157,2,1,60,17,0,2,0,8,0,1,4,4,0,0,0,13,13,13,21,8,21,0.3239,7,1,0,still,0
1972,159,1,1,210,13,2,3,0,2,0,1,1,1,0,0,0,13,13,13,15,2,15,0.2333,4,1,0,still,0
1973,114,1,1,90,16,1,2,0,14,0,1,10,4,0,0,0,6,6,5,20,14,19,0.2936,6,1,0,still,0
1973,158,1,1,180,15,1,2,0,3,0,1,2,1,0,0,0,16,16,14,19,3,17,0.2594,5,1,0,still,0
1973,199,1,1,210,13,1,3,0,2,0,1,1,1,0,0,0,14,14,14,16,2,16,0.2690,6,1,0,still,0
1974,11,1,1,270,19,0,1,0,21,0,1,20,1,0,0,0,0,0,0,21,21,21,0.5377,9,0,1,still,0
1974,12,2,1,270,17,0,1,0,23,0,0,23,0,0,0,0,0,0,0,23,23,23,0.4888,9,0,0,end_clear,1
1975,149,1,1,120,16,0,2,1,22,0,1,20,2,0,2,0,3,3,2,25,20,22,0.3234,7,1,0,still,0
1977,7,2,1,270,17,0,2,0,22,0,1,21,1,0,0,0,3,3,3,25,22,25,0.3715,8,1,0,still,0
1977,153,1,1,270,16,0,2,0,10,0,1,6,4,0,2,0,11,11,10,21,8,18,0.2626,6,1,0,still,0
1978,130,1,0,-1,17,0,2,0,21,0,0,21,0,0,0,0,0,0,0,21,21,21,0.5843,9,0,0,hop,1
1979,34,1,0,-1,2,0,1,0,4,0,0,4,0,0,0,0,0,0,0,4,4,4,0.1846,3,0,0,hop,1
1979,123,2,1,150,14,0,3,0,3,0,1,2,1,0,0,0,16,16,16,19,3,19,0.3276,7,1,0,still,0
1980,67,2,0,-1,11,1,3,0,14,0,0,14,0,0,0,0,0,0,0,14,14,14,0.5945,10,0,0,pending,0
1981,3,2,1,270,15,0,1,0,11,0,1,8,3,0,0,0,11,11,10,22,11,21,0.3441,6,1,0,still,0
1981,35,2,1,30,18,0,2,0,8,0,1,6,2,0,0,0,12,12,13,20,8,21,0.3895,7,1,0,still,0
1981,67,2,0,-1,11,1,3,0,14,0,0,14,0,0,0,0,0,0,0,14,14,14,0.5945,10,0,0,hop,1
1983,72,2,1,150,15,0,2,0,4,0,1,2,2,0,0,0,16,16,16,20,4,20,0.3593,6,1,0,still,0
1983,118,3,1,240,18,0,1,0,26,0,1,25,1,0,0,0,0,0,0,26,26,26,0.4002,11,0,0,still,0
1984,145,1,1,60,15,1,2,0,11,0,1,8,3,0,0,0,9,9,8,20,11,19,0.4106,8,1,0,still,0
1985,154,2,1,270,17,0,1,0,7,0,1,5,2,0,0,0,15,15,14,22,7,21,0.3711,9,1,0,still,0
1986,1,2,1,210,17,0,2,0,7,0,1,5,2,0,0,0,14,14,14,21,7,21,0.3503,6,1,0,still,0
1986,8,2,1,180,18,0,1,0,23,0,1,22,1,0,0,0,1,1,1,24,23,24,0.3832,9,1,0,still,0
1986,26,3,0,-1,21,0,4,0,28,0,0,28,0,0,0,0,0,0,0,28,28,28,0.5637,14,0,0,hop,1
1986,109,2,0,-1,9,3,4,0,11,0,0,11,0,0,0,0,0,0,0,11,11,11,0.6719,11,0,0,pending,0
1986,195,1,1,150,18,1,2,0,7,0,1,5,2,0,1,0,14,14,13,21,6,19,0.2958,8,1,0,still,0
1987,109,2,0,-1,9,3,4,0,11,0,0,11,0,0,0,0,0,0,0,11,11,11,0.6720,11,0,0,hop,1
1987,144,2,0,-1,3,1,3,0,6,0,0,6,0,0,0,0,0,0,0,6,6,6,0.1963,4,0,0,pending,0
1987,188,1,1,300,16,1,2,0,10,0,1,7,3,0,1,0,13,13,12,23,9,21,0.3242,9,1,0,end_cap,1
1988,144,2,0,-1,3,1,3,0,6,0,0,6,0,0,0,0,0,0,0,6,6,6,0.1963,4,0,0,hop,1
1989,100,1,1,300,14,1,2,0,5,0,1,3,2,0,0,0,12,12,12,17,5,17,0.3323,5,1,0,end_cap,1
1992,117,3,1,300,16,1,2,0,23,0,1,22,1,0,0,0,2,2,2,25,23,25,0.3524,10,1,0,end_cap,1
1995,4,2,1,300,14,0,1,0,16,0,1,12,4,0,0,0,4,4,4,20,16,20,0.3134,6,1,0,end_cap,1
1995,146,2,1,120,15,0,2,0,19,0,1,15,4,0,1,0,4,4,3,23,18,21,0.3271,9,1,0,still,0
1996,189,1,1,210,15,0,2,0,17,0,1,10,7,0,1,0,4,4,4,21,16,20,0.4329,10,1,0,still,0
1997,6,2,1,270,17,0,1,0,24,0,1,20,4,0,0,0,1,1,1,25,24,25,0.3436,8,1,0,still,0
1998,68,2,1,270,16,1,2,0,15,0,1,6,9,0,0,0,6,6,6,21,15,21,0.3437,6,1,0,still,0
2001,19,3,0,-1,18,0,1,0,23,0,0,23,0,0,0,0,0,0,0,23,23,23,0.5058,12,0,0,pending,0
2001,88,1,0,-1,21,4,5,0,24,0,0,24,0,0,0,0,0,0,0,24,24,24,0.5727,12,0,0,hop,1
2001,115,2,1,60,15,0,1,0,23,0,1,18,5,0,1,0,1,1,1,24,22,23,0.3234,9,1,0,still,0
2002,19,3,0,-1,18,0,1,0,23,0,0,23,0,0,0,0,0,0,0,23,23,23,0.5058,12,0,0,hop,1
2002,77,3,0,-1,18,2,4,0,25,0,0,25,0,0,0,0,0,0,0,25,25,25,0.6055,13,0,0,pending,0
2002,113,1,1,240,16,1,4,0,18,0,1,9,9,0,1,0,4,4,3,22,17,20,0.3513,8,1,0,still,0
2002,157,2,1,90,17,0,2,0,16,0,1,6,10,0,0,0,5,5,5,21,16,21,0.3239,7,1,0,still,0
2002,159,1,1,240,13,2,3,0,9,0,1,3,6,0,0,0,6,6,6,15,9,15,0.2333,4,1,0,still,0
2003,2,1,0,-1,19,1,2,0,14,0,1,6,8,0,0,0,5,5,5,19,14,19,0.3867,6,1,0,start_jam,0
2003,77,3,0,-1,18,2,4,0,25,0,0,25,0,0,0,0,0,0,0,25,25,25,0.6055,13,0,0,hop,1
2003,90,1,0,-1,20,2,3,0,24,0,0,24,0,0,0,0,0,0,0,24,24,24,0.7453,15,0,0,pending,0
2003,114,1,1,120,16,1,2,0,18,0,1,13,5,0,1,0,2,2,2,20,17,19,0.2936,6,1,0,still,0
2003,158,1,1,210,15,1,2,0,13,0,1,4,9,0,2,0,6,6,6,19,11,17,0.2594,5,1,0,still,0
2003,199,1,1,240,13,1,3,0,9,0,1,2,7,0,0,0,7,7,7,16,9,16,0.2690,6,1,0,still,0
2004,11,1,1,300,19,0,1,0,22,0,0,22,0,0,0,0,0,0,0,22,22,22,0.5367,9,0,0,end_cap,1
2004,90,1,0,-1,20,2,3,0,24,0,0,24,0,0,0,0,0,0,0,24,24,24,0.7453,15,0,0,hop,1
2005,80,1,0,-1,19,0,3,0,20,0,0,20,0,0,0,1,0,0,0,20,21,21,0.5254,9,0,0,hop,1
2005,142,2,0,-1,17,0,1,0,23,0,0,23,0,0,0,0,0,0,0,23,23,23,0.6184,11,0,0,pending,0
2005,149,1,1,150,17,1,2,0,24,0,1,21,3,0,3,0,1,1,1,25,21,22,0.3230,7,0,1,still,0
2006,142,2,0,-1,17,0,1,0,23,0,0,23,0,0,0,0,0,0,0,23,23,23,0.6185,11,0,0,hop,1
2007,7,2,1,300,17,0,2,0,24,0,1,22,2,0,0,0,1,1,1,25,24,25,0.3719,8,0,1,end_cap,1
2007,14,1,0,-1,18,0,1,1,20,0,0,20,0,0,0,0,0,0,0,20,20,20,0.4802,9,0,0,pending,0
2007,153,1,1,300,16,2,4,0,17,0,1,8,9,0,2,0,4,4,3,21,15,18,0.2626,6,1,0,end_cap,1
2008,14,1,0,-1,18,0,1,1,20,0,0,20,0,0,0,0,0,0,0,20,20,20,0.4802,9,0,0,hop,1
2009,123,2,1,180,14,0,3,0,15,0,1,5,10,0,0,0,4,4,4,19,15,19,0.3276,7,1,0,still,0
2011,3,2,1,300,15,0,1,0,21,0,1,12,9,0,1,0,1,1,1,22,20,21,0.3450,6,1,0,end_cap,1
2011,35,2,1,60,17,0,2,0,18,0,1,9,9,0,0,1,1,1,1,19,19,20,0.3895,7,1,0,still,0
2013,72,2,1,180,15,0,1,0,17,0,1,5,12,0,0,0,3,3,3,20,17,20,0.3599,6,1,0,still,0
2013,92,1,0,-1,16,2,4,0,18,0,0,18,0,0,0,1,0,0,0,18,19,19,0.6254,10,0,0,pending,0
2013,118,3,1,270,18,0,1,0,26,0,0,26,0,0,0,0,0,0,0,26,26,26,0.4003,11,0,0,end_clear,1
2014,92,1,0,-1,16,2,4,0,18,0,0,18,0,0,0,1,0,0,0,18,19,19,0.6254,10,0,0,hop,1
2014,145,1,1,90,14,0,2,0,19,0,1,14,5,0,1,0,1,1,1,20,18,19,0.4106,8,1,0,still,0
2015,154,2,1,300,17,0,1,0,21,0,1,9,12,0,1,0,1,1,1,22,20,21,0.3712,9,1,0,end_cap,1
2016,1,2,1,240,17,0,2,0,20,0,1,9,11,0,0,0,1,1,1,21,20,21,0.3512,6,1,0,still,0
2016,8,2,1,210,18,0,1,0,24,0,0,24,0,0,0,0,0,0,0,24,24,24,0.3859,9,0,0,end_clear,1
2016,195,1,1,180,17,1,2,0,20,0,1,10,10,0,3,0,1,1,1,21,17,18,0.2942,8,1,0,still,0
2017,103,1,0,-1,3,0,2,1,4,0,0,4,0,0,0,1,0,0,0,4,5,5,0.1478,2,0,0,pending,0
2018,103,1,0,-1,3,0,2,1,4,0,0,4,0,0,0,1,0,0,0,4,5,5,0.1478,2,0,0,hop,1
2018,111,1,0,-1,2,0,1,1,3,0,0,3,0,0,0,0,0,0,0,3,3,3,0.1478,2,0,0,hop,1
2019,66,1,0,-1,13,0,1,0,17,0,0,17,0,0,1,0,0,0,0,17,16,16,0.5541,8,0,0,hop,1
2020,29,2,0,-1,21,1,5,0,25,0,0,25,0,0,0,0,0,0,0,25,25,25,0.5851,12,0,0,hop,1
2020,86,1,0,-1,18,1,4,0,24,0,0,24,0,0,0,1,0,0,0,24,25,25,0.5724,10,0,0,pending,0
2021,86,1,0,-1,18,1,4,0,24,0,0,24,0,0,0,1,0,0,0,24,25,25,0.5724,10,0,0,hop,1
2022,76,3,0,-1,18,2,3,0,26,0,0,26,0,0,0,0,0,0,0,26,26,26,0.6191,13,0,0,pending,0
2023,76,3,0,-1,18,2,3,0,26,0,0,26,0,0,0,0,0,0,0,26,26,26,0.6193,13,0,0,hop,1
2023,165,1,0,-1,17,0,1,0,25,0,0,25,0,0,4,0,0,0,0,25,21,21,0.3496,10,0,0,hop,1
2024,168,1,0,-1,16,0,1,0,26,0,0,26,0,0,5,0,0,0,0,26,21,21,0.3201,8,0,0,pending,0
2025,146,2,1,150,15,0,2,0,22,0,1,19,3,0,1,0,1,1,0,23,21,21,0.3271,9,0,1,still,0
2025,168,1,0,-1,16,0,1,0,26,0,0,26,0,0,5,0,0,0,0,26,21,21,0.3201,8,0,0,hop,1
2026,189,1,1,240,15,1,2,0,20,0,1,15,5,0,1,0,1,1,1,21,19,20,0.3786,9,1,0,still,0
2027,6,2,1,300,17,0,1,0,25,0,1,24,1,0,0,0,0,0,0,25,25,25,0.3472,8,0,0,end_cap,1
2028,68,2,1,300,16,1,2,0,19,0,1,10,9,0,0,0,1,1,1,20,19,20,0.3430,6,1,0,end_cap,1
2031,50,1,0,-1,19,1,3,0,22,0,0,22,0,0,0,0,0,0,0,22,22,22,0.6206,10,0,0,pending,0
2031,55,2,0,-1,19,1,2,0,24,0,0,24,0,0,0,0,0,0,0,24,24,24,0.4537,10,0,0,hop,1
2031,115,2,1,90,15,0,1,0,24,0,1,23,1,0,1,0,0,0,0,24,23,23,0.3234,9,1,0,still,0
2032,50,1,0,-1,19,1,3,0,22,0,0,22,0,0,0,0,0,0,0,22,22,22,0.6206,10,0,0,hop,1
2032,113,1,1,270,15,0,2,0,21,0,1,14,7,0,2,0,1,1,1,22,19,20,0.3517,8,1,0,still,0
2032,157,2,1,120,17,0,2,0,20,0,1,11,9,0,0,0,1,1,1,21,20,21,0.3240,7,1,0,still,0
2032,159,1,1,270,13,2,3,0,13,0,1,6,7,0,0,0,2,2,2,15,13,15,0.2333,4,1,0,still,0
2033,2,1,1,30,19,1,2,0,18,0,1,11,7,0,0,0,1,1,1,19,18,19,0.3897,6,0,1,still,0
2033,114,1,1,150,16,1,2,0,20,0,1,18,2,0,1,0,0,0,0,20,19,19,0.2936,6,0,1,still,0
2033,119,1,0,-1,19,0,1,0,25,0,0,25,0,0,3,1,0,0,0,25,23,23,0.3826,8,0,0,pending,0
2033,158,1,1,240,15,1,2,0,18,0,1,9,9,0,2,0,1,1,1,19,16,17,0.3170,6,1,0,still,0
2033,199,1,1,270,13,1,3,0,13,0,1,6,7,0,0,0,3,3,3,16,13,16,0.2690,6,1,0,still,0
2034,119,1,0,-1,19,0,1,0,25,0,0,25,0,0,3,1,0,0,0,25,23,23,0.3826,8,0,0,hop,1
2035,149,1,1,180,16,1,2,0,24,0,0,24,0,0,3,0,0,0,0,24,21,21,0.3823,8,0,0,end_clear,0
2039,9,1,0,-1,18,1,2,0,23,0,0,23,0,0,0,0,0,0,0,23,23,23,0.4041,8,0,0,hop,1
2039,123,2,1,210,14,0,3,0,17,0,1,8,9,0,0,0,2,2,2,19,17,19,0.3276,7,1,0,still,0
2041,35,2,1,90,18,0,2,0,19,0,1,13,6,0,0,1,1,1,1,20,20,21,0.3895,7,0,1,still,0
2041,85,1,0,-1,16,1,2,0,23,0,0,23,0,0,0,1,0,0,0,23,24,24,0.5719,10,0,0,pending,0
2042,85,1,0,-1,16,1,2,0,23,0,0,23,0,0,0,1,0,0,0,23,24,24,0.5719,10,0,0,hop,1
2043,33,3,0,-1,9,3,4,0,11,0,0,11,0,0,0,1,0,0,0,11,12,12,0.4789,9,0,0,hop,1
2043,72,2,1,210,15,0,1,0,19,0,1,9,10,0,0,0,2,2,2,21,19,21,0.3607,6,1,0,still,0
2044,58,1,0,-1,15,3,4,0,23,0,0,23,0,0,0,0,0,0,0,23,23,23,0.4686,8,0,0,pending,0
2044,145,1,1,120,14,0,2,0,19,0,1,17,2,0,1,0,1,1,1,20,18,19,0.4105,8,1,0,still,0
2045,56,1,0,-1,18,0,2,0,20,0,0,20,0,0,0,0,0,0,0,20,20,20,0.5171,10,0,0,pending,0
2045,58,1,0,-1,15,3,4,0,23,0,0,23,0,0,0,0,0,0,0,23,23,23,0.4685,8,0,0,hop,1
2046,1,2,1,270,17,0,2,0,21,0,1,13,8,0,0,0,1,1,1,22,21,22,0.3548,6,0,1,still,0
2046,56,1,0,-1,18,0,2,0,20,0,0,20,0,0,0,0,0,0,0,20,20,20,0.5172,10,0,0,hop,1
2046,116,2,0,-1,16,0,1,0,24,0,0,24,0,0,1,0,0,0,0,24,23,23,0.3775,9,0,0,pending,0
2046,195,1,1,210,17,1,2,0,20,0,1,12,8,0,3,0,1,1,1,21,17,18,0.2960,8,1,0,still,0
2047,116,2,0,-1,16,0,1,0,24,0,0,24,0,0,1,0,0,0,0,24,23,23,0.3775,9,0,0,hop,1
2047,155,1,0,-1,0,0,1,1,0,0,0,0,0,0,0,0,0,0,0,0,0,0,0.0000,0,0,0,hop,1
2048,163,1,0,-1,19,0,1,0,26,0,0,26,0,0,3,0,0,0,0,26,23,23,0.4334,9,0,0,pending,0
2049,163,1,0,-1,19,0,1,0,26,0,0,26,0,0,3,0,0,0,0,26,23,23,0.4334,9,0,0,hop,1
2050,17,3,0,-1,18,1,2,0,24,0,0,24,0,0,0,0,0,0,0,24,24,24,0.5357,12,0,0,pending,0
2051,13,2,0,-1,18,1,2,0,22,0,0,22,0,0,0,1,0,0,0,22,23,23,0.5277,9,0,0,pending,0
2051,17,3,0,-1,18,1,2,0,24,0,0,24,0,0,0,0,0,0,0,24,24,24,0.5357,12,0,0,hop,1
2052,13,2,0,-1,18,1,2,0,22,0,0,22,0,0,0,1,0,0,0,22,23,23,0.5277,9,0,0,hop,1
2052,101,3,0,-1,4,1,2,0,3,0,0,3,0,0,0,0,0,0,0,3,3,3,0.1368,3,0,0,pending,0
2052,133,2,0,-1,4,2,3,0,7,0,0,7,0,0,1,0,0,0,0,7,6,6,0.3165,6,0,0,pending,0
2053,101,3,0,-1,4,1,2,0,3,0,0,3,0,0,0,0,0,0,0,3,3,3,0.1368,3,0,0,hop,1
2053,133,2,0,-1,4,2,3,0,7,0,0,7,0,0,1,0,0,0,0,7,6,6,0.3165,6,0,0,hop,1
2055,146,2,1,180,15,0,2,0,22,0,1,21,1,0,1,0,1,1,0,23,21,21,0.3272,9,0,1,still,0
2056,189,1,1,270,15,1,2,0,19,0,1,17,2,0,1,0,2,2,2,21,18,20,0.4327,10,1,0,still,0
2058,132,1,0,-1,17,0,5,0,22,0,0,22,0,0,0,0,0,0,0,22,22,22,0.5823,10,0,0,hop,1
2060,28,2,0,-1,20,3,5,0,26,0,0,26,0,0,0,0,0,0,0,26,26,26,0.5862,13,0,0,pending,0
2060,166,1,0,-1,18,0,1,0,25,0,0,25,0,0,3,0,0,0,0,25,22,22,0.3489,10,0,0,pending,0
2061,28,2,0,-1,20,3,5,0,26,0,0,26,0,0,0,0,0,0,0,26,26,26,0.5863,13,0,0,hop,1
2061,115,2,1,120,15,0,1,0,24,0,0,24,0,0,1,0,0,0,0,24,23,23,0.3234,9,0,0,end_clear,1
2061,166,1,0,-1,18,0,1,0,25,0,0,25,0,0,3,0,0,0,0,25,22,22,0.3489,10,0,0,hop,1
2062,113,1,1,300,15,0,2,0,18,0,1,15,3,0,2,0,3,3,3,21,16,19,0.3517,8,1,0,end_cap,1
2062,157,2,1,150,17,0,2,0,18,0,1,13,5,0,0,0,3,3,3,21,18,21,0.3241,7,1,0,still,0
2062,159,1,1,300,13,2,3,0,11,0,1,7,4,0,0,0,4,4,4,15,11,15,0.2333,4,1,0,end_cap,1
2063,2,1,1,60,19,1,2,0,18,0,1,14,4,0,0,0,1,1,1,19,18,19,0.3905,6,0,1,still,0
2063,114,1,1,180,15,1,2,0,20,0,1,20,0,0,1,0,0,0,0,20,19,19,0.2936,6,0,0,still,0
2063,158,1,1,270,15,1,2,0,16,0,1,10,6,0,1,0,3,3,2,19,15,17,0.2594,5,1,0,still,0
2063,199,1,1,300,13,1,3,0,13,0,1,8,5,0,0,0,3,3,3,16,13,16,0.2690,6,1,0,end_cap,1
2065,75,1,0,-1,3,0,1,1,1,0,0,1,0,0,0,1,0,0,0,1,2,2,0.1025,1,0,0,pending,0
2066,75,1,0,-1,3,0,1,1,1,0,0,1,0,0,0,1,0,0,0,1,2,2,0.1024,1,0,0,hop,1
2069,31,2,0,-1,20,2,5,0,24,0,0,24,0,0,0,1,0,0,0,24,25,25,0.6267,13,0,0,pending,0
2069,123,2,1,240,14,0,1,0,16,0,1,9,7,0,0,0,3,3,3,19,16,19,0.3276,7,1,0,still,0
2070,31,2,0,-1,20,2,5,0,24,0,0,24,0,0,0,1,0,0,0,24,25,25,0.6267,13,0,0,hop,1
2070,32,1,0,-1,11,0,3,0,13,0,0,13,0,0,1,0,0,0,0,13,12,12,0.5536,8,0,0,pending,0
2071,32,1,0,-1,11,0,3,0,13,0,0,13,0,0,1,0,0,0,0,13,12,12,0.5536,8,0,0,hop,1
2071,35,2,1,120,17,0,2,0,20,0,1,15,5,0,0,1,0,0,0,20,21,21,0.3896,7,0,1,still,0
2071,126,2,0,-1,19,0,1,0,27,0,0,27,0,0,3,0,0,0,0,27,24,24,0.4266,12,0,0,pending,0
2072,126,2,0,-1,19,0,1,0,27,0,0,27,0,0,3,0,0,0,0,27,24,24,0.4266,12,0,0,hop,1
2073,72,2,1,240,15,0,1,0,18,0,1,10,8,0,0,0,2,2,2,20,18,20,0.3608,6,1,0,still,0
2074,145,1,1,150,14,0,2,0,20,0,1,18,2,0,1,0,0,0,0,20,19,19,0.4107,8,0,1,still,0
2076,1,2,1,300,17,0,2,0,22,0,1,15,7,0,0,0,0,0,0,22,22,22,0.3536,6,0,1,end_cap,1
2076,195,1,1,240,17,1,2,0,21,0,1,15,6,0,3,0,0,0,0,21,18,18,0.2963,8,1,0,still,0
2079,110,1,0,-1,8,1,5,0,9,0,0,9,0,0,0,0,0,0,0,9,9,9,0.5137,8,0,0,hop,1
2079,169,1,0,-1,18,1,2,0,20,0,0,20,0,0,0,2,0,0,0,20,22,22,0.6909,10,0,0,hop,1
2080,87,1,0,-1,19,0,1,0,25,0,0,25,0,0,1,1,0,0,0,25,25,25,0.6303,12,0,0,pending,0
2081,87,1,0,-1,19,0,1,0,25,0,0,25,0,0,1,1,0,0,0,25,25,25,0.6303,12,0,0,hop,1
2081,140,1,0,-1,20,0,3,1,23,0,0,23,0,0,1,0,0,0,0,23,22,22,0.4713,10,0,0,pending,0
2082,140,1,0,-1,20,0,3,1,23,0,0,23,0,0,1,0,0,0,0,23,22,22,0.4713,10,0,0,hop,1
2085,67,2,0,-1,11,1,3,0,13,0,0,13,0,0,0,0,0,0,0,13,13,13,0.5952,10,0,0,hop,1
2085,146,2,1,210,15,0,2,0,23,0,0,22,1,0,2,0,0,0,0,23,21,21,0.3268,9,0,1,end_clear,1
2086,189,1,1,300,15,1,2,0,21,0,1,19,2,0,1,0,0,0,0,21,20,20,0.4331,10,1,0,end_cap,1
2092,157,2,1,180,17,0,2,0,21,0,1,16,5,0,0,0,0,0,0,21,21,21,0.3241,7,1,0,still,0
2093,2,1,1,90,19,1,2,0,20,0,1,16,4,0,0,0,0,0,0,20,20,20,0.3910,6,0,1,still,0
2093,5,2,0,-1,15,0,1,0,21,0,0,21,0,0,0,0,0,0,0,21,21,21,0.3215,7,0,0,hop,1
2093,114,1,1,210,16,0,1,0,20,0,0,20,0,0,1,0,0,0,0,20,19,19,0.2931,6,0,0,end_clear,1
2093,158,1,1,300,15,1,2,0,17,0,1,13,4,0,1,0,2,2,1,19,16,17,0.2594,5,1,0,end_cap,1
2093,170,2,0,-1,18,1,4,0,24,0,0,24,0,0,0,1,0,0,0,24,25,25,0.5742,11,0,0,pending,0
2094,99,2,0,-1,5,1,3,0,8,0,0,8,0,0,0,0,0,0,0,8,8,8,0.2612,5,0,0,pending,0
2094,170,2,0,-1,18,1,4,0,24,0,0,24,0,0,0,1,0,0,0,24,25,25,0.5742,11,0,0,hop,1
2095,23,2,0,-1,16,0,2,0,24,0,0,24,0,0,0,0,0,0,0,24,24,24,0.5263,10,0,0,pending,0
2095,99,2,0,-1,5,1,3,0,8,0,0,8,0,0,0,0,0,0,0,8,8,8,0.2612,5,0,0,hop,1
2096,23,2,0,-1,16,0,2,0,24,0,0,24,0,0,0,0,0,0,0,24,24,24,0.5263,10,0,0,hop,1
2096,177,1,0,-1,16,0,1,0,24,0,0,24,0,0,4,0,0,0,0,24,20,20,0.6690,13,0,0,pending,0
2097,177,1,0,-1,16,0,1,0,24,0,0,24,0,0,4,0,0,0,0,24,20,20,0.6691,13,0,0,hop,1
2098,139,1,0,-1,18,0,2,1,23,0,0,23,0,0,2,0,0,0,0,23,21,21,0.4716,10,0,0,pending,0
2099,123,2,1,270,14,0,3,0,16,0,1,11,5,0,0,0,1,1,1,17,16,17,0.3279,7,1,0,still,0
2099,139,1,0,-1,18,0,2,1,23,0,0,23,0,0,2,0,0,0,0,23,21,21,0.4716,10,0,0,hop,1
2100,141,2,0,-1,18,0,4,1,25,0,0,25,0,0,1,0,0,0,0,25,24,24,0.5288,10,0,0,pending,0
2101,35,2,1,150,18,0,2,0,21,0,1,19,2,0,0,1,0,0,0,21,22,22,0.3895,7,0,1,still,0
2101,57,1,0,-1,17,1,2,0,23,0,0,23,0,0,0,0,0,0,0,23,23,23,0.5910,11,0,0,pending,0
2101,88,1,0,-1,20,4,5,0,24,0,0,24,0,0,0,0,0,0,0,24,24,24,0.5724,12,0,0,pending,0
2101,141,2,0,-1,18,0,4,1,25,0,0,25,0,0,1,0,0,0,0,25,24,24,0.5292,10,0,0,hop,1
2101,176,1,0,-1,20,0,1,1,28,0,0,28,0,0,4,0,0,0,0,28,24,24,0.4736,14,0,0,pending,0
2102,57,1,0,-1,17,1,2,0,23,0,0,23,0,0,0,0,0,0,0,23,23,23,0.5907,11,0,0,hop,1
2102,88,1,0,-1,20,4,5,0,24,0,0,24,0,0,0,0,0,0,0,24,24,24,0.5725,12,0,0,hop,1
2102,176,1,0,-1,20,0,1,1,28,0,0,28,0,0,4,0,0,0,0,28,24,24,0.4736,14,0,0,hop,1
2103,72,2,1,270,15,0,1,0,18,0,1,13,5,0,0,0,0,0,0,18,18,18,0.3608,6,1,0,still,0
2104,14,1,0,-1,18,0,2,1,24,0,0,24,0,0,2,0,0,0,0,24,22,22,0.6844,12,0,0,pending,0
2104,145,1,1,180,15,0,2,0,20,0,0,20,0,0,1,1,0,0,0,20,20,20,0.3517,7,0,0,end_clear,1
2105,14,1,0,-1,18,0,2,1,24,0,0,24,0,0,2,0,0,0,0,24,22,22,0.6843,12,0,0,hop,1
2106,195,1,1,270,17,1,2,0,21,0,0,19,2,0,3,0,0,0,0,21,18,18,0.2694,7,0,0,end_clear,1
2109,111,1,0,-1,3,0,1,1,3,0,0,3,0,0,0,0,0,0,0,3,3,3,0.2586,3,0,0,hop,1
2112,10,1,0,-1,20,0,2,0,24,0,0,24,0,0,0,0,0,0,0,24,24,24,0.5539,9,0,0,pending,0
2112,15,1,0,-1,18,1,2,0,22,0,0,22,0,0,0,0,0,0,0,22,22,22,0.6280,10,0,0,pending,0
2113,10,1,0,-1,20,0,2,0,24,0,0,24,0,0,0,0,0,0,0,24,24,24,0.5541,9,0,0,hop,1
2113,15,1,0,-1,18,1,2,0,22,0,0,22,0,0,0,0,0,0,0,22,22,22,0.6280,10,0,0,hop,1
2113,47,2,0,-1,18,0,2,0,22,0,0,22,0,0,0,1,0,0,0,22,23,23,0.5852,11,0,0,pending,0
2114,47,2,0,-1,18,0,2,0,22,0,0,22,0,0,0,1,0,0,0,22,23,23,0.5852,11,0,0,hop,1
2114,62,2,0,-1,20,2,7,0,25,0,0,25,0,0,1,0,0,0,0,25,24,24,0.6684,14,0,0,hop,1
2114,90,1,0,-1,21,1,7,0,23,0,0,23,0,0,0,0,0,0,0,23,23,23,0.6764,14,0,0,pending,0
2115,49,2,0,-1,18,1,2,0,25,0,0,25,0,0,0,0,0,0,0,25,25,25,0.6925,12,0,0,pending,0
2115,84,1,0,-1,16,0,2,0,22,0,0,22,0,0,1,1,0,0,0,22,22,22,0.5784,11,0,0,hop,1
2115,90,1,0,-1,21,1,3,0,23,0,0,23,0,0,0,0,0,0,0,23,23,23,0.6757,14,0,0,hop,1
2116,49,2,0,-1,18,1,2,0,25,0,0,25,0,0,0,0,0,0,0,25,25,25,0.6925,12,0,0,hop,1
2117,165,1,0,-1,17,0,1,0,25,0,0,25,0,0,4,0,0,0,0,25,21,21,0.3496,10,0,0,pending,0
2118,165,1,0,-1,17,0,1,0,25,0,0,25,0,0,4,0,0,0,0,25,21,21,0.3496,10,0,0,hop,1
2120,109,2,0,-1,9,3,5,0,11,0,0,11,0,0,0,0,0,0,0,11,11,11,0.5780,10,0,0,pending,0
2120,182,1,0,-1,19,1,2,0,24,0,0,24,0,0,2,0,0,0,0,24,22,22,0.5171,13,0,0,pending,0
2121,109,2,0,-1,9,3,5,0,11,0,0,11,0,0,0,0,0,0,0,11,11,11,0.5780,10,0,0,hop,1
2121,182,1,0,-1,19,1,2,0,24,0,0,24,0,0,2,0,0,0,0,24,22,22,0.5172,13,0,0,hop,1
2122,7,2,0,-1,16,0,2,0,23,0,0,23,0,0,0,0,0,0,0,23,23,23,0.3776,8,0,0,pending,0
2122,157,2,1,210,17,0,2,0,21,0,1,19,2,0,0,0,0,0,0,21,21,21,0.3243,7,1,0,still,0
2123,2,1,1,120,19,1,2,0,20,0,1,19,1,0,0,0,0,0,0,20,20,20,0.3898,6,0,1,still,0
2123,7,2,0,-1,16,0,2,0,23,0,0,23,0,0,0,0,0,0,0,23,23,23,0.3776,8,0,0,hop,1
2123,136,2,0,-1,7,0,4,0,9,0,0,9,0,0,0,0,0,0,0,9,9,9,0.3209,6,0,0,pending,0
2124,136,2,0,-1,7,0,4,0,9,0,0,9,0,0,0,0,0,0,0,9,9,9,0.3208,6,0,0,hop,1
2128,79,1,0,-1,18,0,2,0,22,0,0,22,0,0,1,1,0,0,0,22,22,22,0.5985,10,0,0,pending,0
2128,149,1,0,-1,14,0,2,1,23,0,0,23,0,0,2,0,0,0,0,23,21,21,0.3233,7,0,0,pending,0
2129,16,1,0,-1,19,0,4,0,23,0,0,23,0,0,1,0,0,0,0,23,22,22,0.6252,10,0,0,hop,1
2129,79,1,0,-1,18,0,2,0,22,0,0,22,0,0,1,1,0,0,0,22,22,22,0.5985,10,0,0,hop,1
2129,123,2,1,300,14,0,3,0,17,0,1,14,3,0,0,0,1,1,1,18,17,18,0.3280,7,1,0,end_cap,1
2129,149,1,0,-1,14,0,2,1,23,0,0,23,0,0,2,0,0,0,0,23,21,21,0.3233,7,0,0,hop,1
2131,35,2,1,180,17,0,2,0,21,0,1,20,1,0,0,1,0,0,0,21,22,22,0.3896,7,0,1,still,0
2133,25,2,0,-1,16,2,4,0,25,0,0,25,0,0,0,0,0,0,0,25,25,25,0.5918,12,0,0,hop,1
2133,72,2,1,300,15,0,2,0,19,0,1,16,3,0,0,0,0,0,0,19,19,19,0.3608,6,1,0,end_cap,1
2134,103,1,0,-1,4,0,4,1,4,0,0,4,0,0,0,1,0,0,0,4,5,5,0.1478,2,0,0,hop,1
2134,131,2,0,-1,20,0,1,0,29,0,0,29,0,0,2,0,0,0,0,29,27,27,0.3702,12,0,0,pending,0
2135,131,2,0,-1,20,0,1,0,29,0,0,29,0,0,2,0,0,0,0,29,27,27,0.3702,12,0,0,hop,1
2136,34,1,0,-1,2,0,3,1,6,0,0,6,0,0,1,0,0,0,0,6,5,5,0.1476,3,0,0,hop,1
2141,89,1,0,-1,21,7,10,0,24,0,0,24,0,0,0,0,0,0,0,24,24,24,0.6473,13,0,0,pending,0
2141,188,1,0,-1,15,2,3,0,22,0,0,20,2,0,3,0,0,0,0,22,19,19,0.3243,9,0,0,pending,0
2142,89,1,0,-1,21,7,10,0,24,0,0,24,0,0,0,0,0,0,0,24,24,24,0.6473,13,0,0,hop,1
2142,188,1,0,-1,15,2,3,0,22,0,0,20,2,0,3,0,0,0,0,22,19,19,0.3243,9,0,0,hop,1
2143,19,3,0,-1,17,0,2,0,22,0,0,22,0,0,0,0,0,0,0,22,22,22,0.5059,12,0,0,hop,1
2143,54,2,0,-1,19,1,2,0,22,0,0,22,0,0,0,0,0,0,0,22,22,22,0.5739,12,0,0,pending,0
2144,54,2,0,-1,19,1,2,0,22,0,0,22,0,0,0,0,0,0,0,22,22,22,0.5734,12,0,0,hop,1
2145,58,1,0,-1,14,3,4,0,22,0,0,22,0,0,0,0,0,0,0,22,22,22,0.4685,8,0,0,pending,0
2146,58,1,0,-1,14,3,4,0,22,0,0,22,0,0,0,0,0,0,0,22,22,22,0.4686,8,0,0,hop,1
2146,153,1,0,-1,16,0,2,0,20,0,0,18,2,0,3,0,0,0,0,20,17,17,0.2630,6,0,0,hop,1
2147,86,1,0,-1,17,1,4,0,24,0,0,24,0,0,0,0,0,0,0,24,24,24,0.5719,10,0,0,pending,0
2148,86,1,0,-1,17,1,4,0,24,0,0,24,0,0,0,0,0,0,0,24,24,24,0.5719,10,0,0,hop,1
2149,29,2,0,-1,20,6,10,0,27,0,0,27,0,0,0,0,0,0,0,27,27,27,0.6550,13,0,0,pending,0
2150,29,2,0,-1,20,6,10,0,27,0,0,27,0,0,0,0,0,0,0,27,27,27,0.6550,13,0,0,hop,1
2152,157,2,1,240,17,0,2,0,21,0,1,19,2,0,0,0,0,0,0,21,21,21,0.3245,7,1,0,still,0
2153,2,1,1,150,19,1,2,0,20,0,1,19,1,0,0,0,0,0,0,20,20,20,0.3906,6,0,1,still,0
2153,100,1,0,-1,16,1,2,0,18,0,1,15,3,0,0,0,0,0,0,18,18,18,0.3571,6,1,0,start_jam,0
2153,107,2,0,-1,16,1,4,0,18,0,0,18,0,0,2,1,0,0,0,18,17,17,0.6076,12,0,0,pending,0
2153,113,1,0,-1,15,1,2,0,21,0,0,19,2,0,3,0,0,0,0,21,18,18,0.2927,7,0,0,pending,0
2153,144,2,0,-1,3,1,3,0,6,0,0,6,0,0,0,0,0,0,0,6,6,6,0.1982,4,0,0,hop,1
2154,107,2,0,-1,16,1,4,0,18,0,0,18,0,0,2,1,0,0,0,18,17,17,0.6076,12,0,0,hop,1
2154,113,1,0,-1,15,1,2,0,22,0,0,20,2,0,3,0,0,0,0,22,19,19,0.2927,7,0,0,hop,1
2155,56,1,0,-1,18,0,2,0,20,0,0,20,0,0,0,0,0,0,0,20,20,20,0.5171,10,0,0,hop,1
2156,97,3,0,-1,0,0,1,1,0,0,0,0,0,0,0,0,0,0,0,0,0,0,0.0000,0,0,0,pending,0
2157,97,3,0,-1,0,0,1,1,0,0,0,0,0,0,0,0,0,0,0,0,0,0,0.0000,0,0,0,hop,1
2158,85,1,0,-1,16,1,2,0,22,0,0,22,0,0,0,1,0,0,0,22,23,23,0.5719,10,0,0,pending,0
2159,85,1,0,-1,16,1,2,0,22,0,0,22,0,0,0,1,0,0,0,22,23,23,0.5719,10,0,0,hop,1
2161,35,2,1,210,17,0,2,0,20,0,1,20,0,0,0,1,1,1,1,21,21,22,0.3896,7,0,1,still,0
2164,133,2,0,-1,3,0,1,1,7,0,0,7,0,0,1,0,0,0,0,7,6,6,0.2225,5,0,0,hop,1
2165,68,2,0,-1,16,1,2,0,19,0,1,19,0,0,0,0,2,2,2,21,19,21,0.3456,6,1,0,start_jam,0
2166,28,2,0,-1,18,8,10,0,25,0,0,25,0,0,0,0,0,0,0,25,25,25,0.6581,14,0,0,hop,1
2167,76,3,0,-1,18,2,3,0,26,0,0,26,0,0,0,0,0,0,0,26,26,26,0.5823,12,0,0,pending,0
2168,13,2,0,-1,18,1,2,0,23,0,0,23,0,0,0,0,0,0,0,23,23,23,0.5936,10,0,0,hop,1
2168,76,3,0,-1,18,2,3,0,26,0,0,26,0,0,0,0,0,0,0,26,26,26,0.5823,12,0,0,hop,1
2168,161,2,0,-1,19,0,1,0,26,0,0,26,0,0,2,0,0,0,0,26,24,24,0.4033,9,0,0,hop,1
2170,128,1,0,-1,19,0,1,0,24,0,0,24,0,0,2,0,0,0,0,24,22,22,0.3750,10,0,0,pending,0
2171,128,1,0,-1,19,0,1,0,24,0,0,24,0,0,2,0,0,0,0,24,22,22,0.3750,10,0,0,hop,1
2174,108,3,0,-1,10,0,1,0,15,0,0,15,0,0,1,0,0,0,0,15,14,14,0.5032,10,0,0,pending,0
2175,108,3,0,-1,10,0,1,0,15,0,0,15,0,0,1,0,0,0,0,15,14,14,0.5031,10,0,0,hop,1
2176,171,1,0,-1,14,0,1,1,28,0,0,28,0,0,5,0,0,0,0,28,23,23,0.3194,8,0,0,pending,0
2177,171,1,0,-1,14,0,1,1,28,0,0,28,0,0,5,0,0,0,0,28,23,23,0.3194,8,0,0,hop,1
2178,12,2,0,-1,18,0,1,0,24,0,0,24,0,0,1,1,0,0,0,24,24,24,0.5834,11,0,0,hop,1
2181,11,1,0,-1,19,0,1,0,21,0,0,21,0,0,0,0,0,0,0,21,21,21,0.5910,9,0,0,pending,0
2181,71,2,0,-1,6,0,4,0,10,0,0,10,0,0,0,0,0,0,0,10,10,10,0.2318,4,0,0,pending,0
2182,11,1,0,-1,19,0,1,0,21,0,0,21,0,0,0,0,0,0,0,21,21,21,0.5910,9,0,0,hop,1
2182,71,2,0,-1,6,0,4,0,10,0,0,10,0,0,0,0,0,0,0,10,10,10,0.2318,4,0,0,hop,1
2182,157,2,1,270,17,0,2,0,20,0,1,19,1,0,0,0,2,2,2,22,20,22,0.3247,7,1,0,still,0
2183,2,1,1,180,19,1,2,0,19,0,1,19,0,0,0,0,1,1,1,20,19,20,0.3904,6,0,1,still,0
2183,100,1,1,30,16,1,2,0,17,0,1,15,2,0,1,0,2,2,2,19,16,18,0.3594,6,1,0,still,0
2183,199,1,0,-1,13,1,3,0,14,0,1,11,3,0,0,0,2,2,2,16,14,16,0.2686,6,1,0,start_jam,0
2185,8,2,0,-1,17,0,1,0,24,0,0,24,0,0,0,0,0,0,0,24,24,24,0.3864,9,0,0,hop,1
2186,169,1,0,-1,19,1,2,0,22,0,0,22,0,0,0,1,0,0,0,22,23,23,0.7031,11,0,0,hop,1
2187,50,1,0,-1,20,1,4,0,23,0,0,23,0,0,0,0,0,0,0,23,23,23,0.6202,10,0,0,pending,0
2188,50,1,0,-1,20,1,4,0,23,0,0,23,0,0,0,0,0,0,0,23,23,23,0.6202,10,0,0,hop,1
2190,87,1,0,-1,18,0,1,0,25,0,0,25,0,0,1,1,0,0,0,25,25,25,0.6303,12,0,0,hop,1
2191,35,2,1,240,17,0,2,0,20,0,1,20,0,0,0,1,1,1,1,21,21,22,0.3896,7,0,1,still,0
2191,142,2,0,-1,19,0,1,0,23,0,0,23,0,0,0,1,0,0,0,23,24,24,0.6311,11,0,0,pending,0
2192,55,2,0,-1,19,0,1,0,24,0,0,24,0,0,0,0,0,0,0,24,24,24,0.4859,11,0,0,pending,0
2192,142,2,0,-1,19,0,1,0,23,0,0,23,0,0,0,1,0,0,0,23,24,24,0.6314,11,0,0,hop,1
2193,55,2,0,-1,19,0,1,0,24,0,0,24,0,0,0,0,0,0,0,24,24,24,0.4859,11,0,0,hop,1
2195,68,2,1,30,17,0,1,0,18,0,1,18,0,0,0,0,2,2,2,20,18,20,0.3467,6,1,0,still,0
2196,143,1,0,-1,18,1,10,0,21,0,0,21,0,0,0,0,0,0,0,21,21,21,0.6821,12,0,0,pending,0
2197,143,1,0,-1,18,1,10,0,21,0,0,21,0,0,0,0,0,0,0,21,21,21,0.6822,12,0,0,hop,1
2198,5,2,0,-1,16,0,1,0,21,0,0,21,0,0,0,0,0,0,0,21,21,21,0.3210,7,0,0,hop,1
2198,67,2,0,-1,11,1,2,0,13,0,0,13,0,0,0,0,0,0,0,13,13,13,0.5955,10,0,0,hop,1
2199,26,3,0,-1,20,0,2,0,26,0,0,26,0,0,0,0,0,0,0,26,26,26,0.5648,14,0,0,hop,1
2200,3,2,0,-1,16,0,1,0,22,0,0,22,0,0,0,0,0,0,0,22,22,22,0.3474,6,0,0,pending,0
2201,3,2,0,-1,16,0,1,0,22,0,0,22,0,0,0,0,0,0,0,22,22,22,0.3475,6,0,0,hop,1
2202,119,1,0,-1,20,0,1,0,26,0,0,26,0,0,2,0,0,0,0,26,24,24,0.3824,8,0,0,pending,0
2203,119,1,0,-1,20,0,1,0,26,0,0,26,0,0,2,0,0,0,0,26,24,24,0.3824,8,0,0,hop,1
2203,163,1,0,-1,19,0,1,1,27,0,0,27,0,0,4,0,0,0,0,27,23,23,0.4333,9,0,0,pending,0
2204,33,3,0,-1,7,2,5,0,12,0,0,12,0,0,1,0,0,0,0,12,11,11,0.4193,8,0,0,pending,0
2204,163,1,0,-1,19,0,1,1,27,0,0,27,0,0,4,0,0,0,0,27,23,23,0.4333,9,0,0,hop,1
2205,33,3,0,-1,7,2,5,0,12,0,0,12,0,0,1,0,0,0,0,12,11,11,0.4193,8,0,0,hop,1
2206,6,2,0,-1,17,0,1,0,23,0,0,23,0,0,0,0,0,0,0,23,23,23,0.3516,8,0,0,pending,0
2206,146,2,0,-1,15,1,2,0,22,0,0,22,0,0,1,0,0,0,0,22,21,21,0.3256,9,0,0,hop,1
2207,6,2,0,-1,17,0,1,0,23,0,0,23,0,0,0,0,0,0,0,23,23,23,0.3517,8,0,0,hop,1
2207,77,3,0,-1,18,0,2,0,26,0,0,26,0,0,1,0,0,0,0,26,25,25,0.6046,13,0,0,pending,0
2208,77,3,0,-1,18,0,2,0,26,0,0,26,0,0,1,0,0,0,0,26,25,25,0.6046,13,0,0,hop,1
2210,117,3,0,-1,15,1,2,0,26,0,0,26,0,0,1,0,0,0,0,26,25,25,0.3519,10,0,0,hop,1
2211,88,1,0,-1,19,9,10,0,24,0,0,24,0,0,0,0,0,0,0,24,24,24,0.6433,13,0,0,hop,1
2212,83,1,0,-1,17,0,3,0,21,0,0,21,0,0,0,0,0,0,0,21,21,21,0.5889,11,0,0,pending,0
2212,157,2,1,300,16,0,1,0,20,0,1,19,1,0,0,0,2,2,1,22,20,21,0.2886,6,1,0,end_cap,1
2213,2,1,1,210,19,1,2,0,20,0,1,19,1,0,0,0,0,0,0,20,20,20,0.3904,6,0,1,still,0
2213,83,1,0,-1,17,0,3,0,21,0,0,21,0,0,0,0,0,0,0,21,21,21,0.5888,11,0,0,hop,1
2213,100,1,1,60,16,1,2,0,17,0,1,16,1,0,1,0,2,2,2,19,16,18,0.3603,6,1,0,still,0
2213,199,1,1,30,13,1,3,0,14,0,1,12,2,0,0,0,2,2,2,16,14,16,0.2694,6,1,0,still,0
2215,118,3,0,-1,18,0,1,0,26,0,0,26,0,0,0,0,0,0,0,26,26,26,0.4002,11,0,0,pending,0
2216,75,1,0,-1,2,0,2,1,1,0,0,1,0,0,0,1,0,0,0,1,2,2,0.0000,0,0,0,pending,0
2216,118,3,0,-1,18,0,1,0,26,0,0,26,0,0,0,0,0,0,0,26,26,26,0.4002,11,0,0,hop,1
2216,166,1,0,-1,18,1,2,0,25,0,0,25,0,0,3,0,0,0,0,25,22,22,0.3489,10,0,0,pending,0
2217,75,1,0,-1,2,0,2,1,1,0,0,1,0,0,0,1,0,0,0,1,2,2,0.0000,0,0,0,hop,1
2217,166,1,0,-1,18,1,2,0,25,0,0,25,0,0,3,0,0,0,0,25,22,22,0.3489,10,0,0,hop,1
2221,35,2,1,270,17,0,2,0,19,0,1,19,0,0,0,1,1,1,1,20,20,21,0.3898,7,0,1,still,0
2221,73,2,0,-1,4,0,3,0,7,0,0,7,0,0,0,0,0,0,0,7,7,7,0.3291,6,0,0,pending,0
2221,132,1,0,-1,17,0,10,0,19,0,0,19,0,0,0,0,0,0,0,19,19,19,0.5909,10,0,0,hop,1
2222,73,2,0,-1,4,0,3,0,7,0,0,7,0,0,0,0,0,0,0,7,7,7,0.3290,6,0,0,hop,1
2222,158,1,0,-1,15,0,1,0,16,0,1,15,1,0,1,0,3,3,2,19,15,17,0.2602,5,1,0,start_jam,0
2225,68,2,1,60,17,0,1,0,19,0,1,18,1,0,0,0,1,1,1,20,19,20,0.3467,6,1,0,still,0
2227,10,1,0,-1,20,0,2,0,24,0,0,24,0,0,0,0,0,0,0,24,24,24,0.5540,9,0,0,pending,0
2227,84,1,0,-1,16,0,2,0,22,0,0,22,0,0,1,1,0,0,0,22,22,22,0.5808,11,0,0,pending,0
2228,10,1,0,-1,20,0,2,0,24,0,0,24,0,0,0,0,0,0,0,24,24,24,0.5540,9,0,0,hop,1
2228,84,1,0,-1,16,0,2,0,23,0,0,23,0,0,1,1,0,0,0,23,23,23,0.5806,11,0,0,hop,1
2229,103,1,0,-1,3,0,2,0,4,0,0,4,0,0,0,0,0,0,0,4,4,4,0.1661,3,0,0,hop,1
2230,1,2,0,-1,16,0,1,0,20,0,1,19,1,0,0,0,1,1,1,21,20,21,0.3552,6,0,1,start_jam,0
2238,159,1,0,-1,13,2,3,0,10,0,1,8,2,0,0,1,4,4,4,14,11,15,0.2621,5,1,0,start_jam,0
2239,57,1,0,-1,17,1,2,0,23,0,0,23,0,0,0,0,0,0,0,23,23,23,0.5896,11,0,0,hop,1
2239,90,1,0,-1,18,0,6,0,22,0,0,22,0,0,1,0,0,0,0,22,21,21,0.6260,12,0,0,pending,0
2239,126,2,0,-1,19,0,1,0,26,0,0,26,0,0,3,0,0,0,0,26,23,23,0.4014,11,0,0,hop,1
2240,90,1,0,-1,17,0,6,0,22,0,0,22,0,0,1,0,0,0,0,22,21,21,0.6257,12,0,0,hop,1
2240,116,2,0,-1,17,0,1,0,24,0,0,24,0,0,1,0,0,0,0,24,23,23,0.3775,9,0,0,pending,0
2240,141,2,0,-1,18,1,2,0,25,0,0,25,0,0,1,0,0,0,0,25,24,24,0.5327,10,0,0,pending,0
2240,189,1,0,-1,14,0,1,1,21,0,0,21,0,0,2,0,0,0,0,21,19,19,0.4327,10,0,0,hop,1
2241,116,2,0,-1,17,0,1,0,24,0,0,24,0,0,1,0,0,0,0,24,23,23,0.3775,9,0,0,hop,1
2241,141,2,0,-1,18,1,2,0,25,0,0,25,0,0,1,0,0,0,0,25,24,24,0.5327,10,0,0,hop,1
2243,2,1,1,240,18,1,2,0,19,0,1,19,0,0,0,0,1,1,1,20,19,20,0.3904,6,0,1,still,0
2243,100,1,1,90,16,1,2,0,15,0,1,13,2,0,1,0,3,3,3,18,14,17,0.3603,6,1,0,still,0
2243,199,1,1,60,13,1,3,0,12,0,1,9,3,0,0,0,4,4,4,16,12,16,0.2704,6,1,0,still,0
2244,91,3,0,-1,19,2,3,0,22,0,0,22,0,0,0,0,0,0,0,22,22,22,0.6639,15,0,0,pending,0
2245,91,3,0,-1,19,2,3,0,22,0,0,22,0,0,0,0,0,0,0,22,22,22,0.6637,15,0,0,hop,1
2246,31,2,0,-1,19,0,1,0,22,0,0,22,0,0,0,0,0,0,0,22,22,22,0.6796,14,0,0,hop,1
2249,7,2,0,-1,16,0,1,0,23,0,0,23,0,0,0,0,0,0,0,23,23,23,0.3836,8,0,0,pending,0
2250,7,2,0,-1,16,0,1,0,22,0,0,22,0,0,0,0,0,0,0,22,22,22,0.3836,8,0,0,hop,1
2250,188,1,0,-1,15,0,2,0,20,0,0,20,0,0,1,0,2,2,0,22,19,19,0.3243,9,0,0,hop,1
2251,35,2,1,300,17,0,2,0,19,0,1,19,0,0,0,1,1,1,1,20,20,21,0.3898,7,0,1,end_cap,1
2252,158,1,1,30,15,0,1,0,18,0,1,16,2,0,1,0,2,2,1,20,17,18,0.2602,5,1,0,still,0
2255,34,1,0,-1,4,3,7,0,5,0,0,5,0,0,0,0,0,0,0,5,5,5,0.3322,5,0,0,pending,0
2255,68,2,1,90,17,0,1,0,21,0,1,19,2,0,0,0,0,0,0,21,21,21,0.3467,6,1,0,still,0
2256,34,1,0,-1,4,3,7,0,5,0,0,5,0,0,0,0,0,0,0,5,5,5,0.3322,5,0,0,hop,1
2258,40,1,0,-1,16,0,2,0,21,0,0,21,0,0,0,1,0,0,0,21,22,22,0.3607,7,0,0,pending,0
2259,40,1,0,-1,16,0,2,0,21,0,0,21,0,0,0,1,0,0,0,21,22,22,0.3608,7,0,0,hop,1
2260,1,2,1,30,16,0,1,0,21,0,1,20,1,0,0,0,0,0,0,21,21,21,0.3550,6,0,1,still,0
2261,79,1,0,-1,17,0,2,0,21,0,0,21,0,0,1,1,0,0,0,21,21,21,0.5986,10,0,0,pending,0
2262,79,1,0,-1,17,0,2,0,21,0,0,21,0,0,1,1,0,0,0,21,21,21,0.5986,10,0,0,hop,1
2263,17,3,0,-1,18,1,2,0,24,0,0,24,0,0,0,0,0,0,0,24,24,24,0.5357,12,0,0,hop,1
2263,58,1,0,-1,17,1,4,0,23,0,0,23,0,0,0,1,0,0,0,23,24,24,0.5365,9,0,0,hop,1
2263,145,1,0,-1,15,0,1,0,20,0,0,20,0,0,1,1,0,0,0,20,20,20,0.4107,8,0,0,hop,1
2268,14,1,0,-1,18,0,2,1,21,0,0,21,0,0,0,0,0,0,0,21,21,21,0.6279,10,0,0,hop,1
2268,44,1,0,-1,18,0,1,0,23,0,0,23,0,0,1,0,0,0,0,23,22,22,0.5336,9,0,0,pending,0
2268,86,1,0,-1,17,0,1,0,23,0,0,23,0,0,0,0,0,0,0,23,23,23,0.5358,9,0,0,hop,1
2268,149,1,0,-1,18,0,2,1,23,0,0,23,0,0,2,0,0,0,0,23,21,21,0.3528,8,0,0,pending,0
2268,159,1,1,30,11,2,3,0,11,0,1,8,3,0,0,1,2,2,2,13,12,14,0.2620,5,1,0,still,0
2269,44,1,0,-1,18,0,1,0,23,0,0,23,0,0,1,0,0,0,0,23,22,22,0.5335,9,0,0,hop,1
2269,149,1,0,-1,18,0,2,1,23,0,0,23,0,0,2,0,0,0,0,23,21,21,0.3528,8,0,0,hop,1
2273,2,1,1,270,17,1,2,0,20,0,0,20,0,0,0,0,0,0,0,20,20,20,0.3565,5,0,0,end_clear,1
2273,47,2,0,-1,19,0,2,0,22,0,0,22,0,0,0,1,0,0,0,22,23,23,0.5180,11,0,0,pending,0
2273,100,1,1,120,16,1,2,0,18,0,1,16,2,0,1,0,1,1,1,19,17,18,0.3603,6,1,0,still,0
2273,199,1,1,90,13,1,3,0,14,0,1,11,3,0,0,0,2,2,2,16,14,16,0.2719,6,1,0,still,0
2274,47,2,0,-1,19,0,2,0,22,0,0,22,0,0,0,1,0,0,0,22,23,23,0.5182,11,0,0,hop,1
2274,113,1,0,-1,15,1,2,0,21,0,0,21,0,0,3,0,0,0,0,21,18,18,0.2931,7,0,0,pending,0
2275,113,1,0,-1,15,1,2,0,21,0,0,21,0,0,3,0,0,0,0,21,18,18,0.2931,7,0,0,hop,1
2276,25,2,0,-1,16,0,4,0,24,0,0,24,0,0,0,0,0,0,0,24,24,24,0.5606,11,0,0,pending,0
2277,25,2,0,-1,16,0,4,0,24,0,0,24,0,0,0,0,0,0,0,24,24,24,0.5606,11,0,0,hop,1
2278,169,1,0,-1,19,1,2,0,22,0,0,22,0,0,0,1,0,0,0,22,23,23,0.7056,11,0,0,pending,0
2279,4,2,0,-1,15,0,1,0,21,0,0,21,0,0,0,0,0,0,0,21,21,21,0.3223,6,0,0,pending,0
2279,169,1,0,-1,19,1,2,0,22,0,0,22,0,0,0,1,0,0,0,22,23,23,0.7055,11,0,0,hop,1
2280,4,2,0,-1,15,0,1,0,21,0,0,21,0,0,0,0,0,0,0,21,21,21,0.3225,6,0,0,hop,1
2280,97,3,0,-1,1,0,1,1,0,0,0,0,0,0,0,0,0,0,0,0,0,0,0.0000,0,0,0,pending,0
2281,97,3,0,-1,1,0,1,1,0,0,0,0,0,0,0,0,0,0,0,0,0,0,0.0000,0,0,0,hop,1
2282,101,3,0,-1,2,1,2,0,2,0,0,2,0,0,0,0,0,0,0,2,2,2,0.1190,2,0,0,hop,1
2282,158,1,1,60,15,0,1,0,16,0,1,16,0,0,1,0,3,3,2,19,15,17,0.2604,5,1,0,still,0
2283,111,1,0,-1,2,0,1,1,3,0,0,3,0,0,0,0,0,0,0,3,3,3,0.1478,2,0,0,pending,0
2284,111,1,0,-1,2,0,1,1,3,0,0,3,0,0,0,0,0,0,0,3,3,3,0.1478,2,0,0,hop,1
2285,68,2,1,120,17,0,1,0,20,0,1,20,0,0,0,0,1,1,1,21,20,21,0.3467,6,0,1,still,0
2287,19,3,0,-1,18,0,2,0,24,0,0,24,0,0,0,0,0,0,0,24,24,24,0.5037,12,0,0,pending,0
2288,19,3,0,-1,18,0,2,0,24,0,0,24,0,0,0,0,0,0,0,24,24,24,0.5038,12,0,0,hop,1
2289,23,2,0,-1,14,0,2,0,24,0,0,24,0,0,0,0,0,0,0,24,24,24,0.5264,10,0,0,pending,0
2290,1,2,1,60,16,0,1,1,21,0,0,21,0,0,0,0,0,0,0,21,21,21,0.3552,6,0,0,end_clear,1
2290,23,2,0,-1,14,0,2,0,24,0,0,24,0,0,0,0,0,0,0,24,24,24,0.5264,10,0,0,hop,1
2292,130,1,0,-1,17,0,2,0,21,0,0,21,0,0,0,1,0,0,0,21,22,22,0.5821,9,0,0,pending,0
2292,183,1,0,-1,19,0,1,0,22,0,0,22,0,0,0,0,0,0,0,22,22,22,0.7645,13,0,0,pending,0
2293,76,3,0,-1,18,2,3,0,26,0,0,26,0,0,0,0,0,0,0,26,26,26,0.5931,12,0,0,pending,0
2293,130,1,0,-1,17,0,2,0,21,0,0,21,0,0,0,1,0,0,0,21,22,22,0.5820,9,0,0,hop,1
2293,165,1,0,-1,17,0,1,0,26,0,0,26,0,0,4,0,0,0,0,26,22,22,0.3495,10,0,0,pending,0
2293,183,1,0,-1,19,0,1,0,22,0,0,22,0,0,0,0,0,0,0,22,22,22,0.7648,13,0,0,hop,1
2294,76,3,0,-1,18,2,3,0,26,0,0,26,0,0,0,0,0,0,0,26,26,26,0.5930,12,0,0,hop,1
2294,165,1,0,-1,17,0,1,0,26,0,0,26,0,0,4,0,0,0,0,26,22,22,0.3495,10,0,0,hop,1
2295,144,2,0,-1,4,2,7,0,5,0,0,5,0,0,0,0,0,0,0,5,5,5,0.1298,3,0,0,pending,0
2296,89,1,0,-1,19,3,6,0,23,0,0,23,0,0,0,0,0,0,0,23,23,23,0.7198,13,0,0,hop,1
2296,144,2,0,-1,4,2,7,0,5,0,0,5,0,0,0,0,0,0,0,5,5,5,0.1297,3,0,0,hop,1
2298,159,1,1,60,11,2,3,0,12,0,1,10,2,0,0,1,1,1,1,13,13,14,0.2037,4,1,0,still,0
2302,88,1,0,-1,18,5,6,0,22,0,0,22,0,0,0,0,0,0,0,22,22,22,0.5011,10,0,0,hop,1
2303,87,1,0,-1,17,0,2,0,22,0,0,22,0,0,1,1,0,0,0,22,22,22,0.5950,11,0,0,hop,1
2303,100,1,1,150,16,1,2,0,18,0,1,16,2,0,1,0,0,0,0,18,17,17,0.3603,6,1,0,still,0
2303,199,1,1,120,13,1,3,0,15,0,1,12,3,0,0,0,1,1,1,16,15,16,0.2762,6,1,0,still,0
2307,108,3,0,-1,10,0,1,0,16,0,0,16,0,0,1,0,0,0,0,16,15,15,0.5716,11,0,0,hop,1
2311,131,2,0,-1,18,0,1,0,26,0,0,26,0,0,2,0,0,0,0,26,24,24,0.3948,12,0,0,hop,1
2312,158,1,1,90,15,0,1,0,19,0,1,18,1,0,1,0,1,1,0,20,18,18,0.2606,5,0,0,still,0
2313,128,1,0,-1,19,0,1,0,25,0,0,25,0,0,2,0,0,0,0,25,23,23,0.3749,10,0,0,pending,0
2314,29,2,0,-1,18,2,6,0,24,0,0,24,0,0,0,0,0,0,0,24,24,24,0.6261,12,0,0,hop,1
2314,128,1,0,-1,19,0,1,0,25,0,0,25,0,0,2,0,0,0,0,25,23,23,0.3749,10,0,0,hop,1
2315,28,2,0,-1,17,4,6,0,25,0,0,25,0,0,0,0,0,0,0,25,25,25,0.5600,12,0,0,pending,0
2315,68,2,1,150,17,0,1,0,21,0,0,21,0,0,0,0,0,0,0,21,21,21,0.3483,6,0,0,end_clear,1
2315,83,1,0,-1,17,0,3,0,21,0,0,21,0,0,0,0,0,0,0,21,21,21,0.5886,11,0,0,pending,0
2316,28,2,0,-1,17,4,6,0,25,0,0,25,0,0,0,0,0,0,0,25,25,25,0.5606,12,0,0,hop,1
2316,83,1,0,-1,17,0,2,0,21,0,0,21,0,0,0,0,0,0,0,21,21,21,0.5886,11,0,0,hop,1
2319,80,1,0,-1,18,1,2,0,21,0,0,21,0,0,0,1,0,0,0,21,22,22,0.5628,10,0,0,pending,0
2320,80,1,0,-1,18,1,2,0,21,0,0,21,0,0,0,1,0,0,0,21,22,22,0.5629,10,0,0,hop,1
2322,75,1,0,-1,1,0,2,1,0,0,0,0,0,0,0,0,0,0,0,0,0,0,0.0000,0,0,0,pending,0
2323,54,2,0,-1,19,0,1,0,23,0,0,23,0,0,0,0,0,0,0,23,23,23,0.5740,12,0,0,hop,1
2323,75,1,0,-1,1,0,2,1,0,0,0,0,0,0,0,0,0,0,0,0,0,0,0.0000,0,0,0,hop,1
2327,72,2,0,-1,15,0,2,0,19,0,1,18,1,0,0,0,0,0,0,19,19,19,0.3624,6,0,0,start_jam,0
2328,92,1,0,-1,13,1,2,0,16,0,0,16,0,0,0,0,0,0,0,16,16,16,0.6629,10,0,0,pending,0
2328,159,1,1,90,11,2,3,0,12,0,1,9,3,0,0,0,1,1,1,13,12,13,0.2328,5,1,0,still,0
2329,92,1,0,-1,13,1,2,0,16,0,0,16,0,0,0,0,0,0,0,16,16,16,0.6629,10,0,0,hop,1
2330,123,2,0,-1,16,0,3,0,19,0,1,17,2,0,0,0,1,1,1,20,19,20,0.3180,7,0,1,start_jam,0
2331,154,2,0,-1,18,0,1,0,22,0,0,22,0,0,1,0,0,0,0,22,21,21,0.3193,8,0,0,pending,0
2332,154,2,0,-1,18,0,1,0,22,0,0,22,0,0,1,0,0,0,0,22,21,21,0.3193,8,0,0,hop,1
2333,33,3,0,-1,9,0,2,0,10,0,0,10,0,0,0,0,0,0,0,10,10,10,0.3582,7,0,0,pending,0
2333,66,1,0,-1,11,0,1,0,15,0,0,15,0,0,0,0,0,0,0,15,15,15,0.5542,8,0,0,pending,0
2333,100,1,1,180,16,1,2,0,18,0,1,15,3,0,1,0,0,0,0,18,17,17,0.3603,6,1,0,still,0
2333,199,1,1,150,13,1,3,0,14,0,1,11,3,0,0,1,1,1,1,15,15,16,0.2531,5,1,0,still,0
2334,33,3,0,-1,9,0,2,0,10,0,0,10,0,0,0,0,0,0,0,10,10,10,0.3583,7,0,0,hop,1
2334,66,1,0,-1,11,0,1,0,15,0,0,15,0,0,0,0,0,0,0,15,15,15,0.5539,8,0,0,hop,1
2334,77,3,0,-1,18,0,2,0,27,0,0,27,0,0,1,0,0,0,0,27,26,26,0.6047,13,0,0,hop,1
2335,84,1,0,-1,16,0,2,0,21,0,0,21,0,0,1,1,0,0,0,21,21,21,0.5814,11,0,0,hop,1
2335,189,1,0,-1,15,0,2,0,21,0,0,21,0,0,1,0,0,0,0,21,20,20,0.4329,10,0,0,pending,0
2336,189,1,0,-1,15,0,2,0,21,0,0,21,0,0,1,0,0,0,0,21,20,20,0.4329,10,0,0,hop,1
2338,146,2,0,-1,15,1,2,0,22,0,0,22,0,0,1,0,0,0,0,22,21,21,0.3511,10,0,0,hop,1
2338,157,2,0,-1,17,0,1,0,22,0,0,22,0,0,1,0,0,0,0,22,21,21,0.2892,6,0,0,pending,0
2339,157,2,0,-1,17,0,1,0,22,0,0,22,0,0,1,0,0,0,0,22,21,21,0.2892,6,0,0,hop,1
2339,168,1,0,-1,15,0,1,1,25,0,0,25,0,0,5,0,0,0,0,25,20,20,0.3467,9,0,0,pending,0
2340,168,1,0,-1,15,0,1,1,25,0,0,25,0,0,5,0,0,0,0,25,20,20,0.3467,9,0,0,hop,1
2342,158,1,1,120,16,0,1,1,19,0,0,18,1,0,1,0,1,1,0,20,18,18,0.2607,5,0,0,end_clear,1
2342,163,1,0,-1,18,0,1,1,28,0,0,28,0,0,4,0,0,0,0,28,24,24,0.5146,10,0,0,pending,0
2343,163,1,0,-1,18,0,1,1,28,0,0,28,0,0,4,0,0,0,0,28,24,24,0.5146,10,0,0,hop,1
2345,117,3,0,-1,18,1,2,0,25,0,0,25,0,0,0,0,0,0,0,25,25,25,0.3755,11,0,0,hop,1
2352,166,1,0,-1,18,0,1,1,25,0,0,25,0,0,3,0,0,0,0,25,22,22,0.3488,10,0,0,hop,1
2353,9,1,0,-1,17,2,3,0,22,0,0,22,0,0,0,0,0,0,0,22,22,22,0.4786,9,0,0,pending,0
2354,9,1,0,-1,17,2,3,0,22,0,0,22,0,0,0,0,0,0,0,22,22,22,0.4786,9,0,0,hop,1
2355,12,2,0,-1,18,0,1,0,24,0,0,24,0,0,0,0,0,0,0,24,24,24,0.5516,11,0,0,hop,1
2356,161,2,0,-1,19,0,1,1,28,0,0,28,0,0,3,0,0,0,0,28,25,25,0.4032,9,0,0,hop,1
2357,5,2,0,-1,16,0,1,0,20,0,0,20,0,0,0,0,0,0,0,20,20,20,0.3281,7,0,0,pending,0
2357,72,2,1,30,15,0,2,0,19,0,0,19,0,0,0,0,0,0,0,19,19,19,0.3633,6,0,0,end_clear,1
2358,5,2,0,-1,16,0,1,0,20,0,0,20,0,0,0,0,0,0,0,20,20,20,0.3280,7,0,0,hop,1
2358,11,1,0,-1,18,0,1,0,22,0,0,22,0,0,1,0,0,0,0,22,21,21,0.5822,9,0,0,pending,0
2358,159,1,1,120,10,2,3,0,12,0,1,10,2,0,0,0,1,1,1,13,12,13,0.2326,5,1,0,still,0
2359,11,1,0,-1,18,0,1,0,22,0,0,22,0,0,1,0,0,0,0,22,21,21,0.5823,9,0,0,hop,1
2360,123,2,1,30,17,0,3,0,19,0,1,19,0,0,0,0,1,1,1,20,19,20,0.3183,7,0,0,still,0
2363,100,1,1,210,16,0,1,1,18,0,0,17,1,0,1,0,0,0,0,18,17,17,0.3603,6,0,0,end_clear,1
2363,199,1,1,180,13,1,3,0,15,0,1,14,1,0,0,0,0,0,0,15,15,15,0.2294,4,0,1,still,0
2364,103,1,0,-1,3,0,7,1,3,0,0,3,0,0,0,0,0,0,0,3,3,3,0.1665,3,0,0,hop,1
2366,133,2,0,-1,4,0,6,1,4,0,0,4,0,0,0,0,0,0,0,4,4,4,0.1558,3,0,0,hop,1
2368,21,2,0,-1,17,0,1,0,23,0,0,23,0,0,0,0,0,0,0,23,23,23,0.5606,12,0,0,pending,0
2369,21,2,0,-1,17,0,1,0,23,0,0,23,0,0,0,0,0,0,0,23,23,23,0.5606,12,0,0,hop,1
2369,26,3,0,-1,18,1,2,0,27,0,0,27,0,0,0,0,0,0,0,27,27,27,0.5336,13,0,0,hop,1
2371,13,2,0,-1,19,2,3,0,23,0,0,23,0,0,0,0,0,0,0,23,23,23,0.6266,11,0,0,pending,0
2372,13,2,0,-1,19,2,3,0,23,0,0,23,0,0,0,0,0,0,0,23,23,23,0.6266,11,0,0,hop,1
2374,143,1,0,-1,17,1,3,0,20,0,0,20,0,0,0,0,0,0,0,20,20,20,0.6125,11,0,0,pending,0
2375,143,1,0,-1,17,1,3,0,20,0,0,20,0,0,0,0,0,0,0,20,20,20,0.6126,11,0,0,hop,1
2376,115,2,0,-1,16,0,2,0,25,0,0,25,0,0,1,0,0,0,0,25,24,24,0.3236,9,0,0,pending,0
2377,115,2,0,-1,16,0,2,0,25,0,0,25,0,0,1,0,0,0,0,25,24,24,0.3236,9,0,0,hop,1
2378,31,2,0,-1,19,0,1,0,22,0,0,22,0,0,0,0,0,0,0,22,22,22,0.6027,13,0,0,pending,0
2379,31,2,0,-1,19,0,1,0,22,0,0,22,0,0,0,0,0,0,0,22,22,22,0.6029,13,0,0,hop,1
2382,57,1,0,-1,17,3,4,0,23,0,0,23,0,0,0,0,0,0,0,23,23,23,0.5539,10,0,0,pending,0
2383,57,1,0,-1,17,3,4,0,23,0,0,23,0,0,0,0,0,0,0,23,23,23,0.5539,10,0,0,hop,1
2385,86,1,0,-1,16,0,2,0,24,0,0,24,0,0,0,0,0,0,0,24,24,24,0.5363,9,0,0,pending,0
2386,2,1,0,-1,17,1,2,0,20,0,0,20,0,0,0,0,0,0,0,20,20,20,0.4043,6,0,0,hop,1
2386,86,1,0,-1,16,0,2,0,24,0,0,24,0,0,0,0,0,0,0,24,24,24,0.5363,9,0,0,hop,1
2386,90,1,0,-1,17,0,6,0,24,0,0,24,0,0,2,0,0,0,0,24,22,22,0.6905,13,0,0,hop,1
2387,8,2,0,-1,17,0,1,0,23,0,0,23,0,0,0,0,0,0,0,23,23,23,0.4568,10,0,0,hop,1
2388,159,1,1,150,10,2,3,0,13,0,1,11,2,0,0,0,0,0,0,13,13,13,0.1744,4,0,1,still,0
2390,123,2,1,60,17,0,3,0,20,0,0,20,0,0,0,0,0,0,0,20,20,20,0.3183,7,0,0,end_clear,1
2391,130,1,0,-1,17,0,2,0,22,0,0,22,0,0,0,1,0,0,0,22,23,23,0.5829,9,0,0,hop,1
2391,132,1,0,-1,17,1,2,0,19,0,0,19,0,0,0,0,0,0,0,19,19,19,0.6218,11,0,0,pending,0
2392,10,1,0,-1,19,1,3,0,23,0,0,23,0,0,0,1,0,0,0,23,24,24,0.5541,9,0,0,hop,1
2392,17,3,0,-1,18,1,2,0,24,0,0,24,0,0,0,0,0,0,0,24,24,24,0.5655,13,0,0,hop,1
2392,132,1,0,-1,17,1,2,0,19,0,0,19,0,0,0,0,0,0,0,19,19,19,0.6216,11,0,0,hop,1
2392,169,1,0,-1,19,1,2,0,23,0,0,23,0,0,0,1,0,0,0,23,24,24,0.6535,11,0,0,pending,0
2393,110,1,0,-1,6,1,3,0,5,0,0,5,0,0,0,1,0,0,0,5,6,6,0.3317,5,0,0,pending,0
2393,169,1,0,-1,19,1,2,0,23,0,0,23,0,0,0,1,0,0,0,23,24,24,0.6535,11,0,0,hop,1
2393,199,1,1,210,13,0,2,1,15,0,1,15,0,0,0,0,0,0,0,15,15,15,0.2333,4,0,0,still,0
2394,6,2,0,-1,15,1,2,0,23,0,0,23,0,0,0,0,0,0,0,23,23,23,0.3584,8,0,0,hop,1
2394,110,1,0,-1,6,1,3,0,5,0,0,5,0,0,0,1,0,0,0,5,6,6,0.3317,5,0,0,hop,1
2395,47,2,0,-1,18,1,3,0,23,0,0,23,0,0,0,1,0,0,0,23,24,24,0.5503,12,0,0,hop,1
